  0.11545226E-06  0.14922929E-07  0.23395296E-06
 -0.47159931E-03 -0.96927899E-04  0.40061088E-02
 -0.94110969E-03 -0.19021770E-03  0.80035431E-02
 -0.14062629E-02 -0.27632486E-03  0.11983795E-01
 -0.18650288E-02 -0.35191930E-03  0.15937553E-01
 -0.23155543E-02 -0.41395639E-03  0.19854729E-01
 -0.27562114E-02 -0.45974773E-03  0.23724350E-01
 -0.31856351E-02 -0.48701360E-03  0.27534554E-01
 -0.36027498E-02 -0.49391491E-03  0.31272694E-01
 -0.40067854E-02 -0.47906391E-03  0.34925561E-01
 -0.43972794E-02 -0.44151436E-03  0.38479695E-01
 -0.47740689E-02 -0.38073318E-03  0.41921767E-01
 -0.51372705E-02 -0.29655654E-03  0.45239003E-01
 -0.54872509E-02 -0.18913460E-03  0.48419609E-01
 -0.58245901E-02 -0.58869239E-04  0.51453165E-01
 -0.61500387E-02  0.93650319E-04  0.54330952E-01
 -0.64644721E-02  0.26770948E-03  0.57046184E-01
 -0.67688439E-02  0.46252368E-03  0.59594120E-01
 -0.70641409E-02  0.67728396E-03  0.61972056E-01
 -0.73513418E-02  0.91119021E-03  0.64179185E-01
 -0.76313811E-02  0.11634711E-02  0.66216342E-01
 -0.79051196E-02  0.14333902E-02  0.68085659E-01
 -0.81733230E-02  0.17202403E-02  0.69790160E-01
 -0.84366479E-02  0.20233262E-02  0.71333319E-01
 -0.86956356E-02  0.23419407E-02  0.72718640E-01
 -0.89507133E-02  0.26753355E-02  0.73949283E-01
 -0.92022007E-02  0.30226915E-02  0.75027769E-01
 -0.94503217E-02  0.33830909E-02  0.75955796E-01
 -0.96952200E-02  0.37554948E-02  0.76734182E-01
 -0.99369754E-02  0.41387282E-02  0.77362929E-01
 -0.10175621E-01  0.45314744E-02  0.77841420E-01
 -0.10411159E-01  0.49322789E-02  0.78168714E-01
 -0.10643575E-01  0.53395637E-02  0.78343930E-01
 -0.10872850E-01  0.57516498E-02  0.78366661E-01
 -0.11098968E-01  0.61667866E-02  0.78237412E-01
 -0.11321917E-01  0.65831873E-02  0.77957995E-01
 -0.11541699E-01  0.69990652E-02  0.77531857E-01
 -0.11758316E-01  0.74126707E-02  0.76964312E-01
 -0.11971780E-01  0.78223248E-02  0.76262649E-01
 -0.12182094E-01  0.82264479E-02  0.75436106E-01
 -0.12389259E-01  0.86235817E-02  0.74495707E-01
 -0.12593256E-01  0.90124027E-02  0.73453977E-01
 -0.12794052E-01  0.93917282E-02  0.72324543E-01
 -0.12991586E-01  0.97605129E-02  0.71121669E-01
 -0.13185774E-01  0.10117839E-01  0.69859745E-01
 -0.13376506E-01  0.10462900E-01  0.68552765E-01
 -0.13563646E-01  0.10794979E-01  0.67213854E-01
 -0.13747039E-01  0.11113425E-01  0.65854850E-01
 -0.13926510E-01  0.11417631E-01  0.64485998E-01
 -0.14101878E-01  0.11707010E-01  0.63115753E-01
 -0.14272952E-01  0.11980973E-01  0.61750720E-01
 -0.14439545E-01  0.12238916E-01  0.60395726E-01
 -0.14601476E-01  0.12480209E-01  0.59054005E-01
 -0.14758571E-01  0.12704190E-01  0.57727498E-01
 -0.14910668E-01  0.12910164E-01  0.56417216E-01
 -0.15057612E-01  0.13097410E-01  0.55123651E-01
 -0.15199254E-01  0.13265186E-01  0.53847188E-01
 -0.15335439E-01  0.13412744E-01  0.52588495E-01
 -0.15465999E-01  0.13539340E-01  0.51348841E-01
 -0.15590733E-01  0.13644247E-01  0.50130331E-01
 -0.15709393E-01  0.13726770E-01  0.48936028E-01
 -0.15821661E-01  0.13786251E-01  0.47769959E-01
 -0.19526712E-01  0.56695619E-02  0.10333441E+00
 -0.19567112E-01  0.58250316E-02  0.10106950E+00
 -0.19598116E-01  0.59648807E-02  0.98832164E-01
 -0.19618736E-01  0.60882765E-02  0.96625415E-01
 -0.19627770E-01  0.61944306E-02  0.94451773E-01
 -0.19623775E-01  0.62826011E-02  0.92312838E-01
 -0.19605043E-01  0.63520919E-02  0.90208864E-01
 -0.19569566E-01  0.64022522E-02  0.88138386E-01
 -0.19515020E-01  0.64324751E-02  0.86097902E-01
 -0.19438740E-01  0.64421975E-02  0.84081643E-01
 -0.19337703E-01  0.64309003E-02  0.82081432E-01
 -0.19208525E-01  0.63981104E-02  0.80086651E-01
 -0.19047455E-01  0.63434055E-02  0.78084301E-01
 -0.18850390E-01  0.62664198E-02  0.76059156E-01
 -0.18612896E-01  0.61668526E-02  0.73994007E-01
 -0.18330251E-01  0.60444790E-02  0.71869972E-01
 -0.17997500E-01  0.58991616E-02  0.69666874E-01
 -0.17609534E-01  0.57308636E-02  0.67363669E-01
 -0.17161190E-01  0.55396628E-02  0.64938927E-01
 -0.16647379E-01  0.53257642E-02  0.62371353E-01
 -0.16063237E-01  0.50895130E-02  0.59640356E-01
 -0.15404304E-01  0.48314052E-02  0.56726670E-01
 -0.14666722E-01  0.45520958E-02  0.53613013E-01
 -0.13847460E-01  0.42524045E-02  0.50284801E-01
 -0.12944544E-01  0.39333181E-02  0.46730888E-01
 -0.11957285E-01  0.35959893E-02  0.42944312E-01
 -0.10886505E-01  0.32417314E-02  0.38923015E-01
 -0.97347192E-02  0.28720108E-02  0.34670479E-01
 -0.85062776E-02  0.24884349E-02  0.30196222E-01
 -0.72074384E-02  0.20927382E-02  0.25516089E-01
 -0.58463574E-02  0.16867666E-02  0.20652260E-01
 -0.44329832E-02  0.12724593E-02  0.15632959E-01
 -0.29788542E-02  0.85183112E-03  0.10491798E-01
 -0.14968001E-02  0.42695309E-03  0.52667922E-02
 -0.56159032E-06 -0.65828506E-07 -0.91948106E-06
  0.42418058E-02 -0.89868548E-03 -0.32110966E-06
  0.37690103E-02 -0.98991524E-03  0.40050218E-02
  0.32933399E-02 -0.10738394E-02  0.80008285E-02
  0.28169333E-02 -0.11474961E-02  0.11978656E-01
  0.23418153E-02 -0.12083644E-02  0.15929526E-01
  0.18698421E-02 -0.12543725E-02  0.19843689E-01
  0.14026539E-02 -0.12838741E-02  0.23710487E-01
  0.94163708E-03 -0.12955968E-02  0.27518320E-01
  0.48789768E-03 -0.12885722E-02  0.31254735E-01
  0.42246841E-04 -0.12620550E-02  0.34906636E-01
 -0.39480090E-03 -0.12154432E-02  0.38460586E-01
 -0.82301706E-03 -0.11482061E-02  0.41903202E-01
 -0.12424371E-02 -0.10598305E-02  0.45221582E-01
 -0.16533287E-02 -0.94978789E-03  0.48403753E-01
 -0.20561513E-02 -0.81752882E-03  0.51439084E-01
 -0.24515117E-02 -0.66250231E-03  0.54318637E-01
 -0.28401151E-02 -0.48419875E-03  0.57035424E-01
 -0.32227177E-02 -0.28221089E-03  0.59584537E-01
 -0.36000808E-02 -0.56305670E-04  0.61963156E-01
 -0.39729300E-02  0.19350164E-03  0.64170421E-01
 -0.43419214E-02  0.46687973E-03  0.66207177E-01
 -0.47076156E-02  0.76312856E-03  0.68075632E-01
 -0.50704604E-02  0.10811487E-02  0.69778933E-01
 -0.54307828E-02  0.14194376E-02  0.71320715E-01
 -0.57887885E-02  0.17761158E-02  0.72704662E-01
 -0.61445697E-02  0.21489821E-02  0.73934113E-01
 -0.64981181E-02  0.25355943E-02  0.75011742E-01
 -0.68493423E-02  0.29333716E-02  0.75939365E-01
 -0.71980879E-02  0.33397074E-02  0.76717863E-01
 -0.75441573E-02  0.37520873E-02  0.77347242E-01
 -0.78873291E-02  0.41681987E-02  0.77826828E-01
 -0.82273748E-02  0.45860262E-02  0.78155566E-01
 -0.85640719E-02  0.50039212E-02  0.78332412E-01
 -0.88972128E-02  0.54206426E-02  0.78356771E-01
 -0.92266100E-02  0.58353630E-02  0.78228942E-01
 -0.95520964E-02  0.62476400E-02  0.77950541E-01
 -0.98735226E-02  0.66573558E-02  0.77524846E-01
 -0.10190751E-01  0.70646288E-02  0.76957048E-01
 -0.10503650E-01  0.74697058E-02  0.76254370E-01
 -0.10812082E-01  0.78728426E-02  0.75426053E-01
 -0.11115902E-01  0.82741854E-02  0.74483189E-01
 -0.11414943E-01  0.86736600E-02  0.73438438E-01
 -0.11709019E-01  0.90708812E-02  0.72305616E-01
 -0.11997917E-01  0.94650885E-02  0.71099218E-01
 -0.12281398E-01  0.98551142E-02  0.69833878E-01
 -0.12559204E-01  0.10239387E-01  0.68523843E-01
 -0.12831057E-01  0.10615968E-01  0.67182462E-01
 -0.13096669E-01  0.10982626E-01  0.65821764E-01
 -0.13355750E-01  0.11336930E-01  0.64452121E-01
 -0.13608013E-01  0.11676364E-01  0.63082051E-01
 -0.13853188E-01  0.11998456E-01  0.61718149E-01
 -0.14091020E-01  0.12300899E-01  0.60365154E-01
 -0.14321282E-01  0.12581660E-01  0.59026154E-01
 -0.14543767E-01  0.12839080E-01  0.57702884E-01
 -0.14758296E-01  0.13071934E-01  0.56396114E-01
 -0.14964705E-01  0.13279469E-01  0.55106079E-01
 -0.15162837E-01  0.13461397E-01  0.53832911E-01
 -0.15352533E-01  0.13617865E-01  0.52577049E-01
 -0.15533610E-01  0.13749385E-01  0.51339577E-01
 -0.15705844E-01  0.13856741E-01  0.50122472E-01
 -0.15868944E-01  0.13940883E-01  0.48928739E-01
 -0.16022529E-01  0.14002802E-01  0.47762416E-01
 -0.22462475E-01  0.93851825E-02  0.10314524E+00
 -0.22550174E-01  0.96830775E-02  0.10088775E+00
 -0.22636892E-01  0.99582911E-02  0.98656933E-01
 -0.22721449E-01  0.10211874E-01  0.96456071E-01
 -0.22802397E-01  0.10444434E-01  0.94287963E-01
 -0.22878009E-01  0.10656131E-01  0.92154467E-01
 -0.22946269E-01  0.10846699E-01  0.90056065E-01
 -0.23004859E-01  0.11015502E-01  0.87991466E-01
 -0.23051153E-01  0.11161612E-01  0.85957280E-01
 -0.23082215E-01  0.11283908E-01  0.83947781E-01
 -0.23094793E-01  0.11381180E-01  0.81954766E-01
 -0.23085314E-01  0.11452241E-01  0.79967523E-01
 -0.23049888E-01  0.11496021E-01  0.77972906E-01
 -0.22984307E-01  0.11511661E-01  0.75955503E-01
 -0.22884053E-01  0.11498574E-01  0.73897898E-01
 -0.22744307E-01  0.11456492E-01  0.71781003E-01
 -0.22559977E-01  0.11385479E-01  0.69584453E-01
 -0.22325733E-01  0.11285927E-01  0.67287059E-01
 -0.22036062E-01  0.11158522E-01  0.64867296E-01
 -0.21685346E-01  0.11004199E-01  0.62303843E-01
 -0.21267973E-01  0.10824080E-01  0.59576151E-01
 -0.20778471E-01  0.10619407E-01  0.56665067E-01
 -0.20211684E-01  0.10391475E-01  0.53553484E-01
 -0.19562970E-01  0.10141579E-01  0.50227042E-01
 -0.18828444E-01  0.98709609E-02  0.46674850E-01
 -0.18005222E-01  0.95807881E-02  0.42890211E-01
 -0.17091690E-01  0.92721378E-02  0.38871320E-01
 -0.16087756E-01  0.89460094E-02  0.34621879E-01
 -0.14995079E-01  0.86033517E-02  0.30151571E-01
 -0.13817241E-01  0.82451057E-02  0.25476337E-01
 -0.12559854E-01  0.78722579E-02  0.20618379E-01
 -0.11230572E-01  0.74858981E-02  0.15605857E-01
 -0.98390051E-02  0.70872762E-02  0.10472246E-01
 -0.83965145E-02  0.66778502E-02  0.52553635E-02
 -0.69159162E-02  0.62593213E-02 -0.38990864E-05
  0.84613709E-02 -0.17968295E-02 -0.78765939E-06
  0.79902885E-02 -0.18753340E-02  0.40044361E-02
  0.75112398E-02 -0.19433234E-02  0.79995988E-02
  0.70263017E-02 -0.19985657E-02  0.11976848E-01
  0.65374493E-02 -0.20394630E-02  0.15927740E-01
  0.60465022E-02 -0.20649815E-02  0.19842944E-01
  0.55550792E-02 -0.20745347E-02  0.23712062E-01
  0.50645613E-02 -0.20678345E-02  0.27523566E-01
  0.45760661E-02 -0.20447273E-02  0.31264878E-01
  0.40904343E-02 -0.20050330E-02  0.34922593E-01
  0.36082295E-02 -0.19484051E-02  0.38482813E-01
  0.31297494E-02 -0.18742271E-02  0.41931584E-01
  0.26550501E-02 -0.17815569E-02  0.45255388E-01
  0.21839793E-02 -0.16691243E-02  0.48441647E-01
  0.17162175E-02 -0.15353860E-02  0.51479208E-01
  0.12513254E-02 -0.13786297E-02  0.54358744E-01
  0.78879219E-03 -0.11971201E-02  0.57073053E-01
  0.32808429E-03 -0.98927160E-03  0.59617227E-01
 -0.13130977E-03 -0.75383099E-03  0.61988656E-01
 -0.58984024E-03 -0.49005115E-03  0.64186893E-01
 -0.10478648E-02 -0.19783820E-03  0.66213368E-01
 -0.15056265E-02  0.12214403E-03  0.68070994E-01
 -0.19632411E-02  0.46842466E-03  0.69763683E-01
 -0.24206943E-02  0.83873863E-03  0.71295833E-01
 -0.28778473E-02  0.12301038E-02  0.72671811E-01
 -0.33344507E-02  0.16389583E-02  0.73895499E-01
 -0.37901630E-02  0.20613474E-02  0.74969928E-01
 -0.42445730E-02  0.24931474E-02  0.75897044E-01
 -0.46972241E-02  0.29303066E-02  0.76677618E-01
 -0.51476373E-02  0.33690841E-02  0.77311310E-01
 -0.55953323E-02  0.38062669E-02  0.77796892E-01
 -0.60398440E-02  0.42393459E-02  0.78132596E-01
 -0.64807356E-02  0.46666361E-02  0.78316558E-01
 -0.69176050E-02  0.50873297E-02  0.78347333E-01
 -0.73500868E-02  0.55014782E-02  0.78224412E-01
 -0.77778500E-02  0.59099031E-02  0.77948712E-01
 -0.82005911E-02  0.63140426E-02  0.77522991E-01
 -0.86180251E-02  0.67157476E-02  0.76952137E-01
 -0.90298753E-02  0.71170418E-02  0.76243324E-01
 -0.94358627E-02  0.75198674E-02  0.75405999E-01
 -0.98356967E-02  0.79258366E-02  0.74451708E-01
 -0.10229068E-01  0.83360090E-02  0.73393775E-01
 -0.10615643E-01  0.87507142E-02  0.72246839E-01
 -0.10995066E-01  0.91694329E-02  0.71026310E-01
 -0.11366958E-01  0.95907477E-02  0.69747762E-01
 -0.11730923E-01  0.10012366E-01  0.68426324E-01
 -0.12086555E-01  0.10431217E-01  0.67076105E-01
 -0.12433451E-01  0.10843603E-01  0.65709707E-01
 -0.12771216E-01  0.11245417E-01  0.64337848E-01
 -0.13099476E-01  0.11632377E-01  0.62969135E-01
 -0.13417887E-01  0.12000285E-01  0.61609990E-01
 -0.13726139E-01  0.12345278E-01  0.60264737E-01
 -0.14023962E-01  0.12664051E-01  0.58935832E-01
 -0.14311122E-01  0.12954038E-01  0.57624226E-01
 -0.14587420E-01  0.13213538E-01  0.56329805E-01
 -0.14852677E-01  0.13441772E-01  0.55051897E-01
 -0.15106727E-01  0.13638869E-01  0.53789774E-01
 -0.15349392E-01  0.13805791E-01  0.52543128E-01
 -0.15580466E-01  0.13944189E-01  0.51312466E-01
 -0.15799688E-01  0.14056219E-01  0.50099405E-01
 -0.16006715E-01  0.14144314E-01  0.48906824E-01
 -0.16201096E-01  0.14210954E-01  0.47738879E-01
 -0.25289275E-01  0.12843481E-01  0.10258355E+00
 -0.25421829E-01  0.13284330E-01  0.10034686E+00
 -0.25561129E-01  0.13695156E-01  0.98133914E-01
 -0.25705843E-01  0.14078804E-01  0.95948911E-01
 -0.25854335E-01  0.14437236E-01  0.93795562E-01
 -0.26004662E-01  0.14771508E-01  0.91676591E-01
 -0.26154574E-01  0.15081824E-01  0.89593227E-01
 -0.26301520E-01  0.15367639E-01  0.87544761E-01
 -0.26442659E-01  0.15627806E-01  0.85528182E-01
 -0.26574859E-01  0.15860771E-01  0.83537919E-01
 -0.26694711E-01  0.16064766E-01  0.81565702E-01
 -0.26798520E-01  0.16238019E-01  0.79600547E-01
 -0.26882311E-01  0.16378940E-01  0.77628864E-01
 -0.26941813E-01  0.16486280E-01  0.75634678E-01
 -0.26972452E-01  0.16559253E-01  0.73599939E-01
 -0.26969334E-01  0.16597606E-01  0.71504925E-01
 -0.26927241E-01  0.16601638E-01  0.69328696E-01
 -0.26840626E-01  0.16572182E-01  0.67049603E-01
 -0.26703628E-01  0.16510522E-01  0.64645821E-01
 -0.26510109E-01  0.16418301E-01  0.62095921E-01
 -0.26253722E-01  0.16297382E-01  0.59379455E-01
 -0.25928013E-01  0.16149717E-01  0.56477572E-01
 -0.25526568E-01  0.15977213E-01  0.53373651E-01
 -0.25043206E-01  0.15781611E-01  0.50053959E-01
 -0.24472217E-01  0.15564399E-01  0.46508328E-01
 -0.23808636E-01  0.15326751E-01  0.42730812E-01
 -0.23048550E-01  0.15069517E-01  0.38720327E-01
 -0.22189413E-01  0.14793246E-01  0.34481197E-01
 -0.21230352E-01  0.14498247E-01  0.30023574E-01
 -0.20172439E-01  0.14184686E-01  0.25363672E-01
 -0.19018899E-01  0.13852700E-01  0.20523742E-01
 -0.17775230E-01  0.13502529E-01  0.15531763E-01
 -0.16449217E-01  0.13134641E-01  0.10420814E-01
 -0.15050823E-01  0.12749846E-01  0.52281282E-02
 -0.13591954E-01  0.12349381E-01 -0.61155648E-05
  0.12636497E-01 -0.26931365E-02 -0.11083867E-05
  0.12169531E-01 -0.27531603E-02  0.40044777E-02
  0.11689529E-01 -0.28000582E-02  0.80001671E-02
  0.11198464E-01 -0.28324035E-02  0.11978919E-01
  0.10698225E-01 -0.28495329E-02  0.15932954E-01
  0.10190561E-01 -0.28514045E-02  0.19853384E-01
  0.96770420E-02 -0.28384014E-02  0.23729969E-01
  0.91590203E-02 -0.28111006E-02  0.27551036E-01
  0.86376097E-02 -0.27700346E-02  0.31303561E-01
  0.81136714E-02 -0.27154680E-02  0.34973425E-01
  0.75878146E-02 -0.26472155E-02  0.38545818E-01
  0.70604097E-02 -0.25645187E-02  0.42005752E-01
  0.65316118E-02 -0.24659975E-02  0.45338661E-01
  0.60013957E-02 -0.23496818E-02  0.48531003E-01
  0.54695976E-02 -0.22131216E-02  0.51570845E-01
  0.49359620E-02 -0.20535685E-02  0.54448345E-01
  0.44001904E-02 -0.18682099E-02  0.57156117E-01
  0.38619894E-02 -0.16544371E-02  0.59689420E-01
  0.33211139E-02 -0.14101188E-02  0.62046173E-01
  0.27774041E-02 -0.11338563E-02  0.64226777E-01
  0.22308140E-02 -0.82519343E-03  0.66233768E-01
  0.16814290E-02 -0.48475997E-03  0.68071332E-01
  0.11294749E-02 -0.11433262E-03  0.69744720E-01
  0.57531464E-03  0.28319564E-03  0.71259610E-01
  0.19437664E-04  0.70393815E-03  0.72621489E-01
 -0.53755913E-03  0.11432218E-02  0.73835097E-01
 -0.10949955E-02  0.15958636E-02  0.74903982E-01
 -0.16521348E-02  0.20564943E-02  0.75830219E-01
 -0.22082119E-02  0.25199033E-02  0.76614301E-01
 -0.27624594E-02  0.29813767E-02  0.77255228E-01
 -0.33141298E-02  0.34369982E-02  0.77750779E-01
 -0.38625133E-02  0.38838893E-02  0.78097940E-01
 -0.44069496E-02  0.43203669E-02  0.78293457E-01
 -0.49468334E-02  0.47460045E-02  0.78334465E-01
 -0.54816137E-02  0.51615912E-02  0.78219128E-01
 -0.60107889E-02  0.55689911E-02  0.77947240E-01
 -0.65338969E-02  0.59709138E-02  0.77520741E-01
 -0.70505029E-02  0.63706150E-02  0.76944076E-01
 -0.75601869E-02  0.67715510E-02  0.76224392E-01
 -0.80625308E-02  0.71770155E-02  0.75371532E-01
 -0.85571074E-02  0.75897877E-02  0.74397837E-01
 -0.90434730E-02  0.80118220E-02  0.73317755E-01
 -0.95211625E-02  0.84440025E-02  0.72147300E-01
 -0.99896896E-02  0.88859829E-02  0.70903390E-01
 -0.10448550E-01  0.93361257E-02  0.69603127E-01
 -0.10897229E-01  0.97915438E-02  0.68263062E-01
 -0.11335210E-01  0.10248242E-01  0.66898516E-01
 -0.11761988E-01  0.10701343E-01  0.65522987E-01
 -0.12177077E-01  0.11145392E-01  0.64147714E-01
 -0.12580028E-01  0.11574693E-01  0.62781409E-01
 -0.12970431E-01  0.11983674E-01  0.61430176E-01
 -0.13347927E-01  0.12367233E-01  0.60097629E-01
 -0.13712203E-01  0.12721057E-01  0.58785181E-01
 -0.14062998E-01  0.13041864E-01  0.57492493E-01
 -0.14400086E-01  0.13327577E-01  0.56218021E-01
 -0.14723271E-01  0.13577400E-01  0.54959630E-01
 -0.15032364E-01  0.13791793E-01  0.53715216E-01
 -0.15327162E-01  0.13972361E-01  0.52483287E-01
 -0.15607424E-01  0.14121653E-01  0.51263448E-01
 -0.15872845E-01  0.14242895E-01  0.50056756E-01
 -0.16123019E-01  0.14339685E-01  0.48865917E-01
 -0.16357422E-01  0.14415659E-01  0.47695301E-01
 -0.27934438E-01  0.15966021E-01  0.10165266E+00
 -0.28109229E-01  0.16549585E-01  0.99450728E-01
 -0.28297355E-01  0.17095173E-01  0.97267703E-01
 -0.28497411E-01  0.17607236E-01  0.95109239E-01
 -0.28707668E-01  0.18088981E-01  0.92980534E-01
 -0.28926075E-01  0.18542353E-01  0.90885705E-01
 -0.29150267E-01  0.18968092E-01  0.88827192E-01
 -0.29377581E-01  0.19365883E-01  0.86805231E-01
 -0.29605066E-01  0.19734563E-01  0.84817432E-01
 -0.29829503E-01  0.20072378E-01  0.82858493E-01
 -0.30047402E-01  0.20377256E-01  0.80920061E-01
 -0.30255014E-01  0.20647095E-01  0.78990741E-01
 -0.30448312E-01  0.20880012E-01  0.77056262E-01
 -0.30622977E-01  0.21074568E-01  0.75099768E-01
 -0.30774368E-01  0.21229923E-01  0.73102228E-01
 -0.30897490E-01  0.21345937E-01  0.71042930E-01
 -0.30986957E-01  0.21423189E-01  0.68900032E-01
 -0.31036963E-01  0.21462941E-01  0.66651160E-01
 -0.31041260E-01  0.21467030E-01  0.64274020E-01
 -0.30993170E-01  0.21437721E-01  0.61747006E-01
 -0.30885616E-01  0.21377522E-01  0.59049821E-01
 -0.30711208E-01  0.21288992E-01  0.56164080E-01
 -0.30462366E-01  0.21174550E-01  0.53073914E-01
 -0.30131512E-01  0.21036305E-01  0.49766568E-01
 -0.29711311E-01  0.20875935E-01  0.46232992E-01
 -0.29194969E-01  0.20694600E-01  0.42468415E-01
 -0.28576572E-01  0.20492930E-01  0.38472871E-01
 -0.27851458E-01  0.20271053E-01  0.34251653E-01
 -0.27016582E-01  0.20028692E-01  0.29815646E-01
 -0.26070869E-01  0.19765301E-01  0.25181487E-01
 -0.25015503E-01  0.19480234E-01  0.20371500E-01
 -0.23854134E-01  0.19172938E-01  0.15413379E-01
 -0.22592973E-01  0.18843136E-01  0.10339571E-01
 -0.21240753E-01  0.18490997E-01  0.51863972E-02
 -0.19808554E-01  0.18117272E-01 -0.70894088E-05
  0.16744506E-01 -0.35851175E-02 -0.12466684E-05
  0.16283454E-01 -0.36227098E-02  0.40051948E-02
  0.15804335E-01 -0.36452567E-02  0.80026123E-02
  0.15308992E-01 -0.36521147E-02  0.11984904E-01
  0.14799201E-01 -0.36434591E-02  0.15945004E-01
  0.14276620E-01 -0.36200866E-02  0.19874429E-01
  0.13742751E-01 -0.35831591E-02  0.23762972E-01
  0.13198907E-01 -0.35339177E-02  0.27598599E-01
  0.12646190E-01 -0.34733944E-02  0.31367554E-01
  0.12085478E-01 -0.34021518E-02  0.35054667E-01
  0.11517426E-01 -0.33200784E-02  0.38643849E-01
  0.10942482E-01 -0.32262609E-02  0.42118723E-01
  0.10360908E-01 -0.31189488E-02  0.45463347E-01
  0.97728147E-02 -0.29956167E-02  0.48662958E-01
  0.91782036E-02 -0.28531206E-02  0.51704669E-01
  0.85770135E-02 -0.26879366E-02  0.54578058E-01
  0.79691679E-02 -0.24964604E-02  0.57275599E-01
  0.73546219E-02 -0.22753406E-02  0.59792885E-01
  0.67334036E-02 -0.20218156E-02  0.62128625E-01
  0.61056488E-02 -0.17340216E-02  0.64284422E-01
  0.54716264E-02 -0.14112425E-02  0.66264329E-01
  0.48317529E-02 -0.10540758E-02  0.68074244E-01
  0.41865963E-02 -0.66449745E-03  0.69721184E-01
  0.35368694E-02 -0.24581521E-03  0.71212503E-01
  0.28834133E-02  0.19748813E-03  0.72555128E-01
  0.22271743E-02  0.66001161E-03  0.73754879E-01
  0.15691745E-02  0.11357737E-02  0.74815929E-01
  0.91048059E-03  0.16186038E-02  0.75740468E-01
  0.25217259E-03  0.21025557E-02  0.76528578E-01
 -0.40468548E-03  0.25823087E-02  0.77178354E-01
 -0.10590700E-02  0.30535228E-02  0.77686249E-01
 -0.17100165E-02  0.35131180E-02  0.78047612E-01
 -0.23566313E-02  0.39594528E-02  0.78257377E-01
 -0.29980966E-02  0.43923877E-02  0.78310844E-01
 -0.36336686E-02  0.48132260E-02  0.78204476E-01
 -0.42626696E-02  0.52245374E-02  0.77936647E-01
 -0.48844766E-02  0.56298766E-02  0.77508270E-01
 -0.54985067E-02  0.60334212E-02  0.76923259E-01
 -0.61042015E-02  0.64395574E-02  0.76188764E-01
 -0.67010123E-02  0.68524466E-02  0.75315175E-01
 -0.72883878E-02  0.72756088E-02  0.74315882E-01
 -0.78657648E-02  0.77115571E-02  0.73206802E-01
 -0.84325633E-02  0.81615107E-02  0.72005725E-01
 -0.89881863E-02  0.86252118E-02  0.70731510E-01
 -0.95320234E-02  0.91008590E-02  0.69403210E-01
 -0.10063459E-01  0.95851633E-02  0.68039187E-01
 -0.10581881E-01  0.10073521E-01  0.66656286E-01
 -0.11086698E-01  0.10560288E-01  0.65269131E-01
 -0.11577347E-01  0.11039141E-01  0.63889599E-01
 -0.12053308E-01  0.11503477E-01  0.62526502E-01
 -0.12514111E-01  0.11946848E-01  0.61185515E-01
 -0.12959346E-01  0.12363371E-01  0.59869322E-01
 -0.13388659E-01  0.12748093E-01  0.58577993E-01
 -0.13801752E-01  0.13097283E-01  0.57309532E-01
 -0.14198368E-01  0.13408629E-01  0.56060567E-01
 -0.14578281E-01  0.13681322E-01  0.54827105E-01
 -0.14941271E-01  0.13916029E-01  0.53605300E-01
 -0.15287103E-01  0.14114752E-01  0.52392168E-01
 -0.15615493E-01  0.14280591E-01  0.51186179E-01
 -0.15926083E-01  0.14417431E-01  0.49987702E-01
 -0.16218408E-01  0.14529576E-01  0.48799239E-01
 -0.16491863E-01  0.14621365E-01  0.47625448E-01
 -0.30328802E-01  0.18693799E-01  0.10035749E+00
 -0.30543556E-01  0.19419069E-01  0.98205258E-01
 -0.30776759E-01  0.20097566E-01  0.96065369E-01
 -0.31027030E-01  0.20735067E-01  0.93945364E-01
 -0.31292668E-01  0.21335878E-01  0.91852353E-01
 -0.31571645E-01  0.21902800E-01  0.89792256E-01
 -0.31861622E-01  0.22437203E-01  0.87769084E-01
 -0.32159957E-01  0.22939197E-01  0.85784307E-01
 -0.32463722E-01  0.23407873E-01  0.83836364E-01
 -0.32769710E-01  0.23841601E-01  0.81920329E-01
 -0.33074440E-01  0.24238360E-01  0.80027779E-01
 -0.33374153E-01  0.24596058E-01  0.78146832E-01
 -0.33664793E-01  0.24912841E-01  0.76262385E-01
 -0.33941977E-01  0.25187340E-01  0.74356498E-01
 -0.34200961E-01  0.25418864E-01  0.72408920E-01
 -0.34436584E-01  0.25607506E-01  0.70397701E-01
 -0.34643219E-01  0.25754171E-01  0.68299877E-01
 -0.34814728E-01  0.25860526E-01  0.66092170E-01
 -0.34944423E-01  0.25928870E-01  0.63751694E-01
 -0.35025053E-01  0.25961962E-01  0.61256629E-01
 -0.35048832E-01  0.25962795E-01  0.58586871E-01
 -0.35007503E-01  0.25934366E-01  0.55724627E-01
 -0.34892465E-01  0.25879451E-01  0.52654981E-01
 -0.34694957E-01  0.25800400E-01  0.49366415E-01
 -0.34406312E-01  0.25698986E-01  0.45851303E-01
 -0.34018272E-01  0.25576314E-01  0.42106358E-01
 -0.33523354E-01  0.25432788E-01  0.38133036E-01
 -0.32915252E-01  0.25268166E-01  0.33937858E-01
 -0.32189257E-01  0.25081664E-01  0.29532638E-01
 -0.31342653E-01  0.24872127E-01  0.24934547E-01
 -0.30375062E-01  0.24638241E-01  0.20165998E-01
 -0.29288712E-01  0.24378766E-01  0.15254310E-01
 -0.28088582E-01  0.24092768E-01  0.10231126E-01
 -0.26782417E-01  0.23779831E-01  0.51315866E-02
 -0.25380587E-01  0.23440231E-01 -0.66969390E-05
  0.20762350E-01 -0.44687848E-02 -0.11918434E-05
  0.20308261E-01 -0.44820803E-02  0.40065370E-02
  0.19831119E-01 -0.44791301E-02  0.80067330E-02
  0.19332624E-01 -0.44599557E-02  0.11994254E-01
  0.18814428E-01 -0.44253788E-02  0.15962721E-01
  0.18278092E-01 -0.43767896E-02  0.19903967E-01
  0.17725051E-01 -0.43158610E-02  0.23807680E-01
  0.17156578E-01 -0.42442372E-02  0.27661288E-01
  0.16573767E-01 -0.41632270E-02  0.31450088E-01
  0.15977522E-01 -0.40735344E-02  0.35157629E-01
  0.15368553E-01 -0.39750532E-02  0.38766312E-01
  0.14747394E-01 -0.38667478E-02  0.42258155E-01
  0.14114422E-01 -0.37466338E-02  0.45615665E-01
  0.13469892E-01 -0.36118646E-02  0.48822723E-01
  0.12813977E-01 -0.34589161E-02  0.51865416E-01
  0.12146814E-01 -0.32838572E-02  0.54732738E-01
  0.11468549E-01 -0.30826810E-02  0.57417085E-01
  0.10779384E-01 -0.28516689E-02  0.59914509E-01
  0.10079616E-01 -0.25877531E-02  0.62224696E-01
  0.93696699E-02 -0.22888447E-02  0.64350670E-01
  0.86501205E-02 -0.19540961E-02  0.66298252E-01
  0.79217061E-02 -0.15840718E-02  0.68075310E-01
  0.71853277E-02 -0.11808091E-02  0.69690872E-01
  0.64420392E-02 -0.74776018E-03  0.71154183E-01
  0.56930266E-02 -0.28961741E-03  0.72473778E-01
  0.49395806E-02  0.18796649E-03  0.73656670E-01
  0.41830632E-02  0.67874179E-03  0.74707705E-01
  0.34248724E-02  0.11762798E-02  0.75629165E-01
  0.26664067E-02  0.16744115E-02  0.76420639E-01
  0.19090330E-02  0.21676503E-02  0.77079177E-01
  0.11540591E-02  0.26515639E-02  0.77599722E-01
  0.40271348E-03  0.31230638E-02  0.77975775E-01
 -0.34386802E-03  0.35805870E-02  0.78200241E-01
 -0.10846471E-02  0.40241556E-02  0.78266376E-01
 -0.18186808E-02  0.44553070E-02  0.78168757E-01
 -0.25451128E-02  0.48769008E-02  0.77904192E-01
 -0.32631599E-02  0.52928172E-02  0.77472484E-01
 -0.39720955E-02  0.57075711E-02  0.76876981E-01
 -0.46712315E-02  0.61258735E-02  0.76124870E-01
 -0.53599017E-02  0.65521756E-02  0.75227181E-01
 -0.60374466E-02  0.69902322E-02  0.74198496E-01
 -0.67032024E-02  0.74427194E-02  0.73056387E-01
 -0.73564943E-02  0.79109387E-02  0.71820629E-01
 -0.79966352E-02  0.83946284E-02  0.70512239E-01
 -0.86229282E-02  0.88919003E-02  0.69152436E-01
 -0.92346748E-02  0.93993027E-02  0.67761578E-01
 -0.98311851E-02  0.99120070E-02  0.66358185E-01
 -0.10411791E-01  0.10424101E-01  0.64958107E-01
 -0.10975859E-01  0.10928964E-01  0.63573901E-01
 -0.11522803E-01  0.11419697E-01  0.62214472E-01
 -0.12052094E-01  0.11889568E-01  0.60884992E-01
 -0.12563265E-01  0.12332447E-01  0.59587097E-01
 -0.13055913E-01  0.12743181E-01  0.58319352E-01
 -0.13529695E-01  0.13117902E-01  0.57077922E-01
 -0.13984313E-01  0.13454224E-01  0.55857405E-01
 -0.14419501E-01  0.13751332E-01  0.54651758E-01
 -0.14835001E-01  0.14009945E-01  0.53455215E-01
 -0.15230533E-01  0.14232172E-01  0.52263151E-01
 -0.15605770E-01  0.14421257E-01  0.51072801E-01
 -0.15960300E-01  0.14581254E-01  0.49883789E-01
 -0.16293598E-01  0.14716640E-01  0.48698408E-01
 -0.32177461E-01  0.20061013E-01  0.10078561E+00
 -0.32407957E-01  0.20990854E-01  0.98704154E-01
 -0.32661285E-01  0.21856001E-01  0.96617841E-01
 -0.32936490E-01  0.22664635E-01  0.94535851E-01
 -0.33232320E-01  0.23423526E-01  0.92467864E-01
 -0.33547222E-01  0.24137886E-01  0.90423160E-01
 -0.33879327E-01  0.24811336E-01  0.88409714E-01
 -0.34226459E-01  0.25445979E-01  0.86433333E-01
 -0.34586135E-01  0.26042570E-01  0.84496916E-01
 -0.34955565E-01  0.26600770E-01  0.82599874E-01
 -0.35331654E-01  0.27119457E-01  0.80737762E-01
 -0.35710997E-01  0.27597064E-01  0.78902131E-01
 -0.36089862E-01  0.28031919E-01  0.77080615E-01
 -0.36464164E-01  0.28422561E-01  0.75257236E-01
 -0.36829432E-01  0.28767999E-01  0.73412897E-01
 -0.37180755E-01  0.29067917E-01  0.71526029E-01
 -0.37512735E-01  0.29322777E-01  0.69573351E-01
 -0.37819424E-01  0.29533852E-01  0.67530678E-01
 -0.38094278E-01  0.29703171E-01  0.65373755E-01
 -0.38330116E-01  0.29833379E-01  0.63079061E-01
 -0.38519106E-01  0.29927553E-01  0.60624560E-01
 -0.38652794E-01  0.29988966E-01  0.57990376E-01
 -0.38722171E-01  0.30020839E-01  0.55159394E-01
 -0.38717805E-01  0.30026099E-01  0.52117773E-01
 -0.38630028E-01  0.30007167E-01  0.48855390E-01
 -0.38449205E-01  0.29965790E-01  0.45366216E-01
 -0.38166055E-01  0.29902948E-01  0.41648634E-01
 -0.37772032E-01  0.29818821E-01  0.37705694E-01
 -0.37259748E-01  0.29712842E-01  0.33545301E-01
 -0.36623410E-01  0.29583820E-01  0.29180304E-01
 -0.35859236E-01  0.29430130E-01  0.24628468E-01
 -0.34965832E-01  0.29249938E-01  0.19912300E-01
 -0.33944479E-01  0.29041468E-01  0.15058685E-01
 -0.32799310E-01  0.28803258E-01  0.10098337E-01
 -0.31537342E-01  0.28534403E-01  0.50650553E-02
 -0.30168364E-01  0.28234753E-01 -0.51996103E-05
  0.24666772E-01 -0.53386659E-02 -0.96062614E-06
  0.24219912E-01 -0.53278661E-02  0.40083436E-02
  0.23745045E-01 -0.53003068E-02  0.80120350E-02
  0.23243732E-01 -0.52564774E-02  0.12005850E-01
  0.22717513E-01 -0.51975807E-02  0.15983992E-01
  0.22167866E-01 -0.51252946E-02  0.19938493E-01
  0.21596172E-01 -0.50414878E-02  0.23858814E-01
  0.21003687E-01 -0.49479164E-02  0.27731722E-01
  0.20391518E-01 -0.48459323E-02  0.31541457E-01
  0.19760612E-01 -0.47362316E-02  0.35270196E-01
  0.19111754E-01 -0.46186696E-02  0.38898761E-01
  0.18445580E-01 -0.44921601E-02  0.42407524E-01
  0.17762596E-01 -0.43546741E-02  0.45777423E-01
  0.17063209E-01 -0.42033376E-02  0.48990994E-01
  0.16347766E-01 -0.40346243E-02  0.52033336E-01
  0.15616601E-01 -0.38446269E-02  0.54892908E-01
  0.14870076E-01 -0.36293842E-02  0.57562097E-01
  0.14108626E-01 -0.33852348E-02  0.60037486E-01
  0.13332802E-01 -0.31091667E-02  0.62319808E-01
  0.12543297E-01 -0.27991304E-02  0.64413581E-01
  0.11740971E-01 -0.24542856E-02  0.66326448E-01
  0.10926862E-01 -0.20751584E-02  0.68068291E-01
  0.10102181E-01 -0.16636926E-02  0.69650182E-01
  0.92683047E-02 -0.12231865E-02  0.71083270E-01
  0.84267452E-02 -0.75811943E-03  0.72377701E-01
  0.75791247E-02 -0.27387956E-03  0.73541667E-01
  0.67271357E-02  0.22358673E-03  0.74580672E-01
  0.58725022E-02  0.72817473E-03  0.75497071E-01
  0.50169402E-02  0.12340387E-02  0.76289937E-01
  0.41621218E-02  0.17359920E-02  0.76955260E-01
  0.33096439E-02  0.22298565E-02  0.77486465E-01
  0.24610051E-02  0.27127324E-02  0.77875207E-01
  0.16175904E-02  0.31831655E-02  0.78112368E-01
  0.78066390E-03  0.36411975E-02  0.78189179E-01
 -0.48628768E-04  0.40882944E-02  0.78098362E-01
 -0.86925220E-03  0.45271587E-02  0.77835191E-01
 -0.16802665E-02  0.49614411E-02  0.77398391E-01
 -0.24808087E-02  0.53953728E-02  0.76790782E-01
 -0.32700732E-02  0.58333511E-02  0.76019617E-01
 -0.40472912E-02  0.62795094E-02  0.75096588E-01
 -0.48117134E-02  0.67373073E-02  0.74037484E-01
 -0.55625958E-02  0.72091742E-02  0.72861533E-01
 -0.62991899E-02  0.76962340E-02  0.71590487E-01
 -0.70207391E-02  0.81981329E-02  0.70247507E-01
 -0.77264794E-02  0.87129840E-02  0.68855948E-01
 -0.84156455E-02  0.92374319E-02  0.67438133E-01
 -0.90874809E-02  0.97668321E-02  0.66014222E-01
 -0.97412502E-02  0.10295529E-01  0.64601256E-01
 -0.10376253E-01  0.10817214E-01  0.63212442E-01
 -0.10991836E-01  0.11325325E-01  0.61856751E-01
 -0.11587404E-01  0.11813470E-01  0.60538836E-01
 -0.12162429E-01  0.12275828E-01  0.59259280E-01
 -0.12716446E-01  0.12707507E-01  0.58015143E-01
 -0.13249054E-01  0.13104821E-01  0.56800763E-01
 -0.13759905E-01  0.13465480E-01  0.55608737E-01
 -0.14248682E-01  0.13788661E-01  0.54430994E-01
 -0.14715078E-01  0.14074978E-01  0.53259881E-01
 -0.15158769E-01  0.14326340E-01  0.52089169E-01
 -0.15579379E-01  0.14545710E-01  0.50914888E-01
 -0.15976448E-01  0.14736801E-01  0.49735943E-01
 -0.16349395E-01  0.14903713E-01  0.48554444E-01
 -0.33845816E-01  0.21767322E-01  0.98686473E-01
 -0.34113353E-01  0.22845469E-01  0.96699694E-01
 -0.34405215E-01  0.23847747E-01  0.94696905E-01
 -0.34720618E-01  0.24782891E-01  0.92689296E-01
 -0.35058530E-01  0.25658300E-01  0.90688738E-01
 -0.35417649E-01  0.26479887E-01  0.88706747E-01
 -0.35796383E-01  0.27252044E-01  0.86753417E-01
 -0.36192837E-01  0.27977698E-01  0.84836427E-01
 -0.36604793E-01  0.28658477E-01  0.82960179E-01
 -0.37029697E-01  0.29294938E-01  0.81125141E-01
 -0.37464640E-01  0.29886858E-01  0.79327424E-01
 -0.37906340E-01  0.30433547E-01  0.77558638E-01
 -0.38351112E-01  0.30934170E-01  0.75806012E-01
 -0.38794834E-01  0.31388036E-01  0.74052767E-01
 -0.39232907E-01  0.31794854E-01  0.72278720E-01
 -0.39660206E-01  0.32154905E-01  0.70461053E-01
 -0.40071025E-01  0.32469157E-01  0.68575209E-01
 -0.40459035E-01  0.32739285E-01  0.66595838E-01
 -0.40817236E-01  0.32967618E-01  0.64497756E-01
 -0.41137936E-01  0.33157010E-01  0.62256852E-01
 -0.41412750E-01  0.33310658E-01  0.59850913E-01
 -0.41632643E-01  0.33431878E-01  0.57260337E-01
 -0.41788010E-01  0.33523870E-01  0.54468724E-01
 -0.41868820E-01  0.33589482E-01  0.51463350E-01
 -0.41864824E-01  0.33631007E-01  0.48235529E-01
 -0.41765812E-01  0.33650026E-01  0.44780871E-01
 -0.41561956E-01  0.33647310E-01  0.41099468E-01
 -0.41244182E-01  0.33622803E-01  0.37196002E-01
 -0.40804592E-01  0.33575668E-01  0.33079785E-01
 -0.40236896E-01  0.33504420E-01  0.28764719E-01
 -0.39536829E-01  0.33407107E-01  0.24269168E-01
 -0.38702512E-01  0.33281556E-01  0.19615711E-01
 -0.37734748E-01  0.33125631E-01  0.14830768E-01
 -0.36637187E-01  0.32937505E-01  0.99440767E-02
 -0.35416371E-01  0.32715910E-01  0.49880236E-02
 -0.34081622E-01  0.32460341E-01 -0.31551612E-05
  0.28434663E-01 -0.61881262E-02 -0.59445422E-06
  0.27994567E-01 -0.61552013E-02  0.40103428E-02
  0.27521526E-01 -0.61056070E-02  0.80177530E-02
  0.27016988E-01 -0.60400524E-02  0.12018079E-01
  0.26482406E-01 -0.59598186E-02  0.16005942E-01
  0.25919206E-01 -0.58665418E-02  0.19973445E-01
  0.25328755E-01 -0.57619611E-02  0.23909730E-01
  0.24712325E-01 -0.56476568E-02  0.27800858E-01
  0.24071072E-01 -0.55248032E-02  0.31630026E-01
  0.23406023E-01 -0.53939607E-02  0.35378097E-01
  0.22718067E-01 -0.52549273E-02  0.39024420E-01
  0.22007966E-01 -0.51066663E-02  0.42547856E-01
  0.21276371E-01 -0.49473179E-02  0.45927925E-01
  0.20523853E-01 -0.47742969E-02  0.49145971E-01
  0.19750935E-01 -0.45844687E-02  0.52186238E-01
  0.18958138E-01 -0.43743910E-02  0.55036755E-01
  0.18146026E-01 -0.41405992E-02  0.57689957E-01
  0.17315248E-01 -0.38799123E-02  0.60142965E-01
  0.16466577E-01 -0.35897306E-02  0.62397511E-01
  0.15600945E-01 -0.32683008E-02  0.64459506E-01
  0.14719462E-01 -0.29149213E-02  0.66338276E-01
  0.13823430E-01 -0.25300701E-02  0.68045540E-01
  0.12914336E-01 -0.21154419E-02  0.69594224E-01
  0.11993846E-01 -0.16738882E-02  0.70997194E-01
  0.11063772E-01 -0.12092648E-02  0.72266041E-01
  0.10126043E-01 -0.72619640E-03  0.73410011E-01
  0.91826639E-02 -0.22977768E-03  0.74435186E-01
  0.82356723E-02  0.27476613E-03  0.75343978E-01
  0.72870940E-02  0.78243070E-03  0.76134997E-01
  0.63389028E-02  0.12887678E-02  0.76803282E-01
  0.53929852E-02  0.17901765E-02  0.77340912E-01
  0.44511122E-02  0.22841257E-02  0.77737907E-01
  0.35149206E-02  0.27692906E-02  0.77983370E-01
  0.25859032E-02  0.32455897E-02  0.78066756E-01
  0.16654087E-02  0.37141214E-02  0.77979164E-01
  0.75464935E-03  0.41770032E-02  0.77714541E-01
 -0.14528369E-03  0.46371280E-02  0.77270691E-01
 -0.10334009E-02  0.50978561E-02  0.76649996E-01
 -0.19087918E-02  0.55626691E-02  0.75859800E-01
 -0.27706015E-02  0.60348124E-02  0.74912407E-01
 -0.36180095E-02  0.65169568E-02  0.73824690E-01
 -0.44502114E-02  0.70109047E-02  0.72617358E-01
 -0.52664051E-02  0.75173652E-02  0.71313914E-01
 -0.60657831E-02  0.80358160E-02  0.69939405E-01
 -0.68475307E-02  0.85644616E-02  0.68519063E-01
 -0.76108288E-02  0.91002916E-02  0.67076927E-01
 -0.83548630E-02  0.96392337E-02  0.65634584E-01
 -0.90788347E-02  0.10176388E-01  0.64210094E-01
 -0.97819755E-02  0.10706323E-01  0.62817214E-01
 -0.10463561E-01  0.11223413E-01  0.61464945E-01
 -0.11122922E-01  0.11722185E-01  0.60157461E-01
 -0.11759454E-01  0.12197651E-01  0.58894396E-01
 -0.12372621E-01  0.12645602E-01  0.57671475E-01
 -0.12961953E-01  0.13062834E-01  0.56481421E-01
 -0.13527036E-01  0.13447303E-01  0.55315065E-01
 -0.14067493E-01  0.13798181E-01  0.54162559E-01
 -0.14582965E-01  0.14115825E-01  0.53014605E-01
 -0.15073079E-01  0.14401658E-01  0.51863574E-01
 -0.15537415E-01  0.14657969E-01  0.50704461E-01
 -0.15975467E-01  0.14887657E-01  0.49535559E-01
 -0.16386610E-01  0.15093931E-01  0.48358839E-01
 -0.35085241E-01  0.23046300E-01  0.96224462E-01
 -0.35393228E-01  0.24269102E-01  0.94351891E-01
 -0.35725251E-01  0.25404705E-01  0.92451534E-01
 -0.36080750E-01  0.26461908E-01  0.90536453E-01
 -0.36458975E-01  0.27448374E-01  0.88620573E-01
 -0.36858953E-01  0.28370506E-01  0.86717503E-01
 -0.37279448E-01  0.29233400E-01  0.84839339E-01
 -0.37718922E-01  0.30040889E-01  0.82995542E-01
 -0.38175492E-01  0.30795672E-01  0.81191974E-01
 -0.38646900E-01  0.31499495E-01  0.79430161E-01
 -0.39130466E-01  0.32153394E-01  0.77706830E-01
 -0.39623054E-01  0.32757945E-01  0.76013757E-01
 -0.40121031E-01  0.33313532E-01  0.74337914E-01
 -0.40620225E-01  0.33820589E-01  0.72661914E-01
 -0.41115882E-01  0.34279804E-01  0.70964700E-01
 -0.41602622E-01  0.34692269E-01  0.69222427E-01
 -0.42074405E-01  0.35059568E-01  0.67409482E-01
 -0.42524492E-01  0.35383798E-01  0.65499552E-01
 -0.42945427E-01  0.35667517E-01  0.63466702E-01
 -0.43329041E-01  0.35913639E-01  0.61286366E-01
 -0.43666474E-01  0.36125278E-01  0.58936249E-01
 -0.43948244E-01  0.36305554E-01  0.56397069E-01
 -0.44164349E-01  0.36457393E-01  0.53653149E-01
 -0.44304433E-01  0.36583327E-01  0.50692848E-01
 -0.44357994E-01  0.36685320E-01  0.47508846E-01
 -0.44314660E-01  0.36764633E-01  0.44098304E-01
 -0.44164514E-01  0.36821748E-01  0.40462921E-01
 -0.43898459E-01  0.36856353E-01  0.36608906E-01
 -0.43508621E-01  0.36867392E-01  0.32546880E-01
 -0.42988751E-01  0.36853191E-01  0.28291718E-01
 -0.42334612E-01  0.36811634E-01  0.23862319E-01
 -0.41544318E-01  0.36740383E-01  0.19281304E-01
 -0.40618590E-01  0.36637134E-01  0.14574617E-01
 -0.39560913E-01  0.36499869E-01  0.97710319E-02
 -0.38377558E-01  0.36327099E-01  0.49015596E-02
 -0.37077469E-01  0.36118062E-01 -0.12404121E-05
  0.32043569E-01 -0.70099473E-02 -0.15317984E-06
  0.31609186E-01 -0.69581263E-02  0.40121619E-02
  0.31136932E-01 -0.68902106E-02  0.80229025E-02
  0.30628171E-01 -0.68068664E-02  0.12028973E-01
  0.30084317E-01 -0.67091531E-02  0.16025218E-01
  0.29506793E-01 -0.65983524E-02  0.20003677E-01
  0.28897001E-01 -0.64757774E-02  0.23953129E-01
  0.28256282E-01 -0.63425794E-02  0.27858976E-01
  0.27585892E-01 -0.61995701E-02  0.31703503E-01
  0.26886982E-01 -0.60470770E-02  0.35466471E-01
  0.26160585E-01 -0.58848450E-02  0.39126022E-01
  0.25407619E-01 -0.57119954E-02  0.42659804E-01
  0.24628905E-01 -0.55270467E-02  0.46046224E-01
  0.23825183E-01 -0.53279974E-02  0.49265708E-01
  0.22997154E-01 -0.51124641E-02  0.52301862E-01
  0.22145517E-01 -0.48778650E-02  0.55142427E-01
  0.21271014E-01 -0.46216316E-02  0.57779926E-01
  0.20374477E-01 -0.43414325E-02  0.60211958E-01
  0.19456868E-01 -0.40353887E-02  0.62441089E-01
  0.18519312E-01 -0.37022615E-02  0.64474365E-01
  0.17563124E-01 -0.33415966E-02  0.66322462E-01
  0.16589822E-01 -0.29538102E-02  0.67998566E-01
  0.15601127E-01 -0.25402100E-02  0.69517066E-01
  0.14598948E-01 -0.21029466E-02  0.70892178E-01
  0.13585360E-01 -0.16448995E-02  0.72136625E-01
  0.12562565E-01 -0.11695057E-02  0.73260476E-01
  0.11532854E-01 -0.68054417E-03  0.74270266E-01
  0.10498558E-01 -0.18189418E-03  0.75168461E-01
  0.94619976E-02  0.32271352E-03  0.75953319E-01
  0.84254392E-02  0.82993216E-03  0.76619166E-01
  0.73910532E-02  0.13370018E-02  0.77157062E-01
  0.63608809E-02  0.18419030E-02  0.77555800E-01
  0.53368100E-02  0.23434490E-02  0.77803146E-01
  0.43205608E-02  0.28413089E-02  0.77887231E-01
  0.33136831E-02  0.33359596E-02  0.77797955E-01
  0.23175619E-02  0.38285715E-02  0.77528289E-01
  0.13334325E-02  0.43208371E-02  0.77075373E-01
  0.36240115E-03  0.48147558E-02  0.76441296E-01
 -0.59452977E-03  0.53123942E-02  0.75633503E-01
 -0.15364347E-02  0.58156401E-02  0.74664789E-01
 -0.24624388E-02  0.63259698E-02  0.73552877E-01
 -0.33716946E-02  0.68442497E-02  0.72319606E-01
 -0.42633636E-02  0.73705842E-02  0.70989813E-01
 -0.51366029E-02  0.79042259E-02  0.69589971E-01
 -0.59905590E-02  0.84435515E-02  0.68146715E-01
 -0.68243683E-02  0.89861068E-02  0.66685366E-01
 -0.76371630E-02  0.95287164E-02  0.65228559E-01
 -0.84280820E-02  0.10067649E-01  0.63795101E-01
 -0.91962850E-02  0.10598822E-01  0.62399127E-01
 -0.99409680E-02  0.11118038E-01  0.61049632E-01
 -0.10661377E-01  0.11621219E-01  0.59750400E-01
 -0.11356822E-01  0.12104639E-01  0.58500326E-01
 -0.12026680E-01  0.12565116E-01  0.57294110E-01
 -0.12670399E-01  0.13000174E-01  0.56123246E-01
 -0.13287488E-01  0.13408137E-01  0.54977230E-01
 -0.13877505E-01  0.13788169E-01  0.53844885E-01
 -0.14440034E-01  0.14140247E-01  0.52715679E-01
 -0.14974651E-01  0.14465074E-01  0.51580955E-01
 -0.15480896E-01  0.14763942E-01  0.50434946E-01
 -0.15958229E-01  0.15038553E-01  0.49275517E-01
 -0.35518734E-01  0.22461452E-01  0.95093887E-01
 -0.35849859E-01  0.23931154E-01  0.93407632E-01
 -0.36203339E-01  0.25293444E-01  0.91669265E-01
 -0.36578936E-01  0.26557380E-01  0.89891245E-01
 -0.36976338E-01  0.27731377E-01  0.88088215E-01
 -0.37395110E-01  0.28823039E-01  0.86275826E-01
 -0.37834638E-01  0.29839053E-01  0.84469461E-01
 -0.38294074E-01  0.30785145E-01  0.82682920E-01
 -0.38772265E-01  0.31666098E-01  0.80927211E-01
 -0.39267693E-01  0.32485827E-01  0.79209490E-01
 -0.39778406E-01  0.33247499E-01  0.77532270E-01
 -0.40301964E-01  0.33953687E-01  0.75892920E-01
 -0.40835378E-01  0.34606547E-01  0.74283503E-01
 -0.41375060E-01  0.35207989E-01  0.72690949E-01
 -0.41916779E-01  0.35759848E-01  0.71097546E-01
 -0.42455615E-01  0.36264020E-01  0.69481696E-01
 -0.42985937E-01  0.36722564E-01  0.67818893E-01
 -0.43501374E-01  0.37137764E-01  0.66082831E-01
 -0.43994808E-01  0.37512136E-01  0.64246576E-01
 -0.44458388E-01  0.37848395E-01  0.62283730E-01
 -0.44883557E-01  0.38149374E-01  0.60169501E-01
 -0.45261117E-01  0.38417911E-01  0.57881659E-01
 -0.45581319E-01  0.38656708E-01  0.55401305E-01
 -0.45833998E-01  0.38868189E-01  0.52713462E-01
 -0.46008753E-01  0.39054354E-01  0.49807472E-01
 -0.46095167E-01  0.39216650E-01  0.46677226E-01
 -0.46083081E-01  0.39355883E-01  0.43321229E-01
 -0.45962903E-01  0.39472161E-01  0.39742559E-01
 -0.45725951E-01  0.39564898E-01  0.35948720E-01
 -0.45364821E-01  0.39632867E-01  0.31951435E-01
 -0.44873743E-01  0.39674302E-01  0.27766378E-01
 -0.44248923E-01  0.39687061E-01  0.23412869E-01
 -0.43488837E-01  0.39668817E-01  0.18913510E-01
 -0.42594437E-01  0.39617273E-01  0.14293778E-01
 -0.41569275E-01  0.39530392E-01  0.95815569E-02
 -0.40419502E-01  0.39406606E-01  0.48066025E-02
 -0.39153741E-01  0.39244997E-01 -0.41872445E-07
  0.35472301E-01 -0.77970653E-02  0.29392872E-06
  0.35042207E-01 -0.77302129E-02  0.40133460E-02
  0.34569331E-01 -0.76481860E-02  0.80263537E-02
  0.34055002E-01 -0.75513680E-02  0.12036393E-01
  0.33500648E-01 -0.74403384E-02  0.16038320E-01
  0.32907749E-01 -0.73157681E-02  0.20024000E-01
  0.32277802E-01 -0.71783098E-02  0.23981851E-01
  0.31612280E-01 -0.70284937E-02  0.27896749E-01
  0.30912598E-01 -0.68666363E-02  0.31750304E-01
  0.30180080E-01 -0.66927716E-02  0.35521513E-01
  0.29415948E-01 -0.65066100E-02  0.39187713E-01
  0.28621312E-01 -0.63075292E-02  0.42725772E-01
  0.27797181E-01 -0.60945985E-02  0.46113401E-01
  0.26944479E-01 -0.58666340E-02  0.49330477E-01
  0.26064079E-01 -0.56222816E-02  0.52360249E-01
  0.25156842E-01 -0.53601200E-02  0.55190326E-01
  0.24223666E-01 -0.50787752E-02  0.57813345E-01
  0.23265528E-01 -0.47770378E-02  0.60227255E-01
  0.22283532E-01 -0.44539724E-02  0.62435194E-01
  0.21278948E-01 -0.41090105E-02  0.64444953E-01
  0.20253243E-01 -0.37420185E-02  0.66268080E-01
  0.19208097E-01 -0.33533356E-02  0.67918692E-01
  0.18145408E-01 -0.29437779E-02  0.69412099E-01
  0.17067279E-01 -0.25146088E-02  0.70763361E-01
  0.15976001E-01 -0.20674770E-02  0.71985907E-01
  0.14874012E-01 -0.16043288E-02  0.73090323E-01
  0.13763853E-01 -0.11273000E-02  0.74083439E-01
  0.12648121E-01 -0.63859731E-03  0.74967778E-01
  0.11529410E-01 -0.14037856E-03  0.75741422E-01
  0.10410266E-01  0.36535899E-03  0.76398308E-01
  0.92931317E-02  0.87687320E-03  0.76928938E-01
  0.81803122E-02  0.13927472E-02  0.77321428E-01
  0.70739411E-02  0.19119298E-02  0.77562814E-01
  0.59759625E-02  0.24337437E-02  0.77640507E-01
  0.48881229E-02  0.29578607E-02  0.77543762E-01
  0.38119747E-02  0.34842473E-02  0.77265042E-01
  0.27488900E-02  0.40130849E-02  0.76801155E-01
  0.17000826E-02  0.45446720E-02  0.76154071E-01
  0.66663575E-03  0.50793165E-02  0.75331336E-01
 -0.35046699E-03  0.56172267E-02  0.74346062E-01
 -0.13503100E-02  0.61584106E-02  0.73216481E-01
 -0.23320167E-02  0.67025913E-02  0.71965096E-01
 -0.32947241E-02  0.72491452E-02  0.70617505E-01
 -0.42375647E-02  0.77970677E-02  0.69200986E-01
 -0.51596549E-02  0.83449699E-02  0.67742954E-01
 -0.60600910E-02  0.88911043E-02  0.66269428E-01
 -0.69379529E-02  0.94334196E-02  0.64803601E-01
 -0.77923146E-02  0.99696386E-02  0.63364661E-01
 -0.86222579E-02  0.10497353E-01  0.61966917E-01
 -0.94268908E-02  0.11014127E-01  0.60619315E-01
 -0.10205364E-01  0.11517604E-01  0.59325379E-01
 -0.10956888E-01  0.12005607E-01  0.58083555E-01
 -0.11680743E-01  0.12476220E-01  0.56887937E-01
 -0.12376284E-01  0.12927853E-01  0.55729314E-01
 -0.13042936E-01  0.13359283E-01  0.54596425E-01
 -0.13680185E-01  0.13769661E-01  0.53477348E-01
 -0.14287554E-01  0.14158501E-01  0.52360878E-01
 -0.14864574E-01  0.14525629E-01  0.51237802E-01
 -0.15410749E-01  0.14871125E-01  0.50101965E-01
 -0.15925511E-01  0.15195233E-01  0.48951034E-01
 -0.35715340E-01  0.22859457E-01  0.91764971E-01
 -0.36101986E-01  0.24471312E-01  0.90245374E-01
 -0.36507482E-01  0.25966246E-01  0.88661216E-01
 -0.36931762E-01  0.27352238E-01  0.87025938E-01
 -0.37374756E-01  0.28636970E-01  0.85355331E-01
 -0.37836333E-01  0.29827715E-01  0.83666306E-01
 -0.38316230E-01  0.30931267E-01  0.81975540E-01
 -0.38813966E-01  0.31953895E-01  0.80298104E-01
 -0.39328755E-01  0.32901327E-01  0.78646183E-01
 -0.39859415E-01  0.33778768E-01  0.77027966E-01
 -0.40404282E-01  0.34590938E-01  0.75446812E-01
 -0.40961131E-01  0.35342123E-01  0.73900724E-01
 -0.41527102E-01  0.36036250E-01  0.72382179E-01
 -0.42098644E-01  0.36676951E-01  0.70878314E-01
 -0.42671464E-01  0.37267637E-01  0.69371443E-01
 -0.43240500E-01  0.37811551E-01  0.67839858E-01
 -0.43799900E-01  0.38311813E-01  0.66258862E-01
 -0.44343024E-01  0.38771443E-01  0.64601932E-01
 -0.44862467E-01  0.39193358E-01  0.62841962E-01
 -0.45350094E-01  0.39580355E-01  0.60952478E-01
 -0.45797116E-01  0.39935063E-01  0.58908765E-01
 -0.46194175E-01  0.40259889E-01  0.56688851E-01
 -0.46531476E-01  0.40556942E-01  0.54274301E-01
 -0.46798942E-01  0.40827959E-01  0.51650803E-01
 -0.46986405E-01  0.41074235E-01  0.48808544E-01
 -0.47083840E-01  0.41296553E-01  0.45742394E-01
 -0.47081626E-01  0.41495153E-01  0.42451913E-01
 -0.46970835E-01  0.41669705E-01  0.38941231E-01
 -0.46743542E-01  0.41819337E-01  0.35218823E-01
 -0.46393147E-01  0.41942678E-01  0.31297212E-01
 -0.45914679E-01  0.42037957E-01  0.27192630E-01
 -0.45305082E-01  0.42103120E-01  0.22924647E-01
 -0.44563442E-01  0.42135988E-01  0.18515774E-01
 -0.43691152E-01  0.42134426E-01  0.13991041E-01
 -0.42691981E-01  0.42096519E-01  0.93775476E-02
 -0.41572053E-01  0.42020749E-01  0.47039847E-02
 -0.40339700E-01  0.41906142E-01  0.12196965E-06
  0.38701597E-01 -0.85433396E-02  0.67851214E-06
  0.38274233E-01 -0.84653361E-02  0.40133845E-02
  0.37799224E-01 -0.83732781E-02  0.80269168E-02
  0.37277921E-01 -0.82670839E-02  0.12038220E-01
  0.36711821E-01 -0.81466705E-02  0.16041950E-01
  0.36102525E-01 -0.80119270E-02  0.20029716E-01
  0.35451691E-01 -0.78626995E-02  0.23989633E-01
  0.34760985E-01 -0.76987844E-02  0.27906238E-01
  0.34032035E-01 -0.75199324E-02  0.31760795E-01
  0.33266395E-01 -0.73258601E-02  0.35531958E-01
  0.32465517E-01 -0.71162674E-02  0.39196754E-01
  0.31630733E-01 -0.68908582E-02  0.42731785E-01
  0.30763260E-01 -0.66493621E-02  0.46114560E-01
  0.29864212E-01 -0.63915536E-02  0.49324826E-01
  0.28934629E-01 -0.61172687E-02  0.52345788E-01
  0.27975516E-01 -0.58264142E-02  0.55165088E-01
  0.26987894E-01 -0.55189726E-02  0.57775475E-01
  0.25972845E-01 -0.51950000E-02  0.60175079E-01
  0.24931569E-01 -0.48546184E-02  0.62367273E-01
  0.23865428E-01 -0.44980052E-02  0.64360121E-01
  0.22775982E-01 -0.41253792E-02  0.66165465E-01
  0.21665015E-01 -0.37369886E-02  0.67797719E-01
  0.20534544E-01 -0.33330997E-02  0.69272476E-01
  0.19386815E-01 -0.29139909E-02  0.70605050E-01
  0.18224283E-01 -0.24799522E-02  0.71809084E-01
  0.17049576E-01 -0.20312901E-02  0.72895335E-01
  0.15865449E-01 -0.15683403E-02  0.73870754E-01
  0.14674734E-01 -0.10914843E-02  0.74737937E-01
  0.13480276E-01 -0.60117106E-03  0.75494998E-01
  0.12284876E-01 -0.97939809E-04  0.76135876E-01
  0.11091238E-01  0.41755762E-03  0.76651047E-01
  0.99019197E-02  0.94453762E-03  0.77028593E-01
  0.87192928E-02  0.14820713E-02  0.77255515E-01
  0.75455188E-02  0.20290786E-02  0.77319198E-01
  0.63825355E-02  0.25843315E-02  0.77208890E-01
  0.52320569E-02  0.31464665E-02  0.76917068E-01
  0.40955857E-02  0.37140069E-02  0.76440584E-01
  0.29744362E-02  0.42853926E-02  0.75781470E-01
  0.18697639E-02  0.48590170E-02  0.74947364E-01
  0.78260188E-03  0.54332670E-02  0.73951482E-01
 -0.28610243E-03  0.60065640E-02  0.72812168E-01
 -0.13354515E-02  0.65774025E-02  0.71552041E-01
 -0.23645659E-02  0.71443838E-02  0.70196802E-01
 -0.33725591E-02  0.77062415E-02  0.68773818E-01
 -0.43585207E-02  0.82618569E-02  0.67310567E-01
 -0.53215082E-02  0.88102643E-02  0.65833102E-01
 -0.62605479E-02  0.93506435E-02  0.64364622E-01
 -0.71746443E-02  0.98823028E-02  0.62924283E-01
 -0.80627955E-02  0.10404652E-01  0.61526334E-01
 -0.89240129E-02  0.10917168E-01  0.60179641E-01
 -0.97573433E-02  0.11419359E-01  0.58887622E-01
 -0.10561889E-01  0.11910719E-01  0.57648609E-01
 -0.11336823E-01  0.12390699E-01  0.56456582E-01
 -0.12081400E-01  0.12858665E-01  0.55302219E-01
 -0.12794957E-01  0.13313879E-01  0.54174168E-01
 -0.13476904E-01  0.13755481E-01  0.53060434E-01
 -0.14126705E-01  0.14182480E-01  0.51949772E-01
 -0.14743847E-01  0.14593764E-01  0.50832959E-01
 -0.15327803E-01  0.14988105E-01  0.49703867E-01
 -0.34924850E-01  0.21107496E-01  0.89331868E-01
 -0.35361619E-01  0.22983344E-01  0.88083499E-01
 -0.35812612E-01  0.24727518E-01  0.86748787E-01
 -0.36277809E-01  0.26346533E-01  0.85338284E-01
 -0.36757290E-01  0.27847018E-01  0.83865989E-01
 -0.37251192E-01  0.29235680E-01  0.82348322E-01
 -0.37759645E-01  0.30519272E-01  0.80802879E-01
 -0.38282676E-01  0.31704545E-01  0.79247058E-01
 -0.38820112E-01  0.32798211E-01  0.77696663E-01
 -0.39371468E-01  0.33806892E-01  0.76164599E-01
 -0.39935834E-01  0.34737066E-01  0.74659752E-01
 -0.40511777E-01  0.35595023E-01  0.73186129E-01
 -0.41097239E-01  0.36386807E-01  0.71742327E-01
 -0.41689462E-01  0.37118168E-01  0.70321356E-01
 -0.42284920E-01  0.37794520E-01  0.68910823E-01
 -0.42879282E-01  0.38420900E-01  0.67493457E-01
 -0.43467383E-01  0.39001937E-01  0.66047920E-01
 -0.44043230E-01  0.39541825E-01  0.64549854E-01
 -0.44600022E-01  0.40044307E-01  0.62973071E-01
 -0.45130202E-01  0.40512665E-01  0.61290807E-01
 -0.45625526E-01  0.40949708E-01  0.59476966E-01
 -0.46077162E-01  0.41357777E-01  0.57507261E-01
 -0.46475815E-01  0.41738740E-01  0.55360212E-01
 -0.46811880E-01  0.42093997E-01  0.53017946E-01
 -0.47075614E-01  0.42424484E-01  0.50466780E-01
 -0.47257347E-01  0.42730681E-01  0.47697587E-01
 -0.47347703E-01  0.43012619E-01  0.44705950E-01
 -0.47337856E-01  0.43269899E-01  0.41492144E-01
 -0.47219790E-01  0.43501717E-01  0.38060972E-01
 -0.46986575E-01  0.43706903E-01  0.34421489E-01
 -0.46632630E-01  0.43883971E-01  0.30586664E-01
 -0.46153982E-01  0.44031194E-01  0.26572999E-01
 -0.45548478E-01  0.44146687E-01  0.22400112E-01
 -0.44815957E-01  0.44228515E-01  0.18090330E-01
 -0.43958362E-01  0.44274808E-01  0.13668256E-01
 -0.42979758E-01  0.44283883E-01  0.91603387E-02
 -0.41886282E-01  0.44254366E-01  0.45944229E-02
 -0.40685992E-01  0.44185308E-01 -0.70532844E-06
  0.41714726E-01 -0.92442277E-02  0.94321814E-06
  0.41288634E-01 -0.91584542E-02  0.40117406E-02
  0.40810152E-01 -0.90598088E-02  0.80234282E-02
  0.40280700E-01 -0.89476432E-02  0.12032526E-01
  0.39701904E-01 -0.88211258E-02  0.16033308E-01
  0.39075541E-01 -0.86792982E-02  0.20017072E-01
  0.38403488E-01 -0.85211535E-02  0.23971719E-01
  0.37687657E-01 -0.83457294E-02  0.27881688E-01
  0.36929944E-01 -0.81522040E-02  0.31728257E-01
  0.36132172E-01 -0.79399855E-02  0.35490207E-01
  0.35296055E-01 -0.77087832E-02  0.39144782E-01
  0.34423173E-01 -0.74586544E-02  0.42668862E-01
  0.33514962E-01 -0.71900187E-02  0.46040267E-01
  0.32572727E-01 -0.69036373E-02  0.49239051E-01
  0.31597661E-01 -0.66005589E-02  0.52248680E-01
  0.30590891E-01 -0.62820354E-02  0.55056986E-01
  0.29553528E-01 -0.59494141E-02  0.57656814E-01
  0.28486719E-01 -0.56040170E-02  0.60046275E-01
  0.27391711E-01 -0.52470184E-02  0.62228614E-01
  0.26269904E-01 -0.48793313E-02  0.64211661E-01
  0.25122897E-01 -0.45015167E-02  0.66006943E-01
  0.23952519E-01 -0.41137221E-02  0.67628504E-01
  0.22760854E-01 -0.37156593E-02  0.69091556E-01
  0.21550236E-01 -0.33066240E-02  0.70411058E-01
  0.20323235E-01 -0.28855573E-02  0.71600363E-01
  0.19082626E-01 -0.24511453E-02  0.72670044E-01
  0.17831341E-01 -0.20019506E-02  0.73627000E-01
  0.16572412E-01 -0.15365633E-02  0.74473927E-01
  0.15308909E-01 -0.10537610E-02  0.75209195E-01
  0.14043868E-01 -0.55266365E-03  0.75827147E-01
  0.12780238E-01 -0.32868960E-04  0.76318793E-01
  0.11520814E-01  0.50544242E-03  0.76672841E-01
  0.10268198E-01  0.10614424E-02  0.76876972E-01
  0.90247607E-02  0.16336379E-02  0.76919255E-01
  0.77926252E-02  0.22199030E-02  0.76789576E-01
  0.65736621E-02  0.28175591E-02  0.76480962E-01
  0.53695003E-02  0.34234974E-02  0.75990673E-01
  0.41815496E-02  0.40343356E-02  0.75320993E-01
  0.30110342E-02  0.46465953E-02  0.74479622E-01
  0.18590324E-02  0.52568876E-02  0.73479654E-01
  0.72651950E-03  0.58620922E-02  0.72339133E-01
 -0.38558896E-03  0.64595152E-02  0.71080220E-01
 -0.14763991E-02  0.70470144E-02  0.69728044E-01
 -0.25450064E-02  0.76230816E-02  0.68309323E-01
 -0.35904735E-02  0.81868759E-02  0.66850868E-01
 -0.46118170E-02  0.87382062E-02  0.65378088E-01
 -0.56080067E-02  0.92774632E-02  0.63913619E-01
 -0.65779733E-02  0.98055087E-02  0.62476175E-01
 -0.75206257E-02  0.10323530E-01  0.61079717E-01
 -0.84348737E-02  0.10832869E-01  0.59732991E-01
 -0.93196536E-02  0.11334849E-01  0.58439480E-01
 -0.10173954E-01  0.11830594E-01  0.57197753E-01
 -0.10996838E-01  0.12320878E-01  0.56002176E-01
 -0.11787457E-01  0.12805999E-01  0.54843933E-01
 -0.12545056E-01  0.13285687E-01  0.53712259E-01
 -0.13268971E-01  0.13759069E-01  0.52595776E-01
 -0.13958607E-01  0.14224668E-01  0.51483844E-01
 -0.14613409E-01  0.14680456E-01  0.50367789E-01
 -0.15232823E-01  0.15123947E-01  0.49241932E-01
 -0.33921145E-01  0.20900598E-01  0.85101107E-01
 -0.34437075E-01  0.22902052E-01  0.84064168E-01
 -0.34961670E-01  0.24766870E-01  0.82931052E-01
 -0.35494961E-01  0.26499816E-01  0.81712447E-01
 -0.36037129E-01  0.28106055E-01  0.80422449E-01
 -0.36588458E-01  0.29591212E-01  0.79077550E-01
 -0.37149256E-01  0.30961404E-01  0.77695417E-01
 -0.37719753E-01  0.32223232E-01  0.76293543E-01
 -0.38299983E-01  0.33383742E-01  0.74887881E-01
 -0.38889662E-01  0.34450338E-01  0.73491559E-01
 -0.39488062E-01  0.35430671E-01  0.72113775E-01
 -0.40093898E-01  0.36332498E-01  0.70758958E-01
 -0.40705220E-01  0.37163520E-01  0.69426229E-01
 -0.41319337E-01  0.37931224E-01  0.68109229E-01
 -0.41932752E-01  0.38642718E-01  0.66796290E-01
 -0.42541122E-01  0.39304587E-01  0.65470938E-01
 -0.43139257E-01  0.39922773E-01  0.64112693E-01
 -0.43721130E-01  0.40502478E-01  0.62698086E-01
 -0.44279925E-01  0.41048111E-01  0.61201826E-01
 -0.44808110E-01  0.41563257E-01  0.59598035E-01
 -0.45297532E-01  0.42050691E-01  0.57861469E-01
 -0.45739542E-01  0.42512414E-01  0.55968646E-01
 -0.46125141E-01  0.42949713E-01  0.53898831E-01
 -0.46445148E-01  0.43363237E-01  0.51634828E-01
 -0.46690393E-01  0.43753084E-01  0.49163558E-01
 -0.46851917E-01  0.44118886E-01  0.46476423E-01
 -0.46921202E-01  0.44459895E-01  0.43569455E-01
 -0.46890398E-01  0.44775058E-01  0.40443295E-01
 -0.46752560E-01  0.45063086E-01  0.37103020E-01
 -0.46501880E-01  0.45322513E-01  0.33557868E-01
 -0.46133910E-01  0.45551752E-01  0.29820882E-01
 -0.45645752E-01  0.45749141E-01  0.25908522E-01
 -0.45036221E-01  0.45913000E-01  0.21840244E-01
 -0.44305957E-01  0.46041680E-01  0.17638086E-01
 -0.43457479E-01  0.46133626E-01  0.13326238E-01
 -0.42495171E-01  0.46187440E-01  0.89306241E-02
 -0.41425194E-01  0.46201953E-01  0.44784681E-02
 -0.40255337E-01  0.46176291E-01 -0.21334776E-05
  0.44497989E-01 -0.98972531E-02  0.10500676E-05
  0.44072020E-01 -0.98062616E-02  0.40078836E-02
  0.43589125E-01 -0.97035235E-02  0.80148274E-02
  0.43050839E-01 -0.95878142E-02  0.12017724E-01
  0.42458960E-01 -0.94575727E-02  0.16010311E-01
  0.41815489E-01 -0.93110336E-02  0.19983554E-01
  0.41122563E-01 -0.91463925E-02  0.23925254E-01
  0.40382383E-01 -0.89619865E-02  0.27819993E-01
  0.39597141E-01 -0.87564727E-02  0.31649433E-01
  0.38768958E-01 -0.85289848E-02  0.35392934E-01
  0.37899829E-01 -0.82792509E-02  0.39028462E-01
  0.36991589E-01 -0.80076592E-02  0.42533698E-01
  0.36045895E-01 -0.77152632E-02  0.45887252E-01
  0.35064229E-01 -0.74037226E-02  0.49069883E-01
  0.34047924E-01 -0.70751840E-02  0.52065603E-01
  0.32998200E-01 -0.67321099E-02  0.54862573E-01
  0.31916222E-01 -0.63770704E-02  0.57453699E-01
  0.30803164E-01 -0.60125167E-02  0.59836880E-01
  0.29660275E-01 -0.56405554E-02  0.62014876E-01
  0.28488945E-01 -0.52627468E-02  0.63994803E-01
  0.27290760E-01 -0.48799444E-02  0.65787293E-01
  0.26067548E-01 -0.44921942E-02  0.67405398E-01
  0.24821407E-01 -0.40987037E-02  0.68863325E-01
  0.23554715E-01 -0.36978856E-02  0.70175109E-01
  0.22270114E-01 -0.32874768E-02  0.71353348E-01
  0.20970488E-01 -0.28647233E-02  0.72408107E-01
  0.19658908E-01 -0.24266168E-02  0.73346078E-01
  0.18338578E-01 -0.19701658E-02  0.74170085E-01
  0.17012766E-01 -0.14926777E-02  0.74878967E-01
  0.15684724E-01 -0.99202851E-03  0.75467852E-01
  0.14357625E-01 -0.46689806E-03  0.75928802E-01
  0.13034491E-01  0.83050943E-04  0.76251765E-01
  0.11718141E-01  0.65706491E-03  0.76425761E-01
  0.10411149E-01  0.12532732E-02  0.76440197E-01
  0.91158166E-02  0.18687473E-02  0.76286192E-01
  0.78341680E-02  0.24996415E-02  0.75957800E-01
  0.65679553E-02  0.31414054E-02  0.75453033E-01
  0.53186829E-02  0.37890516E-02  0.74774580E-01
  0.40876432E-02  0.44374577E-02  0.73930174E-01
  0.28759605E-02  0.50816794E-02  0.72932566E-01
  0.16846399E-02  0.57172499E-02  0.71799108E-01
  0.51461681E-03  0.63404421E-02  0.70550974E-01
 -0.63319754E-03  0.69484728E-02  0.69212087E-01
 -0.17578776E-02  0.75396340E-02  0.67807837E-01
 -0.28584552E-02  0.81133408E-02  0.66363685E-01
 -0.39339029E-02  0.86700923E-02  0.64903779E-01
 -0.49831301E-02  0.92113506E-02  0.63449669E-01
 -0.60049908E-02  0.97393465E-02  0.62019250E-01
 -0.69983020E-02  0.10256830E-01  0.60625981E-01
 -0.79618695E-02  0.10766781E-01  0.59278470E-01
 -0.88945184E-02  0.11272112E-01  0.57980422E-01
 -0.97951238E-02  0.11775376E-01  0.56730965E-01
 -0.10662638E-01  0.12278504E-01  0.55525323E-01
 -0.11496110E-01  0.12782607E-01  0.54355757E-01
 -0.12294698E-01  0.13287826E-01  0.53212713E-01
 -0.13057664E-01  0.13793274E-01  0.52086073E-01
 -0.13784356E-01  0.14297050E-01  0.50966396E-01
 -0.14474181E-01  0.14796330E-01  0.49846070E-01
 -0.31723945E-01  0.18318963E-01  0.81239644E-01
 -0.32325994E-01  0.20573723E-01  0.80537403E-01
 -0.32930774E-01  0.22685961E-01  0.79724571E-01
 -0.33538121E-01  0.24658267E-01  0.78807738E-01
 -0.34148068E-01  0.26493716E-01  0.77797402E-01
 -0.34760834E-01  0.28196050E-01  0.76707297E-01
 -0.35376763E-01  0.29769820E-01  0.75553439E-01
 -0.35996240E-01  0.31220480E-01  0.74352961E-01
 -0.36619581E-01  0.32554406E-01  0.73122843E-01
 -0.37246907E-01  0.33778861E-01  0.71878609E-01
 -0.37878015E-01  0.34901878E-01  0.70633112E-01
 -0.38512248E-01  0.35932089E-01  0.69395482E-01
 -0.39148377E-01  0.36878504E-01  0.68170320E-01
 -0.39784499E-01  0.37750259E-01  0.66957186E-01
 -0.40417957E-01  0.38556346E-01  0.65750421E-01
 -0.41045287E-01  0.39305348E-01  0.64539299E-01
 -0.41662188E-01  0.40005200E-01  0.63308495E-01
 -0.42263531E-01  0.40662981E-01  0.62038834E-01
 -0.42843388E-01  0.41284763E-01  0.60708245E-01
 -0.43395096E-01  0.41875513E-01  0.59292869E-01
 -0.43911342E-01  0.42439055E-01  0.57768231E-01
 -0.44384284E-01  0.42978094E-01  0.56110394E-01
 -0.44805680E-01  0.43494286E-01  0.54297051E-01
 -0.45167057E-01  0.43988354E-01  0.52308466E-01
 -0.45459879E-01  0.44460231E-01  0.50128247E-01
 -0.45675744E-01  0.44909220E-01  0.47743914E-01
 -0.45806584E-01  0.45334153E-01  0.45147264E-01
 -0.45844878E-01  0.45733543E-01  0.42334545E-01
 -0.45783862E-01  0.46105717E-01  0.39306445E-01
 -0.45617737E-01  0.46448924E-01  0.36067957E-01
 -0.45341861E-01  0.46761415E-01  0.32628123E-01
 -0.44952930E-01  0.47041500E-01  0.28999710E-01
 -0.44449118E-01  0.47287578E-01  0.25198846E-01
 -0.43830189E-01  0.47498158E-01  0.21244616E-01
 -0.43097556E-01  0.47671866E-01  0.17158661E-01
 -0.42254292E-01  0.47807455E-01  0.12964760E-01
 -0.41305079E-01  0.47903810E-01  0.86884151E-02
 -0.40256101E-01  0.47959975E-01  0.43564249E-02
 -0.39114884E-01  0.47975176E-01 -0.35436379E-05
  0.47041046E-01 -0.10502198E-01  0.98586079E-06
  0.46614509E-01 -0.10407603E-01  0.40013192E-02
  0.46126832E-01 -0.10302233E-01  0.80002184E-02
  0.45579696E-01 -0.10184367E-01  0.11992648E-01
  0.44975103E-01 -0.10051829E-01  0.15971705E-01
  0.44315304E-01 -0.99021854E-02  0.19928018E-01
  0.43602720E-01 -0.97329747E-02  0.23849400E-01
  0.42839855E-01 -0.95419627E-02  0.27720807E-01
  0.42029213E-01 -0.93273831E-02  0.31524600E-01
  0.41173213E-01 -0.90881461E-02  0.35241114E-01
  0.40274130E-01 -0.88239912E-02  0.38849473E-01
  0.39334046E-01 -0.85355671E-02  0.42328593E-01
  0.38354823E-01 -0.82244267E-02  0.45658283E-01
  0.37338102E-01 -0.78929365E-02  0.48820340E-01
  0.36285325E-01 -0.75441047E-02  0.51799556E-01
  0.35197776E-01 -0.71813407E-02  0.54584521E-01
  0.34076644E-01 -0.68081682E-02  0.57168176E-01
  0.32923089E-01 -0.64279144E-02  0.59548034E-01
  0.31738324E-01 -0.60434059E-02  0.61726071E-01
  0.30523690E-01 -0.56566964E-02  0.63708277E-01
  0.29280720E-01 -0.52688556E-02  0.65503908E-01
  0.28011202E-01 -0.48798372E-02  0.67124498E-01
  0.26717212E-01 -0.44884430E-02  0.68582733E-01
  0.25401133E-01 -0.40923878E-02  0.69891253E-01
  0.24065648E-01 -0.36884633E-02  0.71061517E-01
  0.22713715E-01 -0.32727903E-02  0.72102814E-01
  0.21348520E-01 -0.28411382E-02  0.73021503E-01
  0.19973412E-01 -0.23892891E-02  0.73820565E-01
  0.18591832E-01 -0.19134141E-02  0.74499486E-01
  0.17207231E-01 -0.14104321E-02  0.75054496E-01
  0.15822989E-01 -0.87832095E-03  0.75479132E-01
  0.14442342E-01 -0.31635256E-03  0.75765091E-01
  0.13068315E-01  0.27476655E-03  0.75903274E-01
  0.11703677E-01  0.89286387E-03  0.75884959E-01
  0.10350904E-01  0.15343821E-02  0.75702980E-01
  0.90121704E-02  0.21945678E-02  0.75352812E-01
  0.76893510E-02  0.28677538E-02  0.74833483E-01
  0.63840472E-02  0.35477136E-02  0.74148210E-01
  0.50976232E-02  0.42280590E-02  0.73304726E-01
  0.38312545E-02  0.49026518E-02  0.72315249E-01
  0.25859820E-02  0.55659955E-02  0.71196108E-01
  0.13627678E-02  0.62135766E-02  0.69967046E-01
  0.16254731E-03  0.68421298E-02  0.68650258E-01
 -0.10137264E-02  0.74498050E-02  0.67269240E-01
 -0.21650489E-02  0.80362258E-02  0.65847547E-01
 -0.32903442E-02  0.86024337E-02  0.64407546E-01
 -0.43884583E-02  0.91507244E-02  0.62969281E-01
 -0.54581675E-02  0.96843898E-02  0.61549513E-01
 -0.64981973E-02  0.10207387E-01  0.60161038E-01
 -0.75072522E-02  0.10723961E-01  0.58812303E-01
 -0.84840496E-02  0.11238247E-01  0.57507369E-01
 -0.94273557E-02  0.11753897E-01  0.56246200E-01
 -0.10336018E-01  0.12273735E-01  0.55025261E-01
 -0.11208991E-01  0.12799492E-01  0.53838365E-01
 -0.12045347E-01  0.13331628E-01  0.52677691E-01
 -0.12844279E-01  0.13869246E-01  0.51534903E-01
 -0.13605085E-01  0.14410120E-01  0.50402257E-01
 -0.14327133E-01  0.14950817E-01  0.49273627E-01
 -0.29433041E-01  0.17845789E-01  0.76126213E-01
 -0.30138966E-01  0.20195616E-01  0.75663911E-01
 -0.30841333E-01  0.22402893E-01  0.75085371E-01
 -0.31539904E-01  0.24468590E-01  0.74397000E-01
 -0.32234657E-01  0.26394305E-01  0.73608791E-01
 -0.32925762E-01  0.28182528E-01  0.72733701E-01
 -0.33613522E-01  0.29836847E-01  0.71786772E-01
 -0.34298282E-01  0.31362091E-01  0.70784068E-01
 -0.34980315E-01  0.32764374E-01  0.69741505E-01
 -0.35659698E-01  0.34051057E-01  0.68673661E-01
 -0.36336183E-01  0.35230606E-01  0.67592666E-01
 -0.37009070E-01  0.36312378E-01  0.66507224E-01
 -0.37677095E-01  0.37306336E-01  0.65421876E-01
 -0.38338337E-01  0.38222713E-01  0.64336520E-01
 -0.38990149E-01  0.39071668E-01  0.63246231E-01
 -0.39629115E-01  0.39862930E-01  0.62141393E-01
 -0.40251034E-01  0.40605480E-01  0.61008110E-01
 -0.40850937E-01  0.41307284E-01  0.59828881E-01
 -0.41423135E-01  0.41975080E-01  0.58583466E-01
 -0.41961284E-01  0.42614257E-01  0.57249893E-01
 -0.42458490E-01  0.43228802E-01  0.55805529E-01
 -0.42907426E-01  0.43821329E-01  0.54228153E-01
 -0.43300475E-01  0.44393187E-01  0.52496958E-01
 -0.43629891E-01  0.44944609E-01  0.50593444E-01
 -0.43887970E-01  0.45474915E-01  0.48502153E-01
 -0.44067238E-01  0.45982726E-01  0.46211220E-01
 -0.44160641E-01  0.46466189E-01  0.43712755E-01
 -0.44161741E-01  0.46923180E-01  0.41003036E-01
 -0.44064903E-01  0.47351488E-01  0.38082554E-01
 -0.43865481E-01  0.47748949E-01  0.34955919E-01
 -0.43559974E-01  0.48113554E-01  0.31631671E-01
 -0.43146170E-01  0.48443497E-01  0.28122012E-01
 -0.42623248E-01  0.48737205E-01  0.24442486E-01
 -0.41991846E-01  0.48993322E-01  0.20611622E-01
 -0.41254080E-01  0.49210685E-01  0.16650562E-01
 -0.40413519E-01  0.49388287E-01  0.12582656E-01
 -0.39475110E-01  0.49525246E-01  0.84330538E-02
 -0.38445049E-01  0.49620782E-01  0.42282667E-02
 -0.37330618E-01  0.49674214E-01 -0.42744119E-05
  0.49337042E-01 -0.11060999E-01  0.76385282E-06
  0.48909788E-01 -0.10963581E-01  0.39916186E-02
  0.48417614E-01 -0.10856139E-01  0.79789117E-02
  0.47862368E-01 -0.10736604E-01  0.11956598E-01
  0.47246268E-01 -0.10602378E-01  0.15917067E-01
  0.46571820E-01 -0.10450565E-01  0.19850625E-01
  0.45841727E-01 -0.10278254E-01  0.23745195E-01
  0.45058790E-01 -0.10082816E-01  0.27586276E-01
  0.44225805E-01 -0.98621891E-02  0.31357176E-01
  0.43345476E-01 -0.96151173E-02  0.35039495E-01
  0.42420331E-01 -0.93413293E-02  0.38613836E-01
  0.41452671E-01 -0.90416236E-02  0.42060672E-01
  0.40444532E-01 -0.87178580E-02  0.45361300E-01
  0.39397682E-01 -0.83728376E-02  0.48498799E-01
  0.38313640E-01 -0.80101075E-02  0.51458904E-01
  0.37193722E-01 -0.76336691E-02  0.54230713E-01
  0.36039104E-01 -0.72476407E-02  0.56807173E-01
  0.34850906E-01 -0.68558942E-02  0.59185287E-01
  0.33630273E-01 -0.64617000E-02  0.61366032E-01
  0.32378466E-01 -0.60674120E-02  0.63353979E-01
  0.31096943E-01 -0.56742230E-02  0.65156657E-01
  0.29787424E-01 -0.52820151E-02  0.66783718E-01
  0.28451937E-01 -0.48893215E-02  0.68245955E-01
  0.27092849E-01 -0.44934049E-02  0.69554279E-01
  0.25712861E-01 -0.40904516E-02  0.70718740E-01
  0.24314985E-01 -0.36758662E-02  0.71747662E-01
  0.22902499E-01 -0.32446445E-02  0.72646984E-01
  0.21478879E-01 -0.27917953E-02  0.73419861E-01
  0.20047724E-01 -0.23127767E-02  0.74066553E-01
  0.18612663E-01 -0.18039105E-02  0.74584609E-01
  0.17177270E-01 -0.12627391E-02  0.74969344E-01
  0.15744981E-01 -0.68829662E-03  0.75214551E-01
  0.14319018E-01 -0.81267389E-04  0.75313391E-01
  0.12902336E-01  0.55597981E-03  0.75259379E-01
  0.11497582E-01  0.12194880E-02  0.75047396E-01
  0.10107077E-01  0.19039315E-02  0.74674604E-01
  0.87328218E-02  0.26029431E-02  0.74141225E-01
  0.73765187E-02  0.33095224E-02  0.73451081E-01
  0.60396102E-02  0.40164943E-02  0.72611870E-01
  0.47233314E-02  0.47169815E-02  0.71635138E-01
  0.34287687E-02  0.54048537E-02  0.70535951E-01
  0.21569211E-02  0.60751179E-02  0.69332305E-01
  0.90875782E-03  0.67242202E-02  0.68044291E-01
 -0.31473180E-03  0.73502353E-02  0.66693115E-01
 -0.15125004E-02  0.79529298E-02  0.65300029E-01
 -0.26834187E-02  0.85336956E-02  0.63885263E-01
 -0.38262683E-02  0.90953593E-02  0.62467050E-01
 -0.49397484E-02  0.96418835E-02  0.61060808E-01
 -0.60224976E-02  0.10177985E-01  0.59678550E-01
 -0.70731251E-02  0.10708702E-01  0.58328554E-01
 -0.80902492E-02  0.11238939E-01  0.57015335E-01
 -0.90725370E-02  0.11773031E-01  0.55739885E-01
 -0.10018741E-01  0.12314362E-01  0.54500189E-01
 -0.10927729E-01  0.12865053E-01  0.53291942E-01
 -0.11798499E-01  0.13425762E-01  0.52109427E-01
 -0.12630180E-01  0.13995589E-01  0.50946463E-01
 -0.13422021E-01  0.14572110E-01  0.49797354E-01
 -0.25726435E-01  0.14832686E-01  0.70818841E-01
 -0.26552612E-01  0.17400996E-01  0.70724223E-01
 -0.27369587E-01  0.19828686E-01  0.70507209E-01
 -0.28176776E-01  0.22115044E-01  0.70170344E-01
 -0.28973806E-01  0.24259763E-01  0.69719657E-01
 -0.29760518E-01  0.26263282E-01  0.69164358E-01
 -0.30536940E-01  0.28127102E-01  0.68516275E-01
 -0.31303223E-01  0.29854037E-01  0.67789070E-01
 -0.32059549E-01  0.31448380E-01  0.66997298E-01
 -0.32806018E-01  0.32915970E-01  0.66155371E-01
 -0.33542534E-01  0.34264147E-01  0.65276507E-01
 -0.34268677E-01  0.35501594E-01  0.64371735E-01
 -0.34983598E-01  0.36638094E-01  0.63449044E-01
 -0.35685914E-01  0.37684196E-01  0.62512707E-01
 -0.36373632E-01  0.38650831E-01  0.61562853E-01
 -0.37044095E-01  0.39548904E-01  0.60595293E-01
 -0.37693953E-01  0.40388887E-01  0.59601621E-01
 -0.38319163E-01  0.41180442E-01  0.58569562E-01
 -0.38915015E-01  0.41932107E-01  0.57483554E-01
 -0.39476184E-01  0.42651048E-01  0.56325500E-01
 -0.39996808E-01  0.43342915E-01  0.55075654E-01
 -0.40470582E-01  0.44011775E-01  0.53713565E-01
 -0.40890881E-01  0.44660158E-01  0.52219037E-01
 -0.41250891E-01  0.45289163E-01  0.50573033E-01
 -0.41543761E-01  0.45898655E-01  0.48758488E-01
 -0.41762762E-01  0.46487489E-01  0.46760999E-01
 -0.41901461E-01  0.47053778E-01  0.44569364E-01
 -0.41953894E-01  0.47595145E-01  0.42175966E-01
 -0.41914739E-01  0.48108981E-01  0.39577014E-01
 -0.41779490E-01  0.48592645E-01  0.36772636E-01
 -0.41544611E-01  0.49043637E-01  0.33766866E-01
 -0.41207671E-01  0.49459711E-01  0.30567530E-01
 -0.40767459E-01  0.49838931E-01  0.27186053E-01
 -0.40224055E-01  0.50179689E-01  0.23637213E-01
 -0.39578869E-01  0.50480678E-01  0.19938841E-01
 -0.38834630E-01  0.50740840E-01  0.16111485E-01
 -0.37995336E-01  0.50959302E-01  0.12178033E-01
 -0.37066155E-01  0.51135316E-01  0.81633010E-02
 -0.36053291E-01  0.51268206E-01  0.40935825E-02
 -0.34963817E-01  0.51357343E-01 -0.38229244E-05
  0.51382531E-01 -0.11577374E-01  0.42149668E-06
  0.50954962E-01 -0.11477352E-01  0.39784429E-02
  0.50459231E-01 -0.11367794E-01  0.79504472E-02
  0.49897355E-01 -0.11246480E-01  0.11909318E-01
  0.49271760E-01 -0.11110619E-01  0.15846712E-01
  0.48585190E-01 -0.10957105E-01  0.19752632E-01
  0.47840606E-01 -0.10782812E-01  0.23615171E-01
  0.47041072E-01 -0.10584920E-01  0.27420482E-01
  0.46189640E-01 -0.10361206E-01  0.31152954E-01
  0.45289251E-01 -0.10110309E-01  0.34795623E-01
  0.44342647E-01 -0.98319096E-02  0.38330749E-01
  0.43352299E-01 -0.95268216E-02  0.41740539E-01
  0.42320374E-01 -0.91969803E-02  0.45007943E-01
  0.41248727E-01 -0.88453203E-02  0.48117455E-01
  0.40138915E-01 -0.84755566E-02  0.51055844E-01
  0.38992252E-01 -0.80918825E-02  0.53812760E-01
  0.37809876E-01 -0.76986118E-02  0.56381146E-01
  0.36592839E-01 -0.72997955E-02  0.58757435E-01
  0.35342199E-01 -0.68988471E-02  0.60941488E-01
  0.34059125E-01 -0.64982122E-02  0.62936307E-01
  0.32744982E-01 -0.60991122E-02  0.64747519E-01
  0.31401411E-01 -0.57013887E-02  0.66382693E-01
  0.30030386E-01 -0.53034643E-02  0.67850542E-01
  0.28634246E-01 -0.49024272E-02  0.69160075E-01
  0.27215699E-01 -0.44942367E-02  0.70319788E-01
  0.25777801E-01 -0.40740335E-02  0.71336942E-01
  0.24323910E-01 -0.36365319E-02  0.72217007E-01
  0.22857617E-01 -0.31764630E-02  0.72963321E-01
  0.21382661E-01 -0.26890317E-02  0.73576970E-01
  0.19902839E-01 -0.21703500E-02  0.74056935E-01
  0.18421903E-01 -0.16178110E-02  0.74400453E-01
  0.16943477E-01 -0.10303697E-02  0.74603583E-01
  0.15470970E-01 -0.40870854E-03  0.74661927E-01
  0.14007515E-01  0.24472952E-03  0.74571420E-01
  0.12555923E-01  0.92584320E-03  0.74329142E-01
  0.11118663E-01  0.16291045E-02  0.73934071E-01
  0.96978625E-02  0.23479019E-02  0.73387700E-01
  0.82953295E-02  0.30749686E-02  0.72694486E-01
  0.69125934E-02  0.38028623E-02  0.71862061E-01
  0.55509598E-02  0.45244588E-02  0.70901216E-01
  0.42115724E-02  0.52334206E-02  0.69825629E-01
  0.28954792E-02  0.59246040E-02  0.68651375E-01
  0.16036949E-02  0.65943727E-02  0.67396247E-01
  0.33725474E-03  0.72407939E-02  0.66078952E-01
 -0.90274375E-03  0.78637029E-02  0.64718236E-01
 -0.21151145E-02  0.84646312E-02  0.63332007E-01
 -0.32985738E-02  0.90466062E-02  0.61936537E-01
 -0.44517478E-02  0.96138376E-02  0.60545790E-01
 -0.55731947E-02  0.10171319E-01  0.59170939E-01
 -0.66614386E-02  0.10724372E-01  0.57820092E-01
 -0.77150104E-02  0.11278177E-01  0.56498268E-01
 -0.87324913E-02  0.11837314E-01  0.55207591E-01
 -0.97125523E-02  0.12405364E-01  0.53947709E-01
 -0.10653986E-01  0.12984590E-01  0.52716378E-01
 -0.11555723E-01  0.13575722E-01  0.51510172E-01
 -0.12416840E-01  0.14177866E-01  0.50325263E-01
 -0.21194629E-01  0.11649492E-01  0.64633225E-01
 -0.22156354E-01  0.14411493E-01  0.64911591E-01
 -0.23104164E-01  0.17037883E-01  0.65066462E-01
 -0.24037086E-01  0.19526908E-01  0.65097217E-01
 -0.24954319E-01  0.21876915E-01  0.65006304E-01
 -0.25855273E-01  0.24086722E-01  0.64799183E-01
 -0.26739562E-01  0.26155983E-01  0.64484046E-01
 -0.27606970E-01  0.28085522E-01  0.64071323E-01
 -0.28457382E-01  0.29877601E-01  0.63572998E-01
 -0.29290694E-01  0.31536101E-01  0.63001807E-01
 -0.30106713E-01  0.33066587E-01  0.62370346E-01
 -0.30905044E-01  0.34476264E-01  0.61690174E-01
 -0.31684988E-01  0.35773814E-01  0.60970962E-01
 -0.32445450E-01  0.36969125E-01  0.60219758E-01
 -0.33184852E-01  0.38072945E-01  0.59440406E-01
 -0.33901084E-01  0.39096469E-01  0.58633165E-01
 -0.34591463E-01  0.40050901E-01  0.57794547E-01
 -0.35252725E-01  0.40947017E-01  0.56917386E-01
 -0.35881034E-01  0.41794763E-01  0.55991119E-01
 -0.36472020E-01  0.42602913E-01  0.55002261E-01
 -0.37020834E-01  0.43378807E-01  0.53935037E-01
 -0.37522218E-01  0.44128182E-01  0.52772126E-01
 -0.37970601E-01  0.44855114E-01  0.51495473E-01
 -0.38360200E-01  0.45562048E-01  0.50087108E-01
 -0.38685140E-01  0.46249922E-01  0.48529943E-01
 -0.38939588E-01  0.46918370E-01  0.46808500E-01
 -0.39117888E-01  0.47565967E-01  0.44909543E-01
 -0.39214717E-01  0.48190507E-01  0.42822595E-01
 -0.39225230E-01  0.48789290E-01  0.40540335E-01
 -0.39145225E-01  0.49359386E-01  0.38058877E-01
 -0.38971284E-01  0.49897861E-01  0.35377930E-01
 -0.38700914E-01  0.50401958E-01  0.32500867E-01
 -0.38332662E-01  0.50869223E-01  0.29434693E-01
 -0.37866209E-01  0.51297564E-01  0.26189948E-01
 -0.37302423E-01  0.51685268E-01  0.22780539E-01
 -0.36643378E-01  0.52030965E-01  0.19223504E-01
 -0.35892323E-01  0.52333572E-01  0.15538726E-01
 -0.35053617E-01  0.52592215E-01  0.11748575E-01
 -0.34132618E-01  0.52806152E-01  0.78775057E-02
 -0.33135538E-01  0.52974712E-01  0.39515870E-02
 -0.32069282E-01  0.53097259E-01 -0.20053493E-05
  0.53177222E-01 -0.12056269E-01  0.14641268E-07
  0.52750241E-01 -0.11953659E-01  0.39615627E-02
  0.52252463E-01 -0.11841723E-01  0.79145997E-02
  0.51686064E-01 -0.11718295E-01  0.11850942E-01
  0.51053651E-01 -0.11580633E-01  0.15761524E-01
  0.50358171E-01 -0.11425672E-01  0.19636060E-01
  0.49602796E-01 -0.11250310E-01  0.23462837E-01
  0.48790797E-01 -0.11051727E-01  0.27228681E-01
  0.47925426E-01 -0.10827677E-01  0.30919098E-01
  0.47009803E-01 -0.10576742E-01  0.34518587E-01
  0.46046817E-01 -0.10298512E-01  0.38011098E-01
  0.45039056E-01 -0.99936793E-02  0.41380605E-01
  0.43988765E-01 -0.96640246E-02  0.44611741E-01
  0.42897836E-01 -0.93123055E-02  0.47690436E-01
  0.41767829E-01 -0.89420431E-02  0.50604517E-01
  0.40600025E-01 -0.85572315E-02  0.53344201E-01
  0.39395501E-01 -0.81619916E-02  0.55902439E-01
  0.38155224E-01 -0.77601993E-02  0.58275094E-01
  0.36880161E-01 -0.73551237E-02  0.60460916E-01
  0.35571382E-01 -0.69491062E-02  0.62461332E-01
  0.34230160E-01 -0.65433126E-02  0.64280058E-01
  0.32858063E-01 -0.61375815E-02  0.65922574E-01
  0.31457011E-01 -0.57303862E-02  0.67395499E-01
  0.30029316E-01 -0.53189167E-02  0.68705930E-01
  0.28577696E-01 -0.48992769E-02  0.69860797E-01
  0.27105247E-01 -0.44667851E-02  0.70866285E-01
  0.25615403E-01 -0.40163525E-02  0.71727387E-01
  0.24111859E-01 -0.35429111E-02  0.72447606E-01
  0.22598487E-01 -0.30418545E-02  0.73028853E-01
  0.21079234E-01 -0.25094565E-02  0.73471523E-01
  0.19558021E-01 -0.19432307E-02  0.73774763E-01
  0.18038644E-01 -0.13422017E-02  0.73936892E-01
  0.16524687E-01 -0.70706312E-03  0.73955934E-01
  0.15019452E-01 -0.40209090E-04  0.73830229E-01
  0.13525907E-01  0.65436595E-03  0.73559045E-01
  0.12046666E-01  0.13712918E-02  0.73143152E-01
  0.10583985E-01  0.21041544E-02  0.72585300E-01
  0.91397837E-02  0.28459106E-02  0.71890558E-01
  0.77156860E-02  0.35893508E-02  0.71066478E-01
  0.63130789E-02  0.43275762E-02  0.70123074E-01
  0.49331762E-02  0.50544509E-02  0.69072616E-01
  0.35770880E-02  0.57649940E-02  0.67929243E-01
  0.22458862E-02  0.64556822E-02  0.66708437E-01
  0.94066208E-03  0.71246380E-02  0.65426392E-01
 -0.33742966E-03  0.77716910E-02  0.64099337E-01
 -0.15871428E-02  0.83983086E-02  0.62742851E-01
 -0.28071293E-02  0.90074007E-02  0.61371240E-01
 -0.39959471E-02  0.96030183E-02  0.59997014E-01
 -0.51520827E-02  0.10189967E-01  0.58630503E-01
 -0.62739869E-02  0.10773367E-01  0.57279653E-01
 -0.73601171E-02  0.11358202E-01  0.55949991E-01
 -0.84089830E-02  0.11948876E-01  0.54644782E-01
 -0.94191883E-02  0.12548826E-01  0.53365346E-01
 -0.10389463E-01  0.13160219E-01  0.52111509E-01
 -0.11318683E-01  0.13783740E-01  0.50882155E-01
 -0.15851568E-01  0.84021825E-02  0.57615188E-01
 -0.16958394E-01  0.11330993E-01  0.58261501E-01
 -0.18048011E-01  0.14130867E-01  0.58787153E-01
 -0.19118997E-01  0.16799572E-01  0.59189152E-01
 -0.20170063E-01  0.19334737E-01  0.59467034E-01
 -0.21200104E-01  0.21734176E-01  0.59622963E-01
 -0.22208221E-01  0.23996237E-01  0.59661646E-01
 -0.23193703E-01  0.26120162E-01  0.59590072E-01
 -0.24155984E-01  0.28106413E-01  0.59417087E-01
 -0.25094570E-01  0.29956932E-01  0.59152819E-01
 -0.26008963E-01  0.31675307E-01  0.58808002E-01
 -0.26898559E-01  0.33266845E-01  0.58393245E-01
 -0.27762562E-01  0.34738510E-01  0.57918284E-01
 -0.28599896E-01  0.36098767E-01  0.57391281E-01
 -0.29409136E-01  0.37357309E-01  0.56818208E-01
 -0.30188450E-01  0.38524706E-01  0.56202365E-01
 -0.30935570E-01  0.39611995E-01  0.55544048E-01
 -0.31647772E-01  0.40630239E-01  0.54840407E-01
 -0.32321888E-01  0.41590095E-01  0.54085477E-01
 -0.32954326E-01  0.42501403E-01  0.53270390E-01
 -0.33541112E-01  0.43372847E-01  0.52383755E-01
 -0.34077947E-01  0.44211685E-01  0.51412155E-01
 -0.34560270E-01  0.45023585E-01  0.50340752E-01
 -0.34983333E-01  0.45812551E-01  0.49153958E-01
 -0.35342293E-01  0.46580956E-01  0.47836113E-01
 -0.35632302E-01  0.47329663E-01  0.46372170E-01
 -0.35848616E-01  0.48058214E-01  0.44748330E-01
 -0.35986706E-01  0.48765085E-01  0.42952609E-01
 -0.36042386E-01  0.49447953E-01  0.40975338E-01
 -0.36011936E-01  0.50103986E-01  0.38809559E-01
 -0.35892242E-01  0.50730103E-01  0.36451349E-01
 -0.35680923E-01  0.51323206E-01  0.33900040E-01
 -0.35376451E-01  0.51880365E-01  0.31158361E-01
 -0.34978258E-01  0.52398941E-01  0.28232508E-01
 -0.34486812E-01  0.52876657E-01  0.25132127E-01
 -0.33903663E-01  0.53311615E-01  0.21870224E-01
 -0.33231448E-01  0.53702268E-01  0.18463009E-01
 -0.32473858E-01  0.54047368E-01  0.14929642E-01
 -0.31635554E-01  0.54345893E-01  0.11291917E-01
 -0.30722057E-01  0.54596973E-01  0.75738517E-02
 -0.29739601E-01  0.54799832E-01  0.38012121E-02
 -0.28694967E-01  0.54953752E-01  0.96705070E-06
  0.54723591E-01 -0.12503206E-01 -0.39090659E-06
  0.54298501E-01 -0.12398186E-01  0.39408718E-02
  0.53800618E-01 -0.12283776E-01  0.78713709E-02
  0.53232246E-01 -0.12158050E-01  0.11781917E-01
  0.52596139E-01 -0.12018530E-01  0.15662760E-01
  0.51895392E-01 -0.11862410E-01  0.19503331E-01
  0.51133326E-01 -0.11686818E-01  0.23292090E-01
  0.50313355E-01 -0.11489105E-01  0.27016486E-01
  0.49438858E-01 -0.11267112E-01  0.30663064E-01
  0.48513060E-01 -0.11019405E-01  0.34217693E-01
  0.47538931E-01 -0.10745444E-01  0.37665909E-01
  0.46519112E-01 -0.10445674E-01  0.40993350E-01
  0.45455872E-01 -0.10121521E-01  0.44186236E-01
  0.44351096E-01 -0.97752984E-02  0.47231867E-01
  0.43206309E-01 -0.94100202E-02  0.50119086E-01
  0.42022735E-01 -0.90291453E-02  0.52838666E-01
  0.40801374E-01 -0.86362699E-02  0.55383599E-01
  0.39543110E-01 -0.82347959E-02  0.57749249E-01
  0.38248815E-01 -0.78276064E-02  0.59933358E-01
  0.36919471E-01 -0.74167777E-02  0.61935911E-01
  0.35556274E-01 -0.70033546E-02  0.63758864E-01
  0.34160729E-01 -0.65872130E-02  0.65405764E-01
  0.32734717E-01 -0.61670226E-02  0.66881290E-01
  0.31280537E-01 -0.57403171E-02  0.68190760E-01
  0.29800921E-01 -0.53036689E-02  0.69339641E-01
  0.28299010E-01 -0.48529550E-02  0.70333111E-01
  0.26778310E-01 -0.43836944E-02  0.71175703E-01
  0.25242615E-01 -0.38914292E-02  0.71871060E-01
  0.23695918E-01 -0.33721183E-02  0.72421838E-01
  0.22142305E-01 -0.28225111E-02  0.72829730E-01
  0.20585848E-01 -0.22404691E-02  0.73095639E-01
  0.19030500E-01 -0.16252083E-02  0.73219960E-01
  0.17480004E-01 -0.97744028E-03  0.73202956E-01
  0.15937817E-01 -0.29940058E-03  0.73045180E-01
  0.14407059E-01  0.40524147E-03  0.72747915E-01
  0.12890481E-01  0.11315838E-02  0.72313583E-01
  0.11390465E-01  0.18737892E-02  0.71746084E-01
  0.99090470E-02  0.26254565E-02  0.71051042E-01
  0.84479531E-02  0.33800359E-02  0.70235917E-01
  0.70086614E-02  0.41312560E-02  0.69309990E-01
  0.55924675E-02  0.48735292E-02  0.68284206E-01
  0.42005558E-02  0.56023034E-02  0.67170891E-01
  0.28340672E-02  0.63143327E-02  0.65983364E-01
  0.14941585E-02  0.70078468E-02  0.64735471E-01
  0.18204830E-03  0.76826059E-02  0.63441090E-01
 -0.11009542E-02  0.83398385E-02  0.62113623E-01
 -0.23534380E-02  0.89820672E-02  0.60765537E-01
 -0.35738980E-02  0.96128385E-02  0.59407981E-01
 -0.47607582E-02  0.10236376E-01  0.58050499E-01
 -0.59124074E-02  0.10857191E-01  0.56700877E-01
 -0.70272437E-02  0.11479668E-01  0.55365116E-01
 -0.81037197E-02  0.12107679E-01  0.54047543E-01
 -0.91403851E-02  0.12744232E-01  0.52751037E-01
 -0.10135920E-01  0.13391195E-01  0.51477361E-01
 -0.11089155E-01  0.14049112E-01  0.50227558E-01
 -0.10995102E-01  0.82505751E-02  0.50837615E-01
 -0.12230432E-01  0.11198134E-01  0.51722545E-01
 -0.13445254E-01  0.14021807E-01  0.52488182E-01
 -0.14637705E-01  0.16718947E-01  0.53131769E-01
 -0.15806086E-01  0.19286906E-01  0.53652748E-01
 -0.16948895E-01  0.21723320E-01  0.54052781E-01
 -0.18064825E-01  0.24026430E-01  0.54335650E-01
 -0.19152741E-01  0.26195395E-01  0.54507005E-01
 -0.20211621E-01  0.28230592E-01  0.54574008E-01
 -0.21240494E-01  0.30133837E-01  0.54544852E-01
 -0.22238360E-01  0.31908541E-01  0.54428219E-01
 -0.23204109E-01  0.33559755E-01  0.54232683E-01
 -0.24136452E-01  0.35094114E-01  0.53966118E-01
 -0.25033855E-01  0.36519678E-01  0.53635131E-01
 -0.25894497E-01  0.37845675E-01  0.53244567E-01
 -0.26716238E-01  0.39082166E-01  0.52797113E-01
 -0.27496614E-01  0.40239657E-01  0.52293027E-01
 -0.28232843E-01  0.41328686E-01  0.51730000E-01
 -0.28921851E-01  0.42359411E-01  0.51103169E-01
 -0.29560302E-01  0.43341223E-01  0.50405262E-01
 -0.30144646E-01  0.44282423E-01  0.49626872E-01
 -0.30671172E-01  0.45189966E-01  0.48756849E-01
 -0.31136056E-01  0.46069299E-01  0.47782761E-01
 -0.31535424E-01  0.46924287E-01  0.46691426E-01
 -0.31865413E-01  0.47757237E-01  0.45469470E-01
 -0.32122241E-01  0.48569006E-01  0.44103883E-01
 -0.32302281E-01  0.49359172E-01  0.42582574E-01
 -0.32402143E-01  0.50126264E-01  0.40894875E-01
 -0.32418776E-01  0.50868016E-01  0.39032007E-01
 -0.32349564E-01  0.51581631E-01  0.36987487E-01
 -0.32192443E-01  0.52264024E-01  0.34757469E-01
 -0.31946009E-01  0.52912047E-01  0.32341033E-01
 -0.31609632E-01  0.53522660E-01  0.29740386E-01
 -0.31183544E-01  0.54093060E-01  0.26961016E-01
 -0.30668911E-01  0.54620752E-01  0.24011753E-01
 -0.30067880E-01  0.55103577E-01  0.20904754E-01
 -0.29383574E-01  0.55539705E-01  0.17655406E-01
 -0.28620055E-01  0.55927590E-01  0.14282122E-01
 -0.27782248E-01  0.56265925E-01  0.10806045E-01
 -0.26875822E-01  0.56553584E-01  0.72506560E-02
 -0.25907042E-01  0.56789580E-01  0.36412785E-02
 -0.24882612E-01  0.56973044E-01  0.45176606E-05
  0.56026427E-01 -0.12923683E-01 -0.72917146E-06
  0.55604807E-01 -0.12816873E-01  0.39163944E-02
  0.55109012E-01 -0.12700362E-01  0.78209721E-02
  0.54541442E-01 -0.12572599E-01  0.11702914E-01
  0.53904943E-01 -0.12431525E-01  0.15551842E-01
  0.53202704E-01 -0.12274755E-01  0.19356906E-01
  0.52438125E-01 -0.12099799E-01  0.23106674E-01
  0.51614688E-01 -0.11904302E-01  0.26789108E-01
  0.50735824E-01 -0.11686274E-01  0.30391627E-01
  0.49804791E-01 -0.11444295E-01  0.33901275E-01
  0.48824572E-01 -0.11177663E-01  0.37304960E-01
  0.47797802E-01 -0.10886487E-01  0.40589774E-01
  0.46726721E-01 -0.10571690E-01  0.43743338E-01
  0.45613169E-01 -0.10234945E-01  0.46754173E-01
  0.44458611E-01 -0.98785342E-02  0.49612046E-01
  0.43264199E-01 -0.95051366E-02  0.52308267E-01
  0.42030855E-01 -0.91175861E-02  0.54835916E-01
  0.40759379E-01 -0.87185965E-02  0.57189982E-01
  0.39450569E-01 -0.83104948E-02  0.59367387E-01
  0.38105336E-01 -0.78949808E-02  0.61366914E-01
  0.36724819E-01 -0.74729385E-02  0.63189036E-01
  0.35310485E-01 -0.70443171E-02  0.64835656E-01
  0.33864192E-01 -0.66080957E-02  0.66309795E-01
  0.32388245E-01 -0.61623350E-02  0.67615238E-01
  0.30885400E-01 -0.57043167E-02  0.68756187E-01
  0.29358847E-01 -0.52307587E-02  0.69736937E-01
  0.27812163E-01 -0.47380896E-02  0.70561603E-01
  0.26249234E-01 -0.42227611E-02  0.71233928E-01
  0.24674158E-01 -0.36815711E-02  0.71757181E-01
  0.23091144E-01 -0.31119721E-02  0.72134149E-01
  0.21504395E-01 -0.25123362E-02  0.72367222E-01
  0.19918000E-01 -0.18821562E-02  0.72458563E-01
  0.18335842E-01 -0.12221629E-02  0.72410342E-01
  0.16761518E-01 -0.53434919E-03  0.72225002E-01
  0.15198280E-01  0.17810322E-03  0.71905550E-01
  0.13649011E-01  0.91098980E-03  0.71455817E-01
  0.12116215E-01  0.16593288E-02  0.70880683E-01
  0.10602042E-01  0.24176683E-02  0.70186239E-01
  0.91083258E-02  0.31804300E-02  0.69379854E-01
  0.76366425E-02  0.39422633E-02  0.68470165E-01
  0.61883796E-02  0.46983817E-02  0.67466959E-01
  0.47648066E-02  0.54448550E-02  0.66380985E-01
  0.33671438E-02  0.61788345E-02  0.65223676E-01
  0.19966223E-02  0.68986944E-02  0.64006838E-01
  0.65453051E-03  0.76040788E-02  0.62742298E-01
 -0.65775625E-03  0.82958509E-02  0.61441559E-01
 -0.19387649E-02  0.89759500E-02  0.60115485E-01
 -0.31869317E-02  0.96471679E-02  0.58774031E-01
 -0.44006255E-02  0.10312863E-01  0.57426049E-01
 -0.55781839E-02  0.10976637E-01  0.56079174E-01
 -0.67179566E-02  0.11641992E-01  0.54739810E-01
 -0.78183512E-02  0.12312010E-01  0.53413197E-01
 -0.88778753E-02  0.12989060E-01  0.52103568E-01
 -0.98951687E-02  0.13674573E-01  0.50814367E-01
 -0.43344724E-02  0.52455852E-02  0.42732645E-01
 -0.57107651E-02  0.83158007E-02  0.43954766E-01
 -0.70670502E-02  0.11270036E-01  0.45065680E-01
 -0.84007833E-02  0.14105485E-01  0.46060653E-01
 -0.97095723E-02  0.16819323E-01  0.46936819E-01
 -0.10991218E-01  0.19408892E-01  0.47693232E-01
 -0.12243725E-01  0.21871933E-01  0.48330829E-01
 -0.13465286E-01  0.24206850E-01  0.48852304E-01
 -0.14654239E-01  0.26412975E-01  0.49261881E-01
 -0.15809018E-01  0.28490801E-01  0.49565002E-01
 -0.16928075E-01  0.30442171E-01  0.49767944E-01
 -0.18009822E-01  0.32270388E-01  0.49877380E-01
 -0.19052559E-01  0.33980251E-01  0.49899914E-01
 -0.20054429E-01  0.35577987E-01  0.49841619E-01
 -0.21013372E-01  0.37071099E-01  0.49707590E-01
 -0.21927114E-01  0.38468136E-01  0.49501559E-01
 -0.22793161E-01  0.39778387E-01  0.49225578E-01
 -0.23608819E-01  0.41011536E-01  0.48879799E-01
 -0.24371219E-01  0.42177288E-01  0.48462347E-01
 -0.25077362E-01  0.43285002E-01  0.47969309E-01
 -0.25724158E-01  0.44343347E-01  0.47394827E-01
 -0.26308476E-01  0.45360008E-01  0.46731288E-01
 -0.26827187E-01  0.46341454E-01  0.45969604E-01
 -0.27277206E-01  0.47292786E-01  0.45099558E-01
 -0.27655530E-01  0.48217669E-01  0.44110211E-01
 -0.27959274E-01  0.49118340E-01  0.42990340E-01
 -0.28185714E-01  0.49995692E-01  0.41728896E-01
 -0.28332326E-01  0.50849426E-01  0.40315467E-01
 -0.28396843E-01  0.51678239E-01  0.38740728E-01
 -0.28377321E-01  0.52480042E-01  0.36996874E-01
 -0.28272215E-01  0.53252194E-01  0.35078019E-01
 -0.28080466E-01  0.53991713E-01  0.32980563E-01
 -0.27801603E-01  0.54695479E-01  0.30703512E-01
 -0.27435830E-01  0.55360387E-01  0.28248741E-01
 -0.26984118E-01  0.55983474E-01  0.25621205E-01
 -0.26448273E-01  0.56561995E-01  0.22829063E-01
 -0.25830970E-01  0.57093469E-01  0.19883731E-01
 -0.25135762E-01  0.57575686E-01  0.16799822E-01
 -0.24367042E-01  0.58006700E-01  0.13594994E-01
 -0.23529965E-01  0.58384807E-01  0.10289675E-01
 -0.22630336E-01  0.58708521E-01  0.69066806E-02
 -0.21674468E-01  0.58976559E-01  0.34707219E-02
 -0.20669020E-01  0.59187838E-01  0.78337690E-05
  0.57092375E-01 -0.13322697E-01 -0.94369095E-06
  0.56675942E-01 -0.13215316E-01  0.38882838E-02
  0.56184498E-01 -0.13097708E-01  0.77638012E-02
  0.55620496E-01 -0.12968767E-01  0.11614752E-01
  0.54986826E-01 -0.12826936E-01  0.15430197E-01
  0.54286703E-01 -0.12670338E-01  0.19199000E-01
  0.53523541E-01 -0.12496948E-01  0.22909754E-01
  0.52700820E-01 -0.12304773E-01  0.26550774E-01
  0.51821953E-01 -0.12092040E-01  0.30110137E-01
  0.50890167E-01 -0.11857358E-01  0.33575796E-01
  0.49908398E-01 -0.11599855E-01  0.36935751E-01
  0.48879224E-01 -0.11319254E-01  0.40178265E-01
  0.47804821E-01 -0.11015901E-01  0.43292112E-01
  0.46686957E-01 -0.10690729E-01  0.46266837E-01
  0.45527023E-01 -0.10345163E-01  0.49093010E-01
  0.44326096E-01 -0.99809781E-02  0.51762442E-01
  0.43085030E-01 -0.96001209E-02  0.54268368E-01
  0.41804559E-01 -0.92045065E-02  0.56605555E-01
  0.40485428E-01 -0.87958191E-02  0.58770349E-01
  0.39128504E-01 -0.83753283E-02  0.60760643E-01
  0.37734900E-01 -0.79437420E-02  0.62575782E-01
  0.36306066E-01 -0.75011100E-02  0.64216402E-01
  0.34843866E-01 -0.70467887E-02  0.65684226E-01
  0.33350622E-01 -0.65794722E-02  0.66981829E-01
  0.31829124E-01 -0.60972889E-02  0.68112402E-01
  0.30282616E-01 -0.55979557E-02  0.69079516E-01
  0.28714738E-01 -0.50789792E-02  0.69886928E-01
  0.27129454E-01 -0.45378861E-02  0.70538426E-01
  0.25530953E-01 -0.39724641E-02  0.71037731E-01
  0.23923539E-01 -0.33809922E-02  0.71388461E-01
  0.22311521E-01 -0.27624406E-02  0.71594152E-01
  0.20699100E-01 -0.21166231E-02  0.71658343E-01
  0.19090271E-01 -0.14442873E-02  0.71584689E-01
  0.17488746E-01 -0.74713405E-03  0.71377118E-01
  0.15897894E-01 -0.27764636E-04  0.71039986E-01
  0.14320713E-01  0.71044300E-03  0.70578231E-01
  0.12759819E-01  0.14635185E-02  0.69997505E-01
  0.11217474E-01  0.22271299E-02  0.69304257E-01
  0.96956163E-02  0.29968440E-02  0.68505778E-01
  0.81959274E-02  0.37683936E-02  0.67610179E-01
  0.67198924E-02  0.45379334E-02  0.66626317E-01
  0.52688744E-02  0.53022621E-02  0.65563665E-01
  0.38441816E-02  0.60589948E-02  0.64432142E-01
  0.24471270E-02  0.68066719E-02  0.63241902E-01
  0.10790749E-02  0.75447967E-02  0.62003119E-01
 -0.25853018E-03  0.82737990E-02  0.60725758E-01
 -0.15641526E-02  0.89949287E-02  0.59419378E-01
 -0.28361722E-02  0.97100880E-02  0.58092960E-01
 -0.40729079E-02  0.10421616E-01  0.56754779E-01
 -0.52726524E-02  0.11132044E-01  0.55412334E-01
 -0.64337152E-02  0.11843836E-01  0.54072335E-01
 -0.75544671E-02  0.12559149E-01  0.52740745E-01
 -0.86333809E-02  0.13279602E-01  0.51422876E-01
  0.29223200E-02  0.23771677E-02  0.34071234E-01
  0.14195900E-02  0.55455004E-02  0.35596421E-01
 -0.66453546E-04  0.86065953E-02  0.37022755E-01
 -0.15324710E-02  0.11557294E-01  0.38343481E-01
 -0.29752705E-02  0.14394560E-01  0.39553530E-01
 -0.43918560E-02  0.17115564E-01  0.40649564E-01
 -0.57794466E-02  0.19717817E-01  0.41629950E-01
 -0.71354691E-02  0.22199348E-01  0.42494681E-01
 -0.84575267E-02  0.24558900E-01  0.43245228E-01
 -0.97433492E-02  0.26796123E-01  0.43884334E-01
 -0.10990733E-01  0.28911751E-01  0.44415746E-01
 -0.12197480E-01  0.30907731E-01  0.44843901E-01
 -0.13361334E-01  0.32787299E-01  0.45173585E-01
 -0.14479939E-01  0.34554982E-01  0.45409571E-01
 -0.15550805E-01  0.36216538E-01  0.45556259E-01
 -0.16571293E-01  0.37778805E-01  0.45617342E-01
 -0.17538628E-01  0.39249505E-01  0.45595502E-01
 -0.18449919E-01  0.40636976E-01  0.45492164E-01
 -0.19302201E-01  0.41949879E-01  0.45307315E-01
 -0.20092484E-01  0.43196879E-01  0.45039393E-01
 -0.20817808E-01  0.44386335E-01  0.44685258E-01
 -0.21475294E-01  0.45526005E-01  0.44240238E-01
 -0.22062191E-01  0.46622792E-01  0.43698247E-01
 -0.22575917E-01  0.47682550E-01  0.43051984E-01
 -0.23014083E-01  0.48709940E-01  0.42293175E-01
 -0.23374513E-01  0.49708368E-01  0.41412876E-01
 -0.23655257E-01  0.50679979E-01  0.40401815E-01
 -0.23854604E-01  0.51625718E-01  0.39250755E-01
 -0.23971090E-01  0.52545442E-01  0.37950889E-01
 -0.24003527E-01  0.53438068E-01  0.36494230E-01
 -0.23951037E-01  0.54301749E-01  0.34874010E-01
 -0.23813103E-01  0.55134060E-01  0.33085073E-01
 -0.23589635E-01  0.55932174E-01  0.31124240E-01
 -0.23281050E-01  0.56693030E-01  0.28990655E-01
 -0.22888352E-01  0.57413475E-01  0.26686085E-01
 -0.22413212E-01  0.58090378E-01  0.24215167E-01
 -0.21858031E-01  0.58720716E-01  0.21585579E-01
 -0.21225980E-01  0.59301634E-01  0.18808130E-01
 -0.20521006E-01  0.59830479E-01  0.15896744E-01
 -0.19747802E-01  0.60304833E-01  0.12868333E-01
 -0.18911737E-01  0.60722520E-01  0.97425472E-02
 -0.18018744E-01  0.61081626E-01  0.65414096E-02
 -0.17075189E-01  0.61380515E-01  0.32888357E-02
 -0.16087709E-01  0.61617854E-01  0.10063575E-04
  0.57929526E-01 -0.13704504E-01 -0.99567937E-06
  0.57520011E-01 -0.13598352E-01  0.38568137E-02
  0.57035085E-01 -0.13481280E-01  0.77004149E-02
  0.56477213E-01 -0.13352620E-01  0.11518332E-01
  0.55849276E-01 -0.13211317E-01  0.15299139E-01
  0.55154459E-01 -0.13056013E-01  0.19031405E-01
  0.54396130E-01 -0.12885156E-01  0.22703658E-01
  0.53577707E-01 -0.12697128E-01  0.26304392E-01
  0.52702530E-01 -0.12490385E-01  0.29822101E-01
  0.51773742E-01 -0.12263581E-01  0.33245362E-01
  0.50794194E-01 -0.12015677E-01  0.36562952E-01
  0.49766373E-01 -0.11746017E-01  0.39763999E-01
  0.48692369E-01 -0.11454369E-01  0.42838153E-01
  0.47573870E-01 -0.11140921E-01  0.45775769E-01
  0.46412196E-01 -0.10806239E-01  0.48568082E-01
  0.45208360E-01 -0.10451186E-01  0.51207369E-01
  0.43963167E-01 -0.10076812E-01  0.53687082E-01
  0.42677316E-01 -0.96842298E-02  0.56001938E-01
  0.41351526E-01 -0.92744772E-02  0.58147968E-01
  0.39986656E-01 -0.88483957E-02  0.60122513E-01
  0.38583818E-01 -0.84065241E-02  0.61924178E-01
  0.37144476E-01 -0.79490250E-02  0.63552737E-01
  0.35670518E-01 -0.74756505E-02  0.65009010E-01
  0.34164297E-01 -0.69857505E-02  0.66294712E-01
  0.32628644E-01 -0.64783261E-02  0.67412293E-01
  0.31066849E-01 -0.59521215E-02  0.68364783E-01
  0.29482604E-01 -0.54057497E-02  0.69155644E-01
  0.27879932E-01 -0.48378393E-02  0.69788648E-01
  0.26263084E-01 -0.42471906E-02  0.70267793E-01
  0.24636432E-01 -0.36329272E-02  0.70597245E-01
  0.23004356E-01 -0.29946290E-02  0.70781321E-01
  0.21371134E-01 -0.23324348E-02  0.70824504E-01
  0.19740843E-01 -0.16471049E-02  0.70731489E-01
  0.18117280E-01 -0.94003715E-03  0.70507241E-01
  0.16503905E-01 -0.21323434E-03  0.70157070E-01
  0.14903811E-01  0.53077589E-03  0.69686698E-01
  0.13319713E-01  0.12890621E-02  0.69102317E-01
  0.11753972E-01  0.20584424E-02  0.68410631E-01
  0.10208631E-01  0.28356580E-02  0.67618863E-01
  0.86854751E-02  0.36175534E-02  0.66734735E-01
  0.71860901E-02  0.44012486E-02  0.65766418E-01
  0.57119384E-02  0.51842904E-02  0.64722452E-01
  0.42644225E-02  0.59647705E-02  0.63611637E-01
  0.28449442E-02  0.67414016E-02  0.62442912E-01
  0.14549489E-02  0.75135453E-02  0.61225222E-01
  0.95954286E-04  0.82811909E-02  0.59967393E-01
 -0.12304389E-02  0.90448859E-02  0.58678005E-01
 -0.25225541E-02  0.98056260E-02  0.57365300E-01
 -0.37786611E-02  0.10564712E-01  0.56037108E-01
 -0.49970104E-02  0.11323584E-01  0.54700802E-01
 -0.61758744E-02  0.12083652E-01  0.53363294E-01
 -0.73135903E-02  0.12846127E-01  0.52031060E-01
  0.10642046E-01 -0.30353182E-03  0.25012775E-01
  0.90375137E-02  0.29376424E-02  0.26793009E-01
  0.74432712E-02  0.60817410E-02  0.28491918E-01
  0.58635315E-02  0.91248905E-02  0.30100443E-01
  0.43023700E-02  0.12063575E-01  0.31611156E-01
  0.27636656E-02  0.14894645E-01  0.33018281E-01
  0.12510709E-02  0.17615369E-01  0.34317668E-01
 -0.23198972E-03  0.20223522E-01  0.35506727E-01
 -0.16822963E-02  0.22717500E-01  0.36584313E-01
 -0.30967905E-02  0.25096451E-01  0.37550570E-01
 -0.44725194E-02  0.27360396E-01  0.38406739E-01
 -0.58065753E-02  0.29510343E-01  0.39154928E-01
 -0.70960376E-02  0.31548357E-01  0.39797858E-01
 -0.83379262E-02  0.33477598E-01  0.40338587E-01
 -0.95291707E-02  0.35302299E-01  0.40780231E-01
 -0.10666600E-01  0.37027697E-01  0.41125693E-01
 -0.11746952E-01  0.38659904E-01  0.41377402E-01
 -0.12766908E-01  0.40205731E-01  0.41537079E-01
 -0.13723140E-01  0.41672475E-01  0.41605549E-01
 -0.14612371E-01  0.43067673E-01  0.41582585E-01
 -0.15431445E-01  0.44398847E-01  0.41466814E-01
 -0.16177392E-01  0.45673250E-01  0.41255673E-01
 -0.16847485E-01  0.46897630E-01  0.40945421E-01
 -0.17439296E-01  0.48078022E-01  0.40531209E-01
 -0.17950716E-01  0.49219581E-01  0.40007202E-01
 -0.18379982E-01  0.50326466E-01  0.39366752E-01
 -0.18725670E-01  0.51401769E-01  0.38602620E-01
 -0.18986691E-01  0.52447508E-01  0.37707233E-01
 -0.19162271E-01  0.53464651E-01  0.36672982E-01
 -0.19251940E-01  0.54453195E-01  0.35492545E-01
 -0.19255528E-01  0.55412269E-01  0.34159237E-01
 -0.19173171E-01  0.56340262E-01  0.32667371E-01
 -0.19005336E-01  0.57234957E-01  0.31012629E-01
 -0.18752867E-01  0.58093677E-01  0.29192423E-01
 -0.18417042E-01  0.58913410E-01  0.27206244E-01
 -0.17999641E-01  0.59690938E-01  0.25055976E-01
 -0.17503016E-01  0.60422940E-01  0.22746159E-01
 -0.16930144E-01  0.61106087E-01  0.20284184E-01
 -0.16284675E-01  0.61737116E-01  0.17680407E-01
 -0.15570935E-01  0.62312903E-01  0.14948153E-01
 -0.14793900E-01  0.62830520E-01  0.12103609E-01
 -0.13959139E-01  0.63287288E-01  0.91656011E-02
 -0.13072708E-01  0.63680838E-01  0.61552423E-02
 -0.12141023E-01  0.64009161E-01  0.30954775E-02
 -0.11170710E-01  0.64270663E-01  0.10531855E-04
  0.58547115E-01 -0.14072612E-01 -0.86952195E-06
  0.58146157E-01 -0.13969919E-01  0.38223601E-02
  0.57669694E-01 -0.13855489E-01  0.76314978E-02
  0.57120161E-01 -0.13729018E-01  0.11414593E-01
  0.56500383E-01 -0.13589884E-01  0.15159811E-01
  0.55813470E-01 -0.13437182E-01  0.18855423E-01
  0.55062698E-01 -0.13269780E-01  0.22489811E-01
  0.54251379E-01 -0.13086401E-01  0.26051485E-01
  0.53382743E-01 -0.12885714E-01  0.29529130E-01
  0.52459820E-01 -0.12666421E-01  0.32911671E-01
  0.51485351E-01 -0.12427348E-01  0.36188367E-01
  0.50461725E-01 -0.12167511E-01  0.39348914E-01
  0.49390944E-01 -0.11886172E-01  0.42383575E-01
  0.48274624E-01 -0.11582863E-01  0.45283302E-01
  0.47114031E-01 -0.11257386E-01  0.48039865E-01
  0.45910144E-01 -0.10909793E-01  0.50645966E-01
  0.44663749E-01 -0.10540338E-01  0.53095334E-01
  0.43375542E-01 -0.10149414E-01  0.55382793E-01
  0.42046255E-01 -0.97374857E-02  0.57504309E-01
  0.40676771E-01 -0.93050135E-02  0.59456991E-01
  0.39268233E-01 -0.88523903E-02  0.61239072E-01
  0.37822141E-01 -0.83798870E-02  0.62849853E-01
  0.36340422E-01 -0.78876194E-02  0.64289627E-01
  0.34825468E-01 -0.73755369E-02  0.65559582E-01
  0.33280148E-01 -0.68434362E-02  0.66661696E-01
  0.31707785E-01 -0.62909973E-02  0.67598623E-01
  0.30112104E-01 -0.57178402E-02  0.68373592E-01
  0.28497156E-01 -0.51235964E-02  0.68990308E-01
  0.26867223E-01 -0.45079875E-02  0.69452878E-01
  0.25226704E-01 -0.38709052E-02  0.69765746E-01
  0.23580012E-01 -0.32124833E-02  0.69933657E-01
  0.21931460E-01 -0.25331556E-02  0.69961635E-01
  0.20285169E-01 -0.18336925E-02  0.69854980E-01
  0.18644986E-01 -0.11152141E-02  0.69619274E-01
  0.17014432E-01 -0.37917596E-03  0.69260398E-01
  0.15396668E-01  0.37267145E-03  0.68784546E-01
  0.13794489E-01  0.11383462E-02  0.68198240E-01
  0.12210343E-01  0.19157178E-02  0.67508329E-01
  0.10646368E-01  0.27026021E-02  0.66721985E-01
  0.91044465E-02  0.34968613E-02  0.65846675E-01
  0.75862672E-02  0.42965011E-02  0.64890122E-01
  0.60933934E-02  0.50997565E-02  0.63860256E-01
  0.46273263E-02  0.59051611E-02  0.62765147E-01
  0.31895612E-02  0.67115922E-02  0.61612933E-01
  0.17816299E-02  0.75182910E-02  0.60411751E-01
  0.40512828E-03  0.83248542E-02  0.59169660E-01
 -0.93827403E-03  0.91311989E-02  0.57894584E-01
 -0.22468405E-02  0.99375043E-02  0.56594253E-01
 -0.35187893E-02  0.10744134E-01  0.55276176E-01
 -0.47523267E-02  0.11551546E-01  0.53947611E-01
  0.20331763E-01 -0.61175808E-02  0.13733782E-01
  0.18663723E-01 -0.27512636E-02  0.15751036E-01
  0.16991450E-01  0.53562660E-03  0.17723514E-01
  0.15320035E-01  0.37375328E-02  0.19638047E-01
  0.13654560E-01  0.68495332E-02  0.21483000E-01
  0.12000007E-01  0.98672990E-02  0.23248341E-01
  0.10361174E-01  0.12787071E-01  0.24925673E-01
  0.87426349E-02  0.15605664E-01  0.26508209E-01
  0.71487254E-02  0.18320490E-01  0.27990721E-01
  0.55835522E-02  0.20929602E-01  0.29369443E-01
  0.40510299E-02  0.23431761E-01  0.30641944E-01
  0.25549317E-02  0.25826494E-01  0.31806973E-01
  0.10989480E-02  0.28114158E-01  0.32864280E-01
 -0.31325496E-03  0.30295992E-01  0.33814415E-01
 -0.16779855E-02  0.32374136E-01  0.34658514E-01
 -0.29914922E-02  0.34351632E-01  0.35398081E-01
 -0.42499505E-02  0.36232385E-01  0.36034766E-01
 -0.54494718E-02  0.38021081E-01  0.36570149E-01
 -0.65861367E-02  0.39723082E-01  0.37005542E-01
 -0.76560490E-02  0.41344272E-01  0.37341801E-01
 -0.86554056E-02  0.42890893E-01  0.37579179E-01
 -0.95805771E-02  0.44369346E-01  0.37717193E-01
 -0.10428190E-01  0.45786001E-01  0.37754538E-01
 -0.11195206E-01  0.47146993E-01  0.37689036E-01
 -0.11878984E-01  0.48458043E-01  0.37517625E-01
 -0.12477333E-01  0.49724293E-01  0.37236393E-01
 -0.12988536E-01  0.50950169E-01  0.36840650E-01
 -0.13411357E-01  0.52139288E-01  0.36325052E-01
 -0.13745028E-01  0.53294384E-01  0.35683754E-01
 -0.13989221E-01  0.54417288E-01  0.34910620E-01
 -0.14144011E-01  0.55508932E-01  0.33999456E-01
 -0.14209838E-01  0.56569388E-01  0.32944289E-01
 -0.14187474E-01  0.57597926E-01  0.31739668E-01
 -0.14078011E-01  0.58593103E-01  0.30380998E-01
 -0.13882855E-01  0.59552847E-01  0.28864875E-01
 -0.13603751E-01  0.60474565E-01  0.27189438E-01
 -0.13242818E-01  0.61355244E-01  0.25354700E-01
 -0.12802598E-01  0.62191554E-01  0.23362858E-01
 -0.12286117E-01  0.62979951E-01  0.21218553E-01
 -0.11696931E-01  0.63716773E-01  0.18929065E-01
 -0.11039160E-01  0.64398341E-01  0.16504434E-01
 -0.10317506E-01  0.65021049E-01  0.13957472E-01
 -0.95372224E-02  0.65581464E-01  0.11303674E-01
 -0.87040684E-02  0.66076417E-01  0.85610016E-02
 -0.78242122E-02  0.66503096E-01  0.57495660E-02
 -0.69041138E-02  0.66859136E-01  0.28911956E-02
 -0.59503804E-02  0.67142694E-01  0.89201884E-05
  0.58955321E-01 -0.14430036E-01 -0.57487307E-06
  0.58564399E-01 -0.14333194E-01  0.37853757E-02
  0.58098046E-01 -0.14223713E-01  0.75578273E-02
  0.57558628E-01 -0.14101534E-01  0.11304487E-01
  0.56948882E-01 -0.13966341E-01  0.15013187E-01
  0.56271810E-01 -0.13817561E-01  0.18671915E-01
  0.55530564E-01 -0.13654384E-01  0.22268842E-01
  0.54728329E-01 -0.13475801E-01  0.25792372E-01
  0.53868206E-01 -0.13280655E-01  0.29231195E-01
  0.52953103E-01 -0.13067704E-01  0.32574361E-01
  0.51985654E-01 -0.12835683E-01  0.35811356E-01
  0.50968157E-01 -0.12583374E-01  0.38932202E-01
  0.49902545E-01 -0.12309658E-01  0.41927544E-01
  0.48790390E-01 -0.12013567E-01  0.44788753E-01
  0.47632936E-01 -0.11694320E-01  0.47508016E-01
  0.46431164E-01 -0.11351339E-01  0.50078418E-01
  0.45185880E-01 -0.10984255E-01  0.52494009E-01
  0.43897820E-01 -0.10592902E-01  0.54749851E-01
  0.42567764E-01 -0.10177291E-01  0.56842047E-01
  0.41196651E-01 -0.97375848E-02  0.58767741E-01
  0.39785683E-01 -0.92740597E-02  0.60525105E-01
  0.38336415E-01 -0.87870734E-02  0.62113294E-01
  0.36850819E-01 -0.82770316E-02  0.63532394E-01
  0.35331328E-01 -0.77443624E-02  0.64783351E-01
  0.33780835E-01 -0.71894985E-02  0.65867893E-01
  0.32202678E-01 -0.66128696E-02  0.66788450E-01
  0.30600585E-01 -0.60149038E-02  0.67548072E-01
  0.28978602E-01 -0.53960381E-02  0.68150355E-01
  0.27340995E-01 -0.47567360E-02  0.68599372E-01
  0.25692152E-01 -0.40975087E-02  0.68899623E-01
  0.24036470E-01 -0.34189381E-02  0.69055982E-01
  0.22378253E-01 -0.27216976E-02  0.69073669E-01
  0.20721622E-01 -0.20065681E-02  0.68958221E-01
  0.19070436E-01 -0.12744474E-02  0.68715477E-01
  0.17428241E-01 -0.52635021E-03  0.68351562E-01
  0.15798238E-01  0.23660023E-03  0.67872879E-01
  0.14183277E-01  0.10131905E-02  0.67286091E-01
  0.12585877E-01  0.18021425E-02  0.66598107E-01
  0.11008258E-01  0.26021459E-02  0.65816056E-01
  0.94523917E-02  0.34118926E-02  0.64947262E-01
  0.79200660E-02  0.42301135E-02  0.63999205E-01
  0.64129446E-02  0.50556112E-02  0.62979482E-01
  0.49326292E-02  0.58872894E-02  0.61895764E-01
  0.34807117E-02  0.67241732E-02  0.60755748E-01
  0.20588152E-02  0.75654219E-02  0.59567116E-01
  0.66861867E-03  0.84103309E-02  0.58337492E-01
 -0.68813361E-03  0.92583243E-02  0.57074412E-01
 -0.20096394E-02  0.10108938E-01  0.55785298E-01
 -0.32940596E-02  0.10961795E-01  0.54477439E-01
  0.28487348E-01 -0.82926800E-02  0.44063100E-02
  0.26806024E-01 -0.49251182E-02  0.65079540E-02
  0.25107732E-01 -0.16215817E-02  0.85963780E-02
  0.23398224E-01  0.16110572E-02  0.10655984E-01
  0.21683338E-01  0.47666872E-02  0.12672547E-01
  0.19968879E-01  0.78399460E-02  0.14633345E-01
  0.18260520E-01  0.10826208E-01  0.16527227E-01
  0.16563739E-01  0.13721576E-01  0.18344638E-01
  0.14883786E-01  0.16522876E-01  0.20077592E-01
  0.13225677E-01  0.19227666E-01  0.21719604E-01
  0.11594215E-01  0.21834241E-01  0.23265595E-01
  0.99940352E-02  0.24341651E-01  0.24711763E-01
  0.84296579E-02  0.26749717E-01  0.26055438E-01
  0.69055462E-02  0.29059036E-01  0.27294911E-01
  0.54261593E-02  0.31270982E-01  0.28429265E-01
  0.39959919E-02  0.33387691E-01  0.29458188E-01
  0.26195949E-02  0.35412025E-01  0.30381793E-01
  0.13015716E-02  0.37347520E-01  0.31200432E-01
  0.46549615E-04  0.39198301E-01  0.31914526E-01
 -0.11408719E-02  0.40968990E-01  0.32524399E-01
 -0.22561959E-02  0.42664582E-01  0.33030129E-01
 -0.32951157E-02  0.44290311E-01  0.33431419E-01
 -0.42536111E-02  0.45851510E-01  0.33727489E-01
 -0.51280440E-02  0.47353457E-01  0.33916992E-01
 -0.59152452E-02  0.48801231E-01  0.33997960E-01
 -0.66125855E-02  0.50199572E-01  0.33967777E-01
 -0.72180251E-02  0.51552760E-01  0.33823196E-01
 -0.77301384E-02  0.52864501E-01  0.33560375E-01
 -0.81481131E-02  0.54137847E-01  0.33174966E-01
 -0.84717268E-02  0.55375133E-01  0.32662236E-01
 -0.87013039E-02  0.56577935E-01  0.32017223E-01
 -0.88376624E-02  0.57747059E-01  0.31234939E-01
 -0.88820561E-02  0.58882545E-01  0.30310606E-01
 -0.88361218E-02  0.59983691E-01  0.29239921E-01
 -0.87018379E-02  0.61049102E-01  0.28019351E-01
 -0.84815009E-02  0.62076736E-01  0.26646445E-01
 -0.81777214E-02  0.63063984E-01  0.25120152E-01
 -0.77934391E-02  0.64007742E-01  0.23441129E-01
 -0.73319534E-02  0.64904503E-01  0.21612026E-01
 -0.67969622E-02  0.65750453E-01  0.19637728E-01
 -0.61926006E-02  0.66541580E-01  0.17525543E-01
 -0.55234689E-02  0.67273786E-01  0.15285300E-01
 -0.47946420E-02  0.67943007E-01  0.12929371E-01
 -0.40116522E-02  0.68545340E-01  0.10472579E-01
 -0.31804403E-02  0.69077170E-01  0.79320043E-02
 -0.23072754E-02  0.69535290E-01  0.53266895E-02
 -0.13986453E-02  0.69917023E-01  0.26772426E-02
 -0.46112253E-03  0.70220319E-01  0.53659894E-05
  0.59165194E-01 -0.14779727E-01 -0.14515369E-06
  0.58785583E-01 -0.14690974E-01  0.37463564E-02
  0.58330660E-01 -0.14588634E-01  0.74802326E-02
  0.57802698E-01 -0.14472741E-01  0.11188960E-01
  0.57204319E-01 -0.14343127E-01  0.14860113E-01
  0.56538397E-01 -0.14199405E-01  0.18481420E-01
  0.55807948E-01 -0.14040959E-01  0.22040819E-01
  0.55016025E-01 -0.13866954E-01  0.25526531E-01
  0.54165601E-01 -0.13676362E-01  0.28927134E-01
  0.53259476E-01 -0.13467998E-01  0.32231643E-01
  0.52300195E-01 -0.13240569E-01  0.35429602E-01
  0.51289991E-01 -0.12992733E-01  0.38511172E-01
  0.50230764E-01 -0.12723152E-01  0.41467216E-01
  0.49124078E-01 -0.12430560E-01  0.44289385E-01
  0.47971198E-01 -0.12113809E-01  0.46970188E-01
  0.46773152E-01 -0.11771925E-01  0.49503055E-01
  0.45530811E-01 -0.11404138E-01  0.51882378E-01
  0.44244988E-01 -0.11009915E-01  0.54103540E-01
  0.42916550E-01 -0.10588967E-01  0.56162921E-01
  0.41546520E-01 -0.10141251E-01  0.58057893E-01
  0.40136178E-01 -0.96669614E-02  0.59786784E-01
  0.38687146E-01 -0.91665062E-02  0.61348844E-01
  0.37201447E-01 -0.86404783E-02  0.62744186E-01
  0.35681540E-01 -0.80896213E-02  0.63973726E-01
  0.34130329E-01 -0.75147924E-02  0.65039113E-01
  0.32551137E-01 -0.69169254E-02  0.65942665E-01
  0.30947662E-01 -0.62969958E-02  0.66687301E-01
  0.29323902E-01 -0.56559899E-02  0.67276481E-01
  0.27684067E-01 -0.49948799E-02  0.67714151E-01
  0.26032481E-01 -0.43146052E-02  0.68004698E-01
  0.24373479E-01 -0.36160603E-02  0.68152912E-01
  0.22711311E-01 -0.29000897E-02  0.68163953E-01
  0.21050052E-01 -0.21674882E-02  0.68043323E-01
  0.19393531E-01 -0.14190065E-02  0.67796850E-01
  0.17745285E-01 -0.65536086E-03  0.67430661E-01
  0.16108524E-01  0.12275569E-03  0.66951163E-01
  0.14486128E-01  0.91465995E-03  0.66365020E-01
  0.12880664E-01  0.17196661E-02  0.65679128E-01
  0.11294418E-01  0.25370739E-02  0.64900580E-01
  0.97294451E-02  0.33661599E-02  0.64036636E-01
  0.81876219E-02  0.42061703E-02  0.63094681E-01
  0.66707099E-02  0.50563180E-02  0.62082187E-01
  0.51804104E-02  0.59157830E-02  0.61006672E-01
  0.37184140E-02  0.67837154E-02  0.59875660E-01
  0.22864380E-02  0.76592419E-02  0.58696646E-01
  0.88624945E-03  0.85414750E-02  0.57477067E-01
 -0.48032668E-03  0.94295236E-02  0.56224277E-01
 -0.18114154E-02  0.10322504E-01  0.54945536E-01
  0.36523352E-01 -0.10128402E-01 -0.45755582E-02
  0.34877056E-01 -0.67905454E-02 -0.24792838E-02
  0.33199439E-01 -0.35000984E-02 -0.36070227E-03
  0.31496628E-01 -0.26498998E-03  0.17627472E-02
  0.29774972E-01  0.29076001E-02  0.38746555E-02
  0.28040904E-01  0.60112784E-02  0.59598571E-02
  0.26300819E-01  0.90404603E-02  0.80045807E-02
  0.24560988E-01  0.11990381E-01  0.99965401E-02
  0.22827499E-01  0.14857095E-01  0.11924970E-01
  0.21106229E-01  0.17637475E-01  0.13780612E-01
  0.19402852E-01  0.20329197E-01  0.15555662E-01
  0.17722860E-01  0.22930728E-01  0.17243682E-01
  0.16071612E-01  0.25441310E-01  0.18839481E-01
  0.14454387E-01  0.27860933E-01  0.20338988E-01
  0.12876434E-01  0.30190308E-01  0.21739101E-01
  0.11343020E-01  0.32430830E-01  0.23037529E-01
  0.98594543E-02  0.34584532E-01  0.24232636E-01
  0.84310950E-02  0.36654030E-01  0.25323284E-01
  0.70633297E-02  0.38642458E-01  0.26308670E-01
  0.57615290E-02  0.40553385E-01  0.27188183E-01
  0.45309764E-02  0.42390735E-01  0.27961265E-01
  0.33767786E-02  0.44158683E-01  0.28627276E-01
  0.23037618E-02  0.45861557E-01  0.29185388E-01
  0.13163637E-02  0.47503726E-01  0.29634481E-01
  0.41852703E-03  0.49089495E-01  0.29973070E-01
 -0.38639446E-03  0.50622993E-01  0.30199246E-01
 -0.10957118E-02  0.52108071E-01  0.30310650E-01
 -0.17074523E-02  0.53548209E-01  0.30304465E-01
 -0.22203835E-02  0.54946426E-01  0.30177446E-01
 -0.26340084E-02  0.56305207E-01  0.29925984E-01
 -0.29485360E-02  0.57626444E-01  0.29546202E-01
 -0.31648292E-02  0.58911383E-01  0.29034085E-01
 -0.32843385E-02  0.60160597E-01  0.28385656E-01
 -0.33090298E-02  0.61373963E-01  0.27597176E-01
 -0.32413131E-02  0.62550666E-01  0.26665380E-01
 -0.30839806E-02  0.63689206E-01  0.25587743E-01
 -0.28401604E-02  0.64787431E-01  0.24362749E-01
 -0.25132887E-02  0.65842585E-01  0.22990183E-01
 -0.21071007E-02  0.66851366E-01  0.21471398E-01
 -0.16256392E-02  0.67810009E-01  0.19809571E-01
 -0.10732727E-02  0.68714384E-01  0.18009915E-01
 -0.45471888E-03  0.69560112E-01  0.16079836E-01
  0.22493834E-03  0.70342688E-01  0.14029021E-01
  0.96024456E-03  0.71057629E-01  0.11869441E-01
  0.17453919E-02  0.71700619E-01  0.96152670E-02
  0.25742619E-02  0.72267662E-01  0.72826897E-02
  0.34404972E-02  0.72755229E-01  0.48896464E-02
  0.43376001E-02  0.73160396E-01  0.24554676E-02
  0.52590554E-02  0.73480963E-01  0.45426740E-06
  0.59188658E-01 -0.15125095E-01  0.36722282E-06
  0.58821418E-01 -0.15046228E-01  0.37058039E-02
  0.58378945E-01 -0.14952802E-01  0.73995496E-02
  0.57863401E-01 -0.14844791E-01  0.11068939E-01
  0.57277276E-01 -0.14722018E-01  0.14701358E-01
  0.56623312E-01 -0.14584128E-01  0.18284320E-01
  0.55904391E-01 -0.14430569E-01  0.21805548E-01
  0.55123442E-01 -0.14260585E-01  0.25253060E-01
  0.54283329E-01 -0.14073229E-01  0.28615272E-01
  0.53386767E-01 -0.13867376E-01  0.31881097E-01
  0.52436245E-01 -0.13641770E-01  0.35040039E-01
  0.51433970E-01 -0.13395060E-01  0.38082300E-01
  0.50381850E-01 -0.13125861E-01  0.40998859E-01
  0.49281487E-01 -0.12832811E-01  0.43781558E-01
  0.48134215E-01 -0.12514634E-01  0.46423160E-01
  0.46941150E-01 -0.12170194E-01  0.48917401E-01
  0.45703270E-01 -0.11798552E-01  0.51259010E-01
  0.44421506E-01 -0.11399005E-01  0.53443724E-01
  0.43096839E-01 -0.10971117E-01  0.55468270E-01
  0.41730400E-01 -0.10514739E-01  0.57330341E-01
  0.40323563E-01 -0.10030008E-01  0.59028551E-01
  0.38878020E-01 -0.95173380E-02  0.60562375E-01
  0.37395838E-01 -0.89773933E-02  0.61932095E-01
  0.35879491E-01 -0.84110549E-02  0.63138721E-01
  0.34331869E-01 -0.78193754E-02  0.64183935E-01
  0.32756253E-01 -0.72035284E-02  0.65070018E-01
  0.31156271E-01 -0.65647575E-02  0.65799795E-01
  0.29535833E-01 -0.59043243E-02  0.66376586E-01
  0.27899048E-01 -0.52234619E-02  0.66804160E-01
  0.26250130E-01 -0.45233349E-02  0.67086705E-01
  0.24593308E-01 -0.38050079E-02  0.67228799E-01
  0.22932729E-01 -0.30694256E-02  0.67235394E-01
  0.21272383E-01 -0.23174027E-02  0.67111798E-01
  0.19616031E-01 -0.15496261E-02  0.66863660E-01
  0.17967164E-01 -0.76666673E-03  0.66496958E-01
  0.16328971E-01  0.30999331E-04  0.66017977E-01
  0.14704338E-01  0.84296347E-03  0.65433291E-01
  0.13095860E-01  0.16688525E-02  0.64749728E-01
  0.11505872E-01  0.25082948E-02  0.63974344E-01
  0.99364959E-02  0.33608881E-02  0.63114374E-01
  0.83896922E-02  0.42261702E-02  0.62177195E-01
  0.68673131E-02  0.51035957E-02  0.61170274E-01
  0.53711564E-02  0.59925209E-02  0.60101125E-01
  0.39030106E-02  0.68921963E-02  0.58977260E-01
  0.24646889E-02  0.78017695E-02  0.57806153E-01
  0.10580499E-02  0.87202964E-02  0.56595204E-01
  0.45758156E-01 -0.14906040E-01 -0.14899958E-01
  0.44247630E-01 -0.11604238E-01 -0.12976972E-01
  0.42685310E-01 -0.83241702E-02 -0.10976375E-01
  0.41076775E-01 -0.50748789E-02 -0.89165949E-02
  0.39428148E-01 -0.18648864E-02 -0.68159022E-02
  0.37745944E-01  0.12979078E-02 -0.46920560E-02
  0.36036916E-01  0.44063114E-02 -0.25620054E-02
  0.34307919E-01  0.74539035E-02 -0.44164753E-03
  0.32565802E-01  0.10435079E-01  0.16543520E-02
  0.30817319E-01  0.13345078E-01  0.37126785E-02
  0.29069080E-01  0.16179988E-01  0.57214304E-02
  0.27327531E-01  0.18936749E-01  0.76701317E-02
  0.25598959E-01  0.21613127E-01  0.95497005E-02
  0.23889520E-01  0.24207686E-01  0.11352382E-01
  0.22205283E-01  0.26719753E-01  0.13071654E-01
  0.20552276E-01  0.29149367E-01  0.14702113E-01
  0.18936529E-01  0.31497231E-01  0.16239346E-01
  0.17364108E-01  0.33764648E-01  0.17679792E-01
  0.15841125E-01  0.35953461E-01  0.19020600E-01
  0.14373732E-01  0.38065984E-01  0.20259492E-01
  0.12968083E-01  0.40104929E-01  0.21394621E-01
  0.11630274E-01  0.42073334E-01  0.22424442E-01
  0.10366254E-01  0.43974483E-01  0.23347580E-01
  0.91817294E-02  0.45811828E-01  0.24162724E-01
  0.80820415E-02  0.47588908E-01  0.24868513E-01
  0.70720543E-02  0.49309264E-01  0.25463455E-01
  0.61560391E-02  0.50976363E-01  0.25945848E-01
  0.53375745E-02  0.52593513E-01  0.26313729E-01
  0.46194675E-02  0.54163787E-01  0.26564839E-01
  0.40036988E-02  0.55689945E-01  0.26696617E-01
  0.34913984E-02  0.57174361E-01  0.26706221E-01
  0.30828506E-02  0.58618958E-01  0.26590576E-01
  0.27775262E-02  0.60025145E-01  0.26346458E-01
  0.25741390E-02  0.61393761E-01  0.25970612E-01
  0.24707195E-02  0.62725034E-01  0.25459895E-01
  0.24646978E-02  0.64018544E-01  0.24811462E-01
  0.25529887E-02  0.65273205E-01  0.24022969E-01
  0.27320709E-02  0.66487258E-01  0.23092804E-01
  0.29980539E-02  0.67658290E-01  0.22020331E-01
  0.33467291E-02  0.68783258E-01  0.20806129E-01
  0.37736027E-02  0.69858552E-01  0.19452234E-01
  0.42739122E-02  0.70880071E-01  0.17962352E-01
  0.48426296E-02  0.71843321E-01  0.16342030E-01
  0.54744582E-02  0.72743541E-01  0.14598792E-01
  0.61638292E-02  0.73575843E-01  0.12742192E-01
  0.69049063E-02  0.74335368E-01  0.10783817E-01
  0.76916056E-02  0.75017453E-01  0.87371903E-02
  0.85176351E-02  0.75617802E-01  0.66176098E-02
  0.93765594E-02  0.76132642E-01  0.44419016E-02
  0.10261888E-01  0.76558879E-01  0.22281052E-02
  0.11167185E-01  0.76894219E-01 -0.48978596E-05
  0.59038570E-01 -0.15470521E-01  0.89810316E-06
  0.58684557E-01 -0.15402685E-01  0.36641850E-02
  0.58255313E-01 -0.15319304E-01  0.73165703E-02
  0.57752869E-01 -0.15220161E-01  0.10945309E-01
  0.57179589E-01 -0.15104935E-01  0.14537665E-01
  0.56538079E-01 -0.14973172E-01  0.18080998E-01
  0.55831102E-01 -0.14824271E-01  0.21562863E-01
  0.55061480E-01 -0.14657475E-01  0.24971119E-01
  0.54231994E-01 -0.14471868E-01  0.28294042E-01
  0.53345307E-01 -0.14266400E-01  0.31520442E-01
  0.52403886E-01 -0.14039899E-01  0.34639778E-01
  0.51409956E-01 -0.13791119E-01  0.37642262E-01
  0.50365471E-01 -0.13518773E-01  0.40518956E-01
  0.49272117E-01 -0.13221593E-01  0.43261851E-01
  0.48131338E-01 -0.12898377E-01  0.45863921E-01
  0.46944378E-01 -0.12548044E-01  0.48319168E-01
  0.45712359E-01 -0.12169685E-01  0.50622632E-01
  0.44436355E-01 -0.11762607E-01  0.52770382E-01
  0.43117487E-01 -0.11326362E-01  0.54759490E-01
  0.41757008E-01 -0.10860772E-01  0.56587985E-01
  0.40356392E-01 -0.10365940E-01  0.58254786E-01
  0.38917400E-01 -0.98422366E-02  0.59759637E-01
  0.37442134E-01 -0.92902907E-02  0.61103028E-01
  0.35933068E-01 -0.87109531E-02  0.62286118E-01
  0.34393051E-01 -0.81052585E-02  0.63310663E-01
  0.32825293E-01 -0.74743771E-02  0.64178950E-01
  0.31233319E-01 -0.68195631E-02  0.64893742E-01
  0.29620914E-01 -0.61421022E-02  0.65458233E-01
  0.27992046E-01 -0.54432616E-02  0.65876015E-01
  0.26350782E-01 -0.47242457E-02  0.66151060E-01
  0.24701201E-01 -0.39861598E-02  0.66287703E-01
  0.23047313E-01 -0.32299848E-02  0.66290642E-01
  0.21392984E-01 -0.24565627E-02  0.66164932E-01
  0.19741877E-01 -0.16665939E-02  0.65915987E-01
  0.18097405E-01 -0.86064683E-03  0.65549571E-01
  0.16462712E-01 -0.39176778E-04  0.65071795E-01
  0.14840665E-01  0.79744622E-03  0.64489093E-01
  0.13233867E-01  0.16489041E-02  0.63808199E-01
  0.11644688E-01  0.25148946E-02  0.63036112E-01
  0.10075305E-01  0.33950945E-02  0.62180048E-01
  0.85277478E-02  0.42891272E-02  0.61247395E-01
  0.70039538E-02  0.51965342E-02  0.60245654E-01
  0.55058116E-02  0.61167561E-02  0.59182383E-01
  0.40352042E-02  0.70491221E-02  0.58065141E-01
  0.54146410E-01 -0.19128645E-01 -0.23886232E-01
  0.52849324E-01 -0.15925125E-01 -0.22304062E-01
  0.51482605E-01 -0.12718980E-01 -0.20593801E-01
  0.50050390E-01 -0.95192855E-02 -0.18771854E-01
  0.48557665E-01 -0.63349394E-02 -0.16855554E-01
  0.47010131E-01 -0.31745325E-02 -0.14862750E-01
  0.45414060E-01 -0.46219553E-04 -0.12811415E-01
  0.43776143E-01  0.30423935E-02 -0.10719281E-01
  0.42103347E-01  0.60843468E-02 -0.86035210E-02
  0.40402785E-01  0.90734043E-02 -0.64804849E-02
  0.38681614E-01  0.12004112E-01 -0.43654879E-02
  0.36946955E-01  0.14871832E-01 -0.22726626E-02
  0.35205852E-01  0.17672760E-01 -0.21486515E-03
  0.33465246E-01  0.20403921E-01  0.17963673E-02
  0.31731990E-01  0.23063149E-01  0.37508140E-02
  0.30012865E-01  0.25649047E-01  0.56395312E-02
  0.28314619E-01  0.28160945E-01  0.74547817E-02
  0.26644002E-01  0.30598839E-01  0.91899438E-02
  0.25007799E-01  0.32963325E-01  0.10839402E-01
  0.23412842E-01  0.35255533E-01  0.12398430E-01
  0.21866015E-01  0.37477054E-01  0.13863065E-01
  0.20374223E-01  0.39629868E-01  0.15229982E-01
  0.18944341E-01  0.41716271E-01  0.16496371E-01
  0.17583146E-01  0.43738804E-01  0.17659816E-01
  0.16297211E-01  0.45700187E-01  0.18718177E-01
  0.15092801E-01  0.47603247E-01  0.19669488E-01
  0.13975747E-01  0.49450856E-01  0.20511860E-01
  0.12951325E-01  0.51245865E-01  0.21243393E-01
  0.12024135E-01  0.52991038E-01  0.21862115E-01
  0.11198002E-01  0.54688988E-01  0.22365924E-01
  0.10475890E-01  0.56342115E-01  0.22752560E-01
  0.98598472E-02  0.57952538E-01  0.23019595E-01
  0.93509791E-02  0.59522030E-01  0.23164451E-01
  0.89494499E-02  0.61051954E-01  0.23184442E-01
  0.86545151E-02  0.62543203E-01  0.23076850E-01
  0.84645775E-02  0.63996137E-01  0.22839026E-01
  0.83772639E-02  0.65410536E-01  0.22468522E-01
  0.83895137E-02  0.66785554E-01  0.21963249E-01
  0.84976734E-02  0.68119694E-01  0.21321658E-01
  0.86975896E-02  0.69410795E-01  0.20542939E-01
  0.89846932E-02  0.70656036E-01  0.19627229E-01
  0.93540723E-02  0.71851970E-01  0.18575817E-01
  0.98005281E-02  0.72994577E-01  0.17391344E-01
  0.10318616E-01  0.74079346E-01  0.16077977E-01
  0.10902674E-01  0.75101380E-01  0.14641548E-01
  0.11546840E-01  0.76055531E-01  0.13089649E-01
  0.12245065E-01  0.76936547E-01  0.11431678E-01
  0.12991132E-01  0.77739243E-01  0.96788113E-02
  0.13778680E-01  0.78458673E-01  0.78439198E-02
  0.14601244E-01  0.79090313E-01  0.59414120E-02
  0.15452318E-01  0.79630225E-01  0.39870160E-02
  0.16325428E-01  0.80075211E-01  0.19975025E-02
  0.17214239E-01  0.80422943E-01 -0.96376607E-05
  0.58728779E-01 -0.15821757E-01  0.13802038E-05
  0.58388675E-01 -0.15765356E-01  0.36218949E-02
  0.57973268E-01 -0.15692399E-01  0.72319915E-02
  0.57484461E-01 -0.15602397E-01  0.10818887E-01
  0.56924488E-01 -0.15494791E-01  0.14369779E-01
  0.56295833E-01 -0.15368935E-01  0.17871948E-01
  0.55601152E-01 -0.15224101E-01  0.21312863E-01
  0.54843182E-01 -0.15059465E-01  0.24680301E-01
  0.54024649E-01 -0.14874122E-01  0.27962479E-01
  0.53148190E-01 -0.14667093E-01  0.31148175E-01
  0.52216285E-01 -0.14437339E-01  0.34226852E-01
  0.51231207E-01 -0.14183792E-01  0.37188774E-01
  0.50194996E-01 -0.13905380E-01  0.40025099E-01
  0.49109453E-01 -0.13601064E-01  0.42727963E-01
  0.47976159E-01 -0.13269872E-01  0.45290534E-01
  0.46796519E-01 -0.12910938E-01  0.47707039E-01
  0.45571817E-01 -0.12523536E-01  0.49972778E-01
  0.44303292E-01 -0.12107111E-01  0.52084095E-01
  0.42992214E-01 -0.11661303E-01  0.54038345E-01
  0.41639967E-01 -0.11185968E-01  0.55833829E-01
  0.40248124E-01 -0.10681179E-01  0.57469721E-01
  0.38818509E-01 -0.10147231E-01  0.58945985E-01
  0.37353249E-01 -0.95846246E-02  0.60263291E-01
  0.35854798E-01 -0.89940504E-02  0.61422927E-01
  0.34325947E-01 -0.83763577E-02  0.62426721E-01
  0.32769810E-01 -0.77325224E-02  0.63276978E-01
  0.31189783E-01 -0.70636085E-02  0.63976421E-01
  0.29589498E-01 -0.63707292E-02  0.64528155E-01
  0.27972752E-01 -0.56550086E-02  0.64935635E-01
  0.26343435E-01 -0.49175462E-02  0.65202661E-01
  0.24705450E-01 -0.41593870E-02  0.65333371E-01
  0.23062643E-01 -0.33814986E-02  0.65332249E-01
  0.21418730E-01 -0.25847554E-02  0.65204132E-01
  0.19777251E-01 -0.17699325E-02  0.64954222E-01
  0.18141521E-01 -0.93770680E-03  0.64588089E-01
  0.16514619E-01 -0.88667036E-04  0.64111670E-01
  0.14899373E-01  0.77667069E-03  0.63531256E-01
  0.13298381E-01  0.16578418E-02  0.62853468E-01
  0.11714032E-01  0.25544097E-02  0.62085226E-01
  0.10148545E-01  0.34659409E-02  0.61233697E-01
  0.86040116E-02  0.43919822E-02  0.60306246E-01
  0.70824420E-02  0.53320410E-02  0.59310371E-01
  0.61385162E-01 -0.22734292E-01 -0.31100950E-01
  0.60363111E-01 -0.19674113E-01 -0.29984965E-01
  0.59258762E-01 -0.16591103E-01 -0.28703890E-01
  0.58074153E-01 -0.13493476E-01 -0.27269342E-01
  0.56812350E-01 -0.10389559E-01 -0.25694809E-01
  0.55477380E-01 -0.72876802E-02 -0.23995313E-01
  0.54074127E-01 -0.41960497E-02 -0.22187038E-01
  0.52608211E-01 -0.11226319E-02 -0.20286938E-01
  0.51085852E-01  0.19249723E-02 -0.18312356E-01
  0.49513727E-01  0.49396376E-02 -0.16280662E-01
  0.47898842E-01  0.79148128E-02 -0.14208923E-01
  0.46248415E-01  0.10844603E-01 -0.12113619E-01
  0.44569780E-01  0.13723829E-01 -0.10010415E-01
  0.42870319E-01  0.16548073E-01 -0.79139810E-02
  0.41157418E-01  0.19313695E-01 -0.58378699E-02
  0.39438452E-01  0.22017832E-01 -0.37944458E-02
  0.37720778E-01  0.24658379E-01 -0.17948569E-02
  0.36011758E-01  0.27233952E-01  0.15095313E-03
  0.34318776E-01  0.29743840E-01  0.20342016E-02
  0.32649263E-01  0.32187941E-01  0.38471985E-02
  0.31010710E-01  0.34566699E-01  0.55832600E-02
  0.29410666E-01  0.36881030E-01  0.72366094E-02
  0.27856723E-01  0.39132249E-01  0.88022703E-02
  0.26356472E-01  0.41322003E-01  0.10275956E-01
  0.24917441E-01  0.43452195E-01  0.11653958E-01
  0.23547010E-01  0.45524925E-01  0.12933039E-01
  0.22252307E-01  0.47542421E-01  0.14110326E-01
  0.21040090E-01  0.49506984E-01  0.15183216E-01
  0.19916622E-01  0.51420932E-01  0.16149285E-01
  0.18887549E-01  0.53286538E-01  0.17006213E-01
  0.17957779E-01  0.55105981E-01  0.17751721E-01
  0.17131376E-01  0.56881287E-01  0.18383521E-01
  0.16411483E-01  0.58614269E-01  0.18899289E-01
  0.15800256E-01  0.60306469E-01  0.19296655E-01
  0.15298836E-01  0.61959091E-01  0.19573221E-01
  0.14907349E-01  0.63572944E-01  0.19726596E-01
  0.14624932E-01  0.65148371E-01  0.19754463E-01
  0.14449785E-01  0.66685194E-01  0.19654671E-01
  0.14379246E-01  0.68182661E-01  0.19425347E-01
  0.14409884E-01  0.69639398E-01  0.19065037E-01
  0.14537591E-01  0.71053382E-01  0.18572861E-01
  0.14757694E-01  0.72421932E-01  0.17948681E-01
  0.15065043E-01  0.73741711E-01  0.17193278E-01
  0.15454109E-01  0.75008770E-01  0.16308522E-01
  0.15919061E-01  0.76218600E-01  0.15297535E-01
  0.16453827E-01  0.77366229E-01  0.14164828E-01
  0.17052150E-01  0.78446330E-01  0.12916413E-01
  0.17707627E-01  0.79453363E-01  0.11559867E-01
  0.18413743E-01  0.80381737E-01  0.10104359E-01
  0.19163904E-01  0.81225978E-01  0.85606112E-02
  0.19951470E-01  0.81980914E-01  0.69408203E-02
  0.20769802E-01  0.82641852E-01  0.52585089E-02
  0.21612319E-01  0.83204747E-01  0.35283330E-02
  0.22472571E-01  0.83666354E-01  0.17658404E-02
  0.23344332E-01  0.84024351E-01 -0.12808240E-04
  0.58274154E-01 -0.16186125E-01  0.17518162E-05
  0.57948496E-01 -0.16140862E-01  0.35792252E-02
  0.57547447E-01 -0.16077989E-01  0.71463659E-02
  0.57072785E-01 -0.15996712E-01  0.10690374E-01
  0.56526618E-01 -0.15896193E-01  0.14198436E-01
  0.55911321E-01 -0.15775557E-01  0.17657826E-01
  0.55229456E-01 -0.15633903E-01  0.21056022E-01
  0.54483691E-01 -0.15470320E-01  0.24380833E-01
  0.53676714E-01 -0.15283891E-01  0.27620523E-01
  0.52811157E-01 -0.15073712E-01  0.30763950E-01
  0.51889533E-01 -0.14838901E-01  0.33800678E-01
  0.50914183E-01 -0.14578610E-01  0.36721099E-01
  0.49887249E-01 -0.14292043E-01  0.39516522E-01
  0.48810663E-01 -0.13978465E-01  0.42179251E-01
  0.47686162E-01 -0.13637223E-01  0.44702636E-01
  0.46515317E-01 -0.13267753E-01  0.47081100E-01
  0.45299585E-01 -0.12869599E-01  0.49310133E-01
  0.44040372E-01 -0.12442419E-01  0.51386273E-01
  0.42739100E-01 -0.11985998E-01  0.53307053E-01
  0.41397279E-01 -0.11500254E-01  0.55070941E-01
  0.40016576E-01 -0.10985241E-01  0.56677255E-01
  0.38598872E-01 -0.10441148E-01  0.58126082E-01
  0.37146304E-01 -0.98682988E-02  0.59418185E-01
  0.35661299E-01 -0.92671400E-02  0.60554917E-01
  0.34146573E-01 -0.86382349E-02  0.61538146E-01
  0.32605128E-01 -0.79822481E-02  0.62370184E-01
  0.31040219E-01 -0.72999308E-02  0.63053736E-01
  0.29455308E-01 -0.65921031E-02  0.63591862E-01
  0.27854008E-01 -0.58596366E-02  0.63987954E-01
  0.26240016E-01 -0.51034359E-02  0.64245725E-01
  0.24617048E-01 -0.43244222E-02  0.64369212E-01
  0.22988769E-01 -0.35235172E-02  0.64362787E-01
  0.21358736E-01 -0.27016294E-02  0.64231167E-01
  0.19730351E-01 -0.18596436E-02  0.63979427E-01
  0.18106824E-01 -0.99841257E-03  0.63613010E-01
  0.16491151E-01 -0.11875137E-03  0.63137728E-01
  0.14886118E-01  0.77856491E-03  0.62559748E-01
  0.13294301E-01  0.16928015E-02  0.61885575E-01
  0.11718100E-01  0.26232620E-02  0.61122018E-01
  0.10159765E-01  0.35692856E-02  0.60276142E-01
  0.67260478E-01 -0.25733508E-01 -0.36318528E-01
  0.66552488E-01 -0.22842421E-01 -0.35734290E-01
  0.65756107E-01 -0.19913311E-01 -0.34966560E-01
  0.64871034E-01 -0.16953197E-01 -0.34020621E-01
  0.63898009E-01 -0.13969345E-01 -0.32904129E-01
  0.62838820E-01 -0.10969195E-01 -0.31626940E-01
  0.61696267E-01 -0.79602886E-02 -0.30200879E-01
  0.60474101E-01 -0.49501743E-02 -0.28639441E-01
  0.59176934E-01 -0.19463067E-02 -0.26957463E-01
  0.57810129E-01  0.10440585E-02 -0.25170762E-01
  0.56379676E-01  0.40139718E-02 -0.23295774E-01
  0.54892080E-01  0.69568911E-02 -0.21349203E-01
  0.53354239E-01  0.98667750E-02 -0.19347688E-01
  0.51773343E-01  0.12738161E-01 -0.17307516E-01
  0.50156795E-01  0.15566229E-01 -0.15244378E-01
  0.48512146E-01  0.18346844E-01 -0.13173168E-01
  0.46847051E-01  0.21076577E-01 -0.11107839E-01
  0.45169248E-01  0.23752710E-01 -0.90613038E-02
  0.43486550E-01  0.26373218E-01 -0.70453839E-02
  0.41806845E-01  0.28936734E-01 -0.50707927E-02
  0.40138102E-01  0.31442505E-01 -0.31471543E-02
  0.38488374E-01  0.33890332E-01 -0.12830482E-02
  0.36865792E-01  0.36280504E-01  0.51392657E-03
  0.35278546E-01  0.38613730E-01  0.22370729E-02
  0.33734853E-01  0.40891071E-01  0.38805072E-02
  0.32242896E-01  0.43113869E-01  0.54390657E-02
  0.30810755E-01  0.45283685E-01  0.69082090E-02
  0.29446314E-01  0.47402234E-01  0.82839269E-02
  0.28157151E-01  0.49471330E-01  0.95626471E-02
  0.26950426E-01  0.51492831E-01  0.10741149E-01
  0.25832751E-01  0.53468587E-01  0.11816484E-01
  0.24810073E-01  0.55400386E-01  0.12785908E-01
  0.23887558E-01  0.57289908E-01  0.13646826E-01
  0.23069487E-01  0.59138665E-01  0.14396744E-01
  0.22359174E-01  0.60947945E-01  0.15033246E-01
  0.21758907E-01  0.62718753E-01  0.15553987E-01
  0.21269910E-01  0.64451749E-01  0.15956700E-01
  0.20892337E-01  0.66147180E-01  0.16239233E-01
  0.20625293E-01  0.67804822E-01  0.16399605E-01
  0.20466880E-01  0.69423915E-01  0.16436079E-01
  0.20414266E-01  0.71003115E-01  0.16347265E-01
  0.20463766E-01  0.72540450E-01  0.16132234E-01
  0.20610947E-01  0.74033297E-01  0.15790650E-01
  0.20850734E-01  0.75478376E-01  0.15322915E-01
  0.21177513E-01  0.76871768E-01  0.14730305E-01
  0.21585241E-01  0.78208959E-01  0.14015122E-01
  0.22067539E-01  0.79484907E-01  0.13180816E-01
  0.22617782E-01  0.80694146E-01  0.12232100E-01
  0.23229170E-01  0.81830907E-01  0.11175027E-01
  0.23894796E-01  0.82889267E-01  0.10017046E-01
  0.24607699E-01  0.83863308E-01  0.87670032E-02
  0.25360914E-01  0.84747301E-01  0.74351067E-02
  0.26147523E-01  0.85535882E-01  0.60328445E-02
  0.26960704E-01  0.86224230E-01  0.45728537E-02
  0.27793793E-01  0.86808231E-01  0.30687484E-02
  0.28640359E-01  0.87284624E-01  0.15349087E-02
  0.29494286E-01  0.87651115E-01 -0.13760307E-04
  0.57690546E-01 -0.16572494E-01  0.19644000E-05
  0.57379756E-01 -0.16537533E-01  0.35363427E-02
  0.56993562E-01 -0.16483828E-01  0.70600624E-02
  0.56533619E-01 -0.16410305E-01  0.10560318E-01
  0.56001920E-01 -0.16315862E-01  0.14024325E-01
  0.55400735E-01 -0.16199403E-01  0.17439423E-01
  0.54732539E-01 -0.16059864E-01  0.20793199E-01
  0.53999937E-01 -0.15896241E-01  0.24073602E-01
  0.53205585E-01 -0.15707609E-01  0.27269073E-01
  0.52352114E-01 -0.15493136E-01  0.30368666E-01
  0.51442071E-01 -0.15252094E-01  0.33362164E-01
  0.50477865E-01 -0.14983861E-01  0.36240176E-01
  0.49461738E-01 -0.14687921E-01  0.38994232E-01
  0.48395748E-01 -0.14363858E-01  0.41616839E-01
  0.47281779E-01 -0.14011348E-01  0.44101532E-01
  0.46121563E-01 -0.13630147E-01  0.46442890E-01
  0.44916719E-01 -0.13220085E-01  0.48636533E-01
  0.43668811E-01 -0.12781049E-01  0.50679091E-01
  0.42379400E-01 -0.12312985E-01  0.52568165E-01
  0.41050113E-01 -0.11815880E-01  0.54302258E-01
  0.39682701E-01 -0.11289772E-01  0.55880704E-01
  0.38279091E-01 -0.10734739E-01  0.57303587E-01
  0.36841427E-01 -0.10150912E-01  0.58571656E-01
  0.35372096E-01 -0.95384762E-02  0.59686250E-01
  0.33873741E-01 -0.88976794E-02  0.60649220E-01
  0.32349249E-01 -0.82288420E-02  0.61462869E-01
  0.30801730E-01 -0.75323653E-02  0.62129902E-01
  0.29234478E-01 -0.68087391E-02  0.62653386E-01
  0.27650923E-01 -0.60585466E-02  0.63036729E-01
  0.26054574E-01 -0.52824670E-02  0.63283665E-01
  0.24448957E-01 -0.44812733E-02  0.63398254E-01
  0.22837563E-01 -0.36558260E-02  0.63384883E-01
  0.21223791E-01 -0.28070631E-02  0.63248275E-01
  0.19610907E-01 -0.19359850E-02  0.62993494E-01
  0.18002010E-01 -0.10436360E-02  0.62625950E-01
  0.16400020E-01 -0.13108311E-03  0.62151395E-01
  0.14807670E-01  0.80060717E-03  0.61575910E-01
  0.71954763E-01 -0.30843916E-01 -0.39396996E-01
  0.71659668E-01 -0.28188353E-01 -0.39528583E-01
  0.71280052E-01 -0.25477713E-01 -0.39480324E-01
  0.70812631E-01 -0.22717790E-01 -0.39248958E-01
  0.70254943E-01 -0.19914615E-01 -0.38833471E-01
  0.69605430E-01 -0.17074447E-01 -0.38235184E-01
  0.68863510E-01 -0.14203742E-01 -0.37457777E-01
  0.68029601E-01 -0.11309120E-01 -0.36507235E-01
  0.67105134E-01 -0.83973246E-02 -0.35391729E-01
  0.66092519E-01 -0.54751598E-02 -0.34121427E-01
  0.64995095E-01 -0.25494257E-02 -0.32708247E-01
  0.63817056E-01  0.37316165E-03 -0.31165564E-01
  0.62563365E-01  0.32860568E-02 -0.29507889E-01
  0.61239652E-01  0.61829748E-02 -0.27750534E-01
  0.59852116E-01  0.90579805E-02 -0.25909279E-01
  0.58407435E-01  0.11905573E-01 -0.24000054E-01
  0.56912675E-01  0.14720758E-01 -0.22038653E-01
  0.55375223E-01  0.17499111E-01 -0.20040479E-01
  0.53802723E-01  0.20236819E-01 -0.18020343E-01
  0.52203039E-01  0.22930703E-01 -0.15992296E-01
  0.50584218E-01  0.25578227E-01 -0.13969512E-01
  0.48954472E-01  0.28177483E-01 -0.11964217E-01
  0.47322159E-01  0.30727160E-01 -0.99876471E-02
  0.45695769E-01  0.33226501E-01 -0.80500464E-02
  0.44083905E-01  0.35675250E-01 -0.61606874E-02
  0.42495254E-01  0.38073586E-01 -0.43279138E-02
  0.40938552E-01  0.40422062E-01 -0.25591978E-02
  0.39422529E-01  0.42721533E-01 -0.86120839E-03
  0.37955845E-01  0.44973099E-01  0.76011360E-03
  0.36547008E-01  0.47178036E-01  0.22994776E-02
  0.35204278E-01  0.49337743E-01  0.37521648E-02
  0.33935560E-01  0.51453684E-01  0.51139514E-02
  0.32748296E-01  0.53527341E-01  0.63810360E-02
  0.31649340E-01  0.55560161E-01  0.75499729E-02
  0.30644854E-01  0.57553509E-01  0.86176128E-02
  0.29740191E-01  0.59508614E-01  0.95810534E-02
  0.28939799E-01  0.61426519E-01  0.10437601E-01
  0.28247148E-01  0.63308019E-01  0.11184748E-01
  0.27664658E-01  0.65153605E-01  0.11820158E-01
  0.27193667E-01  0.66963398E-01  0.12341680E-01
  0.26834415E-01  0.68737085E-01  0.12747368E-01
  0.26586056E-01  0.70473856E-01  0.13035530E-01
  0.26446690E-01  0.72172349E-01  0.13204782E-01
  0.26413425E-01  0.73830598E-01  0.13254137E-01
  0.26482452E-01  0.75446002E-01  0.13183092E-01
  0.26649139E-01  0.77015302E-01  0.12991743E-01
  0.26908139E-01  0.78534592E-01  0.12680891E-01
  0.27253499E-01  0.79999340E-01  0.12252170E-01
  0.27678776E-01  0.81404447E-01  0.11708152E-01
  0.28177146E-01  0.82744329E-01  0.11052460E-01
  0.28741512E-01  0.84013022E-01  0.10289852E-01
  0.29364598E-01  0.85204317E-01  0.94262830E-02
  0.30039039E-01  0.86311915E-01  0.84689451E-02
  0.30757454E-01  0.87329593E-01  0.74262633E-02
  0.31512520E-01  0.88251381E-01  0.63078598E-02
  0.32297036E-01  0.89071742E-01  0.51244764E-02
  0.33103988E-01  0.89785743E-01  0.38878593E-02
  0.33926619E-01  0.90389214E-01  0.26106060E-02
  0.34758500E-01  0.90878885E-01  0.13059811E-02
  0.35593616E-01  0.91252492E-01 -0.12294498E-04
  0.56994677E-01 -0.16991032E-01  0.19880898E-05
  0.56699091E-01 -0.16965235E-01  0.34932809E-02
  0.56328264E-01 -0.16919439E-01  0.69732407E-02
  0.55883736E-01 -0.16852357E-01  0.10429060E-01
  0.55367388E-01 -0.16762689E-01  0.13848015E-01
  0.54781385E-01 -0.16649173E-01  0.17217574E-01
  0.54128115E-01 -0.16510622E-01  0.20525510E-01
  0.53410114E-01 -0.16345966E-01  0.23760016E-01
  0.52629991E-01 -0.16154281E-01  0.26909816E-01
  0.51790364E-01 -0.15934802E-01  0.29964273E-01
  0.50893793E-01 -0.15686935E-01  0.32913486E-01
  0.49942734E-01 -0.15410250E-01  0.35748373E-01
  0.48939503E-01 -0.15104468E-01  0.38460741E-01
  0.47886260E-01 -0.14769443E-01  0.41043340E-01
  0.46785008E-01 -0.14405130E-01  0.43489890E-01
  0.45637611E-01 -0.14011558E-01  0.45795098E-01
  0.44445827E-01 -0.13588798E-01  0.47954649E-01
  0.43211351E-01 -0.13136936E-01  0.49965185E-01
  0.41935865E-01 -0.12656052E-01  0.51824261E-01
  0.40621096E-01 -0.12146197E-01  0.53530300E-01
  0.39268865E-01 -0.11607394E-01  0.55082528E-01
  0.37881139E-01 -0.11039629E-01  0.56480909E-01
  0.36460063E-01 -0.10442867E-01  0.57726079E-01
  0.35007992E-01 -0.98170682E-02  0.58819279E-01
  0.33527495E-01 -0.91622072E-02  0.59762294E-01
  0.32021358E-01 -0.84783052E-02  0.60557401E-01
  0.30492558E-01 -0.77654578E-02  0.61207316E-01
  0.28944239E-01 -0.70238635E-02  0.61715166E-01
  0.27379665E-01 -0.62538500E-02  0.62084450E-01
  0.25802172E-01 -0.54558930E-02  0.62319025E-01
  0.24215119E-01 -0.46306288E-02  0.62423089E-01
  0.22621838E-01 -0.37788565E-02  0.62401171E-01
  0.21025585E-01 -0.29015305E-02  0.62258122E-01
  0.74311856E-01 -0.37352102E-01 -0.38646144E-01
  0.74465274E-01 -0.35032812E-01 -0.39539321E-01
  0.74552990E-01 -0.32640042E-01 -0.40292471E-01
  0.74569387E-01 -0.30178548E-01 -0.40895027E-01
  0.74509203E-01 -0.27653350E-01 -0.41337690E-01
  0.74367650E-01 -0.25069691E-01 -0.41612663E-01
  0.74140533E-01 -0.22433007E-01 -0.41713869E-01
  0.73824354E-01 -0.19748897E-01 -0.41637146E-01
  0.73416406E-01 -0.17023107E-01 -0.41380399E-01
  0.72914849E-01 -0.14261512E-01 -0.40943705E-01
  0.72318761E-01 -0.11470099E-01 -0.40329363E-01
  0.71628168E-01 -0.86549428E-02 -0.39541872E-01
  0.70844052E-01 -0.58221840E-02 -0.38587847E-01
  0.69968331E-01 -0.29779854E-02 -0.37475874E-01
  0.69003828E-01 -0.12848641E-03 -0.36216304E-01
  0.67954213E-01  0.27202578E-02 -0.34821006E-01
  0.66823945E-01  0.55623450E-02 -0.33303083E-01
  0.65618194E-01  0.83921012E-02 -0.31676571E-01
  0.64342772E-01  0.11204159E-01 -0.29956132E-01
  0.63004056E-01  0.13993532E-01 -0.28156758E-01
  0.61608923E-01  0.16755686E-01 -0.26293494E-01
  0.60164682E-01  0.19486594E-01 -0.24381191E-01
  0.58679023E-01  0.22182784E-01 -0.22434297E-01
  0.57159965E-01  0.24841356E-01 -0.20466685E-01
  0.55615816E-01  0.27459997E-01 -0.18491523E-01
  0.54055130E-01  0.30036966E-01 -0.16521181E-01
  0.52486671E-01  0.32571069E-01 -0.14567180E-01
  0.50919377E-01  0.35061609E-01 -0.12640157E-01
  0.49362310E-01  0.37508344E-01 -0.10749876E-01
  0.47824614E-01  0.39911419E-01 -0.89052428E-02
  0.46315453E-01  0.42271301E-01 -0.71143423E-02
  0.44843946E-01  0.44588721E-01 -0.53844877E-02
  0.43419093E-01  0.46864604E-01 -0.37222747E-02
  0.42049686E-01  0.49100011E-01 -0.21336403E-02
  0.40744215E-01  0.51296088E-01 -0.62392379E-03
  0.39510774E-01  0.53454007E-01  0.80207386E-03
  0.38356951E-01  0.55574922E-01  0.21400323E-02
  0.37289725E-01  0.57659917E-01  0.33860582E-02
  0.36315364E-01  0.59709966E-01  0.45366375E-02
  0.35439324E-01  0.61725874E-01  0.55885938E-02
  0.34666166E-01  0.63708230E-01  0.65390556E-02
  0.33999473E-01  0.65657348E-01  0.73854338E-02
  0.33441796E-01  0.67573209E-01  0.81254093E-02
  0.32994604E-01  0.69455397E-01  0.87569353E-02
  0.32658268E-01  0.71303036E-01  0.92782520E-02
  0.32432058E-01  0.73114729E-01  0.96879170E-02
  0.32314165E-01  0.74888510E-01  0.99848503E-02
  0.32301744E-01  0.76621792E-01  0.10168394E-01
  0.32390982E-01  0.78311345E-01  0.10238385E-01
  0.32577179E-01  0.79953286E-01  0.10195239E-01
  0.32854846E-01  0.81543089E-01  0.10040040E-01
  0.33217822E-01  0.83075626E-01  0.97746386E-02
  0.33659384E-01  0.84545231E-01  0.94017387E-02
  0.34172373E-01  0.85945792E-01  0.89249874E-02
  0.34749313E-01  0.87270871E-01  0.83490445E-02
  0.35382527E-01  0.88513838E-01  0.76796351E-02
  0.36064241E-01  0.89668035E-01  0.69235774E-02
  0.36786692E-01  0.90726943E-01  0.60887806E-02
  0.37542213E-01  0.91684363E-01  0.51842117E-02
  0.38323323E-01  0.92534587E-01  0.42198269E-02
  0.39122804E-01  0.93272566E-01  0.32064697E-02
  0.39933788E-01  0.93894066E-01  0.21557367E-02
  0.40749832E-01  0.94395792E-01  0.10798154E-02
  0.41565008E-01  0.94775490E-01 -0.87014379E-05
  0.56203985E-01 -0.17452816E-01  0.18145094E-05
  0.55923865E-01 -0.17435008E-01  0.34499458E-02
  0.55568940E-01 -0.17395777E-01  0.68858449E-02
  0.55140640E-01 -0.17333726E-01  0.10296705E-01
  0.54640735E-01 -0.17247455E-01  0.13669885E-01
  0.54071281E-01 -0.17135618E-01  0.16993022E-01
  0.53434562E-01 -0.16996974E-01  0.20254135E-01
  0.52733024E-01 -0.16830432E-01  0.23441726E-01
  0.51969205E-01 -0.16635084E-01  0.26544880E-01
  0.51145676E-01 -0.16410225E-01  0.29553343E-01
  0.50264972E-01 -0.16155356E-01  0.32457602E-01
  0.49329553E-01 -0.15870179E-01  0.35248941E-01
  0.48341767E-01 -0.15554576E-01  0.37919489E-01
  0.47303828E-01 -0.15208575E-01  0.40462258E-01
  0.46217814E-01 -0.14832314E-01  0.42871154E-01
  0.45085680E-01 -0.14426000E-01  0.45140988E-01
  0.43909282E-01 -0.13989862E-01  0.47267467E-01
  0.42690413E-01 -0.13524115E-01  0.49247177E-01
  0.41430850E-01 -0.13028929E-01  0.51077554E-01
  0.40132395E-01 -0.12504399E-01  0.52756852E-01
  0.38796931E-01 -0.11950540E-01  0.54284098E-01
  0.37426454E-01 -0.11367286E-01  0.55659054E-01
  0.36023118E-01 -0.10754498E-01  0.56882167E-01
  0.34589249E-01 -0.10111993E-01  0.57954526E-01
  0.33127364E-01 -0.94395718E-02  0.58877813E-01
  0.31640165E-01 -0.87370637E-02  0.59654263E-01
  0.30130526E-01 -0.80043647E-02  0.60286620E-01
  0.72987748E-01 -0.45889164E-01 -0.31681962E-01
  0.73539973E-01 -0.44135433E-01 -0.33202112E-01
  0.74064982E-01 -0.42289600E-01 -0.34666608E-01
  0.74556635E-01 -0.40353811E-01 -0.36062125E-01
  0.75008671E-01 -0.38330781E-01 -0.37375363E-01
  0.75414760E-01 -0.36223758E-01 -0.38593197E-01
  0.75768577E-01 -0.34036474E-01 -0.39702849E-01
  0.76063880E-01 -0.31773085E-01 -0.40692062E-01
  0.76294600E-01 -0.29438101E-01 -0.41549303E-01
  0.76454946E-01 -0.27036324E-01 -0.42263966E-01
  0.76539500E-01 -0.24572784E-01 -0.42826588E-01
  0.76543326E-01 -0.22052684E-01 -0.43229063E-01
  0.76462060E-01 -0.19481354E-01 -0.43464842E-01
  0.76292003E-01 -0.16864220E-01 -0.43529120E-01
  0.76030195E-01 -0.14206783E-01 -0.43418982E-01
  0.75674479E-01 -0.11514598E-01 -0.43133516E-01
  0.75223549E-01 -0.87932666E-02 -0.42673867E-01
  0.74676974E-01 -0.60484228E-02 -0.42043244E-01
  0.74035222E-01 -0.32857183E-02 -0.41246867E-01
  0.73299647E-01 -0.51079722E-03 -0.40291847E-01
  0.72472482E-01  0.22707380E-02 -0.39187032E-01
  0.71556807E-01  0.50533731E-02 -0.37942792E-01
  0.70556514E-01  0.78317385E-02 -0.36570780E-01
  0.69476260E-01  0.10600674E-01 -0.35083669E-01
  0.68321421E-01  0.13355300E-01 -0.33494876E-01
  0.67098033E-01  0.16091085E-01 -0.31818290E-01
  0.65812745E-01  0.18803914E-01 -0.30068019E-01
  0.64472756E-01  0.21490142E-01 -0.28258152E-01
  0.63085760E-01  0.24146636E-01 -0.26402553E-01
  0.61659894E-01  0.26770801E-01 -0.24514688E-01
  0.60203672E-01  0.29360585E-01 -0.22607486E-01
  0.58725932E-01  0.31914470E-01 -0.20693238E-01
  0.57235771E-01  0.34431442E-01 -0.18783523E-01
  0.55742484E-01  0.36910947E-01 -0.16889165E-01
  0.54255494E-01  0.39352834E-01 -0.15020214E-01
  0.52784280E-01  0.41757298E-01 -0.13185951E-01
  0.51338307E-01  0.44124808E-01 -0.11394898E-01
  0.49926942E-01  0.46456046E-01 -0.96548504E-02
  0.48559373E-01  0.48751839E-01 -0.79729114E-02
  0.47244526E-01  0.51013099E-01 -0.63555321E-02
  0.45990973E-01  0.53240771E-01 -0.48085534E-02
  0.44806846E-01  0.55435780E-01 -0.33372499E-02
  0.43699743E-01  0.57598987E-01 -0.19463711E-02
  0.42676640E-01  0.59731138E-01 -0.64018229E-03
  0.41743804E-01  0.61832827E-01  0.57749948E-03
  0.40906710E-01  0.63904442E-01  0.17032720E-02
  0.40169957E-01  0.65946120E-01  0.27341207E-02
  0.39537208E-01  0.67957694E-01  0.36673972E-02
  0.39011122E-01  0.69938632E-01  0.45008053E-02
  0.38593312E-01  0.71887982E-01  0.52323967E-02
  0.38284313E-01  0.73804309E-01  0.58605754E-02
  0.38083569E-01  0.75685643E-01  0.63841143E-02
  0.37989439E-01  0.77529428E-01  0.68021827E-02
  0.37999225E-01  0.79332484E-01  0.71143867E-02
  0.38109221E-01  0.81090987E-01  0.73208197E-02
  0.38314779E-01  0.82800464E-01  0.74221241E-02
  0.38610400E-01  0.84455817E-01  0.74195599E-02
  0.38989836E-01  0.86051366E-01  0.73150783E-02
  0.39446209E-01  0.87580927E-01  0.71113956E-02
  0.39972135E-01  0.89037906E-01  0.68120629E-02
  0.40559856E-01  0.90415424E-01  0.64215259E-02
  0.41201372E-01  0.91706466E-01  0.59451700E-02
  0.41888567E-01  0.92904037E-01  0.53893455E-02
  0.42613331E-01  0.94001337E-01  0.47613678E-02
  0.43367678E-01  0.94991937E-01  0.40694899E-02
  0.44143853E-01  0.95869951E-01  0.33228445E-02
  0.44934432E-01  0.96630201E-01  0.25313560E-02
  0.45732420E-01  0.97268362E-01  0.17056230E-02
  0.46531344E-01  0.97781086E-01  0.85677521E-03
  0.47325344E-01  0.98166098E-01 -0.36916497E-05
  0.55336444E-01 -0.17969381E-01  0.14567200E-05
  0.55071987E-01 -0.17958589E-01  0.34061355E-02
  0.54733498E-01 -0.17924738E-01  0.67976178E-02
  0.54322305E-01 -0.17866437E-01  0.10163103E-01
  0.53840062E-01 -0.17782295E-01  0.13490047E-01
  0.53288702E-01 -0.17670982E-01  0.16766273E-01
  0.52670383E-01 -0.17531282E-01  0.19980071E-01
  0.51987430E-01 -0.17362134E-01  0.23120283E-01
  0.51242272E-01 -0.17162668E-01  0.26176379E-01
  0.50437382E-01 -0.16932224E-01  0.29138521E-01
  0.49575221E-01 -0.16670356E-01  0.31997607E-01
  0.48658199E-01 -0.16376824E-01  0.34745306E-01
  0.47688634E-01 -0.16051569E-01  0.37374083E-01
  0.46668739E-01 -0.15694683E-01  0.39877214E-01
  0.45600610E-01 -0.15306368E-01  0.42248785E-01
  0.44486240E-01 -0.14886888E-01  0.44483697E-01
  0.43327537E-01 -0.14436526E-01  0.46577655E-01
  0.42126355E-01 -0.13955545E-01  0.48527158E-01
  0.67178848E-01 -0.53758788E-01 -0.17800957E-01
  0.67805432E-01 -0.52863863E-01 -0.19289977E-01
  0.68455693E-01 -0.51882282E-01 -0.20823402E-01
  0.69125333E-01 -0.50812306E-01 -0.22394195E-01
  0.69809788E-01 -0.49652357E-01 -0.23994238E-01
  0.70504229E-01 -0.48401097E-01 -0.25614411E-01
  0.71203573E-01 -0.47057504E-01 -0.27244697E-01
  0.71902480E-01 -0.45620953E-01 -0.28874284E-01
  0.72595365E-01 -0.44091286E-01 -0.30491686E-01
  0.73276406E-01 -0.42468870E-01 -0.32084863E-01
  0.73939569E-01 -0.40754647E-01 -0.33641349E-01
  0.74578629E-01 -0.38950148E-01 -0.35148386E-01
  0.75187218E-01 -0.37057508E-01 -0.36593056E-01
  0.75758870E-01 -0.35079434E-01 -0.37962432E-01
  0.76287086E-01 -0.33019179E-01 -0.39243727E-01
  0.76765402E-01 -0.30880474E-01 -0.40424455E-01
  0.77187470E-01 -0.28667472E-01 -0.41492608E-01
  0.77547142E-01 -0.26384665E-01 -0.42436837E-01
  0.77838552E-01 -0.24036814E-01 -0.43246641E-01
  0.78056210E-01 -0.21628881E-01 -0.43912561E-01
  0.78195078E-01 -0.19165964E-01 -0.44426374E-01
  0.78250653E-01 -0.16653249E-01 -0.44781274E-01
  0.78219040E-01 -0.14095978E-01 -0.44972035E-01
  0.78097011E-01 -0.11499420E-01 -0.44995151E-01
  0.77882067E-01 -0.88688608E-02 -0.44848942E-01
  0.77572475E-01 -0.62095940E-02 -0.44533613E-01
  0.77167311E-01 -0.35269130E-02 -0.44051274E-01
  0.76666480E-01 -0.82610240E-03 -0.43405906E-01
  0.76070737E-01  0.18875798E-02 -0.42603278E-01
  0.75381689E-01  0.46089301E-02 -0.41650822E-01
  0.74601800E-01  0.73328387E-02 -0.40557460E-01
  0.73734374E-01  0.10054340E-01 -0.39333408E-01
  0.72783540E-01  0.12768675E-01 -0.37989947E-01
  0.71754225E-01  0.15471355E-01 -0.36539187E-01
  0.70652117E-01  0.18158228E-01 -0.34993824E-01
  0.69483619E-01  0.20825548E-01 -0.33366911E-01
  0.68255801E-01  0.23470020E-01 -0.31671631E-01
  0.66976337E-01  0.26088847E-01 -0.29921108E-01
  0.65653434E-01  0.28679751E-01 -0.28128229E-01
  0.64295763E-01  0.31240977E-01 -0.26305507E-01
  0.62912373E-01  0.33771276E-01 -0.24464964E-01
  0.61512609E-01  0.36269877E-01 -0.22618050E-01
  0.60106020E-01  0.38736431E-01 -0.20775580E-01
  0.58702270E-01  0.41170960E-01 -0.18947703E-01
  0.57311049E-01  0.43573779E-01 -0.17143883E-01
  0.55941979E-01  0.45945436E-01 -0.15372896E-01
  0.54604528E-01  0.48286630E-01 -0.13642842E-01
  0.53307926E-01  0.50598152E-01 -0.11961163E-01
  0.52061080E-01  0.52880819E-01 -0.10334664E-01
  0.50872497E-01  0.55135420E-01 -0.87695432E-02
  0.49750205E-01  0.57362664E-01 -0.72714157E-02
  0.48701685E-01  0.59563140E-01 -0.58453453E-02
  0.47733792E-01  0.61737272E-01 -0.44958708E-02
  0.46852693E-01  0.63885278E-01 -0.32270323E-02
  0.46063792E-01  0.66007132E-01 -0.20423969E-02
  0.45371670E-01  0.68102518E-01 -0.94508003E-03
  0.44780020E-01  0.70170785E-01  0.62234348E-04
  0.44291592E-01  0.72210889E-01  0.97727882E-03
  0.43908140E-01  0.74221352E-01  0.17981922E-02
  0.43630387E-01  0.76200195E-01  0.25235154E-02
  0.43457995E-01  0.78144898E-01  0.31521952E-02
  0.43389555E-01  0.80052353E-01  0.36835964E-02
  0.43422596E-01  0.81918830E-01  0.41175235E-02
  0.43553614E-01  0.83739965E-01  0.44542520E-02
  0.43778122E-01  0.85510757E-01  0.46945695E-02
  0.44090721E-01  0.87225600E-01  0.48398243E-02
  0.44485197E-01  0.88878333E-01  0.48919807E-02
  0.44954628E-01  0.90462314E-01  0.48536765E-02
  0.45491516E-01  0.91970529E-01  0.47282797E-02
  0.46087918E-01  0.93395714E-01  0.45199399E-02
  0.46735596E-01  0.94730507E-01  0.42336278E-02
  0.47426156E-01  0.95967606E-01  0.38751600E-02
  0.48151196E-01  0.97099946E-01  0.34512027E-02
  0.48902445E-01  0.98120872E-01  0.29692514E-02
  0.49671892E-01  0.99024310E-01  0.24375840E-02
  0.50451911E-01  0.99804932E-01  0.18651857E-02
  0.51235378E-01  0.10045829E+00  0.12616475E-02
  0.52015777E-01  0.10098096E+00  0.63703980E-03
  0.52787302E-01  0.10137060E+00  0.17662110E-05
  0.61451276E-01 -0.53619220E-01  0.80065193E-06
  0.61316294E-01 -0.53975501E-01 -0.70753882E-03
  0.61229282E-01 -0.54275348E-01 -0.14229005E-02
  0.61190826E-01 -0.54517741E-01 -0.21514500E-02
  0.61201511E-01 -0.54701533E-01 -0.28992280E-02
  0.61261882E-01 -0.54825471E-01 -0.36721082E-02
  0.61372391E-01 -0.54888221E-01 -0.44757496E-02
  0.61533348E-01 -0.54888383E-01 -0.53155397E-02
  0.61744871E-01 -0.54824504E-01 -0.61965283E-02
  0.62006839E-01 -0.54695090E-01 -0.71233504E-02
  0.62318850E-01 -0.54498606E-01 -0.81001419E-02
  0.62680190E-01 -0.54233478E-01 -0.91304468E-02
  0.63089809E-01 -0.53898086E-01 -0.10217122E-01
  0.63546300E-01 -0.53490759E-01 -0.11362240E-01
  0.64047896E-01 -0.53009768E-01 -0.12567000E-01
  0.64592466E-01 -0.52453323E-01 -0.13831639E-01
  0.65177518E-01 -0.51819579E-01 -0.15155366E-01
  0.65800205E-01 -0.51106641E-01 -0.16536302E-01
  0.66457336E-01 -0.50312591E-01 -0.17971442E-01
  0.67145378E-01 -0.49435520E-01 -0.19456642E-01
  0.67860473E-01 -0.48473572E-01 -0.20986618E-01
  0.68598434E-01 -0.47425002E-01 -0.22554978E-01
  0.69354763E-01 -0.46288247E-01 -0.24154261E-01
  0.70124649E-01 -0.45061993E-01 -0.25776010E-01
  0.70902981E-01 -0.43745258E-01 -0.27410850E-01
  0.71684360E-01 -0.42337459E-01 -0.29048587E-01
  0.72463117E-01 -0.40838485E-01 -0.30678313E-01
  0.73233337E-01 -0.39248749E-01 -0.32288535E-01
  0.73988887E-01 -0.37569226E-01 -0.33867291E-01
  0.74723464E-01 -0.35801470E-01 -0.35402297E-01
  0.75430635E-01 -0.33947618E-01 -0.36881078E-01
  0.76103897E-01 -0.32010363E-01 -0.38291127E-01
  0.76736739E-01 -0.29992913E-01 -0.39620048E-01
  0.77322710E-01 -0.27898935E-01 -0.40855728E-01
  0.77855486E-01 -0.25732487E-01 -0.41986493E-01
  0.78328945E-01 -0.23497945E-01 -0.43001285E-01
  0.78737238E-01 -0.21199931E-01 -0.43889831E-01
  0.79074858E-01 -0.18843242E-01 -0.44642820E-01
  0.79336707E-01 -0.16432799E-01 -0.45252067E-01
  0.79518159E-01 -0.13973590E-01 -0.45710675E-01
  0.79615121E-01 -0.11470647E-01 -0.46013178E-01
  0.79624088E-01 -0.89290181E-02 -0.46155662E-01
  0.79542196E-01 -0.63537591E-02 -0.46135860E-01
  0.79367271E-01 -0.37499235E-02 -0.45953216E-01
  0.79097870E-01 -0.11225587E-02 -0.45608906E-01
  0.78733330E-01  0.15233041E-02 -0.45105825E-01
  0.78273798E-01  0.41826674E-02 -0.44448530E-01
  0.77720263E-01  0.68505954E-02 -0.43643145E-01
  0.77074581E-01  0.95222539E-02 -0.42697228E-01
  0.76339488E-01  0.12192962E-01 -0.41619611E-01
  0.75518604E-01  0.14858252E-01 -0.40420213E-01
  0.74616426E-01  0.17513936E-01 -0.39109835E-01
  0.73638300E-01  0.20156176E-01 -0.37699957E-01
  0.72590393E-01  0.22781538E-01 -0.36202523E-01
  0.71479629E-01  0.25387053E-01 -0.34629743E-01
  0.70313633E-01  0.27970249E-01 -0.32993904E-01
  0.69100639E-01  0.30529169E-01 -0.31307206E-01
  0.67849407E-01  0.33062375E-01 -0.29581615E-01
  0.66569113E-01  0.35568920E-01 -0.27828743E-01
  0.65269248E-01  0.38048316E-01 -0.26059754E-01
  0.63959500E-01  0.40500467E-01 -0.24285288E-01
  0.62649647E-01  0.42925613E-01 -0.22515417E-01
  0.61349449E-01  0.45324244E-01 -0.20759607E-01
  0.60068547E-01  0.47697028E-01 -0.19026701E-01
  0.58816365E-01  0.50044731E-01 -0.17324918E-01
  0.57602033E-01  0.52368147E-01 -0.15661855E-01
  0.56434301E-01  0.54668032E-01 -0.14044496E-01
  0.55321481E-01  0.56945047E-01 -0.12479228E-01
  0.54271379E-01  0.59199709E-01 -0.10971858E-01
  0.53291246E-01  0.61432353E-01 -0.95276281E-02
  0.52387722E-01  0.63643089E-01 -0.81512366E-02
  0.51566785E-01  0.65831772E-01 -0.68468546E-02
  0.50833703E-01  0.67997967E-01 -0.56181441E-02
  0.50192980E-01  0.70140912E-01 -0.44682757E-02
  0.49648302E-01  0.72259479E-01 -0.33999452E-02
  0.49202483E-01  0.74352133E-01 -0.24153889E-02
  0.48857415E-01  0.76416884E-01 -0.15163973E-02
  0.48614014E-01  0.78451241E-01 -0.70432520E-03
  0.48472188E-01  0.80452172E-01  0.19902224E-04
  0.48430802E-01  0.82416063E-01  0.65578919E-03
  0.48487671E-01  0.84338694E-01  0.12032761E-02
  0.48639564E-01  0.86215221E-01  0.16627543E-02
  0.48882237E-01  0.88040190E-01  0.20350892E-02
  0.49210489E-01  0.89807563E-01  0.23216517E-02
  0.49618236E-01  0.91510769E-01  0.25243562E-02
  0.50098617E-01  0.93142786E-01  0.26457042E-02
  0.50644119E-01  0.94696244E-01  0.26888282E-02
  0.51246712E-01  0.96163555E-01  0.26575346E-02
  0.51898005E-01  0.97537057E-01  0.25563387E-02
  0.52589407E-01  0.98809179E-01  0.23904878E-02
  0.53312287E-01  0.99972612E-01  0.21659684E-02
  0.54058137E-01  0.10102048E+00  0.18894921E-02
  0.54818726E-01  0.10194653E+00  0.15684586E-02
  0.55586250E-01  0.10274526E+00  0.12108931E-02
  0.56353465E-01  0.10341208E+00  0.82535936E-03
  0.57113814E-01  0.10394345E+00  0.42085019E-03
  0.57861536E-01  0.10433693E+00  0.66589056E-05
  0.59929792E-01 -0.50443425E-01  0.17205875E-06
  0.59820012E-01 -0.50781459E-01 -0.72295631E-03
  0.59759736E-01 -0.51064446E-01 -0.14532733E-02
  0.59749425E-01 -0.51291549E-01 -0.21966915E-02
  0.59789529E-01 -0.51461803E-01 -0.29589741E-02
  0.59880450E-01 -0.51574121E-01 -0.37456975E-02
  0.60022511E-01 -0.51627312E-01 -0.45622119E-02
  0.60215913E-01 -0.51620084E-01 -0.54135941E-02
  0.60460698E-01 -0.51551056E-01 -0.63045943E-02
  0.60756710E-01 -0.51418764E-01 -0.72395733E-02
  0.61103560E-01 -0.51221660E-01 -0.82224329E-02
  0.61500596E-01 -0.50958118E-01 -0.92565390E-02
  0.61946878E-01 -0.50626432E-01 -0.10344639E-01
  0.62441154E-01 -0.50224819E-01 -0.11488779E-01
  0.62981845E-01 -0.49751425E-01 -0.12690219E-01
  0.63567032E-01 -0.49204329E-01 -0.13949354E-01
  0.64194449E-01 -0.48581559E-01 -0.15265643E-01
  0.64861471E-01 -0.47881117E-01 -0.16637548E-01
  0.65565118E-01 -0.47101005E-01 -0.18062489E-01
  0.66302048E-01 -0.46239273E-01 -0.19536814E-01
  0.67068562E-01 -0.45294060E-01 -0.21055790E-01
  0.67860603E-01 -0.44263658E-01 -0.22613611E-01
  0.68673766E-01 -0.43146577E-01 -0.24203430E-01
  0.69503308E-01 -0.41941608E-01 -0.25817408E-01
  0.70344161E-01 -0.40647894E-01 -0.27446784E-01
  0.71190957E-01 -0.39264988E-01 -0.29081963E-01
  0.72038052E-01 -0.37792914E-01 -0.30712620E-01
  0.72879561E-01 -0.36232202E-01 -0.32327815E-01
  0.73709398E-01 -0.34583917E-01 -0.33916121E-01
  0.74521324E-01 -0.32849669E-01 -0.35465768E-01
  0.75308995E-01 -0.31031602E-01 -0.36964780E-01
  0.76066017E-01 -0.29132368E-01 -0.38401130E-01
  0.76786008E-01 -0.27155087E-01 -0.39762894E-01
  0.77462651E-01 -0.25103288E-01 -0.41038411E-01
  0.78089754E-01 -0.22980853E-01 -0.42216433E-01
  0.78661309E-01 -0.20791948E-01 -0.43286292E-01
  0.79171545E-01 -0.18540963E-01 -0.44238049E-01
  0.79614984E-01 -0.16232453E-01 -0.45062650E-01
  0.79986492E-01 -0.13871087E-01 -0.45752067E-01
  0.80281331E-01 -0.11461618E-01 -0.46299437E-01
  0.80495214E-01 -0.90088474E-02 -0.46699182E-01
  0.80624352E-01 -0.65176119E-02 -0.46947114E-01
  0.80665518E-01 -0.39927719E-02 -0.47040520E-01
  0.80616094E-01 -0.14392031E-02 -0.46978219E-01
  0.80474137E-01  0.11382129E-02 -0.46760594E-01
  0.80238433E-01  0.37346032E-02 -0.46389589E-01
  0.79908553E-01  0.63451274E-02 -0.45868678E-01
  0.79484909E-01  0.89650120E-02 -0.45202795E-01
  0.78968798E-01  0.11589596E-01 -0.44398240E-01
  0.78362436E-01  0.14214389E-01 -0.43462552E-01
  0.77668979E-01  0.16835136E-01 -0.42404358E-01
  0.76892531E-01  0.19447881E-01 -0.41233208E-01
  0.76038125E-01  0.22049043E-01 -0.39959393E-01
  0.75111692E-01  0.24635470E-01 -0.38593760E-01
  0.74120004E-01  0.27204490E-01 -0.37147531E-01
  0.73070595E-01  0.29753941E-01 -0.35632124E-01
  0.71971673E-01  0.32282187E-01 -0.34058990E-01
  0.70832002E-01  0.34788108E-01 -0.32439468E-01
  0.69660791E-01  0.37271068E-01 -0.30784658E-01
  0.68467556E-01  0.39730871E-01 -0.29105317E-01
  0.67262000E-01  0.42167689E-01 -0.27411771E-01
  0.66053879E-01  0.44581991E-01 -0.25713857E-01
  0.64852886E-01  0.46974454E-01 -0.24020873E-01
  0.63668544E-01  0.49345881E-01 -0.22341553E-01
  0.62510103E-01  0.51697118E-01 -0.20684049E-01
  0.61386466E-01  0.54028976E-01 -0.19055929E-01
  0.60306118E-01  0.56342162E-01 -0.17464173E-01
  0.59277070E-01  0.58637224E-01 -0.15915187E-01
  0.58306817E-01  0.60914503E-01 -0.14414807E-01
  0.57402299E-01  0.63174094E-01 -0.12968311E-01
  0.56569872E-01  0.65415813E-01 -0.11580437E-01
  0.55815267E-01  0.67639170E-01 -0.10255388E-01
  0.55143567E-01  0.69843342E-01 -0.89968476E-02
  0.54559156E-01  0.72027145E-01 -0.78079935E-02
  0.54065680E-01  0.74189003E-01 -0.66915099E-02
  0.53665993E-01  0.76326919E-01 -0.56496010E-02
  0.53362107E-01  0.78438429E-01 -0.46840050E-02
  0.53155128E-01  0.80520575E-01 -0.37960069E-02
  0.53045212E-01  0.82569859E-01 -0.29864502E-02
  0.53031516E-01  0.84582219E-01 -0.22557446E-02
  0.53112169E-01  0.86553003E-01 -0.16038705E-02
  0.53284257E-01  0.88476959E-01 -0.10303770E-02
  0.53543836E-01  0.90348248E-01 -0.53437309E-03
  0.53885967E-01  0.92160472E-01 -0.11451141E-03
  0.54304778E-01  0.93906727E-01  0.23103444E-03
  0.54793554E-01  0.95579680E-01  0.50459887E-03
  0.55344857E-01  0.97171677E-01  0.70905644E-03
  0.55950665E-01  0.98674861E-01  0.84785420E-03
  0.56602527E-01  0.10008133E+00  0.92504018E-03
  0.57291741E-01  0.10138328E+00  0.94528357E-03
  0.58009527E-01  0.10257318E+00  0.91388218E-03
  0.58747210E-01  0.10364399E+00  0.83675307E-03
  0.59496398E-01  0.10458924E+00  0.72040330E-03
  0.60249152E-01  0.10540328E+00  0.57187907E-03
  0.60998140E-01  0.10608138E+00  0.39869295E-03
  0.61736781E-01  0.10661985E+00  0.20873101E-03
  0.62459366E-01  0.10701615E+00  0.10143014E-04
  0.58344883E-01 -0.47500714E-01 -0.46387248E-06
  0.58259341E-01 -0.47821338E-01 -0.73681790E-03
  0.58224423E-01 -0.48088074E-01 -0.14802531E-02
  0.58240448E-01 -0.48300300E-01 -0.22364012E-02
  0.58307708E-01 -0.48457264E-01 -0.30107363E-02
  0.58426447E-01 -0.48558075E-01 -0.38085432E-02
  0.58596833E-01 -0.48601712E-01 -0.46348822E-02
  0.58818941E-01 -0.48587014E-01 -0.54945508E-02
  0.59092713E-01 -0.48512684E-01 -0.63920377E-02
  0.59417940E-01 -0.48377289E-01 -0.73314713E-02
  0.59794224E-01 -0.48179265E-01 -0.83165594E-02
  0.60220953E-01 -0.47916915E-01 -0.93505228E-02
  0.60697272E-01 -0.47588426E-01 -0.10436023E-01
  0.61222058E-01 -0.47191873E-01 -0.11575086E-01
  0.61793892E-01 -0.46725243E-01 -0.12769024E-01
  0.62411038E-01 -0.46186454E-01 -0.14018362E-01
  0.63071424E-01 -0.45573388E-01 -0.15322765E-01
  0.63772625E-01 -0.44883923E-01 -0.16680974E-01
  0.64511850E-01 -0.44115984E-01 -0.18090758E-01
  0.65285935E-01 -0.43267584E-01 -0.19548876E-01
  0.66091336E-01 -0.42336887E-01 -0.21051058E-01
  0.66924139E-01 -0.41322259E-01 -0.22591999E-01
  0.67780061E-01 -0.40222331E-01 -0.24165389E-01
  0.68654470E-01 -0.39036057E-01 -0.25763942E-01
  0.69542408E-01 -0.37762765E-01 -0.27379465E-01
  0.70438616E-01 -0.36402205E-01 -0.29002936E-01
  0.71337574E-01 -0.34954585E-01 -0.30624603E-01
  0.72233538E-01 -0.33420592E-01 -0.32234098E-01
  0.73120586E-01 -0.31801408E-01 -0.33820566E-01
  0.73992666E-01 -0.30098701E-01 -0.35372802E-01
  0.74843646E-01 -0.28314612E-01 -0.36879397E-01
  0.75667359E-01 -0.26451721E-01 -0.38328885E-01
  0.76457654E-01 -0.24513009E-01 -0.39709898E-01
  0.77208443E-01 -0.22501810E-01 -0.41011312E-01
  0.77913741E-01 -0.20421760E-01 -0.42222398E-01
  0.78567711E-01 -0.18276751E-01 -0.43332961E-01
  0.79164704E-01 -0.16070874E-01 -0.44333480E-01
  0.79699298E-01 -0.13808387E-01 -0.45215241E-01
  0.80166339E-01 -0.11493677E-01 -0.45970454E-01
  0.80560991E-01 -0.91312305E-02 -0.46592374E-01
  0.80878778E-01 -0.67256214E-02 -0.47075395E-01
  0.81115646E-01 -0.42814920E-02 -0.47415148E-01
  0.81268022E-01 -0.18035438E-02 -0.47608570E-01
  0.81332879E-01  0.70347542E-03 -0.47653965E-01
  0.81307812E-01  0.32347882E-02 -0.47551032E-01
  0.81191115E-01  0.57856119E-02 -0.47300887E-01
  0.80981850E-01  0.83511931E-02 -0.46906043E-01
  0.80679924E-01  0.10926853E-01 -0.46370370E-01
  0.80286149E-01  0.13508041E-01 -0.45699033E-01
  0.79802293E-01  0.16090404E-01 -0.44898394E-01
  0.79231111E-01  0.18669852E-01 -0.43975897E-01
  0.78576362E-01  0.21242628E-01 -0.42939931E-01
  0.77842791E-01  0.23805380E-01 -0.41799675E-01
  0.77036101E-01  0.26355213E-01 -0.40564934E-01
  0.76162884E-01  0.28889736E-01 -0.39245972E-01
  0.75230541E-01  0.31407084E-01 -0.37853345E-01
  0.74247175E-01  0.33905924E-01 -0.36397739E-01
  0.73221463E-01  0.36385436E-01 -0.34889824E-01
  0.72162527E-01  0.38845276E-01 -0.33340119E-01
  0.71079789E-01  0.41285515E-01 -0.31758880E-01
  0.69982827E-01  0.43706566E-01 -0.30156006E-01
  0.68881243E-01  0.46109101E-01 -0.28540965E-01
  0.67784533E-01  0.48493958E-01 -0.26922739E-01
  0.66701977E-01  0.50862053E-01 -0.25309790E-01
  0.65642543E-01  0.53214289E-01 -0.23710033E-01
  0.64614813E-01  0.55551480E-01 -0.22130831E-01
  0.63626920E-01  0.57874280E-01 -0.20578992E-01
  0.62686512E-01  0.60183127E-01 -0.19060770E-01
  0.61800716E-01  0.62478196E-01 -0.17581878E-01
  0.60976121E-01  0.64759361E-01 -0.16147495E-01
  0.60218760E-01  0.67026171E-01 -0.14762273E-01
  0.59534092E-01  0.69277824E-01 -0.13430353E-01
  0.58926983E-01  0.71513149E-01 -0.12155366E-01
  0.58401675E-01  0.73730585E-01 -0.10940449E-01
  0.57961746E-01  0.75928158E-01 -0.97882477E-02
  0.57610067E-01  0.78103454E-01 -0.87009312E-02
  0.57348741E-01  0.80253595E-01 -0.76801998E-02
  0.57179043E-01  0.82375204E-01 -0.67272981E-02
  0.57101359E-01  0.84464379E-01 -0.58430272E-02
  0.57115124E-01  0.86516666E-01 -0.50277564E-02
  0.57218781E-01  0.88527042E-01 -0.42814335E-02
  0.57409742E-01  0.90489910E-01 -0.36035914E-02
  0.57684389E-01  0.92399109E-01 -0.29933508E-02
  0.58038082E-01  0.94247946E-01 -0.24494172E-02
  0.58465214E-01  0.96029248E-01 -0.19700716E-02
  0.58959287E-01  0.97735438E-01 -0.15531563E-02
  0.59513020E-01  0.99358636E-01 -0.11960563E-02
  0.60118487E-01  0.10089078E+00 -0.89567877E-03
  0.60767278E-01  0.10232378E+00 -0.64843408E-03
  0.61450676E-01  0.10364965E+00 -0.45022198E-03
  0.62159851E-01  0.10486071E+00 -0.29642643E-03
  0.62886055E-01  0.10594972E+00 -0.18192337E-03
  0.63620817E-01  0.10691010E+00 -0.10110391E-03
  0.64356133E-01  0.10773603E+00 -0.47915094E-04
  0.65084639E-01  0.10842265E+00 -0.15918558E-04
  0.65799765E-01  0.10896615E+00  0.16339617E-05
  0.66495874E-01  0.10936385E+00  0.11710985E-04
  0.56701843E-01 -0.44776447E-01 -0.10546892E-05
  0.56639255E-01 -0.45081100E-01 -0.74973828E-03
  0.56627965E-01 -0.45332855E-01 -0.15051143E-02
  0.56668147E-01 -0.45531294E-01 -0.22725041E-02
  0.56759931E-01 -0.45675869E-01 -0.30570834E-02
  0.56903396E-01 -0.45765884E-01 -0.38638538E-02
  0.57098557E-01 -0.45800482E-01 -0.46976119E-02
  0.57345352E-01 -0.45778635E-01 -0.55629150E-02
  0.57643622E-01 -0.45699130E-01 -0.64640403E-02
  0.57993093E-01 -0.45560570E-01 -0.74049369E-02
  0.58393345E-01 -0.45361373E-01 -0.83891711E-02
  0.58843791E-01 -0.45099781E-01 -0.94198639E-02
  0.59343642E-01 -0.44773874E-01 -0.10499623E-01
  0.59891876E-01 -0.44381596E-01 -0.11630469E-01
  0.60487209E-01 -0.43920785E-01 -0.12813765E-01
  0.61128060E-01 -0.43389212E-01 -0.14050135E-01
  0.61812525E-01 -0.42784626E-01 -0.15339401E-01
  0.62538352E-01 -0.42104807E-01 -0.16680516E-01
  0.63302921E-01 -0.41347622E-01 -0.18071514E-01
  0.64103234E-01 -0.40511081E-01 -0.19509467E-01
  0.64935907E-01 -0.39593398E-01 -0.20990465E-01
  0.65797175E-01 -0.38593045E-01 -0.22509611E-01
  0.66682908E-01 -0.37508808E-01 -0.24061037E-01
  0.67588627E-01 -0.36339829E-01 -0.25637939E-01
  0.68509533E-01 -0.35085644E-01 -0.27232635E-01
  0.69440550E-01 -0.33746214E-01 -0.28836644E-01
  0.70376356E-01 -0.32321938E-01 -0.30440782E-01
  0.71311434E-01 -0.30813661E-01 -0.32035269E-01
  0.72240115E-01 -0.29222666E-01 -0.33609863E-01
  0.73156623E-01 -0.27550660E-01 -0.35153983E-01
  0.74055117E-01 -0.25799745E-01 -0.36656859E-01
  0.74929735E-01 -0.23972395E-01 -0.38107668E-01
  0.75774625E-01 -0.22071411E-01 -0.39495679E-01
  0.76583978E-01 -0.20099890E-01 -0.40810392E-01
  0.77352059E-01 -0.18061187E-01 -0.42041668E-01
  0.78073232E-01 -0.15958880E-01 -0.43179858E-01
  0.78741992E-01 -0.13796743E-01 -0.44215921E-01
  0.79352987E-01 -0.11578722E-01 -0.45141535E-01
  0.79901061E-01 -0.93089144E-02 -0.45949201E-01
  0.80381294E-01 -0.69915565E-02 -0.46632337E-01
  0.80789048E-01 -0.46310112E-02 -0.47185365E-01
  0.81120035E-01 -0.22317557E-02 -0.47603792E-01
  0.81370385E-01  0.20163201E-03 -0.47884276E-01
  0.81536723E-01  0.26644932E-02 -0.48024683E-01
  0.81616261E-01  0.51521156E-02 -0.48024130E-01
  0.81606883E-01  0.76597707E-02 -0.47883010E-01
  0.81507240E-01  0.10182760E-01 -0.47602997E-01
  0.81316829E-01  0.12716475E-01 -0.47187028E-01
  0.81036072E-01  0.15256459E-01 -0.46639266E-01
  0.80666373E-01  0.17798481E-01 -0.45965032E-01
  0.80210155E-01  0.20338613E-01 -0.45170713E-01
  0.79670879E-01  0.22873291E-01 -0.44263655E-01
  0.79053025E-01  0.25399390E-01 -0.43252026E-01
  0.78362058E-01  0.27914266E-01 -0.42144673E-01
  0.77604359E-01  0.30415795E-01 -0.40950963E-01
  0.76787129E-01  0.32902391E-01 -0.39680623E-01
  0.75918276E-01  0.35372993E-01 -0.38343583E-01
  0.75006283E-01  0.37827044E-01 -0.36949826E-01
  0.74060062E-01  0.40264440E-01 -0.35509246E-01
  0.73088806E-01  0.42685463E-01 -0.34031533E-01
  0.72101839E-01  0.45090707E-01 -0.32526067E-01
  0.71108481E-01  0.47480981E-01 -0.31001839E-01
  0.70117912E-01  0.49857223E-01 -0.29467391E-01
  0.69139072E-01  0.52220402E-01 -0.27930773E-01
  0.68180562E-01  0.54571434E-01 -0.26399521E-01
  0.67250579E-01  0.56911101E-01 -0.24880644E-01
  0.66356864E-01  0.59239980E-01 -0.23380624E-01
  0.65506669E-01  0.61558394E-01 -0.21905424E-01
  0.64706741E-01  0.63866359E-01 -0.20460495E-01
  0.63963312E-01  0.66163556E-01 -0.19050790E-01
  0.63282092E-01  0.68449302E-01 -0.17680773E-01
  0.62668266E-01  0.70722534E-01 -0.16354429E-01
  0.62126480E-01  0.72981789E-01 -0.15075268E-01
  0.61660820E-01  0.75225190E-01 -0.13846333E-01
  0.61274782E-01  0.77450431E-01 -0.12670204E-01
  0.60971222E-01  0.79654750E-01 -0.11549002E-01
  0.60752302E-01  0.81834918E-01 -0.10484392E-01
  0.60619423E-01  0.83987204E-01 -0.94775975E-02
  0.60573160E-01  0.86107362E-01 -0.85294016E-02
  0.60613187E-01  0.88190603E-01 -0.76401645E-02
  0.60738226E-01  0.90231591E-01 -0.68098331E-02
  0.60945997E-01  0.92224434E-01 -0.60379536E-02
  0.61233194E-01  0.94162706E-01 -0.53236822E-02
  0.61595493E-01  0.96039471E-01 -0.46657929E-02
  0.62027583E-01  0.97847341E-01 -0.40626813E-02
  0.62523231E-01  0.99578550E-01 -0.35123645E-02
  0.63075386E-01  0.10122505E+00 -0.30124776E-02
  0.63676307E-01  0.10277864E+00 -0.25602668E-02
  0.64317725E-01  0.10423108E+00 -0.21525828E-02
  0.64991024E-01  0.10557428E+00 -0.17858759E-02
  0.65687439E-01  0.10680045E+00 -0.14561967E-02
  0.66398263E-01  0.10790223E+00 -0.11592044E-02
  0.67115055E-01  0.10887295E+00 -0.89018644E-03
  0.67829842E-01  0.10970667E+00 -0.64409006E-03
  0.68535304E-01  0.11039845E+00 -0.41556710E-03
  0.69224945E-01  0.11094435E+00 -0.19903141E-03
  0.69893228E-01  0.11134162E+00  0.11273278E-04
  0.55005007E-01 -0.42256162E-01 -0.15582966E-05
  0.54963786E-01 -0.42546685E-01 -0.76216360E-03
  0.54974031E-01 -0.42785191E-01 -0.15288280E-02
  0.55035782E-01 -0.42971422E-01 -0.23065352E-02
  0.55149025E-01 -0.43104994E-01 -0.31001524E-02
  0.55313688E-01 -0.43185367E-01 -0.39144057E-02
  0.55529646E-01 -0.43211824E-01 -0.47538520E-02
  0.55796716E-01 -0.43183445E-01 -0.56228462E-02
  0.56114646E-01 -0.43099093E-01 -0.65255005E-02
  0.56483101E-01 -0.42957407E-01 -0.74656364E-02
  0.56901640E-01 -0.42756800E-01 -0.84467289E-02
  0.57369692E-01 -0.42495473E-01 -0.94718427E-02
  0.57886522E-01 -0.42171437E-01 -0.10543563E-01
  0.58451195E-01 -0.41782544E-01 -0.11663922E-01
  0.59062539E-01 -0.41326533E-01 -0.12834324E-01
  0.59719109E-01 -0.40801078E-01 -0.14055470E-01
  0.60419149E-01 -0.40203853E-01 -0.15327290E-01
  0.61160563E-01 -0.39532588E-01 -0.16648882E-01
  0.61940892E-01 -0.38785143E-01 -0.18018459E-01
  0.62757300E-01 -0.37959562E-01 -0.19433314E-01
  0.63606568E-01 -0.37054142E-01 -0.20889802E-01
  0.64485100E-01 -0.36067481E-01 -0.22383333E-01
  0.65388940E-01 -0.34998523E-01 -0.23908397E-01
  0.66313797E-01 -0.33846594E-01 -0.25458599E-01
  0.67255081E-01 -0.32611422E-01 -0.27026715E-01
  0.68207942E-01 -0.31293148E-01 -0.28604778E-01
  0.69167313E-01 -0.29892326E-01 -0.30184161E-01
  0.70127955E-01 -0.28409911E-01 -0.31755694E-01
  0.71084505E-01 -0.26847242E-01 -0.33309780E-01
  0.72031507E-01 -0.25206015E-01 -0.34836521E-01
  0.72963454E-01 -0.23488253E-01 -0.36325847E-01
  0.73874818E-01 -0.21696283E-01 -0.37767648E-01
  0.74760066E-01 -0.19832698E-01 -0.39151901E-01
  0.75613686E-01 -0.17900340E-01 -0.40468794E-01
  0.76430199E-01 -0.15902275E-01 -0.41708836E-01
  0.77204178E-01 -0.13841777E-01 -0.42862972E-01
  0.77930261E-01 -0.11722319E-01 -0.43922677E-01
  0.78603182E-01 -0.95475617E-02 -0.44880054E-01
  0.79217794E-01 -0.73213496E-02 -0.45727918E-01
  0.79769121E-01 -0.50477064E-02 -0.46459878E-01
  0.80252407E-01 -0.27308253E-02 -0.47070414E-01
  0.80663188E-01 -0.37505679E-03 -0.47554947E-01
  0.80997370E-01  0.20151117E-02 -0.47909910E-01
  0.81251323E-01  0.44350858E-02 -0.48132804E-01
  0.81421973E-01  0.68802032E-02 -0.48222248E-01
  0.81506912E-01  0.93457847E-02 -0.48178020E-01
  0.81504490E-01  0.11827194E-01 -0.48001074E-01
  0.81413908E-01  0.14319906E-01 -0.47693549E-01
  0.81235301E-01  0.16819581E-01 -0.47258745E-01
  0.80969796E-01  0.19322141E-01 -0.46701082E-01
  0.80619549E-01  0.21823839E-01 -0.46026030E-01
  0.80187761E-01  0.24321334E-01 -0.45240019E-01
  0.79678657E-01  0.26811738E-01 -0.44350318E-01
  0.79097444E-01  0.29292665E-01 -0.43364908E-01
  0.78450239E-01  0.31762248E-01 -0.42292329E-01
  0.77743967E-01  0.34219150E-01 -0.41141527E-01
  0.76986241E-01  0.36662542E-01 -0.39921696E-01
  0.76185231E-01  0.39092068E-01 -0.38642127E-01
  0.75349513E-01  0.41507791E-01 -0.37312063E-01
  0.74487923E-01  0.43910125E-01 -0.35940580E-01
  0.73609408E-01  0.46299749E-01 -0.34536472E-01
  0.72722891E-01  0.48677522E-01 -0.33108172E-01
  0.71837147E-01  0.51044390E-01 -0.31663684E-01
  0.70960697E-01  0.53401299E-01 -0.30210544E-01
  0.70101727E-01  0.55749109E-01 -0.28755794E-01
  0.69268019E-01  0.58088519E-01 -0.27305976E-01
  0.68466913E-01  0.60420001E-01 -0.25867132E-01
  0.67705278E-01  0.62743750E-01 -0.24444819E-01
  0.66989500E-01  0.65059635E-01 -0.23044120E-01
  0.66325482E-01  0.67367171E-01 -0.21669663E-01
  0.65718641E-01  0.69665491E-01 -0.20325630E-01
  0.65173912E-01  0.71953328E-01 -0.19015772E-01
  0.64695736E-01  0.74228996E-01 -0.17743413E-01
  0.64288046E-01  0.76490380E-01 -0.16511452E-01
  0.63954238E-01  0.78734913E-01 -0.15322363E-01
  0.63697125E-01  0.80959567E-01 -0.14178193E-01
  0.63518883E-01  0.83160829E-01 -0.13080564E-01
  0.63420986E-01  0.85334685E-01 -0.12030672E-01
  0.63404131E-01  0.87476603E-01 -0.11029292E-01
  0.63468171E-01  0.89581516E-01 -0.10076785E-01
  0.63612044E-01  0.91643823E-01 -0.91731134E-02
  0.63833727E-01  0.93657385E-01 -0.83178494E-02
  0.64130198E-01  0.95615551E-01 -0.75101969E-02
  0.64497433E-01  0.97511187E-01 -0.67490053E-02
  0.64930426E-01  0.99336738E-01 -0.60327863E-02
  0.65423249E-01  0.10108429E+00 -0.53597274E-02
  0.65969141E-01  0.10274570E+00 -0.47277033E-02
  0.66560635E-01  0.10431265E+00 -0.41342846E-02
  0.67189710E-01  0.10577685E+00 -0.35767446E-02
  0.67847971E-01  0.10713016E+00 -0.30520662E-02
  0.68526852E-01  0.10836472E+00 -0.25569497E-02
  0.69217820E-01  0.10947317E+00 -0.20878246E-02
  0.69912593E-01  0.11044876E+00 -0.16408662E-02
  0.70603346E-01  0.11128556E+00 -0.12120198E-02
  0.71282906E-01  0.11197854E+00 -0.79703149E-03
  0.71944920E-01  0.11252372E+00 -0.39148704E-03
  0.72584005E-01  0.11291829E+00  0.91427340E-05
  0.53257857E-01 -0.39926401E-01 -0.19459203E-05
  0.53236177E-01 -0.40204777E-01 -0.77436811E-03
  0.53265558E-01 -0.40431971E-01 -0.15520443E-02
  0.53345937E-01 -0.40607817E-01 -0.23395973E-02
  0.53477184E-01 -0.40732032E-01 -0.31415759E-02
  0.53659111E-01 -0.40804173E-01 -0.39624343E-02
  0.53891487E-01 -0.40823610E-01 -0.48065058E-02
  0.54174037E-01 -0.40789497E-01 -0.56779691E-02
  0.54506438E-01 -0.40700755E-01 -0.65808051E-02
  0.54888314E-01 -0.40556057E-01 -0.75187447E-02
  0.55319215E-01 -0.40353832E-01 -0.84952076E-02
  0.55798591E-01 -0.40092279E-01 -0.95132329E-02
  0.56325759E-01 -0.39769390E-01 -0.10575404E-01
  0.56899865E-01 -0.39382996E-01 -0.11683772E-01
  0.57519842E-01 -0.38930811E-01 -0.12839773E-01
  0.58184367E-01 -0.38410498E-01 -0.14044161E-01
  0.58891827E-01 -0.37819730E-01 -0.15296931E-01
  0.59640276E-01 -0.37156266E-01 -0.16597265E-01
  0.60427417E-01 -0.36418014E-01 -0.17943489E-01
  0.61250582E-01 -0.35603103E-01 -0.19333037E-01
  0.62106730E-01 -0.34709935E-01 -0.20762446E-01
  0.62992454E-01 -0.33737240E-01 -0.22227359E-01
  0.63903997E-01 -0.32684103E-01 -0.23722551E-01
  0.64837288E-01 -0.31549998E-01 -0.25241977E-01
  0.65787972E-01 -0.30334789E-01 -0.26778832E-01
  0.66751455E-01 -0.29038731E-01 -0.28325633E-01
  0.67722952E-01 -0.27662456E-01 -0.29874312E-01
  0.68697522E-01 -0.26206954E-01 -0.31416315E-01
  0.69670117E-01 -0.24673545E-01 -0.32942720E-01
  0.70635610E-01 -0.23063847E-01 -0.34444346E-01
  0.71588821E-01 -0.21379757E-01 -0.35911870E-01
  0.72524543E-01 -0.19623418E-01 -0.37335941E-01
  0.73437546E-01 -0.17797205E-01 -0.38707289E-01
  0.74322592E-01 -0.15903709E-01 -0.40016826E-01
  0.75174442E-01 -0.13945734E-01 -0.41255743E-01
  0.75987857E-01 -0.11926292E-01 -0.42415598E-01
  0.76757618E-01 -0.98486064E-02 -0.43488400E-01
  0.77478544E-01 -0.77161177E-02 -0.44466686E-01
  0.78145524E-01 -0.55324827E-02 -0.45343594E-01
  0.78753566E-01 -0.33015737E-02 -0.46112937E-01
  0.79297855E-01 -0.10274693E-02 -0.46769274E-01
  0.79773831E-01  0.12855646E-02 -0.47307979E-01
  0.80177275E-01  0.36331041E-02 -0.47725307E-01
  0.80504409E-01  0.60106082E-02 -0.48018464E-01
  0.80752004E-01  0.84134719E-02 -0.48185662E-01
  0.80917479E-01  0.10837088E-01 -0.48226169E-01
  0.80999010E-01  0.13276920E-01 -0.48140346E-01
  0.80995621E-01  0.15728573E-01 -0.47929664E-01
  0.80907259E-01  0.18187877E-01 -0.47596704E-01
  0.80734853E-01  0.20650956E-01 -0.47145123E-01
  0.80480347E-01  0.23114300E-01 -0.46579610E-01
  0.80146708E-01  0.25574822E-01 -0.45905801E-01
  0.79737900E-01  0.28029900E-01 -0.45130175E-01
  0.79258838E-01  0.30477408E-01 -0.44259933E-01
  0.78715310E-01  0.32915725E-01 -0.43302856E-01
  0.78113877E-01  0.35343729E-01 -0.42267152E-01
  0.77461755E-01  0.37760764E-01 -0.41161302E-01
  0.76766682E-01  0.40166605E-01 -0.39993904E-01
  0.76036779E-01  0.42561394E-01 -0.38773537E-01
  0.75280407E-01  0.44945571E-01 -0.37508626E-01
  0.74506030E-01  0.47319799E-01 -0.36207335E-01
  0.73722087E-01  0.49684878E-01 -0.34877482E-01
  0.72936875E-01  0.52041664E-01 -0.33526472E-01
  0.72158457E-01  0.54390989E-01 -0.32161257E-01
  0.71394579E-01  0.56733582E-01 -0.30788316E-01
  0.70652615E-01  0.59070006E-01 -0.29413647E-01
  0.69939528E-01  0.61400593E-01 -0.28042780E-01
  0.69261841E-01  0.63725398E-01 -0.26680789E-01
  0.68625634E-01  0.66044157E-01 -0.25332317E-01
  0.68036533E-01  0.68356247E-01 -0.24001594E-01
  0.67499714E-01  0.70660666E-01 -0.22692453E-01
  0.67019902E-01  0.72956004E-01 -0.21408347E-01
  0.66601360E-01  0.75240427E-01 -0.20152352E-01
  0.66247878E-01  0.77511655E-01 -0.18927168E-01
  0.65962740E-01  0.79766946E-01 -0.17735117E-01
  0.65748684E-01  0.82003076E-01 -0.16578134E-01
  0.65607849E-01  0.84216325E-01 -0.15457766E-01
  0.65541713E-01  0.86402459E-01 -0.14375158E-01
  0.65551022E-01  0.88556719E-01 -0.13331061E-01
  0.65635722E-01  0.90673812E-01 -0.12325830E-01
  0.65794892E-01  0.92747915E-01 -0.11359436E-01
  0.66026697E-01  0.94772683E-01 -0.10431479E-01
  0.66328346E-01  0.96741279E-01 -0.95412126E-02
  0.66696083E-01  0.98646411E-01 -0.86875645E-02
  0.67125208E-01  0.10048039E+00 -0.78691637E-02
  0.67610121E-01  0.10223523E+00 -0.70843677E-02
  0.68144409E-01  0.10390269E+00 -0.63312875E-02
  0.68720960E-01  0.10547445E+00 -0.56078116E-02
  0.69332109E-01  0.10694222E+00 -0.49116269E-02
  0.69969814E-01  0.10829786E+00 -0.42402370E-02
  0.70625843E-01  0.10953356E+00 -0.35909793E-02
  0.71291989E-01  0.11064201E+00 -0.29610393E-02
  0.71960269E-01  0.11161650E+00 -0.23474672E-02
  0.72623140E-01  0.11245113E+00 -0.17471932E-02
  0.73273684E-01  0.11314089E+00 -0.11570465E-02
  0.73905784E-01  0.11368182E+00 -0.57377509E-03
  0.74514265E-01  0.11407108E+00  0.59312087E-05
  0.51463247E-01 -0.37775623E-01 -0.22027360E-05
  0.51459144E-01 -0.38043720E-01 -0.78646707E-03
  0.51505076E-01 -0.38261480E-01 -0.15751022E-02
  0.51600914E-01 -0.38428757E-01 -0.23723546E-02
  0.51746457E-01 -0.38545287E-01 -0.31824461E-02
  0.51941451E-01 -0.38610654E-01 -0.40095569E-02
  0.52185602E-01 -0.38624257E-01 -0.48578013E-02
  0.52478585E-01 -0.38585281E-01 -0.57311913E-02
  0.52820046E-01 -0.38492680E-01 -0.66335900E-02
  0.53209598E-01 -0.38345161E-01 -0.75686520E-02
  0.53646803E-01 -0.38141191E-01 -0.85397551E-02
  0.54131147E-01 -0.37879011E-01 -0.95499220E-02
  0.54662009E-01 -0.37556662E-01 -0.10601738E-01
  0.55238621E-01 -0.37172033E-01 -0.11697266E-01
  0.55860022E-01 -0.36722905E-01 -0.12837965E-01
  0.56525019E-01 -0.36207022E-01 -0.14024611E-01
  0.57232138E-01 -0.35622151E-01 -0.15257232E-01
  0.57979596E-01 -0.34966155E-01 -0.16535054E-01
  0.58765268E-01 -0.34237062E-01 -0.17856464E-01
  0.59586672E-01 -0.33433120E-01 -0.19218985E-01
  0.60440964E-01 -0.32552858E-01 -0.20619285E-01
  0.61324947E-01 -0.31595123E-01 -0.22053184E-01
  0.62235089E-01 -0.30559108E-01 -0.23515702E-01
  0.63167557E-01 -0.29444372E-01 -0.25001104E-01
  0.64118249E-01 -0.28250834E-01 -0.26502977E-01
  0.65082837E-01 -0.26978771E-01 -0.28014309E-01
  0.66056814E-01 -0.25628796E-01 -0.29527577E-01
  0.67035530E-01 -0.24201837E-01 -0.31034853E-01
  0.68014227E-01 -0.22699105E-01 -0.32527896E-01
  0.68988072E-01 -0.21122077E-01 -0.33998256E-01
  0.69952173E-01 -0.19472467E-01 -0.35437372E-01
  0.70901593E-01 -0.17752216E-01 -0.36836666E-01
  0.71831359E-01 -0.15963480E-01 -0.38187629E-01
  0.72736458E-01 -0.14108629E-01 -0.39481906E-01
  0.73611847E-01 -0.12190254E-01 -0.40711367E-01
  0.74452450E-01 -0.10211172E-01 -0.41868181E-01
  0.75253178E-01 -0.81744392E-02 -0.42944885E-01
  0.76008942E-01 -0.60833584E-02 -0.43934447E-01
  0.76714698E-01 -0.39414803E-02 -0.44830329E-01
  0.77365489E-01 -0.17525993E-02 -0.45626561E-01
  0.77956517E-01  0.47926275E-03 -0.46317804E-01
  0.78483222E-01  0.27498848E-02 -0.46899421E-01
  0.78941373E-01  0.50548881E-02 -0.47367555E-01
  0.79327171E-01  0.73897895E-02 -0.47719192E-01
  0.79637356E-01  0.97500654E-02 -0.47952233E-01
  0.79869311E-01  0.12131224E-01 -0.48065551E-01
  0.80021162E-01  0.14528883E-01 -0.48059038E-01
  0.80091859E-01  0.16938844E-01 -0.47933632E-01
  0.80081257E-01  0.19357173E-01 -0.47691325E-01
  0.79990152E-01  0.21780262E-01 -0.47335148E-01
  0.79820315E-01  0.24204890E-01 -0.46869127E-01
  0.79574489E-01  0.26628263E-01 -0.46298214E-01
  0.79256357E-01  0.29048049E-01 -0.45628190E-01
  0.78870496E-01  0.31462384E-01 -0.44865548E-01
  0.78422295E-01  0.33869870E-01 -0.44017363E-01
  0.77917863E-01  0.36269555E-01 -0.43091136E-01
  0.77363917E-01  0.38660897E-01 -0.42094650E-01
  0.76767660E-01  0.41043717E-01 -0.41035815E-01
  0.76136650E-01  0.43418140E-01 -0.39922528E-01
  0.75478680E-01  0.45784533E-01 -0.38762547E-01
  0.74801646E-01  0.48143433E-01 -0.37563379E-01
  0.74113441E-01  0.50495476E-01 -0.36332198E-01
  0.73421846E-01  0.52841331E-01 -0.35075779E-01
  0.72734446E-01  0.55181628E-01 -0.33800460E-01
  0.72058558E-01  0.57516898E-01 -0.32512125E-01
  0.71401179E-01  0.59847514E-01 -0.31216199E-01
  0.70768940E-01  0.62173639E-01 -0.29917664E-01
  0.70168083E-01  0.64495177E-01 -0.28621081E-01
  0.69604444E-01  0.66811738E-01 -0.27330612E-01
  0.69083444E-01  0.69122594E-01 -0.26050047E-01
  0.68610077E-01  0.71426649E-01 -0.24782825E-01
  0.68188909E-01  0.73722411E-01 -0.23532049E-01
  0.67824060E-01  0.76007958E-01 -0.22300493E-01
  0.67519185E-01  0.78280919E-01 -0.21090605E-01
  0.67277446E-01  0.80538445E-01 -0.19904497E-01
  0.67101474E-01  0.82777190E-01 -0.18743942E-01
  0.66993315E-01  0.84993291E-01 -0.17610358E-01
  0.66954382E-01  0.87182355E-01 -0.16504798E-01
  0.66985385E-01  0.89339449E-01 -0.15427952E-01
  0.67086277E-01  0.91459102E-01 -0.14380140E-01
  0.67256194E-01  0.93535313E-01 -0.13361321E-01
  0.67493409E-01  0.95561572E-01 -0.12371114E-01
  0.67795302E-01  0.97530895E-01 -0.11408816E-01
  0.68158351E-01  0.99435872E-01 -0.10473435E-01
  0.68578147E-01  0.10126874E+00 -0.95637230E-02
  0.69049439E-01  0.10302144E+00 -0.86782149E-02
  0.69566209E-01  0.10468576E+00 -0.78152661E-02
  0.70121780E-01  0.10625341E+00 -0.69730890E-02
  0.70708950E-01  0.10771616E+00 -0.61497870E-02
  0.71320153E-01  0.10906598E+00 -0.53433829E-02
  0.71947639E-01  0.11029519E+00 -0.45518436E-02
  0.72583667E-01  0.11139659E+00 -0.37730985E-02
  0.73220704E-01  0.11236363E+00 -0.30050536E-02
  0.73851622E-01  0.11319051E+00 -0.22456011E-02
  0.74469878E-01  0.11387234E+00 -0.14926247E-02
  0.75069681E-01  0.11440522E+00 -0.74400319E-03
  0.75646127E-01  0.11478635E+00  0.23886184E-05
  0.49623650E-01 -0.35795089E-01 -0.23264527E-05
  0.49635146E-01 -0.36054453E-01 -0.79844679E-03
  0.49695011E-01 -0.36264385E-01 -0.15980748E-02
  0.49803096E-01 -0.36424678E-01 -0.24050754E-02
  0.49959183E-01 -0.36535018E-01 -0.32233373E-02
  0.50163003E-01 -0.36594944E-01 -0.40567603E-02
  0.50414254E-01 -0.36603827E-01 -0.49092317E-02
  0.50712613E-01 -0.36560839E-01 -0.57845888E-02
  0.51057739E-01 -0.36464942E-01 -0.66865668E-02
  0.51449269E-01 -0.36314879E-01 -0.76187330E-02
  0.51886808E-01 -0.36109176E-01 -0.85844101E-02
  0.52369902E-01 -0.35846161E-01 -0.95865898E-02
  0.52898011E-01 -0.35523990E-01 -0.10627842E-01
  0.53470463E-01 -0.35140687E-01 -0.11710224E-01
  0.54086419E-01 -0.34694191E-01 -0.12835193E-01
  0.54744823E-01 -0.34182418E-01 -0.14003529E-01
  0.55444363E-01 -0.33603315E-01 -0.15215267E-01
  0.56183430E-01 -0.32954924E-01 -0.16469652E-01
  0.56960093E-01 -0.32235443E-01 -0.17765108E-01
  0.57772079E-01 -0.31443276E-01 -0.19099228E-01
  0.58616766E-01 -0.30577081E-01 -0.20468783E-01
  0.59491190E-01 -0.29635798E-01 -0.21869760E-01
  0.60392064E-01 -0.28618678E-01 -0.23297400E-01
  0.61315805E-01 -0.27525289E-01 -0.24746270E-01
  0.62258566E-01 -0.26355519E-01 -0.26210336E-01
  0.63216279E-01 -0.25109562E-01 -0.27683045E-01
  0.64184691E-01 -0.23787909E-01 -0.29157415E-01
  0.65159406E-01 -0.22391326E-01 -0.30626128E-01
  0.66135909E-01 -0.20920837E-01 -0.32081613E-01
  0.67109600E-01 -0.19377707E-01 -0.33516137E-01
  0.68075806E-01 -0.17763435E-01 -0.34921882E-01
  0.69029790E-01 -0.16079745E-01 -0.36291017E-01
  0.69966762E-01 -0.14328591E-01 -0.37615772E-01
  0.70881873E-01 -0.12512167E-01 -0.38888490E-01
  0.71770226E-01 -0.10632914E-01 -0.40101695E-01
  0.72626874E-01 -0.86935357E-02 -0.41248140E-01
  0.73446841E-01 -0.66970084E-02 -0.42320867E-01
  0.74225148E-01 -0.46465860E-02 -0.43313262E-01
  0.74956849E-01 -0.25457957E-02 -0.44219117E-01
  0.75637087E-01 -0.39842351E-03 -0.45032689E-01
  0.76261164E-01  0.17915143E-02 -0.45748777E-01
  0.76824622E-01  0.40198126E-02 -0.46362790E-01
  0.77323335E-01  0.62821314E-02 -0.46870826E-01
  0.77753611E-01  0.85740611E-02 -0.47269746E-01
  0.78112286E-01  0.10891196E-01 -0.47557247E-01
  0.78396828E-01  0.13229211E-01 -0.47731925E-01
  0.78605421E-01  0.15583939E-01 -0.47793326E-01
  0.78737044E-01  0.17951448E-01 -0.47741983E-01
  0.78791524E-01  0.20328101E-01 -0.47579426E-01
  0.78769578E-01  0.22710616E-01 -0.47308172E-01
  0.78672825E-01  0.25096105E-01 -0.46931689E-01
  0.78503778E-01  0.27482101E-01 -0.46454330E-01
  0.78265812E-01  0.29866565E-01 -0.45881248E-01
  0.77963114E-01  0.32247887E-01 -0.45218282E-01
  0.77600608E-01  0.34624859E-01 -0.44471829E-01
  0.77183870E-01  0.36996651E-01 -0.43648705E-01
  0.76719032E-01  0.39362765E-01 -0.42756000E-01
  0.76212673E-01  0.41722989E-01 -0.41800931E-01
  0.75671712E-01  0.44077343E-01 -0.40790709E-01
  0.75103303E-01  0.46426025E-01 -0.39732414E-01
  0.74514723E-01  0.48769353E-01 -0.38632888E-01
  0.73913282E-01  0.51107712E-01 -0.37498658E-01
  0.73306234E-01  0.53441499E-01 -0.36335868E-01
  0.72700696E-01  0.55771074E-01 -0.35150247E-01
  0.72103585E-01  0.58096710E-01 -0.33947090E-01
  0.71521564E-01  0.60418552E-01 -0.32731257E-01
  0.70960994E-01  0.62736566E-01 -0.31507190E-01
  0.70427904E-01  0.65050500E-01 -0.30278934E-01
  0.69927961E-01  0.67359843E-01 -0.29050167E-01
  0.69466446E-01  0.69663782E-01 -0.27824224E-01
  0.69048237E-01  0.71961164E-01 -0.26604123E-01
  0.68677785E-01  0.74250451E-01 -0.25392582E-01
  0.68359097E-01  0.76529690E-01 -0.24192026E-01
  0.68095706E-01  0.78796468E-01 -0.23004596E-01
  0.67890640E-01  0.81047888E-01 -0.21832134E-01
  0.67746388E-01  0.83280536E-01 -0.20676184E-01
  0.67664856E-01  0.85490462E-01 -0.19537972E-01
  0.67647321E-01  0.87673164E-01 -0.18418404E-01
  0.67694383E-01  0.89823590E-01 -0.17318051E-01
  0.67805919E-01  0.91936135E-01 -0.16237157E-01
  0.67981040E-01  0.94004668E-01 -0.15175641E-01
  0.68218058E-01  0.96022558E-01 -0.14133117E-01
  0.68514467E-01  0.97982722E-01 -0.13108919E-01
  0.68866939E-01  0.99877683E-01 -0.12102139E-01
  0.69271347E-01  0.10169964E+00 -0.11111662E-01
  0.69722801E-01  0.10344058E+00 -0.10136219E-01
  0.70215726E-01  0.10509232E+00 -0.91744271E-02
  0.70743951E-01  0.10664669E+00 -0.82248427E-02
  0.71300831E-01  0.10809563E+00 -0.72859993E-02
  0.71879396E-01  0.10943128E+00 -0.63564468E-02
  0.72472503E-01  0.11064617E+00 -0.54347801E-02
  0.73073020E-01  0.11173334E+00 -0.45196603E-02
  0.73673997E-01  0.11268645E+00 -0.36098262E-02
  0.74268849E-01  0.11349991E+00 -0.27040969E-02
  0.74851520E-01  0.11416900E+00 -0.18013666E-02
  0.75416634E-01  0.11468997E+00 -0.90059194E-03
  0.75959618E-01  0.11506012E+00 -0.77396170E-06
  0.47741352E-01 -0.33979569E-01 -0.23244657E-05
  0.47766576E-01 -0.34231312E-01 -0.81020992E-03
  0.47837892E-01 -0.34434607E-01 -0.16208463E-02
  0.47955178E-01 -0.34589132E-01 -0.24377234E-02
  0.48118250E-01 -0.34694458E-01 -0.32643950E-02
  0.48326881E-01 -0.34750026E-01 -0.41044708E-02
  0.48580816E-01 -0.34755129E-01 -0.49615939E-02
  0.48879782E-01 -0.34708893E-01 -0.58394019E-02
  0.49223496E-01 -0.34610271E-01 -0.67414716E-02
  0.49611660E-01 -0.34458038E-01 -0.76712483E-02
  0.50043953E-01 -0.34250801E-01 -0.86319625E-02
  0.50520009E-01 -0.33987012E-01 -0.96265374E-02
  0.51039385E-01 -0.33664993E-01 -0.10657492E-01
  0.51601532E-01 -0.33282971E-01 -0.11726846E-01
  0.52205746E-01 -0.32839115E-01 -0.12836028E-01
  0.52851129E-01 -0.32331585E-01 -0.13985802E-01
  0.53536546E-01 -0.31758573E-01 -0.15176197E-01
  0.54260590E-01 -0.31118356E-01 -0.16406473E-01
  0.55021545E-01 -0.30409341E-01 -0.17675091E-01
  0.55817373E-01 -0.29630100E-01 -0.18979717E-01
  0.56645698E-01 -0.28779411E-01 -0.20317242E-01
  0.57503811E-01 -0.27856277E-01 -0.21683825E-01
  0.58388682E-01 -0.26859950E-01 -0.23074944E-01
  0.59296983E-01 -0.25789936E-01 -0.24485474E-01
  0.60225115E-01 -0.24646002E-01 -0.25909760E-01
  0.61169248E-01 -0.23428171E-01 -0.27341705E-01
  0.62125349E-01 -0.22136720E-01 -0.28774853E-01
  0.63089222E-01 -0.20772172E-01 -0.30202470E-01
  0.64056535E-01 -0.19335295E-01 -0.31617622E-01
  0.65022845E-01 -0.17827099E-01 -0.33013246E-01
  0.65983617E-01 -0.16248842E-01 -0.34382214E-01
  0.66934236E-01 -0.14602039E-01 -0.35717388E-01
  0.67870017E-01 -0.12888471E-01 -0.37011669E-01
  0.68786209E-01 -0.11110201E-01 -0.38258045E-01
  0.69678007E-01 -0.92695883E-02 -0.39449636E-01
  0.70540564E-01 -0.73692999E-02 -0.40579737E-01
  0.71369011E-01 -0.54123120E-02 -0.41641863E-01
  0.72158489E-01 -0.34019069E-02 -0.42629804E-01
  0.72904194E-01 -0.13416551E-02 -0.43537682E-01
  0.73601432E-01  0.76461390E-03 -0.44360014E-01
  0.74245689E-01  0.29128560E-02 -0.45091780E-01
  0.74832710E-01  0.50988685E-02 -0.45728505E-01
  0.75358583E-01  0.73183572E-02 -0.46266329E-01
  0.75819833E-01  0.95670113E-02 -0.46702090E-01
  0.76213508E-01  0.11840582E-01 -0.47033393E-01
  0.76537262E-01  0.14134959E-01 -0.47258677E-01
  0.76789431E-01  0.16446249E-01 -0.47377267E-01
  0.76969088E-01  0.18770832E-01 -0.47389405E-01
  0.77076091E-01  0.21105419E-01 -0.47296269E-01
  0.77111103E-01  0.23447090E-01 -0.47099958E-01
  0.77075599E-01  0.25793311E-01 -0.46803462E-01
  0.76971850E-01  0.28141945E-01 -0.46410599E-01
  0.76802890E-01  0.30491241E-01 -0.45925937E-01
  0.76572470E-01  0.32839809E-01 -0.45354688E-01
  0.76284991E-01  0.35186592E-01 -0.44702591E-01
  0.75945435E-01  0.37530827E-01 -0.43975779E-01
  0.75559286E-01  0.39871995E-01 -0.43180648E-01
  0.75132443E-01  0.42209782E-01 -0.42323718E-01
  0.74671136E-01  0.44544028E-01 -0.41411509E-01
  0.74181840E-01  0.46874692E-01 -0.40450424E-01
  0.73671192E-01  0.49201802E-01 -0.39446652E-01
  0.73145917E-01  0.51525428E-01 -0.38406088E-01
  0.72612748E-01  0.53845640E-01 -0.37334272E-01
  0.72078362E-01  0.56162483E-01 -0.36236355E-01
  0.71549317E-01  0.58475936E-01 -0.35117081E-01
  0.71031994E-01  0.60785886E-01 -0.33980783E-01
  0.70532547E-01  0.63092086E-01 -0.32831398E-01
  0.70056853E-01  0.65394122E-01 -0.31672487E-01
  0.69610472E-01  0.67691362E-01 -0.30507261E-01
  0.69198608E-01  0.69982919E-01 -0.29338608E-01
  0.68826067E-01  0.72267595E-01 -0.28169116E-01
  0.68497228E-01  0.74543833E-01 -0.27001094E-01
  0.68216004E-01  0.76809670E-01 -0.25836583E-01
  0.67985811E-01  0.79062689E-01 -0.24677360E-01
  0.67809535E-01  0.81299976E-01 -0.23524940E-01
  0.67689494E-01  0.83518091E-01 -0.22380568E-01
  0.67627410E-01  0.85713035E-01 -0.21245212E-01
  0.67624373E-01  0.87880248E-01 -0.20119557E-01
  0.67680810E-01  0.90014598E-01 -0.19004002E-01
  0.67796457E-01  0.92110402E-01 -0.17898661E-01
  0.67970338E-01  0.94161449E-01 -0.16803376E-01
  0.68200749E-01  0.96161045E-01 -0.15717734E-01
  0.68485253E-01  0.98102069E-01 -0.14641100E-01
  0.68820692E-01  0.99977039E-01 -0.13572651E-01
  0.69203210E-01  0.10177820E+00 -0.12511426E-01
  0.69628299E-01  0.10349761E+00 -0.11456371E-01
  0.70090860E-01  0.10512726E+00 -0.10406397E-01
  0.70585289E-01  0.10665915E+00 -0.93604294E-02
  0.71105583E-01  0.10808546E+00 -0.83174540E-02
  0.71645459E-01  0.10939860E+00 -0.72765611E-02
  0.72198497E-01  0.11059142E+00 -0.62369750E-02
  0.72758283E-01  0.11165725E+00 -0.51980750E-02
  0.73318567E-01  0.11259005E+00 -0.41594035E-02
  0.73873415E-01  0.11338453E+00 -0.31206626E-02
  0.74417349E-01  0.11403623E+00 -0.20816976E-02
  0.74945485E-01  0.11454158E+00 -0.10424723E-02
  0.75453635E-01  0.11489802E+00 -0.30348337E-05
  0.45818511E-01 -0.32327774E-01 -0.22103777E-05
  0.45855802E-01 -0.32572555E-01 -0.82163069E-03
  0.45936377E-01 -0.32769952E-01 -0.16432134E-02
  0.46060183E-01 -0.32919494E-01 -0.24700903E-02
  0.46227117E-01 -0.33020601E-01 -0.33054845E-02
  0.46437040E-01 -0.33072583E-01 -0.41527056E-02
  0.46689792E-01 -0.33074625E-01 -0.50151288E-02
  0.46985193E-01 -0.33025784E-01 -0.58961564E-02
  0.47323059E-01 -0.32924994E-01 -0.67991615E-02
  0.47703191E-01 -0.32771065E-01 -0.77274151E-02
  0.48125371E-01 -0.32562695E-01 -0.86840006E-02
  0.48589343E-01 -0.32298488E-01 -0.96717186E-02
  0.49094787E-01 -0.31976965E-01 -0.10692988E-01
  0.49641290E-01 -0.31596599E-01 -0.11749750E-01
  0.50228301E-01 -0.31155830E-01 -0.12843376E-01
  0.50855100E-01 -0.30653105E-01 -0.13974595E-01
  0.51520750E-01 -0.30086899E-01 -0.15143430E-01
  0.52224061E-01 -0.29455749E-01 -0.16349162E-01
  0.52963559E-01 -0.28758283E-01 -0.17590313E-01
  0.53737459E-01 -0.27993240E-01 -0.18864654E-01
  0.54543652E-01 -0.27159497E-01 -0.20169227E-01
  0.55379697E-01 -0.26256086E-01 -0.21500400E-01
  0.56242829E-01 -0.25282208E-01 -0.22853919E-01
  0.57129972E-01 -0.24237249E-01 -0.24224988E-01
  0.58037764E-01 -0.23120789E-01 -0.25608346E-01
  0.58962581E-01 -0.21932611E-01 -0.26998343E-01
  0.59900572E-01 -0.20672716E-01 -0.28389027E-01
  0.60847687E-01 -0.19341335E-01 -0.29774211E-01
  0.61799712E-01 -0.17938940E-01 -0.31147540E-01
  0.62752289E-01 -0.16466267E-01 -0.32502555E-01
  0.63700947E-01 -0.14924334E-01 -0.33832735E-01
  0.64641116E-01 -0.13314460E-01 -0.35131547E-01
  0.65568148E-01 -0.11638287E-01 -0.36392482E-01
  0.66477333E-01 -0.98977977E-02 -0.37609090E-01
  0.67363917E-01 -0.80953246E-02 -0.38775017E-01
  0.68223128E-01 -0.62335550E-02 -0.39884041E-01
  0.69050200E-01 -0.43155225E-02 -0.40930119E-01
  0.69840417E-01 -0.23445873E-02 -0.41907433E-01
  0.70589155E-01 -0.32440164E-03 -0.42810445E-01
  0.71291942E-01  0.17411375E-02 -0.43633967E-01
  0.71944523E-01  0.38479492E-02 -0.44373223E-01
  0.72542929E-01  0.59918395E-02 -0.45023929E-01
  0.73083553E-01  0.81685791E-02 -0.45582366E-01
  0.73563230E-01  0.10373985E-01 -0.46045455E-01
  0.73979302E-01  0.12604001E-01 -0.46410825E-01
  0.74329687E-01  0.14854770E-01 -0.46676874E-01
  0.74612933E-01  0.17122702E-01 -0.46842815E-01
  0.74828257E-01  0.19404518E-01 -0.46908704E-01
  0.74975574E-01  0.21697294E-01 -0.46875455E-01
  0.75055508E-01  0.23998472E-01 -0.46744822E-01
  0.75069386E-01  0.26305866E-01 -0.46519376E-01
  0.75019220E-01  0.28617643E-01 -0.46202441E-01
  0.74907676E-01  0.30932301E-01 -0.45798025E-01
  0.74738034E-01  0.33248631E-01 -0.45310726E-01
  0.74514137E-01  0.35565673E-01 -0.44745624E-01
  0.74240338E-01  0.37882673E-01 -0.44108168E-01
  0.73921438E-01  0.40199037E-01 -0.43404052E-01
  0.73562633E-01  0.42514294E-01 -0.42639096E-01
  0.73169447E-01  0.44828057E-01 -0.41819134E-01
  0.72747675E-01  0.47139998E-01 -0.40949906E-01
  0.72303320E-01  0.49449823E-01 -0.40036966E-01
  0.71842538E-01  0.51757253E-01 -0.39085613E-01
  0.71371571E-01  0.54062012E-01 -0.38100826E-01
  0.70896694E-01  0.56363804E-01 -0.37087230E-01
  0.70424147E-01  0.58662305E-01 -0.36049076E-01
  0.69960079E-01  0.60957130E-01 -0.34990226E-01
  0.69510483E-01  0.63247814E-01 -0.33914168E-01
  0.69081134E-01  0.65533767E-01 -0.32824024E-01
  0.68677531E-01  0.67814234E-01 -0.31722576E-01
  0.68304834E-01  0.70088244E-01 -0.30612286E-01
  0.67967813E-01  0.72354553E-01 -0.29495317E-01
  0.67670792E-01  0.74611584E-01 -0.28373558E-01
  0.67417602E-01  0.76857367E-01 -0.27248635E-01
  0.67211544E-01  0.79089485E-01 -0.26121921E-01
  0.67055349E-01  0.81305025E-01 -0.24994545E-01
  0.66951146E-01  0.83500538E-01 -0.23867392E-01
  0.66900447E-01  0.85672010E-01 -0.22741106E-01
  0.66904120E-01  0.87814855E-01 -0.21616088E-01
  0.66962381E-01  0.89923911E-01 -0.20492504E-01
  0.67074791E-01  0.91993471E-01 -0.19370293E-01
  0.67240249E-01  0.94017308E-01 -0.18249180E-01
  0.67457005E-01  0.95988734E-01 -0.17128708E-01
  0.67722671E-01  0.97900665E-01 -0.16008263E-01
  0.68034248E-01  0.99745700E-01 -0.14887118E-01
  0.68388155E-01  0.10151621E+00 -0.13764480E-01
  0.68780278E-01  0.10320443E+00 -0.12639543E-01
  0.69206029E-01  0.10480257E+00 -0.11511539E-01
  0.69660418E-01  0.10630293E+00 -0.10379791E-01
  0.70138140E-01  0.10769800E+00 -0.92437621E-02
  0.70633673E-01  0.10898057E+00 -0.81030963E-02
  0.71141393E-01  0.11014384E+00 -0.69576463E-02
  0.71655690E-01  0.11118155E+00 -0.58074920E-02
  0.72171094E-01  0.11208803E+00 -0.46529442E-02
  0.72682397E-01  0.11285833E+00 -0.34945341E-02
  0.73184771E-01  0.11348830E+00 -0.23329886E-02
  0.73673876E-01  0.11397464E+00 -0.11691947E-02
  0.74145950E-01  0.11431494E+00 -0.41531327E-05
  0.43857037E-01 -0.30842399E-01 -0.20007010E-05
  0.43905012E-01 -0.31080505E-01 -0.83261246E-03
  0.43993064E-01 -0.31272347E-01 -0.16649959E-02
  0.44121235E-01 -0.31417295E-01 -0.25019511E-02
  0.44289537E-01 -0.31514614E-01 -0.33463800E-02
  0.44497956E-01 -0.31563472E-01 -0.42012846E-02
  0.44746456E-01 -0.31562940E-01 -0.50697477E-02
  0.45034988E-01 -0.31512005E-01 -0.59548963E-02
  0.45363491E-01 -0.31409579E-01 -0.68598479E-02
  0.45731890E-01 -0.31254509E-01 -0.77876392E-02
  0.46140091E-01 -0.31045593E-01 -0.87411431E-02
  0.46587965E-01 -0.30781591E-01 -0.97229759E-02
  0.47075328E-01 -0.30461240E-01 -0.10735401E-01
  0.47601915E-01 -0.30083263E-01 -0.11780237E-01
  0.48167343E-01 -0.29646386E-01 -0.12858769E-01
  0.48771077E-01 -0.29149348E-01 -0.13971678E-01
  0.49412390E-01 -0.28590908E-01 -0.15118984E-01
  0.50090324E-01 -0.27969859E-01 -0.16300013E-01
  0.50803657E-01 -0.27285036E-01 -0.17513381E-01
  0.51550870E-01 -0.26535326E-01 -0.18757006E-01
  0.52330130E-01 -0.25719679E-01 -0.20028134E-01
  0.53139269E-01 -0.24837121E-01 -0.21323385E-01
  0.53975787E-01 -0.23886768E-01 -0.22638819E-01
  0.54836854E-01 -0.22867848E-01 -0.23969996E-01
  0.55719324E-01 -0.21779718E-01 -0.25312058E-01
  0.56619759E-01 -0.20621893E-01 -0.26659800E-01
  0.57534448E-01 -0.19394075E-01 -0.28007741E-01
  0.58459448E-01 -0.18096187E-01 -0.29350189E-01
  0.59390605E-01 -0.16728406E-01 -0.30681301E-01
  0.60323596E-01 -0.15291203E-01 -0.31995131E-01
  0.61253952E-01 -0.13785373E-01 -0.33285672E-01
  0.62177096E-01 -0.12212071E-01 -0.34546894E-01
  0.63088369E-01 -0.10572834E-01 -0.35772777E-01
  0.63983061E-01 -0.88695972E-02 -0.36957342E-01
  0.64856445E-01 -0.71047031E-02 -0.38094685E-01
  0.65703810E-01 -0.52808902E-02 -0.39179014E-01
  0.66520500E-01 -0.34012719E-02 -0.40204692E-01
  0.67301960E-01 -0.14692991E-02 -0.41166284E-01
  0.68043782E-01  0.51129258E-03 -0.42058615E-01
  0.68741763E-01  0.25365478E-02 -0.42876831E-01
  0.69391960E-01  0.46023673E-02 -0.43616467E-01
  0.69990751E-01  0.67045913E-02 -0.44273514E-01
  0.70534899E-01  0.88390848E-02 -0.44844489E-01
  0.71021602E-01  0.11001821E-01 -0.45326501E-01
  0.71448551E-01  0.13188961E-01 -0.45717309E-01
  0.71813970E-01  0.15396917E-01 -0.46015371E-01
  0.72116652E-01  0.17622407E-01 -0.46219885E-01
  0.72355978E-01  0.19862488E-01 -0.46330804E-01
  0.72531932E-01  0.22114577E-01 -0.46348844E-01
  0.72645096E-01  0.24376446E-01 -0.46275474E-01
  0.72696640E-01  0.26646206E-01 -0.46112879E-01
  0.72688307E-01  0.28922279E-01 -0.45863913E-01
  0.72622377E-01  0.31203352E-01 -0.45532037E-01
  0.72501648E-01  0.33488332E-01 -0.45121237E-01
  0.72329391E-01  0.35776300E-01 -0.44635931E-01
  0.72109323E-01  0.38066458E-01 -0.44080878E-01
  0.71845571E-01  0.40358094E-01 -0.43461070E-01
  0.71542634E-01  0.42650544E-01 -0.42781630E-01
  0.71205350E-01  0.44943173E-01 -0.42047715E-01
  0.70838858E-01  0.47235356E-01 -0.41264424E-01
  0.70448562E-01  0.49526469E-01 -0.40436712E-01
  0.70040083E-01  0.51815894E-01 -0.39569323E-01
  0.69619214E-01  0.54103009E-01 -0.38666729E-01
  0.69191863E-01  0.56387194E-01 -0.37733092E-01
  0.68763993E-01  0.58667821E-01 -0.36772228E-01
  0.68341554E-01  0.60944243E-01 -0.35787598E-01
  0.67930408E-01  0.63215767E-01 -0.34782300E-01
  0.67536252E-01  0.65481622E-01 -0.33759073E-01
  0.67164540E-01  0.67740913E-01 -0.32720310E-01
  0.66820406E-01  0.69992566E-01 -0.31668077E-01
  0.66508585E-01  0.72235266E-01 -0.30604128E-01
  0.66233351E-01  0.74467393E-01 -0.29529929E-01
  0.65998454E-01  0.76686951E-01 -0.28446672E-01
  0.65807070E-01  0.78891509E-01 -0.27355299E-01
  0.65661770E-01  0.81078150E-01 -0.26256511E-01
  0.65564489E-01  0.83243420E-01 -0.25150785E-01
  0.65516516E-01  0.85383310E-01 -0.24038386E-01
  0.65518492E-01  0.87493242E-01 -0.22919381E-01
  0.65570418E-01  0.89568074E-01 -0.21793657E-01
  0.65671670E-01  0.91602132E-01 -0.20660937E-01
  0.65821023E-01  0.93589250E-01 -0.19520807E-01
  0.66016683E-01  0.95522829E-01 -0.18372745E-01
  0.66256314E-01  0.97395916E-01 -0.17216158E-01
  0.66537083E-01  0.99201284E-01 -0.16050422E-01
  0.66855699E-01  0.10093153E+00 -0.14874935E-01
  0.67208461E-01  0.10257916E+00 -0.13689157E-01
  0.67591316E-01  0.10413673E+00 -0.12492670E-01
  0.67999915E-01  0.10559689E+00 -0.11285221E-01
  0.68429684E-01  0.10695256E+00 -0.10066768E-01
  0.68875902E-01  0.10819695E+00 -0.88375144E-02
  0.69333780E-01  0.10932374E+00 -0.75979331E-02
  0.69798554E-01  0.11032708E+00 -0.63487808E-02
  0.70265576E-01  0.11120176E+00 -0.50910938E-02
  0.70730404E-01  0.11194323E+00 -0.38261716E-02
  0.71188894E-01  0.11254767E+00 -0.25555449E-02
  0.71637281E-01  0.11301206E+00 -0.12809323E-02
  0.72072251E-01  0.11333421E+00 -0.41852091E-05
  0.41858271E-01 -0.29529788E-01 -0.17124058E-05
  0.41915857E-01 -0.29761279E-01 -0.84313906E-03
  0.42010073E-01 -0.29947634E-01 -0.16861404E-02
  0.42141075E-01 -0.30088084E-01 -0.25332160E-02
  0.42309005E-01 -0.30181758E-01 -0.33869617E-02
  0.42513988E-01 -0.30227700E-01 -0.42500681E-02
  0.42756134E-01 -0.30224886E-01 -0.51253047E-02
  0.43035535E-01 -0.30172243E-01 -0.60154870E-02
  0.43352270E-01 -0.30068671E-01 -0.69234272E-02
  0.43706398E-01 -0.29913060E-01 -0.78518702E-02
  0.44097957E-01 -0.29704305E-01 -0.88034170E-02
  0.44526950E-01 -0.29441317E-01 -0.97804401E-02
  0.44993333E-01 -0.29123031E-01 -0.10784996E-01
  0.45496988E-01 -0.28748407E-01 -0.11818738E-01
  0.46037701E-01 -0.28316430E-01 -0.12882840E-01
  0.46615121E-01 -0.27826100E-01 -0.13977926E-01
  0.47228729E-01 -0.27276429E-01 -0.15104024E-01
  0.47877798E-01 -0.26666431E-01 -0.16260526E-01
  0.48561356E-01 -0.25995115E-01 -0.17446184E-01
  0.49278149E-01 -0.25261480E-01 -0.18659109E-01
  0.50026612E-01 -0.24464522E-01 -0.19896801E-01
  0.50804850E-01 -0.23603236E-01 -0.21156185E-01
  0.51610618E-01 -0.22676637E-01 -0.22433668E-01
  0.52441321E-01 -0.21683786E-01 -0.23725197E-01
  0.53294015E-01 -0.20623818E-01 -0.25026324E-01
  0.54165425E-01 -0.19495992E-01 -0.26332271E-01
  0.55051964E-01 -0.18299732E-01 -0.27637994E-01
  0.55949763E-01 -0.17034680E-01 -0.28938238E-01
  0.56854706E-01 -0.15700753E-01 -0.30227593E-01
  0.57762470E-01 -0.14298193E-01 -0.31500536E-01
  0.58668565E-01 -0.12827612E-01 -0.32751472E-01
  0.59568378E-01 -0.11290032E-01 -0.33974771E-01
  0.60457220E-01 -0.96869147E-02 -0.35164805E-01
  0.61330367E-01 -0.80201697E-02 -0.36315978E-01
  0.62183113E-01 -0.62921565E-02 -0.37422765E-01
  0.63010810E-01 -0.45056619E-02 -0.38479754E-01
  0.63808922E-01 -0.26638635E-02 -0.39481685E-01
  0.64573072E-01 -0.77027589E-03 -0.40423509E-01
  0.65299093E-01  0.11713179E-02 -0.41300434E-01
  0.65983076E-01  0.31569458E-02 -0.42107988E-01
  0.66621422E-01  0.51825345E-02 -0.42842077E-01
  0.67210888E-01  0.72439996E-02 -0.43499045E-01
  0.67748626E-01  0.93373348E-02 -0.44075731E-01
  0.68232225E-01  0.11458694E-01 -0.44569521E-01
  0.68659739E-01  0.13604463E-01 -0.44978390E-01
  0.69029709E-01  0.15771315E-01 -0.45300942E-01
  0.69341172E-01  0.17956252E-01 -0.45536428E-01
  0.69593674E-01  0.20156623E-01 -0.45684760E-01
  0.69787259E-01  0.22370127E-01 -0.45746510E-01
  0.69922460E-01  0.24594795E-01 -0.45722890E-01
  0.70000285E-01  0.26828959E-01 -0.45615727E-01
  0.70022200E-01  0.29071209E-01 -0.45427421E-01
  0.69990107E-01  0.31320343E-01 -0.45160891E-01
  0.69906324E-01  0.33575314E-01 -0.44819512E-01
  0.69773574E-01  0.35835178E-01 -0.44407044E-01
  0.69594965E-01  0.38099050E-01 -0.43927557E-01
  0.69373983E-01  0.40366068E-01 -0.43385347E-01
  0.69114475E-01  0.42635365E-01 -0.42784855E-01
  0.68820642E-01  0.44906059E-01 -0.42130584E-01
  0.68497018E-01  0.47177243E-01 -0.41427020E-01
  0.68148457E-01  0.49447996E-01 -0.40678559E-01
  0.67780095E-01  0.51717387E-01 -0.39889436E-01
  0.67397317E-01  0.53984488E-01 -0.39063672E-01
  0.67005700E-01  0.56248383E-01 -0.38205019E-01
  0.66610956E-01  0.58508165E-01 -0.37316926E-01
  0.66218849E-01  0.60762936E-01 -0.36402507E-01
  0.65835118E-01  0.63011779E-01 -0.35464528E-01
  0.65465380E-01  0.65253729E-01 -0.34505393E-01
  0.65115036E-01  0.67487730E-01 -0.33527151E-01
  0.64789175E-01  0.69712572E-01 -0.32531500E-01
  0.64492487E-01  0.71926835E-01 -0.31519806E-01
  0.64229177E-01  0.74128811E-01 -0.30493119E-01
  0.64002899E-01  0.76316445E-01 -0.29452199E-01
  0.63816701E-01  0.78487262E-01 -0.28397538E-01
  0.63672991E-01  0.80638320E-01 -0.27329391E-01
  0.63573513E-01  0.82766162E-01 -0.26247799E-01
  0.63519350E-01  0.84866796E-01 -0.25152620E-01
  0.63510933E-01  0.86935682E-01 -0.24043559E-01
  0.63548072E-01  0.88967750E-01 -0.22920195E-01
  0.63629990E-01  0.90957429E-01 -0.21782015E-01
  0.63755371E-01  0.92898693E-01 -0.20628449E-01
  0.63922404E-01  0.94785133E-01 -0.19458906E-01
  0.64128839E-01  0.96610025E-01 -0.18272815E-01
  0.64372036E-01  0.98366427E-01 -0.17069667E-01
  0.64649017E-01  0.10004727E+00 -0.15849059E-01
  0.64956514E-01  0.10164544E+00 -0.14610740E-01
  0.65291021E-01  0.10315393E+00 -0.13354657E-01
  0.65648841E-01  0.10456585E+00 -0.12080994E-01
  0.66026139E-01  0.10587459E+00 -0.10790208E-01
  0.66418995E-01  0.10707391E+00 -0.94830578E-02
  0.66823459E-01  0.10815796E+00 -0.81606181E-02
  0.67235612E-01  0.10912142E+00 -0.68242875E-02
  0.67651624E-01  0.10995954E+00 -0.54757773E-02
  0.68067822E-01  0.11066818E+00 -0.41170879E-02
  0.68480746E-01  0.11124389E+00 -0.27504725E-02
  0.68887207E-01  0.11168397E+00 -0.13783866E-02
  0.69284344E-01  0.11198642E+00 -0.34291657E-05
  0.39822489E-01 -0.28399249E-01 -0.13617038E-05
  0.39888906E-01 -0.28624134E-01 -0.85331164E-03
  0.39988447E-01 -0.28804956E-01 -0.17067990E-02
  0.40121380E-01 -0.28940849E-01 -0.25640553E-02
  0.40287975E-01 -0.29030848E-01 -0.34273873E-02
  0.40488498E-01 -0.29073914E-01 -0.42991766E-02
  0.40723199E-01 -0.29068963E-01 -0.51818660E-02
  0.40992311E-01 -0.29014890E-01 -0.60779320E-02
  0.41296048E-01 -0.28910602E-01 -0.69898435E-02
  0.41634598E-01 -0.28755036E-01 -0.79200075E-02
  0.42008126E-01 -0.28547176E-01 -0.88707041E-02
  0.42416760E-01 -0.28286065E-01 -0.98440145E-02
  0.42860583E-01 -0.27970803E-01 -0.10841746E-01
  0.43339615E-01 -0.27600539E-01 -0.11865356E-01
  0.43853792E-01 -0.27174464E-01 -0.12915887E-01
  0.44402933E-01 -0.26691783E-01 -0.13993904E-01
  0.44986710E-01 -0.26151700E-01 -0.15099447E-01
  0.45604607E-01 -0.25553391E-01 -0.16232005E-01
  0.46255881E-01 -0.24895988E-01 -0.17390492E-01
  0.46939526E-01 -0.24178564E-01 -0.18573257E-01
  0.47654229E-01 -0.23400131E-01 -0.19778092E-01
  0.48398347E-01 -0.22559644E-01 -0.21002265E-01
  0.49169879E-01 -0.21656021E-01 -0.22242561E-01
  0.49966450E-01 -0.20688178E-01 -0.23495324E-01
  0.50785311E-01 -0.19655069E-01 -0.24756515E-01
  0.51623343E-01 -0.18555742E-01 -0.26021762E-01
  0.52477075E-01 -0.17389403E-01 -0.27286415E-01
  0.53342714E-01 -0.16155482E-01 -0.28545598E-01
  0.54216181E-01 -0.14853697E-01 -0.29794257E-01
  0.55093158E-01 -0.13484120E-01 -0.31027206E-01
  0.55969139E-01 -0.12047230E-01 -0.32239172E-01
  0.56839485E-01 -0.10543954E-01 -0.33424837E-01
  0.57699486E-01 -0.89756946E-02 -0.34578878E-01
  0.58544419E-01 -0.73443383E-02 -0.35696010E-01
  0.59369609E-01 -0.56522429E-02 -0.36771032E-01
  0.60170488E-01 -0.39022072E-02 -0.37798873E-01
  0.60942651E-01 -0.20974219E-02 -0.38774639E-01
  0.61681913E-01 -0.24140321E-03 -0.39693664E-01
  0.62384354E-01  0.16620865E-02 -0.40551566E-01
  0.63046368E-01  0.36091269E-02 -0.41344293E-01
  0.63664699E-01  0.55957328E-02 -0.42068174E-01
  0.64236476E-01  0.76179465E-02 -0.42719965E-01
  0.64759235E-01  0.96719247E-02 -0.43296892E-01
  0.65230940E-01  0.11754016E-01 -0.43796681E-01
  0.65649987E-01  0.13860822E-01 -0.44217586E-01
  0.66015212E-01  0.15989247E-01 -0.44558408E-01
  0.66325878E-01  0.18136521E-01 -0.44818501E-01
  0.66581672E-01  0.20300210E-01 -0.44997772E-01
  0.66782681E-01  0.22478205E-01 -0.45096677E-01
  0.66929381E-01  0.24668696E-01 -0.45116198E-01
  0.67022615E-01  0.26870132E-01 -0.45057818E-01
  0.67063583E-01  0.29081170E-01 -0.44923496E-01
  0.67053826E-01  0.31300626E-01 -0.44715619E-01
  0.66995224E-01  0.33527419E-01 -0.44436965E-01
  0.66889993E-01  0.35760523E-01 -0.44090648E-01
  0.66740691E-01  0.37998924E-01 -0.43680068E-01
  0.66550226E-01  0.40241594E-01 -0.43208845E-01
  0.66321866E-01  0.42487468E-01 -0.42680766E-01
  0.66059242E-01  0.44735440E-01 -0.42099710E-01
  0.65766357E-01  0.46984362E-01 -0.41469589E-01
  0.65447575E-01  0.49233062E-01 -0.40794279E-01
  0.65107600E-01  0.51480352E-01 -0.40077552E-01
  0.64751449E-01  0.53725048E-01 -0.39323022E-01
  0.64384395E-01  0.55965982E-01 -0.38534082E-01
  0.64011906E-01  0.58202008E-01 -0.37713856E-01
  0.63639561E-01  0.60431993E-01 -0.36865160E-01
  0.63272956E-01  0.62654802E-01 -0.35990465E-01
  0.62917601E-01  0.64869266E-01 -0.35091884E-01
  0.62578809E-01  0.67074138E-01 -0.34171151E-01
  0.62261591E-01  0.69268039E-01 -0.33229629E-01
  0.61970553E-01  0.71449394E-01 -0.32268316E-01
  0.61709803E-01  0.73616367E-01 -0.31287866E-01
  0.61482881E-01  0.75766795E-01 -0.30288616E-01
  0.61292697E-01  0.77898127E-01 -0.29270621E-01
  0.61141500E-01  0.80007371E-01 -0.28233691E-01
  0.61030866E-01  0.82091063E-01 -0.27177433E-01
  0.60961702E-01  0.84145238E-01 -0.26101299E-01
  0.60934276E-01  0.86165434E-01 -0.25004627E-01
  0.60948262E-01  0.88146704E-01 -0.23886689E-01
  0.61002787E-01  0.90083652E-01 -0.22746738E-01
  0.61096503E-01  0.91970484E-01 -0.21584049E-01
  0.61227645E-01  0.93801076E-01 -0.20397968E-01
  0.61394096E-01  0.95569047E-01 -0.19187951E-01
  0.61593455E-01  0.97267850E-01 -0.17953609E-01
  0.61823085E-01  0.98890857E-01 -0.16694751E-01
  0.62080171E-01  0.10043146E+00 -0.15411419E-01
  0.62361758E-01  0.10188313E+00 -0.14103927E-01
  0.62664792E-01  0.10323958E+00 -0.12772894E-01
  0.62986155E-01  0.10449474E+00 -0.11419264E-01
  0.63322700E-01  0.10564292E+00 -0.10044330E-01
  0.63671278E-01  0.10667885E+00 -0.86497365E-02
  0.64028775E-01  0.10759774E+00 -0.72374783E-02
  0.64392141E-01  0.10839530E+00 -0.58098821E-02
  0.64758433E-01  0.10906786E+00 -0.43695785E-02
  0.65124840E-01  0.10961234E+00 -0.29194589E-02
  0.65488728E-01  0.11002632E+00 -0.14626234E-02
  0.65847668E-01  0.11030803E+00 -0.23176387E-05
  0.37748278E-01 -0.27462147E-01 -0.96411843E-06
  0.37822987E-01 -0.27680542E-01 -0.86336467E-03
  0.37927427E-01 -0.27855826E-01 -0.17273702E-02
  0.38061959E-01 -0.27987091E-01 -0.25949719E-02
  0.38226966E-01 -0.28073333E-01 -0.34682059E-02
  0.38422832E-01 -0.28113486E-01 -0.43491518E-02
  0.38649931E-01 -0.28106452E-01 -0.52399221E-02
  0.38908617E-01 -0.28051135E-01 -0.61426409E-02
  0.39199221E-01 -0.27946471E-01 -0.70594124E-02
  0.39522042E-01 -0.27791449E-01 -0.79922788E-02
  0.39877350E-01 -0.27585133E-01 -0.89431703E-02
  0.40265378E-01 -0.27326665E-01 -0.99138482E-02
  0.40686312E-01 -0.27015262E-01 -0.10905845E-01
  0.41140286E-01 -0.26650203E-01 -0.11920407E-01
  0.41627354E-01 -0.26230809E-01 -0.12958431E-01
  0.42147474E-01 -0.25756414E-01 -0.14020422E-01
  0.42700472E-01 -0.25226334E-01 -0.15106445E-01
  0.43286008E-01 -0.24639840E-01 -0.16216094E-01
  0.43903534E-01 -0.23996128E-01 -0.17348472E-01
  0.44552253E-01 -0.23294302E-01 -0.18502186E-01
  0.45231076E-01 -0.22533370E-01 -0.19675343E-01
  0.45938585E-01 -0.21712249E-01 -0.20865572E-01
  0.46673002E-01 -0.20829787E-01 -0.22070042E-01
  0.47432162E-01 -0.19884802E-01 -0.23285493E-01
  0.48213507E-01 -0.18876132E-01 -0.24508280E-01
  0.49014081E-01 -0.17802699E-01 -0.25734405E-01
  0.49830544E-01 -0.16663578E-01 -0.26959570E-01
  0.50659203E-01 -0.15458074E-01 -0.28179223E-01
  0.51496047E-01 -0.14185793E-01 -0.29388602E-01
  0.52336799E-01 -0.12846709E-01 -0.30582791E-01
  0.53176976E-01 -0.11441223E-01 -0.31756768E-01
  0.54011954E-01 -0.99701985E-02 -0.32905460E-01
  0.54837043E-01 -0.84349886E-02 -0.34023791E-01
  0.55647554E-01 -0.68374366E-02 -0.35106741E-01
  0.56438875E-01 -0.51798582E-02 -0.36149397E-01
  0.57206538E-01 -0.34650025E-02 -0.37147007E-01
  0.57946285E-01 -0.16959960E-02 -0.38095037E-01
  0.58654123E-01  0.12373019E-03 -0.38989215E-01
  0.59326375E-01  0.19905229E-02 -0.39825581E-01
  0.59959717E-01  0.39005966E-02 -0.40600532E-01
  0.60551211E-01  0.58501255E-02 -0.41310851E-01
  0.61098320E-01  0.78353306E-02 -0.41953742E-01
  0.61598923E-01  0.98525609E-02 -0.42526850E-01
  0.62051309E-01  0.11898361E-01 -0.43028271E-01
  0.62454174E-01  0.13969526E-01 -0.43456567E-01
  0.62806599E-01  0.16063135E-01 -0.43810757E-01
  0.63108035E-01  0.18176571E-01 -0.44090318E-01
  0.63358274E-01  0.20307521E-01 -0.44295171E-01
  0.63557427E-01  0.22453957E-01 -0.44425667E-01
  0.63705903E-01  0.24614112E-01 -0.44482570E-01
  0.63804390E-01  0.26786432E-01 -0.44467040E-01
  0.63853845E-01  0.28969534E-01 -0.44380609E-01
  0.63855490E-01  0.31162154E-01 -0.44225159E-01
  0.63810822E-01  0.33363098E-01 -0.44002895E-01
  0.63721619E-01  0.35571202E-01 -0.43716319E-01
  0.63589970E-01  0.37785295E-01 -0.43368195E-01
  0.63418292E-01  0.40004174E-01 -0.42961510E-01
  0.63209359E-01  0.42226592E-01 -0.42499434E-01
  0.62966324E-01  0.44451255E-01 -0.41985266E-01
  0.62692733E-01  0.46676826E-01 -0.41422384E-01
  0.62392527E-01  0.48901937E-01 -0.40814182E-01
  0.62070032E-01  0.51125208E-01 -0.40164009E-01
  0.61729929E-01  0.53345259E-01 -0.39475103E-01
  0.61377202E-01  0.55560723E-01 -0.38750525E-01
  0.61017074E-01  0.57770248E-01 -0.37993105E-01
  0.60654914E-01  0.59972494E-01 -0.37205381E-01
  0.60296143E-01  0.62166113E-01 -0.36389560E-01
  0.59946115E-01  0.64349723E-01 -0.35547477E-01
  0.59610007E-01  0.66521863E-01 -0.34680580E-01
  0.59292697E-01  0.68680948E-01 -0.33789917E-01
  0.58998661E-01  0.70825208E-01 -0.32876145E-01
  0.58731876E-01  0.72952635E-01 -0.31939550E-01
  0.58495741E-01  0.75060917E-01 -0.30980075E-01
  0.58293024E-01  0.77147395E-01 -0.29997366E-01
  0.58125831E-01  0.79209014E-01 -0.28990821E-01
  0.57995598E-01  0.81242296E-01 -0.27959644E-01
  0.57903109E-01  0.83243326E-01 -0.26902910E-01
  0.57848533E-01  0.85207753E-01 -0.25819622E-01
  0.57831479E-01  0.87130812E-01 -0.24708771E-01
  0.57851066E-01  0.89007357E-01 -0.23569398E-01
  0.57905989E-01  0.90831915E-01 -0.22400646E-01
  0.57994606E-01  0.92598745E-01 -0.21201811E-01
  0.58115003E-01  0.94301914E-01 -0.19972388E-01
  0.58265063E-01  0.95935377E-01 -0.18712116E-01
  0.58442530E-01  0.97493052E-01 -0.17421012E-01
  0.58645050E-01  0.98968911E-01 -0.16099406E-01
  0.58870215E-01  0.10035705E+00 -0.14747968E-01
  0.59115586E-01  0.10165178E+00 -0.13367726E-01
  0.59378723E-01  0.10284767E+00 -0.11960087E-01
  0.59657189E-01  0.10393964E+00 -0.10526837E-01
  0.59948570E-01  0.10492300E+00 -0.90701422E-02
  0.60250485E-01  0.10579349E+00 -0.75925370E-02
  0.60560592E-01  0.10654735E+00 -0.60968974E-02
  0.60876605E-01  0.10718133E+00 -0.45864082E-02
  0.61196306E-01  0.10769271E+00 -0.30645168E-02
  0.61517564E-01  0.10807937E+00 -0.15348778E-02
  0.61838352E-01  0.10833973E+00 -0.12895471E-05
  0.35631861E-01 -0.26730934E-01 -0.53556268E-06
  0.35714486E-01 -0.26943172E-01 -0.87365799E-03
  0.35823700E-01 -0.27113071E-01 -0.17484923E-02
  0.35959932E-01 -0.27239736E-01 -0.26268098E-02
  0.36123644E-01 -0.27322185E-01 -0.35103917E-02
  0.36315306E-01 -0.27359385E-01 -0.44010267E-02
  0.36535385E-01 -0.27350277E-01 -0.53005034E-02
  0.36784324E-01 -0.27293813E-01 -0.62105960E-02
  0.37062540E-01 -0.27188985E-01 -0.71330425E-02
  0.37370416E-01 -0.27034843E-01 -0.80695165E-02
  0.37708297E-01 -0.26830515E-01 -0.90215928E-02
  0.38076486E-01 -0.26575206E-01 -0.99907074E-02
  0.38475244E-01 -0.26268197E-01 -0.10978115E-01
  0.38904776E-01 -0.25908827E-01 -0.11984842E-01
  0.39365217E-01 -0.25496469E-01 -0.13011647E-01
  0.39856616E-01 -0.25030500E-01 -0.14058973E-01
  0.40378907E-01 -0.24510270E-01 -0.15126910E-01
  0.40931875E-01 -0.23935067E-01 -0.16215165E-01
  0.41515115E-01 -0.23304095E-01 -0.17323034E-01
  0.42127994E-01 -0.22616454E-01 -0.18449379E-01
  0.42769604E-01 -0.21871137E-01 -0.19592624E-01
  0.43438720E-01 -0.21067037E-01 -0.20750745E-01
  0.44133762E-01 -0.20202972E-01 -0.21921284E-01
  0.44852767E-01 -0.19277729E-01 -0.23101357E-01
  0.45593371E-01 -0.18290114E-01 -0.24287678E-01
  0.46352799E-01 -0.17239018E-01 -0.25476593E-01
  0.47127877E-01 -0.16123491E-01 -0.26664113E-01
  0.47915055E-01 -0.14942813E-01 -0.27845964E-01
  0.48710445E-01 -0.13696568E-01 -0.29017634E-01
  0.49509875E-01 -0.12384710E-01 -0.30174431E-01
  0.50308949E-01 -0.11007609E-01 -0.31311546E-01
  0.51103126E-01 -0.95660924E-02 -0.32424114E-01
  0.51887791E-01 -0.80614603E-02 -0.33507281E-01
  0.52658344E-01 -0.64954825E-02 -0.34556271E-01
  0.53410275E-01 -0.48703765E-02 -0.35566449E-01
  0.54139244E-01 -0.31887661E-02 -0.36533381E-01
  0.54841147E-01 -0.14536238E-02 -0.37452891E-01
  0.55512178E-01  0.33179942E-03 -0.38321108E-01
  0.56148878E-01  0.21640533E-02 -0.39134504E-01
  0.56748168E-01  0.40395714E-02 -0.39889930E-01
  0.57307374E-01  0.59547538E-02 -0.40584629E-01
  0.57824235E-01  0.79060456E-02 -0.41216254E-01
  0.58296904E-01  0.98900058E-02 -0.41782867E-01
  0.58723927E-01  0.11903366E-01 -0.42282933E-01
  0.59104229E-01  0.13943072E-01 -0.42715308E-01
  0.59437078E-01  0.16006314E-01 -0.43079226E-01
  0.59722057E-01  0.18090541E-01 -0.43374277E-01
  0.59959029E-01  0.20193452E-01 -0.43600391E-01
  0.60148107E-01  0.22312988E-01 -0.43757819E-01
  0.60289631E-01  0.24447301E-01 -0.43847120E-01
  0.60384151E-01  0.26594720E-01 -0.43869147E-01
  0.60432418E-01  0.28753712E-01 -0.43825035E-01
  0.60435392E-01  0.30922843E-01 -0.43716200E-01
  0.60394257E-01  0.33100736E-01 -0.43544322E-01
  0.60310442E-01  0.35286041E-01 -0.43311342E-01
  0.60185657E-01  0.37477402E-01 -0.43019445E-01
  0.60021928E-01  0.39673444E-01 -0.42671041E-01
  0.59821635E-01  0.41872757E-01 -0.42268737E-01
  0.59587539E-01  0.44073895E-01 -0.41815304E-01
  0.59322811E-01  0.46275380E-01 -0.41313626E-01
  0.59031036E-01  0.48475711E-01 -0.40766653E-01
  0.58716208E-01  0.50673372E-01 -0.40177331E-01
  0.58382697E-01  0.52866842E-01 -0.39548541E-01
  0.58035206E-01  0.55054604E-01 -0.38883025E-01
  0.57678695E-01  0.57235139E-01 -0.38183322E-01
  0.57318295E-01  0.59406923E-01 -0.37451697E-01
  0.56959200E-01  0.61568405E-01 -0.36690090E-01
  0.56606559E-01  0.63717984E-01 -0.35900071E-01
  0.56265347E-01  0.65853971E-01 -0.35082808E-01
  0.55940257E-01  0.67974549E-01 -0.34239057E-01
  0.55635583E-01  0.70077726E-01 -0.33369159E-01
  0.55355132E-01  0.72161286E-01 -0.32473067E-01
  0.55102145E-01  0.74222750E-01 -0.31550375E-01
  0.54879247E-01  0.76259329E-01 -0.30600371E-01
  0.54688420E-01  0.78267900E-01 -0.29622098E-01
  0.54531003E-01  0.80244983E-01 -0.28614419E-01
  0.54407717E-01  0.82186736E-01 -0.27576090E-01
  0.54318706E-01  0.84088963E-01 -0.26505836E-01
  0.54263606E-01  0.85947137E-01 -0.25402422E-01
  0.54241610E-01  0.87756434E-01 -0.24264721E-01
  0.54251555E-01  0.89511784E-01 -0.23091780E-01
  0.54292001E-01  0.91207920E-01 -0.21882871E-01
  0.54361304E-01  0.92839451E-01 -0.20637545E-01
  0.54457690E-01  0.94400923E-01 -0.19355672E-01
  0.54579306E-01  0.95886890E-01 -0.18037469E-01
  0.54724272E-01  0.97291987E-01 -0.16683537E-01
  0.54890707E-01  0.98610988E-01 -0.15294868E-01
  0.55076749E-01  0.99838877E-01 -0.13872869E-01
  0.55280568E-01  0.10097090E+00 -0.12419356E-01
  0.55500368E-01  0.10200260E+00 -0.10936556E-01
  0.55734377E-01  0.10292989E+00 -0.94270979E-02
  0.55980849E-01  0.10374908E+00 -0.78939850E-02
  0.56238054E-01  0.10445688E+00 -0.63405702E-02
  0.56504276E-01  0.10505047E+00 -0.47705152E-02
  0.56777806E-01  0.10552749E+00 -0.31877413E-02
  0.57056953E-01  0.10588607E+00 -0.15963730E-02
  0.57340045E-01  0.10612485E+00 -0.67392058E-06
  0.33466455E-01 -0.26218312E-01 -0.93888895E-07
  0.33556695E-01 -0.26424983E-01 -0.88464579E-03
  0.33670723E-01 -0.26589858E-01 -0.17709924E-02
  0.33809001E-01 -0.26712107E-01 -0.26606944E-02
  0.33972033E-01 -0.26790828E-01 -0.35552896E-02
  0.34160338E-01 -0.26825072E-01 -0.44562895E-02
  0.34374432E-01 -0.26813869E-01 -0.53651743E-02
  0.34614815E-01 -0.26756260E-01 -0.62833851E-02
  0.34881952E-01 -0.26651313E-01 -0.72123121E-02
  0.35176274E-01 -0.26498146E-01 -0.81532794E-02
  0.35498168E-01 -0.26295935E-01 -0.91075249E-02
  0.35847973E-01 -0.26043918E-01 -0.10076177E-01
  0.36225982E-01 -0.25741387E-01 -0.11060227E-01
  0.36632430E-01 -0.25387675E-01 -0.12060498E-01
  0.37067486E-01 -0.24982133E-01 -0.13077613E-01
  0.37531239E-01 -0.24524102E-01 -0.14111957E-01
  0.38023673E-01 -0.24012889E-01 -0.15163647E-01
  0.38544640E-01 -0.23447740E-01 -0.16232489E-01
  0.39093824E-01 -0.22827817E-01 -0.17317955E-01
  0.39670701E-01 -0.22152189E-01 -0.18419144E-01
  0.40274495E-01 -0.21419831E-01 -0.19534764E-01
  0.40904138E-01 -0.20629636E-01 -0.20663109E-01
  0.41558226E-01 -0.19780442E-01 -0.21802053E-01
  0.42234989E-01 -0.18871074E-01 -0.22949047E-01
  0.42932264E-01 -0.17900393E-01 -0.24101130E-01
  0.43647485E-01 -0.16867358E-01 -0.25254949E-01
  0.44377686E-01 -0.15771093E-01 -0.26406791E-01
  0.45119520E-01 -0.14610951E-01 -0.27552630E-01
  0.45869290E-01 -0.13386579E-01 -0.28688182E-01
  0.46623005E-01 -0.12097972E-01 -0.29808964E-01
  0.47376438E-01 -0.10745516E-01 -0.30910371E-01
  0.48125203E-01 -0.93300160E-02 -0.31987747E-01
  0.48864836E-01 -0.78527082E-02 -0.33036465E-01
  0.49590879E-01 -0.63152524E-02 -0.34052003E-01
  0.50298969E-01 -0.47197096E-02 -0.35030014E-01
  0.50984914E-01 -0.30685033E-02 -0.35966392E-01
  0.51644770E-01 -0.13643678E-02 -0.36857328E-01
  0.52274901E-01  0.38971328E-03 -0.37699349E-01
  0.52872029E-01  0.21905741E-02 -0.38489357E-01
  0.53433267E-01  0.40349365E-02 -0.39224638E-01
  0.53956138E-01  0.59194783E-02 -0.39902876E-01
  0.54438582E-01  0.78408967E-02 -0.40522138E-01
  0.54878939E-01  0.97959642E-02 -0.41080868E-01
  0.55275934E-01  0.11781575E-01 -0.41577855E-01
  0.55628642E-01  0.13794780E-01 -0.42012213E-01
  0.55936450E-01  0.15832810E-01 -0.42383352E-01
  0.56199021E-01  0.17893087E-01 -0.42690948E-01
  0.56416251E-01  0.19973226E-01 -0.42934921E-01
  0.56588241E-01  0.22071025E-01 -0.43115418E-01
  0.56715264E-01  0.24184448E-01 -0.43232802E-01
  0.56797757E-01  0.26311603E-01 -0.43287647E-01
  0.56836316E-01  0.28450718E-01 -0.43280736E-01
  0.56831700E-01  0.30600109E-01 -0.43213071E-01
  0.56784861E-01  0.32758158E-01 -0.43085873E-01
  0.56696970E-01  0.34923288E-01 -0.42900594E-01
  0.56569459E-01  0.37093941E-01 -0.42658915E-01
  0.56404061E-01  0.39268567E-01 -0.42362737E-01
  0.56202857E-01  0.41445609E-01 -0.42014174E-01
  0.55968307E-01  0.43623500E-01 -0.41615517E-01
  0.55703282E-01  0.45800661E-01 -0.41169204E-01
  0.55411069E-01  0.47975500E-01 -0.40677765E-01
  0.55095368E-01  0.50146413E-01 -0.40143759E-01
  0.54760261E-01  0.52311783E-01 -0.39569714E-01
  0.54410166E-01  0.54469980E-01 -0.38958044E-01
  0.54049763E-01  0.56619351E-01 -0.38310981E-01
  0.53683907E-01  0.58758208E-01 -0.37630503E-01
  0.53317521E-01  0.60884812E-01 -0.36918269E-01
  0.52955489E-01  0.62997347E-01 -0.36175576E-01
  0.52602532E-01  0.65093893E-01 -0.35403316E-01
  0.52263100E-01  0.67172394E-01 -0.34601963E-01
  0.51941264E-01  0.69230627E-01 -0.33771575E-01
  0.51640630E-01  0.71266165E-01 -0.32911814E-01
  0.51364265E-01  0.73276353E-01 -0.32021983E-01
  0.51114659E-01  0.75258279E-01 -0.31101082E-01
  0.50893697E-01  0.77208764E-01 -0.30147875E-01
  0.50702668E-01  0.79124348E-01 -0.29160967E-01
  0.50542291E-01  0.81001299E-01 -0.28138879E-01
  0.50412767E-01  0.82835620E-01 -0.27080140E-01
  0.50313839E-01  0.84623081E-01 -0.25983361E-01
  0.50244871E-01  0.86359244E-01 -0.24847311E-01
  0.50204924E-01  0.88039508E-01 -0.23670990E-01
  0.50192838E-01  0.89659158E-01 -0.22453683E-01
  0.50207305E-01  0.91213415E-01 -0.21195012E-01
  0.50246935E-01  0.92697487E-01 -0.19894979E-01
  0.50310306E-01  0.94106631E-01 -0.18553992E-01
  0.50396003E-01  0.95436198E-01 -0.17172890E-01
  0.50502647E-01  0.96681689E-01 -0.15752952E-01
  0.50628903E-01  0.97838799E-01 -0.14295905E-01
  0.50773480E-01  0.98903459E-01 -0.12803918E-01
  0.50935127E-01  0.99871876E-01 -0.11279594E-01
  0.51112619E-01  0.10074056E+00 -0.97259465E-02
  0.51304738E-01  0.10150636E+00 -0.81463761E-02
  0.51510255E-01  0.10216647E+00 -0.65446338E-02
  0.51727922E-01  0.10271849E+00 -0.49247784E-02
  0.51956452E-01  0.10316038E+00 -0.32911250E-02
  0.52194516E-01  0.10349052E+00 -0.16481872E-02
  0.52440745E-01  0.10370772E+00 -0.61321634E-06
  0.31241755E-01 -0.25936704E-01  0.33975002E-06
  0.31339290E-01 -0.26138612E-01 -0.89682729E-03
  0.31458184E-01 -0.26299018E-01 -0.17957957E-02
  0.31598898E-01 -0.26417191E-01 -0.26979140E-02
  0.31761936E-01 -0.26492349E-01 -0.36044823E-02
  0.31947828E-01 -0.26523672E-01 -0.45167487E-02
  0.32157104E-01 -0.26510317E-01 -0.54359072E-02
  0.32390278E-01 -0.26451439E-01 -0.63630948E-02
  0.32647834E-01 -0.26346205E-01 -0.72993886E-02
  0.32930215E-01 -0.26193801E-01 -0.82458012E-02
  0.33237817E-01 -0.25993441E-01 -0.92032730E-02
  0.33570983E-01 -0.25744366E-01 -0.10172662E-01
  0.33929998E-01 -0.25445840E-01 -0.11154728E-01
  0.34315088E-01 -0.25097135E-01 -0.12150115E-01
  0.34726410E-01 -0.24697521E-01 -0.13159325E-01
  0.35164041E-01 -0.24246245E-01 -0.14182692E-01
  0.35627964E-01 -0.23742512E-01 -0.15220345E-01
  0.36118039E-01 -0.23185478E-01 -0.16272171E-01
  0.36633983E-01 -0.22574230E-01 -0.17337783E-01
  0.37175328E-01 -0.21907791E-01 -0.18416474E-01
  0.37741386E-01 -0.21185124E-01 -0.19507183E-01
  0.38331208E-01 -0.20405149E-01 -0.20608470E-01
  0.38943543E-01 -0.19566769E-01 -0.21718485E-01
  0.39576807E-01 -0.18668912E-01 -0.22834962E-01
  0.40229049E-01 -0.17710568E-01 -0.23955216E-01
  0.40897940E-01 -0.16690848E-01 -0.25076160E-01
  0.41580765E-01 -0.15609031E-01 -0.26194332E-01
  0.42274439E-01 -0.14464620E-01 -0.27305945E-01
  0.42975526E-01 -0.13257389E-01 -0.28406937E-01
  0.43680292E-01 -0.11987425E-01 -0.29493052E-01
  0.44384756E-01 -0.10655155E-01 -0.30559909E-01
  0.45084762E-01 -0.92613709E-02 -0.31603092E-01
  0.45776062E-01 -0.78072296E-02 -0.32618234E-01
  0.46454395E-01 -0.62942477E-02 -0.33601097E-01
  0.47115577E-01 -0.47242817E-02 -0.34547652E-01
  0.47755584E-01 -0.30994960E-02 -0.35454139E-01
  0.48370624E-01 -0.14223237E-02 -0.36317121E-01
  0.48957208E-01  0.30458004E-03 -0.37133520E-01
  0.49512193E-01  0.20783880E-02 -0.37900639E-01
  0.50032824E-01  0.38961517E-02 -0.38616168E-01
  0.50516749E-01  0.57548516E-02 -0.39278173E-01
  0.50962023E-01  0.76514429E-02 -0.39885081E-01
  0.51367094E-01  0.95828975E-02 -0.40435643E-01
  0.51730779E-01  0.11546239E-01 -0.40928908E-01
  0.52052228E-01  0.13538569E-01 -0.41364180E-01
  0.52330886E-01  0.15557094E-01 -0.41740985E-01
  0.52566444E-01  0.17599132E-01 -0.42059041E-01
  0.52758803E-01  0.19662127E-01 -0.42318232E-01
  0.52908038E-01  0.21743650E-01 -0.42518594E-01
  0.53014371E-01  0.23841391E-01 -0.42660309E-01
  0.53078157E-01  0.25953161E-01 -0.42743703E-01
  0.53099881E-01  0.28076877E-01 -0.42769264E-01
  0.53080175E-01  0.30210551E-01 -0.42737646E-01
  0.53019836E-01  0.32352279E-01 -0.42649695E-01
  0.52919866E-01  0.34500228E-01 -0.42506457E-01
  0.52781509E-01  0.36652621E-01 -0.42309194E-01
  0.52606302E-01  0.38807729E-01 -0.42059383E-01
  0.52396113E-01  0.40963856E-01 -0.41758710E-01
  0.52153180E-01  0.43119327E-01 -0.41409048E-01
  0.51880139E-01  0.45272482E-01 -0.41012425E-01
  0.51580030E-01  0.47421665E-01 -0.40570974E-01
  0.51256292E-01  0.49565208E-01 -0.40086876E-01
  0.50912735E-01  0.51701427E-01 -0.39562292E-01
  0.50553488E-01  0.53828603E-01 -0.38999289E-01
  0.50182933E-01  0.55944971E-01 -0.38399768E-01
  0.49805617E-01  0.58048702E-01 -0.37765389E-01
  0.49426155E-01  0.60137884E-01 -0.37097509E-01
  0.49049119E-01  0.62210504E-01 -0.36397131E-01
  0.48678931E-01  0.64264426E-01 -0.35664871E-01
  0.48319758E-01  0.66297373E-01 -0.34900937E-01
  0.47975417E-01  0.68306904E-01 -0.34105131E-01
  0.47649292E-01  0.70290402E-01 -0.33276875E-01
  0.47344275E-01  0.72245061E-01 -0.32415247E-01
  0.47062731E-01  0.74167875E-01 -0.31519040E-01
  0.46806478E-01  0.76055641E-01 -0.30586832E-01
  0.46576802E-01  0.77904960E-01 -0.29617065E-01
  0.46374482E-01  0.79712252E-01 -0.28608128E-01
  0.46199843E-01  0.81473770E-01 -0.27558446E-01
  0.46052814E-01  0.83185627E-01 -0.26466563E-01
  0.45933003E-01  0.84843826E-01 -0.25331220E-01
  0.45839771E-01  0.86444293E-01 -0.24151427E-01
  0.45772300E-01  0.87982910E-01 -0.22926520E-01
  0.45729666E-01  0.89455560E-01 -0.21656216E-01
  0.45710894E-01  0.90858160E-01 -0.20340649E-01
  0.45714998E-01  0.92186702E-01 -0.18980401E-01
  0.45741022E-01  0.93437286E-01 -0.17576513E-01
  0.45788047E-01  0.94606161E-01 -0.16130505E-01
  0.45855207E-01  0.95689747E-01 -0.14644365E-01
  0.45941676E-01  0.96684671E-01 -0.13120546E-01
  0.46046657E-01  0.97587789E-01 -0.11561947E-01
  0.46169365E-01  0.98396209E-01 -0.99718940E-02
  0.46309002E-01  0.99107309E-01 -0.83541009E-02
  0.46464737E-01  0.99718758E-01 -0.67126368E-02
  0.46635683E-01  0.10022853E+00 -0.50518776E-02
  0.46820885E-01  0.10063490E+00 -0.33764532E-02
  0.47019303E-01  0.10093650E+00 -0.16911891E-02
  0.47229811E-01  0.10113226E+00 -0.10417701E-05
  0.28943579E-01 -0.25898187E-01  0.74036033E-06
  0.29048001E-01 -0.26096252E-01 -0.91068772E-03
  0.29171694E-01 -0.26252854E-01 -0.18238146E-02
  0.29315084E-01 -0.26367383E-01 -0.27397654E-02
  0.29478647E-01 -0.26439198E-01 -0.36596030E-02
  0.29662888E-01 -0.26467630E-01 -0.45843251E-02
  0.29868320E-01 -0.26451986E-01 -0.55148645E-02
  0.30095446E-01 -0.26391553E-01 -0.64520908E-02
  0.30344739E-01 -0.26285602E-01 -0.73968136E-02
  0.30616630E-01 -0.26133390E-01 -0.83497851E-02
  0.30911500E-01 -0.25934160E-01 -0.93117008E-02
  0.31229666E-01 -0.25687138E-01 -0.10283198E-01
  0.31571383E-01 -0.25391530E-01 -0.11264850E-01
  0.31936835E-01 -0.25046518E-01 -0.12257154E-01
  0.32326129E-01 -0.24651252E-01 -0.13260509E-01
  0.32739293E-01 -0.24204847E-01 -0.14275197E-01
  0.33176262E-01 -0.23706377E-01 -0.15301347E-01
  0.33636864E-01 -0.23154878E-01 -0.16338896E-01
  0.34120799E-01 -0.22549350E-01 -0.17387548E-01
  0.34627612E-01 -0.21888765E-01 -0.18446733E-01
  0.35156663E-01 -0.21172085E-01 -0.19515560E-01
  0.35707091E-01 -0.20398278E-01 -0.20592778E-01
  0.36277780E-01 -0.19566351E-01 -0.21676753E-01
  0.36867322E-01 -0.18675375E-01 -0.22765442E-01
  0.37473987E-01 -0.17724525E-01 -0.23856390E-01
  0.38095702E-01 -0.16713114E-01 -0.24946744E-01
  0.38730039E-01 -0.15640629E-01 -0.26033281E-01
  0.39374219E-01 -0.14506771E-01 -0.27112452E-01
  0.40025124E-01 -0.13311476E-01 -0.28180446E-01
  0.40679335E-01 -0.12054948E-01 -0.29233261E-01
  0.41333180E-01 -0.10737671E-01 -0.30266791E-01
  0.41982789E-01 -0.93604207E-02 -0.31276910E-01
  0.42624177E-01 -0.79242653E-02 -0.32259560E-01
  0.43253318E-01 -0.64305576E-02 -0.33210838E-01
  0.43866229E-01 -0.48809226E-02 -0.34127063E-01
  0.44459056E-01 -0.32772369E-02 -0.35004842E-01
  0.45028151E-01 -0.16216048E-02 -0.35841113E-01
  0.45570135E-01  0.83669604E-04 -0.36633173E-01
  0.46081957E-01  0.18361116E-02 -0.37378690E-01
  0.46560933E-01  0.36331065E-02 -0.38075696E-01
  0.47004766E-01  0.54719287E-02 -0.38722571E-01
  0.47411552E-01  0.73497712E-02 -0.39318010E-01
  0.47779769E-01  0.92637726E-02 -0.39860988E-01
  0.48108256E-01  0.11211043E-01 -0.40350721E-01
  0.48396175E-01  0.13188687E-01 -0.40786620E-01
  0.48642970E-01  0.15193826E-01 -0.41168260E-01
  0.48848326E-01  0.17223621E-01 -0.41495347E-01
  0.49012129E-01  0.19275284E-01 -0.41767700E-01
  0.49134423E-01  0.21346100E-01 -0.41985236E-01
  0.49215395E-01  0.23433438E-01 -0.42147973E-01
  0.49255348E-01  0.25534764E-01 -0.42256034E-01
  0.49254711E-01  0.27647645E-01 -0.42309667E-01
  0.49214044E-01  0.29769757E-01 -0.42309262E-01
  0.49134064E-01  0.31898883E-01 -0.42255371E-01
  0.49015679E-01  0.34032916E-01 -0.42148731E-01
  0.48860030E-01  0.36169845E-01 -0.41990275E-01
  0.48668532E-01  0.38307752E-01 -0.41781137E-01
  0.48442916E-01  0.40444793E-01 -0.41522650E-01
  0.48185264E-01  0.42579185E-01 -0.41216322E-01
  0.47898028E-01  0.44709186E-01 -0.40863807E-01
  0.47584044E-01  0.46833075E-01 -0.40466863E-01
  0.47246518E-01  0.48949128E-01 -0.40027291E-01
  0.46889000E-01  0.51055598E-01 -0.39546874E-01
  0.46515334E-01  0.53150690E-01 -0.39027306E-01
  0.46129592E-01  0.55232540E-01 -0.38470124E-01
  0.45735997E-01  0.57299198E-01 -0.37876639E-01
  0.45338824E-01  0.59348603E-01 -0.37247879E-01
  0.44942311E-01  0.61378575E-01 -0.36584539E-01
  0.44550554E-01  0.63386797E-01 -0.35886953E-01
  0.44167415E-01  0.65370808E-01 -0.35155077E-01
  0.43796439E-01  0.67327998E-01 -0.34388495E-01
  0.43440787E-01  0.69255606E-01 -0.33586438E-01
  0.43103181E-01  0.71150725E-01 -0.32747832E-01
  0.42785881E-01  0.73010309E-01 -0.31871347E-01
  0.42490668E-01  0.74831186E-01 -0.30955473E-01
  0.42218866E-01  0.76610068E-01 -0.29998591E-01
  0.41971363E-01  0.78343579E-01 -0.28999061E-01
  0.41748663E-01  0.80028269E-01 -0.27955307E-01
  0.41550940E-01  0.81660641E-01 -0.26865897E-01
  0.41378102E-01  0.83237176E-01 -0.25729619E-01
  0.41229857E-01  0.84754356E-01 -0.24545554E-01
  0.41105773E-01  0.86208694E-01 -0.23313135E-01
  0.41005334E-01  0.87596751E-01 -0.22032191E-01
  0.40927990E-01  0.88915167E-01 -0.20702993E-01
  0.40873190E-01  0.90160679E-01 -0.19326274E-01
  0.40840406E-01  0.91330139E-01 -0.17903250E-01
  0.40829140E-01  0.92420537E-01 -0.16435623E-01
  0.40838932E-01  0.93429015E-01 -0.14925585E-01
  0.40869343E-01  0.94352881E-01 -0.13375801E-01
  0.40919945E-01  0.95189627E-01 -0.11789391E-01
  0.40990297E-01  0.95936938E-01 -0.10169909E-01
  0.41079921E-01  0.96592708E-01 -0.85213039E-02
  0.41188283E-01  0.97155051E-01 -0.68478802E-02
  0.41314769E-01  0.97622307E-01 -0.51542516E-02
  0.41458668E-01  0.97993060E-01 -0.34452859E-02
  0.41619161E-01  0.98266140E-01 -0.17260450E-02
  0.41795310E-01  0.98440636E-01 -0.17205164E-05
  0.26553720E-01 -0.26114959E-01  0.10798392E-05
  0.26664488E-01 -0.26310075E-01 -0.92663998E-03
  0.26792691E-01 -0.26463530E-01 -0.18558362E-02
  0.26938702E-01 -0.26574836E-01 -0.27873933E-02
  0.27102949E-01 -0.26643495E-01 -0.37221331E-02
  0.27285893E-01 -0.26668990E-01 -0.46608142E-02
  0.27488013E-01 -0.26650780E-01 -0.56041339E-02
  0.27709783E-01 -0.26588284E-01 -0.65527338E-02
  0.27951652E-01 -0.26480880E-01 -0.75072054E-02
  0.28214030E-01 -0.26327891E-01 -0.84680965E-02
  0.28497267E-01 -0.26128581E-01 -0.94359164E-02
  0.28801648E-01 -0.25882156E-01 -0.10411137E-01
  0.29127383E-01 -0.25587755E-01 -0.11394191E-01
  0.29474597E-01 -0.25244455E-01 -0.12385462E-01
  0.29843336E-01 -0.24851278E-01 -0.13385268E-01
  0.30233554E-01 -0.24407198E-01 -0.14393838E-01
  0.30645116E-01 -0.23911150E-01 -0.15411280E-01
  0.31077789E-01 -0.23362049E-01 -0.16437542E-01
  0.31531229E-01 -0.22758808E-01 -0.17472371E-01
  0.32004967E-01 -0.22100354E-01 -0.18515265E-01
  0.32498385E-01 -0.21385657E-01 -0.19565429E-01
  0.33010687E-01 -0.20613752E-01 -0.20621738E-01
  0.33540874E-01 -0.19783762E-01 -0.21682699E-01
  0.34087705E-01 -0.18894924E-01 -0.22746437E-01
  0.34649668E-01 -0.17946612E-01 -0.23810688E-01
  0.35224953E-01 -0.16938362E-01 -0.24872811E-01
  0.35811435E-01 -0.15869883E-01 -0.25929816E-01
  0.36406662E-01 -0.14741079E-01 -0.26978414E-01
  0.37007860E-01 -0.13552060E-01 -0.28015074E-01
  0.37611956E-01 -0.12303148E-01 -0.29036102E-01
  0.38215613E-01 -0.10994882E-01 -0.30037720E-01
  0.38815278E-01 -0.96280205E-02 -0.31016155E-01
  0.39407247E-01 -0.82035403E-02 -0.31967716E-01
  0.39987742E-01 -0.67226307E-02 -0.32888880E-01
  0.40552984E-01 -0.51866894E-02 -0.33776351E-01
  0.41099281E-01 -0.35973150E-02 -0.34627116E-01
  0.41623103E-01 -0.19562999E-02 -0.35438480E-01
  0.42121152E-01 -0.26562148E-03 -0.36208082E-01
  0.42590425E-01  0.14725663E-02 -0.36933902E-01
  0.43028257E-01  0.32559434E-02 -0.37614245E-01
  0.43432348E-01  0.50820344E-02 -0.38247713E-01
  0.43800777E-01  0.69482222E-02 -0.38833178E-01
  0.44131994E-01  0.88517634E-02 -0.39369737E-01
  0.44424804E-01  0.10789806E-01 -0.39856675E-01
  0.44678334E-01  0.12759413E-01 -0.40293424E-01
  0.44891994E-01  0.14757582E-01 -0.40679537E-01
  0.45065438E-01  0.16781278E-01 -0.41014657E-01
  0.45198522E-01  0.18827457E-01 -0.41298507E-01
  0.45291268E-01  0.20893098E-01 -0.41530886E-01
  0.45343839E-01  0.22975232E-01 -0.41711666E-01
  0.45356522E-01  0.25070966E-01 -0.41840812E-01
  0.45329728E-01  0.27177512E-01 -0.41918396E-01
  0.45263998E-01  0.29292200E-01 -0.41944618E-01
  0.45160025E-01  0.31412498E-01 -0.41919828E-01
  0.45018688E-01  0.33536009E-01 -0.41844539E-01
  0.44841082E-01  0.35660480E-01 -0.41719446E-01
  0.44628565E-01  0.37783786E-01 -0.41545419E-01
  0.44382787E-01  0.39903919E-01 -0.41323502E-01
  0.44105720E-01  0.42018965E-01 -0.41054894E-01
  0.43799681E-01  0.44127081E-01 -0.40740910E-01
  0.43467333E-01  0.46226462E-01 -0.40382948E-01
  0.43111675E-01  0.48315310E-01 -0.39982431E-01
  0.42736012E-01  0.50391807E-01 -0.39540752E-01
  0.42343911E-01  0.52454080E-01 -0.39059213E-01
  0.41939136E-01  0.54500176E-01 -0.38538959E-01
  0.41525582E-01  0.56528040E-01 -0.37980929E-01
  0.41107184E-01  0.58535497E-01 -0.37385797E-01
  0.40687835E-01  0.60520240E-01 -0.36753943E-01
  0.40271301E-01  0.62479824E-01 -0.36085421E-01
  0.39861139E-01  0.64411667E-01 -0.35379953E-01
  0.39460628E-01  0.66313057E-01 -0.34636938E-01
  0.39072712E-01  0.68181164E-01 -0.33855477E-01
  0.38699962E-01  0.70013055E-01 -0.33034406E-01
  0.38344552E-01  0.71805717E-01 -0.32172361E-01
  0.38008259E-01  0.73556075E-01 -0.31267831E-01
  0.37692474E-01  0.75261019E-01 -0.30319239E-01
  0.37398231E-01  0.76917431E-01 -0.29325014E-01
  0.37126248E-01  0.78522200E-01 -0.28283672E-01
  0.36876979E-01  0.80072255E-01 -0.27193890E-01
  0.36650659E-01  0.81564577E-01 -0.26054582E-01
  0.36447367E-01  0.82996219E-01 -0.24864956E-01
  0.36267068E-01  0.84364322E-01 -0.23624579E-01
  0.36109660E-01  0.85666125E-01 -0.22333418E-01
  0.35975009E-01  0.86898975E-01 -0.20991879E-01
  0.35862973E-01  0.88060333E-01 -0.19600834E-01
  0.35773416E-01  0.89147781E-01 -0.18161637E-01
  0.35706214E-01  0.90159024E-01 -0.16676132E-01
  0.35661251E-01  0.91091894E-01 -0.15146651E-01
  0.35638406E-01  0.91944355E-01 -0.13576003E-01
  0.35637540E-01  0.92714508E-01 -0.11967458E-01
  0.35658472E-01  0.93400590E-01 -0.10324721E-01
  0.35700962E-01  0.94000988E-01 -0.86518948E-02
  0.35764688E-01  0.94514238E-01 -0.69534425E-02
  0.35849230E-01  0.94939038E-01 -0.52341376E-02
  0.35954055E-01  0.95274252E-01 -0.34990097E-02
  0.36078501E-01  0.95518918E-01 -0.17532839E-02
  0.36221778E-01  0.95672257E-01 -0.23154626E-05
  0.24049967E-01 -0.26600343E-01  0.13291399E-05
  0.24166392E-01 -0.26793236E-01 -0.94497846E-03
  0.24298547E-01 -0.26944062E-01 -0.18924313E-02
  0.24446751E-01 -0.27052435E-01 -0.28416550E-02
  0.24611378E-01 -0.27117982E-01 -0.37932254E-02
  0.24792844E-01 -0.27140325E-01 -0.47476714E-02
  0.24991591E-01 -0.27119052E-01 -0.57054792E-02
  0.25208065E-01 -0.27053705E-01 -0.66670988E-02
  0.25442697E-01 -0.26943754E-01 -0.76329508E-02
  0.25695874E-01 -0.26788583E-01 -0.86034320E-02
  0.25967929E-01 -0.26587478E-01 -0.95789201E-02
  0.26259119E-01 -0.26339620E-01 -0.10559773E-01
  0.26569614E-01 -0.26044091E-01 -0.11546327E-01
  0.26899494E-01 -0.25699876E-01 -0.12538882E-01
  0.27248743E-01 -0.25305882E-01 -0.13537689E-01
  0.27617249E-01 -0.24860957E-01 -0.14542921E-01
  0.28004811E-01 -0.24363915E-01 -0.15554644E-01
  0.28411130E-01 -0.23813570E-01 -0.16572780E-01
  0.28835816E-01 -0.23208759E-01 -0.17597064E-01
  0.29278378E-01 -0.22548380E-01 -0.18627002E-01
  0.29738209E-01 -0.21831417E-01 -0.19661830E-01
  0.30214568E-01 -0.21056972E-01 -0.20700476E-01
  0.30706557E-01 -0.20224281E-01 -0.21741535E-01
  0.31213088E-01 -0.19332735E-01 -0.22783254E-01
  0.31732853E-01 -0.18381895E-01 -0.23823526E-01
  0.32264292E-01 -0.17371491E-01 -0.24859908E-01
  0.32805567E-01 -0.16301436E-01 -0.25889653E-01
  0.33354541E-01 -0.15171812E-01 -0.26909752E-01
  0.33908775E-01 -0.13982880E-01 -0.27916999E-01
  0.34465531E-01 -0.12735061E-01 -0.28908057E-01
  0.35021796E-01 -0.11428942E-01 -0.29879535E-01
  0.35574321E-01 -0.10065265E-01 -0.30828067E-01
  0.36119672E-01 -0.86449265E-02 -0.31750381E-01
  0.36654301E-01 -0.71689795E-02 -0.32643371E-01
  0.37174613E-01 -0.56386332E-02 -0.33504148E-01
  0.37677053E-01 -0.40552606E-02 -0.34330080E-01
  0.38158182E-01 -0.24204058E-02 -0.35118816E-01
  0.38614753E-01 -0.73579214E-03 -0.35868300E-01
  0.39043774E-01  0.99666943E-03 -0.36576758E-01
  0.39442562E-01  0.27748736E-02 -0.37242689E-01
  0.39808776E-01  0.45965174E-02 -0.37864831E-01
  0.40140439E-01  0.64591017E-02 -0.38442131E-01
  0.40435940E-01  0.83599382E-02 -0.38973712E-01
  0.40694018E-01  0.10296163E-01 -0.39458837E-01
  0.40913739E-01  0.12264758E-01 -0.39896883E-01
  0.41094461E-01  0.14262575E-01 -0.40287314E-01
  0.41235796E-01  0.16286374E-01 -0.40629669E-01
  0.41337571E-01  0.18332858E-01 -0.40923555E-01
  0.41399790E-01  0.20398710E-01 -0.41168649E-01
  0.41422614E-01  0.22480642E-01 -0.41364706E-01
  0.41406336E-01  0.24575427E-01 -0.41511572E-01
  0.41351379E-01  0.26679940E-01 -0.41609203E-01
  0.41258303E-01  0.28791185E-01 -0.41657681E-01
  0.41127819E-01  0.30906318E-01 -0.41657227E-01
  0.40960818E-01  0.33022662E-01 -0.41608214E-01
  0.40758396E-01  0.35137705E-01 -0.41511171E-01
  0.40521892E-01  0.37249102E-01 -0.41366777E-01
  0.40252916E-01  0.39354653E-01 -0.41175848E-01
  0.39953370E-01  0.41452283E-01 -0.40939315E-01
  0.39625467E-01  0.43540008E-01 -0.40658193E-01
  0.39271724E-01  0.45615909E-01 -0.40333537E-01
  0.38894959E-01  0.47678085E-01 -0.39966400E-01
  0.38498254E-01  0.49724624E-01 -0.39557784E-01
  0.38084915E-01  0.51753567E-01 -0.39108586E-01
  0.37658418E-01  0.53762878E-01 -0.38619553E-01
  0.37222342E-01  0.55750419E-01 -0.38091234E-01
  0.36780296E-01  0.57713936E-01 -0.37523950E-01
  0.36335848E-01  0.59651050E-01 -0.36917759E-01
  0.35892448E-01  0.61559255E-01 -0.36272451E-01
  0.35453369E-01  0.63435928E-01 -0.35587541E-01
  0.35021643E-01  0.65278341E-01 -0.34862279E-01
  0.34600022E-01  0.67083686E-01 -0.34095684E-01
  0.34190947E-01  0.68849095E-01 -0.33286572E-01
  0.33796533E-01  0.70571672E-01 -0.32433612E-01
  0.33418572E-01  0.72248521E-01 -0.31535379E-01
  0.33058546E-01  0.73876777E-01 -0.30590419E-01
  0.32717654E-01  0.75453630E-01 -0.29597316E-01
  0.32396842E-01  0.76976353E-01 -0.28554758E-01
  0.32096849E-01  0.78442318E-01 -0.27461607E-01
  0.31818245E-01  0.79849017E-01 -0.26316961E-01
  0.31561472E-01  0.81194067E-01 -0.25120210E-01
  0.31326881E-01  0.82475218E-01 -0.23871088E-01
  0.31114761E-01  0.83690356E-01 -0.22569720E-01
  0.30925365E-01  0.84837497E-01 -0.21216651E-01
  0.30758921E-01  0.85914786E-01 -0.19812879E-01
  0.30615643E-01  0.86920484E-01 -0.18359869E-01
  0.30495725E-01  0.87852967E-01 -0.16859567E-01
  0.30399338E-01  0.88710714E-01 -0.15314394E-01
  0.30326616E-01  0.89492302E-01 -0.13727247E-01
  0.30277641E-01  0.90196402E-01 -0.12101479E-01
  0.30252429E-01  0.90821774E-01 -0.10440875E-01
  0.30250908E-01  0.91367268E-01 -0.87496199E-02
  0.30272907E-01  0.91831826E-01 -0.70322613E-02
  0.30318138E-01  0.92214484E-01 -0.52936588E-02
  0.30386189E-01  0.92514377E-01 -0.35389310E-02
  0.30476517E-01  0.92730748E-01 -0.17733944E-02
  0.30588440E-01  0.92862950E-01 -0.24977245E-05
  0.21406251E-01 -0.27370240E-01  0.14616784E-05
  0.21527508E-01 -0.27561354E-01 -0.96585465E-03
  0.21662799E-01 -0.27709811E-01 -0.19339054E-02
  0.21812396E-01 -0.27815296E-01 -0.29030434E-02
  0.21976633E-01 -0.27877529E-01 -0.38735960E-02
  0.22155896E-01 -0.27896230E-01 -0.48458714E-02
  0.22350608E-01 -0.27871093E-01 -0.58201652E-02
  0.22561204E-01 -0.27801750E-01 -0.67967671E-02
  0.22788113E-01 -0.27687745E-01 -0.77759651E-02
  0.23031728E-01 -0.27528513E-01 -0.87580487E-02
  0.23292382E-01 -0.27323359E-01 -0.97433077E-02
  0.23570333E-01 -0.27071455E-01 -0.10732027E-01
  0.23865745E-01 -0.26771842E-01 -0.11724478E-01
  0.24178677E-01 -0.26423442E-01 -0.12720901E-01
  0.24509089E-01 -0.26025083E-01 -0.13721485E-01
  0.24856833E-01 -0.25575524E-01 -0.14726344E-01
  0.25221668E-01 -0.25073496E-01 -0.15735481E-01
  0.25603262E-01 -0.24517739E-01 -0.16748755E-01
  0.26001199E-01 -0.23907045E-01 -0.17765846E-01
  0.26414978E-01 -0.23240293E-01 -0.18786216E-01
  0.26844012E-01 -0.22516486E-01 -0.19809077E-01
  0.27287612E-01 -0.21734778E-01 -0.20833363E-01
  0.27744971E-01 -0.20894494E-01 -0.21857713E-01
  0.28215133E-01 -0.19995142E-01 -0.22880458E-01
  0.28696962E-01 -0.19036417E-01 -0.23899634E-01
  0.29189109E-01 -0.18018199E-01 -0.24912994E-01
  0.29689979E-01 -0.16940540E-01 -0.25918042E-01
  0.30197703E-01 -0.15803657E-01 -0.26912079E-01
  0.30710119E-01 -0.14607913E-01 -0.27892256E-01
  0.31224771E-01 -0.13353804E-01 -0.28855637E-01
  0.31738917E-01 -0.12041951E-01 -0.29799260E-01
  0.32249558E-01 -0.10673087E-01 -0.30720207E-01
  0.32753482E-01 -0.92480631E-02 -0.31615657E-01
  0.33247321E-01 -0.77678456E-02 -0.32482939E-01
  0.33727628E-01 -0.62335313E-02 -0.33319573E-01
  0.34190946E-01 -0.46463598E-02 -0.34123290E-01
  0.34633896E-01 -0.30077330E-02 -0.34892055E-01
  0.35053251E-01 -0.13192348E-02 -0.35624058E-01
  0.35446008E-01  0.41734913E-03 -0.36317713E-01
  0.35809444E-01  0.22000144E-02 -0.36971630E-01
  0.36141161E-01  0.40265257E-02 -0.37584601E-01
  0.36439114E-01  0.58944114E-02 -0.38155564E-01
  0.36701615E-01  0.78009661E-02 -0.38683588E-01
  0.36927332E-01  0.97432626E-02 -0.39167839E-01
  0.37115266E-01  0.11718172E-01 -0.39607576E-01
  0.37264722E-01  0.13722395E-01 -0.40002128E-01
  0.37375273E-01  0.15752498E-01 -0.40350902E-01
  0.37446721E-01  0.17804956E-01 -0.40653377E-01
  0.37479066E-01  0.19876200E-01 -0.40909116E-01
  0.37472478E-01  0.21962668E-01 -0.41117777E-01
  0.37427273E-01  0.24060848E-01 -0.41279128E-01
  0.37343909E-01  0.26167322E-01 -0.41393056E-01
  0.37222986E-01  0.28278805E-01 -0.41459579E-01
  0.37065258E-01  0.30392169E-01 -0.41478854E-01
  0.36871652E-01  0.32504463E-01 -0.41451174E-01
  0.36643291E-01  0.34612922E-01 -0.41376964E-01
  0.36381525E-01  0.36714959E-01 -0.41256765E-01
  0.36087947E-01  0.38808158E-01 -0.41091214E-01
  0.35764417E-01  0.40890243E-01 -0.40881020E-01
  0.35413065E-01  0.42959058E-01 -0.40626923E-01
  0.35036295E-01  0.45012522E-01 -0.40329664E-01
  0.34636766E-01  0.47048602E-01 -0.39989946E-01
  0.34217364E-01  0.49065269E-01 -0.39608388E-01
  0.33781165E-01  0.51060465E-01 -0.39185496E-01
  0.33331385E-01  0.53032077E-01 -0.38721622E-01
  0.32871321E-01  0.54977911E-01 -0.38216941E-01
  0.32404288E-01  0.56895676E-01 -0.37671424E-01
  0.31933563E-01  0.58782981E-01 -0.37084834E-01
  0.31462318E-01  0.60637337E-01 -0.36456717E-01
  0.30993574E-01  0.62456167E-01 -0.35786409E-01
  0.30530151E-01  0.64236825E-01 -0.35073056E-01
  0.30074640E-01  0.65976620E-01 -0.34315640E-01
  0.29629380E-01  0.67672848E-01 -0.33513010E-01
  0.29196450E-01  0.69322823E-01 -0.32663929E-01
  0.28777674E-01  0.70923906E-01 -0.31767120E-01
  0.28374635E-01  0.72473542E-01 -0.30821317E-01
  0.27988696E-01  0.73969280E-01 -0.29825319E-01
  0.27621029E-01  0.75408804E-01 -0.28778052E-01
  0.27272645E-01  0.76789945E-01 -0.27678614E-01
  0.26944423E-01  0.78110698E-01 -0.26526336E-01
  0.26637142E-01  0.79369220E-01 -0.25320826E-01
  0.26351501E-01  0.80563837E-01 -0.24062016E-01
  0.26088142E-01  0.81693030E-01 -0.22750199E-01
  0.25847657E-01  0.82755432E-01 -0.21386069E-01
  0.25630596E-01  0.83749806E-01 -0.19970738E-01
  0.25437467E-01  0.84675034E-01 -0.18505766E-01
  0.25268732E-01  0.85530102E-01 -0.16993166E-01
  0.25124794E-01  0.86314076E-01 -0.15435415E-01
  0.25005986E-01  0.87026094E-01 -0.13835447E-01
  0.24912562E-01  0.87665353E-01 -0.12196642E-01
  0.24844679E-01  0.88231096E-01 -0.10522808E-01
  0.24802386E-01  0.88722609E-01 -0.88181479E-02
  0.24785616E-01  0.89139214E-01 -0.70872274E-02
  0.24794175E-01  0.89480273E-01 -0.53349242E-02
  0.24827738E-01  0.89745185E-01 -0.35663768E-02
  0.24885844E-01  0.89933393E-01 -0.17869240E-02
  0.24967897E-01  0.90044387E-01 -0.20391332E-05
  0.18592788E-01 -0.28444865E-01  0.14574676E-05
  0.18717966E-01 -0.28634310E-01 -0.98928167E-03
  0.18855381E-01 -0.28780326E-01 -0.19803052E-02
  0.19005286E-01 -0.28882635E-01 -0.29716893E-02
  0.19168005E-01 -0.28941004E-01 -0.39635156E-02
  0.19343923E-01 -0.28955209E-01 -0.49558817E-02
  0.19533472E-01 -0.28925003E-01 -0.59489095E-02
  0.19737113E-01 -0.28850077E-01 -0.69427509E-02
  0.19955307E-01 -0.28730022E-01 -0.79375885E-02
  0.20188485E-01 -0.28564310E-01 -0.89336327E-02
  0.20437027E-01 -0.28352268E-01 -0.99311130E-02
  0.20701232E-01 -0.28093074E-01 -0.10930266E-01
  0.20981306E-01 -0.27785758E-01 -0.11931314E-01
  0.21277344E-01 -0.27429220E-01 -0.12934450E-01
  0.21589333E-01 -0.27022254E-01 -0.13939803E-01
  0.21917150E-01 -0.26563582E-01 -0.14947414E-01
  0.22260570E-01 -0.26051899E-01 -0.15957207E-01
  0.22619278E-01 -0.25485917E-01 -0.16968952E-01
  0.22992877E-01 -0.24864407E-01 -0.17982242E-01
  0.23380895E-01 -0.24186245E-01 -0.18996460E-01
  0.23782784E-01 -0.23450447E-01 -0.20010760E-01
  0.24197914E-01 -0.22656197E-01 -0.21024052E-01
  0.24625556E-01 -0.21802867E-01 -0.22034992E-01
  0.25064858E-01 -0.20890024E-01 -0.23041986E-01
  0.25514809E-01 -0.19917431E-01 -0.24043202E-01
  0.25974211E-01 -0.18885040E-01 -0.25036593E-01
  0.26441633E-01 -0.17792976E-01 -0.26019929E-01
  0.26915385E-01 -0.16641517E-01 -0.26990837E-01
  0.27393493E-01 -0.15431084E-01 -0.27946850E-01
  0.27873686E-01 -0.14162214E-01 -0.28885454E-01
  0.28353396E-01 -0.12835554E-01 -0.29804139E-01
  0.28829786E-01 -0.11451855E-01 -0.30700446E-01
  0.29299782E-01 -0.10011969E-01 -0.31572009E-01
  0.29760132E-01 -0.85168577E-02 -0.32416584E-01
  0.30207469E-01 -0.69676082E-02 -0.33232077E-01
  0.30638391E-01 -0.53654513E-02 -0.34016552E-01
  0.31049544E-01 -0.37117850E-02 -0.34768239E-01
  0.31437699E-01 -0.20081992E-02 -0.35485523E-01
  0.31799828E-01 -0.25649874E-03 -0.36166937E-01
  0.32133166E-01  0.15412763E-02 -0.36811143E-01
  0.32435260E-01  0.33828367E-02 -0.37416913E-01
  0.32704000E-01  0.52656372E-02 -0.37983119E-01
  0.32937638E-01  0.71868792E-02 -0.38508712E-01
  0.33134780E-01  0.91435226E-02 -0.38992720E-01
  0.33294375E-01  0.11132307E-01 -0.39434243E-01
  0.33415687E-01  0.13149785E-01 -0.39832455E-01
  0.33498261E-01  0.15192355E-01 -0.40186616E-01
  0.33541891E-01  0.17256312E-01 -0.40496079E-01
  0.33546580E-01  0.19337894E-01 -0.40760305E-01
  0.33512518E-01  0.21433330E-01 -0.40978877E-01
  0.33440054E-01  0.23538887E-01 -0.41151511E-01
  0.33329692E-01  0.25650919E-01 -0.41278061E-01
  0.33182082E-01  0.27765901E-01 -0.41358521E-01
  0.32998031E-01  0.29880462E-01 -0.41393024E-01
  0.32778515E-01  0.31991403E-01 -0.41381823E-01
  0.32524698E-01  0.34095709E-01 -0.41325279E-01
  0.32237952E-01  0.36190548E-01 -0.41223836E-01
  0.31919873E-01  0.38273265E-01 -0.41077989E-01
  0.31572294E-01  0.40341360E-01 -0.40888255E-01
  0.31197290E-01  0.42392463E-01 -0.40655139E-01
  0.30797172E-01  0.44424307E-01 -0.40379099E-01
  0.30374471E-01  0.46434693E-01 -0.40060516E-01
  0.29931912E-01  0.48421458E-01 -0.39699660E-01
  0.29472379E-01  0.50382442E-01 -0.39296674E-01
  0.28998865E-01  0.52315466E-01 -0.38851549E-01
  0.28514432E-01  0.54218305E-01 -0.38364113E-01
  0.28022148E-01  0.56088683E-01 -0.37834030E-01
  0.27525046E-01  0.57924261E-01 -0.37260796E-01
  0.27026068E-01  0.59722641E-01 -0.36643750E-01
  0.26528026E-01  0.61481383E-01 -0.35982092E-01
  0.26033573E-01  0.63198016E-01 -0.35274901E-01
  0.25545171E-01  0.64870067E-01 -0.34521162E-01
  0.25065087E-01  0.66495088E-01 -0.33719802E-01
  0.24595382E-01  0.68070686E-01 -0.32869717E-01
  0.24137924E-01  0.69594555E-01 -0.31969820E-01
  0.23694394E-01  0.71064505E-01 -0.31019072E-01
  0.23266309E-01  0.72478487E-01 -0.30016532E-01
  0.22855044E-01  0.73834615E-01 -0.28961392E-01
  0.22461849E-01  0.75131182E-01 -0.27853023E-01
  0.22087875E-01  0.76366666E-01 -0.26691017E-01
  0.21734191E-01  0.77539733E-01 -0.25475223E-01
  0.21401792E-01  0.78649232E-01 -0.24205787E-01
  0.21091616E-01  0.79694186E-01 -0.22883185E-01
  0.20804538E-01  0.80673770E-01 -0.21508256E-01
  0.20541373E-01  0.81587301E-01 -0.20082228E-01
  0.20302870E-01  0.82434207E-01 -0.18606740E-01
  0.20089702E-01  0.83214010E-01 -0.17083858E-01
  0.19902455E-01  0.83926301E-01 -0.15516081E-01
  0.19741619E-01  0.84570720E-01 -0.13906349E-01
  0.19607573E-01  0.85146935E-01 -0.12258028E-01
  0.19500581E-01  0.85654632E-01 -0.10574900E-01
  0.19420780E-01  0.86093497E-01 -0.88611345E-02
  0.19368178E-01  0.86463211E-01 -0.71212574E-02
  0.19342649E-01  0.86763442E-01 -0.53601040E-02
  0.19343933E-01  0.86993848E-01 -0.35827698E-02
  0.19371638E-01  0.87154070E-01 -0.17945509E-02
  0.19425237E-01  0.87243743E-01 -0.87992995E-06
  0.15576129E-01 -0.29850589E-01  0.13072183E-05
  0.15704292E-01 -0.30038146E-01 -0.10151702E-02
  0.15842740E-01 -0.30181295E-01 -0.20314875E-02
  0.15991746E-01 -0.30279751E-01 -0.30474539E-02
  0.16151661E-01 -0.30333283E-01 -0.40629161E-02
  0.16322911E-01 -0.30341676E-01 -0.50777737E-02
  0.16505982E-01 -0.30304697E-01 -0.60919887E-02
  0.16701399E-01 -0.30222053E-01 -0.71055890E-02
  0.16909700E-01 -0.30093359E-01 -0.81186649E-02
  0.17131405E-01 -0.29918108E-01 -0.91313591E-02
  0.17366986E-01 -0.29695651E-01 -0.10143850E-01
  0.17616845E-01 -0.29425190E-01 -0.11156330E-01
  0.17881289E-01 -0.29105779E-01 -0.12168977E-01
  0.18160519E-01 -0.28736339E-01 -0.13181928E-01
  0.18454624E-01 -0.28315684E-01 -0.14195247E-01
  0.18763578E-01 -0.27842555E-01 -0.15208892E-01
  0.19087252E-01 -0.27315665E-01 -0.16222691E-01
  0.19425417E-01 -0.26733737E-01 -0.17236312E-01
  0.19777759E-01 -0.26095554E-01 -0.18249241E-01
  0.20143882E-01 -0.25400001E-01 -0.19260770E-01
  0.20523310E-01 -0.24646097E-01 -0.20269984E-01
  0.20915482E-01 -0.23833030E-01 -0.21275758E-01
  0.21319735E-01 -0.22960167E-01 -0.22276764E-01
  0.21735280E-01 -0.22027073E-01 -0.23271480E-01
  0.22161174E-01 -0.21033505E-01 -0.24258213E-01
  0.22596280E-01 -0.19979408E-01 -0.25235121E-01
  0.23039233E-01 -0.18864904E-01 -0.26200247E-01
  0.23488406E-01 -0.17690275E-01 -0.27151551E-01
  0.23941884E-01 -0.16455946E-01 -0.28086951E-01
  0.24397452E-01 -0.15162480E-01 -0.29004351E-01
  0.24852595E-01 -0.13810558E-01 -0.29901683E-01
  0.25304516E-01 -0.12400984E-01 -0.30776930E-01
  0.25750177E-01 -0.10934681E-01 -0.31628149E-01
  0.26186348E-01 -0.94127079E-02 -0.32453488E-01
  0.26609673E-01 -0.78362646E-02 -0.33251196E-01
  0.27016755E-01 -0.62067170E-02 -0.34019618E-01
  0.27404227E-01 -0.45256152E-02 -0.34757194E-01
  0.27768841E-01 -0.27947146E-02 -0.35462448E-01
  0.28107542E-01 -0.10159956E-02 -0.36133981E-01
  0.28417529E-01  0.80832186E-03 -0.36770451E-01
  0.28696313E-01  0.26757684E-02 -0.37370576E-01
  0.28941745E-01  0.45836232E-02 -0.37933117E-01
  0.29152037E-01  0.65289195E-02 -0.38456888E-01
  0.29325762E-01  0.85084588E-02 -0.38940759E-01
  0.29461840E-01  0.10518834E-01 -0.39383665E-01
  0.29559517E-01  0.12556456E-01 -0.39784625E-01
  0.29618330E-01  0.14617596E-01 -0.40142759E-01
  0.29638074E-01  0.16698421E-01 -0.40457307E-01
  0.29618770E-01  0.18795037E-01 -0.40727644E-01
  0.29560633E-01  0.20903541E-01 -0.40953297E-01
  0.29464053E-01  0.23020055E-01 -0.41133948E-01
  0.29329579E-01  0.25140774E-01 -0.41269438E-01
  0.29157915E-01  0.27261998E-01 -0.41359757E-01
  0.28949924E-01  0.29380158E-01 -0.41405029E-01
  0.28706634E-01  0.31491845E-01 -0.41405488E-01
  0.28429255E-01  0.33593817E-01 -0.41361454E-01
  0.28119190E-01  0.35683005E-01 -0.41273292E-01
  0.27778048E-01  0.37756511E-01 -0.41141384E-01
  0.27407654E-01  0.39811597E-01 -0.40966086E-01
  0.27010047E-01  0.41845668E-01 -0.40747701E-01
  0.26587472E-01  0.43856249E-01 -0.40486442E-01
  0.26142364E-01  0.45840966E-01 -0.40182414E-01
  0.25677326E-01  0.47797515E-01 -0.39835589E-01
  0.25195088E-01  0.49723642E-01 -0.39445797E-01
  0.24698474E-01  0.51617120E-01 -0.39012721E-01
  0.24190358E-01  0.53475732E-01 -0.38535902E-01
  0.23673618E-01  0.55297259E-01 -0.38014745E-01
  0.23151092E-01  0.57079477E-01 -0.37448533E-01
  0.22625547E-01  0.58820157E-01 -0.36836450E-01
  0.22099636E-01  0.60517073E-01 -0.36177601E-01
  0.21575884E-01  0.62168015E-01 -0.35471036E-01
  0.21056664E-01  0.63770811E-01 -0.34715781E-01
  0.20544193E-01  0.65323351E-01 -0.33910864E-01
  0.20040531E-01  0.66823608E-01 -0.33055344E-01
  0.19547590E-01  0.68269666E-01 -0.32148339E-01
  0.19067141E-01  0.69659748E-01 -0.31189058E-01
  0.18600835E-01  0.70992232E-01 -0.30176827E-01
  0.18150214E-01  0.72265673E-01 -0.29111120E-01
  0.17716729E-01  0.73478816E-01 -0.27991590E-01
  0.17301751E-01  0.74630599E-01 -0.26818097E-01
  0.16906580E-01  0.75720154E-01 -0.25590739E-01
  0.16532450E-01  0.76746801E-01 -0.24309880E-01
  0.16180530E-01  0.77710037E-01 -0.22976185E-01
  0.15851917E-01  0.78609515E-01 -0.21590642E-01
  0.15547634E-01  0.79445023E-01 -0.20154590E-01
  0.15268612E-01  0.80216461E-01 -0.18669743E-01
  0.15015688E-01  0.80923816E-01 -0.17138206E-01
  0.14789586E-01  0.81567131E-01 -0.15562490E-01
  0.14590912E-01  0.82146484E-01 -0.13945513E-01
  0.14420142E-01  0.82661963E-01 -0.12290602E-01
  0.14277617E-01  0.83113646E-01 -0.10601478E-01
  0.14163543E-01  0.83501584E-01 -0.88822356E-02
  0.14077986E-01  0.83825786E-01 -0.71373143E-02
  0.14020874E-01  0.84086212E-01 -0.53714558E-02
  0.13992004E-01  0.84282762E-01 -0.35896567E-02
  0.13991042E-01  0.84415280E-01 -0.17971120E-02
  0.14017531E-01  0.84483545E-01  0.84715807E-06
  0.12318961E-01 -0.31621654E-01  0.10155537E-05
  0.12449227E-01 -0.31806851E-01 -0.10433935E-02
  0.12587688E-01 -0.31946368E-01 -0.20872453E-02
  0.12734677E-01 -0.32039882E-01 -0.31301058E-02
  0.12890621E-01 -0.32087121E-01 -0.41716081E-02
  0.13056032E-01 -0.32087834E-01 -0.52114699E-02
  0.13231497E-01 -0.32041759E-01 -0.62495041E-02
  0.13417652E-01 -0.31948584E-01 -0.72856205E-02
  0.13615159E-01 -0.31807920E-01 -0.83198172E-02
  0.13824674E-01 -0.31619269E-01 -0.93521643E-02
  0.14046821E-01 -0.31382012E-01 -0.10382780E-01
  0.14282162E-01 -0.31095390E-01 -0.11411798E-01
  0.14531177E-01 -0.30758514E-01 -0.12439339E-01
  0.14794247E-01 -0.30370372E-01 -0.13465469E-01
  0.15071643E-01 -0.29929848E-01 -0.14490169E-01
  0.15363525E-01 -0.29435757E-01 -0.15513305E-01
  0.15669940E-01 -0.28886874E-01 -0.16534599E-01
  0.15990828E-01 -0.28281981E-01 -0.17553608E-01
  0.16326025E-01 -0.27619900E-01 -0.18569717E-01
  0.16675266E-01 -0.26899533E-01 -0.19582129E-01
  0.17038179E-01 -0.26119901E-01 -0.20589866E-01
  0.17414282E-01 -0.25280163E-01 -0.21591783E-01
  0.17802959E-01 -0.24379646E-01 -0.22586579E-01
  0.18203441E-01 -0.23417855E-01 -0.23572817E-01
  0.18614775E-01 -0.22394478E-01 -0.24548951E-01
  0.19035789E-01 -0.21309393E-01 -0.25513351E-01
  0.19465062E-01 -0.20162658E-01 -0.26464329E-01
  0.19900895E-01 -0.18954515E-01 -0.27400167E-01
  0.20341288E-01 -0.17685374E-01 -0.28319144E-01
  0.20783934E-01 -0.16355817E-01 -0.29219553E-01
  0.21226226E-01 -0.14966589E-01 -0.30099724E-01
  0.21665279E-01 -0.13518604E-01 -0.30958029E-01
  0.22097968E-01 -0.12012943E-01 -0.31792893E-01
  0.22520991E-01 -0.10450870E-01 -0.32602794E-01
  0.22930927E-01 -0.88338312E-02 -0.33386256E-01
  0.23324324E-01 -0.71634761E-02 -0.34141843E-01
  0.23697774E-01 -0.54416623E-02 -0.34868150E-01
  0.24047994E-01 -0.36704678E-02 -0.35563791E-01
  0.24371904E-01 -0.18521984E-02 -0.36227391E-01
  0.24666686E-01  0.10609316E-04 -0.36857581E-01
  0.24929836E-01  0.19151886E-02 -0.37453001E-01
  0.25159196E-01  0.38585491E-02 -0.38012304E-01
  0.25352974E-01  0.58374889E-02 -0.38534171E-01
  0.25509740E-01  0.78486114E-02 -0.39017327E-01
  0.25628416E-01  0.98883485E-02 -0.39460564E-01
  0.25708254E-01  0.11952987E-01 -0.39862771E-01
  0.25748802E-01  0.14038698E-01 -0.40222953E-01
  0.25749874E-01  0.16141574E-01 -0.40540260E-01
  0.25711515E-01  0.18257657E-01 -0.40814001E-01
  0.25633974E-01  0.20382980E-01 -0.41043661E-01
  0.25517682E-01  0.22513595E-01 -0.41228900E-01
  0.25363236E-01  0.24645609E-01 -0.41369548E-01
  0.25171394E-01  0.26775213E-01 -0.41465592E-01
  0.24943072E-01  0.28898704E-01 -0.41517147E-01
  0.24679353E-01  0.31012507E-01 -0.41524431E-01
  0.24381495E-01  0.33113192E-01 -0.41487720E-01
  0.24050940E-01  0.35197481E-01 -0.41407314E-01
  0.23689324E-01  0.37262253E-01 -0.41283493E-01
  0.23298478E-01  0.39304546E-01 -0.41116481E-01
  0.22880425E-01  0.41321546E-01 -0.40906415E-01
  0.22437374E-01  0.43310583E-01 -0.40653310E-01
  0.21971700E-01  0.45269115E-01 -0.40357049E-01
  0.21485918E-01  0.47194715E-01 -0.40017370E-01
  0.20982654E-01  0.49085054E-01 -0.39633861E-01
  0.20464609E-01  0.50937888E-01 -0.39205971E-01
  0.19934522E-01  0.52751045E-01 -0.38733026E-01
  0.19395131E-01  0.54522417E-01 -0.38214243E-01
  0.18849139E-01  0.56249948E-01 -0.37648758E-01
  0.18299181E-01  0.57931637E-01 -0.37035657E-01
  0.17747801E-01  0.59565542E-01 -0.36373996E-01
  0.17197434E-01  0.61149780E-01 -0.35662837E-01
  0.16650393E-01  0.62682547E-01 -0.34901272E-01
  0.16108869E-01  0.64162127E-01 -0.34088447E-01
  0.15574928E-01  0.65586911E-01 -0.33223590E-01
  0.15050523E-01  0.66955417E-01 -0.32306026E-01
  0.14537503E-01  0.68266305E-01 -0.31335202E-01
  0.14037623E-01  0.69518396E-01 -0.30310706E-01
  0.13552558E-01  0.70710686E-01 -0.29232281E-01
  0.13083911E-01  0.71842352E-01 -0.28099849E-01
  0.12633220E-01  0.72912764E-01 -0.26913529E-01
  0.12201959E-01  0.73921475E-01 -0.25673659E-01
  0.11791537E-01  0.74868224E-01 -0.24380819E-01
  0.11403296E-01  0.75752918E-01 -0.23035856E-01
  0.11038494E-01  0.76575614E-01 -0.21639904E-01
  0.10698301E-01  0.77336505E-01 -0.20194416E-01
  0.10383785E-01  0.78035886E-01 -0.18701177E-01
  0.10095896E-01  0.78674134E-01 -0.17162330E-01
  0.98354598E-02  0.79251678E-01 -0.15580387E-01
  0.96031646E-02  0.79768969E-01 -0.13958237E-01
  0.93995579E-02  0.80226457E-01 -0.12299149E-01
  0.92250419E-02  0.80624562E-01 -0.10606760E-01
  0.90798740E-02  0.80963659E-01 -0.88850619E-02
  0.89641697E-02  0.81244054E-01 -0.71383708E-02
  0.88779080E-02  0.81465972E-01 -0.53712936E-02
  0.88209373E-02  0.81629547E-01 -0.35886815E-02
  0.87929836E-02  0.81734813E-01 -0.17955777E-02
  0.87936571E-02  0.81781703E-01  0.28412337E-05
  0.87795621E-02 -0.33801599E-01  0.60256111E-06
  0.89111818E-02 -0.33983818E-01 -0.10738748E-02
  0.90488668E-02 -0.34118656E-01 -0.21474774E-02
  0.91930563E-02 -0.34205721E-01 -0.32195661E-02
  0.93442969E-02 -0.34244669E-01 -0.42895894E-02
  0.95032335E-02 -0.34235178E-01 -0.53571034E-02
  0.96705946E-02 -0.34176924E-01 -0.64217817E-02
  0.98471715E-02 -0.34069549E-01 -0.74834147E-02
  0.10033794E-01 -0.33912638E-01 -0.85418980E-02
  0.10231302E-01 -0.33705698E-01 -0.95972107E-02
  0.10440520E-01 -0.33448139E-01 -0.10649386E-01
  0.10662229E-01 -0.33139264E-01 -0.11698474E-01
  0.10897148E-01 -0.32778266E-01 -0.12744506E-01
  0.11145907E-01 -0.32364239E-01 -0.13787456E-01
  0.11409040E-01 -0.31896184E-01 -0.14827203E-01
  0.11686969E-01 -0.31373032E-01 -0.15863505E-01
  0.11980001E-01 -0.30793670E-01 -0.16895975E-01
  0.12288315E-01 -0.30156973E-01 -0.17924067E-01
  0.12611963E-01 -0.29461828E-01 -0.18947075E-01
  0.12950855E-01 -0.28707176E-01 -0.19964131E-01
  0.13304754E-01 -0.27892033E-01 -0.20974223E-01
  0.13673254E-01 -0.27015527E-01 -0.21976207E-01
  0.14055763E-01 -0.26076917E-01 -0.22968834E-01
  0.14451474E-01 -0.25075619E-01 -0.23950770E-01
  0.14859344E-01 -0.24011222E-01 -0.24920624E-01
  0.15278062E-01 -0.22883504E-01 -0.25876974E-01
  0.15706022E-01 -0.21692442E-01 -0.26818385E-01
  0.16141312E-01 -0.20438224E-01 -0.27743430E-01
  0.16581698E-01 -0.19121254E-01 -0.28650703E-01
  0.17024634E-01 -0.17742163E-01 -0.29538827E-01
  0.17467273E-01 -0.16301812E-01 -0.30406458E-01
  0.17906508E-01 -0.14801296E-01 -0.31252281E-01
  0.18339016E-01 -0.13241955E-01 -0.32075007E-01
  0.18761320E-01 -0.11625367E-01 -0.32873360E-01
  0.19169862E-01 -0.99533557E-02 -0.33646065E-01
  0.19561083E-01 -0.82279888E-02 -0.34391840E-01
  0.19931499E-01 -0.64515709E-02 -0.35109376E-01
  0.20277783E-01 -0.46266392E-02 -0.35797339E-01
  0.20596833E-01 -0.27559521E-02 -0.36454357E-01
  0.20885827E-01 -0.84247726E-03 -0.37079029E-01
  0.21142274E-01  0.11106246E-02 -0.37669928E-01
  0.21364038E-01  0.31000175E-02 -0.38225624E-01
  0.21549350E-01  0.51222100E-02 -0.38744697E-01
  0.21696811E-01  0.71735759E-02 -0.39225773E-01
  0.21805372E-01  0.92503765E-02 -0.39667547E-01
  0.21874314E-01  0.11348783E-01 -0.40068820E-01
  0.21903217E-01  0.13464898E-01 -0.40428523E-01
  0.21891927E-01  0.15594778E-01 -0.40745748E-01
  0.21840524E-01  0.17734457E-01 -0.41019761E-01
  0.21749299E-01  0.19879964E-01 -0.41250017E-01
  0.21618726E-01  0.22027350E-01 -0.41436155E-01
  0.21449454E-01  0.24172702E-01 -0.41577990E-01
  0.21242294E-01  0.26312169E-01 -0.41675490E-01
  0.20998222E-01  0.28441977E-01 -0.41728750E-01
  0.20718378E-01  0.30558448E-01 -0.41737952E-01
  0.20404077E-01  0.32658019E-01 -0.41703321E-01
  0.20056811E-01  0.34737255E-01 -0.41625089E-01
  0.19678254E-01  0.36792858E-01 -0.41503445E-01
  0.19270263E-01  0.38821684E-01 -0.41338503E-01
  0.18834872E-01  0.40820742E-01 -0.41130267E-01
  0.18374280E-01  0.42787202E-01 -0.40878609E-01
  0.17890834E-01  0.44718394E-01 -0.40583253E-01
  0.17387003E-01  0.46611804E-01 -0.40243775E-01
  0.16865349E-01  0.48465069E-01 -0.39859605E-01
  0.16328496E-01  0.50275970E-01 -0.39430043E-01
  0.15779094E-01  0.52042425E-01 -0.38954283E-01
  0.15219789E-01  0.53762477E-01 -0.38431437E-01
  0.14653194E-01  0.55434289E-01 -0.37860569E-01
  0.14081857E-01  0.57056138E-01 -0.37240724E-01
  0.13508250E-01  0.58626407E-01 -0.36570963E-01
  0.12934751E-01  0.60143589E-01 -0.35850393E-01
  0.12363637E-01  0.61606283E-01 -0.35078190E-01
  0.11797084E-01  0.63013207E-01 -0.34253628E-01
  0.11237170E-01  0.64363196E-01 -0.33376093E-01
  0.10685883E-01  0.65655218E-01 -0.32445106E-01
  0.10145131E-01  0.66888382E-01 -0.31460327E-01
  0.96167482E-02  0.68061951E-01 -0.30421575E-01
  0.91025047E-02  0.69175346E-01 -0.29328834E-01
  0.86041123E-02  0.70228160E-01 -0.28182268E-01
  0.81232256E-02  0.71220156E-01 -0.26982228E-01
  0.76614398E-02  0.72151270E-01 -0.25729271E-01
  0.72202850E-02  0.73021604E-01 -0.24424176E-01
  0.68012166E-02  0.73831420E-01 -0.23067961E-01
  0.64056034E-02  0.74581120E-01 -0.21661903E-01
  0.60347139E-02  0.75271230E-01 -0.20207562E-01
  0.56897028E-02  0.75902375E-01 -0.18706799E-01
  0.53715983E-02  0.76475256E-01 -0.17161791E-01
  0.50812914E-02  0.76990620E-01 -0.15575054E-01
  0.48195281E-02  0.77449229E-01 -0.13949444E-01
  0.45869052E-02  0.77851837E-01 -0.12288163E-01
  0.43838700E-02  0.78199158E-01 -0.10594752E-01
  0.42107225E-02  0.78491843E-01 -0.88730805E-02
  0.40676218E-02  0.78730461E-01 -0.71273177E-02
  0.39545936E-02  0.78915472E-01 -0.53619040E-02
  0.38715392E-02  0.79047224E-01 -0.35815086E-02
  0.38182453E-02  0.79125932E-01 -0.17909818E-02
  0.37943921E-02  0.79151678E-01  0.46992629E-05
  0.49108149E-02 -0.36444282E-01  0.10314260E-06
  0.50432467E-02 -0.36622886E-01 -0.11066866E-02
  0.51797631E-02 -0.36751763E-01 -0.22123830E-02
  0.53209487E-02 -0.36830439E-01 -0.33161889E-02
  0.54675088E-02 -0.36858481E-01 -0.44174045E-02
  0.56202567E-02 -0.36835475E-01 -0.55154468E-02
  0.57800985E-02 -0.36761014E-01 -0.66098585E-02
  0.59480136E-02 -0.36634682E-01 -0.77003055E-02
  0.61250335E-02 -0.36456029E-01 -0.87865632E-02
  0.63122186E-02 -0.36224565E-01 -0.98684921E-02
  0.65106341E-02 -0.35939737E-01 -0.10946007E-01
  0.67213265E-02 -0.35600925E-01 -0.12019037E-01
  0.69453002E-02 -0.35207435E-01 -0.13087492E-01
  0.71834953E-02 -0.34758493E-01 -0.14151220E-01
  0.74367665E-02 -0.34253255E-01 -0.15209979E-01
  0.77058626E-02 -0.33690808E-01 -0.16263406E-01
  0.79914064E-02 -0.33070191E-01 -0.17311007E-01
  0.82938738E-02 -0.32390404E-01 -0.18352143E-01
  0.86135731E-02 -0.31650436E-01 -0.19386038E-01
  0.89506212E-02 -0.30849286E-01 -0.20411784E-01
  0.93049197E-02 -0.29985992E-01 -0.21428363E-01
  0.96761285E-02 -0.29059661E-01 -0.22434664E-01
  0.10063639E-01 -0.28069499E-01 -0.23429514E-01
  0.10466550E-01 -0.27014846E-01 -0.24411698E-01
  0.10883638E-01 -0.25895201E-01 -0.25379984E-01
  0.11313346E-01 -0.24710264E-01 -0.26333140E-01
  0.11753766E-01 -0.23459953E-01 -0.27269955E-01
  0.12202637E-01 -0.22144444E-01 -0.28189240E-01
  0.12657355E-01 -0.20764184E-01 -0.29089840E-01
  0.13114994E-01 -0.19319916E-01 -0.29970625E-01
  0.13572341E-01 -0.17812693E-01 -0.30830488E-01
  0.14025944E-01 -0.16243885E-01 -0.31668332E-01
  0.14472176E-01 -0.14615184E-01 -0.32483058E-01
  0.14907303E-01 -0.12928594E-01 -0.33273547E-01
  0.15327560E-01 -0.11186425E-01 -0.34038649E-01
  0.15729233E-01 -0.93912742E-02 -0.34777167E-01
  0.16108735E-01 -0.75460017E-02 -0.35487851E-01
  0.16462679E-01 -0.56537045E-02 -0.36169389E-01
  0.16787940E-01 -0.37176859E-02 -0.36820413E-01
  0.17081705E-01 -0.17414238E-02 -0.37439502E-01
  0.17341512E-01  0.27146133E-03 -0.38025202E-01
  0.17565267E-01  0.23172367E-02 -0.38576044E-01
  0.17751251E-01  0.43920854E-02 -0.39090569E-01
  0.17898118E-01  0.64921310E-02 -0.39567366E-01
  0.18004871E-01  0.86134578E-02 -0.40005095E-01
  0.18070840E-01  0.10752128E-01 -0.40402529E-01
  0.18095654E-01  0.12904194E-01 -0.40758576E-01
  0.18079204E-01  0.15065710E-01 -0.41072306E-01
  0.18021620E-01  0.17232738E-01 -0.41342968E-01
  0.17923242E-01  0.19401354E-01 -0.41569996E-01
  0.17784598E-01  0.21567660E-01 -0.41753006E-01
  0.17606397E-01  0.23727785E-01 -0.41891786E-01
  0.17389514E-01  0.25877901E-01 -0.41986267E-01
  0.17134993E-01  0.28014232E-01 -0.42036497E-01
  0.16844046E-01  0.30133071E-01 -0.42042599E-01
  0.16518056E-01  0.32230793E-01 -0.42004735E-01
  0.16158581E-01  0.34303880E-01 -0.41923056E-01
  0.15767355E-01  0.36348933E-01 -0.41797668E-01
  0.15346283E-01  0.38362696E-01 -0.41628593E-01
  0.14897434E-01  0.40342074E-01 -0.41415741E-01
  0.14423028E-01  0.42284146E-01 -0.41158888E-01
  0.13925415E-01  0.44186177E-01 -0.40857669E-01
  0.13407051E-01  0.46045628E-01 -0.40511574E-01
  0.12870471E-01  0.47860159E-01 -0.40119960E-01
  0.12318259E-01  0.49627629E-01 -0.39682070E-01
  0.11753016E-01  0.51346090E-01 -0.39197053E-01
  0.11177333E-01  0.53013782E-01 -0.38664000E-01
  0.10593767E-01  0.54629122E-01 -0.38081976E-01
  0.10004814E-01  0.56190691E-01 -0.37450050E-01
  0.94128995E-02  0.57697229E-01 -0.36767334E-01
  0.88203671E-02  0.59147618E-01 -0.36033008E-01
  0.82294727E-02  0.60540882E-01 -0.35246350E-01
  0.76423869E-02  0.61876173E-01 -0.34406757E-01
  0.70611987E-02  0.63152777E-01 -0.33513764E-01
  0.64879229E-02  0.64370109E-01 -0.32567052E-01
  0.59245079E-02  0.65527717E-01 -0.31566465E-01
  0.53728429E-02  0.66625288E-01 -0.30512011E-01
  0.48347630E-02  0.67662650E-01 -0.29403875E-01
  0.43120518E-02  0.68639779E-01 -0.28242418E-01
  0.38064400E-02  0.69556803E-01 -0.27028190E-01
  0.33195997E-02  0.70413997E-01 -0.25761934E-01
  0.28531364E-02  0.71211787E-01 -0.24444603E-01
  0.24085767E-02  0.71950736E-01 -0.23077369E-01
  0.19873544E-02  0.72631538E-01 -0.21661640E-01
  0.15907969E-02  0.73254997E-01 -0.20199081E-01
  0.12201099E-02  0.73822011E-01 -0.18691622E-01
  0.87636626E-03  0.74333542E-01 -0.17141484E-01
  0.56049532E-03  0.74790596E-01 -0.15551184E-01
  0.27327737E-03  0.75194191E-01 -0.13923548E-01
  0.15340961E-04  0.75545326E-01 -0.12261709E-01
 -0.21283542E-03  0.75844959E-01 -0.10569110E-01
 -0.41091831E-03  0.76093972E-01 -0.88494850E-02
 -0.57871130E-03  0.76293151E-01 -0.71068411E-02
 -0.71614502E-03  0.76443165E-01 -0.53454312E-02
 -0.82326630E-03  0.76544545E-01 -0.35697161E-02
 -0.90022734E-03  0.76597673E-01 -0.17843221E-02
 -0.94727614E-03  0.76602773E-01  0.60077691E-05
  0.65874458E-03 -0.39614495E-01 -0.43599545E-06
  0.79171719E-03 -0.39788921E-01 -0.11421494E-02
  0.92721298E-03 -0.39910347E-01 -0.22826539E-02
  0.10659905E-02 -0.39978216E-01 -0.34210448E-02
  0.12089398E-02 -0.39992000E-01 -0.45565117E-02
  0.13570664E-02 -0.39951194E-01 -0.56883552E-02
  0.15114754E-02 -0.39855311E-01 -0.68159945E-02
  0.16733545E-02 -0.39703872E-01 -0.79389633E-02
  0.18439570E-02 -0.39496404E-01 -0.90568957E-02
  0.20245838E-02 -0.39232426E-01 -0.10169503E-01
  0.22165637E-02 -0.38911438E-01 -0.11276544E-01
  0.24212332E-02 -0.38532918E-01 -0.12377788E-01
  0.26399128E-02 -0.38096304E-01 -0.13472986E-01
  0.28738812E-02 -0.37600988E-01 -0.14561832E-01
  0.31243462E-02 -0.37046309E-01 -0.15643937E-01
  0.33924131E-02 -0.36431549E-01 -0.16718814E-01
  0.36790487E-02 -0.35755931E-01 -0.17785859E-01
  0.39850443E-02 -0.35018626E-01 -0.18844358E-01
  0.43109754E-02 -0.34218764E-01 -0.19893484E-01
  0.46571612E-02 -0.33355450E-01 -0.20932320E-01
  0.50236250E-02 -0.32427792E-01 -0.21959870E-01
  0.54100568E-02 -0.31434930E-01 -0.22975084E-01
  0.58157793E-02 -0.30376075E-01 -0.23976884E-01
  0.62397218E-02 -0.29250552E-01 -0.24964178E-01
  0.66804007E-02 -0.28057846E-01 -0.25935881E-01
  0.71359122E-02 -0.26797651E-01 -0.26890928E-01
  0.76039351E-02 -0.25469917E-01 -0.27828279E-01
  0.80817483E-02 -0.24074892E-01 -0.28746924E-01
  0.85662603E-02 -0.22613164E-01 -0.29645874E-01
  0.90540541E-02 -0.21085690E-01 -0.30524159E-01
  0.95414428E-02 -0.19493813E-01 -0.31380808E-01
  0.10024537E-01 -0.17839278E-01 -0.32214844E-01
  0.10499322E-01 -0.16124226E-01 -0.33025262E-01
  0.10961735E-01 -0.14351179E-01 -0.33811017E-01
  0.11407749E-01 -0.12523018E-01 -0.34571012E-01
  0.11833456E-01 -0.10642944E-01 -0.35304088E-01
  0.12235136E-01 -0.87144401E-02 -0.36009020E-01
  0.12609325E-01 -0.67412187E-02 -0.36684517E-01
  0.12952869E-01 -0.47271742E-02 -0.37329224E-01
  0.13262966E-01 -0.26763316E-02 -0.37941742E-01
  0.13537186E-01 -0.59279910E-03 -0.38520636E-01
  0.13773489E-01  0.15192739E-02 -0.39064467E-01
  0.13970219E-01  0.36557324E-02 -0.39571810E-01
  0.14126097E-01  0.58124430E-02 -0.40041290E-01
  0.14240191E-01  0.79853128E-02 -0.40471608E-01
  0.14311899E-01  0.10170301E-01 -0.40861572E-01
  0.14340909E-01  0.12363421E-01 -0.41210120E-01
  0.14327179E-01  0.14560743E-01 -0.41516345E-01
  0.14270899E-01  0.16758382E-01 -0.41779501E-01
  0.14172477E-01  0.18952497E-01 -0.41999016E-01
  0.14032514E-01  0.21139282E-01 -0.42174480E-01
  0.13851794E-01  0.23314963E-01 -0.42305636E-01
  0.13631277E-01  0.25475796E-01 -0.42392361E-01
  0.13372096E-01  0.27618075E-01 -0.42434629E-01
  0.13075553E-01  0.29738142E-01 -0.42432486E-01
  0.12743124E-01  0.31832402E-01 -0.42386004E-01
  0.12376458E-01  0.33897345E-01 -0.42295252E-01
  0.11977372E-01  0.35929570E-01 -0.42160253E-01
  0.11547844E-01  0.37925810E-01 -0.41980956E-01
  0.11090005E-01  0.39882963E-01 -0.41757211E-01
  0.10606124E-01  0.41798111E-01 -0.41488748E-01
  0.10098580E-01  0.43668545E-01 -0.41175173E-01
  0.95698485E-02  0.45491782E-01 -0.40815967E-01
  0.90224640E-02  0.47265575E-01 -0.40410495E-01
  0.84589990E-02  0.48987921E-01 -0.39958024E-01
  0.78820332E-02  0.50657057E-01 -0.39457746E-01
  0.72941289E-02  0.52271454E-01 -0.38908810E-01
  0.66978089E-02  0.53829807E-01 -0.38310348E-01
  0.60955390E-02  0.55331022E-01 -0.37661512E-01
  0.54897159E-02  0.56774193E-01 -0.36961505E-01
  0.48826602E-02  0.58158595E-01 -0.36209610E-01
  0.42766146E-02  0.59483657E-01 -0.35405212E-01
  0.36737460E-02  0.60748958E-01 -0.34547828E-01
  0.30761506E-02  0.61954209E-01 -0.33637115E-01
  0.24858609E-02  0.63099249E-01 -0.32672890E-01
  0.19048523E-02  0.64184039E-01 -0.31655135E-01
  0.13350491E-02  0.65208661E-01 -0.30584005E-01
  0.77832762E-03  0.66173321E-01 -0.29459833E-01
  0.23651617E-03  0.67078348E-01 -0.28283136E-01
 -0.28860836E-03  0.67924197E-01 -0.27054615E-01
 -0.79532801E-03  0.68711453E-01 -0.25775164E-01
 -0.12819944E-02  0.69440822E-01 -0.24445879E-01
 -0.17470419E-02  0.70113133E-01 -0.23068063E-01
 -0.21890023E-02  0.70729327E-01 -0.21643241E-01
 -0.26065194E-02  0.71290441E-01 -0.20173169E-01
 -0.29983634E-02  0.71797594E-01 -0.18659851E-01
 -0.33634418E-02  0.72251964E-01 -0.17105544E-01
 -0.37008085E-02  0.72654762E-01 -0.15512774E-01
 -0.40096679E-02  0.73007207E-01 -0.13884337E-01
 -0.42893756E-02  0.73310495E-01 -0.12223304E-01
 -0.45394347E-02  0.73565772E-01 -0.10533014E-01
 -0.47594889E-02  0.73774108E-01 -0.88170657E-02
 -0.49493122E-02  0.73936464E-01 -0.70792954E-02
 -0.51087973E-02  0.74053676E-01 -0.53237557E-02
 -0.52379433E-02  0.74126432E-01 -0.35546820E-02
 -0.53368438E-02  0.74155257E-01 -0.17764556E-02
 -0.54056770E-02  0.74140501E-01  0.64387453E-05
 -0.40394231E-02 -0.43388251E-01 -0.96145146E-06
 -0.39058582E-02 -0.43558052E-01 -0.11809189E-02
 -0.37705748E-02 -0.43670293E-01 -0.23596439E-02
 -0.36326265E-02 -0.43724345E-01 -0.35361703E-02
 -0.34909273E-02 -0.43719603E-01 -0.47096107E-02
 -0.33442711E-02 -0.43655486E-01 -0.58791689E-02
 -0.31913478E-02 -0.43531446E-01 -0.70441451E-02
 -0.30307569E-02 -0.43346970E-01 -0.82039320E-02
 -0.28610205E-02 -0.43101578E-01 -0.93580019E-02
 -0.26805951E-02 -0.42794826E-01 -0.10505887E-01
 -0.24878865E-02 -0.42426297E-01 -0.11647155E-01
 -0.22812679E-02 -0.41995590E-01 -0.12781381E-01
 -0.20591037E-02 -0.41502305E-01 -0.13908121E-01
 -0.18197803E-02 -0.40946032E-01 -0.15026889E-01
 -0.15617433E-02 -0.40326330E-01 -0.16137134E-01
 -0.12835433E-02 -0.39642711E-01 -0.17238232E-01
 -0.98388732E-03 -0.38894634E-01 -0.18329476E-01
 -0.66169520E-03 -0.38081492E-01 -0.19410084E-01
 -0.31615889E-03 -0.37202623E-01 -0.20479200E-01
  0.53198759E-04 -0.36257315E-01 -0.21535913E-01
  0.44646851E-03 -0.35244831E-01 -0.22579273E-01
  0.86330588E-03 -0.34164447E-01 -0.23608304E-01
  0.13028921E-02 -0.33015491E-01 -0.24622023E-01
  0.17639078E-02 -0.31797400E-01 -0.25619455E-01
  0.22445213E-02 -0.30509776E-01 -0.26599637E-01
  0.27423934E-02 -0.29152451E-01 -0.27561627E-01
  0.32546994E-02 -0.27725547E-01 -0.28504503E-01
  0.37781675E-02 -0.26229534E-01 -0.29427357E-01
  0.43091334E-02 -0.24665277E-01 -0.30329287E-01
  0.48436079E-02 -0.23034075E-01 -0.31209388E-01
  0.53773566E-02 -0.21337687E-01 -0.32066738E-01
  0.59059860E-02 -0.19578333E-01 -0.32900386E-01
  0.64250344E-02 -0.17758692E-01 -0.33709342E-01
  0.69300631E-02 -0.15881874E-01 -0.34492568E-01
  0.74167433E-02 -0.13951381E-01 -0.35248970E-01
  0.78809367E-02 -0.11971054E-01 -0.35977395E-01
  0.83187654E-02 -0.99450150E-02 -0.36676636E-01
  0.87266699E-02 -0.78776005E-02 -0.37345429E-01
  0.91014530E-02 -0.57732912E-02 -0.37982473E-01
  0.94403095E-02 -0.36366489E-02 -0.38586431E-01
  0.97408408E-02 -0.14722555E-02 -0.39155957E-01
  0.10001058E-01  0.71533807E-03 -0.39689710E-01
  0.10219370E-01  0.29216527E-02 -0.40186378E-01
  0.10394568E-01  0.51423106E-02 -0.40644699E-01
  0.10525800E-01  0.73730519E-02 -0.41063488E-01
  0.10612537E-01  0.96097414E-02 -0.41441654E-01
  0.10654550E-01  0.11848364E-01 -0.41778222E-01
  0.10651875E-01  0.14085016E-01 -0.42072342E-01
  0.10604790E-01  0.16315883E-01 -0.42323306E-01
  0.10513793E-01  0.18537230E-01 -0.42530544E-01
  0.10379584E-01  0.20745379E-01 -0.42693623E-01
  0.10203054E-01  0.22936694E-01 -0.42812236E-01
  0.99852751E-02  0.25107579E-01 -0.42886182E-01
  0.97274991E-02  0.27254469E-01 -0.42915348E-01
  0.94311521E-02  0.29373842E-01 -0.42899680E-01
  0.90978328E-02  0.31462231E-01 -0.42839154E-01
  0.87293084E-02  0.33516244E-01 -0.42733744E-01
  0.83275082E-02  0.35532591E-01 -0.42583398E-01
  0.78945137E-02  0.37508116E-01 -0.42388009E-01
  0.74325445E-02  0.39439826E-01 -0.42147395E-01
  0.69439401E-02  0.41324920E-01 -0.41861286E-01
  0.64311380E-02  0.43160823E-01 -0.41529313E-01
  0.58966492E-02  0.44945202E-01 -0.41151011E-01
  0.53430322E-02  0.46675984E-01 -0.40725822E-01
  0.47728662E-02  0.48351369E-01 -0.40253110E-01
  0.41887261E-02  0.49969826E-01 -0.39732183E-01
  0.35931603E-02  0.51530090E-01 -0.39162309E-01
  0.29886719E-02  0.53031149E-01 -0.38542751E-01
  0.23777044E-02  0.54472231E-01 -0.37872789E-01
  0.17626333E-02  0.55852778E-01 -0.37151751E-01
  0.11457610E-02  0.57172426E-01 -0.36379040E-01
  0.52931770E-03  0.58430987E-01 -0.35554158E-01
 -0.84535369E-04  0.59628423E-01 -0.34676728E-01
 -0.69370013E-03  0.60764835E-01 -0.33746513E-01
 -0.12961349E-02  0.61840443E-01 -0.32763428E-01
 -0.18898481E-02  0.62855581E-01 -0.31727555E-01
 -0.24728939E-02  0.63810691E-01 -0.30639151E-01
 -0.30433706E-02  0.64706317E-01 -0.29498651E-01
 -0.35994222E-02  0.65543107E-01 -0.28306676E-01
 -0.41392440E-02  0.66321815E-01 -0.27064039E-01
 -0.46610918E-02  0.67043297E-01 -0.25771743E-01
 -0.51632938E-02  0.67708514E-01 -0.24430994E-01
 -0.56442650E-02  0.68318528E-01 -0.23043200E-01
 -0.61025221E-02  0.68874491E-01 -0.21609981E-01
 -0.65366991E-02  0.69377640E-01 -0.20133177E-01
 -0.69455600E-02  0.69829276E-01 -0.18614851E-01
 -0.73280097E-02  0.70230748E-01 -0.17057300E-01
 -0.76831014E-02  0.70583431E-01 -0.15463057E-01
 -0.80100390E-02  0.70888698E-01 -0.13834892E-01
 -0.83081760E-02  0.71147894E-01 -0.12175816E-01
 -0.85770097E-02  0.71362308E-01 -0.10489068E-01
 -0.88161719E-02  0.71533147E-01 -0.87781084E-02
 -0.90254170E-02  0.71661506E-01 -0.70466024E-02
 -0.92046089E-02  0.71748350E-01 -0.52983964E-02
 -0.93537065E-02  0.71794489E-01 -0.35374919E-02
 -0.94727519E-02  0.71800563E-01 -0.17680133E-02
 -0.95618593E-02  0.71767031E-01  0.58279403E-05
 -0.92576323E-02 -0.47852958E-01 -0.14196558E-05
 -0.91230590E-02 -0.48017760E-01 -0.12240520E-02
 -0.89864266E-02 -0.48118721E-01 -0.24454964E-02
 -0.88466022E-02 -0.48155164E-01 -0.36647587E-02
 -0.87023088E-02 -0.48126435E-01 -0.48808972E-02
 -0.85521468E-02 -0.48031917E-01 -0.60930309E-02
 -0.83946103E-02 -0.47871044E-01 -0.73003417E-02
 -0.82280977E-02 -0.47643311E-01 -0.85020712E-02
 -0.80509199E-02 -0.47348284E-01 -0.96975110E-02
 -0.78613077E-02 -0.46985599E-01 -0.10885989E-01
 -0.76574233E-02 -0.46554964E-01 -0.12066855E-01
 -0.74373771E-02 -0.46056146E-01 -0.13239459E-01
 -0.71992530E-02 -0.45488953E-01 -0.14403139E-01
 -0.69411454E-02 -0.44853216E-01 -0.15557206E-01
 -0.66612060E-02 -0.44148764E-01 -0.16700932E-01
 -0.63577032E-02 -0.43375403E-01 -0.17833550E-01
 -0.60290896E-02 -0.42532892E-01 -0.18954249E-01
 -0.56740766E-02 -0.41620933E-01 -0.20062180E-01
 -0.52917118E-02 -0.40639169E-01 -0.21156465E-01
 -0.48814539E-02 -0.39587187E-01 -0.22236208E-01
 -0.44432425E-02 -0.38464547E-01 -0.23300502E-01
 -0.39775550E-02 -0.37270815E-01 -0.24348440E-01
 -0.34854496E-02 -0.36005611E-01 -0.25379122E-01
 -0.29685885E-02 -0.34668669E-01 -0.26391661E-01
 -0.24292406E-02 -0.33259909E-01 -0.27385178E-01
 -0.18702623E-02 -0.31779501E-01 -0.28358804E-01
 -0.12950559E-02 -0.30227939E-01 -0.29311669E-01
 -0.70750934E-03 -0.28606103E-01 -0.30242901E-01
 -0.11191730E-03 -0.26915313E-01 -0.31151607E-01
  0.48710997E-03 -0.25157368E-01 -0.32036873E-01
  0.10847476E-02 -0.23334567E-01 -0.32897751E-01
  0.16760609E-02 -0.21449713E-01 -0.33733254E-01
  0.22561107E-02 -0.19506094E-01 -0.34542352E-01
  0.28200527E-02 -0.17507449E-01 -0.35323973E-01
  0.33632294E-02 -0.15457917E-01 -0.36077004E-01
  0.38812498E-02 -0.13361971E-01 -0.36800294E-01
  0.43700549E-02 -0.11224342E-01 -0.37492663E-01
  0.48259684E-02 -0.90499451E-02 -0.38152909E-01
  0.52457307E-02 -0.68437943E-02 -0.38779822E-01
  0.56265189E-02 -0.46109302E-02 -0.39372192E-01
  0.59659516E-02 -0.23563518E-02 -0.39928821E-01
  0.62620821E-02 -0.84959466E-04 -0.40448543E-01
  0.65133815E-02  0.21984886E-02 -0.40930227E-01
  0.67187148E-02  0.44894057E-02 -0.41372800E-01
  0.68773122E-02  0.67833925E-02 -0.41775254E-01
  0.69887382E-02  0.90762388E-02 -0.42136659E-01
  0.70528612E-02  0.11363915E-01 -0.42456172E-01
  0.70698248E-02  0.13642556E-01 -0.42733043E-01
  0.70400228E-02  0.15908435E-01 -0.42966626E-01
  0.69640782E-02  0.18157942E-01 -0.43156369E-01
  0.68428264E-02  0.20387555E-01 -0.43301823E-01
  0.66773028E-02  0.22593823E-01 -0.43402627E-01
  0.64687334E-02  0.24773352E-01 -0.43458502E-01
  0.62185276E-02  0.26922794E-01 -0.43469235E-01
  0.59282724E-02  0.29038851E-01 -0.43434665E-01
  0.55997258E-02  0.31118287E-01 -0.43354665E-01
  0.52348087E-02  0.33157944E-01 -0.43229117E-01
  0.48355943E-02  0.35154769E-01 -0.43057901E-01
  0.44042944E-02  0.37105842E-01 -0.42840869E-01
  0.39432426E-02  0.39008409E-01 -0.42577836E-01
  0.34548732E-02  0.40859912E-01 -0.42268562E-01
  0.29416989E-02  0.42658020E-01 -0.41912747E-01
  0.24062856E-02  0.44400651E-01 -0.41510026E-01
  0.18512276E-02  0.46085993E-01 -0.41059973E-01
  0.12791227E-02  0.47712511E-01 -0.40562104E-01
  0.69254969E-03  0.49278954E-01 -0.40015890E-01
  0.94049672E-04  0.50784345E-01 -0.39420773E-01
 -0.51388973E-03  0.52227973E-01 -0.38776185E-01
 -0.11288447E-02  0.53609377E-01 -0.38081570E-01
 -0.17484610E-02  0.54928317E-01 -0.37336405E-01
 -0.23704555E-02  0.56184761E-01 -0.36540225E-01
 -0.29926137E-02  0.57378852E-01 -0.35692649E-01
 -0.36127847E-02  0.58510888E-01 -0.34793399E-01
 -0.42288742E-02  0.59581305E-01 -0.33842320E-01
 -0.48388381E-02  0.60590654E-01 -0.32839401E-01
 -0.54406764E-02  0.61539592E-01 -0.31784787E-01
 -0.60324301E-02  0.62428874E-01 -0.30678796E-01
 -0.66121807E-02  0.63259342E-01 -0.29521924E-01
 -0.71780535E-02  0.64031929E-01 -0.28314855E-01
 -0.77282254E-02  0.64747651E-01 -0.27058468E-01
 -0.82609349E-02  0.65407612E-01 -0.25753842E-01
 -0.87744963E-02  0.66012999E-01 -0.24402257E-01
 -0.92673142E-02  0.66565079E-01 -0.23005201E-01
 -0.97379003E-02  0.67065194E-01 -0.21564366E-01
 -0.10184888E-01  0.67514748E-01 -0.20081658E-01
 -0.10607045E-01  0.67915196E-01 -0.18559192E-01
 -0.11003283E-01  0.68268026E-01 -0.16999296E-01
 -0.11372666E-01  0.68574737E-01 -0.15404508E-01
 -0.11714408E-01  0.68836816E-01 -0.13777574E-01
 -0.12027870E-01  0.69055717E-01 -0.12121443E-01
 -0.12312556E-01  0.69232827E-01 -0.10439258E-01
 -0.12568097E-01  0.69369447E-01 -0.87343458E-02
 -0.12794238E-01  0.69466765E-01 -0.70101989E-02
 -0.12990826E-01  0.69525834E-01 -0.52704578E-02
 -0.13157791E-01  0.69547551E-01 -0.35188877E-02
 -0.13295133E-01  0.69532643E-01 -0.17593516E-02
 -0.13402913E-01  0.69481655E-01  0.42180771E-05
 -0.15083722E-01 -0.53107731E-01 -0.17638316E-05
 -0.14947324E-01 -0.53267110E-01 -0.12730475E-02
 -0.14806952E-01 -0.53354126E-01 -0.25432220E-02
 -0.14661303E-01 -0.53368085E-01 -0.38112774E-02
 -0.14508928E-01 -0.53308335E-01 -0.50762243E-02
 -0.14348256E-01 -0.53174281E-01 -0.63370964E-02
 -0.14177608E-01 -0.52965405E-01 -0.75929508E-02
 -0.13995205E-01 -0.52681283E-01 -0.88428657E-02
 -0.13799177E-01 -0.52321597E-01 -0.10085936E-01
 -0.13587566E-01 -0.51886143E-01 -0.11321266E-01
 -0.13358333E-01 -0.51374825E-01 -0.12547965E-01
 -0.13109385E-01 -0.50787650E-01 -0.13765142E-01
 -0.12838594E-01 -0.50124711E-01 -0.14971899E-01
 -0.12543850E-01 -0.49386157E-01 -0.16167327E-01
 -0.12223111E-01 -0.48572172E-01 -0.17350513E-01
 -0.11874482E-01 -0.47682948E-01 -0.18520533E-01
 -0.11496290E-01 -0.46718656E-01 -0.19676465E-01
 -0.11087178E-01 -0.45679434E-01 -0.20817388E-01
 -0.10646198E-01 -0.44565378E-01 -0.21942391E-01
 -0.10172892E-01 -0.43376549E-01 -0.23050576E-01
 -0.96673762E-02 -0.42112997E-01 -0.24141062E-01
 -0.91304016E-02 -0.40774795E-01 -0.25212984E-01
 -0.85633937E-02 -0.39362090E-01 -0.26265492E-01
 -0.79684720E-02 -0.37875164E-01 -0.27297743E-01
 -0.73484411E-02 -0.36314505E-01 -0.28308894E-01
 -0.67067553E-02 -0.34680877E-01 -0.29298093E-01
 -0.60474593E-02 -0.32975388E-01 -0.30264469E-01
 -0.53751055E-02 -0.31199555E-01 -0.31207123E-01
 -0.46946543E-02 -0.29355352E-01 -0.32125122E-01
 -0.40113618E-02 -0.27445245E-01 -0.33017490E-01
 -0.33306599E-02 -0.25472207E-01 -0.33883212E-01
 -0.26580363E-02 -0.23439713E-01 -0.34721236E-01
 -0.19989182E-02 -0.21351712E-01 -0.35530475E-01
 -0.13585649E-02 -0.19212588E-01 -0.36309819E-01
 -0.74197405E-03 -0.17027092E-01 -0.37058143E-01
 -0.15380271E-03 -0.14800277E-01 -0.37774323E-01
  0.40169374E-03 -0.12537412E-01 -0.38457240E-01
  0.92070535E-03 -0.10243896E-01 -0.39105801E-01
  0.13998940E-02 -0.79251767E-02 -0.39718938E-01
  0.18364042E-02 -0.55866720E-02 -0.40295625E-01
  0.22278596E-02 -0.32336988E-02 -0.40834880E-01
  0.25723495E-02 -0.87141708E-03 -0.41335768E-01
  0.28684052E-02  0.14952133E-02 -0.41797407E-01
  0.31149720E-02  0.38614612E-02 -0.42218966E-01
  0.33113773E-02  0.62228379E-02 -0.42599668E-01
  0.34572982E-02  0.85750971E-02 -0.42938791E-01
  0.35527304E-02  0.10914224E-01 -0.43235663E-01
  0.35979587E-02  0.13236415E-01 -0.43489669E-01
  0.35935324E-02  0.15538054E-01 -0.43700246E-01
  0.35402432E-02  0.17815679E-01 -0.43866884E-01
  0.34391078E-02  0.20065962E-01 -0.43989128E-01
  0.32913532E-02  0.22285680E-01 -0.44066572E-01
  0.30984046E-02  0.24471696E-01 -0.44098864E-01
  0.28618749E-02  0.26620954E-01 -0.44085698E-01
  0.25835543E-02  0.28730468E-01 -0.44026809E-01
  0.22653993E-02  0.30797337E-01 -0.43921972E-01
  0.19095201E-02  0.32818751E-01 -0.43770986E-01
  0.15181652E-02  0.34792015E-01 -0.43573673E-01
  0.10937044E-02  0.36714575E-01 -0.43329861E-01
  0.63860831E-03  0.38584040E-01 -0.43039379E-01
  0.15542585E-03  0.40398217E-01 -0.42702043E-01
 -0.35323962E-03  0.42155131E-01 -0.42317647E-01
 -0.88475480E-03  0.43853050E-01 -0.41885960E-01
 -0.14364805E-02  0.45490500E-01 -0.41406716E-01
 -0.20057938E-02  0.47066275E-01 -0.40879614E-01
 -0.25901079E-02  0.48579442E-01 -0.40304322E-01
 -0.31868873E-02  0.50029333E-01 -0.39680482E-01
 -0.37936597E-02  0.51415539E-01 -0.39007720E-01
 -0.44080229E-02  0.52737888E-01 -0.38285660E-01
 -0.50276465E-02  0.53996431E-01 -0.37513942E-01
 -0.56502709E-02  0.55191417E-01 -0.36692239E-01
 -0.62737018E-02  0.56323271E-01 -0.35820284E-01
 -0.68958035E-02  0.57392568E-01 -0.34897886E-01
 -0.75144911E-02  0.58400020E-01 -0.33924961E-01
 -0.81277232E-02  0.59346452E-01 -0.32901545E-01
 -0.87334965E-02  0.60232788E-01 -0.31827822E-01
 -0.93298433E-02  0.61060047E-01 -0.30704137E-01
 -0.99148325E-02  0.61829326E-01 -0.29531014E-01
 -0.10486575E-01  0.62541803E-01 -0.28309166E-01
 -0.11043231E-01  0.63198729E-01 -0.27039506E-01
 -0.11583025E-01  0.63801426E-01 -0.25723152E-01
 -0.12104260E-01  0.64351282E-01 -0.24361432E-01
 -0.12605333E-01  0.64849749E-01 -0.22955883E-01
 -0.13084753E-01  0.65298334E-01 -0.21508251E-01
 -0.13541154E-01  0.65698589E-01 -0.20020487E-01
 -0.13973313E-01  0.66052096E-01 -0.18494745E-01
 -0.14380154E-01  0.66360453E-01 -0.16933373E-01
 -0.14760753E-01  0.66625255E-01 -0.15338909E-01
 -0.15114342E-01  0.66848070E-01 -0.13714071E-01
 -0.15440299E-01  0.67030421E-01 -0.12061747E-01
 -0.15738140E-01  0.67173758E-01 -0.10384984E-01
 -0.16007506E-01  0.67279436E-01 -0.86869764E-02
 -0.16248145E-01  0.67348696E-01 -0.69710476E-02
 -0.16459896E-01  0.67382644E-01 -0.52406349E-02
 -0.16642673E-01  0.67382230E-01 -0.34992690E-02
 -0.16796448E-01  0.67348238E-01 -0.17505537E-02
 -0.16921241E-01  0.67281275E-01  0.18576252E-05
 -0.21622424E-01 -0.59264185E-01 -0.19602641E-05
 -0.21482944E-01 -0.59417458E-01 -0.13298636E-02
 -0.21335532E-01 -0.59486985E-01 -0.26567297E-02
 -0.21178746E-01 -0.59472099E-01 -0.39815185E-02
 -0.21010996E-01 -0.59372211E-01 -0.53031768E-02
 -0.20830568E-01 -0.59186830E-01 -0.66206364E-02
 -0.20635646E-01 -0.58915582E-01 -0.79328119E-02
 -0.20424312E-01 -0.58558226E-01 -0.92386009E-02
 -0.20194557E-01 -0.58114672E-01 -0.10536885E-01
 -0.19944288E-01 -0.57584986E-01 -0.11826530E-01
 -0.19671339E-01 -0.56969389E-01 -0.13106394E-01
 -0.19373495E-01 -0.56268248E-01 -0.14375329E-01
 -0.19048530E-01 -0.55482058E-01 -0.15632189E-01
 -0.18694258E-01 -0.54611422E-01 -0.16875840E-01
 -0.18308599E-01 -0.53657018E-01 -0.18105164E-01
 -0.17889666E-01 -0.52619576E-01 -0.19319074E-01
 -0.17435854E-01 -0.51499851E-01 -0.20516515E-01
 -0.16945942E-01 -0.50298607E-01 -0.21696472E-01
 -0.16419192E-01 -0.49016609E-01 -0.22857973E-01
 -0.15855440E-01 -0.47654631E-01 -0.24000087E-01
 -0.15255179E-01 -0.46213470E-01 -0.25121916E-01
 -0.14619618E-01 -0.44693988E-01 -0.26222595E-01
 -0.13950717E-01 -0.43097152E-01 -0.27301270E-01
 -0.13251195E-01 -0.41424093E-01 -0.28357096E-01
 -0.12524510E-01 -0.39676167E-01 -0.29389213E-01
 -0.11774806E-01 -0.37855021E-01 -0.30396740E-01
 -0.11006835E-01 -0.35962650E-01 -0.31378763E-01
 -0.10225860E-01 -0.34001450E-01 -0.32334322E-01
 -0.94375318E-02 -0.31974257E-01 -0.33262417E-01
 -0.86477625E-02 -0.29884370E-01 -0.34162002E-01
 -0.78625926E-02 -0.27735555E-01 -0.35031994E-01
 -0.70880582E-02 -0.25532030E-01 -0.35871287E-01
 -0.63300672E-02 -0.23278432E-01 -0.36678762E-01
 -0.55942881E-02 -0.20979768E-01 -0.37453305E-01
 -0.48860548E-02 -0.18641347E-01 -0.38193826E-01
 -0.42102896E-02 -0.16268710E-01 -0.38899273E-01
 -0.35714461E-02 -0.13867544E-01 -0.39568649E-01
 -0.29734717E-02 -0.11443603E-01 -0.40201021E-01
 -0.24197869E-02 -0.90026271E-02 -0.40795526E-01
 -0.19132824E-02 -0.65502662E-02 -0.41351376E-01
 -0.14563277E-02 -0.40920188E-02 -0.41867855E-01
 -0.10507914E-02 -0.16331781E-02 -0.42344312E-01
 -0.69806916E-03  0.82120738E-03 -0.42780156E-01
 -0.39911514E-03  0.32663583E-02 -0.43174841E-01
 -0.15447704E-03  0.56977768E-02 -0.43527856E-01
  0.35669676E-04  0.81112455E-02 -0.43838716E-01
  0.17148874E-03  0.10502817E-01 -0.44106953E-01
  0.25345282E-03  0.12868795E-01 -0.44332107E-01
  0.28231649E-03  0.15205710E-01 -0.44513723E-01
  0.25909264E-03  0.17510293E-01 -0.44651352E-01
  0.18503198E-03  0.19779447E-01 -0.44744553E-01
  0.61605197E-04  0.22010229E-01 -0.44792897E-01
 -0.10951316E-03  0.24199823E-01 -0.44795974E-01
 -0.32645993E-03  0.26345534E-01 -0.44753400E-01
 -0.58719861E-03  0.28444774E-01 -0.44664826E-01
 -0.88953543E-03  0.30495072E-01 -0.44529942E-01
 -0.12311370E-02  0.32494071E-01 -0.44348481E-01
 -0.16095496E-02  0.34439547E-01 -0.44120222E-01
 -0.20222207E-02  0.36329425E-01 -0.43844982E-01
 -0.24665217E-02  0.38161794E-01 -0.43522619E-01
 -0.29397724E-02  0.39934931E-01 -0.43153015E-01
 -0.34392651E-02  0.41647318E-01 -0.42736073E-01
 -0.39622891E-02  0.43297657E-01 -0.42271704E-01
 -0.45061526E-02  0.44884883E-01 -0.41759813E-01
 -0.50682026E-02  0.46408172E-01 -0.41200293E-01
 -0.56458412E-02  0.47866941E-01 -0.40593016E-01
 -0.62365373E-02  0.49260844E-01 -0.39937829E-01
 -0.68378344E-02  0.50589766E-01 -0.39234557E-01
 -0.74473532E-02  0.51853808E-01 -0.38483009E-01
 -0.80627900E-02  0.53053274E-01 -0.37682985E-01
 -0.86819120E-02  0.54188649E-01 -0.36834296E-01
 -0.93025490E-02  0.55260584E-01 -0.35936780E-01
 -0.99225848E-02  0.56269876E-01 -0.34990331E-01
 -0.10539948E-01  0.57217451E-01 -0.33994916E-01
 -0.11152604E-01  0.58104348E-01 -0.32950608E-01
 -0.11758550E-01  0.58931708E-01 -0.31857610E-01
 -0.12355812E-01  0.59700758E-01 -0.30716273E-01
 -0.12942449E-01  0.60412811E-01 -0.29527126E-01
 -0.13516559E-01  0.61069250E-01 -0.28290886E-01
 -0.14076287E-01  0.61671526E-01 -0.27008474E-01
 -0.14619845E-01  0.62221152E-01 -0.25681023E-01
 -0.15145521E-01  0.62719695E-01 -0.24309883E-01
 -0.15651706E-01  0.63168771E-01 -0.22896616E-01
 -0.16136903E-01  0.63570031E-01 -0.21443000E-01
 -0.16599750E-01  0.63925152E-01 -0.19951014E-01
 -0.17039027E-01  0.64235823E-01 -0.18422833E-01
 -0.17453672E-01  0.64503731E-01 -0.16860814E-01
 -0.17842777E-01  0.64730537E-01 -0.15267484E-01
 -0.18205592E-01  0.64917864E-01 -0.13645526E-01
 -0.18541513E-01  0.65067273E-01 -0.11997765E-01
 -0.18850077E-01  0.65180244E-01 -0.10327151E-01
 -0.19130937E-01  0.65258154E-01 -0.86367464E-02
 -0.19383853E-01  0.65302265E-01 -0.69297087E-02
 -0.19608668E-01  0.65313701E-01 -0.52092757E-02
 -0.19805289E-01  0.65293436E-01 -0.34787492E-02
 -0.19973674E-01  0.65242285E-01 -0.17414786E-02
 -0.20113819E-01  0.65160890E-01 -0.84444049E-06
 -0.28998547E-01 -0.66447981E-01 -0.19928163E-05
 -0.28854236E-01 -0.66593943E-01 -0.13969190E-02
 -0.28695469E-01 -0.66641161E-01 -0.27908281E-02
 -0.28520698E-01 -0.66589049E-01 -0.41826038E-02
 -0.28328232E-01 -0.66437168E-01 -0.55710867E-02
 -0.28116261E-01 -0.66185236E-01 -0.69550682E-02
 -0.27882870E-01 -0.65833151E-01 -0.83332882E-02
 -0.27626055E-01 -0.65381003E-01 -0.97044371E-02
 -0.27343731E-01 -0.64829088E-01 -0.11067162E-01
 -0.27033745E-01 -0.64177912E-01 -0.12420076E-01
 -0.26693900E-01 -0.63428190E-01 -0.13761771E-01
 -0.26321984E-01 -0.62580839E-01 -0.15090835E-01
 -0.25915821E-01 -0.61636957E-01 -0.16405865E-01
 -0.25473332E-01 -0.60597805E-01 -0.17705486E-01
 -0.24992608E-01 -0.59464780E-01 -0.18988364E-01
 -0.24472004E-01 -0.58239388E-01 -0.20253223E-01
 -0.23910241E-01 -0.56923226E-01 -0.21498849E-01
 -0.23306498E-01 -0.55517959E-01 -0.22724097E-01
 -0.22660525E-01 -0.54025320E-01 -0.23927887E-01
 -0.21972719E-01 -0.52447105E-01 -0.25109206E-01
 -0.21244210E-01 -0.50785195E-01 -0.26267089E-01
 -0.20476902E-01 -0.49041579E-01 -0.27400609E-01
 -0.19673502E-01 -0.47218391E-01 -0.28508861E-01
 -0.18837510E-01 -0.45317951E-01 -0.29590944E-01
 -0.17973186E-01 -0.43342817E-01 -0.30645943E-01
 -0.17085478E-01 -0.41295824E-01 -0.31672920E-01
 -0.16179929E-01 -0.39180133E-01 -0.32670898E-01
 -0.15262563E-01 -0.36999259E-01 -0.33638863E-01
 -0.14339753E-01 -0.34757095E-01 -0.34575759E-01
 -0.13418078E-01 -0.32457918E-01 -0.35480503E-01
 -0.12504182E-01 -0.30106381E-01 -0.36351990E-01
 -0.11604636E-01 -0.27707487E-01 -0.37189118E-01
 -0.10725809E-01 -0.25266553E-01 -0.37990802E-01
 -0.98737582E-02 -0.22789152E-01 -0.38755999E-01
 -0.90541317E-02 -0.20281056E-01 -0.39483727E-01
 -0.82720962E-02 -0.17748166E-01 -0.40173083E-01
 -0.75322834E-02 -0.15196437E-01 -0.40823261E-01
 -0.68387577E-02 -0.12631806E-01 -0.41433553E-01
 -0.61950011E-02 -0.10060127E-01 -0.42003360E-01
 -0.56039149E-02 -0.74871064E-02 -0.42532181E-01
 -0.50678342E-02 -0.49182506E-02 -0.43019606E-01
 -0.45885530E-02 -0.23588233E-02 -0.43465304E-01
 -0.41673550E-02  0.18618575E-03 -0.43868996E-01
 -0.38050500E-02  0.27120805E-02 -0.44230443E-01
 -0.35020111E-02  0.52144680E-02 -0.44549418E-01
 -0.32582121E-02  0.76892582E-02 -0.44825691E-01
 -0.30732633E-02  0.10132655E-01 -0.45059007E-01
 -0.29464444E-02  0.12541140E-01 -0.45249080E-01
 -0.28767349E-02  0.14911457E-01 -0.45395583E-01
 -0.28628412E-02  0.17240586E-01 -0.45498146E-01
 -0.29032210E-02  0.19525724E-01 -0.45556367E-01
 -0.29961058E-02  0.21764264E-01 -0.45569817E-01
 -0.31395217E-02  0.23953777E-01 -0.45538055E-01
 -0.33313102E-02  0.26092000E-01 -0.45460649E-01
 -0.35691484E-02  0.28176822E-01 -0.45337190E-01
 -0.38505702E-02  0.30206283E-01 -0.45167309E-01
 -0.41729886E-02  0.32178571E-01 -0.44950692E-01
 -0.45337192E-02  0.34092025E-01 -0.44687093E-01
 -0.49300051E-02  0.35945142E-01 -0.44376330E-01
 -0.53590416E-02  0.37736583E-01 -0.44018297E-01
 -0.58180020E-02  0.39465182E-01 -0.43612946E-01
 -0.63040621E-02  0.41129954E-01 -0.43160285E-01
 -0.68144231E-02  0.42730103E-01 -0.42660361E-01
 -0.73463322E-02  0.44265027E-01 -0.42113240E-01
 -0.78970995E-02  0.45734319E-01 -0.41518998E-01
 -0.84641106E-02  0.47137771E-01 -0.40877697E-01
 -0.90448346E-02  0.48475366E-01 -0.40189377E-01
 -0.96368278E-02  0.49747277E-01 -0.39454050E-01
 -0.10237732E-01  0.50953854E-01 -0.38671694E-01
 -0.10845270E-01  0.52095620E-01 -0.37842261E-01
 -0.11457236E-01  0.53173256E-01 -0.36965689E-01
 -0.12071485E-01  0.54187589E-01 -0.36041916E-01
 -0.12685923E-01  0.55139582E-01 -0.35070906E-01
 -0.13298495E-01  0.56030324E-01 -0.34052675E-01
 -0.13907176E-01  0.56861012E-01 -0.32987322E-01
 -0.14509967E-01  0.57632950E-01 -0.31875057E-01
 -0.15104893E-01  0.58347531E-01 -0.30716230E-01
 -0.15690006E-01  0.59006234E-01 -0.29511360E-01
 -0.16263392E-01  0.59610611E-01 -0.28261153E-01
 -0.16823185E-01  0.60162281E-01 -0.26966522E-01
 -0.17367583E-01  0.60662918E-01 -0.25628597E-01
 -0.17894865E-01  0.61114242E-01 -0.24248729E-01
 -0.18403410E-01  0.61518007E-01 -0.22828490E-01
 -0.18891718E-01  0.61875988E-01 -0.21369667E-01
 -0.19358425E-01  0.62189968E-01 -0.19874250E-01
 -0.19802317E-01  0.62461723E-01 -0.18344419E-01
 -0.20222339E-01  0.62693003E-01 -0.16782525E-01
 -0.20617597E-01  0.62885518E-01 -0.15191073E-01
 -0.20987355E-01  0.63040918E-01 -0.13572702E-01
 -0.21331030E-01  0.63160779E-01 -0.11930166E-01
 -0.21648176E-01  0.63246584E-01 -0.10266317E-01
 -0.21938463E-01  0.63299708E-01 -0.85840836E-02
 -0.22201666E-01  0.63321404E-01 -0.68864606E-02
 -0.22437636E-01  0.63312790E-01 -0.51764905E-02
 -0.22646284E-01  0.63274840E-01 -0.34572524E-02
 -0.22827565E-01  0.63208374E-01 -0.17318494E-02
 -0.22981461E-01  0.63114051E-01 -0.33980326E-05
 -0.37360327E-01 -0.74801413E-01 -0.18648980E-05
 -0.37208866E-01 -0.74938032E-01 -0.14770925E-02
 -0.37033226E-01 -0.74956360E-01 -0.29512243E-02
 -0.36831803E-01 -0.74855965E-01 -0.44229865E-02
 -0.36602850E-01 -0.74636663E-01 -0.58910400E-02
 -0.36344511E-01 -0.74298527E-01 -0.73539721E-02
 -0.36054836E-01 -0.73841904E-01 -0.88102951E-02
 -0.35731801E-01 -0.73267418E-01 -0.10258450E-01
 -0.35373330E-01 -0.72575980E-01 -0.11696817E-01
 -0.34977321E-01 -0.71768787E-01 -0.13123732E-01
 -0.34541680E-01 -0.70847319E-01 -0.14537504E-01
 -0.34064370E-01 -0.69813328E-01 -0.15936439E-01
 -0.33543467E-01 -0.68668821E-01 -0.17318861E-01
 -0.32977237E-01 -0.67416039E-01 -0.18683138E-01
 -0.32364215E-01 -0.66057435E-01 -0.20027694E-01
 -0.31703304E-01 -0.64595646E-01 -0.21351032E-01
 -0.30993867E-01 -0.63033479E-01 -0.22651739E-01
 -0.30235830E-01 -0.61373886E-01 -0.23928490E-01
 -0.29429766E-01 -0.59619960E-01 -0.25180051E-01
 -0.28576977E-01 -0.57774924E-01 -0.26405263E-01
 -0.27679545E-01 -0.55842147E-01 -0.27603039E-01
 -0.26740370E-01 -0.53825144E-01 -0.28772339E-01
 -0.25763169E-01 -0.51727603E-01 -0.29912161E-01
 -0.24752455E-01 -0.49553406E-01 -0.31021517E-01
 -0.23713477E-01 -0.47306646E-01 -0.32099422E-01
 -0.22652137E-01 -0.44991657E-01 -0.33144880E-01
 -0.21574883E-01 -0.42613024E-01 -0.34156878E-01
 -0.20488576E-01 -0.40175596E-01 -0.35134387E-01
 -0.19400356E-01 -0.37684480E-01 -0.36076361E-01
 -0.18317486E-01 -0.35145039E-01 -0.36981756E-01
 -0.17247213E-01 -0.32562861E-01 -0.37849538E-01
 -0.16196625E-01 -0.29943733E-01 -0.38678711E-01
 -0.15172522E-01 -0.27293595E-01 -0.39468329E-01
 -0.14181310E-01 -0.24618493E-01 -0.40217526E-01
 -0.13228906E-01 -0.21924528E-01 -0.40925529E-01
 -0.12320670E-01 -0.19217793E-01 -0.41591679E-01
 -0.11461360E-01 -0.16504325E-01 -0.42215439E-01
 -0.10655100E-01 -0.13790043E-01 -0.42796400E-01
 -0.99053715E-02 -0.11080705E-01 -0.43334275E-01
 -0.92150240E-02 -0.83818635E-02 -0.43828894E-01
 -0.85862902E-02 -0.56988273E-02 -0.44280181E-01
 -0.80208176E-02 -0.30366360E-02 -0.44688134E-01
 -0.75197042E-02 -0.40003884E-03 -0.45052801E-01
 -0.70835382E-02  0.22065181E-02 -0.45374248E-01
 -0.67124403E-02  0.47788970E-02 -0.45652532E-01
 -0.64061042E-02  0.73132682E-02 -0.45887673E-01
 -0.61638374E-02  0.98061046E-02 -0.46079635E-01
 -0.59845977E-02  0.12254172E-01 -0.46228311E-01
 -0.58670283E-02  0.14654518E-01 -0.46333510E-01
 -0.58094895E-02  0.17004456E-01 -0.46394963E-01
 -0.58100879E-02  0.19301552E-01 -0.46412328E-01
 -0.58667039E-02  0.21543609E-01 -0.46385204E-01
 -0.59770177E-02  0.23728655E-01 -0.46313154E-01
 -0.61385350E-02  0.25854924E-01 -0.46195727E-01
 -0.63486119E-02  0.27920852E-01 -0.46032485E-01
 -0.66044810E-02  0.29925060E-01 -0.45823033E-01
 -0.69032774E-02  0.31866347E-01 -0.45567032E-01
 -0.72420652E-02  0.33743685E-01 -0.45264226E-01
 -0.76178653E-02  0.35556208E-01 -0.44914449E-01
 -0.80276815E-02  0.37303209E-01 -0.44517626E-01
 -0.84685268E-02  0.38984139E-01 -0.44073778E-01
 -0.89374474E-02  0.40598596E-01 -0.43583001E-01
 -0.94315449E-02  0.42146327E-01 -0.43045457E-01
 -0.99479938E-02  0.43627227E-01 -0.42461351E-01
 -0.10484056E-01  0.45041329E-01 -0.41830909E-01
 -0.11037091E-01  0.46388810E-01 -0.41154357E-01
 -0.11604558E-01  0.47669983E-01 -0.40431897E-01
 -0.12184018E-01  0.48885296E-01 -0.39663699E-01
 -0.12773128E-01  0.50035331E-01 -0.38849890E-01
 -0.13369628E-01  0.51120801E-01 -0.37990552E-01
 -0.13971339E-01  0.52142546E-01 -0.37085733E-01
 -0.14576137E-01  0.53101531E-01 -0.36135458E-01
 -0.15181950E-01  0.53998841E-01 -0.35139756E-01
 -0.15786742E-01  0.54835678E-01 -0.34098685E-01
 -0.16388500E-01  0.55613355E-01 -0.33012365E-01
 -0.16985235E-01  0.56333290E-01 -0.31881012E-01
 -0.17574975E-01  0.56996999E-01 -0.30704972E-01
 -0.18155770E-01  0.57606086E-01 -0.29484748E-01
 -0.18725705E-01  0.58162235E-01 -0.28221031E-01
 -0.19282907E-01  0.58667195E-01 -0.26914717E-01
 -0.19825566E-01  0.59122770E-01 -0.25566922E-01
 -0.20351953E-01  0.59530804E-01 -0.24178985E-01
 -0.20860442E-01  0.59893164E-01 -0.22752473E-01
 -0.21349529E-01  0.60211725E-01 -0.21289168E-01
 -0.21817849E-01  0.60488352E-01 -0.19791053E-01
 -0.22264189E-01  0.60724886E-01 -0.18260298E-01
 -0.22687499E-01  0.60923120E-01 -0.16699233E-01
 -0.23086893E-01  0.61084792E-01 -0.15110329E-01
 -0.23461648E-01  0.61211561E-01 -0.13496170E-01
 -0.23811192E-01  0.61304996E-01 -0.11859432E-01
 -0.24135092E-01  0.61366563E-01 -0.10202862E-01
 -0.24433032E-01  0.61397615E-01 -0.85292561E-02
 -0.24704800E-01  0.61399377E-01 -0.68414464E-02
 -0.24950256E-01  0.61372945E-01 -0.51422848E-02
 -0.25169320E-01  0.61319271E-01 -0.34346344E-02
 -0.25361948E-01  0.61239165E-01 -0.17213611E-02
 -0.25528125E-01  0.61133286E-01 -0.53285993E-05
 -0.46882919E-01 -0.84487164E-01 -0.15985198E-05
 -0.46721296E-01 -0.84611265E-01 -0.15737384E-02
 -0.46521776E-01 -0.84591795E-01 -0.31445556E-02
 -0.46282743E-01 -0.84428564E-01 -0.47124990E-02
 -0.46002459E-01 -0.84121789E-01 -0.62759414E-02
 -0.45679089E-01 -0.83672100E-01 -0.78331713E-02
 -0.45310734E-01 -0.83080537E-01 -0.93823922E-02
 -0.44895456E-01 -0.82348549E-01 -0.10921730E-01
 -0.44431318E-01 -0.81477993E-01 -0.12449244E-01
 -0.43916431E-01 -0.80471126E-01 -0.13962949E-01
 -0.43349002E-01 -0.79330592E-01 -0.15460837E-01
 -0.42727402E-01 -0.78059407E-01 -0.16940902E-01
 -0.42050238E-01 -0.76660939E-01 -0.18401165E-01
 -0.41316437E-01 -0.75138885E-01 -0.19839701E-01
 -0.40525332E-01 -0.73497243E-01 -0.21254659E-01
 -0.39676752E-01 -0.71740291E-01 -0.22644278E-01
 -0.38771115E-01 -0.69872556E-01 -0.24006898E-01
 -0.37809505E-01 -0.67898790E-01 -0.25340966E-01
 -0.36793741E-01 -0.65823957E-01 -0.26645035E-01
 -0.35726436E-01 -0.63653207E-01 -0.27917759E-01
 -0.34611018E-01 -0.61391872E-01 -0.29157878E-01
 -0.33451740E-01 -0.59045448E-01 -0.30364212E-01
 -0.32253659E-01 -0.56619596E-01 -0.31535643E-01
 -0.31022580E-01 -0.54120131E-01 -0.32671099E-01
 -0.29764983E-01 -0.51553016E-01 -0.33769549E-01
 -0.28487916E-01 -0.48924352E-01 -0.34829988E-01
 -0.27198876E-01 -0.46240369E-01 -0.35851436E-01
 -0.25905669E-01 -0.43507406E-01 -0.36832941E-01
 -0.24616263E-01 -0.40731888E-01 -0.37773578E-01
 -0.23338641E-01 -0.37920299E-01 -0.38672468E-01
 -0.22080648E-01 -0.35079152E-01 -0.39528784E-01
 -0.20849864E-01 -0.32214950E-01 -0.40341772E-01
 -0.19653472E-01 -0.29334149E-01 -0.41110764E-01
 -0.18498161E-01 -0.26443119E-01 -0.41835200E-01
 -0.17390039E-01 -0.23548106E-01 -0.42514637E-01
 -0.16334571E-01 -0.20655195E-01 -0.43148762E-01
 -0.15336536E-01 -0.17770278E-01 -0.43737396E-01
 -0.14400013E-01 -0.14899022E-01 -0.44280490E-01
 -0.13528372E-01 -0.12046852E-01 -0.44778123E-01
 -0.12724292E-01 -0.92189252E-02 -0.45230478E-01
 -0.11989786E-01 -0.64201207E-02 -0.45637829E-01
 -0.11326236E-01 -0.36550286E-02 -0.46000506E-01
 -0.10734437E-01 -0.92794440E-03 -0.46318869E-01
 -0.10214639E-01  0.17571345E-02 -0.46593275E-01
 -0.97666021E-02  0.43965091E-02 -0.46824047E-01
 -0.93896347E-02  0.69867778E-02 -0.47011440E-01
 -0.90826448E-02  0.95248342E-02 -0.47155625E-01
 -0.88441803E-02  0.12007863E-01 -0.47256666E-01
 -0.86724693E-02  0.14433337E-01 -0.47314516E-01
 -0.85654569E-02  0.16799010E-01 -0.47329015E-01
 -0.85208394E-02  0.19102910E-01 -0.47299901E-01
 -0.85360960E-02  0.21343336E-01 -0.47226827E-01
 -0.86085199E-02  0.23518841E-01 -0.47109389E-01
 -0.87352472E-02  0.25628227E-01 -0.46947152E-01
 -0.89132864E-02  0.27670529E-01 -0.46739682E-01
 -0.91395467E-02  0.29645002E-01 -0.46486583E-01
 -0.94108673E-02  0.31551101E-01 -0.46187518E-01
 -0.97240462E-02  0.33388467E-01 -0.45842237E-01
 -0.10075868E-01  0.35156910E-01 -0.45450590E-01
 -0.10463133E-01  0.36856385E-01 -0.45012539E-01
 -0.10882679E-01  0.38486982E-01 -0.44528151E-01
 -0.11331411E-01  0.40048903E-01 -0.43997592E-01
 -0.11806315E-01  0.41542457E-01 -0.43421111E-01
 -0.12304478E-01  0.42968039E-01 -0.42799011E-01
 -0.12823098E-01  0.44326131E-01 -0.42131632E-01
 -0.13359492E-01  0.45617293E-01 -0.41419319E-01
 -0.13911094E-01  0.46842160E-01 -0.40662400E-01
 -0.14475454E-01  0.48001445E-01 -0.39861166E-01
 -0.15050230E-01  0.49095944E-01 -0.39015857E-01
 -0.15633172E-01  0.50126538E-01 -0.38126660E-01
 -0.16222114E-01  0.51094199E-01 -0.37193712E-01
 -0.16814951E-01  0.52000000E-01 -0.36217112E-01
 -0.17409630E-01  0.52845114E-01 -0.35196942E-01
 -0.18004132E-01  0.53630823E-01 -0.34133300E-01
 -0.18596463E-01  0.54358517E-01 -0.33026327E-01
 -0.19184647E-01  0.55029691E-01 -0.31876247E-01
 -0.19766726E-01  0.55645943E-01 -0.30683400E-01
 -0.20340761E-01  0.56208967E-01 -0.29448280E-01
 -0.20904842E-01  0.56720538E-01 -0.28171559E-01
 -0.21457102E-01  0.57182502E-01 -0.26854116E-01
 -0.21995735E-01  0.57596758E-01 -0.25497047E-01
 -0.22519015E-01  0.57965242E-01 -0.24101675E-01
 -0.23025318E-01  0.58289902E-01 -0.22669548E-01
 -0.23513139E-01  0.58572686E-01 -0.21202432E-01
 -0.23981115E-01  0.58815518E-01 -0.19702291E-01
 -0.24428035E-01  0.59020275E-01 -0.18171269E-01
 -0.24852851E-01  0.59188779E-01 -0.16611664E-01
 -0.25254679E-01  0.59322772E-01 -0.15025897E-01
 -0.25632799E-01  0.59423904E-01 -0.13416489E-01
 -0.25986642E-01  0.59493724E-01 -0.11786030E-01
 -0.26315780E-01  0.59533667E-01 -0.10137156E-01
 -0.26619904E-01  0.59545049E-01 -0.84725293E-02
 -0.26898803E-01  0.59529057E-01 -0.67948194E-02
 -0.27152347E-01  0.59486748E-01 -0.51066921E-02
 -0.27380460E-01  0.59419048E-01 -0.34108017E-02
 -0.27583104E-01  0.59326742E-01 -0.17097868E-02
 -0.27760267E-01  0.59210482E-01 -0.62708529E-05
 -0.57772110E-01 -0.95693272E-01 -0.12305784E-05
 -0.57596445E-01 -0.95800229E-01 -0.16907372E-02
 -0.57364082E-01 -0.95731053E-01 -0.33784935E-02
 -0.57073453E-01 -0.95485922E-01 -0.50625065E-02
 -0.56722910E-01 -0.95065665E-01 -0.67407104E-02
 -0.56310751E-01 -0.94471745E-01 -0.84109599E-02
 -0.55835262E-01 -0.93706251E-01 -0.10071032E-01
 -0.55294763E-01 -0.92771881E-01 -0.11718636E-01
 -0.54687668E-01 -0.91671917E-01 -0.13351425E-01
 -0.54012547E-01 -0.90410214E-01 -0.14967020E-01
 -0.53268206E-01 -0.88991163E-01 -0.16563031E-01
 -0.52453767E-01 -0.87419671E-01 -0.18137082E-01
 -0.51568754E-01 -0.85701125E-01 -0.19686841E-01
 -0.50613183E-01 -0.83841355E-01 -0.21210041E-01
 -0.49587646E-01 -0.81846603E-01 -0.22704505E-01
 -0.48493391E-01 -0.79723476E-01 -0.24168160E-01
 -0.47332395E-01 -0.77478910E-01 -0.25599054E-01
 -0.46107413E-01 -0.75120131E-01 -0.26995363E-01
 -0.44822022E-01 -0.72654608E-01 -0.28355393E-01
 -0.43480633E-01 -0.70090019E-01 -0.29677585E-01
 -0.42088487E-01 -0.67434210E-01 -0.30960502E-01
 -0.40651623E-01 -0.64695153E-01 -0.32202829E-01
 -0.39176818E-01 -0.61880907E-01 -0.33403365E-01
 -0.37671511E-01 -0.58999584E-01 -0.34561013E-01
 -0.36143694E-01 -0.56059300E-01 -0.35674771E-01
 -0.34601795E-01 -0.53068143E-01 -0.36743733E-01
 -0.33054538E-01 -0.50034129E-01 -0.37767078E-01
 -0.31510797E-01 -0.46965160E-01 -0.38744074E-01
 -0.29979447E-01 -0.43868985E-01 -0.39674079E-01
 -0.28469216E-01 -0.40753164E-01 -0.40556543E-01
 -0.26988543E-01 -0.37625028E-01 -0.41391016E-01
 -0.25545448E-01 -0.34491652E-01 -0.42177155E-01
 -0.24147422E-01 -0.31359822E-01 -0.42914728E-01
 -0.22801331E-01 -0.28236017E-01 -0.43603626E-01
 -0.21513346E-01 -0.25126392E-01 -0.44243859E-01
 -0.20288887E-01 -0.22036767E-01 -0.44835567E-01
 -0.19132602E-01 -0.18972629E-01 -0.45379010E-01
 -0.18048352E-01 -0.15939124E-01 -0.45874562E-01
 -0.17039221E-01 -0.12941073E-01 -0.46322700E-01
 -0.16107543E-01 -0.99829741E-02 -0.46723982E-01
 -0.15254933E-01 -0.70690166E-02 -0.47079027E-01
 -0.14482338E-01 -0.42030915E-02 -0.47388482E-01
 -0.13790085E-01 -0.13888019E-02 -0.47652996E-01
 -0.13177935E-01  0.13705293E-02 -0.47873188E-01
 -0.12645140E-01  0.40718527E-02 -0.48049612E-01
 -0.12190497E-01  0.67123904E-02 -0.48182731E-01
 -0.11812399E-01  0.92896350E-02 -0.48272897E-01
 -0.11508884E-01  0.11801352E-01 -0.48320331E-01
 -0.11277680E-01  0.14245582E-01 -0.48325119E-01
 -0.11116246E-01  0.16620645E-01 -0.48287215E-01
 -0.11021811E-01  0.18925142E-01 -0.48206447E-01
 -0.10991408E-01  0.21157954E-01 -0.48082542E-01
 -0.11021908E-01  0.23318238E-01 -0.47915152E-01
 -0.11110053E-01  0.25405419E-01 -0.47703884E-01
 -0.11252484E-01  0.27419179E-01 -0.47448338E-01
 -0.11445772E-01  0.29359435E-01 -0.47148139E-01
 -0.11686451E-01  0.31226321E-01 -0.46802971E-01
 -0.11971043E-01  0.33020160E-01 -0.46412599E-01
 -0.12296086E-01  0.34741437E-01 -0.45976897E-01
 -0.12658165E-01  0.36390770E-01 -0.45495849E-01
 -0.13053934E-01  0.37968879E-01 -0.44969555E-01
 -0.13480139E-01  0.39476562E-01 -0.44398222E-01
 -0.13933635E-01  0.40914675E-01 -0.43782148E-01
 -0.14411404E-01  0.42284105E-01 -0.43121697E-01
 -0.14910559E-01  0.43585767E-01 -0.42417275E-01
 -0.15428351E-01  0.44820589E-01 -0.41669303E-01
 -0.15962171E-01  0.45989516E-01 -0.40878187E-01
 -0.16509536E-01  0.47093513E-01 -0.40044296E-01
 -0.17068086E-01  0.48133573E-01 -0.39167951E-01
 -0.17635566E-01  0.49110730E-01 -0.38249412E-01
 -0.18209809E-01  0.50026073E-01 -0.37288880E-01
 -0.18788720E-01  0.50880761E-01 -0.36286510E-01
 -0.19370262E-01  0.51676034E-01 -0.35242433E-01
 -0.19952432E-01  0.52413228E-01 -0.34156777E-01
 -0.20533259E-01  0.53093782E-01 -0.33029706E-01
 -0.21110791E-01  0.53719240E-01 -0.31861454E-01
 -0.21683092E-01  0.54291250E-01 -0.30652363E-01
 -0.22248248E-01  0.54811557E-01 -0.29402919E-01
 -0.22804373E-01  0.55281996E-01 -0.28113783E-01
 -0.23349622E-01  0.55704472E-01 -0.26785814E-01
 -0.23882210E-01  0.56080943E-01 -0.25420090E-01
 -0.24400427E-01  0.56413400E-01 -0.24017912E-01
 -0.24902664E-01  0.56703843E-01 -0.22580805E-01
 -0.25387427E-01  0.56954259E-01 -0.21110510E-01
 -0.25853360E-01  0.57166600E-01 -0.19608960E-01
 -0.26299256E-01  0.57342762E-01 -0.18078264E-01
 -0.26724066E-01  0.57484566E-01 -0.16520674E-01
 -0.27126904E-01  0.57593743E-01 -0.14938552E-01
 -0.27507043E-01  0.57671920E-01 -0.13334346E-01
 -0.27863909E-01  0.57720614E-01 -0.11710553E-01
 -0.28197065E-01  0.57741217E-01 -0.10069693E-01
 -0.28506194E-01  0.57735001E-01 -0.84142929E-02
 -0.28791080E-01  0.57703110E-01 -0.67468607E-02
 -0.29051589E-01  0.57646560E-01 -0.50698811E-02
 -0.29287642E-01  0.57566239E-01 -0.33858075E-02
 -0.29499206E-01  0.57462909E-01 -0.16970619E-02
 -0.29686274E-01  0.57337206E-01 -0.60404346E-05
 -0.70268339E-01 -0.10863919E+00 -0.80701324E-06
 -0.70073620E-01 -0.10872261E+00 -0.18326033E-02
 -0.69796806E-01 -0.10858802E+00 -0.36619586E-02
 -0.69436461E-01 -0.10823614E+00 -0.54862190E-02
 -0.68991154E-01 -0.10766871E+00 -0.73026751E-02
 -0.68459494E-01 -0.10688844E+00 -0.91085609E-02
 -0.67840186E-01 -0.10589900E+00 -0.10901059E-01
 -0.67132094E-01 -0.10470493E+00 -0.12677310E-01
 -0.66334326E-01 -0.10331166E+00 -0.14434430E-01
 -0.65446317E-01 -0.10172542E+00 -0.16169527E-01
 -0.64467926E-01 -0.99953191E-01 -0.17879729E-01
 -0.63399534E-01 -0.98002676E-01 -0.19562203E-01
 -0.62242138E-01 -0.95882209E-01 -0.21214184E-01
 -0.60997433E-01 -0.93600704E-01 -0.22832997E-01
 -0.59667893E-01 -0.91167593E-01 -0.24416080E-01
 -0.58256820E-01 -0.88592745E-01 -0.25961008E-01
 -0.56768390E-01 -0.85886405E-01 -0.27465505E-01
 -0.55207668E-01 -0.83059111E-01 -0.28927460E-01
 -0.53580599E-01 -0.80121623E-01 -0.30344942E-01
 -0.51893982E-01 -0.77084846E-01 -0.31716200E-01
 -0.50155413E-01 -0.73959749E-01 -0.33039672E-01
 -0.48373209E-01 -0.70757294E-01 -0.34313985E-01
 -0.46556312E-01 -0.67488356E-01 -0.35537955E-01
 -0.44714168E-01 -0.64163653E-01 -0.36710586E-01
 -0.42856601E-01 -0.60793672E-01 -0.37831059E-01
 -0.40993664E-01 -0.57388602E-01 -0.38898734E-01
 -0.39135494E-01 -0.53958277E-01 -0.39913136E-01
 -0.37292156E-01 -0.50512116E-01 -0.40873954E-01
 -0.35473494E-01 -0.47059077E-01 -0.41781027E-01
 -0.33688987E-01 -0.43607621E-01 -0.42634340E-01
 -0.31947619E-01 -0.40165681E-01 -0.43434013E-01
 -0.30257762E-01 -0.36740646E-01 -0.44180296E-01
 -0.28627081E-01 -0.33339353E-01 -0.44873561E-01
 -0.27062454E-01 -0.29968092E-01 -0.45514293E-01
 -0.25569919E-01 -0.26632619E-01 -0.46103080E-01
 -0.24154642E-01 -0.23338179E-01 -0.46640609E-01
 -0.22820904E-01 -0.20089540E-01 -0.47127651E-01
 -0.21572111E-01 -0.16891023E-01 -0.47565048E-01
 -0.20410820E-01 -0.13746543E-01 -0.47953700E-01
 -0.19338778E-01 -0.10659650E-01 -0.48294541E-01
 -0.18356973E-01 -0.76335630E-02 -0.48588520E-01
 -0.17465691E-01 -0.46712048E-02 -0.48836575E-01
 -0.16664586E-01 -0.17752295E-02 -0.49039606E-01
 -0.15952738E-01  0.10519568E-02 -0.49198450E-01
 -0.15328724E-01  0.38081831E-02 -0.49313850E-01
 -0.14790677E-01  0.64915072E-02 -0.49386436E-01
 -0.14336347E-01  0.91002163E-02 -0.49416706E-01
 -0.13963153E-01  0.11632833E-01 -0.49405010E-01
 -0.13668234E-01  0.14088124E-01 -0.49351549E-01
 -0.13448494E-01  0.16465111E-01 -0.49256379E-01
 -0.13300640E-01  0.18763082E-01 -0.49119420E-01
 -0.13221221E-01  0.20981594E-01 -0.48940480E-01
 -0.13206658E-01  0.23120479E-01 -0.48719279E-01
 -0.13253279E-01  0.25179837E-01 -0.48455484E-01
 -0.13357348E-01  0.27160025E-01 -0.48148744E-01
 -0.13515092E-01  0.29061638E-01 -0.47798721E-01
 -0.13722732E-01  0.30885484E-01 -0.47405130E-01
 -0.13976511E-01  0.32632555E-01 -0.46967761E-01
 -0.14272716E-01  0.34303987E-01 -0.46486502E-01
 -0.14607710E-01  0.35901027E-01 -0.45961351E-01
 -0.14977950E-01  0.37424992E-01 -0.45392419E-01
 -0.15380010E-01  0.38877239E-01 -0.44779925E-01
 -0.15810597E-01  0.40259134E-01 -0.44124182E-01
 -0.16266564E-01  0.41572023E-01 -0.43425572E-01
 -0.16744919E-01  0.42817224E-01 -0.42684525E-01
 -0.17242826E-01  0.43996011E-01 -0.41901490E-01
 -0.17757601E-01  0.45109617E-01 -0.41076907E-01
 -0.18286710E-01  0.46159242E-01 -0.40211185E-01
 -0.18827750E-01  0.47146065E-01 -0.39304684E-01
 -0.19378442E-01  0.48071260E-01 -0.38357708E-01
 -0.19936604E-01  0.48936024E-01 -0.37370500E-01
 -0.20500142E-01  0.49741589E-01 -0.36343254E-01
 -0.21067023E-01  0.50489253E-01 -0.35276135E-01
 -0.21635266E-01  0.51180390E-01 -0.34169298E-01
 -0.22202925E-01  0.51816469E-01 -0.33022928E-01
 -0.22768080E-01  0.52399058E-01 -0.31837272E-01
 -0.23328834E-01  0.52929829E-01 -0.30612678E-01
 -0.23883315E-01  0.53410552E-01 -0.29349629E-01
 -0.24429678E-01  0.53843084E-01 -0.28048778E-01
 -0.24966124E-01  0.54229354E-01 -0.26710970E-01
 -0.25490905E-01  0.54571344E-01 -0.25337263E-01
 -0.26002351E-01  0.54871063E-01 -0.23928937E-01
 -0.26498881E-01  0.55130527E-01 -0.22487489E-01
 -0.26979028E-01  0.55351731E-01 -0.21014627E-01
 -0.27441452E-01  0.55536626E-01 -0.19512249E-01
 -0.27884954E-01  0.55687097E-01 -0.17982417E-01
 -0.28308485E-01  0.55804945E-01 -0.16427329E-01
 -0.28711152E-01  0.55891872E-01 -0.14849281E-01
 -0.29092216E-01  0.55949470E-01 -0.13250639E-01
 -0.29451082E-01  0.55979210E-01 -0.11633801E-01
 -0.29787294E-01  0.55982440E-01 -0.10001171E-01
 -0.30100511E-01  0.55960384E-01 -0.83551362E-02
 -0.30390499E-01  0.55914139E-01 -0.66980496E-02
 -0.30657103E-01  0.55844681E-01 -0.50322193E-02
 -0.30900236E-01  0.55752864E-01 -0.33599065E-02
 -0.31119856E-01  0.55639426E-01 -0.16833290E-02
 -0.31315959E-01  0.55504987E-01 -0.46693371E-05
 -0.84651128E-01 -0.12358269E+00 -0.37587588E-06
 -0.84430845E-01 -0.12363409E+00 -0.20046631E-02
 -0.84094348E-01 -0.12341355E+00 -0.40054771E-02
 -0.83640456E-01 -0.12292264E+00 -0.59992075E-02
 -0.83068171E-01 -0.12216445E+00 -0.79822227E-02
 -0.82376720E-01 -0.12114354E+00 -0.99508760E-02
 -0.81565621E-01 -0.11986590E+00 -0.11901516E-01
 -0.80634768E-01 -0.11833888E+00 -0.13830501E-01
 -0.79584527E-01 -0.11657106E+00 -0.15734213E-01
 -0.78415841E-01 -0.11457217E+00 -0.17609080E-01
 -0.77130333E-01 -0.11235304E+00 -0.19451599E-01
 -0.75730410E-01 -0.10992539E+00 -0.21258354E-01
 -0.74219346E-01 -0.10730183E+00 -0.23026049E-01
 -0.72601353E-01 -0.10449565E+00 -0.24751525E-01
 -0.70881628E-01 -0.10152074E+00 -0.26431790E-01
 -0.69066372E-01 -0.98391442E-01 -0.28064043E-01
 -0.67162784E-01 -0.95122458E-01 -0.29645695E-01
 -0.65179023E-01 -0.91728674E-01 -0.31174390E-01
 -0.63124147E-01 -0.88225061E-01 -0.32648027E-01
 -0.61008028E-01 -0.84626538E-01 -0.34064774E-01
 -0.58841235E-01 -0.80947850E-01 -0.35423076E-01
 -0.56634911E-01 -0.77203450E-01 -0.36721669E-01
 -0.54400630E-01 -0.73407390E-01 -0.37959580E-01
 -0.52150237E-01 -0.69573216E-01 -0.39136125E-01
 -0.49895691E-01 -0.65713875E-01 -0.40250901E-01
 -0.47648901E-01 -0.61841640E-01 -0.41303775E-01
 -0.45421565E-01 -0.57968033E-01 -0.42294869E-01
 -0.43225011E-01 -0.54103781E-01 -0.43224534E-01
 -0.41070055E-01 -0.50258774E-01 -0.44093331E-01
 -0.38966868E-01 -0.46442044E-01 -0.44902005E-01
 -0.36924858E-01 -0.42661757E-01 -0.45651453E-01
 -0.34952578E-01 -0.38925231E-01 -0.46342706E-01
 -0.33057653E-01 -0.35238952E-01 -0.46976895E-01
 -0.31246720E-01 -0.31608623E-01 -0.47555234E-01
 -0.29525411E-01 -0.28039208E-01 -0.48078995E-01
 -0.27898336E-01 -0.24534997E-01 -0.48549490E-01
 -0.26369104E-01 -0.21099673E-01 -0.48968052E-01
 -0.24940355E-01 -0.17736382E-01 -0.49336018E-01
 -0.23613810E-01 -0.14447807E-01 -0.49654714E-01
 -0.22390328E-01 -0.11236235E-01 -0.49925438E-01
 -0.21269986E-01 -0.81036184E-02 -0.50149440E-01
 -0.20252148E-01 -0.50516342E-02 -0.50327906E-01
 -0.19335549E-01 -0.20817238E-02 -0.50461942E-01
 -0.18518374E-01  0.80487205E-03 -0.50552547E-01
 -0.17798332E-01  0.36070924E-02 -0.50600603E-01
 -0.17172730E-01  0.63240463E-02 -0.50606856E-01
 -0.16638537E-01  0.89550136E-02 -0.50571903E-01
 -0.16192441E-01  0.11499452E-01 -0.50496186E-01
 -0.15830907E-01  0.13957014E-01 -0.50379992E-01
 -0.15550213E-01  0.16327557E-01 -0.50223455E-01
 -0.15346498E-01  0.18611168E-01 -0.50026573E-01
 -0.15215791E-01  0.20808168E-01 -0.49789227E-01
 -0.15154045E-01  0.22919127E-01 -0.49511206E-01
 -0.15157164E-01  0.24944858E-01 -0.49192238E-01
 -0.15221028E-01  0.26886411E-01 -0.48832024E-01
 -0.15341520E-01  0.28745055E-01 -0.48430270E-01
 -0.15514551E-01  0.30522251E-01 -0.47986721E-01
 -0.15736084E-01  0.32219621E-01 -0.47501187E-01
 -0.16002154E-01  0.33838904E-01 -0.46973563E-01
 -0.16308897E-01  0.35381923E-01 -0.46403846E-01
 -0.16652565E-01  0.36850534E-01 -0.45792139E-01
 -0.17029547E-01  0.38246595E-01 -0.45138643E-01
 -0.17436387E-01  0.39571927E-01 -0.44443654E-01
 -0.17869791E-01  0.40828287E-01 -0.43707536E-01
 -0.18326636E-01  0.42017351E-01 -0.42930702E-01
 -0.18803974E-01  0.43140706E-01 -0.42113591E-01
 -0.19299025E-01  0.44199848E-01 -0.41256637E-01
 -0.19809176E-01  0.45196192E-01 -0.40360251E-01
 -0.20331962E-01  0.46131088E-01 -0.39424803E-01
 -0.20865056E-01  0.47005846E-01 -0.38450609E-01
 -0.21406249E-01  0.47821762E-01 -0.37437932E-01
 -0.21953432E-01  0.48580140E-01 -0.36386988E-01
 -0.22504576E-01  0.49282327E-01 -0.35297961E-01
 -0.23057717E-01  0.49929729E-01 -0.34171030E-01
 -0.23610940E-01  0.50523831E-01 -0.33006397E-01
 -0.24162368E-01  0.51066211E-01 -0.31804321E-01
 -0.24710157E-01  0.51558543E-01 -0.30565156E-01
 -0.25252493E-01  0.52002592E-01 -0.29289388E-01
 -0.25787597E-01  0.52400210E-01 -0.27977662E-01
 -0.26313732E-01  0.52753317E-01 -0.26630812E-01
 -0.26829216E-01  0.53063883E-01 -0.25249879E-01
 -0.27332434E-01  0.53333901E-01 -0.23836117E-01
 -0.27821859E-01  0.53565367E-01 -0.22390994E-01
 -0.28296061E-01  0.53760250E-01 -0.20916181E-01
 -0.28753729E-01  0.53920470E-01 -0.19413534E-01
 -0.29193680E-01  0.54047878E-01 -0.17885064E-01
 -0.29614870E-01  0.54144233E-01 -0.16332907E-01
 -0.30016394E-01  0.54211192E-01 -0.14759287E-01
 -0.30397494E-01  0.54250298E-01 -0.13166484E-01
 -0.30757547E-01  0.54262971E-01 -0.11556794E-01
 -0.31096062E-01  0.54250511E-01 -0.99325034E-02
 -0.31412663E-01  0.54214093E-01 -0.82958643E-02
 -0.31707077E-01  0.54154770E-01 -0.66490770E-02
 -0.31979119E-01  0.54073481E-01 -0.49942823E-02
 -0.32228676E-01  0.53971052E-01 -0.33335603E-02
 -0.32455689E-01  0.53848198E-01 -0.16689373E-02
 -0.32660148E-01  0.53705534E-01 -0.23986165E-05
 -0.10124401E+00 -0.14082724E+00  0.19457781E-07
 -0.10098966E+00 -0.14083562E+00 -0.22133187E-02
 -0.10057326E+00 -0.14050251E+00 -0.44217006E-02
 -0.99994110E-01 -0.13983070E+00 -0.66201540E-02
 -0.99252011E-01 -0.13882531E+00 -0.88037388E-02
 -0.98347324E-01 -0.13749368E+00 -0.10967565E-01
 -0.97281046E-01 -0.13584529E+00 -0.13106813E-01
 -0.96054897E-01 -0.13389160E+00 -0.15216753E-01
 -0.94671420E-01 -0.13164586E+00 -0.17292766E-01
 -0.93134081E-01 -0.12912298E+00 -0.19330365E-01
 -0.91447365E-01 -0.12633930E+00 -0.21325223E-01
 -0.89616852E-01 -0.12331241E+00 -0.23273193E-01
 -0.87649275E-01 -0.12006092E+00 -0.25170337E-01
 -0.85552544E-01 -0.11660426E+00 -0.27012953E-01
 -0.83335743E-01 -0.11296244E+00 -0.28797605E-01
 -0.81009090E-01 -0.10915586E+00 -0.30521151E-01
 -0.78583860E-01 -0.10520504E+00 -0.32180771E-01
 -0.76072288E-01 -0.10113048E+00 -0.33773996E-01
 -0.73487427E-01 -0.96952397E-01 -0.35298732E-01
 -0.70843003E-01 -0.92690571E-01 -0.36753276E-01
 -0.68153234E-01 -0.88364164E-01 -0.38136335E-01
 -0.65432653E-01 -0.83991561E-01 -0.39447032E-01
 -0.62695916E-01 -0.79590236E-01 -0.40684902E-01
 -0.59957611E-01 -0.75176634E-01 -0.41849889E-01
 -0.57232071E-01 -0.70766076E-01 -0.42942321E-01
 -0.54533198E-01 -0.66372688E-01 -0.43962890E-01
 -0.51874295E-01 -0.62009352E-01 -0.44912613E-01
 -0.49267914E-01 -0.57687679E-01 -0.45792793E-01
 -0.46725726E-01 -0.53418005E-01 -0.46604974E-01
 -0.44258408E-01 -0.49209409E-01 -0.47350893E-01
 -0.41875550E-01 -0.45069748E-01 -0.48032432E-01
 -0.39585597E-01 -0.41005717E-01 -0.48651570E-01
 -0.37395799E-01 -0.37022919E-01 -0.49210340E-01
 -0.35312200E-01 -0.33125949E-01 -0.49710793E-01
 -0.33339642E-01 -0.29318492E-01 -0.50154959E-01
 -0.31481798E-01 -0.25603425E-01 -0.50544823E-01
 -0.29741216E-01 -0.21982923E-01 -0.50882304E-01
 -0.28119389E-01 -0.18458570E-01 -0.51169236E-01
 -0.26616832E-01 -0.15031457E-01 -0.51407352E-01
 -0.25233174E-01 -0.11702278E-01 -0.51598279E-01
 -0.23967257E-01 -0.84714206E-02 -0.51743524E-01
 -0.22817227E-01 -0.53390338E-02 -0.51844469E-01
 -0.21780640E-01 -0.23050894E-02 -0.51902361E-01
 -0.20854552E-01  0.63057546E-03 -0.51918308E-01
 -0.20035607E-01  0.34682307E-02 -0.51893265E-01
 -0.19320118E-01  0.62082396E-02 -0.51828036E-01
 -0.18704135E-01  0.88510587E-02 -0.51723266E-01
 -0.18183510E-01  0.11397247E-01 -0.51579439E-01
 -0.17753944E-01  0.13847484E-01 -0.51396884E-01
 -0.17411035E-01  0.16202589E-01 -0.51175783E-01
 -0.17150307E-01  0.18463544E-01 -0.50916183E-01
 -0.16967245E-01  0.20631510E-01 -0.50618014E-01
 -0.16857320E-01  0.22707843E-01 -0.50281119E-01
 -0.16816004E-01  0.24694093E-01 -0.49905272E-01
 -0.16838798E-01  0.26592005E-01 -0.49490218E-01
 -0.16921245E-01  0.28403502E-01 -0.49035695E-01
 -0.17058951E-01  0.30130660E-01 -0.48541470E-01
 -0.17247604E-01  0.31775677E-01 -0.48007360E-01
 -0.17482992E-01  0.33340836E-01 -0.47433256E-01
 -0.17761020E-01  0.34828461E-01 -0.46819135E-01
 -0.18077734E-01  0.36240877E-01 -0.46165070E-01
 -0.18429331E-01  0.37580369E-01 -0.45471223E-01
 -0.18812174E-01  0.38849145E-01 -0.44737844E-01
 -0.19222809E-01  0.40049314E-01 -0.43965249E-01
 -0.19657963E-01  0.41182861E-01 -0.43153806E-01
 -0.20114554E-01  0.42251642E-01 -0.42303910E-01
 -0.20589687E-01  0.43257384E-01 -0.41415960E-01
 -0.21080644E-01  0.44201695E-01 -0.40490339E-01
 -0.21584881E-01  0.45086086E-01 -0.39527399E-01
 -0.22100005E-01  0.45911991E-01 -0.38527446E-01
 -0.22623764E-01  0.46680802E-01 -0.37490741E-01
 -0.23154025E-01  0.47393896E-01 -0.36417507E-01
 -0.23688758E-01  0.48052663E-01 -0.35307936E-01
 -0.24226015E-01  0.48658537E-01 -0.34162220E-01
 -0.24763916E-01  0.49213015E-01 -0.32980572E-01
 -0.25300636E-01  0.49717669E-01 -0.31763260E-01
 -0.25834397E-01  0.50174157E-01 -0.30510644E-01
 -0.26363461E-01  0.50584222E-01 -0.29223209E-01
 -0.26886132E-01  0.50949682E-01 -0.27901595E-01
 -0.27400760E-01  0.51272419E-01 -0.26546625E-01
 -0.27905745E-01  0.51554356E-01 -0.25159318E-01
 -0.28399553E-01  0.51797441E-01 -0.23740903E-01
 -0.28880724E-01  0.52003615E-01 -0.22292816E-01
 -0.29347886E-01  0.52174794E-01 -0.20816688E-01
 -0.29799768E-01  0.52312838E-01 -0.19314327E-01
 -0.30235212E-01  0.52419539E-01 -0.17787689E-01
 -0.30653181E-01  0.52496596E-01 -0.16238844E-01
 -0.31052763E-01  0.52545606E-01 -0.14669940E-01
 -0.31433175E-01  0.52568052E-01 -0.13083169E-01
 -0.31793758E-01  0.52565300E-01 -0.11480725E-01
 -0.32133976E-01  0.52538596E-01 -0.98647788E-02
 -0.32453404E-01  0.52489070E-01 -0.82374527E-02
 -0.32751721E-01  0.52417735E-01 -0.66008027E-02
 -0.33028693E-01  0.52325498E-01 -0.49568124E-02
 -0.33284168E-01  0.52213161E-01 -0.33073940E-02
 -0.33518060E-01  0.52081428E-01 -0.16543983E-02
 -0.33730341E-01  0.51930910E-01  0.36928915E-06
 -0.12041996E+00 -0.16072937E+00  0.34573516E-06
 -0.12012034E+00 -0.16068069E+00 -0.24664020E-02
 -0.11959701E+00 -0.16020053E+00 -0.49261004E-02
 -0.11885011E+00 -0.15929351E+00 -0.73718466E-02
 -0.11788084E+00 -0.15796781E+00 -0.97968477E-02
 -0.11669158E+00 -0.15623495E+00 -0.12194461E-01
 -0.11528588E+00 -0.15410958E+00 -0.14558233E-01
 -0.11366858E+00 -0.15160925E+00 -0.16881930E-01
 -0.11184585E+00 -0.14875411E+00 -0.19159571E-01
 -0.10982526E+00 -0.14556656E+00 -0.21385463E-01
 -0.10761582E+00 -0.14207093E+00 -0.23554222E-01
 -0.10522800E+00 -0.13829311E+00 -0.25660814E-01
 -0.10267368E+00 -0.13426014E+00 -0.27700577E-01
 -0.99966146E-01 -0.12999988E+00 -0.29669257E-01
 -0.97119956E-01 -0.12554062E+00 -0.31563040E-01
 -0.94150818E-01 -0.12091071E+00 -0.33378580E-01
 -0.91075433E-01 -0.11613822E+00 -0.35113034E-01
 -0.87911294E-01 -0.11125065E+00 -0.36764082E-01
 -0.84676477E-01 -0.10627460E+00 -0.38329956E-01
 -0.81389413E-01 -0.10123554E+00 -0.39809445E-01
 -0.78068654E-01 -0.96157631E-01 -0.41201908E-01
 -0.74732636E-01 -0.91063460E-01 -0.42507264E-01
 -0.71399454E-01 -0.85973977E-01 -0.43725982E-01
 -0.68086648E-01 -0.80908356E-01 -0.44859046E-01
 -0.64811003E-01 -0.75883943E-01 -0.45907918E-01
 -0.61588369E-01 -0.70916224E-01 -0.46874492E-01
 -0.58433505E-01 -0.66018829E-01 -0.47761029E-01
 -0.55359951E-01 -0.61203566E-01 -0.48570091E-01
 -0.52379922E-01 -0.56480485E-01 -0.49304476E-01
 -0.49504225E-01 -0.51857957E-01 -0.49967141E-01
 -0.46742218E-01 -0.47342781E-01 -0.50561133E-01
 -0.44101778E-01 -0.42940304E-01 -0.51089525E-01
 -0.41589312E-01 -0.38654554E-01 -0.51555353E-01
 -0.39209782E-01 -0.34488378E-01 -0.51961570E-01
 -0.36966759E-01 -0.30443593E-01 -0.52311003E-01
 -0.34862497E-01 -0.26521130E-01 -0.52606321E-01
 -0.32898022E-01 -0.22721181E-01 -0.52850012E-01
 -0.31073242E-01 -0.19043337E-01 -0.53044374E-01
 -0.29387060E-01 -0.15486722E-01 -0.53191505E-01
 -0.27837497E-01 -0.12050105E-01 -0.53293302E-01
 -0.26421814E-01 -0.87320067E-02 -0.53351466E-01
 -0.25136639E-01 -0.55307851E-02 -0.53367506E-01
 -0.23978080E-01 -0.24447039E-02 -0.53342743E-01
 -0.22941835E-01  0.52801780E-03 -0.53278320E-01
 -0.22023289E-01  0.33891740E-02 -0.53175202E-01
 -0.21217603E-01  0.61405562E-02 -0.53034184E-01
 -0.20519781E-01  0.87839528E-02 -0.52855897E-01
 -0.19924737E-01  0.11321161E-01 -0.52640814E-01
 -0.19427338E-01  0.13754004E-01 -0.52389254E-01
 -0.19022445E-01  0.16084358E-01 -0.52101400E-01
 -0.18704938E-01  0.18314176E-01 -0.51777308E-01
 -0.18469738E-01  0.20445512E-01 -0.51416924E-01
 -0.18311823E-01  0.22480536E-01 -0.51020110E-01
 -0.18226238E-01  0.24421545E-01 -0.50586662E-01
 -0.18208107E-01  0.26270963E-01 -0.50116342E-01
 -0.18252645E-01  0.28031335E-01 -0.49608900E-01
 -0.18355162E-01  0.29705300E-01 -0.49064103E-01
 -0.18511082E-01  0.31295573E-01 -0.48481759E-01
 -0.18715950E-01  0.32804904E-01 -0.47861734E-01
 -0.18965452E-01  0.34236044E-01 -0.47203967E-01
 -0.19255421E-01  0.35591702E-01 -0.46508482E-01
 -0.19581862E-01  0.36874513E-01 -0.45775382E-01
 -0.19940953E-01  0.38087004E-01 -0.45004851E-01
 -0.20329068E-01  0.39231566E-01 -0.44197138E-01
 -0.20742772E-01  0.40310437E-01 -0.43352541E-01
 -0.21178837E-01  0.41325697E-01 -0.42471392E-01
 -0.21634232E-01  0.42279270E-01 -0.41554033E-01
 -0.22106125E-01  0.43172932E-01 -0.40600800E-01
 -0.22591872E-01  0.44008335E-01 -0.39612004E-01
 -0.23089006E-01  0.44787032E-01 -0.38587927E-01
 -0.23595218E-01  0.45510504E-01 -0.37528812E-01
 -0.24108346E-01  0.46180195E-01 -0.36434871E-01
 -0.24626351E-01  0.46797541E-01 -0.35306297E-01
 -0.25147302E-01  0.47364001E-01 -0.34143281E-01
 -0.25669357E-01  0.47881073E-01 -0.32946039E-01
 -0.26190752E-01  0.48350318E-01 -0.31714844E-01
 -0.26709783E-01  0.48773365E-01 -0.30450056E-01
 -0.27224803E-01  0.49151913E-01 -0.29152156E-01
 -0.27734213E-01  0.49487726E-01 -0.27821774E-01
 -0.28236466E-01  0.49782621E-01 -0.26459717E-01
 -0.28730065E-01  0.50038454E-01 -0.25066983E-01
 -0.29213569E-01  0.50257092E-01 -0.23644770E-01
 -0.29685605E-01  0.50440400E-01 -0.22194479E-01
 -0.30144872E-01  0.50590210E-01 -0.20717696E-01
 -0.30590152E-01  0.50708303E-01 -0.19216178E-01
 -0.31020320E-01  0.50796389E-01 -0.17691821E-01
 -0.31434354E-01  0.50856093E-01 -0.16146628E-01
 -0.31831335E-01  0.50888937E-01 -0.14582669E-01
 -0.32210455E-01  0.50896338E-01 -0.13002047E-01
 -0.32571017E-01  0.50879602E-01 -0.11406858E-01
 -0.32912433E-01  0.50839920E-01 -0.97991616E-02
 -0.33234221E-01  0.50778378E-01 -0.81809575E-02
 -0.33535999E-01  0.50695955E-01 -0.65541684E-02
 -0.33817476E-01  0.50593528E-01 -0.49206345E-02
 -0.34078449E-01  0.50471886E-01 -0.32821162E-02
 -0.34318792E-01  0.50331724E-01 -0.16403069E-02
 -0.34538450E-01  0.50173657E-01  0.31483070E-05
 -0.35947112E-01 -0.45659559E-01  0.30350126E-07
 -0.35373575E-01 -0.45099990E-01 -0.14870638E-02
 -0.34738871E-01 -0.44466229E-01 -0.29765862E-02
 -0.34046431E-01 -0.43758839E-01 -0.44706906E-02
 -0.33300400E-01 -0.42978473E-01 -0.59713212E-02
 -0.32505569E-01 -0.42125884E-01 -0.74801260E-02
 -0.31667302E-01 -0.41201924E-01 -0.89983824E-02
 -0.13377409E+00 -0.17176567E+00 -0.18881015E-01
 -0.13137294E+00 -0.16813400E+00 -0.21393294E-01
 -0.12871992E+00 -0.16410441E+00 -0.23835331E-01
 -0.12583106E+00 -0.15971261E+00 -0.26200456E-01
 -0.12272418E+00 -0.15499613E+00 -0.28482622E-01
 -0.11941878E+00 -0.14999370E+00 -0.30676441E-01
 -0.11593580E+00 -0.14474457E+00 -0.32777214E-01
 -0.11229740E+00 -0.13928800E+00 -0.34780957E-01
 -0.10852671E+00 -0.13366263E+00 -0.36684430E-01
 -0.10464750E+00 -0.12790600E+00 -0.38485151E-01
 -0.10068394E+00 -0.12205416E+00 -0.40181410E-01
 -0.96660232E-01 -0.11614120E+00 -0.41772267E-01
 -0.92600383E-01 -0.11019903E+00 -0.43257547E-01
 -0.88527870E-01 -0.10425713E+00 -0.44637817E-01
 -0.84465393E-01 -0.98342318E-01 -0.45914356E-01
 -0.80434631E-01 -0.92478752E-01 -0.47089102E-01
 -0.76456029E-01 -0.86687817E-01 -0.48164597E-01
 -0.72548617E-01 -0.80988174E-01 -0.49143912E-01
 -0.68729852E-01 -0.75395814E-01 -0.50030566E-01
 -0.65015506E-01 -0.69924165E-01 -0.50828435E-01
 -0.61419578E-01 -0.64584228E-01 -0.51541655E-01
 -0.57954237E-01 -0.59384740E-01 -0.52174529E-01
 -0.54629803E-01 -0.54332358E-01 -0.52731432E-01
 -0.51454752E-01 -0.49431851E-01 -0.53216720E-01
 -0.48435749E-01 -0.44686307E-01 -0.53634652E-01
 -0.45577717E-01 -0.40097336E-01 -0.53989321E-01
 -0.42883914E-01 -0.35665278E-01 -0.54284598E-01
 -0.40356048E-01 -0.31389400E-01 -0.54524088E-01
 -0.37994394E-01 -0.27268089E-01 -0.54711104E-01
 -0.35797940E-01 -0.23299033E-01 -0.54848650E-01
 -0.33764532E-01 -0.19479385E-01 -0.54939415E-01
 -0.31891030E-01 -0.15805915E-01 -0.54985783E-01
 -0.30173459E-01 -0.12275138E-01 -0.54989841E-01
 -0.28607168E-01 -0.88834330E-02 -0.54953398E-01
 -0.27186968E-01 -0.56271278E-02 -0.54878008E-01
 -0.25907269E-01 -0.25025745E-02 -0.54764985E-01
 -0.24762202E-01  0.49380128E-03 -0.54615428E-01
 -0.23745720E-01  0.33654691E-02 -0.54430238E-01
 -0.22851692E-01  0.61157793E-02 -0.54210132E-01
 -0.22073968E-01  0.87479649E-02 -0.53955662E-01
 -0.21406444E-01  0.11265155E-01 -0.53667226E-01
 -0.20843092E-01  0.13670396E-01 -0.53345079E-01
 -0.20377998E-01  0.15966680E-01 -0.52989350E-01
 -0.20005373E-01  0.18156976E-01 -0.52600052E-01
 -0.19719563E-01  0.20244250E-01 -0.52177103E-01
 -0.19515052E-01  0.22231495E-01 -0.51720340E-01
 -0.19386465E-01  0.24121743E-01 -0.51229543E-01
 -0.19328560E-01  0.25918068E-01 -0.50704455E-01
 -0.19336234E-01  0.27623592E-01 -0.50144807E-01
 -0.19404518E-01  0.29241461E-01 -0.49550339E-01
 -0.19528585E-01  0.30774838E-01 -0.48920821E-01
 -0.19703751E-01  0.32226864E-01 -0.48256074E-01
 -0.19925489E-01  0.33600637E-01 -0.47555982E-01
 -0.20189434E-01  0.34899174E-01 -0.46820499E-01
 -0.20491396E-01  0.36125382E-01 -0.46049656E-01
 -0.20827376E-01  0.37282030E-01 -0.45243558E-01
 -0.21193571E-01  0.38371729E-01 -0.44402371E-01
 -0.21586384E-01  0.39396913E-01 -0.43526314E-01
 -0.22002432E-01  0.40359841E-01 -0.42615643E-01
 -0.22438546E-01  0.41262593E-01 -0.41670631E-01
 -0.22891769E-01  0.42107088E-01 -0.40691553E-01
 -0.23359353E-01  0.42895098E-01 -0.39678673E-01
 -0.23838745E-01  0.43628279E-01 -0.38632232E-01
 -0.24327579E-01  0.44308195E-01 -0.37552444E-01
 -0.24823654E-01  0.44936351E-01 -0.36439501E-01
 -0.25324924E-01  0.45514226E-01 -0.35293583E-01
 -0.25829472E-01  0.46043294E-01 -0.34114872E-01
 -0.26335498E-01  0.46525056E-01 -0.32903581E-01
 -0.26841299E-01  0.46961048E-01 -0.31659975E-01
 -0.27345254E-01  0.47352859E-01 -0.30384408E-01
 -0.27845813E-01  0.47702131E-01 -0.29077349E-01
 -0.28341487E-01  0.48010558E-01 -0.27739415E-01
 -0.28830839E-01  0.48279874E-01 -0.26371389E-01
 -0.29312486E-01  0.48511842E-01 -0.24974242E-01
 -0.29785097E-01  0.48708233E-01 -0.23549140E-01
 -0.30247392E-01  0.48870811E-01 -0.22097439E-01
 -0.30698153E-01  0.49001307E-01 -0.20620678E-01
 -0.31136226E-01  0.49101404E-01 -0.19120558E-01
 -0.31560528E-01  0.49172716E-01 -0.17598913E-01
 -0.31970057E-01  0.49216779E-01 -0.16057675E-01
 -0.32363891E-01  0.49235034E-01 -0.14498836E-01
 -0.32741202E-01  0.49228823E-01 -0.12924413E-01
 -0.33101254E-01  0.49199388E-01 -0.11336406E-01
 -0.33443407E-01  0.49147868E-01 -0.97367720E-02
 -0.33767117E-01  0.49075301E-01 -0.81273981E-02
 -0.34071937E-01  0.48982635E-01 -0.65100869E-02
 -0.34357514E-01  0.48870725E-01 -0.48865512E-02
 -0.34623584E-01  0.48740345E-01 -0.32584188E-02
 -0.34869973E-01  0.48592193E-01 -0.16272461E-02
 -0.35096592E-01  0.48426890E-01  0.54605603E-05
 -0.34460883E-01 -0.46233805E-01 -0.50810806E-08
 -0.33882712E-01 -0.45669122E-01 -0.15328060E-02
 -0.33246378E-01 -0.45034904E-01 -0.30680713E-02
 -0.32555140E-01 -0.44331563E-01 -0.46079190E-02
 -0.31812841E-01 -0.43559544E-01 -0.61542558E-02
 -0.31023856E-01 -0.42719341E-01 -0.77086936E-02
 -0.30193033E-01 -0.41811509E-01 -0.92724780E-02
 -0.29325639E-01 -0.40836682E-01 -0.10846431E-01
 -0.28427303E-01 -0.39795580E-01 -0.12430905E-01
 -0.27503955E-01 -0.38689021E-01 -0.14025753E-01
 -0.26561776E-01 -0.37517922E-01 -0.15630309E-01
 -0.14224759E+00 -0.17354036E+00 -0.31808028E-01
 -0.13798524E+00 -0.16733992E+00 -0.34163999E-01
 -0.13352333E+00 -0.16087963E+00 -0.36398220E-01
 -0.12889439E+00 -0.15421296E+00 -0.38506989E-01
 -0.12413134E+00 -0.14739156E+00 -0.40487730E-01
 -0.11926703E+00 -0.14046457E+00 -0.42338970E-01
 -0.11433381E+00 -0.13347807E+00 -0.44060316E-01
 -0.10936318E+00 -0.12647465E+00 -0.45652404E-01
 -0.10438542E+00 -0.11949306E+00 -0.47116845E-01
 -0.99429314E-01 -0.11256807E+00 -0.48456159E-01
 -0.94521858E-01 -0.10573032E+00 -0.49673685E-01
 -0.89688086E-01 -0.99006407E-01 -0.50773494E-01
 -0.84950894E-01 -0.92418934E-01 -0.51760277E-01
 -0.80330918E-01 -0.85986689E-01 -0.52639236E-01
 -0.75846463E-01 -0.79724869E-01 -0.53415959E-01
 -0.71513455E-01 -0.73645341E-01 -0.54096301E-01
 -0.67345445E-01 -0.67756928E-01 -0.54686257E-01
 -0.63353629E-01 -0.62065719E-01 -0.55191847E-01
 -0.59546910E-01 -0.56575378E-01 -0.55619006E-01
 -0.55931983E-01 -0.51287458E-01 -0.55973480E-01
 -0.52513442E-01 -0.46201699E-01 -0.56260743E-01
 -0.49293913E-01 -0.41316320E-01 -0.56485929E-01
 -0.46274203E-01 -0.36628291E-01 -0.56653776E-01
 -0.43453468E-01 -0.32133582E-01 -0.56768594E-01
 -0.40829390E-01 -0.27827397E-01 -0.56834243E-01
 -0.38398363E-01 -0.23704379E-01 -0.56854134E-01
 -0.36155684E-01 -0.19758791E-01 -0.56831241E-01
 -0.34095745E-01 -0.15984681E-01 -0.56768117E-01
 -0.32212213E-01 -0.12376011E-01 -0.56666930E-01
 -0.30498209E-01 -0.89267710E-02 -0.56529492E-01
 -0.28946469E-01 -0.56310650E-02 -0.56357301E-01
 -0.27549493E-01 -0.24831775E-02 -0.56151572E-01
 -0.26299668E-01  0.52238320E-03 -0.55913278E-01
 -0.25189378E-01  0.33908601E-02 -0.55643172E-01
 -0.24211092E-01  0.61272397E-02 -0.55341824E-01
 -0.23357430E-01  0.87362586E-02 -0.55009637E-01
 -0.22621206E-01  0.11222422E-01 -0.54646869E-01
 -0.21995465E-01  0.13590030E-01 -0.54253649E-01
 -0.21473491E-01  0.15843208E-01 -0.53829995E-01
 -0.21048815E-01  0.17985941E-01 -0.53375823E-01
 -0.20715208E-01  0.20022106E-01 -0.52890967E-01
 -0.20466667E-01  0.21955494E-01 -0.52375194E-01
 -0.20297405E-01  0.23789839E-01 -0.51828218E-01
 -0.20201831E-01  0.25528825E-01 -0.51249723E-01
 -0.20174542E-01  0.27176092E-01 -0.50639382E-01
 -0.20210308E-01  0.28735238E-01 -0.49996873E-01
 -0.20304067E-01  0.30209799E-01 -0.49321904E-01
 -0.20450927E-01  0.31603240E-01 -0.48614224E-01
 -0.20646163E-01  0.32918930E-01 -0.47873640E-01
 -0.20885225E-01  0.34160119E-01 -0.47100028E-01
 -0.21163748E-01  0.35329915E-01 -0.46293332E-01
 -0.21477559E-01  0.36431264E-01 -0.45453567E-01
 -0.21822693E-01  0.37466933E-01 -0.44580813E-01
 -0.22195396E-01  0.38439504E-01 -0.43675205E-01
 -0.22592136E-01  0.39351362E-01 -0.42736916E-01
 -0.23009609E-01  0.40204711E-01 -0.41766148E-01
 -0.23444738E-01  0.41001578E-01 -0.40763111E-01
 -0.23894669E-01  0.41743835E-01 -0.39728013E-01
 -0.24356766E-01  0.42433219E-01 -0.38661050E-01
 -0.24828603E-01  0.43071366E-01 -0.37562399E-01
 -0.25307943E-01  0.43659831E-01 -0.36432226E-01
 -0.25792728E-01  0.44200125E-01 -0.35270688E-01
 -0.26281059E-01  0.44693736E-01 -0.34077950E-01
 -0.26771175E-01  0.45142153E-01 -0.32854210E-01
 -0.27261437E-01  0.45546883E-01 -0.31599720E-01
 -0.27750306E-01  0.45909466E-01 -0.30314819E-01
 -0.28236331E-01  0.46231476E-01 -0.28999957E-01
 -0.28718134E-01  0.46514524E-01 -0.27655728E-01
 -0.29194396E-01  0.46760247E-01 -0.26282888E-01
 -0.29663848E-01  0.46970304E-01 -0.24882372E-01
 -0.30125273E-01  0.47146357E-01 -0.23455305E-01
 -0.30577493E-01  0.47290053E-01 -0.22002997E-01
 -0.31019378E-01  0.47403012E-01 -0.20526932E-01
 -0.31449842E-01  0.47486806E-01 -0.19028751E-01
 -0.31867853E-01  0.47542946E-01 -0.17510221E-01
 -0.32272433E-01  0.47572868E-01 -0.15973202E-01
 -0.32662668E-01  0.47577927E-01 -0.14419609E-01
 -0.33037711E-01  0.47559387E-01 -0.12851371E-01
 -0.33396794E-01  0.47518422E-01 -0.11270403E-01
 -0.33739227E-01  0.47456114E-01 -0.96785628E-02
 -0.34064408E-01  0.47373460E-01 -0.80776392E-02
 -0.34371827E-01  0.47271372E-01 -0.64693293E-02
 -0.34661065E-01  0.47150686E-01 -0.48552368E-02
 -0.34931799E-01  0.47012166E-01 -0.32368775E-02
 -0.35183802E-01  0.46856509E-01 -0.16156934E-02
 -0.35416945E-01  0.46684350E-01  0.69240504E-05
 -0.33144911E-01 -0.47005622E-01 -0.51908685E-07
 -0.32563064E-01 -0.46437128E-01 -0.15760865E-02
 -0.31925765E-01 -0.45803724E-01 -0.31546473E-02
 -0.31236068E-01 -0.45105661E-01 -0.47378738E-02
 -0.30497488E-01 -0.44343162E-01 -0.63276856E-02
 -0.29713961E-01 -0.43516441E-01 -0.79256989E-02
 -0.28889804E-01 -0.42625729E-01 -0.95331547E-02
 -0.28029686E-01 -0.41671304E-01 -0.11150864E-01
 -0.27138592E-01 -0.40653519E-01 -0.12779165E-01
 -0.26221795E-01 -0.39572831E-01 -0.14417900E-01
 -0.25284827E-01 -0.38429816E-01 -0.16066397E-01
 -0.24333454E-01 -0.37225190E-01 -0.17723467E-01
 -0.23373652E-01 -0.35959807E-01 -0.19387399E-01
 -0.15274688E+00 -0.17841295E+00 -0.40597531E-01
 -0.14688919E+00 -0.17028777E+00 -0.42798356E-01
 -0.14090855E+00 -0.16204022E+00 -0.44836921E-01
 -0.13484907E+00 -0.15373315E+00 -0.46713763E-01
 -0.12875284E+00 -0.14542400E+00 -0.48430829E-01
 -0.12265957E+00 -0.13716435E+00 -0.49991359E-01
 -0.11660622E+00 -0.12899970E+00 -0.51399738E-01
 -0.11062676E+00 -0.12096946E+00 -0.52661362E-01
 -0.10475202E+00 -0.11310701E+00 -0.53782477E-01
 -0.99009575E-01 -0.10543996E+00 -0.54770027E-01
 -0.93423716E-01 -0.97990478E-01 -0.55631495E-01
 -0.88015475E-01 -0.90775719E-01 -0.56374740E-01
 -0.82802686E-01 -0.83808252E-01 -0.57007844E-01
 -0.77800072E-01 -0.77096559E-01 -0.57538955E-01
 -0.73019375E-01 -0.70645534E-01 -0.57976152E-01
 -0.68469501E-01 -0.64456959E-01 -0.58327306E-01
 -0.64156686E-01 -0.58529983E-01 -0.58599970E-01
 -0.60084678E-01 -0.52861559E-01 -0.58801277E-01
 -0.56254932E-01 -0.47446855E-01 -0.58937863E-01
 -0.52666817E-01 -0.42279629E-01 -0.59015804E-01
 -0.49317835E-01 -0.37352560E-01 -0.59040583E-01
 -0.46203843E-01 -0.32657546E-01 -0.59017068E-01
 -0.43319279E-01 -0.28185961E-01 -0.58949516E-01
 -0.40657391E-01 -0.23928876E-01 -0.58841589E-01
 -0.38210460E-01 -0.19877244E-01 -0.58696387E-01
 -0.35970020E-01 -0.16022057E-01 -0.58516490E-01
 -0.33927059E-01 -0.12354469E-01 -0.58304005E-01
 -0.32072215E-01 -0.88658893E-02 -0.58060625E-01
 -0.30395943E-01 -0.55480605E-02 -0.57787676E-01
 -0.28888668E-01 -0.23931024E-02 -0.57486173E-01
 -0.27540914E-01  0.60645724E-03 -0.57156868E-01
 -0.26343406E-01  0.34576719E-02 -0.56800289E-01
 -0.25287149E-01  0.61671808E-02 -0.56416779E-01
 -0.24363485E-01  0.87412257E-02 -0.56006524E-01
 -0.23564124E-01  0.11185677E-01 -0.55569578E-01
 -0.22881165E-01  0.13506065E-01 -0.55105885E-01
 -0.22307090E-01  0.15707623E-01 -0.54615289E-01
 -0.21834754E-01  0.17795316E-01 -0.54097557E-01
 -0.21457361E-01  0.19773885E-01 -0.53552384E-01
 -0.21168438E-01  0.21647878E-01 -0.52979414E-01
 -0.20961801E-01  0.23421675E-01 -0.52378249E-01
 -0.20831532E-01  0.25099511E-01 -0.51748470E-01
 -0.20771947E-01  0.26685490E-01 -0.51089649E-01
 -0.20777579E-01  0.28183589E-01 -0.50401373E-01
 -0.20843156E-01  0.29597661E-01 -0.49683252E-01
 -0.20963598E-01  0.30931423E-01 -0.48934944E-01
 -0.21134007E-01  0.32188452E-01 -0.48156163E-01
 -0.21349671E-01  0.33372166E-01 -0.47346687E-01
 -0.21606069E-01  0.34485812E-01 -0.46506368E-01
 -0.21898881E-01  0.35532456E-01 -0.45635128E-01
 -0.22223993E-01  0.36514970E-01 -0.44732956E-01
 -0.22577515E-01  0.37436028E-01 -0.43799903E-01
 -0.22955784E-01  0.38298108E-01 -0.42836061E-01
 -0.23355373E-01  0.39103493E-01 -0.41841559E-01
 -0.23773095E-01  0.39854290E-01 -0.40816543E-01
 -0.24206004E-01  0.40552439E-01 -0.39761165E-01
 -0.24651389E-01  0.41199743E-01 -0.38675572E-01
 -0.25106766E-01  0.41797883E-01 -0.37559904E-01
 -0.25569868E-01  0.42348455E-01 -0.36414292E-01
 -0.26038628E-01  0.42852987E-01 -0.35238865E-01
 -0.26511161E-01  0.43312967E-01 -0.34033767E-01
 -0.26985746E-01  0.43729866E-01 -0.32799173E-01
 -0.27460802E-01  0.44105154E-01 -0.31535316E-01
 -0.27934872E-01  0.44440312E-01 -0.30242511E-01
 -0.28406599E-01  0.44736840E-01 -0.28921183E-01
 -0.28874709E-01  0.44996258E-01 -0.27571897E-01
 -0.29337997E-01  0.45220102E-01 -0.26195372E-01
 -0.29795308E-01  0.45409919E-01 -0.24792505E-01
 -0.30245532E-01  0.45567254E-01 -0.23364372E-01
 -0.30687595E-01  0.45693635E-01 -0.21912228E-01
 -0.31120455E-01  0.45790564E-01 -0.20437500E-01
 -0.31543097E-01  0.45859499E-01 -0.18941762E-01
 -0.31954541E-01  0.45901841E-01 -0.17426710E-01
 -0.32353842E-01  0.45918928E-01 -0.15894129E-01
 -0.32740097E-01  0.45912021E-01 -0.14345855E-01
 -0.33112454E-01  0.45882305E-01 -0.12783735E-01
 -0.33470116E-01  0.45830884E-01 -0.11209599E-01
 -0.33812355E-01  0.45758785E-01 -0.96252186E-02
 -0.34138520E-01  0.45666955E-01 -0.80322942E-02
 -0.34448041E-01  0.45556274E-01 -0.64324337E-02
 -0.34740442E-01  0.45427556E-01 -0.48271513E-02
 -0.35015343E-01  0.45281554E-01 -0.32178723E-02
 -0.35272468E-01  0.45118966E-01 -0.16059484E-02
 -0.35511642E-01  0.44940436E-01  0.73194215E-05
 -0.31986366E-01 -0.47963813E-01 -0.89465294E-07
 -0.31401699E-01 -0.47393483E-01 -0.16165893E-02
 -0.30763708E-01 -0.46762805E-01 -0.32356965E-02
 -0.30075222E-01 -0.46071867E-01 -0.48596336E-02
 -0.29339424E-01 -0.45320654E-01 -0.64903885E-02
 -0.28559826E-01 -0.44509082E-01 -0.81296256E-02
 -0.27740252E-01 -0.43637036E-01 -0.97786113E-02
 -0.26884820E-01 -0.42704417E-01 -0.11438158E-01
 -0.25997941E-01 -0.41711184E-01 -0.13108585E-01
 -0.25084304E-01 -0.40657404E-01 -0.14789701E-01
 -0.24148875E-01 -0.39543289E-01 -0.16480792E-01
 -0.23196888E-01 -0.38369227E-01 -0.18180631E-01
 -0.22233831E-01 -0.37135794E-01 -0.19887487E-01
 -0.21265431E-01 -0.35843765E-01 -0.21599139E-01
 -0.20297634E-01 -0.34494092E-01 -0.23312879E-01
 -0.15874123E+00 -0.17750212E+00 -0.49777563E-01
 -0.15124867E+00 -0.16758423E+00 -0.51643786E-01
 -0.14377536E+00 -0.15775043E+00 -0.53316214E-01
 -0.13636963E+00 -0.14806108E+00 -0.54802019E-01
 -0.12907486E+00 -0.13856745E+00 -0.56109589E-01
 -0.12192937E+00 -0.12931200E+00 -0.57248286E-01
 -0.11496651E+00 -0.12032881E+00 -0.58228203E-01
 -0.10821480E+00 -0.11164425E+00 -0.59059945E-01
 -0.10169808E+00 -0.10327763E+00 -0.59754414E-01
 -0.95435853E-01 -0.95241968E-01 -0.60322611E-01
 -0.89443513E-01 -0.87544809E-01 -0.60775453E-01
 -0.83732652E-01 -0.80188957E-01 -0.61123608E-01
 -0.78311365E-01 -0.73173237E-01 -0.61377348E-01
 -0.73184555E-01 -0.66493193E-01 -0.61546420E-01
 -0.68354227E-01 -0.60141728E-01 -0.61639944E-01
 -0.63819781E-01 -0.54109683E-01 -0.61666329E-01
 -0.59578298E-01 -0.48386350E-01 -0.61633215E-01
 -0.55624823E-01 -0.42959920E-01 -0.61547438E-01
 -0.51952639E-01 -0.37817862E-01 -0.61415021E-01
 -0.48553533E-01 -0.32947249E-01 -0.61241179E-01
 -0.45418067E-01 -0.28335022E-01 -0.61030352E-01
 -0.42535825E-01 -0.23968206E-01 -0.60786250E-01
 -0.39895660E-01 -0.19834082E-01 -0.60511905E-01
 -0.37485922E-01 -0.15920320E-01 -0.60209744E-01
 -0.35294674E-01 -0.12215075E-01 -0.59881658E-01
 -0.33309883E-01 -0.87070571E-02 -0.59529073E-01
 -0.31519590E-01 -0.53855735E-02 -0.59153020E-01
 -0.29912056E-01 -0.22405507E-02 -0.58754203E-01
 -0.28475881E-01  0.73746139E-03 -0.58333058E-01
 -0.27200094E-01  0.35573001E-02 -0.57889803E-01
 -0.26074221E-01  0.62272128E-02 -0.57424481E-01
 -0.25088326E-01  0.87548888E-02 -0.56936993E-01
 -0.24233022E-01  0.11147498E-01 -0.56427130E-01
 -0.23499478E-01  0.13411733E-01 -0.55894587E-01
 -0.22879391E-01  0.15553857E-01 -0.55338988E-01
 -0.22364961E-01  0.17579743E-01 -0.54759890E-01
 -0.21948850E-01  0.19494924E-01 -0.54156804E-01
 -0.21624136E-01  0.21304628E-01 -0.53529201E-01
 -0.21384267E-01  0.23013812E-01 -0.52876527E-01
 -0.21223020E-01  0.24627195E-01 -0.52198218E-01
 -0.21134461E-01  0.26149277E-01 -0.51493712E-01
 -0.21112907E-01  0.27584353E-01 -0.50762465E-01
 -0.21152909E-01  0.28936528E-01 -0.50003971E-01
 -0.21249225E-01  0.30209716E-01 -0.49217770E-01
 -0.21396814E-01  0.31407644E-01 -0.48403466E-01
 -0.21590832E-01  0.32533846E-01 -0.47560732E-01
 -0.21826633E-01  0.33591658E-01 -0.46689319E-01
 -0.22099776E-01  0.34584218E-01 -0.45789051E-01
 -0.22406032E-01  0.35514458E-01 -0.44859830E-01
 -0.22741399E-01  0.36385105E-01 -0.43901617E-01
 -0.23102109E-01  0.37198686E-01 -0.42914432E-01
 -0.23484636E-01  0.37957533E-01 -0.41898330E-01
 -0.23885707E-01  0.38663795E-01 -0.40853396E-01
 -0.24302298E-01  0.39319457E-01 -0.39779727E-01
 -0.24731638E-01  0.39926353E-01 -0.38677422E-01
 -0.25171199E-01  0.40486197E-01 -0.37546580E-01
 -0.25618689E-01  0.41000596E-01 -0.36387298E-01
 -0.26072035E-01  0.41471082E-01 -0.35199676E-01
 -0.26529368E-01  0.41899132E-01 -0.33983830E-01
 -0.26989003E-01  0.42286185E-01 -0.32739912E-01
 -0.27449413E-01  0.42633666E-01 -0.31468128E-01
 -0.27909212E-01  0.42942991E-01 -0.30168768E-01
 -0.28367128E-01  0.43215581E-01 -0.28842228E-01
 -0.28821983E-01  0.43452864E-01 -0.27489038E-01
 -0.29272672E-01  0.43656274E-01 -0.26109878E-01
 -0.29718144E-01  0.43827245E-01 -0.24705597E-01
 -0.30157392E-01  0.43967208E-01 -0.23277220E-01
 -0.30589433E-01  0.44077572E-01 -0.21825943E-01
 -0.31013308E-01  0.44159723E-01 -0.20353126E-01
 -0.31428076E-01  0.44215006E-01 -0.18860272E-01
 -0.31832808E-01  0.44244715E-01 -0.17349002E-01
 -0.32226597E-01  0.44250086E-01 -0.15821022E-01
 -0.32608559E-01  0.44232293E-01 -0.14278087E-01
 -0.32977841E-01  0.44192438E-01 -0.12721965E-01
 -0.33333635E-01  0.44131554E-01 -0.11154403E-01
 -0.33675186E-01  0.44050608E-01 -0.95770964E-02
 -0.34001802E-01  0.43950501E-01 -0.79916676E-02
 -0.34312872E-01  0.43832074E-01 -0.63996513E-02
 -0.34607870E-01  0.43696114E-01 -0.48024907E-02
 -0.34886369E-01  0.43543362E-01 -0.32015429E-02
 -0.35148048E-01  0.43374510E-01 -0.15980929E-02
 -0.35392696E-01  0.43190214E-01  0.66237656E-05
 -0.30971508E-01 -0.49093665E-01 -0.10271261E-06
 -0.30384734E-01 -0.48524070E-01 -0.16542385E-02
 -0.29745888E-01 -0.47898597E-01 -0.33110746E-02
 -0.29057567E-01 -0.47217154E-01 -0.49729731E-02
 -0.28322653E-01 -0.46479479E-01 -0.66420415E-02
 -0.27544296E-01 -0.45685180E-01 -0.83200335E-02
 -0.26725913E-01 -0.44833789E-01 -0.10008268E-01
 -0.25871191E-01 -0.43924819E-01 -0.11707569E-01
 -0.24984096E-01 -0.42957828E-01 -0.13418231E-01
 -0.24068881E-01 -0.41932484E-01 -0.15140005E-01
 -0.23130091E-01 -0.40848619E-01 -0.16872100E-01
 -0.22172567E-01 -0.39706278E-01 -0.18613204E-01
 -0.21201438E-01 -0.38505744E-01 -0.20361511E-01
 -0.20222108E-01 -0.37247551E-01 -0.22114750E-01
 -0.19240235E-01 -0.35932478E-01 -0.23870211E-01
 -0.18261706E-01 -0.34561514E-01 -0.25624751E-01
 -0.16825384E+00 -0.18183395E+00 -0.57155121E-01
 -0.15917404E+00 -0.17026597E+00 -0.58729969E-01
 -0.15025824E+00 -0.15897282E+00 -0.60086445E-01
 -0.14155490E+00 -0.14800922E+00 -0.61238375E-01
 -0.13310473E+00 -0.13741782E+00 -0.62200290E-01
 -0.12494123E+00 -0.12723023E+00 -0.62987106E-01
 -0.11709116E+00 -0.11746821E+00 -0.63613839E-01
 -0.10957520E+00 -0.10814486E+00 -0.64095358E-01
 -0.10240856E+00 -0.99265887E-01 -0.64446167E-01
 -0.95601499E-01 -0.90830792E-01 -0.64680225E-01
 -0.89159996E-01 -0.82833960E-01 -0.64810788E-01
 -0.83086204E-01 -0.75265709E-01 -0.64850284E-01
 -0.77378961E-01 -0.68113199E-01 -0.64810210E-01
 -0.72034228E-01 -0.61361244E-01 -0.64701064E-01
 -0.67045490E-01 -0.54993016E-01 -0.64532295E-01
 -0.62404123E-01 -0.48990637E-01 -0.64312284E-01
 -0.58099735E-01 -0.43335670E-01 -0.64048347E-01
 -0.54120477E-01 -0.38009527E-01 -0.63746763E-01
 -0.50453341E-01 -0.32993789E-01 -0.63412820E-01
 -0.47084433E-01 -0.28270452E-01 -0.63050875E-01
 -0.43999235E-01 -0.23822120E-01 -0.62664438E-01
 -0.41182844E-01 -0.19632135E-01 -0.62256254E-01
 -0.38620199E-01 -0.15684668E-01 -0.61828396E-01
 -0.36296277E-01 -0.11964776E-01 -0.61382358E-01
 -0.34196281E-01 -0.84584257E-02 -0.60919148E-01
 -0.32305788E-01 -0.51524943E-02 -0.60439370E-01
 -0.30610880E-01 -0.20347567E-02 -0.59943304E-01
 -0.29098241E-01  0.90614599E-03 -0.59430975E-01
 -0.27755236E-01  0.36807462E-02 -0.58902206E-01
 -0.26569948E-01  0.62987973E-02 -0.58356670E-01
 -0.25531202E-01  0.87693257E-02 -0.57793921E-01
 -0.24628563E-01  0.11100686E-01 -0.57213429E-01
 -0.23852310E-01  0.13300619E-01 -0.56614592E-01
 -0.23193401E-01  0.15376303E-01 -0.55996761E-01
 -0.22643422E-01  0.17334416E-01 -0.55359245E-01
 -0.22194529E-01  0.19181178E-01 -0.54701323E-01
 -0.21839385E-01  0.20922404E-01 -0.54022257E-01
 -0.21571105E-01  0.22563544E-01 -0.53321297E-01
 -0.21383195E-01  0.24109721E-01 -0.52597702E-01
 -0.21269497E-01  0.25565759E-01 -0.51850742E-01
 -0.21224153E-01  0.26936211E-01 -0.51079723E-01
 -0.21241561E-01  0.28225378E-01 -0.50283994E-01
 -0.21316356E-01  0.29437318E-01 -0.49462963E-01
 -0.21443388E-01  0.30575863E-01 -0.48616109E-01
 -0.21617717E-01  0.31644620E-01 -0.47742992E-01
 -0.21834606E-01  0.32646976E-01 -0.46843252E-01
 -0.22089530E-01  0.33586100E-01 -0.45916619E-01
 -0.22378183E-01  0.34464949E-01 -0.44962898E-01
 -0.22696484E-01  0.35286269E-01 -0.43981969E-01
 -0.23040595E-01  0.36052601E-01 -0.42973773E-01
 -0.23406923E-01  0.36766291E-01 -0.41938300E-01
 -0.23792133E-01  0.37429503E-01 -0.40875570E-01
 -0.24193151E-01  0.38044232E-01 -0.39785628E-01
 -0.24607164E-01  0.38612321E-01 -0.38668528E-01
 -0.25031616E-01  0.39135483E-01 -0.37524328E-01
 -0.25464200E-01  0.39615321E-01 -0.36353091E-01
 -0.25902844E-01  0.40053350E-01 -0.35154888E-01
 -0.26345696E-01  0.40451018E-01 -0.33929809E-01
 -0.26791101E-01  0.40809724E-01 -0.32677981E-01
 -0.27237580E-01  0.41130835E-01 -0.31399587E-01
 -0.27683808E-01  0.41415703E-01 -0.30094889E-01
 -0.28128584E-01  0.41665667E-01 -0.28764254E-01
 -0.28570810E-01  0.41882064E-01 -0.27408177E-01
 -0.29009466E-01  0.42066228E-01 -0.26027296E-01
 -0.29443592E-01  0.42219490E-01 -0.24622414E-01
 -0.29872264E-01  0.42343169E-01 -0.23194497E-01
 -0.30294585E-01  0.42438565E-01 -0.21744678E-01
 -0.30709669E-01  0.42506953E-01 -0.20274246E-01
 -0.31116640E-01  0.42549571E-01 -0.18784630E-01
 -0.31514622E-01  0.42567613E-01 -0.17277369E-01
 -0.31902748E-01  0.42562219E-01 -0.15754086E-01
 -0.32280158E-01  0.42534474E-01 -0.14216454E-01
 -0.32646012E-01  0.42485400E-01 -0.12666160E-01
 -0.32999501E-01  0.42415961E-01 -0.11104873E-01
 -0.33339856E-01  0.42327060E-01 -0.95342160E-02
 -0.33666364E-01  0.42219549E-01 -0.79557459E-02
 -0.33978386E-01  0.42094225E-01 -0.63709376E-02
 -0.34275363E-01  0.41951847E-01 -0.47811809E-02
 -0.34556834E-01  0.41793134E-01 -0.31877851E-02
 -0.34822443E-01  0.41618770E-01 -0.15919914E-02
 -0.35071949E-01  0.41429413E-01  0.50063296E-05
 -0.30085966E-01 -0.50373903E-01 -0.85011009E-07
 -0.29497643E-01 -0.49808076E-01 -0.16891985E-02
 -0.28857392E-01 -0.49190714E-01 -0.33811077E-02
 -0.28167593E-01 -0.48521530E-01 -0.50783565E-02
 -0.27430885E-01 -0.47800012E-01 -0.67832097E-02
 -0.26650162E-01 -0.47025464E-01 -0.84975395E-02
 -0.25828575E-01 -0.46197068E-01 -0.10222736E-01
 -0.24969552E-01 -0.45313962E-01 -0.11959641E-01
 -0.24076806E-01 -0.44375314E-01 -0.13708516E-01
 -0.23154351E-01 -0.43380402E-01 -0.15469034E-01
 -0.22206510E-01 -0.42328686E-01 -0.17240292E-01
 -0.21237915E-01 -0.41219865E-01 -0.19020854E-01
 -0.20253495E-01 -0.40053918E-01 -0.20808794E-01
 -0.19258461E-01 -0.38831120E-01 -0.22601746E-01
 -0.18258274E-01 -0.37552043E-01 -0.24396954E-01
 -0.17258616E-01 -0.36217522E-01 -0.26191295E-01
 -0.16265352E-01 -0.34828611E-01 -0.27981295E-01
 -0.17465820E+00 -0.18272473E+00 -0.64672438E-01
 -0.16403640E+00 -0.16966287E+00 -0.65833007E-01
 -0.15376542E+00 -0.15710270E+00 -0.66764401E-01
 -0.14388493E+00 -0.14508259E+00 -0.67487549E-01
 -0.13442478E+00 -0.13362706E+00 -0.68023095E-01
 -0.12540616E+00 -0.12274873E+00 -0.68391086E-01
 -0.11684277E+00 -0.11245022E+00 -0.68610728E-01
 -0.10874190E+00 -0.10272599E+00 -0.68700192E-01
 -0.10110539E+00 -0.93563968E-01 -0.68676472E-01
 -0.93930581E-01 -0.84947060E-01 -0.68555279E-01
 -0.87211031E-01 -0.76854429E-01 -0.68350960E-01
 -0.80937218E-01 -0.69262633E-01 -0.68076463E-01
 -0.75097108E-01 -0.62146568E-01 -0.67743317E-01
 -0.69676640E-01 -0.55480247E-01 -0.67361643E-01
 -0.64660155E-01 -0.49237435E-01 -0.66940189E-01
 -0.60030754E-01 -0.43392152E-01 -0.66486379E-01
 -0.55770627E-01 -0.37919050E-01 -0.66006396E-01
 -0.51861333E-01 -0.32793701E-01 -0.65505265E-01
 -0.48284061E-01 -0.27992797E-01 -0.64986963E-01
 -0.45019868E-01 -0.23494276E-01 -0.64454523E-01
 -0.42049885E-01 -0.19277400E-01 -0.63910158E-01
 -0.39355519E-01 -0.15322781E-01 -0.63355376E-01
 -0.36918617E-01 -0.11612376E-01 -0.62791092E-01
 -0.34721618E-01 -0.81294551E-02 -0.62217739E-01
 -0.32747677E-01 -0.48585523E-02 -0.61635363E-01
 -0.30980763E-01 -0.17854021E-02 -0.61043709E-01
 -0.29405728E-01  0.11031320E-02 -0.60442298E-01
 -0.28008357E-01  0.38191328E-02 -0.59830483E-01
 -0.26775380E-01  0.63737071E-02 -0.59207498E-01
 -0.25694476E-01  0.87770636E-02 -0.58572499E-01
 -0.24754236E-01  0.11038588E-01 -0.57924582E-01
 -0.23944131E-01  0.13166917E-01 -0.57262810E-01
 -0.23254441E-01  0.15170008E-01 -0.56586220E-01
 -0.22676199E-01  0.17055204E-01 -0.55893838E-01
 -0.22201106E-01  0.18829294E-01 -0.55184682E-01
 -0.21821462E-01  0.20498570E-01 -0.54457772E-01
 -0.21530089E-01  0.22068878E-01 -0.53712141E-01
 -0.21320259E-01  0.23545659E-01 -0.52946842E-01
 -0.21185634E-01  0.24933992E-01 -0.52160962E-01
 -0.21120212E-01  0.26238622E-01 -0.51353633E-01
 -0.21118281E-01  0.27463992E-01 -0.50524046E-01
 -0.21174387E-01  0.28614264E-01 -0.49671466E-01
 -0.21283310E-01  0.29693332E-01 -0.48795237E-01
 -0.21440054E-01  0.30704843E-01 -0.47894795E-01
 -0.21639833E-01  0.31652202E-01 -0.46969669E-01
 -0.21878079E-01  0.32538582E-01 -0.46019484E-01
 -0.22150448E-01  0.33366935E-01 -0.45043949E-01
 -0.22452822E-01  0.34139994E-01 -0.44042861E-01
 -0.22781329E-01  0.34860287E-01 -0.43016080E-01
 -0.23132345E-01  0.35530145E-01 -0.41963526E-01
 -0.23502507E-01  0.36151716E-01 -0.40885161E-01
 -0.23888718E-01  0.36726975E-01 -0.39780974E-01
 -0.24288146E-01  0.37257746E-01 -0.38650972E-01
 -0.24698227E-01  0.37745719E-01 -0.37495178E-01
 -0.25116650E-01  0.38192467E-01 -0.36313621E-01
 -0.25541353E-01  0.38599470E-01 -0.35106347E-01
 -0.25970501E-01  0.38968132E-01 -0.33873423E-01
 -0.26402468E-01  0.39299799E-01 -0.32614955E-01
 -0.26835816E-01  0.39595779E-01 -0.31331107E-01
 -0.27269266E-01  0.39857350E-01 -0.30022121E-01
 -0.27701674E-01  0.40085773E-01 -0.28688337E-01
 -0.28132006E-01  0.40282300E-01 -0.27330218E-01
 -0.28559311E-01  0.40448174E-01 -0.25948365E-01
 -0.28982695E-01  0.40584626E-01 -0.24543531E-01
 -0.29401309E-01  0.40692877E-01 -0.23116628E-01
 -0.29814320E-01  0.40774128E-01 -0.21668722E-01
 -0.30220909E-01  0.40829555E-01 -0.20201028E-01
 -0.30620253E-01  0.40860298E-01 -0.18714895E-01
 -0.31011530E-01  0.40867456E-01 -0.17211778E-01
 -0.31393909E-01  0.40852082E-01 -0.15693212E-01
 -0.31766564E-01  0.40815176E-01 -0.14160785E-01
 -0.32128676E-01  0.40757683E-01 -0.12616101E-01
 -0.32479446E-01  0.40680498E-01 -0.11060754E-01
 -0.32818110E-01  0.40584462E-01 -0.94962996E-02
 -0.33143951E-01  0.40470369E-01 -0.79242360E-02
 -0.33456317E-01  0.40338975E-01 -0.63459904E-02
 -0.33754635E-01  0.40191001E-01 -0.47629146E-02
 -0.34038424E-01  0.40027138E-01 -0.31762881E-02
 -0.34307311E-01  0.39848056E-01 -0.15873290E-02
 -0.34561032E-01  0.39654407E-01  0.27886091E-05
 -0.29314857E-01 -0.51773722E-01 -0.39200036E-07
 -0.28725413E-01 -0.51214968E-01 -0.17218338E-02
 -0.28082963E-01 -0.50608882E-01 -0.34465123E-02
 -0.27389707E-01 -0.49954979E-01 -0.51768175E-02
 -0.26648129E-01 -0.49252495E-01 -0.69151864E-02
 -0.25861002E-01 -0.48500444E-01 -0.86636215E-02
 -0.25031394E-01 -0.47697689E-01 -0.10423588E-01
 -0.24162680E-01 -0.46843019E-01 -0.12195945E-01
 -0.23258547E-01 -0.45935246E-01 -0.13980910E-01
 -0.22323002E-01 -0.44973291E-01 -0.15778060E-01
 -0.21360368E-01 -0.43956261E-01 -0.17586359E-01
 -0.20375268E-01 -0.42883525E-01 -0.19404219E-01
 -0.19372603E-01 -0.41754754E-01 -0.21229563E-01
 -0.18357519E-01 -0.40569951E-01 -0.23059903E-01
 -0.17335365E-01 -0.39329444E-01 -0.24892410E-01
 -0.16311651E-01 -0.38033866E-01 -0.26723965E-01
 -0.15292011E-01 -0.36684096E-01 -0.28551178E-01
 -0.18987517E+00 -0.19482495E+00 -0.71127346E-01
 -0.17736588E+00 -0.17985132E+00 -0.72013698E-01
 -0.16538818E+00 -0.16559385E+00 -0.72650407E-01
 -0.15397540E+00 -0.15208027E+00 -0.73065911E-01
 -0.14314843E+00 -0.13932186E+00 -0.73287287E-01
 -0.13291774E+00 -0.12731638E+00 -0.73339979E-01
 -0.12328525E+00 -0.11605084E+00 -0.73247621E-01
 -0.11424597E+00 -0.10550393E+00 -0.73031932E-01
 -0.10578948E+00 -0.95648151E-01 -0.72712663E-01
 -0.97901127E-01 -0.86451679E-01 -0.72307586E-01
 -0.90563036E-01 -0.77879881E-01 -0.71832516E-01
 -0.83754957E-01 -0.69896582E-01 -0.71301354E-01
 -0.77454918E-01 -0.62465086E-01 -0.70726155E-01
 -0.71639766E-01 -0.55548964E-01 -0.70117212E-01
 -0.66285587E-01 -0.49112670E-01 -0.69483158E-01
 -0.61368058E-01 -0.43121983E-01 -0.68831084E-01
 -0.56862725E-01 -0.37544321E-01 -0.68166664E-01
 -0.52745244E-01 -0.32348943E-01 -0.67494294E-01
 -0.48991580E-01 -0.27507060E-01 -0.66817238E-01
 -0.45578187E-01 -0.22991876E-01 -0.66137772E-01
 -0.42482164E-01 -0.18778581E-01 -0.65457328E-01
 -0.39681394E-01 -0.14844292E-01 -0.64776637E-01
 -0.37154658E-01 -0.11167976E-01 -0.64095858E-01
 -0.34881740E-01 -0.77303487E-02 -0.63414701E-01
 -0.32843504E-01 -0.45137623E-02 -0.62732527E-01
 -0.31021949E-01 -0.15020889E-02 -0.62048448E-01
 -0.29400244E-01  0.13193984E-02 -0.61361395E-01
 -0.27962740E-01  0.39641415E-02 -0.60670183E-01
 -0.26694955E-01  0.64444095E-02 -0.59973553E-01
 -0.25583544E-01  0.87714043E-02 -0.59270212E-01
 -0.24616247E-01  0.10955361E-01 -0.58558850E-01
 -0.23781820E-01  0.13005641E-01 -0.57838155E-01
 -0.23069963E-01  0.14930815E-01 -0.57106829E-01
 -0.22471230E-01  0.16738745E-01 -0.56363589E-01
 -0.21976937E-01  0.18436656E-01 -0.55607173E-01
 -0.21579078E-01  0.20031198E-01 -0.54836344E-01
 -0.21270233E-01  0.21528507E-01 -0.54049901E-01
 -0.21043492E-01  0.22934255E-01 -0.53246682E-01
 -0.20892378E-01  0.24253701E-01 -0.52425577E-01
 -0.20810787E-01  0.25491721E-01 -0.51585539E-01
 -0.20792939E-01  0.26652852E-01 -0.50725593E-01
 -0.20833331E-01  0.27741312E-01 -0.49844853E-01
 -0.20926718E-01  0.28761028E-01 -0.48942523E-01
 -0.21068085E-01  0.29715656E-01 -0.48017910E-01
 -0.21252642E-01  0.30608592E-01 -0.47070424E-01
 -0.21475822E-01  0.31442988E-01 -0.46099581E-01
 -0.21733283E-01  0.32221766E-01 -0.45104991E-01
 -0.22020913E-01  0.32947624E-01 -0.44086357E-01
 -0.22334844E-01  0.33623051E-01 -0.43043459E-01
 -0.22671460E-01  0.34250335E-01 -0.41976142E-01
 -0.23027402E-01  0.34831581E-01 -0.40884302E-01
 -0.23399581E-01  0.35368720E-01 -0.39767874E-01
 -0.23785173E-01  0.35863533E-01 -0.38626819E-01
 -0.24181622E-01  0.36317661E-01 -0.37461121E-01
 -0.24586632E-01  0.36732627E-01 -0.36270783E-01
 -0.24998157E-01  0.37109859E-01 -0.35055826E-01
 -0.25414384E-01  0.37450704E-01 -0.33816304E-01
 -0.25833714E-01  0.37756446E-01 -0.32552310E-01
 -0.26254741E-01  0.38028327E-01 -0.31263997E-01
 -0.26676223E-01  0.38267554E-01 -0.29951593E-01
 -0.27097060E-01  0.38475314E-01 -0.28615421E-01
 -0.27516262E-01  0.38652777E-01 -0.27255922E-01
 -0.27932929E-01  0.38801103E-01 -0.25873663E-01
 -0.28346220E-01  0.38921440E-01 -0.24469356E-01
 -0.28755336E-01  0.39014919E-01 -0.23043856E-01
 -0.29159499E-01  0.39082655E-01 -0.21598167E-01
 -0.29557939E-01  0.39125734E-01 -0.20133429E-01
 -0.29949884E-01  0.39145211E-01 -0.18650906E-01
 -0.30334553E-01  0.39142102E-01 -0.17151966E-01
 -0.30711159E-01  0.39117376E-01 -0.15638055E-01
 -0.31078909E-01  0.39071956E-01 -0.14110671E-01
 -0.31437013E-01  0.39006715E-01 -0.12571334E-01
 -0.31784698E-01  0.38922478E-01 -0.11021564E-01
 -0.32121215E-01  0.38820024E-01 -0.94628511E-02
 -0.32445862E-01  0.38700092E-01 -0.78966411E-02
 -0.32757993E-01  0.38563389E-01 -0.63243227E-02
 -0.33057036E-01  0.38410594E-01 -0.47472217E-02
 -0.33342511E-01  0.38242367E-01 -0.31666029E-02
 -0.33614036E-01  0.38059356E-01 -0.15836784E-02
 -0.33871340E-01  0.37862197E-01  0.37810086E-06
 -0.28642598E-01 -0.53250246E-01  0.23201281E-07
 -0.28052388E-01 -0.52701949E-01 -0.17526364E-02
 -0.27406923E-01 -0.52110410E-01 -0.35082491E-02
 -0.26708276E-01 -0.51474939E-01 -0.52697417E-02
 -0.25958885E-01 -0.50794537E-01 -0.70397100E-02
 -0.25161560E-01 -0.50067961E-01 -0.88202731E-02
 -0.24319476E-01 -0.49293791E-01 -0.10612960E-01
 -0.23436171E-01 -0.48470526E-01 -0.12418634E-01
 -0.22515541E-01 -0.47596670E-01 -0.14237457E-01
 -0.21561813E-01 -0.46670832E-01 -0.16068902E-01
 -0.20579524E-01 -0.45691811E-01 -0.17911789E-01
 -0.19573475E-01 -0.44658667E-01 -0.19764369E-01
 -0.18548688E-01 -0.43570770E-01 -0.21624408E-01
 -0.17510347E-01 -0.42427830E-01 -0.23489291E-01
 -0.16463745E-01 -0.41229899E-01 -0.25356114E-01
 -0.15414232E-01 -0.39977341E-01 -0.27221755E-01
 -0.14367171E-01 -0.38670788E-01 -0.29082916E-01
 -0.13327912E-01 -0.37311074E-01 -0.30936114E-01
 -0.18986741E+00 -0.18922075E+00 -0.78582066E-01
 -0.17607781E+00 -0.17320394E+00 -0.78842468E-01
 -0.16306627E+00 -0.15817073E+00 -0.78876652E-01
 -0.15083780E+00 -0.14411153E+00 -0.78718474E-01
 -0.13938582E+00 -0.13100253E+00 -0.78398758E-01
 -0.12869484E+00 -0.11880933E+00 -0.77945281E-01
 -0.11874275E+00 -0.10749001E+00 -0.77382831E-01
 -0.10950270E+00 -0.96997730E-01 -0.76733315E-01
 -0.10094462E+00 -0.87282786E-01 -0.76015906E-01
 -0.93036420E-01 -0.78294309E-01 -0.75247190E-01
 -0.85744878E-01 -0.69981554E-01 -0.74441335E-01
 -0.79036348E-01 -0.62294883E-01 -0.73610266E-01
 -0.72877257E-01 -0.55186482E-01 -0.72763835E-01
 -0.67234470E-01 -0.48610865E-01 -0.71910002E-01
 -0.62075553E-01 -0.42525193E-01 -0.71055019E-01
 -0.57368965E-01 -0.36889457E-01 -0.70203612E-01
 -0.53084194E-01 -0.31666549E-01 -0.69359162E-01
 -0.49191872E-01 -0.26822251E-01 -0.68523891E-01
 -0.45663852E-01 -0.22325153E-01 -0.67699034E-01
 -0.42473281E-01 -0.18146541E-01 -0.66885010E-01
 -0.39594659E-01 -0.14260239E-01 -0.66081577E-01
 -0.37003887E-01 -0.10642444E-01 -0.65287977E-01
 -0.34678296E-01 -0.72715477E-02 -0.64503062E-01
 -0.32596672E-01 -0.41279572E-02 -0.63725406E-01
 -0.30739262E-01 -0.11939174E-02 -0.62953397E-01
 -0.29087759E-01  0.15466564E-02 -0.62185307E-01
 -0.27625276E-01  0.41083386E-02 -0.61419357E-01
 -0.26336297E-01  0.65043412E-02 -0.60653751E-01
 -0.25206618E-01  0.87466512E-02 -0.59886709E-01
 -0.24223269E-01  0.10846155E-01 -0.59116487E-01
 -0.23374422E-01  0.12812753E-01 -0.58341382E-01
 -0.22649303E-01  0.14655461E-01 -0.57559740E-01
 -0.22038081E-01  0.16382506E-01 -0.56769960E-01
 -0.21531770E-01  0.18001408E-01 -0.55970490E-01
 -0.21122129E-01  0.19519054E-01 -0.55159835E-01
 -0.20801558E-01  0.20941766E-01 -0.54336556E-01
 -0.20563017E-01  0.22275360E-01 -0.53499275E-01
 -0.20399941E-01  0.23525194E-01 -0.52646687E-01
 -0.20306173E-01  0.24696219E-01 -0.51777565E-01
 -0.20275904E-01  0.25793013E-01 -0.50890770E-01
 -0.20303630E-01  0.26819811E-01 -0.49985261E-01
 -0.20384118E-01  0.27780540E-01 -0.49060102E-01
 -0.20512381E-01  0.28678835E-01 -0.48114468E-01
 -0.20683667E-01  0.29518059E-01 -0.47147647E-01
 -0.20893448E-01  0.30301323E-01 -0.46159037E-01
 -0.21137427E-01  0.31031495E-01 -0.45148144E-01
 -0.21411538E-01  0.31711216E-01 -0.44114569E-01
 -0.21711957E-01  0.32342914E-01 -0.43058003E-01
 -0.22035110E-01  0.32928814E-01 -0.41978209E-01
 -0.22377677E-01  0.33470955E-01 -0.40875014E-01
 -0.22736604E-01  0.33971202E-01 -0.39748292E-01
 -0.23109101E-01  0.34431270E-01 -0.38597958E-01
 -0.23492641E-01  0.34852732E-01 -0.37423958E-01
 -0.23884959E-01  0.35237049E-01 -0.36226268E-01
 -0.24284033E-01  0.35585580E-01 -0.35004896E-01
 -0.24688080E-01  0.35899605E-01 -0.33759885E-01
 -0.25095526E-01  0.36180343E-01 -0.32491328E-01
 -0.25504993E-01  0.36428965E-01 -0.31199376E-01
 -0.25915268E-01  0.36646612E-01 -0.29884256E-01
 -0.26325281E-01  0.36834397E-01 -0.28546287E-01
 -0.26734075E-01  0.36993420E-01 -0.27185895E-01
 -0.27140783E-01  0.37124767E-01 -0.25803626E-01
 -0.27544601E-01  0.37229509E-01 -0.24400155E-01
 -0.27944765E-01  0.37308705E-01 -0.22976290E-01
 -0.28340536E-01  0.37363391E-01 -0.21532974E-01
 -0.28731183E-01  0.37394579E-01 -0.20071272E-01
 -0.29115973E-01  0.37403245E-01 -0.18592368E-01
 -0.29494166E-01  0.37390331E-01 -0.17097538E-01
 -0.29865013E-01  0.37356733E-01 -0.15588137E-01
 -0.30227758E-01  0.37303303E-01 -0.14065571E-01
 -0.30581649E-01  0.37230844E-01 -0.12531277E-01
 -0.30925945E-01  0.37140117E-01 -0.10986696E-01
 -0.31259929E-01  0.37031838E-01 -0.94332581E-02
 -0.31582925E-01  0.36906693E-01 -0.78723595E-02
 -0.31894310E-01  0.36765337E-01 -0.63053568E-02
 -0.32193530E-01  0.36608405E-01 -0.47335589E-02
 -0.32480118E-01  0.36436523E-01 -0.31582274E-02
 -0.32753701E-01  0.36250308E-01 -0.15805819E-02
 -0.33014009E-01  0.36050380E-01 -0.18103542E-05
 -0.28052334E-01 -0.54746750E-01  0.84508881E-07
 -0.27461717E-01 -0.54212206E-01 -0.17821300E-02
 -0.26812663E-01 -0.53638457E-01 -0.35673338E-02
 -0.26107185E-01 -0.53024612E-01 -0.53585877E-02
 -0.25347792E-01 -0.52369467E-01 -0.71586000E-02
 -0.24537477E-01 -0.51671565E-01 -0.89695674E-02
 -0.23679702E-01 -0.50929267E-01 -0.10793051E-01
 -0.22778366E-01 -0.50140841E-01 -0.12629896E-01
 -0.21837765E-01 -0.49304556E-01 -0.14480201E-01
 -0.20862538E-01 -0.48418771E-01 -0.16343328E-01
 -0.19857600E-01 -0.47482024E-01 -0.18217965E-01
 -0.18828071E-01 -0.46493094E-01 -0.20102213E-01
 -0.17779189E-01 -0.45451062E-01 -0.21993703E-01
 -0.16716237E-01 -0.44355328E-01 -0.23889714E-01
 -0.15644463E-01 -0.43205620E-01 -0.25787288E-01
 -0.14569022E-01 -0.42001968E-01 -0.27683324E-01
 -0.13494941E-01 -0.40744664E-01 -0.29574626E-01
 -0.12427097E-01 -0.39434198E-01 -0.31457912E-01
 -0.20113259E+00 -0.19742644E+00 -0.85472243E-01
 -0.18547474E+00 -0.17964014E+00 -0.85270079E-01
 -0.17084541E+00 -0.16310993E+00 -0.84847408E-01
 -0.15722542E+00 -0.14779658E+00 -0.84244698E-01
 -0.14458392E+00 -0.13364735E+00 -0.83497635E-01
 -0.13288195E+00 -0.12060042E+00 -0.82637391E-01
 -0.12207523E+00 -0.10858852E+00 -0.81690947E-01
 -0.11211645E+00 -0.97541774E-01 -0.80681431E-01
 -0.10295693E+00 -0.87389875E-01 -0.79628469E-01
 -0.94547853E-01 -0.78063749E-01 -0.78548508E-01
 -0.86841190E-01 -0.69496728E-01 -0.77455136E-01
 -0.79790263E-01 -0.61625373E-01 -0.76359365E-01
 -0.73350138E-01 -0.54389999E-01 -0.75269912E-01
 -0.67477842E-01 -0.47734968E-01 -0.74193456E-01
 -0.62132476E-01 -0.41608818E-01 -0.73134883E-01
 -0.57275255E-01 -0.35964247E-01 -0.72097521E-01
 -0.52869499E-01 -0.30758009E-01 -0.71083361E-01
 -0.48880608E-01 -0.25950740E-01 -0.70093270E-01
 -0.45276022E-01 -0.21506736E-01 -0.69127187E-01
 -0.42025178E-01 -0.17393710E-01 -0.68184308E-01
 -0.39099467E-01 -0.13582525E-01 -0.67263251E-01
 -0.36472195E-01 -0.10046934E-01 -0.66362206E-01
 -0.34118535E-01 -0.67633183E-02 -0.65479064E-01
 -0.32015485E-01 -0.37104378E-02 -0.64611524E-01
 -0.30141810E-01 -0.86919411E-03 -0.63757183E-01
 -0.28477985E-01  0.17775889E-02 -0.62913605E-01
 -0.27006119E-01  0.42453673E-02 -0.62078373E-01
 -0.25709875E-01  0.65480622E-02 -0.61249122E-01
 -0.24574380E-01  0.86982270E-02 -0.60423566E-01
 -0.23586117E-01  0.10707198E-01 -0.59599508E-01
 -0.22732822E-01  0.12585230E-01 -0.58774841E-01
 -0.22003370E-01  0.14341616E-01 -0.57947555E-01
 -0.21387656E-01  0.15984794E-01 -0.57115727E-01
 -0.20876484E-01  0.17522446E-01 -0.56277521E-01
 -0.20461453E-01  0.18961577E-01 -0.55431186E-01
 -0.20134859E-01  0.20308593E-01 -0.54575055E-01
 -0.19889591E-01  0.21569362E-01 -0.53707544E-01
 -0.19719049E-01  0.22749276E-01 -0.52827160E-01
 -0.19617072E-01  0.23853292E-01 -0.51932506E-01
 -0.19577871E-01  0.24885980E-01 -0.51022283E-01
 -0.19595982E-01  0.25851553E-01 -0.50095304E-01
 -0.19666228E-01  0.26753900E-01 -0.49150494E-01
 -0.19783690E-01  0.27596607E-01 -0.48186895E-01
 -0.19943689E-01  0.28382981E-01 -0.47203668E-01
 -0.20141780E-01  0.29116065E-01 -0.46200092E-01
 -0.20373748E-01  0.29798656E-01 -0.45175556E-01
 -0.20635609E-01  0.30433318E-01 -0.44129557E-01
 -0.20923616E-01  0.31022398E-01 -0.43061684E-01
 -0.21234270E-01  0.31568038E-01 -0.41971613E-01
 -0.21564322E-01  0.32072194E-01 -0.40859090E-01
 -0.21910778E-01  0.32536649E-01 -0.39723928E-01
 -0.22270907E-01  0.32963036E-01 -0.38565987E-01
 -0.22642231E-01  0.33352850E-01 -0.37385179E-01
 -0.23022528E-01  0.33707473E-01 -0.36181457E-01
 -0.23409818E-01  0.34028191E-01 -0.34954816E-01
 -0.23802347E-01  0.34316213E-01 -0.33705303E-01
 -0.24198574E-01  0.34572688E-01 -0.32433014E-01
 -0.24597146E-01  0.34798720E-01 -0.31138114E-01
 -0.24996874E-01  0.34995382E-01 -0.29820842E-01
 -0.25396710E-01  0.35163724E-01 -0.28481522E-01
 -0.25795720E-01  0.35304780E-01 -0.27120581E-01
 -0.26193058E-01  0.35419572E-01 -0.25738553E-01
 -0.26587941E-01  0.35509106E-01 -0.24336087E-01
 -0.26979633E-01  0.35574373E-01 -0.22913953E-01
 -0.27367420E-01  0.35616345E-01 -0.21473035E-01
 -0.27750600E-01  0.35635965E-01 -0.20014332E-01
 -0.28128472E-01  0.35634144E-01 -0.18538945E-01
 -0.28500330E-01  0.35611755E-01 -0.17048064E-01
 -0.28865463E-01  0.35569628E-01 -0.15542951E-01
 -0.29223155E-01  0.35508549E-01 -0.14024920E-01
 -0.29572692E-01  0.35429259E-01 -0.12495323E-01
 -0.29913376E-01  0.35332457E-01 -0.10955526E-01
 -0.30244529E-01  0.35218802E-01 -0.94068963E-02
 -0.30565514E-01  0.35088926E-01 -0.78507852E-02
 -0.30875742E-01  0.34943434E-01 -0.62885209E-02
 -0.31174693E-01  0.34782920E-01 -0.47214013E-02
 -0.31461922E-01  0.34607969E-01 -0.31506924E-02
 -0.31737077E-01  0.34419170E-01 -0.15776310E-02
 -0.31999900E-01  0.34217118E-01 -0.34300052E-05
 -0.27524961E-01 -0.56191850E-01  0.12461602E-06
 -0.26934400E-01 -0.55674156E-01 -0.18107662E-02
 -0.26281701E-01 -0.55121332E-01 -0.36246343E-02
 -0.25568898E-01 -0.54532306E-01 -0.54445896E-02
 -0.24798669E-01 -0.53905710E-01 -0.72733761E-02
 -0.23974316E-01 -0.53239929E-01 -0.91132027E-02
 -0.23099718E-01 -0.52533176E-01 -0.10965615E-01
 -0.22179270E-01 -0.51783568E-01 -0.12831410E-01
 -0.21217797E-01 -0.50989213E-01 -0.14710610E-01
 -0.20220457E-01 -0.50148289E-01 -0.16602481E-01
 -0.19192635E-01 -0.49259125E-01 -0.18505599E-01
 -0.18139820E-01 -0.48320259E-01 -0.20417957E-01
 -0.17067495E-01 -0.47330483E-01 -0.22337095E-01
 -0.15981026E-01 -0.46288869E-01 -0.24260235E-01
 -0.14885573E-01 -0.45194773E-01 -0.26184416E-01
 -0.13786030E-01 -0.44047816E-01 -0.28106593E-01
 -0.12686987E-01 -0.42847847E-01 -0.30023706E-01
 -0.11592738E-01 -0.41594899E-01 -0.31932684E-01
 -0.10507330E-01 -0.40289127E-01 -0.33830397E-01
 -0.19322035E+00 -0.18460925E+00 -0.91847694E-01
 -0.17701254E+00 -0.16666207E+00 -0.90894444E-01
 -0.16206331E+00 -0.15019139E+00 -0.89785983E-01
 -0.14831002E+00 -0.13510815E+00 -0.88561761E-01
 -0.13568424E+00 -0.12131746E+00 -0.87255106E-01
 -0.12411485E+00 -0.10872248E+00 -0.85893907E-01
 -0.11353052E+00 -0.97227320E-01 -0.84501260E-01
 -0.10386131E+00 -0.86739057E-01 -0.83096059E-01
 -0.95039870E-01 -0.77169158E-01 -0.81693530E-01
 -0.87002069E-01 -0.68434361E-01 -0.80305704E-01
 -0.79687412E-01 -0.60457181E-01 -0.78941835E-01
 -0.73039172E-01 -0.53166115E-01 -0.77608770E-01
 -0.67004374E-01 -0.46495645E-01 -0.76311285E-01
 -0.61533688E-01 -0.40386078E-01 -0.75052383E-01
 -0.56581257E-01 -0.34783298E-01 -0.73833569E-01
 -0.52104504E-01 -0.29638428E-01 -0.72655099E-01
 -0.48063938E-01 -0.24907480E-01 -0.71516211E-01
 -0.44422955E-01 -0.20550961E-01 -0.70415333E-01
 -0.41147674E-01 -0.16533491E-01 -0.69350268E-01
 -0.38206771E-01 -0.12823427E-01 -0.68318367E-01
 -0.35571340E-01 -0.93924937E-02 -0.67316667E-01
 -0.33214766E-01 -0.62154459E-02 -0.66342022E-01
 -0.31112600E-01 -0.32697459E-02 -0.65391199E-01
 -0.29242449E-01 -0.53527029E-03 -0.64460964E-01
 -0.27583857E-01  0.20059584E-02 -0.63548137E-01
 -0.26118194E-01  0.43700151E-02 -0.62649643E-01
 -0.24828535E-01  0.65712910E-02 -0.61762531E-01
 -0.23699543E-01  0.86226893E-02 -0.60883999E-01
 -0.22717338E-01  0.10535800E-01 -0.60011390E-01
 -0.21869375E-01  0.12321055E-01 -0.59142197E-01
 -0.21144314E-01  0.13987865E-01 -0.58274054E-01
 -0.20531893E-01  0.15544739E-01 -0.57404726E-01
 -0.20022807E-01  0.16999394E-01 -0.56532104E-01
 -0.19608588E-01  0.18358841E-01 -0.55654195E-01
 -0.19281494E-01  0.19629474E-01 -0.54769118E-01
 -0.19034412E-01  0.20817134E-01 -0.53875100E-01
 -0.18860768E-01  0.21927167E-01 -0.52970475E-01
 -0.18754446E-01  0.22964481E-01 -0.52053690E-01
 -0.18709724E-01  0.23933585E-01 -0.51123299E-01
 -0.18721220E-01  0.24838626E-01 -0.50177977E-01
 -0.18783853E-01  0.25683416E-01 -0.49216516E-01
 -0.18892808E-01  0.26471463E-01 -0.48237827E-01
 -0.19043519E-01  0.27205988E-01 -0.47240947E-01
 -0.19231655E-01  0.27889944E-01 -0.46225028E-01
 -0.19453114E-01  0.28526034E-01 -0.45189342E-01
 -0.19704025E-01  0.29116727E-01 -0.44133269E-01
 -0.19980753E-01  0.29664271E-01 -0.43056293E-01
 -0.20279898E-01  0.30170712E-01 -0.41957991E-01
 -0.20598306E-01  0.30637908E-01 -0.40838028E-01
 -0.20933071E-01  0.31067550E-01 -0.39696142E-01
 -0.21281538E-01  0.31461180E-01 -0.38532143E-01
 -0.21641298E-01  0.31820206E-01 -0.37345902E-01
 -0.22010189E-01  0.32145930E-01 -0.36137352E-01
 -0.22386280E-01  0.32439560E-01 -0.34906484E-01
 -0.22767860E-01  0.32702233E-01 -0.33653348E-01
 -0.23153422E-01  0.32935030E-01 -0.32378060E-01
 -0.23541641E-01  0.33138993E-01 -0.31080804E-01
 -0.23931352E-01  0.33315131E-01 -0.29761841E-01
 -0.24321525E-01  0.33464436E-01 -0.28421518E-01
 -0.24711243E-01  0.33587884E-01 -0.27060271E-01
 -0.25099675E-01  0.33686437E-01 -0.25678632E-01
 -0.25486052E-01  0.33761045E-01 -0.24277237E-01
 -0.25869655E-01  0.33812640E-01 -0.22856824E-01
 -0.26249789E-01  0.33842134E-01 -0.21418230E-01
 -0.26625773E-01  0.33850408E-01 -0.19962391E-01
 -0.26996933E-01  0.33838314E-01 -0.18490333E-01
 -0.27362594E-01  0.33806664E-01 -0.17003161E-01
 -0.27722078E-01  0.33756227E-01 -0.15502047E-01
 -0.28074710E-01  0.33687728E-01 -0.13988217E-01
 -0.28419820E-01  0.33601853E-01 -0.12462939E-01
 -0.28756753E-01  0.33499242E-01 -0.10927504E-01
 -0.29084879E-01  0.33380505E-01 -0.93832199E-02
 -0.29403605E-01  0.33246221E-01 -0.78313944E-02
 -0.29712387E-01  0.33096954E-01 -0.62733302E-02
 -0.30010744E-01  0.32933255E-01 -0.47103175E-02
 -0.30298266E-01  0.32755674E-01 -0.31436313E-02
 -0.30574626E-01  0.32564769E-01 -0.15745306E-02
 -0.30839588E-01  0.32361109E-01 -0.42602120E-05
 -0.27037867E-01 -0.57499775E-01  0.12523666E-06
 -0.26448033E-01 -0.57001788E-01 -0.18388319E-02
 -0.25792408E-01 -0.56472893E-01 -0.36806895E-02
 -0.25073113E-01 -0.55911871E-01 -0.55284939E-02
 -0.24293073E-01 -0.55317241E-01 -0.73849218E-02
 -0.23455966E-01 -0.54687298E-01 -0.92521100E-02
 -0.22566151E-01 -0.54020183E-01 -0.11131526E-01
 -0.21628564E-01 -0.53313943E-01 -0.13023885E-01
 -0.20648586E-01 -0.52566604E-01 -0.14929127E-01
 -0.19631900E-01 -0.51776234E-01 -0.16846437E-01
 -0.18584336E-01 -0.50941005E-01 -0.18774324E-01
 -0.17511711E-01 -0.50059242E-01 -0.20710733E-01
 -0.16419682E-01 -0.49129458E-01 -0.22653182E-01
 -0.15313613E-01 -0.48150375E-01 -0.24598910E-01
 -0.14198477E-01 -0.47120927E-01 -0.26545017E-01
 -0.13078792E-01 -0.46040247E-01 -0.28488573E-01
 -0.11958603E-01 -0.44907646E-01 -0.30426686E-01
 -0.10841515E-01 -0.43722579E-01 -0.32356517E-01
 -0.97307737E-02 -0.42484606E-01 -0.34275218E-01
 -0.19897339E+00 -0.18783348E+00 -0.98477860E-01
 -0.18129320E+00 -0.16861256E+00 -0.96926222E-01
 -0.16513441E+00 -0.15113443E+00 -0.95258078E-01
 -0.15039557E+00 -0.13526708E+00 -0.93514931E-01
 -0.13697347E+00 -0.12087786E+00 -0.91730555E-01
 -0.12476638E+00 -0.10783728E+00 -0.89932109E-01
 -0.11367634E+00 -0.96021524E-01 -0.88141146E-01
 -0.10361050E+00 -0.85314063E-01 -0.86374473E-01
 -0.94481934E-01 -0.75606580E-01 -0.84644906E-01
 -0.86209977E-01 -0.66799361E-01 -0.82961897E-01
 -0.78720210E-01 -0.58801325E-01 -0.81332073E-01
 -0.71944274E-01 -0.51529802E-01 -0.79759692E-01
 -0.65819535E-01 -0.44910148E-01 -0.78247039E-01
 -0.60288682E-01 -0.38875245E-01 -0.76794758E-01
 -0.55299310E-01 -0.33364958E-01 -0.75402159E-01
 -0.50803495E-01 -0.28325562E-01 -0.74067471E-01
 -0.46757409E-01 -0.23709168E-01 -0.72788083E-01
 -0.43120957E-01 -0.19473167E-01 -0.71560745E-01
 -0.39857462E-01 -0.15579701E-01 -0.70381750E-01
 -0.36933383E-01 -0.11995167E-01 -0.69247092E-01
 -0.34318066E-01 -0.86897563E-02 -0.68152599E-01
 -0.31983529E-01 -0.56370323E-02 -0.67094047E-01
 -0.29904268E-01 -0.28135472E-02 -0.66067245E-01
 -0.28057078E-01 -0.19849421E-03 -0.65068108E-01
 -0.26420886E-01  0.22266042E-02 -0.64092706E-01
 -0.24976601E-01  0.44781755E-02 -0.63137298E-01
 -0.23706955E-01  0.65708458E-02 -0.62198349E-01
 -0.22596361E-01  0.85176603E-02 -0.61272541E-01
 -0.21630767E-01  0.10330279E-01 -0.60356766E-01
 -0.20797507E-01  0.12019148E-01 -0.59448124E-01
 -0.20085170E-01  0.13593650E-01 -0.58543905E-01
 -0.19483459E-01  0.15062240E-01 -0.57641578E-01
 -0.18983064E-01  0.16432553E-01 -0.56738776E-01
 -0.18575539E-01  0.17711511E-01 -0.55833283E-01
 -0.18253187E-01  0.18905406E-01 -0.54923023E-01
 -0.18008962E-01  0.20019970E-01 -0.54006052E-01
 -0.17836370E-01  0.21060441E-01 -0.53080553E-01
 -0.17729395E-01  0.22031616E-01 -0.52144830E-01
 -0.17682427E-01  0.22937890E-01 -0.51197308E-01
 -0.17690208E-01  0.23783295E-01 -0.50236536E-01
 -0.17747789E-01  0.24571532E-01 -0.49261180E-01
 -0.17850494E-01  0.25305992E-01 -0.48270031E-01
 -0.17993898E-01  0.25989780E-01 -0.47261999E-01
 -0.18173813E-01  0.26625734E-01 -0.46236115E-01
 -0.18386279E-01  0.27216441E-01 -0.45191529E-01
 -0.18627564E-01  0.27764256E-01 -0.44127501E-01
 -0.18894164E-01  0.28271314E-01 -0.43043405E-01
 -0.19182804E-01  0.28739552E-01 -0.41938717E-01
 -0.19490447E-01  0.29170724E-01 -0.40813009E-01
 -0.19814292E-01  0.29566421E-01 -0.39665949E-01
 -0.20151780E-01  0.29928090E-01 -0.38497288E-01
 -0.20500587E-01  0.30257054E-01 -0.37306859E-01
 -0.20858623E-01  0.30554533E-01 -0.36094575E-01
 -0.21224020E-01  0.30821661E-01 -0.34860423E-01
 -0.21595118E-01  0.31059508E-01 -0.33604465E-01
 -0.21970454E-01  0.31269091E-01 -0.32326839E-01
 -0.22348734E-01  0.31451392E-01 -0.31027757E-01
 -0.22728821E-01  0.31607365E-01 -0.29707512E-01
 -0.23109704E-01  0.31737949E-01 -0.28366478E-01
 -0.23490483E-01  0.31844064E-01 -0.27005111E-01
 -0.23870337E-01  0.31926621E-01 -0.25623953E-01
 -0.24248513E-01  0.31986515E-01 -0.24223635E-01
 -0.24624302E-01  0.32024623E-01 -0.22804871E-01
 -0.24997024E-01  0.32041801E-01 -0.21368461E-01
 -0.25366017E-01  0.32038874E-01 -0.19915286E-01
 -0.25730630E-01  0.32016636E-01 -0.18446304E-01
 -0.26090214E-01  0.31975841E-01 -0.16962541E-01
 -0.26444127E-01  0.31917205E-01 -0.15465087E-01
 -0.26791732E-01  0.31841397E-01 -0.13955084E-01
 -0.27132401E-01  0.31749050E-01 -0.12433719E-01
 -0.27465526E-01  0.31640757E-01 -0.10902215E-01
 -0.27790527E-01  0.31517081E-01 -0.93618202E-02
 -0.28106859E-01  0.31378560E-01 -0.78138026E-02
 -0.28414028E-01  0.31225717E-01 -0.62594408E-02
 -0.28711593E-01  0.31059070E-01 -0.47000192E-02
 -0.28999186E-01  0.30879138E-01 -0.31368232E-02
 -0.29276509E-01  0.30686450E-01 -0.15711361E-02
 -0.29543350E-01  0.30481551E-01 -0.42370187E-05
 -0.26563589E-01 -0.58571755E-01  0.73832059E-07
 -0.25975469E-01 -0.58096106E-01 -0.18663810E-02
 -0.25318592E-01 -0.57594025E-01 -0.37355793E-02
 -0.24595223E-01 -0.57064194E-01 -0.56103734E-02
 -0.23808556E-01 -0.56505073E-01 -0.74932548E-02
 -0.22962649E-01 -0.55914940E-01 -0.93861919E-02
 -0.22062310E-01 -0.55291939E-01 -0.11290506E-01
 -0.21112954E-01 -0.54634128E-01 -0.13206794E-01
 -0.20120426E-01 -0.53939521E-01 -0.15134909E-01
 -0.19090817E-01 -0.53206142E-01 -0.17073987E-01
 -0.18030266E-01 -0.52432053E-01 -0.19022522E-01
 -0.16944764E-01 -0.51615397E-01 -0.20978486E-01
 -0.15839982E-01 -0.50754412E-01 -0.22939459E-01
 -0.14721125E-01 -0.49847451E-01 -0.24902785E-01
 -0.13592827E-01 -0.48892981E-01 -0.26865703E-01
 -0.12459098E-01 -0.47889584E-01 -0.28825456E-01
 -0.11323326E-01 -0.46835943E-01 -0.30779362E-01
 -0.10188340E-01 -0.45730831E-01 -0.32724818E-01
 -0.90565315E-02 -0.44573098E-01 -0.34659242E-01
 -0.20242652E+00 -0.18906677E+00 -0.10505577E+00
 -0.18345160E+00 -0.16878061E+00 -0.10284802E+00
 -0.16626210E+00 -0.15049745E+00 -0.10057688E+00
 -0.15071201E+00 -0.13403741E+00 -0.98283662E-01
 -0.13665956E+00 -0.11922712E+00 -0.96000470E-01
 -0.12397009E+00 -0.10590289E+00 -0.93751848E-01
 -0.11251772E+00 -0.93912529E-01 -0.91556141E-01
 -0.10218625E+00 -0.83116153E-01 -0.89426644E-01
 -0.92869263E-01 -0.73386403E-01 -0.87372556E-01
 -0.84469990E-01 -0.64608138E-01 -0.85399748E-01
 -0.76900765E-01 -0.56677860E-01 -0.83511404E-01
 -0.70082397E-01 -0.49502970E-01 -0.81708539E-01
 -0.63943450E-01 -0.43000917E-01 -0.79990425E-01
 -0.58419506E-01 -0.37098331E-01 -0.78354953E-01
 -0.53452457E-01 -0.31730156E-01 -0.76798931E-01
 -0.48989846E-01 -0.26838811E-01 -0.75318344E-01
 -0.44984265E-01 -0.22373413E-01 -0.73908574E-01
 -0.41392828E-01 -0.18289041E-01 -0.72564585E-01
 -0.38176702E-01 -0.14546070E-01 -0.71281092E-01
 -0.35300704E-01 -0.11109561E-01 -0.70052694E-01
 -0.32732956E-01 -0.79487155E-02 -0.68873990E-01
 -0.30444575E-01 -0.50363790E-02 -0.67739671E-01
 -0.28409412E-01 -0.23486019E-02 -0.66644591E-01
 -0.26603816E-01  0.13575319E-03 -0.65583826E-01
 -0.25006423E-01  0.24353598E-02 -0.64552705E-01
 -0.23597960E-01  0.45667365E-02 -0.63546836E-01
 -0.22361066E-01  0.65445189E-02 -0.62562114E-01
 -0.21280121E-01  0.83817000E-02 -0.61594720E-01
 -0.20341083E-01  0.10089841E-01 -0.60641114E-01
 -0.19531334E-01  0.11679257E-01 -0.59698016E-01
 -0.18839532E-01  0.13159177E-01 -0.58762391E-01
 -0.18255466E-01  0.14537886E-01 -0.57831429E-01
 -0.17769930E-01  0.15822844E-01 -0.56902527E-01
 -0.17374589E-01  0.17020791E-01 -0.55973264E-01
 -0.17061873E-01  0.18137841E-01 -0.55041390E-01
 -0.16824867E-01  0.19179547E-01 -0.54104810E-01
 -0.16657220E-01  0.20150975E-01 -0.53161572E-01
 -0.16553066E-01  0.21056751E-01 -0.52209860E-01
 -0.16506951E-01  0.21901106E-01 -0.51247983E-01
 -0.16513779E-01  0.22687912E-01 -0.50274377E-01
 -0.16568765E-01  0.23420712E-01 -0.49287598E-01
 -0.16667402E-01  0.24102747E-01 -0.48286321E-01
 -0.16805432E-01  0.24736973E-01 -0.47269340E-01
 -0.16978834E-01  0.25326087E-01 -0.46235570E-01
 -0.17183811E-01  0.25872537E-01 -0.45184038E-01
 -0.17416790E-01  0.26378545E-01 -0.44113891E-01
 -0.17674415E-01  0.26846123E-01 -0.43024392E-01
 -0.17953556E-01  0.27277090E-01 -0.41914911E-01
 -0.18251307E-01  0.27673089E-01 -0.40784935E-01
 -0.18564990E-01  0.28035611E-01 -0.39634053E-01
 -0.18892155E-01  0.28366010E-01 -0.38461959E-01
 -0.19230577E-01  0.28665528E-01 -0.37268449E-01
 -0.19578252E-01  0.28935307E-01 -0.36053414E-01
 -0.19933385E-01  0.29176415E-01 -0.34816838E-01
 -0.20294380E-01  0.29389859E-01 -0.33558796E-01
 -0.20659824E-01  0.29576602E-01 -0.32279450E-01
 -0.21028464E-01  0.29737571E-01 -0.30979043E-01
 -0.21399196E-01  0.29873670E-01 -0.29657904E-01
 -0.21771035E-01  0.29985788E-01 -0.28316437E-01
 -0.22143098E-01  0.30074795E-01 -0.26955125E-01
 -0.22514581E-01  0.30141550E-01 -0.25574526E-01
 -0.22884745E-01  0.30186896E-01 -0.24175271E-01
 -0.23252891E-01  0.30211656E-01 -0.22758061E-01
 -0.23618357E-01  0.30216630E-01 -0.21323665E-01
 -0.23980498E-01  0.30202588E-01 -0.19872919E-01
 -0.24338683E-01  0.30170269E-01 -0.18406722E-01
 -0.24692293E-01  0.30120372E-01 -0.16926032E-01
 -0.25040715E-01  0.30053560E-01 -0.15431865E-01
 -0.25383350E-01  0.29970454E-01 -0.13925287E-01
 -0.25719613E-01  0.29871639E-01 -0.12407413E-01
 -0.26048943E-01  0.29757668E-01 -0.10879401E-01
 -0.26370807E-01  0.29629066E-01 -0.93424494E-02
 -0.26684710E-01  0.29486336E-01 -0.77977859E-02
 -0.26990203E-01  0.29329974E-01 -0.62466683E-02
 -0.27286894E-01  0.29160468E-01 -0.46903755E-02
 -0.27574449E-01  0.28978314E-01 -0.31302033E-02
 -0.27852604E-01  0.28784020E-01 -0.15674582E-02
 -0.28121169E-01  0.28578110E-01 -0.34521453E-05
 -0.26068672E-01 -0.59298446E-01 -0.33537181E-07
 -0.25483663E-01 -0.58847597E-01 -0.18932052E-02
 -0.24828256E-01 -0.58375127E-01 -0.37888718E-02
 -0.24104877E-01 -0.57879665E-01 -0.56895569E-02
 -0.23316968E-01 -0.57359677E-01 -0.75974476E-02
 -0.22468883E-01 -0.56813489E-01 -0.95142471E-02
 -0.21565749E-01 -0.56239320E-01 -0.11441063E-01
 -0.20613286E-01 -0.55635304E-01 -0.13378342E-01
 -0.19617599E-01 -0.54999511E-01 -0.15325850E-01
 -0.18584950E-01 -0.54329970E-01 -0.17282705E-01
 -0.17521539E-01 -0.53624680E-01 -0.19247449E-01
 -0.16433286E-01 -0.52881625E-01 -0.21218157E-01
 -0.15325638E-01 -0.52098779E-01 -0.23192563E-01
 -0.14203430E-01 -0.51274116E-01 -0.25168199E-01
 -0.13070779E-01 -0.50405611E-01 -0.27142519E-01
 -0.11931048E-01 -0.49491247E-01 -0.29113000E-01
 -0.10786877E-01 -0.48529019E-01 -0.31077193E-01
 -0.96402766E-02 -0.47516946E-01 -0.33032730E-01
 -0.84927827E-02 -0.46453084E-01 -0.34977258E-01
 -0.20332167E+00 -0.18811010E+00 -0.11147487E+00
 -0.18330133E+00 -0.16702994E+00 -0.10856713E+00
 -0.16531691E+00 -0.14819259E+00 -0.10566310E+00
 -0.14917444E+00 -0.13136788E+00 -0.10280119E+00
 -0.13469189E+00 -0.11634099E+00 -0.10000952E+00
 -0.12170121E+00 -0.10291450E+00 -0.97308011E-01
 -0.11004907E+00 -0.90909037E-01 -0.94710114E-01
 -0.99596801E-01 -0.80163010E-01 -0.92224224E-01
 -0.90219786E-01 -0.70531861E-01 -0.89854792E-01
 -0.81806535E-01 -0.61886928E-01 -0.87603211E-01
 -0.74257579E-01 -0.54114172E-01 -0.85468511E-01
 -0.67484317E-01 -0.47112825E-01 -0.83447917E-01
 -0.61407857E-01 -0.40794070E-01 -0.81537279E-01
 -0.55957925E-01 -0.35079763E-01 -0.79731429E-01
 -0.51071855E-01 -0.29901251E-01 -0.78024464E-01
 -0.46693687E-01 -0.25198274E-01 -0.76409981E-01
 -0.42773360E-01 -0.20917982E-01 -0.74881262E-01
 -0.39266012E-01 -0.17014038E-01 -0.73431445E-01
 -0.36131383E-01 -0.13445826E-01 -0.72053646E-01
 -0.33333287E-01 -0.10177744E-01 -0.70741073E-01
 -0.30839177E-01 -0.71785739E-02 -0.69487113E-01
 -0.28619758E-01 -0.44209342E-02 -0.68285399E-01
 -0.26648663E-01 -0.18807900E-02 -0.67129864E-01
 -0.24902165E-01  0.46297384E-03 -0.66014772E-01
 -0.23358928E-01  0.26289288E-02 -0.64934746E-01
 -0.21999779E-01  0.46334327E-02 -0.63884775E-01
 -0.20807504E-01  0.64909188E-02 -0.62860211E-01
 -0.19766660E-01  0.82141490E-02 -0.61856762E-01
 -0.18863400E-01  0.98144351E-02 -0.60870476E-01
 -0.18085311E-01  0.11301831E-01 -0.59897720E-01
 -0.17421255E-01  0.12685302E-01 -0.58935157E-01
 -0.16861230E-01  0.13972867E-01 -0.57979717E-01
 -0.16396232E-01  0.15171725E-01 -0.57028577E-01
 -0.16018132E-01  0.16288362E-01 -0.56079135E-01
 -0.15719560E-01  0.17328641E-01 -0.55128984E-01
 -0.15493800E-01  0.18297877E-01 -0.54175895E-01
 -0.15334701E-01  0.19200903E-01 -0.53217801E-01
 -0.15236594E-01  0.20042121E-01 -0.52252777E-01
 -0.15194222E-01  0.20825548E-01 -0.51279036E-01
 -0.15202688E-01  0.21554849E-01 -0.50294915E-01
 -0.15257400E-01  0.22233372E-01 -0.49298871E-01
 -0.15354044E-01  0.22864166E-01 -0.48289478E-01
 -0.15488553E-01  0.23450011E-01 -0.47265426E-01
 -0.15657091E-01  0.23993431E-01 -0.46225518E-01
 -0.15856042E-01  0.24496718E-01 -0.45168675E-01
 -0.16082003E-01  0.24961946E-01 -0.44093935E-01
 -0.16331785E-01  0.25390989E-01 -0.43000452E-01
 -0.16602413E-01  0.25785544E-01 -0.41887505E-01
 -0.16891127E-01  0.26147143E-01 -0.40754491E-01
 -0.17195382E-01  0.26477177E-01 -0.39600927E-01
 -0.17512851E-01  0.26776914E-01 -0.38426453E-01
 -0.17841419E-01  0.27047517E-01 -0.37230825E-01
 -0.18179179E-01  0.27290065E-01 -0.36013912E-01
 -0.18524421E-01  0.27505563E-01 -0.34775695E-01
 -0.18875622E-01  0.27694967E-01 -0.33516258E-01
 -0.19231428E-01  0.27859189E-01 -0.32235784E-01
 -0.19590641E-01  0.27999110E-01 -0.30934547E-01
 -0.19952193E-01  0.28115588E-01 -0.29612907E-01
 -0.20315134E-01  0.28209463E-01 -0.28271301E-01
 -0.20678605E-01  0.28281557E-01 -0.26910238E-01
 -0.21041826E-01  0.28332679E-01 -0.25530291E-01
 -0.21404074E-01  0.28363616E-01 -0.24132099E-01
 -0.21764669E-01  0.28375138E-01 -0.22716352E-01
 -0.22122964E-01  0.28367987E-01 -0.21283800E-01
 -0.22478334E-01  0.28342877E-01 -0.19835241E-01
 -0.22830172E-01  0.28300491E-01 -0.18371526E-01
 -0.23177885E-01  0.28241477E-01 -0.16893558E-01
 -0.23520893E-01  0.28166446E-01 -0.15402288E-01
 -0.23858631E-01  0.28075976E-01 -0.13898719E-01
 -0.24190557E-01  0.27970613E-01 -0.12383906E-01
 -0.24516152E-01  0.27850874E-01 -0.10858951E-01
 -0.24834928E-01  0.27717256E-01 -0.93250060E-02
 -0.25146438E-01  0.27570240E-01 -0.77832671E-02
 -0.25450276E-01  0.27410298E-01 -0.62349724E-02
 -0.25746091E-01  0.27237905E-01 -0.46813960E-02
 -0.26033586E-01  0.27053539E-01 -0.31238421E-02
 -0.26312526E-01  0.26857693E-01 -0.15636373E-02
 -0.26582739E-01  0.26650877E-01 -0.21226666E-05
 -0.25513078E-01 -0.59563351E-01 -0.19097052E-06
 -0.24933049E-01 -0.59139657E-01 -0.19188501E-02
 -0.24282837E-01 -0.58699505E-01 -0.38396586E-02
 -0.23565016E-01 -0.58241526E-01 -0.57646901E-02
 -0.22783180E-01 -0.57764246E-01 -0.76957198E-02
 -0.21941824E-01 -0.57266100E-01 -0.96341002E-02
 -0.21046172E-01 -0.56745437E-01 -0.11580668E-01
 -0.20101980E-01 -0.56200522E-01 -0.13535690E-01
 -0.19115303E-01 -0.55629529E-01 -0.15498852E-01
 -0.18092253E-01 -0.55030538E-01 -0.17469285E-01
 -0.17038763E-01 -0.54401517E-01 -0.19445633E-01
 -0.15960367E-01 -0.53740321E-01 -0.21426143E-01
 -0.14862012E-01 -0.53044680E-01 -0.23408779E-01
 -0.13747926E-01 -0.52312199E-01 -0.25391336E-01
 -0.12621528E-01 -0.51540362E-01 -0.27371544E-01
 -0.11485423E-01 -0.50726543E-01 -0.29347146E-01
 -0.10341452E-01 -0.49868032E-01 -0.31315940E-01
 -0.91908151E-02 -0.48962065E-01 -0.33275769E-01
 -0.80342649E-02 -0.48005870E-01 -0.35224453E-01
 -0.20146278E+00 -0.18482372E+00 -0.11763291E+00
 -0.18071295E+00 -0.16327663E+00 -0.11399809E+00
 -0.16222026E+00 -0.14417680E+00 -0.11044654E+00
 -0.14574234E+00 -0.12724455E+00 -0.10701093E+00
 -0.13105788E+00 -0.11222564E+00 -0.10371299E+00
 -0.11796722E+00 -0.98891570E-01 -0.10056606E+00
 -0.10629177E+00 -0.87038724E-01 -0.97577133E-01
 -0.95872797E-01 -0.76486820E-01 -0.94748468E-01
 -0.86569887E-01 -0.67077003E-01 -0.92078806E-01
 -0.78259153E-01 -0.58669804E-01 -0.89564324E-01
 -0.70831484E-01 -0.51143108E-01 -0.87199350E-01
 -0.64190830E-01 -0.44390197E-01 -0.84976913E-01
 -0.58252613E-01 -0.38317939E-01 -0.82889161E-01
 -0.52942268E-01 -0.32845132E-01 -0.80927677E-01
 -0.48193952E-01 -0.27901010E-01 -0.79083727E-01
 -0.43949403E-01 -0.23423922E-01 -0.77348456E-01
 -0.40156954E-01 -0.19360156E-01 -0.75713031E-01
 -0.36770678E-01 -0.15662905E-01 -0.74168765E-01
 -0.33749663E-01 -0.12291371E-01 -0.72707206E-01
 -0.31057395E-01 -0.92099684E-02 -0.71320216E-01
 -0.28661235E-01 -0.63876453E-02 -0.70000017E-01
 -0.26531972E-01 -0.37972802E-02 -0.68739239E-01
 -0.24643446E-01 -0.14151641E-02 -0.67530945E-01
 -0.22972221E-01  0.77945194E-03 -0.66368645E-01
 -0.21497299E-01  0.28047510E-02 -0.65246301E-01
 -0.20199877E-01  0.46766923E-02 -0.64158328E-01
 -0.19063120E-01  0.64093096E-02 -0.63099575E-01
 -0.18071962E-01  0.80149700E-02 -0.62065314E-01
 -0.17212923E-01  0.95045997E-02 -0.61051214E-01
 -0.16473943E-01  0.10887879E-01 -0.60053315E-01
 -0.15844220E-01  0.12173411E-01 -0.59068000E-01
 -0.15314071E-01  0.13368867E-01 -0.58091965E-01
 -0.14874795E-01  0.14481113E-01 -0.57122185E-01
 -0.14518548E-01  0.15516313E-01 -0.56155892E-01
 -0.14238236E-01  0.16480023E-01 -0.55190537E-01
 -0.14027403E-01  0.17377263E-01 -0.54223775E-01
 -0.13880151E-01  0.18212581E-01 -0.53253432E-01
 -0.13791054E-01  0.18990109E-01 -0.52277495E-01
 -0.13755090E-01  0.19713603E-01 -0.51294089E-01
 -0.13767591E-01  0.20386480E-01 -0.50301467E-01
 -0.13824186E-01  0.21011851E-01 -0.49298002E-01
 -0.13920777E-01  0.21592543E-01 -0.48282181E-01
 -0.14053506E-01  0.22131128E-01 -0.47252604E-01
 -0.14218737E-01  0.22629937E-01 -0.46207980E-01
 -0.14413047E-01  0.23091082E-01 -0.45147135E-01
 -0.14633220E-01  0.23516478E-01 -0.44069011E-01
 -0.14876242E-01  0.23907854E-01 -0.42972671E-01
 -0.15139303E-01  0.24266780E-01 -0.41857308E-01
 -0.15419799E-01  0.24594677E-01 -0.40722241E-01
 -0.15715329E-01  0.24892841E-01 -0.39566922E-01
 -0.16023698E-01  0.25162460E-01 -0.38390940E-01
 -0.16342911E-01  0.25404628E-01 -0.37194011E-01
 -0.16671167E-01  0.25620364E-01 -0.35975984E-01
 -0.17006851E-01  0.25810625E-01 -0.34736831E-01
 -0.17348523E-01  0.25976318E-01 -0.33476642E-01
 -0.17694900E-01  0.26118315E-01 -0.32195613E-01
 -0.18044842E-01  0.26237452E-01 -0.30894041E-01
 -0.18397333E-01  0.26334546E-01 -0.29572311E-01
 -0.18751462E-01  0.26410388E-01 -0.28230886E-01
 -0.19106406E-01  0.26465754E-01 -0.26870295E-01
 -0.19461412E-01  0.26501396E-01 -0.25491128E-01
 -0.19815782E-01  0.26518050E-01 -0.24094027E-01
 -0.20168859E-01  0.26516424E-01 -0.22679681E-01
 -0.20520020E-01  0.26497204E-01 -0.21248821E-01
 -0.20868661E-01  0.26461045E-01 -0.19802219E-01
 -0.21214202E-01  0.26408574E-01 -0.18340691E-01
 -0.21556077E-01  0.26340387E-01 -0.16865094E-01
 -0.21893738E-01  0.26257050E-01 -0.15376331E-01
 -0.22226656E-01  0.26159101E-01 -0.13875357E-01
 -0.22554325E-01  0.26047053E-01 -0.12363177E-01
 -0.22876268E-01  0.25921397E-01 -0.10840851E-01
 -0.23192038E-01  0.25782610E-01 -0.93094924E-02
 -0.23501229E-01  0.25631158E-01 -0.77702730E-02
 -0.23803476E-01  0.25467505E-01 -0.62244146E-02
 -0.24098461E-01  0.25292116E-01 -0.46731867E-02
 -0.24385921E-01  0.25105466E-01 -0.31178998E-02
 -0.24665642E-01  0.24908039E-01 -0.15598960E-02
 -0.24937471E-01  0.24700336E-01 -0.53924604E-06
 -0.24850460E-01 -0.59247185E-01 -0.38332006E-06
 -0.24277764E-01 -0.58852917E-01 -0.19426762E-02
 -0.23637298E-01 -0.58447646E-01 -0.38866805E-02
 -0.22931721E-01 -0.58030054E-01 -0.58339263E-02
 -0.22164635E-01 -0.57598777E-01 -0.77856961E-02
 -0.21340449E-01 -0.57152399E-01 -0.97429282E-02
 -0.20464203E-01 -0.56689440E-01 -0.11706146E-01
 -0.19541349E-01 -0.56208330E-01 -0.13675418E-01
 -0.18577529E-01 -0.55707385E-01 -0.15650352E-01
 -0.17578330E-01 -0.55184763E-01 -0.17630117E-01
 -0.16549056E-01 -0.54638441E-01 -0.19613495E-01
 -0.15494526E-01 -0.54066177E-01 -0.21598956E-01
 -0.14418906E-01 -0.53465493E-01 -0.23584743E-01
 -0.13325599E-01 -0.52833663E-01 -0.25568956E-01
 -0.12217184E-01 -0.52167717E-01 -0.27549628E-01
 -0.11095437E-01 -0.51464463E-01 -0.29524778E-01
 -0.99614084E-02 -0.50720520E-01 -0.31492433E-01
 -0.88155702E-02 -0.49932378E-01 -0.33450602E-01
 -0.76580250E-02 -0.49096462E-01 -0.35397203E-01
 -0.19672483E+00 -0.17913530E+00 -0.12343769E+00
 -0.17561818E+00 -0.15749303E+00 -0.11906724E+00
 -0.15694505E+00 -0.13845294E+00 -0.11486965E+00
 -0.14041782E+00 -0.12169020E+00 -0.11086904E+00
 -0.12577975E+00 -0.10691599E+00 -0.10707851E+00
 -0.11280358E+00 -0.93875578E-01 -0.10350309E+00
 -0.10128947E+00 -0.82345761E-01 -0.10014201E+00
 -0.91062415E-01 -0.72131805E-01 -0.96990371E-01
 -0.81969647E-01 -0.63064381E-01 -0.94040498E-01
 -0.73877995E-01 -0.54996586E-01 -0.91282822E-01
 -0.66671453E-01 -0.47801167E-01 -0.88706611E-01
 -0.60248935E-01 -0.41367990E-01 -0.86300460E-01
 -0.54522259E-01 -0.35601784E-01 -0.84052668E-01
 -0.49414372E-01 -0.30420142E-01 -0.81951495E-01
 -0.44857794E-01 -0.25751768E-01 -0.79985355E-01
 -0.40793284E-01 -0.21534952E-01 -0.78142952E-01
 -0.37168686E-01 -0.17716249E-01 -0.76413377E-01
 -0.33937961E-01 -0.14249340E-01 -0.74786177E-01
 -0.31060356E-01 -0.11094044E-01 -0.73251400E-01
 -0.28499712E-01 -0.82154715E-02 -0.71799631E-01
 -0.26223879E-01 -0.55832991E-02 -0.70422006E-01
 -0.24204221E-01 -0.31711400E-02 -0.69110225E-01
 -0.22415198E-01 -0.95600485E-03 -0.67856553E-01
 -0.20834017E-01  0.10821626E-02 -0.66653809E-01
 -0.19440320E-01  0.29608866E-02 -0.65495360E-01
 -0.18215927E-01  0.46955057E-02 -0.64375099E-01
 -0.17144600E-01  0.62994715E-02 -0.63287424E-01
 -0.16211836E-01  0.77846066E-02 -0.62227214E-01
 -0.15404684E-01  0.91613284E-02 -0.61189795E-01
 -0.14711573E-01  0.10438841E-01 -0.60170912E-01
 -0.14122158E-01  0.11625301E-01 -0.59166695E-01
 -0.13627179E-01  0.12727960E-01 -0.58173624E-01
 -0.13218324E-01  0.13753285E-01 -0.57188494E-01
 -0.12888116E-01  0.14707065E-01 -0.56208380E-01
 -0.12629797E-01  0.15594495E-01 -0.55230609E-01
 -0.12437235E-01  0.16420253E-01 -0.54252724E-01
 -0.12304829E-01  0.17188559E-01 -0.53272461E-01
 -0.12227438E-01  0.17903231E-01 -0.52287723E-01
 -0.12200310E-01  0.18567725E-01 -0.51296560E-01
 -0.12219034E-01  0.19185175E-01 -0.50297156E-01
 -0.12279485E-01  0.19758423E-01 -0.49287812E-01
 -0.12377801E-01  0.20290045E-01 -0.48266945E-01
 -0.12510349E-01  0.20782380E-01 -0.47233080E-01
 -0.12673707E-01  0.21237545E-01 -0.46184852E-01
 -0.12864660E-01  0.21657462E-01 -0.45121010E-01
 -0.13080185E-01  0.22043871E-01 -0.44040420E-01
 -0.13317455E-01  0.22398354E-01 -0.42942071E-01
 -0.13573834E-01  0.22722351E-01 -0.41825085E-01
 -0.13846881E-01  0.23017175E-01 -0.40688717E-01
 -0.14134349E-01  0.23284031E-01 -0.39532366E-01
 -0.14434181E-01  0.23524032E-01 -0.38355572E-01
 -0.14744510E-01  0.23738210E-01 -0.37158018E-01
 -0.15063651E-01  0.23927532E-01 -0.35939530E-01
 -0.15390092E-01  0.24092913E-01 -0.34700067E-01
 -0.15722482E-01  0.24235219E-01 -0.33439715E-01
 -0.16059619E-01  0.24355281E-01 -0.32158676E-01
 -0.16400430E-01  0.24453899E-01 -0.30857257E-01
 -0.16743958E-01  0.24531844E-01 -0.29535857E-01
 -0.17089340E-01  0.24589863E-01 -0.28194952E-01
 -0.17435797E-01  0.24628679E-01 -0.26835087E-01
 -0.17782612E-01  0.24648991E-01 -0.25456859E-01
 -0.18129118E-01  0.24651475E-01 -0.24060913E-01
 -0.18474689E-01  0.24636778E-01 -0.22647935E-01
 -0.18818727E-01  0.24605526E-01 -0.21218643E-01
 -0.19160659E-01  0.24558316E-01 -0.19773792E-01
 -0.19499931E-01  0.24495719E-01 -0.18314173E-01
 -0.19836010E-01  0.24418282E-01 -0.16840612E-01
 -0.20168378E-01  0.24326528E-01 -0.15353982E-01
 -0.20496541E-01  0.24220960E-01 -0.13855199E-01
 -0.20820029E-01  0.24102065E-01 -0.12345238E-01
 -0.21138402E-01  0.23970315E-01 -0.10825127E-01
 -0.21451250E-01  0.23826178E-01 -0.92959560E-02
 -0.21758201E-01  0.23670113E-01 -0.77588771E-02
 -0.22058926E-01  0.23502585E-01 -0.62151009E-02
 -0.22353137E-01  0.23324061E-01 -0.46658935E-02
 -0.22640592E-01  0.23135015E-01 -0.31125688E-02
 -0.22921100E-01  0.22935935E-01 -0.15564794E-02
 -0.23194514E-01  0.22727318E-01  0.99546951E-06
 -0.24029584E-01 -0.58233200E-01 -0.58848518E-06
 -0.23466986E-01 -0.57870498E-01 -0.19639583E-02
 -0.22841312E-01 -0.57502387E-01 -0.39285252E-02
 -0.22155199E-01 -0.57127640E-01 -0.58952230E-02
 -0.21412069E-01 -0.56745032E-01 -0.78647967E-02
 -0.20615988E-01 -0.56353321E-01 -0.98377361E-02
 -0.19771491E-01 -0.55951219E-01 -0.11814229E-01
 -0.18883378E-01 -0.55537343E-01 -0.13794136E-01
 -0.17956506E-01 -0.55110163E-01 -0.15776985E-01
 -0.16995570E-01 -0.54667948E-01 -0.17761991E-01
 -0.16004908E-01 -0.54208712E-01 -0.19748088E-01
 -0.14988331E-01 -0.53730164E-01 -0.21733984E-01
 -0.13948993E-01 -0.53229675E-01 -0.23718206E-01
 -0.12889311E-01 -0.52704261E-01 -0.25699160E-01
 -0.11810948E-01 -0.52150583E-01 -0.27675171E-01
 -0.10714854E-01 -0.51564977E-01 -0.29644505E-01
 -0.96013661E-02 -0.50943493E-01 -0.31605367E-01
 -0.84703735E-02 -0.50281976E-01 -0.33555864E-01
 -0.73215253E-02 -0.49576148E-01 -0.35493928E-01
 -0.18905858E+00 -0.17104277E+00 -0.12881182E+00
 -0.16801052E+00 -0.14970768E+00 -0.12371613E+00
 -0.14951364E+00 -0.13106784E+00 -0.11888976E+00
 -0.13324194E+00 -0.11476136E+00 -0.11434574E+00
 -0.11890986E+00 -0.10047234E+00 -0.11008669E+00
 -0.10626876E+00 -0.87926707E-01 -0.10610795E+00
 -0.95103108E-01 -0.76887720E-01 -0.10239998E+00
 -0.85226577E-01 -0.67151469E-01 -0.98950099E-01
 -0.76478348E-01 -0.58542678E-01 -0.95743726E-01
 -0.68719689E-01 -0.50910853E-01 -0.92765282E-01
 -0.61830883E-01 -0.44126852E-01 -0.89998811E-01
 -0.55708514E-01 -0.38079856E-01 -0.87428411E-01
 -0.50263096E-01 -0.32674740E-01 -0.85038521E-01
 -0.45417022E-01 -0.27829803E-01 -0.82814115E-01
 -0.41102809E-01 -0.23474809E-01 -0.80740817E-01
 -0.37261604E-01 -0.19549323E-01 -0.78804974E-01
 -0.33841918E-01 -0.16001278E-01 -0.76993691E-01
 -0.30798560E-01 -0.12785762E-01 -0.75294844E-01
 -0.28091745E-01 -0.98639854E-02 -0.73697079E-01
 -0.25686346E-01 -0.72023960E-02 -0.72189799E-01
 -0.23551266E-01 -0.47719340E-02 -0.70763147E-01
 -0.21658918E-01 -0.25473904E-02 -0.69407979E-01
 -0.19984784E-01 -0.50686390E-03 -0.68115844E-01
 -0.18507045E-01  0.13687051E-02 -0.66878948E-01
 -0.17206268E-01  0.30959320E-02 -0.65690130E-01
 -0.16065134E-01  0.46893286E-02 -0.64542825E-01
 -0.15068202E-01  0.61615957E-02 -0.63431035E-01
 -0.14201707E-01  0.75238734E-02 -0.62349292E-01
 -0.13453373E-01  0.87859569E-02 -0.61292621E-01
 -0.12812244E-01  0.99564805E-02 -0.60256507E-01
 -0.12268542E-01  0.11043076E-01 -0.59236852E-01
 -0.11813519E-01  0.12052509E-01 -0.58229943E-01
 -0.11439337E-01  0.12990793E-01 -0.57232407E-01
 -0.11138953E-01  0.13863289E-01 -0.56241181E-01
 -0.10906007E-01  0.14674789E-01 -0.55253470E-01
 -0.10734737E-01  0.15429586E-01 -0.54266718E-01
 -0.10619886E-01  0.16131537E-01 -0.53278574E-01
 -0.10556633E-01  0.16784109E-01 -0.52286867E-01
 -0.10540530E-01  0.17390431E-01 -0.51289580E-01
 -0.10567446E-01  0.17953322E-01 -0.50284836E-01
 -0.10633529E-01  0.18475331E-01 -0.49270881E-01
 -0.10735167E-01  0.18958764E-01 -0.48246074E-01
 -0.10868969E-01  0.19405707E-01 -0.47208886E-01
 -0.11031744E-01  0.19818051E-01 -0.46157898E-01
 -0.11220493E-01  0.20197516E-01 -0.45091803E-01
 -0.11432399E-01  0.20545664E-01 -0.44009411E-01
 -0.11664830E-01  0.20863926E-01 -0.42909661E-01
 -0.11915333E-01  0.21153610E-01 -0.41791621E-01
 -0.12181638E-01  0.21415925E-01 -0.40654500E-01
 -0.12461657E-01  0.21651986E-01 -0.39497653E-01
 -0.12753480E-01  0.21862837E-01 -0.38320584E-01
 -0.13055374E-01  0.22049453E-01 -0.37122945E-01
 -0.13365776E-01  0.22212755E-01 -0.35904537E-01
 -0.13683283E-01  0.22353614E-01 -0.34665300E-01
 -0.14006643E-01  0.22472861E-01 -0.33405308E-01
 -0.14334737E-01  0.22571290E-01 -0.32124757E-01
 -0.14666567E-01  0.22649659E-01 -0.30823951E-01
 -0.15001242E-01  0.22708697E-01 -0.29503287E-01
 -0.15337955E-01  0.22749103E-01 -0.28163245E-01
 -0.15675976E-01  0.22771546E-01 -0.26804367E-01
 -0.16014630E-01  0.22776667E-01 -0.25427254E-01
 -0.16353290E-01  0.22765081E-01 -0.24032548E-01
 -0.16691365E-01  0.22737377E-01 -0.22620928E-01
 -0.17028290E-01  0.22694115E-01 -0.21193106E-01
 -0.17363524E-01  0.22635836E-01 -0.19749826E-01
 -0.17696548E-01  0.22563057E-01 -0.18291862E-01
 -0.18026857E-01  0.22476280E-01 -0.16820028E-01
 -0.18353969E-01  0.22375990E-01 -0.15335174E-01
 -0.18677424E-01  0.22262659E-01 -0.13838203E-01
 -0.18996786E-01  0.22136756E-01 -0.12330069E-01
 -0.19311647E-01  0.21998743E-01 -0.10811785E-01
 -0.19621632E-01  0.21849081E-01 -0.92844280E-02
 -0.19926399E-01  0.21688237E-01 -0.77491393E-02
 -0.20225645E-01  0.21516679E-01 -0.62071234E-02
 -0.20519107E-01  0.21334884E-01 -0.46596438E-02
 -0.20806563E-01  0.21143336E-01 -0.31080160E-02
 -0.21087832E-01  0.20942529E-01 -0.15535972E-02
 -0.21362776E-01  0.20732961E-01  0.22254652E-05
 -0.22997012E-01 -0.56413512E-01 -0.78096379E-06
 -0.22447531E-01 -0.56084246E-01 -0.19820092E-02
 -0.21841732E-01 -0.55755055E-01 -0.39638717E-02
 -0.21182096E-01 -0.55424827E-01 -0.59467004E-02
 -0.20471659E-01 -0.55092489E-01 -0.79306998E-02
 -0.19713887E-01 -0.54756981E-01 -0.99159099E-02
 -0.18912512E-01 -0.54417205E-01 -0.11902181E-01
 -0.18071367E-01 -0.54071964E-01 -0.13889162E-01
 -0.17194210E-01 -0.53719896E-01 -0.15876293E-01
 -0.16284550E-01 -0.53359396E-01 -0.17862823E-01
 -0.15345503E-01 -0.52988552E-01 -0.19847819E-01
 -0.14379668E-01 -0.52605083E-01 -0.21830192E-01
 -0.13389052E-01 -0.52206292E-01 -0.23808722E-01
 -0.12375025E-01 -0.51789042E-01 -0.25782071E-01
 -0.11338347E-01 -0.51349756E-01 -0.27748795E-01
 -0.10279224E-01 -0.50884445E-01 -0.29707339E-01
 -0.91974336E-02 -0.50388756E-01 -0.31656007E-01
 -0.80924807E-02 -0.49858059E-01 -0.33592916E-01
 -0.69637972E-02 -0.49287550E-01 -0.35515914E-01
 -0.17849078E+00 -0.16061206E+00 -0.13369591E+00
 -0.15794274E+00 -0.14000123E+00 -0.12790345E+00
 -0.13999382E+00 -0.12210760E+00 -0.12247997E+00
 -0.12428994E+00 -0.10654354E+00 -0.11742547E+00
 -0.11052583E+00 -0.92975968E-01 -0.11273070E+00
 -0.98439449E-01 -0.81119905E-01 -0.10838040E+00
 -0.87806401E-01 -0.70732218E-01 -0.10435571E+00
 -0.78434842E-01 -0.61605816E-01 -0.10063582E+00
 -0.70160808E-01 -0.53564452E-01 -0.97199095E-01
 -0.62844113E-01 -0.46458160E-01 -0.94023912E-01
 -0.56364768E-01 -0.40159299E-01 -0.91089132E-01
 -0.50619892E-01 -0.34559157E-01 -0.88374443E-01
 -0.45521077E-01 -0.29565050E-01 -0.85860546E-01
 -0.40992147E-01 -0.25097863E-01 -0.83529262E-01
 -0.36967261E-01 -0.21089975E-01 -0.81363563E-01
 -0.33389321E-01 -0.17483494E-01 -0.79347576E-01
 -0.30208637E-01 -0.14228782E-01 -0.77466552E-01
 -0.27381811E-01 -0.11283202E-01 -0.75706823E-01
 -0.24870808E-01 -0.86100690E-02 -0.74055748E-01
 -0.22642179E-01 -0.61777614E-02 -0.72501661E-01
 -0.20666425E-01 -0.39589715E-02 -0.71033809E-01
 -0.18917455E-01 -0.19300739E-02 -0.69642303E-01
 -0.17372149E-01 -0.70589703E-04 -0.68318060E-01
 -0.16009978E-01  0.16372667E-02 -0.67052753E-01
 -0.14812694E-01  0.32089729E-02 -0.65838765E-01
 -0.13764061E-01  0.46580255E-02 -0.64669139E-01
 -0.12849624E-01  0.59962188E-02 -0.63537537E-01
 -0.12056513E-01  0.72338820E-02 -0.62438195E-01
 -0.11373258E-01  0.83800817E-02 -0.61365880E-01
 -0.10789637E-01  0.94427946E-02 -0.60315849E-01
 -0.10296532E-01  0.10429054E-01 -0.59283807E-01
 -0.98857943E-02  0.11345078E-01 -0.58265866E-01
 -0.95501298E-02  0.12196372E-01 -0.57258506E-01
 -0.92829880E-02  0.12987826E-01 -0.56258531E-01
 -0.90784633E-02  0.13723789E-01 -0.55263035E-01
 -0.89312059E-02  0.14408135E-01 -0.54269367E-01
 -0.88363424E-02  0.15044326E-01 -0.53275094E-01
 -0.87894063E-02  0.15635456E-01 -0.52277976E-01
 -0.87862785E-02  0.16184300E-01 -0.51275936E-01
 -0.88231375E-02  0.16693347E-01 -0.50267045E-01
 -0.88964194E-02  0.17164836E-01 -0.49249504E-01
 -0.90027866E-02  0.17600787E-01 -0.48221632E-01
 -0.91391045E-02  0.18003027E-01 -0.47181862E-01
 -0.93024261E-02  0.18373213E-01 -0.46128740E-01
 -0.94899813E-02  0.18712857E-01 -0.45060926E-01
 -0.96991715E-02  0.19023345E-01 -0.43977199E-01
 -0.99275678E-02  0.19305951E-01 -0.42876463E-01
 -0.10172910E-01  0.19561857E-01 -0.41757758E-01
 -0.10433106E-01  0.19792165E-01 -0.40620263E-01
 -0.10706234E-01  0.19997906E-01 -0.39463302E-01
 -0.10990538E-01  0.20180054E-01 -0.38286351E-01
 -0.11284424E-01  0.20339528E-01 -0.37089037E-01
 -0.11586455E-01  0.20477202E-01 -0.35871134E-01
 -0.11895344E-01  0.20593907E-01 -0.34632561E-01
 -0.12209937E-01  0.20690435E-01 -0.33373368E-01
 -0.12529206E-01  0.20767540E-01 -0.32093734E-01
 -0.12852234E-01  0.20825938E-01 -0.30793944E-01
 -0.13178196E-01  0.20866313E-01 -0.29474382E-01
 -0.13506350E-01  0.20889311E-01 -0.28135511E-01
 -0.13836016E-01  0.20895548E-01 -0.26777866E-01
 -0.14166569E-01  0.20885604E-01 -0.25402035E-01
 -0.14497425E-01  0.20860034E-01 -0.24008652E-01
 -0.14828032E-01  0.20819364E-01 -0.22598389E-01
 -0.15157864E-01  0.20764097E-01 -0.21171954E-01
 -0.15486418E-01  0.20694717E-01 -0.19730082E-01
 -0.15813207E-01  0.20611692E-01 -0.18273546E-01
 -0.16137763E-01  0.20515483E-01 -0.16803152E-01
 -0.16459638E-01  0.20406541E-01 -0.15319752E-01
 -0.16778406E-01  0.20285318E-01 -0.13824242E-01
 -0.17093664E-01  0.20152268E-01 -0.12317574E-01
 -0.17405035E-01  0.20007847E-01 -0.10800760E-01
 -0.17712173E-01  0.19852523E-01 -0.92748754E-02
 -0.18014764E-01  0.19686768E-01 -0.77410585E-02
 -0.18312527E-01  0.19511064E-01 -0.62005130E-02
 -0.18605217E-01  0.19325902E-01 -0.46545013E-02
 -0.18892626E-01  0.19131779E-01 -0.31043379E-02
 -0.19174581E-01  0.18929198E-01 -0.15513800E-02
 -0.19450945E-01  0.18718663E-01  0.29855540E-05
 -0.21701035E-01 -0.53696411E-01 -0.93600582E-06
 -0.21167673E-01 -0.53401950E-01 -0.19963073E-02
 -0.20586325E-01 -0.53112610E-01 -0.39917397E-02
 -0.19959163E-01 -0.52827401E-01 -0.59870043E-02
 -0.19288650E-01 -0.52545399E-01 -0.79818023E-02
 -0.18577433E-01 -0.52265708E-01 -0.99757534E-02
 -0.17828220E-01 -0.51987407E-01 -0.11968387E-01
 -0.17043655E-01 -0.51709472E-01 -0.13959139E-01
 -0.16226190E-01 -0.51430704E-01 -0.15947348E-01
 -0.15377986E-01 -0.51149644E-01 -0.17932257E-01
 -0.14500811E-01 -0.50864494E-01 -0.19913013E-01
 -0.13595991E-01 -0.50573048E-01 -0.21888663E-01
 -0.12664375E-01 -0.50272643E-01 -0.23858149E-01
 -0.11706347E-01 -0.49960124E-01 -0.25820297E-01
 -0.10721874E-01 -0.49631840E-01 -0.27773794E-01
 -0.97105906E-02 -0.49283671E-01 -0.29717159E-01
 -0.86719199E-02 -0.48911077E-01 -0.31648693E-01
 -0.76052189E-02 -0.48509183E-01 -0.33566423E-01
 -0.65099483E-02 -0.48072889E-01 -0.35468024E-01
 -0.16512049E+00 -0.14797028E+00 -0.13804993E+00
 -0.14552198E+00 -0.12849933E+00 -0.13160520E+00
 -0.12849357E+00 -0.11169086E+00 -0.12562858E+00
 -0.11366617E+00 -0.97145332E-01 -0.12010576E+00
 -0.10072589E+00 -0.84524052E-01 -0.11501483E+00
 -0.89406464E-01 -0.73540695E-01 -0.11032957E+00
 -0.79482336E-01 -0.63953558E-01 -0.10602164E+00
 -0.70762454E-01 -0.55558724E-01 -0.10206210E+00
 -0.63084917E-01 -0.48184141E-01 -0.98422434E-01
 -0.56312361E-01 -0.41684552E-01 -0.95075138E-01
 -0.50328032E-01 -0.35937201E-01 -0.91994117E-01
 -0.45032463E-01 -0.30838213E-01 -0.89154880E-01
 -0.40340691E-01 -0.26299554E-01 -0.86534618E-01
 -0.36179906E-01 -0.22246491E-01 -0.84112212E-01
 -0.32487506E-01 -0.18615462E-01 -0.81868182E-01
 -0.29209461E-01 -0.15352306E-01 -0.79784617E-01
 -0.26298960E-01 -0.12410771E-01 -0.77845074E-01
 -0.23715289E-01 -0.97512821E-02 -0.76034486E-01
 -0.21422895E-01 -0.73399038E-02 -0.74339057E-01
 -0.19390620E-01 -0.51474717E-02 -0.72746166E-01
 -0.17591063E-01 -0.31488672E-02 -0.71244273E-01
 -0.16000052E-01 -0.13224082E-02 -0.69822834E-01
 -0.14596209E-01  0.35066314E-03 -0.68472222E-01
 -0.13360587E-01  0.18866112E-02 -0.67183656E-01
 -0.12276366E-01  0.32995697E-02 -0.65949133E-01
 -0.11328597E-01  0.46018486E-02 -0.64761369E-01
 -0.10503983E-01  0.58041923E-02 -0.63613741E-01
 -0.97906893E-02  0.69159993E-02 -0.62500239E-01
 -0.91781793E-02  0.79455073E-02 -0.61415415E-01
 -0.86570652E-02  0.88999508E-02 -0.60354333E-01
 -0.82189762E-02  0.97856946E-02 -0.59312528E-01
 -0.78564379E-02  0.10608348E-01 -0.58285962E-01
 -0.75627621E-02  0.11372860E-01 -0.57270978E-01
 -0.73319467E-02  0.12083607E-01 -0.56264264E-01
 -0.71585841E-02  0.12744458E-01 -0.55262808E-01
 -0.70377787E-02  0.13358844E-01 -0.54263870E-01
 -0.69650738E-02  0.13929807E-01 -0.53264938E-01
 -0.69363871E-02  0.14460049E-01 -0.52263706E-01
 -0.69479555E-02  0.14951977E-01 -0.51258045E-01
 -0.69962893E-02  0.15407739E-01 -0.50245981E-01
 -0.70781349E-02  0.15829258E-01 -0.49225678E-01
 -0.71904462E-02  0.16218265E-01 -0.48195429E-01
 -0.73303630E-02  0.16576324E-01 -0.47153645E-01
 -0.74951967E-02  0.16904860E-01 -0.46098855E-01
 -0.76824207E-02  0.17205179E-01 -0.45029705E-01
 -0.78896660E-02  0.17478487E-01 -0.43944962E-01
 -0.81147184E-02  0.17725907E-01 -0.42843521E-01
 -0.83555189E-02  0.17948495E-01 -0.41724407E-01
 -0.86101630E-02  0.18147246E-01 -0.40586786E-01
 -0.88769005E-02  0.18323107E-01 -0.39429967E-01
 -0.91541336E-02  0.18476979E-01 -0.38253406E-01
 -0.94404132E-02  0.18609724E-01 -0.37056709E-01
 -0.97344327E-02  0.18722166E-01 -0.35839623E-01
 -0.10035020E-01  0.18815090E-01 -0.34602041E-01
 -0.10341126E-01  0.18889243E-01 -0.33343984E-01
 -0.10651815E-01  0.18945337E-01 -0.32065600E-01
 -0.10966249E-01  0.18984041E-01 -0.30767144E-01
 -0.11283676E-01  0.19005988E-01 -0.29448972E-01
 -0.11603416E-01  0.19011771E-01 -0.28111520E-01
 -0.11924846E-01  0.19001949E-01 -0.26755300E-01
 -0.12247391E-01  0.18977043E-01 -0.25380879E-01
 -0.12570514E-01  0.18937549E-01 -0.23988879E-01
 -0.12893707E-01  0.18883933E-01 -0.22579960E-01
 -0.13216485E-01  0.18816644E-01 -0.21154825E-01
 -0.13538382E-01  0.18736115E-01 -0.19714210E-01
 -0.13858950E-01  0.18642773E-01 -0.18258891E-01
 -0.14177760E-01  0.18537041E-01 -0.16789682E-01
 -0.14494398E-01  0.18419347E-01 -0.15307441E-01
 -0.14808472E-01  0.18290125E-01 -0.13813078E-01
 -0.15119611E-01  0.18149821E-01 -0.12307555E-01
 -0.15427469E-01  0.17998894E-01 -0.10791892E-01
 -0.15731727E-01  0.17837817E-01 -0.92671746E-02
 -0.16032095E-01  0.17667076E-01 -0.77345464E-02
 -0.16328310E-01  0.17487167E-01 -0.61952140E-02
 -0.16620145E-01  0.17298597E-01 -0.46504401E-02
 -0.16907398E-01  0.17101877E-01 -0.31015366E-02
 -0.17189904E-01  0.16897522E-01 -0.15498553E-02
 -0.17467523E-01  0.16686042E-01  0.32233371E-05
 -0.20096577E-01 -0.50014498E-01 -0.10336420E-05
 -0.19581967E-01 -0.49755411E-01 -0.20066083E-02
 -0.19028562E-01 -0.49505681E-01 -0.40117034E-02
 -0.18438090E-01 -0.49264427E-01 -0.60156091E-02
 -0.17812301E-01 -0.49030852E-01 -0.80175942E-02
 -0.17152895E-01 -0.48804199E-01 -0.10016911E-01
 -0.16461440E-01 -0.48583691E-01 -0.12012797E-01
 -0.15739307E-01 -0.48368457E-01 -0.14004478E-01
 -0.14987604E-01 -0.48157452E-01 -0.15991163E-01
 -0.14207135E-01 -0.47949370E-01 -0.17972035E-01
 -0.13398372E-01 -0.47742568E-01 -0.19946234E-01
 -0.12561456E-01 -0.47534990E-01 -0.21912840E-01
 -0.11696220E-01 -0.47324112E-01 -0.23870839E-01
 -0.10802239E-01 -0.47106908E-01 -0.25819091E-01
 -0.98788993E-02 -0.46879837E-01 -0.27756283E-01
 -0.89254967E-02 -0.46638863E-01 -0.29680882E-01
 -0.79413419E-02 -0.46379503E-01 -0.31591075E-01
 -0.69258834E-02 -0.46096900E-01 -0.33484702E-01
 -0.58788332E-02 -0.45785935E-01 -0.35359186E-01
 -0.14911238E+00 -0.13329541E+00 -0.14185259E+00
 -0.13090339E+00 -0.11536352E+00 -0.13481338E+00
 -0.11515544E+00 -0.99960963E-01 -0.12833731E+00
 -0.10149942E+00 -0.86691860E-01 -0.12239521E+00
 -0.89625056E-01 -0.75224455E-01 -0.11695243E+00
 -0.79271809E-01 -0.65281123E-01 -0.11197187E+00
 -0.70220950E-01 -0.56629628E-01 -0.10741599E+00
 -0.62288711E-01 -0.49075636E-01 -0.10324809E+00
 -0.55320485E-01 -0.42456389E-01 -0.99433124E-01
 -0.49185954E-01 -0.36635397E-01 -0.95938102E-01
 -0.43775017E-01 -0.31498020E-01 -0.92732346E-01
 -0.38994391E-01 -0.26947797E-01 -0.89787529E-01
 -0.34764799E-01 -0.22903401E-01 -0.87077644E-01
 -0.31018629E-01 -0.19296123E-01 -0.84578913E-01
 -0.27698004E-01 -0.16067781E-01 -0.82269646E-01
 -0.24753177E-01 -0.13168999E-01 -0.80130103E-01
 -0.22141212E-01 -0.10557770E-01 -0.78142333E-01
 -0.19824895E-01 -0.81982729E-02 -0.76290027E-01
 -0.17771829E-01 -0.60598828E-02 -0.74558367E-01
 -0.15953701E-01 -0.41163539E-02 -0.72933897E-01
 -0.14345667E-01 -0.23451346E-02 -0.71404392E-01
 -0.12925853E-01 -0.72679820E-03 -0.69958745E-01
 -0.11674942E-01  0.75543254E-03 -0.68586868E-01
 -0.10575833E-01  0.21160837E-02 -0.67279597E-01
 -0.96133550E-02  0.33677631E-02 -0.66028611E-01
 -0.87740321E-02  0.45214396E-02 -0.64826356E-01
 -0.80458797E-02  0.55866771E-02 -0.63665981E-01
 -0.74182333E-02  0.65718319E-02 -0.62541275E-01
 -0.68815969E-02  0.74842180E-02 -0.61446614E-01
 -0.64275108E-02  0.83302468E-02 -0.60376905E-01
 -0.60484316E-02  0.91155455E-02 -0.59327542E-01
 -0.57376241E-02  0.98450578E-02 -0.58294358E-01
 -0.54890631E-02  0.10523129E-01 -0.57273578E-01
 -0.52973425E-02  0.11153581E-01 -0.56261783E-01
 -0.51575938E-02  0.11739776E-01 -0.55255868E-01
 -0.50654113E-02  0.12284673E-01 -0.54253006E-01
 -0.50167856E-02  0.12790879E-01 -0.53250614E-01
 -0.50080462E-02  0.13260694E-01 -0.52246325E-01
 -0.50358106E-02  0.13696151E-01 -0.51237960E-01
 -0.50969431E-02  0.14099053E-01 -0.50223506E-01
 -0.51885210E-02  0.14471010E-01 -0.49201101E-01
 -0.53078084E-02  0.14813465E-01 -0.48169019E-01
 -0.54522367E-02  0.15127726E-01 -0.47125664E-01
 -0.56193918E-02  0.15414990E-01 -0.46069561E-01
 -0.58070053E-02  0.15676360E-01 -0.44999359E-01
 -0.60129502E-02  0.15912870E-01 -0.43913830E-01
 -0.62352390E-02  0.16125495E-01 -0.42811873E-01
 -0.64720234E-02  0.16315162E-01 -0.41692518E-01
 -0.67215938E-02  0.16482762E-01 -0.40554930E-01
 -0.69823793E-02  0.16629152E-01 -0.39398414E-01
 -0.72529452E-02  0.16755158E-01 -0.38222414E-01
 -0.75319899E-02  0.16861578E-01 -0.37026517E-01
 -0.78183391E-02  0.16949177E-01 -0.35810449E-01
 -0.81109382E-02  0.17018687E-01 -0.34574070E-01
 -0.84088433E-02  0.17070805E-01 -0.33317369E-01
 -0.87112097E-02  0.17106190E-01 -0.32040453E-01
 -0.90172809E-02  0.17125461E-01 -0.30743538E-01
 -0.93263757E-02  0.17129194E-01 -0.29426941E-01
 -0.96378766E-02  0.17117929E-01 -0.28091062E-01
 -0.99512183E-02  0.17092166E-01 -0.26736378E-01
 -0.10265878E-01  0.17052370E-01 -0.25363432E-01
 -0.10581365E-01  0.16998979E-01 -0.23972824E-01
 -0.10897216E-01  0.16932408E-01 -0.22565204E-01
 -0.11212990E-01  0.16853057E-01 -0.21141269E-01
 -0.11528261E-01  0.16761317E-01 -0.19701759E-01
 -0.11842623E-01  0.16657579E-01 -0.18247460E-01
 -0.12155682E-01  0.16542239E-01 -0.16779202E-01
 -0.12467063E-01  0.16415707E-01 -0.15297863E-01
 -0.12776408E-01  0.16278407E-01 -0.13804371E-01
 -0.13083380E-01  0.16130782E-01 -0.12299712E-01
 -0.13387661E-01  0.15973296E-01 -0.10784926E-01
 -0.13688958E-01  0.15806431E-01 -0.92611119E-02
 -0.13987002E-01  0.15630685E-01 -0.77294267E-02
 -0.14281552E-01  0.15446572E-01 -0.61910832E-02
 -0.14572389E-01  0.15254612E-01 -0.46473449E-02
 -0.14859322E-01  0.15055329E-01 -0.30995195E-02
 -0.15142188E-01  0.14849248E-01 -0.15489500E-02
 -0.15420844E-01  0.14636885E-01  0.29961102E-05
 -0.18150610E-01 -0.45333200E-01 -0.10619208E-05
 -0.17656604E-01 -0.45108935E-01 -0.20130167E-02
 -0.17133037E-01 -0.44897078E-01 -0.40240248E-02
 -0.16581095E-01 -0.44696837E-01 -0.60330009E-02
 -0.16001755E-01 -0.44507508E-01 -0.80388717E-02
 -0.15395753E-01 -0.44328434E-01 -0.10040588E-01
 -0.14763551E-01 -0.44158944E-01 -0.12037135E-01
 -0.14105329E-01 -0.43998289E-01 -0.14027529E-01
 -0.13420979E-01 -0.43845561E-01 -0.16010814E-01
 -0.12710128E-01 -0.43699615E-01 -0.17986045E-01
 -0.11972169E-01 -0.43558993E-01 -0.19952261E-01
 -0.11206308E-01 -0.43421850E-01 -0.21908448E-01
 -0.10411636E-01 -0.43285905E-01 -0.23853502E-01
 -0.95872005E-02 -0.43148396E-01 -0.25786172E-01
 -0.87320901E-02 -0.43006069E-01 -0.27705009E-01
 -0.78455267E-02 -0.42855184E-01 -0.29608303E-01
 -0.69269528E-02 -0.42691554E-01 -0.31494020E-01
 -0.59761157E-02 -0.42510612E-01 -0.33359733E-01
 -0.49931435E-02 -0.42307500E-01 -0.35202557E-01
 -0.13068820E+00 -0.11680444E+00 -0.14509907E+00
 -0.11428315E+00 -0.10078125E+00 -0.13753337E+00
 -0.10015113E+00 -0.87077976E-01 -0.13061852E+00
 -0.87938910E-01 -0.75318561E-01 -0.12431079E+00
 -0.77352424E-01 -0.65190921E-01 -0.11856329E+00
 -0.68146876E-01 -0.56436126E-01 -0.11332862E+00
 -0.60118307E-01 -0.48839243E-01 -0.10856067E+00
 -0.53096522E-01 -0.42221662E-01 -0.10421560E+00
 -0.46939218E-01 -0.36434734E-01 -0.10025242E+00
 -0.41527115E-01 -0.31354517E-01 -0.96633200E-01
 -0.36759949E-01 -0.26877460E-01 -0.93323168E-01
 -0.32553179E-01 -0.22916855E-01 -0.90290591E-01
 -0.28835267E-01 -0.19399932E-01 -0.87506641E-01
 -0.25545456E-01 -0.16265464E-01 -0.84945196E-01
 -0.22631934E-01 -0.13461810E-01 -0.82582636E-01
 -0.20050327E-01 -0.10945304E-01 -0.80397622E-01
 -0.17762462E-01 -0.86789203E-02 -0.78370888E-01
 -0.15735347E-01 -0.66311842E-02 -0.76485045E-01
 -0.13940341E-01 -0.47752629E-02 -0.74724395E-01
 -0.12352464E-01 -0.30882178E-02 -0.73074759E-01
 -0.10949836E-01 -0.15503841E-02 -0.71523325E-01
 -0.97132201E-02 -0.14485514E-03 -0.70058512E-01
 -0.86256419E-02  0.11429450E-02 -0.68669843E-01
 -0.76720812E-02  0.23256178E-02 -0.67347838E-01
 -0.68392158E-02  0.34140862E-02 -0.66083917E-01
 -0.61152085E-02  0.44178420E-02 -0.64870310E-01
 -0.54895284E-02  0.53451509E-02 -0.63699984E-01
 -0.49527991E-02  0.62032249E-02 -0.62566573E-01
 -0.44966662E-02  0.69983657E-02 -0.61464311E-01
 -0.41136821E-02  0.77360858E-02 -0.60387985E-01
 -0.37972021E-02  0.84212095E-02 -0.59332872E-01
 -0.35412909E-02  0.90579602E-02 -0.58294698E-01
 -0.33406369E-02  0.96500338E-02 -0.57269593E-01
 -0.31904739E-02  0.10200663E-01 -0.56254043E-01
 -0.30865095E-02  0.10712675E-01 -0.55244861E-01
 -0.30248601E-02  0.11188540E-01 -0.54239143E-01
 -0.30019927E-02  0.11630417E-01 -0.53234240E-01
 -0.30146737E-02  0.12040196E-01 -0.52227729E-01
 -0.30599245E-02  0.12419538E-01 -0.51217386E-01
 -0.31349848E-02  0.12769906E-01 -0.50201166E-01
 -0.32372827E-02  0.13092601E-01 -0.49177187E-01
 -0.33644108E-02  0.13388791E-01 -0.48143712E-01
 -0.35141096E-02  0.13659535E-01 -0.47099143E-01
 -0.36842552E-02  0.13905810E-01 -0.46042015E-01
 -0.38728518E-02  0.14128528E-01 -0.44970989E-01
 -0.40780277E-02  0.14328553E-01 -0.43884852E-01
 -0.42980333E-02  0.14506714E-01 -0.42782522E-01
 -0.45312403E-02  0.14663814E-01 -0.41663041E-01
 -0.47761422E-02  0.14800634E-01 -0.40525585E-01
 -0.50313528E-02  0.14917936E-01 -0.39369462E-01
 -0.52956050E-02  0.15016466E-01 -0.38194111E-01
 -0.55677475E-02  0.15096946E-01 -0.36999106E-01
 -0.58467397E-02  0.15160074E-01 -0.35784149E-01
 -0.61316452E-02  0.15206520E-01 -0.34549070E-01
 -0.64216236E-02  0.15236920E-01 -0.33293819E-01
 -0.67159211E-02  0.15251874E-01 -0.32018461E-01
 -0.70138607E-02  0.15251941E-01 -0.30723169E-01
 -0.73148310E-02  0.15237642E-01 -0.29408211E-01
 -0.76182766E-02  0.15209457E-01 -0.28073945E-01
 -0.79236880E-02  0.15167830E-01 -0.26720811E-01
 -0.82305932E-02  0.15113176E-01 -0.25349320E-01
 -0.85385498E-02  0.15045880E-01 -0.23960049E-01
 -0.88471397E-02  0.14966313E-01 -0.22553635E-01
 -0.91559640E-02  0.14874835E-01 -0.21130773E-01
 -0.94646406E-02  0.14771804E-01 -0.19692209E-01
 -0.97728023E-02  0.14657585E-01 -0.18238743E-01
 -0.10080096E-01  0.14532557E-01 -0.16771227E-01
 -0.10386184E-01  0.14397118E-01 -0.15290563E-01
 -0.10690744E-01  0.14251687E-01 -0.13797710E-01
 -0.10993471E-01  0.14096709E-01 -0.12293680E-01
 -0.11294077E-01  0.13932653E-01 -0.10779540E-01
 -0.11592295E-01  0.13760013E-01 -0.92564081E-02
 -0.11887878E-01  0.13579297E-01 -0.77254587E-02
 -0.12180601E-01  0.13391032E-01 -0.61879121E-02
 -0.12470258E-01  0.13195749E-01 -0.46450330E-02
 -0.12756666E-01  0.12993983E-01 -0.30981231E-02
 -0.13039663E-01  0.12786263E-01 -0.15485134E-02
 -0.13319107E-01  0.12573112E-01  0.24452088E-05
 -0.15847392E-01 -0.39658856E-01 -0.10188497E-05
 -0.15374670E-01 -0.39467453E-01 -0.20160019E-02
 -0.14880873E-01 -0.39290019E-01 -0.40296761E-02
 -0.14366613E-01 -0.39125818E-01 -0.60406942E-02
 -0.13832137E-01 -0.38974199E-01 -0.80477360E-02
 -0.13277325E-01 -0.38834561E-01 -0.10049522E-01
 -0.12701716E-01 -0.38706301E-01 -0.12044818E-01
 -0.12104541E-01 -0.38588755E-01 -0.14032438E-01
 -0.11484777E-01 -0.38481129E-01 -0.16011226E-01
 -0.10841211E-01 -0.38382430E-01 -0.17980043E-01
 -0.10172520E-01 -0.38291403E-01 -0.19937728E-01
 -0.94773539E-02 -0.38206461E-01 -0.21883063E-01
 -0.87544283E-02 -0.38125636E-01 -0.23814722E-01
 -0.80026095E-02 -0.38046542E-01 -0.25731216E-01
 -0.72209997E-02 -0.37966349E-01 -0.27630839E-01
 -0.64090094E-02 -0.37881792E-01 -0.29511599E-01
 -0.55664173E-02 -0.37789188E-01 -0.31371162E-01
 -0.46934125E-02 -0.37684494E-01 -0.33206785E-01
 -0.37906184E-02 -0.37563373E-01 -0.35015257E-01
 -0.11011745E+00 -0.98741135E-01 -0.14779747E+00
 -0.95891584E-01 -0.84956406E-01 -0.13978039E+00
 -0.83676690E-01 -0.73211372E-01 -0.13249192E+00
 -0.73151121E-01 -0.63165638E-01 -0.12587482E+00
 -0.64049272E-01 -0.54538977E-01 -0.11987094E+00
 -0.56151611E-01 -0.47100566E-01 -0.11442363E+00
 -0.49276393E-01 -0.40660041E-01 -0.10947911E+00
 -0.43272831E-01 -0.35060136E-01 -0.10498725E+00
 -0.38015498E-01 -0.30170666E-01 -0.10090185E+00
 -0.33399757E-01 -0.25883615E-01 -0.97180725E-01
 -0.29338042E-01 -0.22109153E-01 -0.93785558E-01
 -0.25756815E-01 -0.18772376E-01 -0.90681702E-01
 -0.22594090E-01 -0.15810670E-01 -0.87837919E-01
 -0.19797412E-01 -0.13171552E-01 -0.85226101E-01
 -0.17322200E-01 -0.10810911E-01 -0.82820981E-01
 -0.15130391E-01 -0.86915705E-02 -0.80599868E-01
 -0.13189340E-01 -0.67821073E-02 -0.78542382E-01
 -0.11470902E-01 -0.50558868E-02 -0.76630219E-01
 -0.99506986E-02 -0.34902651E-02 -0.74846933E-01
 -0.86075037E-02 -0.20659337E-02 -0.73177737E-01
 -0.74227513E-02 -0.76637835E-03 -0.71609328E-01
 -0.63801296E-02  0.42256864E-03 -0.70129725E-01
 -0.54652502E-02  0.15130979E-02 -0.68728132E-01
 -0.46653790E-02  0.25157297E-02 -0.67394811E-01
 -0.39692142E-02  0.34395671E-02 -0.66120974E-01
 -0.33667049E-02  0.42925068E-02 -0.64898683E-01
 -0.28488980E-02  0.50814129E-02 -0.63720763E-01
 -0.24078109E-02  0.58122623E-02 -0.62580727E-01
 -0.20363210E-02  0.64902646E-02 -0.61472709E-01
 -0.17280694E-02  0.71199632E-02 -0.60391397E-01
 -0.14773753E-02  0.77053204E-02 -0.59331983E-01
 -0.12791582E-02  0.82497890E-02 -0.58290110E-01
 -0.11288676E-02  0.87563745E-02 -0.57261828E-01
 -0.10224173E-02  0.92276896E-02 -0.56243549E-01
 -0.95612590E-03  0.96660018E-02 -0.55232015E-01
 -0.92666234E-03  0.10073277E-01 -0.54224256E-01
 -0.93099653E-03  0.10451221E-01 -0.53217567E-01
 -0.96635589E-03  0.10801313E-01 -0.52209476E-01
 -0.10301877E-02  0.11124844E-01 -0.51197719E-01
 -0.11201270E-02  0.11422946E-01 -0.50180226E-01
 -0.12339712E-02  0.11696622E-01 -0.49155096E-01
 -0.13696592E-02  0.11946774E-01 -0.48120587E-01
 -0.15252563E-02  0.12174227E-01 -0.47075107E-01
 -0.16989437E-02  0.12379747E-01 -0.46017201E-01
 -0.18890117E-02  0.12564064E-01 -0.44945550E-01
 -0.20938556E-02  0.12727879E-01 -0.43858962E-01
 -0.23119737E-02  0.12871877E-01 -0.42756377E-01
 -0.25419667E-02  0.12996734E-01 -0.41636859E-01
 -0.27825375E-02  0.13103120E-01 -0.40499597E-01
 -0.30324902E-02  0.13191696E-01 -0.39343907E-01
 -0.32907287E-02  0.13263115E-01 -0.38169228E-01
 -0.35562539E-02  0.13318016E-01 -0.36975122E-01
 -0.38281600E-02  0.13357019E-01 -0.35761272E-01
 -0.41056283E-02  0.13380718E-01 -0.34527478E-01
 -0.43879214E-02  0.13389681E-01 -0.33273652E-01
 -0.46743751E-02  0.13384440E-01 -0.31999817E-01
 -0.49643898E-02  0.13365490E-01 -0.30706098E-01
 -0.52574225E-02  0.13333292E-01 -0.29392717E-01
 -0.55529784E-02  0.13288268E-01 -0.28059988E-01
 -0.58506023E-02  0.13230811E-01 -0.26708311E-01
 -0.61498722E-02  0.13161286E-01 -0.25338165E-01
 -0.64503930E-02  0.13080039E-01 -0.23950106E-01
 -0.67517911E-02  0.12987403E-01 -0.22544757E-01
 -0.70537112E-02  0.12883709E-01 -0.21122811E-01
 -0.73558135E-02  0.12769293E-01 -0.19685023E-01
 -0.76577718E-02  0.12644505E-01 -0.18232210E-01
 -0.79592732E-02  0.12509713E-01 -0.16765247E-01
 -0.82600178E-02  0.12365309E-01 -0.15285067E-01
 -0.85597195E-02  0.12211715E-01 -0.13792661E-01
 -0.88581060E-02  0.12049378E-01 -0.12289070E-01
 -0.91549203E-02  0.11878776E-01 -0.10775389E-01
 -0.94499209E-02  0.11700408E-01 -0.92527625E-02
 -0.97428826E-02  0.11514792E-01 -0.77223785E-02
 -0.10033597E-01  0.11322462E-01 -0.61854669E-02
 -0.10321872E-01  0.11123956E-01 -0.46432928E-02
 -0.10607533E-01  0.10919813E-01 -0.30971508E-02
 -0.10890421E-01  0.10710566E-01 -0.15483576E-02
 -0.11170393E-01  0.10496735E-01  0.17548197E-05
 -0.13192737E-01 -0.33045184E-01 -0.91275493E-06
 -0.12740506E-01 -0.32883098E-01 -0.20163488E-02
 -0.12274323E-01 -0.32734863E-01 -0.40302351E-02
 -0.11794276E-01 -0.32599765E-01 -0.60410648E-02
 -0.11300019E-01 -0.32477171E-01 -0.80473571E-02
 -0.10790812E-01 -0.32366492E-01 -0.10047664E-01
 -0.10265577E-01 -0.32267151E-01 -0.12040570E-01
 -0.97229749E-02 -0.32178529E-01 -0.14024688E-01
 -0.91614859E-02 -0.32099917E-01 -0.15998642E-01
 -0.85795104E-02 -0.32030456E-01 -0.17961047E-01
 -0.79754667E-02 -0.31969087E-01 -0.19910472E-01
 -0.73478910E-02 -0.31914492E-01 -0.21845406E-01
 -0.66955310E-02 -0.31865056E-01 -0.23764213E-01
 -0.60174293E-02 -0.31818824E-01 -0.25665077E-01
 -0.53129900E-02 -0.31773485E-01 -0.27545954E-01
 -0.45820267E-02 -0.31726360E-01 -0.29404513E-01
 -0.38247876E-02 -0.31674423E-01 -0.31238083E-01
 -0.30419571E-02 -0.31614326E-01 -0.33043596E-01
 -0.22346338E-02 -0.31542460E-01 -0.34817529E-01
 -0.87708179E-01 -0.79365234E-01 -0.14996451E+00
 -0.75986755E-01 -0.68101112E-01 -0.14157559E+00
 -0.65948306E-01 -0.58534021E-01 -0.13398107E+00
 -0.57317339E-01 -0.50373710E-01 -0.12711182E+00
 -0.49867872E-01 -0.43382833E-01 -0.12089996E+00
 -0.43414226E-01 -0.37367067E-01 -0.11528088E+00
 -0.37803497E-01 -0.32167018E-01 -0.11019430E+00
 -0.32909430E-01 -0.27651664E-01 -0.10558480E+00
 -0.28627468E-01 -0.23713041E-01 -0.10140185E+00
 -0.24870738E-01 -0.20261954E-01 -0.97599700E-01
 -0.21566814E-01 -0.17224521E-01 -0.94137133E-01
 -0.18655095E-01 -0.14539372E-01 -0.90977105E-01
 -0.16084675E-01 -0.12155390E-01 -0.88086408E-01
 -0.13812616E-01 -0.10029877E-01 -0.85435304E-01
 -0.11802540E-01 -0.81270682E-02 -0.82997189E-01
 -0.10023480E-01 -0.64169156E-02 -0.80748260E-01
 -0.84489444E-02 -0.48741034E-02 -0.78667227E-01
 -0.70561508E-02 -0.34772379E-02 -0.76735036E-01
 -0.58253997E-02 -0.22081844E-02 -0.74934627E-01
 -0.47395649E-02 -0.10515237E-02 -0.73250715E-01
 -0.37836783E-02  0.58952304E-05 -0.71669590E-01
 -0.29445921E-02  0.97532430E-03 -0.70178950E-01
 -0.22107042E-02  0.18664194E-02 -0.68767737E-01
 -0.15717363E-02  0.26874908E-02 -0.67426008E-01
 -0.10185526E-02  0.34457100E-02 -0.66144812E-01
 -0.54301218E-03  0.41472799E-02 -0.64916078E-01
 -0.13784718E-03  0.47975753E-02 -0.63732527E-01
  0.20343877E-03  0.54012598E-02 -0.62587586E-01
  0.48665703E-03  0.59623820E-02 -0.61475311E-01
  0.71700894E-03  0.64844562E-02 -0.60390323E-01
  0.89915227E-03  0.69705301E-02 -0.59327752E-01
  0.10372613E-02  0.74232429E-02 -0.58283180E-01
  0.11350816E-02  0.78448748E-02 -0.57252598E-01
  0.11959813E-02  0.82373913E-02 -0.56232361E-01
  0.12229978E-02  0.86024827E-02 -0.55219154E-01
  0.12188810E-02  0.89416004E-02 -0.54209959E-01
  0.11861328E-02  0.92559901E-02 -0.53202021E-01
  0.11270421E-02  0.95467233E-02 -0.52192829E-01
  0.10437160E-02  0.98147269E-02 -0.51180088E-01
  0.93810549E-03  0.10060811E-01 -0.50161703E-01
  0.81202745E-03  0.10285693E-01 -0.49135762E-01
  0.66718177E-03  0.10490022E-01 -0.48100520E-01
  0.50516436E-03  0.10674398E-01 -0.47054389E-01
  0.32747648E-03  0.10839391E-01 -0.45995927E-01
  0.13553095E-03  0.10985551E-01 -0.44923835E-01
 -0.69344109E-04  0.11113423E-01 -0.43836944E-01
 -0.28590326E-03  0.11223550E-01 -0.42734214E-01
 -0.51298284E-03  0.11316480E-01 -0.41614730E-01
 -0.74950045E-03  0.11392763E-01 -0.40477698E-01
 -0.99445431E-03  0.11452954E-01 -0.39322443E-01
 -0.12469220E-02  0.11497602E-01 -0.38148405E-01
 -0.15060587E-02  0.11527253E-01 -0.36955138E-01
 -0.17710935E-02  0.11542437E-01 -0.35742306E-01
 -0.20413262E-02  0.11543665E-01 -0.34509682E-01
 -0.23161214E-02  0.11531424E-01 -0.33257147E-01
 -0.25949035E-02  0.11506173E-01 -0.31984682E-01
 -0.28771498E-02  0.11468340E-01 -0.30692369E-01
 -0.31623844E-02  0.11418323E-01 -0.29380387E-01
 -0.34501719E-02  0.11356492E-01 -0.28049010E-01
 -0.37401107E-02  0.11283190E-01 -0.26698600E-01
 -0.40318284E-02  0.11198742E-01 -0.25329609E-01
 -0.43249759E-02  0.11103461E-01 -0.23942571E-01
 -0.46192245E-02  0.10997656E-01 -0.22538099E-01
 -0.49142620E-02  0.10881639E-01 -0.21116886E-01
 -0.52097906E-02  0.10755734E-01 -0.19679696E-01
 -0.55055254E-02  0.10620283E-01 -0.18227364E-01
 -0.58011935E-02  0.10475653E-01 -0.16760791E-01
 -0.60965333E-02  0.10322238E-01 -0.15280937E-01
 -0.63912947E-02  0.10160463E-01 -0.13788825E-01
 -0.66852390E-02  0.99907809E-02 -0.12285526E-01
 -0.69781393E-02  0.98136727E-02 -0.10772163E-01
 -0.72697805E-02  0.96296430E-02 -0.92499017E-02
 -0.75599599E-02  0.94392142E-02 -0.77199462E-02
 -0.78484867E-02  0.92429208E-02 -0.61835337E-02
 -0.81351829E-02  0.90413019E-02 -0.46419288E-02
 -0.84198822E-02  0.88348954E-02 -0.30964177E-02
 -0.87024309E-02  0.86242317E-02 -0.15483023E-02
 -0.89826872E-02  0.84098286E-02  0.11051711E-05
 -0.10216523E-01 -0.25596775E-01 -0.76100522E-06
 -0.97823972E-02 -0.25458850E-01 -0.20150477E-02
 -0.93397532E-02 -0.25332965E-01 -0.40276605E-02
 -0.88882831E-02 -0.25218400E-01 -0.60370127E-02
 -0.84272792E-02 -0.25114502E-01 -0.80415287E-02
 -0.79556981E-02 -0.25020662E-01 -0.10039642E-01
 -0.74722396E-02 -0.24936288E-01 -0.12029787E-01
 -0.69754383E-02 -0.24860769E-01 -0.14010390E-01
 -0.64637616E-02 -0.24793440E-01 -0.15979850E-01
 -0.59357113E-02 -0.24733544E-01 -0.17936516E-01
 -0.53899221E-02 -0.24680188E-01 -0.19878661E-01
 -0.48252529E-02 -0.24632306E-01 -0.21804447E-01
 -0.42408645E-02 -0.24588623E-01 -0.23711891E-01
 -0.36362809E-02 -0.24547626E-01 -0.25598822E-01
 -0.30114293E-02 -0.24507545E-01 -0.27462842E-01
 -0.23666561E-02 -0.24466341E-01 -0.29301279E-01
 -0.17027188E-02 -0.24421714E-01 -0.31111140E-01
 -0.10207529E-02 -0.24371118E-01 -0.32889067E-01
 -0.32221736E-03 -0.24311802E-01 -0.34631280E-01
 -0.63798568E-01 -0.58943838E-01 -0.15162101E+00
 -0.54848787E-01 -0.50429682E-01 -0.14294212E+00
 -0.47198698E-01 -0.43217921E-01 -0.13510997E+00
 -0.40631544E-01 -0.37080873E-01 -0.12804571E+00
 -0.34970504E-01 -0.31833404E-01 -0.12167356E+00
 -0.30071014E-01 -0.27324719E-01 -0.11592251E+00
 -0.25814558E-01 -0.23431714E-01 -0.11072713E+00
 -0.22103685E-01 -0.20053643E-01 -0.10602778E+00
 -0.18857998E-01 -0.17107834E-01 -0.10177054E+00
 -0.16010944E-01 -0.14526261E-01 -0.97906891E-01
 -0.13507237E-01 -0.12252787E-01 -0.94393337E-01
 -0.11300772E-01 -0.10240961E-01 -0.91190984E-01
 -0.93529523E-02 -0.84522306E-02 -0.88265093E-01
 -0.76313315E-02 -0.68545117E-02 -0.85584670E-01
 -0.61085063E-02 -0.54210266E-02 -0.83122069E-01
 -0.47612207E-02 -0.41293616E-02 -0.80852629E-01
 -0.35696331E-02 -0.29607023E-02 -0.78754349E-01
 -0.25167186E-02 -0.18992085E-02 -0.76807589E-01
 -0.15877823E-02 -0.93150555E-03 -0.74994808E-01
 -0.77006213E-03 -0.46265906E-04 -0.73300328E-01
 -0.52407378E-04  0.76613223E-03 -0.71710121E-01
  0.57498238E-03  0.15138860E-02 -0.70211629E-01
  0.11207675E-02  0.22039987E-02 -0.68793592E-01
  0.15926377E-02  0.28424691E-02 -0.67445907E-01
  0.19974482E-02  0.34344474E-02 -0.66159496E-01
  0.23413292E-02  0.39843633E-02 -0.64926193E-01
  0.26297757E-02  0.44960320E-02 -0.63738641E-01
  0.28677202E-02  0.49727406E-02 -0.62590206E-01
  0.30595943E-02  0.54173208E-02 -0.61474892E-01
  0.32093811E-02  0.58322089E-02 -0.60387277E-01
  0.33206623E-02  0.62194966E-02 -0.59322449E-01
  0.33966589E-02  0.65809747E-02 -0.58275950E-01
  0.34402710E-02  0.69181708E-02 -0.57243730E-01
  0.34541125E-02  0.72323832E-02 -0.56222107E-01
  0.34405459E-02  0.75247113E-02 -0.55207726E-01
  0.34017129E-02  0.77960841E-02 -0.54197530E-01
  0.33395636E-02  0.80472868E-02 -0.53188732E-01
  0.32558833E-02  0.82789851E-02 -0.52178790E-01
  0.31523152E-02  0.84917495E-02 -0.51165385E-01
  0.30303813E-02  0.86860762E-02 -0.50146405E-01
  0.28914991E-02  0.88624077E-02 -0.49119925E-01
  0.27369954E-02  0.90211506E-02 -0.48084198E-01
  0.25681173E-02  0.91626906E-02 -0.47037642E-01
  0.23860397E-02  0.92874057E-02 -0.45978825E-01
  0.21918708E-02  0.93956756E-02 -0.44906462E-01
  0.19866557E-02  0.94878891E-02 -0.43819403E-01
  0.17713786E-02  0.95644473E-02 -0.42716627E-01
  0.15469630E-02  0.96257651E-02 -0.41597236E-01
  0.13142733E-02  0.96722698E-02 -0.40460449E-01
  0.10741144E-02  0.97043976E-02 -0.39305598E-01
  0.82723306E-03  0.97225889E-02 -0.38132126E-01
  0.57431883E-03  0.97272827E-02 -0.36939578E-01
  0.31600602E-03  0.97189106E-02 -0.35727605E-01
  0.52876354E-04  0.96978913E-02 -0.34495958E-01
 -0.21453780E-03  0.96646262E-02 -0.33244489E-01
 -0.48574965E-03  0.96194961E-02 -0.31973147E-01
 -0.76031377E-03  0.95628599E-02 -0.30681977E-01
 -0.10378217E-02  0.94950550E-02 -0.29371124E-01
 -0.13178977E-02  0.94163995E-02 -0.28040827E-01
 -0.16001943E-02  0.93271965E-02 -0.26691419E-01
 -0.18843883E-02  0.92277390E-02 -0.25323328E-01
 -0.21701775E-02  0.91183171E-02 -0.23937072E-01
 -0.24572778E-02  0.89992244E-02 -0.22533259E-01
 -0.27454200E-02  0.88707652E-02 -0.21112580E-01
 -0.30343485E-02  0.87332610E-02 -0.19675811E-01
 -0.33238193E-02  0.85870558E-02 -0.18223803E-01
 -0.36135993E-02  0.84325206E-02 -0.16757478E-01
 -0.39034648E-02  0.82700552E-02 -0.15277825E-01
 -0.41932015E-02  0.81000891E-02 -0.13785892E-01
 -0.44826040E-02  0.79230805E-02 -0.12282777E-01
 -0.47714754E-02  0.77395129E-02 -0.10769627E-01
 -0.50596271E-02  0.75498909E-02 -0.92476253E-02
 -0.53468789E-02  0.73547348E-02 -0.77179890E-02
 -0.56330586E-02  0.71545749E-02 -0.61819602E-02
 -0.59180023E-02  0.69499445E-02 -0.46408017E-02
 -0.62015540E-02  0.67413746E-02 -0.30957909E-02
 -0.64835662E-02  0.65293888E-02 -0.15482157E-02
 -0.67638996E-02  0.63144988E-02  0.63069816E-06
 -0.69727797E-02 -0.17468285E-01 -0.58727029E-06
 -0.65528882E-02 -0.17347924E-01 -0.20131366E-02
 -0.61282572E-02 -0.17236279E-01 -0.40239826E-02
 -0.56983742E-02 -0.17132605E-01 -0.60315072E-02
 -0.52624501E-02 -0.17036206E-01 -0.80340827E-02
 -0.48194931E-02 -0.16946421E-01 -0.10030060E-01
 -0.43683912E-02 -0.16862610E-01 -0.12017755E-01
 -0.39079992E-02 -0.16784132E-01 -0.13995432E-01
 -0.34372271E-02 -0.16710327E-01 -0.15961288E-01
 -0.29551233E-02 -0.16640490E-01 -0.17913432E-01
 -0.24609497E-02 -0.16573851E-01 -0.19849862E-01
 -0.19542445E-02 -0.16509543E-01 -0.21768442E-01
 -0.14348679E-02 -0.16446590E-01 -0.23666876E-01
 -0.90302953E-03 -0.16383881E-01 -0.25542680E-01
 -0.35929462E-03 -0.16320158E-01 -0.27393151E-01
  0.19543157E-03 -0.16254011E-01 -0.29215334E-01
  0.75994012E-03 -0.16183872E-01 -0.31005982E-01
  0.13327741E-02 -0.16108031E-01 -0.32761519E-01
  0.19123000E-02 -0.16024652E-01 -0.34477992E-01
 -0.38749369E-01 -0.37745664E-01 -0.15278765E+00
 -0.32774771E-01 -0.32154822E-01 -0.14390155E+00
 -0.27673792E-01 -0.27431801E-01 -0.13590014E+00
 -0.23298362E-01 -0.23421234E-01 -0.12869733E+00
 -0.19528306E-01 -0.19997461E-01 -0.12221157E+00
 -0.16265828E-01 -0.17058641E-01 -0.11636718E+00
 -0.13431105E-01 -0.14522035E-01 -0.11109499E+00
 -0.10958770E-01 -0.12320243E-01 -0.10633233E+00
 -0.87951169E-02 -0.10398214E-01 -0.10202285E+00
 -0.68958651E-02 -0.87108524E-02 -0.98116047E-01
 -0.52243778E-02 -0.72211214E-02 -0.94566811E-01
 -0.37502307E-02 -0.58985166E-02 -0.91334929E-01
 -0.24480608E-02 -0.47178481E-02 -0.88384581E-01
 -0.12966354E-02 -0.36582592E-02 -0.85683877E-01
 -0.27809757E-03 -0.27024372E-02 -0.83204433E-01
  0.62264851E-03 -0.18359742E-02 -0.80920972E-01
  0.14184378E-02 -0.10468496E-02 -0.78810985E-01
  0.21202527E-02 -0.32500984E-03 -0.76854410E-01
  0.27375556E-02  0.33797454E-03 -0.75033358E-01
  0.32785593E-02  0.94918804E-03 -0.73331862E-01
  0.37504447E-02  0.15145987E-02 -0.71735665E-01
  0.41595377E-02  0.20392448E-02 -0.70232017E-01
  0.45114485E-02  0.25273882E-02 -0.68809513E-01
  0.48111842E-02  0.29826392E-02 -0.67457930E-01
  0.50632363E-02  0.34080594E-02 -0.66168103E-01
  0.52716501E-02  0.38062461E-02 -0.64931796E-01
  0.54400802E-02  0.41794016E-02 -0.63741600E-01
  0.55718339E-02  0.45293899E-02 -0.62590840E-01
  0.56699068E-02  0.48577849E-02 -0.61473490E-01
  0.57370133E-02  0.51659094E-02 -0.60384101E-01
  0.57756121E-02  0.54548696E-02 -0.59317738E-01
  0.57879299E-02  0.57255836E-02 -0.58269920E-01
  0.57759837E-02  0.59788080E-02 -0.57236577E-01
  0.57416013E-02  0.62151606E-02 -0.56214001E-01
  0.56864413E-02  0.64351417E-02 -0.55198816E-01
  0.56120129E-02  0.66391546E-02 -0.54187942E-01
  0.55196941E-02  0.68275238E-02 -0.53178569E-01
  0.54107485E-02  0.70005131E-02 -0.52168135E-01
  0.52863417E-02  0.71583417E-02 -0.51154306E-01
  0.51475547E-02  0.73011996E-02 -0.50134954E-01
  0.49953961E-02  0.74292614E-02 -0.49108151E-01
  0.48308124E-02  0.75426980E-02 -0.48072144E-01
  0.46546957E-02  0.76416863E-02 -0.47025352E-01
  0.44678902E-02  0.77264175E-02 -0.45966353E-01
  0.42711960E-02  0.77971017E-02 -0.44893867E-01
  0.40653726E-02  0.78539715E-02 -0.43806759E-01
  0.38511405E-02  0.78972825E-02 -0.42704017E-01
  0.36291820E-02  0.79273122E-02 -0.41584756E-01
  0.34001416E-02  0.79443571E-02 -0.40448203E-01
  0.31646264E-02  0.79487286E-02 -0.39293696E-01
  0.29232059E-02  0.79407476E-02 -0.38120675E-01
  0.26764129E-02  0.79207399E-02 -0.36928682E-01
  0.24247438E-02  0.78890305E-02 -0.35717356E-01
  0.21686599E-02  0.78459395E-02 -0.34486433E-01
  0.19085887E-02  0.77917786E-02 -0.33235743E-01
  0.16449260E-02  0.77268490E-02 -0.31965210E-01
  0.13780380E-02  0.76514409E-02 -0.30674856E-01
  0.11082636E-02  0.75658346E-02 -0.29364800E-01
  0.83591675E-03  0.74703029E-02 -0.28035255E-01
  0.56128939E-03  0.73651150E-02 -0.26686536E-01
  0.28465343E-03  0.72505410E-02 -0.25319054E-01
  0.62632554E-05  0.71268575E-02 -0.23933317E-01
 -0.27364220E-03  0.69943530E-02 -0.22529929E-01
 -0.55483752E-03  0.68533330E-02 -0.21109585E-01
 -0.83710913E-03  0.67041247E-02 -0.19673069E-01
 -0.11202538E-02  0.65470804E-02 -0.18221246E-01
 -0.14040773E-02  0.63825798E-02 -0.16755057E-01
 -0.16883933E-02  0.62110308E-02 -0.15275511E-01
 -0.19730227E-02  0.60328686E-02 -0.13783675E-01
 -0.22577924E-02  0.58485540E-02 -0.12280669E-01
 -0.25425348E-02  0.56585694E-02 -0.10767657E-01
 -0.28270873E-02  0.54634149E-02 -0.92458356E-02
 -0.31112921E-02  0.52636033E-02 -0.77164288E-02
 -0.33949956E-02  0.50596545E-02 -0.61806819E-02
 -0.36780485E-02  0.48520906E-02 -0.46398545E-02
 -0.39603058E-02  0.46414310E-02 -0.30952158E-02
 -0.42416271E-02  0.44281887E-02 -0.15480410E-02
 -0.45218767E-02  0.42128673E-02  0.39222251E-06
 -0.35370181E-02 -0.88585047E-02 -0.41769709E-06
 -0.31263617E-02 -0.87480214E-02 -0.20115266E-02
 -0.27134730E-02 -0.86417950E-02 -0.40209619E-02
 -0.22978591E-02 -0.85390421E-02 -0.60270952E-02
 -0.18789344E-02 -0.84390068E-02 -0.80282685E-02
 -0.14560883E-02 -0.83409560E-02 -0.10022777E-01
 -0.10287532E-02 -0.82441749E-02 -0.12008849E-01
 -0.59646873E-03 -0.81479606E-02 -0.13984634E-01
 -0.15893935E-03 -0.80516158E-02 -0.15948178E-01
  0.28391815E-03 -0.79544411E-02 -0.17897416E-01
  0.73193963E-03 -0.78557288E-02 -0.19830149E-01
  0.11846932E-02 -0.77547552E-02 -0.21744031E-01
  0.16414748E-02 -0.76507748E-02 -0.23636551E-01
  0.21013200E-02 -0.75430147E-02 -0.25505015E-01
  0.25630317E-02 -0.74306706E-02 -0.27346524E-01
  0.30252228E-02 -0.73129059E-02 -0.29157945E-01
  0.34863709E-02 -0.71888518E-02 -0.30935886E-01
  0.39448829E-02 -0.70576125E-02 -0.32676656E-01
  0.43991647E-02 -0.69182730E-02 -0.34376213E-01
 -0.12937372E-01 -0.16038160E-01 -0.15348141E+00
 -0.10074175E-01 -0.13486149E-01 -0.14447101E+00
 -0.76294955E-02 -0.11340497E-01 -0.13636822E+00
 -0.55308004E-02 -0.95248093E-02 -0.12908255E+00
 -0.37196869E-02 -0.79778248E-02 -0.12252890E+00
 -0.21489914E-02 -0.66503177E-02 -0.11662880E+00
 -0.78050830E-03 -0.55026441E-02 -0.11131078E+00
  0.41680822E-03 -0.45028028E-02 -0.10651040E+00
  0.14682639E-02 -0.36249044E-02 -0.10216981E+00
  0.23945475E-02 -0.28479592E-02 -0.98237335E-01
  0.32126239E-02 -0.21549173E-02 -0.94666913E-01
  0.39364470E-02 -0.15319052E-02 -0.91417541E-01
  0.45775329E-02 -0.96761743E-03 -0.88452755E-01
  0.51454225E-02 -0.45283012E-03 -0.85740133E-01
  0.56480579E-02  0.19989304E-04 -0.83250843E-01
  0.60920884E-02  0.45699594E-03 -0.80959243E-01
  0.64831205E-02  0.86322059E-03 -0.78842513E-01
  0.68259223E-02  0.12427744E-02 -0.76880334E-01
  0.71245889E-02  0.15990150E-02 -0.75054601E-01
  0.73826771E-02  0.19346804E-02 -0.73349172E-01
  0.76033124E-02  0.22519990E-02 -0.71749641E-01
  0.77892739E-02  0.25527783E-02 -0.70243142E-01
  0.79430608E-02  0.28384769E-02 -0.68818173E-01
  0.80669423E-02  0.31102636E-02 -0.67464441E-01
  0.81629957E-02  0.33690658E-02 -0.66172722E-01
  0.82331340E-02  0.36156083E-02 -0.64934737E-01
  0.82791258E-02  0.38504456E-02 -0.63743049E-01
  0.83026094E-02  0.40739893E-02 -0.62590959E-01
  0.83051027E-02  0.42865296E-02 -0.61472426E-01
  0.82880110E-02  0.44882552E-02 -0.60381989E-01
  0.82526330E-02  0.46792694E-02 -0.59314703E-01
  0.82001663E-02  0.48596054E-02 -0.58266080E-01
  0.81317136E-02  0.50292391E-02 -0.57232040E-01
  0.80482883E-02  0.51881019E-02 -0.56208868E-01
  0.79508215E-02  0.53360927E-02 -0.55193178E-01
  0.78401696E-02  0.54730886E-02 -0.54181880E-01
  0.77171214E-02  0.55989555E-02 -0.53172153E-01
  0.75824061E-02  0.57135580E-02 -0.52161427E-01
  0.74367014E-02  0.58167683E-02 -0.51147358E-01
  0.72806404E-02  0.59084743E-02 -0.50127811E-01
  0.71148181E-02  0.59885860E-02 -0.49100852E-01
  0.69397980E-02  0.60570416E-02 -0.48064726E-01
  0.67561162E-02  0.61138108E-02 -0.47017851E-01
  0.65642860E-02  0.61588973E-02 -0.45958805E-01
  0.63648003E-02  0.61923399E-02 -0.44886313E-01
  0.61581340E-02  0.62142113E-02 -0.43799242E-01
  0.59447450E-02  0.62246165E-02 -0.42696587E-01
  0.57250750E-02  0.62236893E-02 -0.41577464E-01
  0.54995492E-02  0.62115883E-02 -0.40441106E-01
  0.52685763E-02  0.61884927E-02 -0.39286850E-01
  0.50325481E-02  0.61545972E-02 -0.38114135E-01
  0.47918387E-02  0.61101082E-02 -0.36922499E-01
  0.45468043E-02  0.60552394E-02 -0.35711573E-01
  0.42977828E-02  0.59902090E-02 -0.34481083E-01
  0.40450934E-02  0.59152380E-02 -0.33230848E-01
  0.37890374E-02  0.58305490E-02 -0.31960778E-01
  0.35298977E-02  0.57363665E-02 -0.30670880E-01
  0.32679398E-02  0.56329187E-02 -0.29361260E-01
  0.30034124E-02  0.55204397E-02 -0.28032118E-01
  0.27365485E-02  0.53991727E-02 -0.26683759E-01
  0.24675661E-02  0.52693732E-02 -0.25316586E-01
  0.21966698E-02  0.51313130E-02 -0.23931104E-01
  0.19240514E-02  0.49852837E-02 -0.22527916E-01
  0.16498922E-02  0.48315992E-02 -0.21107721E-01
  0.13743633E-02  0.46705986E-02 -0.19671311E-01
  0.10976277E-02  0.45026466E-02 -0.18219560E-01
  0.81984132E-03  0.43281344E-02 -0.16753420E-01
  0.54115420E-03  0.41474786E-02 -0.15273914E-01
  0.26171187E-03  0.39611192E-02 -0.13782123E-01
 -0.18343649E-04  0.37695168E-02 -0.12279177E-01
 -0.29887295E-03  0.35731491E-02 -0.10766250E-01
 -0.57973841E-03  0.33725071E-02 -0.92445443E-02
 -0.86080371E-03  0.31680908E-02 -0.77152893E-02
 -0.11419334E-02  0.29604052E-02 -0.61797290E-02
 -0.14229927E-02  0.27499568E-02 -0.46391193E-02
 -0.17038479E-02  0.25372501E-02 -0.30947224E-02
 -0.19843662E-02  0.23227854E-02 -0.15478041E-02
 -0.22644165E-02  0.21070570E-02  0.36875821E-06
 -0.88495287E-06  0.74395498E-06 -0.27657544E-06
  0.40611056E-03  0.10961729E-03 -0.20108416E-02
  0.81344483E-03  0.21930315E-03 -0.40197842E-02
  0.12213763E-02  0.33062832E-03 -0.60254677E-02
  0.16300507E-02  0.44441670E-03 -0.80262149E-02
  0.20394533E-02  0.56148621E-03 -0.10020288E-01
  0.24493702E-02  0.68264445E-03 -0.12005872E-01
  0.28593598E-02  0.80868282E-03 -0.13981056E-01
  0.32687388E-02  0.94036912E-03 -0.15943821E-01
  0.36765802E-02  0.10784386E-02 -0.17892026E-01
  0.40817261E-02  0.12235839E-02 -0.19823394E-01
  0.44828140E-02  0.13764442E-02 -0.21735501E-01
  0.48783148E-02  0.15375942E-02 -0.23625763E-01
  0.52665810E-02  0.17075331E-02 -0.25491422E-01
  0.56459031E-02  0.18866757E-02 -0.27329522E-01
  0.60145692E-02  0.20753436E-02 -0.29136895E-01
  0.63709274E-02  0.22737601E-02 -0.30910123E-01
  0.67134444E-02  0.24820465E-02 -0.32645503E-01
  0.70407588E-02  0.27002228E-02 -0.34338999E-01
  0.13250329E-01  0.59129159E-02 -0.15371298E+00
  0.12935421E-01  0.53693896E-02 -0.14466107E+00
  0.12671575E-01  0.48941939E-02 -0.13652438E+00
  0.12452340E-01  0.44814476E-02 -0.12921097E+00
  0.12271766E-01  0.41255846E-02 -0.12263456E+00
  0.12124438E-01  0.38214193E-02 -0.11671573E+00
  0.12005461E-01  0.35641658E-02 -0.11138230E+00
  0.11910429E-01  0.33494310E-02 -0.10656919E+00
  0.11835375E-01  0.31731925E-02 -0.10221810E+00
  0.11776727E-01  0.30317705E-02 -0.98276966E-01
  0.11731260E-01  0.29217972E-02 -0.94699401E-01
  0.11696060E-01  0.28401860E-02 -0.91444150E-01
  0.11668495E-01  0.27841034E-02 -0.88474534E-01
  0.11646184E-01  0.27509422E-02 -0.85757953E-01
  0.11626984E-01  0.27382982E-02 -0.83265429E-01
  0.11608973E-01  0.27439487E-02 -0.80971192E-01
  0.11590440E-01  0.27658340E-02 -0.78852314E-01
  0.11569874E-01  0.28020399E-02 -0.76888385E-01
  0.11545960E-01  0.28507835E-02 -0.75061222E-01
  0.11517567E-01  0.29103993E-02 -0.73354617E-01
  0.11483742E-01  0.29793272E-02 -0.71754109E-01
  0.11443699E-01  0.30561026E-02 -0.70246787E-01
  0.11396811E-01  0.31393458E-02 -0.68821111E-01
  0.11342590E-01  0.32277549E-02 -0.67466758E-01
  0.11280683E-01  0.33200976E-02 -0.66174482E-01
  0.11210849E-01  0.34152055E-02 -0.64935989E-01
  0.11132947E-01  0.35119692E-02 -0.63743830E-01
  0.11046923E-01  0.36093341E-02 -0.62591300E-01
  0.10952790E-01  0.37062973E-02 -0.61472354E-01
  0.10850617E-01  0.38019064E-02 -0.60381530E-01
  0.10740518E-01  0.38952578E-02 -0.59313886E-01
  0.10622634E-01  0.39854972E-02 -0.58264934E-01
  0.10497131E-01  0.40718200E-02 -0.57230597E-01
  0.10364188E-01  0.41534729E-02 -0.56207163E-01
  0.10223991E-01  0.42297552E-02 -0.55191245E-01
  0.10076727E-01  0.43000208E-02 -0.54179756E-01
  0.99225873E-02  0.43636799E-02 -0.53169875E-01
  0.97617578E-02  0.44202009E-02 -0.52159030E-01
  0.95944239E-02  0.44691109E-02 -0.51144876E-01
  0.94207688E-02  0.45099965E-02 -0.50125277E-01
  0.92409747E-02  0.45425036E-02 -0.49098294E-01
  0.90552240E-02  0.45663357E-02 -0.48062172E-01
  0.88637005E-02  0.45812522E-02 -0.47015325E-01
  0.86665906E-02  0.45870657E-02 -0.45956328E-01
  0.84640844E-02  0.45836378E-02 -0.44883905E-01
  0.82563762E-02  0.45708754E-02 -0.43796920E-01
  0.80436651E-02  0.45487259E-02 -0.42694364E-01
  0.78261547E-02  0.45171723E-02 -0.41575355E-01
  0.76040525E-02  0.44762288E-02 -0.40439118E-01
  0.73775694E-02  0.44259361E-02 -0.39284992E-01
  0.71469183E-02  0.43663578E-02 -0.38112411E-01
  0.69123127E-02  0.42975770E-02 -0.36920910E-01
  0.66739655E-02  0.42196941E-02 -0.35710119E-01
  0.64320872E-02  0.41328253E-02 -0.34479759E-01
  0.61868844E-02  0.40371023E-02 -0.33229645E-01
  0.59385584E-02  0.39326722E-02 -0.31959685E-01
  0.56873039E-02  0.38196989E-02 -0.30669884E-01
  0.54333078E-02  0.36983645E-02 -0.29360343E-01
  0.51767490E-02  0.35688712E-02 -0.28031264E-01
  0.49177971E-02  0.34314434E-02 -0.26682949E-01
  0.46566129E-02  0.32863295E-02 -0.25315803E-01
  0.43933480E-02  0.31338036E-02 -0.23930333E-01
  0.41281460E-02  0.29741662E-02 -0.22527143E-01
  0.38611423E-02  0.28077450E-02 -0.21106938E-01
  0.35924656E-02  0.26348941E-02 -0.19670512E-01
  0.33222391E-02  0.24559932E-02 -0.18218745E-01
  0.30505814E-02  0.22714455E-02 -0.16752595E-01
  0.27776077E-02  0.20816753E-02 -0.15273086E-01
  0.25034315E-02  0.18871254E-02 -0.13781305E-01
  0.22281655E-02  0.16882535E-02 -0.12278386E-01
  0.19519227E-02  0.14855290E-02 -0.10765502E-01
  0.16748172E-02  0.12794299E-02 -0.92438573E-02
  0.13969649E-02  0.10704399E-02 -0.77146794E-02
  0.11184840E-02  0.85904592E-03 -0.61792100E-02
  0.83949516E-03  0.64573611E-03 -0.46387014E-02
  0.56012119E-03  0.43099840E-03 -0.30944112E-02
  0.28048697E-03  0.21531972E-03 -0.15476002E-02
  0.71890958E-06 -0.81440740E-06  0.47002175E-06
  
