  0.34335372E-07 -0.10592342E-06  0.86365274E-08
 -0.53583431E-04  0.20775707E-04 -0.11568575E-02
 -0.10926029E-03  0.42296035E-04 -0.22661646E-02
 -0.16970149E-03  0.65030007E-04 -0.32829185E-02
 -0.23809432E-03  0.89646419E-04 -0.41663523E-02
 -0.31725626E-03  0.11690267E-03 -0.48801043E-02
 -0.40874166E-03  0.14754749E-03 -0.53923546E-02
 -0.51257964E-03  0.18225756E-03 -0.56773803E-02
 -0.62769487E-03  0.22171570E-03 -0.57184679E-02
 -0.75246109E-03  0.26675742E-03 -0.55103289E-02
 -0.88480777E-03  0.31836000E-03 -0.50590769E-02
 -0.10217802E-02  0.37733760E-03 -0.43799336E-02
 -0.11589389E-02  0.44391243E-03 -0.34952550E-02
 -0.12901375E-02  0.51763697E-03 -0.24355950E-02
  0.11597009E-02 -0.15123160E-02 -0.89726767E-03
  0.11013812E-02 -0.14463779E-02  0.34401319E-03
  0.10377692E-02 -0.13547584E-02  0.15792743E-02
  0.96821291E-03 -0.12375799E-02  0.27227229E-02
  0.89045762E-03 -0.10979068E-02  0.36785675E-02
  0.80154326E-03 -0.94178507E-03  0.43474539E-02
 -0.21779061E-02 -0.15218726E-02  0.26472823E-02
 -0.18409325E-02 -0.12835293E-02  0.24508036E-02
 -0.14426359E-02 -0.10045329E-02  0.20522032E-02
 -0.99320529E-03 -0.69098000E-03  0.14787294E-02
 -0.50651557E-03 -0.35211139E-03  0.77445880E-03
  0.63415537E-08  0.94818935E-07 -0.26408467E-06
  0.50662070E-03  0.35214341E-03 -0.77476213E-03
  0.99347308E-03  0.69070479E-03 -0.14785575E-02
  0.14429258E-02  0.10041185E-02 -0.20517076E-02
  0.18410509E-02  0.12832723E-02 -0.24503528E-02
  0.21778577E-02  0.15218774E-02 -0.26470910E-02
 -0.80142303E-03  0.94192913E-03 -0.43474281E-02
 -0.88988993E-03  0.10978433E-02 -0.36783808E-02
 -0.96712809E-03  0.12372074E-02 -0.27222595E-02
 -0.10364679E-02  0.13542489E-02 -0.15787353E-02
 -0.11003234E-02  0.14459799E-02 -0.34373112E-03
 -0.11591634E-02  0.15121247E-02  0.89713350E-03
  0.12902312E-02 -0.51784400E-03  0.24351752E-02
  0.11588950E-02 -0.44410281E-03  0.34948237E-02
  0.10218681E-02 -0.37740238E-03  0.43796268E-02
  0.88502136E-03 -0.31816574E-03  0.50588672E-02
  0.75258884E-03 -0.26631406E-03  0.55101418E-02
  0.62755264E-03 -0.22121248E-03  0.57182923E-02
  0.51218179E-03 -0.18191221E-03  0.56772407E-02
  0.40828043E-03 -0.14742525E-03  0.53922119E-02
  0.31694236E-03 -0.11689441E-03  0.48798502E-02
  0.23801216E-03 -0.89617731E-04  0.41659333E-02
  0.16978683E-03 -0.64969427E-04  0.32824415E-02
  0.10938876E-03 -0.42303234E-04  0.22658287E-02
  0.53677401E-04 -0.20918024E-04  0.11567588E-02
  0.34335372E-07 -0.10592341E-06  0.86365255E-08
 -0.10368624E-04  0.51153175E-04  0.11697758E-02
 -0.65289843E-04  0.72661183E-04  0.15288037E-04
 -0.12148629E-03  0.96896047E-04 -0.11323541E-02
 -0.18135622E-03  0.12489350E-03 -0.22273967E-02
 -0.24793096E-03  0.15760521E-03 -0.32257558E-02
 -0.32403299E-03  0.19528317E-03 -0.40857119E-02
 -0.41101665E-03  0.23736932E-03 -0.47698066E-02
 -0.50826815E-03  0.28306350E-03 -0.52473486E-02
 -0.61392401E-03  0.33204796E-03 -0.54962910E-02
 -0.72597470E-03  0.38462945E-03 -0.55041930E-02
 -0.84245382E-03  0.44108000E-03 -0.52690824E-02
 -0.96035174E-03  0.50075369E-03 -0.48007923E-02
 -0.10743256E-02  0.56189198E-03 -0.41221454E-02
  0.13490964E-02 -0.15089924E-02 -0.27765471E-02
  0.12933563E-02 -0.14594668E-02 -0.17790286E-02
  0.12297064E-02 -0.13862638E-02 -0.71468684E-03
  0.11578649E-02 -0.12871216E-02  0.34417920E-03
  0.10756783E-02 -0.11615906E-02  0.13139567E-02
  0.98046207E-03 -0.10121116E-02  0.21000900E-02
  0.87053934E-03 -0.84425882E-03  0.26025139E-02
 -0.30235618E-02 -0.17840656E-02  0.63196717E-02
 -0.27477493E-02 -0.16108162E-02  0.63930598E-02
 -0.24062052E-02 -0.13874021E-02  0.62262092E-02
 -0.20072916E-02 -0.11174960E-02  0.58613289E-02
 -0.15609835E-02 -0.80869201E-03  0.53289308E-02
 -0.10804085E-02 -0.47165475E-03  0.46583781E-02
 -0.58283374E-03 -0.11875706E-03  0.39008027E-02
 -0.88512276E-04  0.23715067E-03  0.31347777E-02
  0.38250809E-03  0.58355897E-03  0.24434777E-02
  0.81383671E-03  0.90899374E-03  0.18823018E-02
  0.11943983E-02  0.12038984E-02  0.14664541E-02
 -0.76961310E-03  0.10190244E-02 -0.59178556E-02
 -0.83344315E-03  0.11637260E-02 -0.50927111E-02
 -0.88774580E-03  0.12957835E-02 -0.39885872E-02
 -0.93753025E-03  0.14082389E-02 -0.27038421E-02
 -0.98515743E-03  0.14961645E-02 -0.13343935E-02
  0.15236929E-02 -0.48538281E-03  0.12884456E-03
  0.13830232E-02 -0.38966236E-03  0.14952882E-02
  0.12335887E-02 -0.30703881E-03  0.27299472E-02
  0.10816522E-02 -0.23756758E-03  0.37954409E-02
  0.93217298E-03 -0.18107959E-03  0.46651047E-02
  0.78905966E-03 -0.13648241E-03  0.53163133E-02
  0.65532521E-03 -0.10179572E-03  0.57298612E-02
  0.53299623E-03 -0.74613670E-04  0.58942658E-02
  0.42315122E-03 -0.52694535E-04  0.58096432E-02
  0.32613070E-03 -0.34254309E-04  0.54873764E-02
  0.24159070E-03 -0.17844942E-04  0.49466710E-02
  0.16826664E-03 -0.21254792E-05  0.42118328E-02
  0.10382312E-03  0.14118305E-04  0.33123401E-02
  0.45243597E-04  0.31738879E-04  0.22841986E-02
 -0.10368624E-04  0.51153175E-04  0.11697758E-02
 -0.20830366E-04  0.10592676E-03  0.22907455E-02
 -0.80306920E-04  0.12733181E-03  0.11834573E-02
 -0.14030268E-03  0.15341314E-03  0.41543024E-04
 -0.20319473E-03  0.18547228E-03 -0.10897130E-02
 -0.27137970E-03  0.22468338E-03 -0.21642650E-02
 -0.34655801E-03  0.27081423E-03 -0.31370049E-02
 -0.42904910E-03  0.32196022E-03 -0.39667906E-02
 -0.51779565E-03  0.37570134E-03 -0.46189155E-02
 -0.61103740E-03  0.43060164E-03 -0.50658243E-02
 -0.70685452E-03  0.48650900E-03 -0.52874277E-02
 -0.80277327E-03  0.54324716E-03 -0.52733769E-02
 -0.89456805E-03  0.59896299E-03 -0.50273441E-02
  0.15211358E-02 -0.15042706E-02 -0.40380767E-02
  0.14803175E-02 -0.14649580E-02 -0.33749885E-02
  0.14283364E-02 -0.14053712E-02 -0.25771090E-02
  0.13660496E-02 -0.13219299E-02 -0.17038632E-02
  0.12924128E-02 -0.12117947E-02 -0.82467464E-03
  0.12043041E-02 -0.10741597E-02 -0.19207781E-04
  0.10979324E-02 -0.91123106E-03  0.62350303E-03
  0.97113321E-03 -0.72859206E-03  0.10100356E-02
 -0.36014318E-02 -0.19806207E-02  0.91803666E-02
 -0.33959145E-02 -0.18750765E-02  0.96297479E-02
 -0.31236848E-02 -0.17117655E-02  0.98297395E-02
 -0.27904378E-02 -0.14922402E-02  0.98143198E-02
 -0.24043880E-02 -0.12224045E-02  0.95848589E-02
 -0.19772683E-02 -0.91125292E-03  0.91324389E-02
 -0.15241378E-02 -0.56961936E-03  0.84831347E-02
 -0.10618473E-02 -0.20956245E-03  0.77166128E-02
 -0.60696651E-03  0.15587138E-03  0.69363191E-02
 -0.17406007E-03  0.51335844E-03  0.62184495E-02
  0.22524351E-03  0.85079324E-03  0.55869134E-02
  0.58242544E-03  0.11584292E-02  0.50341618E-02
 -0.81168776E-03  0.12077794E-02 -0.61153862E-02
 -0.83982229E-03  0.13334563E-02 -0.49250827E-02
 -0.86395917E-03  0.14433145E-02 -0.35679273E-02
  0.17485730E-02 -0.48082049E-03 -0.25413915E-02
  0.16102566E-02 -0.35345106E-03 -0.98657519E-03
  0.14589767E-02 -0.24693085E-03  0.49940852E-03
  0.13005190E-02 -0.15882423E-03  0.18664809E-02
  0.11410063E-02 -0.88950580E-04  0.30794037E-02
  0.98539545E-03 -0.36656619E-04  0.41105090E-02
  0.83722477E-03 -0.14384528E-06  0.49352322E-02
  0.69866172E-03  0.23717624E-04  0.55330441E-02
  0.57088264E-03  0.38725280E-04  0.58911764E-02
  0.45460575E-03  0.48282124E-04  0.60066005E-02
  0.35034722E-03  0.54868211E-04  0.58845225E-02
  0.25816692E-03  0.60382933E-04  0.55356966E-02
  0.17718825E-03  0.66718029E-04  0.49757316E-02
  0.10544741E-03  0.75741144E-04  0.42268022E-02
  0.40317749E-04  0.88705594E-04  0.33192493E-02
 -0.20830366E-04  0.10592676E-03  0.22907455E-02
 -0.31555555E-04  0.16774715E-03  0.33150840E-02
 -0.99325611E-04  0.18797960E-03  0.22984603E-02
 -0.16637759E-03  0.21500402E-03  0.12065502E-02
 -0.23506307E-03  0.24984689E-03  0.82875128E-04
 -0.30693082E-03  0.29311624E-03 -0.10259769E-02
 -0.38211208E-03  0.34393866E-03 -0.20732999E-02
 -0.45958885E-03  0.39976691E-03 -0.30157312E-02
 -0.53797201E-03  0.45735086E-03 -0.38152204E-02
 -0.61586905E-03  0.51406796E-03 -0.44392406E-02
 -0.69132890E-03  0.56838227E-03 -0.48613499E-02
 -0.76074321E-03  0.61892577E-03 -0.50643187E-02
  0.16500367E-02 -0.15109657E-02 -0.45200000E-02
  0.16321413E-02 -0.14779163E-02 -0.42642002E-02
  0.16021382E-02 -0.14271295E-02 -0.38226342E-02
  0.15594154E-02 -0.13552808E-02 -0.32376455E-02
  0.15036013E-02 -0.12588450E-02 -0.25654597E-02
  0.14334277E-02 -0.11347021E-02 -0.18739588E-02
  0.13453816E-02 -0.98123125E-03 -0.12392048E-02
  0.12341651E-02 -0.79999954E-03 -0.74109915E-03
 -0.39179254E-02 -0.20965594E-02  0.95782624E-02
 -0.38473027E-02 -0.21128634E-02  0.10674697E-01
 -0.37131297E-02 -0.20732254E-02  0.11518722E-01
 -0.35141095E-02 -0.19716685E-02  0.12128992E-01
 -0.32527319E-02 -0.18063195E-02  0.12509176E-01
 -0.29375658E-02 -0.15799079E-02  0.12627074E-01
 -0.25819092E-02 -0.12995996E-02  0.12445415E-01
 -0.21996944E-02 -0.97606179E-03  0.11973914E-01
 -0.18022358E-02 -0.62210283E-03  0.11290334E-01
 -0.13983863E-02 -0.25137728E-03  0.10508557E-01
 -0.99709878E-03  0.12264476E-03  0.97219795E-02
 -0.60908730E-03  0.48743273E-03  0.89713518E-02
 -0.24539342E-03  0.83110222E-03  0.82598833E-02
  0.89999537E-04  0.11280884E-02  0.75933425E-02
 -0.82192028E-03  0.13470166E-02 -0.55797513E-02
  0.19453389E-02 -0.54345708E-03 -0.53338402E-02
  0.18120581E-02 -0.35205049E-03 -0.37152085E-02
  0.16718485E-02 -0.21265612E-03 -0.20975449E-02
  0.15195285E-02 -0.97856718E-04 -0.53653922E-03
  0.13603616E-02 -0.67959852E-05  0.92483563E-03
  0.12005013E-02  0.61427561E-04  0.22506640E-02
  0.10449999E-02  0.10867176E-03  0.34097006E-02
  0.89660899E-03  0.13789331E-03  0.43764590E-02
  0.75611577E-03  0.15293821E-03  0.51329469E-02
  0.62383604E-03  0.15789790E-03  0.56684151E-02
  0.50076803E-03  0.15646973E-03  0.59772008E-02
  0.38834563E-03  0.15180443E-03  0.60569517E-02
  0.28725275E-03  0.14676958E-03  0.59091201E-02
  0.19666674E-03  0.14408525E-03  0.55413095E-02
  0.11466184E-03  0.14599190E-03  0.49693063E-02
  0.39173564E-04  0.15376974E-03  0.42170859E-02
 -0.31555555E-04  0.16774715E-03  0.33150840E-02
 -0.42541417E-04  0.24008029E-03  0.41975868E-02
 -0.12258545E-03  0.25776063E-03  0.33113318E-02
 -0.19990126E-03  0.28419687E-03  0.23126048E-02
 -0.27606565E-03  0.31967616E-03  0.12414617E-02
 -0.35179145E-03  0.36353423E-03  0.14290612E-03
 -0.42637742E-03  0.41415100E-03 -0.93687422E-03
 -0.49810022E-03  0.46907728E-03 -0.19537273E-02
 -0.56495153E-03  0.52507814E-03 -0.28670186E-02
 -0.62476793E-03  0.57831502E-03 -0.36401640E-02
 -0.67450984E-03  0.62486702E-03 -0.42420623E-02
  0.17292397E-02 -0.15307870E-02 -0.41607668E-02
  0.17331395E-02 -0.15038628E-02 -0.43373920E-02
  0.17277742E-02 -0.14613121E-02 -0.43129540E-02
  0.17110609E-02 -0.13991880E-02 -0.41070204E-02
  0.16808795E-02 -0.13139986E-02 -0.37566364E-02
  0.16357865E-02 -0.12025845E-02 -0.33169956E-02
  0.15739847E-02 -0.10615136E-02 -0.28575590E-02
  0.14914802E-02 -0.88793688E-03 -0.24540545E-02
 -0.37584166E-02 -0.19961631E-02  0.75878590E-02
 -0.37891123E-02 -0.21139747E-02  0.90237484E-02
 -0.37729055E-02 -0.21877940E-02  0.10289702E-01
 -0.37041380E-02 -0.22078350E-02  0.11355582E-01
 -0.35770275E-02 -0.21654188E-02  0.12214592E-01
 -0.33913642E-02 -0.20539937E-02  0.12848240E-01
 -0.31553577E-02 -0.18717835E-02  0.13215965E-01
 -0.28825941E-02 -0.16239703E-02  0.13282736E-01
 -0.25854797E-02 -0.13221793E-02  0.13058996E-01
 -0.22707841E-02 -0.98126448E-03  0.12613763E-01
 -0.19408171E-02 -0.61569201E-03  0.12046254E-01
 -0.15985025E-02 -0.23795918E-03  0.11438989E-01
 -0.12512321E-02  0.14040256E-03  0.10830093E-01
 -0.90963208E-03  0.50553573E-03  0.10222894E-01
 -0.57272769E-03  0.79852402E-03  0.96174406E-02
  0.26133087E-02 -0.73367636E-03  0.69384150E-02
  0.19697840E-02 -0.41004982E-03 -0.66123781E-02
  0.18447352E-02 -0.22279848E-03 -0.49159712E-02
  0.17097209E-02 -0.72691403E-04 -0.32386233E-02
  0.15644159E-02  0.48801232E-04 -0.16183607E-02
  0.14129770E-02  0.14168485E-03 -0.88236063E-04
  0.12603623E-02  0.20775058E-03  0.13185699E-02
  0.11104105E-02  0.25060616E-03  0.25718716E-02
  0.96484169E-03  0.27462176E-03  0.36498626E-02
  0.82395459E-03  0.28382920E-03  0.45398805E-02
  0.68824678E-03  0.28162049E-03  0.52337148E-02
  0.55927172E-03  0.27134237E-03  0.57225852E-02
  0.43892677E-03  0.25693384E-03  0.59968102E-02
  0.32805904E-03  0.24270168E-03  0.60500273E-02
  0.22591166E-03  0.23230088E-03  0.58835894E-02
  0.13088800E-03  0.22790292E-03  0.55075129E-02
  0.41663709E-04  0.23035472E-03  0.49384137E-02
 -0.42541417E-04  0.24008029E-03  0.41975868E-02
 -0.53703374E-04  0.32580795E-03  0.48979780E-02
 -0.14924548E-03  0.33949722E-03  0.41758915E-02
 -0.23940952E-03  0.36286627E-03  0.33107463E-02
 -0.32395414E-03  0.39539319E-03  0.23370389E-02
 -0.40269590E-03  0.43533816E-03  0.12951687E-02
 -0.47511349E-03  0.48053431E-03  0.22803264E-03
 -0.53969398E-03  0.52863025E-03 -0.82127973E-03
 -0.59343718E-03  0.57630855E-03 -0.18106289E-02
 -0.63189324E-03  0.61851630E-03 -0.27001447E-02
  0.17624765E-02 -0.15636684E-02 -0.30218716E-02
  0.17843347E-02 -0.15414689E-02 -0.35866049E-02
  0.18000409E-02 -0.15068336E-02 -0.39712811E-02
  0.18075658E-02 -0.14557000E-02 -0.41755096E-02
  0.18045567E-02 -0.13832860E-02 -0.42142033E-02
  0.17888187E-02 -0.12854232E-02 -0.41217356E-02
  0.17581293E-02 -0.11581972E-02 -0.39533659E-02
  0.17093996E-02 -0.99715180E-03 -0.37809279E-02
 -0.32720241E-02 -0.17484618E-02  0.42553262E-02
 -0.33593817E-02 -0.19353024E-02  0.56069093E-02
 -0.34185482E-02 -0.20927711E-02  0.69116311E-02
 -0.34453178E-02 -0.22099759E-02  0.80966120E-02
 -0.34325024E-02 -0.22767080E-02  0.91220190E-02
 -0.33735474E-02 -0.22823236E-02  0.99724895E-02
 -0.32669524E-02 -0.22170769E-02  0.10637987E-01
 -0.31179308E-02 -0.20759845E-02  0.11105726E-01
 -0.29358600E-02 -0.18622499E-02  0.11371262E-01
 -0.27294049E-02 -0.15871117E-02  0.11455584E-01
 -0.25029176E-02 -0.12659313E-02  0.11407763E-01
 -0.22565555E-02 -0.91351815E-03  0.11286157E-01
 -0.19896686E-02 -0.54214596E-03  0.11131527E-01
 -0.17046074E-02 -0.16331561E-03  0.10953049E-01
 -0.14074391E-02  0.20655485E-03  0.10736831E-01
  0.19550040E-02 -0.13058067E-02  0.74716773E-02
  0.21050967E-02 -0.86654301E-03  0.71694896E-02
  0.19655323E-02 -0.29349044E-03 -0.79917141E-02
  0.18496103E-02 -0.10140208E-03 -0.61710024E-02
  0.17252378E-02  0.57102256E-04 -0.44117714E-02
  0.15937031E-02  0.18420081E-03 -0.27342696E-02
  0.14577535E-02  0.27957135E-03 -0.11572270E-02
  0.13192792E-02  0.34573619E-03  0.29822496E-03
  0.11792083E-02  0.38725249E-03  0.16126421E-02
  0.10383330E-02  0.40895548E-03  0.27729457E-02
  0.89804549E-03  0.41470987E-03  0.37714772E-02
  0.76032982E-03  0.40761941E-03  0.46005025E-02
  0.62712612E-03  0.39124096E-03  0.52483221E-02
  0.49967173E-03  0.37028292E-03  0.57010514E-02
  0.37829631E-03  0.34982130E-03  0.59480451E-02
  0.26268898E-03  0.33372578E-03  0.59857683E-02
  0.15234210E-03  0.32389497E-03  0.58175057E-02
  0.46897166E-04  0.32100525E-03  0.54510344E-02
 -0.53703374E-04  0.32580795E-03  0.48979780E-02
 -0.65157129E-04  0.42668297E-03  0.53835455E-02
 -0.17757060E-03  0.43492731E-03  0.48529097E-02
 -0.28168566E-03  0.45207607E-03  0.41569678E-02
 -0.37504080E-03  0.47700817E-03  0.33225343E-02
 -0.45621396E-03  0.50777617E-03  0.23825802E-02
 -0.52475406E-03  0.54204938E-03  0.13742178E-02
 -0.57943361E-03  0.57692669E-03  0.33745219E-03
 -0.61630813E-03  0.60813995E-03 -0.68579533E-03
  0.17594526E-02 -0.16055902E-02 -0.12852710E-02
  0.17918953E-02 -0.15905936E-02 -0.21351964E-02
  0.18231662E-02 -0.15629476E-02 -0.28524888E-02
  0.18503331E-02 -0.15211492E-02 -0.34196389E-02
  0.18704486E-02 -0.14619692E-02 -0.38329588E-02
  0.18814949E-02 -0.13808465E-02 -0.41054613E-02
  0.18816846E-02 -0.12721283E-02 -0.42694285E-02
  0.18681285E-02 -0.11292975E-02 -0.43771559E-02
  0.18363277E-02 -0.94588766E-03 -0.44987512E-02
 -0.27218367E-02 -0.16524916E-02  0.18539729E-02
 -0.28146732E-02 -0.18581463E-02  0.29084714E-02
 -0.28949554E-02 -0.20379474E-02  0.39630541E-02
 -0.29563107E-02 -0.21804495E-02  0.49435514E-02
 -0.29918452E-02 -0.22741256E-02  0.58060444E-02
 -0.29967701E-02 -0.23080590E-02  0.65402531E-02
 -0.29693778E-02 -0.22735707E-02  0.71581228E-02
 -0.29104976E-02 -0.21663915E-02  0.76800653E-02
 -0.28224772E-02 -0.19882277E-02  0.81285696E-02
 -0.27082017E-02 -0.17467211E-02  0.85281585E-02
 -0.25699026E-02 -0.14537302E-02  0.89036865E-02
 -0.24078919E-02 -0.11228935E-02  0.92724297E-02
 -0.22203992E-02 -0.76791595E-03  0.96345527E-02
 -0.20054978E-02 -0.40279492E-03  0.99707896E-02
  0.14354619E-02 -0.19243437E-02  0.67542573E-02
  0.15695593E-02 -0.14346982E-02  0.67237880E-02
  0.16827398E-02 -0.96966723E-03  0.66834379E-02
  0.17730046E-02 -0.54285072E-03  0.66598035E-02
  0.18305990E-02  0.47151483E-05 -0.73908550E-02
  0.17219267E-02  0.16921412E-03 -0.55547927E-02
  0.16093277E-02  0.30158176E-03 -0.38399525E-02
  0.14938468E-02  0.40181998E-03 -0.22482958E-02
  0.13737603E-02  0.47256624E-03 -0.78110300E-03
  0.12467642E-02  0.51743375E-03  0.55991850E-03
  0.11128743E-02  0.54005719E-03  0.17720588E-02
  0.97496339E-03  0.54419996E-03  0.28500981E-02
  0.83669970E-03  0.53425011E-03  0.37848493E-02
  0.70025894E-03  0.51527823E-03  0.45636117E-02
  0.56594498E-03  0.49237931E-03  0.51727733E-02
  0.43350639E-03  0.46974842E-03  0.56007253E-02
  0.30331639E-03  0.45021835E-03  0.58391898E-02
  0.17629428E-03  0.43557588E-03  0.58830199E-02
  0.53240759E-04  0.42725594E-03  0.57302265E-02
 -0.65157129E-04  0.42668297E-03  0.53835455E-02
 -0.77384940E-04  0.54306331E-03  0.56310431E-02
 -0.20577216E-03  0.54405621E-03  0.53130155E-02
 -0.32291857E-03  0.55167025E-03  0.48151619E-02
 -0.42474659E-03  0.56430938E-03  0.41550435E-02
 -0.50811566E-03  0.58026434E-03  0.33571986E-02
 -0.57114588E-03  0.59715102E-03  0.24521313E-02
 -0.61174525E-03  0.61106582E-03  0.14750895E-02
  0.17382732E-02 -0.16406622E-02  0.76666606E-03
  0.17714089E-02 -0.16402041E-02 -0.21888990E-03
  0.18079182E-02 -0.16253419E-02 -0.11441997E-02
  0.18460646E-02 -0.15947914E-02 -0.19742257E-02
  0.18828002E-02 -0.15473497E-02 -0.26851754E-02
  0.19152402E-02 -0.14814594E-02 -0.32694284E-02
  0.19412092E-02 -0.13932598E-02 -0.37373459E-02
  0.19583786E-02 -0.12752874E-02 -0.41163481E-02
  0.19631758E-02 -0.11177325E-02 -0.44502376E-02
 -0.20217584E-02 -0.13413607E-02 -0.11715835E-02
 -0.21088261E-02 -0.15628203E-02 -0.55477005E-03
 -0.22036098E-02 -0.17703886E-02  0.21006795E-03
 -0.23015672E-02 -0.19549125E-02  0.10528245E-02
 -0.23947966E-02 -0.21039317E-02  0.19038801E-02
 -0.24760518E-02 -0.22045653E-02  0.27173212E-02
 -0.25409202E-02 -0.22473925E-02  0.34778658E-02
 -0.25870909E-02 -0.22281225E-02  0.41912187E-02
 -0.26124339E-02 -0.21461613E-02  0.48697175E-02
 -0.26141986E-02 -0.20023783E-02  0.55248671E-02
 -0.25897313E-02 -0.17989358E-02  0.61679841E-02
 -0.25371550E-02 -0.15414187E-02  0.68114524E-02
 -0.24547606E-02 -0.12407270E-02  0.74646054E-02
 -0.23399256E-02 -0.91243920E-03  0.81267334E-02
  0.10727448E-02 -0.25168222E-02  0.54143711E-02
  0.11539038E-02 -0.20129780E-02  0.56092802E-02
  0.12368854E-02 -0.15169626E-02  0.57684322E-02
  0.13155481E-02 -0.10448048E-02  0.59129728E-02
  0.13854539E-02 -0.61040348E-03  0.60647059E-02
  0.14467269E-02 -0.22276250E-03  0.62338281E-02
  0.17052188E-02  0.25932666E-03 -0.65962338E-02
  0.16145405E-02  0.39812323E-03 -0.48928284E-02
  0.15205297E-02  0.50653121E-03 -0.33292886E-02
  0.14195011E-02  0.58625574E-03 -0.18882656E-02
  0.13075665E-02  0.63869441E-03 -0.55554790E-03
  0.11838859E-02  0.66564394E-03  0.67408845E-03
  0.10512208E-02  0.67117989E-03  0.17966564E-02
  0.91357090E-03  0.66187942E-03  0.28028800E-02
  0.77350507E-03  0.64468224E-03  0.36821189E-02
  0.63159802E-03  0.62440027E-03  0.44235402E-02
  0.48785991E-03  0.60321179E-03  0.50151976E-02
  0.34317980E-03  0.58228412E-03  0.54435634E-02
  0.19939826E-03  0.56353584E-03  0.56950894E-02
  0.58544431E-04  0.54972425E-03  0.57591985E-02
 -0.77384940E-04  0.54306331E-03  0.56310431E-02
 -0.91139379E-04  0.67395764E-03  0.56270896E-02
 -0.23274980E-03  0.66513615E-03  0.55362669E-02
 -0.36009382E-03  0.65985558E-03  0.52572031E-02
 -0.46841967E-03  0.65593287E-03  0.47977318E-02
 -0.55262858E-03  0.65125927E-03  0.41751987E-02
 -0.60782263E-03  0.64295409E-03  0.34142798E-02
  0.17115534E-02 -0.16535673E-02  0.27775897E-02
  0.17392167E-02 -0.16726620E-02  0.18375493E-02
  0.17729096E-02 -0.16768767E-02  0.87003055E-03
  0.18113847E-02 -0.16648217E-02 -0.83150948E-04
  0.18533552E-02 -0.16345269E-02 -0.98033222E-03
  0.18973967E-02 -0.15849965E-02 -0.17896346E-02
  0.19414185E-02 -0.15152645E-02 -0.24967618E-02
  0.19822930E-02 -0.14214239E-02 -0.31058793E-02
  0.20161159E-02 -0.12948417E-02 -0.36355217E-02
 -0.13698729E-02 -0.10500611E-02 -0.29370167E-02
 -0.14213924E-02 -0.12725344E-02 -0.29008162E-02
 -0.14928669E-02 -0.14829894E-02 -0.26225147E-02
 -0.15872831E-02 -0.16786925E-02 -0.21132583E-02
 -0.17011315E-02 -0.18529203E-02 -0.14123344E-02
 -0.18261066E-02 -0.19942681E-02 -0.57011318E-03
 -0.19526167E-02 -0.20907164E-02  0.36556827E-03
 -0.20730651E-02 -0.21348624E-02  0.13505848E-02
 -0.21829863E-02 -0.21253549E-02  0.23388227E-02
 -0.22796161E-02 -0.20635429E-02  0.32825960E-02
 -0.23593127E-02 -0.19493729E-02  0.41447262E-02
 -0.24159888E-02 -0.17812348E-02  0.49138461E-02
 -0.24417631E-02 -0.15601774E-02  0.56090769E-02
 -0.24292213E-02 -0.12943963E-02  0.62690553E-02
  0.87026964E-03 -0.30299749E-02  0.42246865E-02
  0.86847705E-03 -0.25439538E-02  0.44436997E-02
  0.88929641E-03 -0.20496188E-02  0.46399332E-02
  0.92717601E-03 -0.15632117E-02  0.48349803E-02
  0.97591176E-03 -0.10994147E-02  0.50497337E-02
  0.10310918E-02 -0.67119795E-03  0.52969203E-02
  0.10908321E-02 -0.28694641E-03  0.55749124E-02
  0.11548200E-02  0.52295874E-04  0.58703806E-02
  0.16116506E-02  0.47456555E-03 -0.59024078E-02
  0.15373784E-02  0.59398326E-03 -0.44015049E-02
  0.14537412E-02  0.68491292E-03 -0.30134296E-02
  0.13574141E-02  0.74726073E-03 -0.17173663E-02
  0.12465509E-02  0.78235657E-03 -0.50400877E-03
  0.11217250E-02  0.79487232E-03  0.62665285E-03
  0.98551504E-03  0.79230449E-03  0.16707012E-02
  0.84104330E-03  0.78181158E-03  0.26225582E-02
  0.69065168E-03  0.76731220E-03  0.34730944E-02
  0.53569977E-03  0.74957254E-03  0.42076242E-02
  0.37742611E-03  0.72886253E-03  0.48073599E-02
  0.21793392E-03  0.70721172E-03  0.52534996E-02
  0.60448749E-04  0.68804650E-03  0.55305218E-02
 -0.91139379E-04  0.67395764E-03  0.56270896E-02
 -0.10720191E-03  0.81716988E-03  0.53678039E-02
 -0.25812755E-03  0.79520031E-03  0.55103158E-02
 -0.39141044E-03  0.77317132E-03  0.54619712E-02
 -0.50189714E-03  0.74820602E-03  0.52216502E-02
 -0.58274423E-03  0.71671304E-03  0.48015929E-02
  0.16939052E-02 -0.16289281E-02  0.43865732E-02
  0.17063433E-02 -0.16737120E-02  0.36635364E-02
  0.17301232E-02 -0.17018287E-02  0.28367197E-02
  0.17626440E-02 -0.17128481E-02  0.19356348E-02
  0.18014616E-02 -0.17057578E-02  0.10024768E-02
  0.18457738E-02 -0.16793843E-02  0.85191034E-04
  0.18955117E-02 -0.16324629E-02 -0.77640349E-03
  0.19491033E-02 -0.15625816E-02 -0.15605345E-02
  0.20025127E-02 -0.14645516E-02 -0.22628028E-02
 -0.82509470E-03 -0.79372609E-03 -0.33020408E-02
 -0.83116236E-03 -0.10163884E-02 -0.38824355E-02
 -0.85737486E-03 -0.12239041E-02 -0.42487819E-02
 -0.91352483E-03 -0.14150766E-02 -0.43483444E-02
 -0.10048371E-02 -0.15889051E-02 -0.41540877E-02
 -0.11303904E-02 -0.17420697E-02 -0.36632611E-02
 -0.12826290E-02 -0.18681296E-02 -0.28946759E-02
 -0.14495347E-02 -0.19593981E-02 -0.18931872E-02
 -0.16192390E-02 -0.20096815E-02 -0.73739123E-03
 -0.17840550E-02 -0.20153597E-02  0.46402660E-03
 -0.19404556E-02 -0.19742834E-02  0.15965433E-02
 -0.20847728E-02 -0.18843664E-02  0.25759651E-02
 -0.22085727E-02 -0.17440328E-02  0.33750861E-02
 -0.22984089E-02 -0.15547391E-02  0.40250350E-02
  0.83829642E-03 -0.34321783E-02  0.27776976E-02
  0.72544702E-03 -0.29916046E-02  0.29883675E-02
  0.65492017E-03 -0.25256769E-02  0.31684969E-02
  0.62254220E-03 -0.20518586E-02  0.33615335E-02
  0.62161669E-03 -0.15861722E-02  0.35984784E-02
  0.64689393E-03 -0.11425097E-02  0.38948236E-02
  0.69441077E-03 -0.73127072E-03  0.42487439E-02
  0.75955115E-03 -0.35780184E-03  0.46456327E-02
  0.83642941E-03 -0.21963979E-04  0.50680800E-02
  0.91904548E-03  0.28034086E-03  0.55030942E-02
  0.15438823E-02  0.66446740E-03 -0.55087844E-02
  0.14759465E-02  0.76679647E-03 -0.41781905E-02
  0.13941967E-02  0.84039337E-03 -0.29313738E-02
  0.12959388E-02  0.88819331E-03 -0.17577047E-02
  0.11793152E-02  0.91505884E-03 -0.64799988E-03
  0.10450381E-02  0.92659978E-03  0.40637950E-03
  0.89648301E-03  0.92755080E-03  0.14076879E-02
  0.73781997E-03  0.92069871E-03  0.23459506E-02
  0.57211497E-03  0.90720175E-03  0.32004824E-02
  0.40134525E-03  0.88798346E-03  0.39479603E-02
  0.22806698E-03  0.86489176E-03  0.45690560E-02
  0.56666831E-04  0.84056263E-03  0.50479396E-02
 -0.10720191E-03  0.81716988E-03  0.53678039E-02
 -0.12625899E-03  0.96931359E-03  0.48595609E-02
 -0.28169700E-03  0.93053317E-03  0.52315665E-02
 -0.41554121E-03  0.88693491E-03  0.54173460E-02
 -0.52156892E-03  0.83514322E-03  0.54083642E-02
  0.17053165E-02 -0.15546457E-02  0.53139334E-02
  0.16930324E-02 -0.16275460E-02  0.49284220E-02
  0.16950751E-02 -0.16852478E-02  0.43961914E-02
  0.17112807E-02 -0.17250489E-02  0.37229177E-02
  0.17394789E-02 -0.17453823E-02  0.29302729E-02
  0.17773823E-02 -0.17461649E-02  0.20619236E-02
  0.18238271E-02 -0.17273362E-02  0.11717969E-02
  0.18780624E-02 -0.16868702E-02  0.30417118E-03
  0.19380365E-02 -0.16199722E-02 -0.51645765E-03
 -0.39929032E-03 -0.57320954E-03 -0.23702412E-02
 -0.36720350E-03 -0.80056387E-03 -0.34511696E-02
 -0.34668569E-03 -0.10073190E-02 -0.44479552E-02
 -0.35128127E-03 -0.11934684E-02 -0.52711128E-02
 -0.39203094E-03 -0.13586210E-02 -0.58485888E-02
 -0.47586851E-03 -0.15027218E-02 -0.61283902E-02
 -0.60397274E-03 -0.16266130E-02 -0.60756524E-02
 -0.77085300E-03 -0.17312073E-02 -0.56783957E-02
 -0.96570599E-03 -0.18152361E-02 -0.49652808E-02
 -0.11761478E-02 -0.18733843E-02 -0.40190425E-02
 -0.13918473E-02 -0.18969693E-02 -0.29647789E-02
 -0.16049330E-02 -0.18773397E-02 -0.19312567E-02
 -0.18067665E-02 -0.18096555E-02 -0.10076192E-02
 -0.19844321E-02 -0.16943759E-02 -0.22226596E-03
  0.98953137E-03 -0.36922908E-02 -0.53287194E-03
  0.74612550E-03 -0.33144870E-02 -0.85850111E-04
  0.55526279E-03 -0.29028308E-02  0.29979290E-03
  0.42194939E-03 -0.24691862E-02  0.67454199E-03
  0.34270739E-03 -0.20277488E-02  0.10865853E-02
  0.31135621E-03 -0.15939048E-02  0.15679242E-02
  0.32214332E-03 -0.11803825E-02  0.21215352E-02
  0.36899031E-03 -0.79417952E-03  0.27238620E-02
  0.44360828E-03 -0.43685518E-03  0.33446934E-02
  0.53567655E-03 -0.10735496E-03  0.39680994E-02
  0.63521601E-03  0.19566902E-03  0.45945411E-02
  0.73453830E-03  0.47391765E-03  0.52221323E-02
  0.14855435E-02  0.83169672E-03 -0.54208678E-02
  0.14159193E-02  0.91912593E-03 -0.42161272E-02
  0.13267019E-02  0.98470985E-03 -0.30878703E-02
  0.12157215E-02  0.10322948E-02 -0.20144668E-02
  0.10831991E-02  0.10636311E-02 -0.96892390E-03
  0.93213894E-03  0.10796981E-02  0.62449348E-04
  0.76696065E-03  0.10822942E-02  0.10684813E-02
  0.59178949E-03  0.10740794E-02  0.20206803E-02
  0.41014662E-03  0.10574365E-02  0.28915255E-02
  0.22607508E-03  0.10337785E-02  0.36644755E-02
  0.45094882E-04  0.10040300E-02  0.43272817E-02
 -0.12625899E-03  0.96931359E-03  0.48595609E-02
 -0.14907418E-03  0.11256172E-02  0.41217735E-02
 -0.30295587E-03  0.10665174E-02  0.47108283E-02
 -0.43071569E-03  0.99572304E-03  0.51262389E-02
  0.17505114E-02 -0.14352031E-02  0.54060910E-02
  0.17138100E-02 -0.15304585E-02  0.54093974E-02
  0.16895881E-02 -0.16152548E-02  0.52622924E-02
  0.16795478E-02 -0.16862196E-02  0.49511817E-02
  0.16846437E-02 -0.17393327E-02  0.44637306E-02
  0.17050376E-02 -0.17722283E-02  0.38140743E-02
  0.17398365E-02 -0.17846546E-02  0.30508248E-02
  0.17869844E-02 -0.17763354E-02  0.22356589E-02
  0.18435909E-02 -0.17443487E-02  0.14128661E-02
 -0.70837965E-04 -0.36433141E-03 -0.46138977E-03
 -0.19364790E-04 -0.61505328E-03 -0.17558346E-02
  0.33371572E-04 -0.83260945E-03 -0.31733309E-02
  0.73920403E-04 -0.10199846E-02 -0.45971532E-02
  0.87957131E-04 -0.11793894E-02 -0.59153803E-02
  0.63425329E-04 -0.13116971E-02 -0.70448943E-02
 -0.70327224E-05 -0.14183319E-02 -0.79308859E-02
 -0.12568368E-03 -0.15035541E-02 -0.85320936E-02
 -0.29090501E-03 -0.15738015E-02 -0.88175055E-02
 -0.49833540E-03 -0.16334171E-02 -0.87834112E-02
 -0.74070535E-03 -0.16802591E-02 -0.84707656E-02
 -0.10066027E-02 -0.17056517E-02 -0.79573513E-02
 -0.12796680E-02 -0.16993749E-02 -0.73248515E-02
 -0.15395788E-02 -0.16555984E-02 -0.66280506E-02
  0.13010984E-02 -0.37532074E-02 -0.62494993E-02
  0.92798983E-03 -0.34423080E-02 -0.54741550E-02
  0.60431796E-03 -0.31032924E-02 -0.46901876E-02
  0.34558940E-03 -0.27415373E-02 -0.39061616E-02
  0.15872713E-03 -0.23620531E-02 -0.31051512E-02
  0.43534843E-04 -0.19736408E-02 -0.22491557E-02
 -0.56175386E-05 -0.15881010E-02 -0.13111082E-02
  0.18456067E-05 -0.12155507E-02 -0.30638209E-03
  0.54312697E-04 -0.86080849E-03  0.71023404E-03
  0.13945706E-03 -0.52420152E-03  0.16838050E-02
  0.24531545E-03 -0.20518333E-03  0.25980700E-02
  0.36084388E-03  0.95558380E-04  0.34747643E-02
  0.47614764E-03  0.37755518E-03  0.43336237E-02
  0.58274167E-03  0.64339605E-03  0.51539505E-02
  0.14174045E-02  0.98888703E-03 -0.55865246E-02
  0.13320376E-02  0.10767357E-02 -0.44928173E-02
  0.12224918E-02  0.11479126E-02 -0.34578723E-02
  0.10904135E-02  0.12008707E-02 -0.24326710E-02
  0.93824613E-03  0.12340563E-02 -0.13868175E-02
  0.76915396E-03  0.12485536E-02 -0.32990770E-03
  0.58737563E-03  0.12476914E-02  0.70108794E-03
  0.39832823E-03  0.12344805E-02  0.16730695E-02
  0.20823064E-03  0.12099009E-02  0.25732113E-02
  0.23580130E-04  0.11736077E-02  0.33962329E-02
 -0.14907418E-03  0.11256172E-02  0.41217735E-02
 -0.17693304E-03  0.12795893E-02  0.31902278E-02
 -0.32134966E-03  0.11968829E-02  0.39793278E-02
  0.18228444E-02 -0.12787524E-02  0.46541333E-02
  0.17652799E-02 -0.13912751E-02  0.50278647E-02
  0.17178817E-02 -0.14968780E-02  0.52735562E-02
  0.16824451E-02 -0.15929680E-02  0.53806808E-02
  0.16600688E-02 -0.16762911E-02  0.53150299E-02
  0.16526434E-02 -0.17434028E-02  0.50408480E-02
  0.16624431E-02 -0.17915385E-02  0.45629575E-02
  0.16901413E-02 -0.18187592E-02  0.39394964E-02
  0.17335194E-02 -0.18229830E-02  0.32459500E-02
  0.19287901E-03 -0.12035908E-03  0.17816278E-02
  0.24502163E-03 -0.42019897E-03  0.71501645E-03
  0.30814218E-03 -0.67413500E-03 -0.70801320E-03
  0.37328736E-03 -0.88366272E-03 -0.23952104E-02
  0.42807240E-03 -0.10515365E-02 -0.41990308E-02
  0.45813511E-03 -0.11808598E-02 -0.59716847E-02
  0.45118687E-03 -0.12746058E-02 -0.76152499E-02
  0.39967022E-03 -0.13362319E-02 -0.90842886E-02
  0.29941944E-03 -0.13708831E-02 -0.10349448E-01
  0.14634287E-03 -0.13857123E-02 -0.11368450E-01
 -0.63986160E-04 -0.13884413E-02 -0.12094769E-01
 -0.33142437E-03 -0.13849673E-02 -0.12507099E-01
 -0.64440279E-03 -0.13778052E-02 -0.12620986E-01
 -0.97757094E-03 -0.13663551E-02 -0.12470214E-01
  0.17531027E-02 -0.35401394E-02 -0.12056327E-01
  0.12488561E-02 -0.32907773E-02 -0.11344716E-01
  0.78818702E-03 -0.30321249E-02 -0.10443086E-01
  0.39429816E-03 -0.27652265E-02 -0.94132287E-02
  0.81608981E-04 -0.24869707E-02 -0.83093477E-02
 -0.14181789E-03 -0.21941658E-02 -0.71410953E-02
 -0.27508345E-03 -0.18871055E-02 -0.58752157E-02
 -0.32623283E-03 -0.15702412E-02 -0.44859069E-02
 -0.31099475E-03 -0.12500220E-02 -0.30084885E-02
 -0.24774563E-03 -0.93210135E-03 -0.15385598E-02
 -0.15227207E-03 -0.62001866E-03 -0.17011848E-03
 -0.36275652E-04 -0.31560142E-03  0.10692586E-02
  0.90313615E-04 -0.19786901E-04  0.22207318E-02
  0.21685248E-03  0.26729413E-03  0.33308277E-02
  0.33253463E-03  0.54688838E-03  0.43868210E-02
  0.42941599E-03  0.82204937E-03  0.53154539E-02
  0.13025847E-02  0.11698454E-02 -0.59681862E-02
  0.11906122E-02  0.12637386E-02 -0.49650063E-02
  0.10566816E-02  0.13366722E-02 -0.39638998E-02
  0.90340133E-03  0.13871277E-02 -0.29112151E-02
  0.73298012E-03  0.14156420E-02 -0.18124034E-02
  0.54941938E-03  0.14242184E-02 -0.71560264E-03
  0.35927421E-03  0.14147257E-02  0.33722904E-03
  0.17022577E-03  0.13877910E-02  0.13381283E-02
 -0.10653716E-04  0.13429768E-02  0.22942057E-02
 -0.17693304E-03  0.12795893E-02  0.31902278E-02
 -0.21226132E-03  0.14227464E-02  0.21185987E-02
  0.19071779E-02 -0.10978000E-02  0.31936633E-02
  0.18373324E-02 -0.12178043E-02  0.38674869E-02
  0.17716732E-02 -0.13384329E-02  0.44436344E-02
  0.17146215E-02 -0.14543893E-02  0.49214677E-02
  0.16684121E-02 -0.15613863E-02  0.52889840E-02
  0.16344124E-02 -0.16565489E-02  0.54888170E-02
  0.16146545E-02 -0.17375720E-02  0.54524376E-02
  0.16117902E-02 -0.18015168E-02  0.51695621E-02
  0.16274226E-02 -0.18445348E-02  0.47126899E-02
  0.42824993E-03  0.20282197E-03  0.35441801E-02
  0.46283145E-03 -0.16600740E-03  0.31005198E-02
  0.51625168E-03 -0.48084583E-03  0.21820991E-02
  0.58186342E-03 -0.74123903E-03  0.76484313E-03
  0.65176068E-03 -0.94689166E-03 -0.10700111E-02
  0.71497011E-03 -0.10983862E-02 -0.31395827E-02
  0.75848091E-03 -0.11986066E-02 -0.52455361E-02
  0.77015044E-03 -0.12523548E-02 -0.72624234E-02
  0.74024745E-03 -0.12642543E-02 -0.91474144E-02
  0.65986654E-03 -0.12377387E-02 -0.10876159E-01
  0.51858351E-03 -0.11774822E-02 -0.12384605E-01
  0.30594065E-03 -0.10939682E-02 -0.13580276E-01
  0.18453639E-04 -0.10056336E-02 -0.14403497E-01
 -0.33200114E-03 -0.93498686E-03 -0.14866189E-01
  0.23361726E-02 -0.31123580E-02 -0.14804944E-01
  0.17138695E-02 -0.28678784E-02 -0.14556925E-01
  0.11100734E-02 -0.26608787E-02 -0.14061611E-01
  0.56713586E-03 -0.24841585E-02 -0.13344408E-01
  0.11331291E-03 -0.23233652E-02 -0.12449372E-01
 -0.23540075E-03 -0.21622429E-02 -0.11417810E-01
 -0.47304714E-03 -0.19858504E-02 -0.10245233E-01
 -0.60384796E-03 -0.17831665E-02 -0.88792076E-02
 -0.64260315E-03 -0.15498490E-02 -0.72832709E-02
 -0.61168868E-03 -0.12895160E-02 -0.55114401E-02
 -0.53446076E-03 -0.10114186E-02 -0.37090743E-02
 -0.42916880E-03 -0.72511401E-03 -0.20234267E-02
 -0.30758766E-03 -0.43586171E-03 -0.50496010E-03
 -0.17829618E-03 -0.14418841E-03  0.90136010E-03
 -0.50436983E-04  0.15074879E-03  0.22648478E-02
  0.65962296E-04  0.44786710E-03  0.35719128E-02
  0.16304055E-03  0.74443314E-03  0.47218017E-02
  0.23802106E-03  0.10397664E-02  0.56135222E-02
  0.11094638E-02  0.13817341E-02 -0.65275232E-02
  0.97145709E-03  0.14715968E-02 -0.55435683E-02
  0.81640922E-03  0.15376833E-02 -0.44773012E-02
  0.64733188E-03  0.15799995E-02 -0.33317764E-02
  0.46831837E-03  0.15980458E-02 -0.21743406E-02
  0.28559521E-03  0.15914106E-02 -0.10601755E-02
  0.10657686E-03  0.15601699E-02  0.12711386E-04
 -0.61628381E-04  0.15043072E-02  0.10738393E-02
 -0.21226132E-03  0.14227464E-02  0.21185987E-02
  0.19704942E-02 -0.92326665E-03  0.12805926E-02
  0.19050681E-02 -0.10313713E-02  0.21346321E-02
  0.18344377E-02 -0.11519128E-02  0.29567483E-02
  0.17641673E-02 -0.12781731E-02  0.37014311E-02
  0.16990173E-02 -0.14029408E-02  0.43883501E-02
  0.16425258E-02 -0.15204987E-02  0.50140070E-02
  0.15970405E-02 -0.16275072E-02  0.54937336E-02
  0.15644298E-02 -0.17217261E-02  0.57130399E-02
  0.15467956E-02 -0.18000293E-02  0.56390660E-02
  0.68022457E-03  0.63866005E-03  0.42497391E-02
  0.67849767E-03  0.18894022E-03  0.45765092E-02
  0.70182412E-03 -0.20351904E-03  0.44780888E-02
  0.74497530E-03 -0.53599478E-03  0.38403751E-02
  0.80253787E-03 -0.80700917E-03  0.25726328E-02
  0.86797041E-03 -0.10140813E-02  0.73285872E-03
  0.93284441E-03 -0.11555912E-02 -0.14620296E-02
  0.98645203E-03 -0.12333234E-02 -0.37587843E-02
  0.10158393E-02 -0.12517996E-02 -0.59989327E-02
  0.10061869E-02 -0.12147457E-02 -0.81306511E-02
  0.94156902E-03 -0.11236215E-02 -0.10110512E-01
  0.80658938E-03 -0.98245233E-03 -0.11825097E-01
  0.58969507E-03 -0.80675696E-03 -0.13131900E-01
  0.28829761E-03 -0.62836114E-03 -0.13976315E-01
  0.29702633E-02 -0.27425173E-02 -0.14159225E-01
  0.22949648E-02 -0.23959353E-02 -0.14261815E-01
  0.15827784E-02 -0.21422266E-02 -0.14261456E-01
  0.89323654E-03 -0.19848655E-02 -0.14179904E-01
  0.28016677E-03 -0.19036776E-02 -0.13974797E-01
 -0.21785396E-03 -0.18663680E-02 -0.13608456E-01
 -0.58206605E-03 -0.18383755E-02 -0.13055717E-01
 -0.81274704E-03 -0.17887591E-02 -0.12258410E-01
 -0.92489254E-03 -0.16945194E-02 -0.11116974E-01
 -0.94252640E-03 -0.15449138E-02 -0.95704252E-02
 -0.89297206E-03 -0.13432837E-02 -0.76958081E-02
 -0.80174987E-03 -0.11030259E-02 -0.57055092E-02
 -0.68887401E-03 -0.83882526E-03 -0.38147262E-02
 -0.56756212E-03 -0.55924947E-03 -0.20970690E-02
 -0.44572773E-03 -0.26615588E-03 -0.47462448E-03
 -0.32905335E-03  0.39883774E-04  0.11453512E-02
 -0.22325928E-03  0.35443909E-03  0.27300754E-02
 -0.13383412E-03  0.66987608E-03  0.41235914E-02
 -0.63785080E-04  0.98137633E-03  0.51832417E-02
 -0.11881475E-04  0.12928954E-02  0.58977835E-02
  0.82388381E-03  0.16074747E-02 -0.71505034E-02
  0.66798093E-03  0.16857951E-02 -0.60457985E-02
  0.50401599E-03  0.17382341E-02 -0.48315103E-02
  0.33637299E-03  0.17624340E-02 -0.36083911E-02
  0.16990089E-03  0.17560423E-02 -0.24501071E-02
  0.10492862E-04  0.17180858E-02 -0.13347797E-02
 -0.13520561E-03  0.16482582E-02 -0.19577777E-03
  0.19704942E-02 -0.92326665E-03  0.12805926E-02
  0.19282366E-02 -0.86846419E-03  0.11497622E-03
  0.18705332E-02 -0.96843499E-03  0.10695006E-02
  0.18041756E-02 -0.10858661E-02  0.20016691E-02
  0.17335893E-02 -0.12133728E-02  0.28720008E-02
  0.16632799E-02 -0.13433851E-02  0.37376155E-02
  0.15974263E-02 -0.14695507E-02  0.46124703E-02
  0.15392555E-02 -0.15873675E-02  0.53765757E-02
  0.14912959E-02 -0.16934408E-02  0.58548299E-02
  0.97533368E-03  0.11923747E-02  0.36706662E-02
  0.93151520E-03  0.66747647E-03  0.47531302E-02
  0.91235897E-03  0.19234189E-03  0.54796259E-02
  0.91487744E-03 -0.22329550E-03  0.58087804E-02
  0.93597139E-03 -0.57536319E-03  0.55572016E-02
  0.97259694E-03 -0.86062018E-03  0.45521902E-02
  0.10218852E-02 -0.10751286E-02  0.28228455E-02
  0.10796500E-02 -0.12157453E-02  0.61993935E-03
  0.11373140E-02 -0.12817925E-02 -0.17562231E-02
  0.11796608E-02 -0.12744301E-02 -0.41313702E-02
  0.11859751E-02 -0.11947006E-02 -0.64548943E-02
  0.11344554E-02 -0.10442438E-02 -0.86516277E-02
  0.10070812E-02 -0.83135562E-03 -0.10530972E-01
  0.79251981E-03 -0.57957074E-03 -0.11886119E-01
  0.35397632E-02 -0.26541573E-02 -0.12406464E-01
  0.28920541E-02 -0.21494725E-02 -0.12696615E-01
  0.21485174E-02 -0.17464511E-02 -0.12924371E-01
  0.13644175E-02 -0.14879875E-02 -0.13279613E-01
  0.60833592E-03 -0.13800787E-02 -0.13744304E-01
 -0.52593588E-04 -0.13944524E-02 -0.14182408E-01
 -0.57042392E-03 -0.14809371E-02 -0.14470674E-01
 -0.92728791E-03 -0.15828753E-02 -0.14520592E-01
 -0.11337376E-02 -0.16506181E-02 -0.14208208E-01
 -0.12174611E-02 -0.16509712E-02 -0.13360732E-01
 -0.12108724E-02 -0.15714056E-02 -0.11879203E-01
 -0.11440569E-02 -0.14178770E-02 -0.98843155E-02
 -0.10430000E-02 -0.12068485E-02 -0.76978800E-02
 -0.92897280E-03 -0.95544471E-03 -0.56292824E-02
 -0.81674247E-03 -0.67524508E-03 -0.37605230E-02
 -0.71336699E-03 -0.37255813E-03 -0.19504597E-02
 -0.62014965E-03 -0.52909069E-04 -0.57694208E-04
 -0.53699542E-03  0.27558074E-03  0.18514116E-02
 -0.46536934E-03  0.60358795E-03  0.35273133E-02
 -0.40726486E-03  0.92582171E-03  0.47610318E-02
 -0.36181904E-03  0.12458817E-02  0.55615082E-02
 -0.32373895E-03  0.15771503E-02  0.60970236E-02
 -0.28586457E-03  0.19393646E-02  0.64686684E-02
  0.29679520E-03  0.18867228E-02 -0.62486900E-02
  0.14696461E-03  0.19108921E-02 -0.49413171E-02
  0.40735259E-05  0.19001110E-02 -0.37486585E-02
 -0.12808367E-03  0.18523533E-02 -0.26171913E-02
  0.19724097E-02 -0.79238005E-03 -0.70863209E-03
  0.19282366E-02 -0.86846419E-03  0.11497622E-03
  0.18376355E-02 -0.82471013E-03 -0.92328226E-03
  0.17919220E-02 -0.91411807E-03  0.10420796E-03
  0.17341845E-02 -0.10244679E-02  0.11047107E-02
  0.16678528E-02 -0.11480698E-02  0.20547176E-02
  0.15962551E-02 -0.12778262E-02  0.30657988E-02
  0.15226274E-02 -0.14077433E-02  0.41748511E-02
  0.14102489E-02  0.23928251E-02 -0.44479973E-03
  0.13114410E-02  0.18272721E-02  0.17607386E-02
  0.12320824E-02  0.12556594E-02  0.35906637E-02
  0.11724292E-02  0.71249794E-03  0.50286257E-02
  0.11312049E-02  0.21789177E-03  0.61832873E-02
  0.11057145E-02 -0.21770126E-03  0.70024070E-02
  0.10937822E-02 -0.58856344E-03  0.72093345E-02
  0.10961947E-02 -0.89027175E-03  0.65334099E-02
  0.11162979E-02 -0.11182178E-02  0.49812425E-02
  0.11552609E-02 -0.12675087E-02  0.28512447E-02
  0.12060502E-02 -0.13332859E-02  0.48306326E-03
  0.12514220E-02 -0.13111411E-02 -0.19715439E-02
  0.12680388E-02 -0.11984553E-02 -0.45086246E-02
  0.12330121E-02 -0.99798180E-03 -0.70418225E-02
  0.11272300E-02 -0.72384602E-03 -0.92913415E-02
  0.39606066E-02 -0.28229080E-02 -0.10753951E-01
  0.34084499E-02 -0.21786155E-02 -0.11656866E-01
  0.27133295E-02 -0.15913772E-02 -0.12229981E-01
  0.19094200E-02 -0.11424756E-02 -0.12873308E-01
  0.10617123E-02 -0.88684332E-03 -0.13776879E-01
  0.25631598E-03 -0.83598177E-03 -0.14841699E-01
 -0.42463183E-03 -0.95411771E-03 -0.15853005E-01
 -0.92986683E-03 -0.11702397E-02 -0.16662701E-01
 -0.12511829E-02 -0.14014163E-02 -0.17173907E-01
 -0.14149435E-02 -0.15775573E-02 -0.17202666E-01
 -0.14618800E-02 -0.16574597E-02 -0.16469550E-01
 -0.14302959E-02 -0.16309809E-02 -0.14819439E-01
 -0.13507738E-02 -0.15097024E-02 -0.12454577E-01
 -0.12485759E-02 -0.13137508E-02 -0.98809716E-02
 -0.11450831E-02 -0.10623016E-02 -0.75509164E-02
 -0.10548931E-02 -0.77063244E-03 -0.55341983E-02
 -0.98269715E-03 -0.45157829E-03 -0.35567172E-02
 -0.92498804E-03 -0.11737770E-03 -0.13721887E-02
 -0.87602326E-03  0.22057681E-03  0.91895553E-03
 -0.83267447E-03  0.55395411E-03  0.29305734E-02
 -0.79422180E-03  0.88006117E-03  0.43522704E-02
 -0.75863064E-03  0.12033967E-02  0.52195383E-02
 -0.72013648E-03  0.15357661E-02  0.58130106E-02
 -0.67101371E-03  0.18950508E-02  0.63087002E-02
 -0.60600896E-03  0.23023630E-02  0.65546419E-02
 -0.12098123E-03  0.20400025E-02 -0.60882623E-02
 -0.25539651E-03  0.20243608E-02 -0.48578541E-02
  0.18775958E-02 -0.73672420E-03 -0.23150993E-02
  0.18675727E-02 -0.76357174E-03 -0.17870411E-02
  0.18376355E-02 -0.82471013E-03 -0.92328226E-03
  0.16880241E-02 -0.79584832E-03 -0.17089601E-02
  0.16572893E-02 -0.87179788E-03 -0.63203688E-03
  0.16114057E-02 -0.97122097E-03  0.39764391E-03
  0.15530185E-02 -0.10857757E-02  0.13816600E-02
  0.14837446E-02 -0.12087488E-02  0.25027441E-02
  0.17612401E-02  0.29895131E-02 -0.39006459E-02
  0.16647534E-02  0.24750233E-02 -0.13398303E-02
  0.15688329E-02  0.19042836E-02  0.11772523E-02
  0.14794908E-02  0.13267827E-02  0.32843069E-02
  0.14012760E-02  0.77521414E-03  0.50399180E-02
  0.13342660E-02  0.26922945E-03  0.66351243E-02
  0.12748338E-02 -0.18018351E-03  0.79955981E-02
  0.12211594E-02 -0.56669377E-03  0.87161263E-02
  0.11783107E-02 -0.88541759E-03  0.84054272E-02
  0.11564760E-02 -0.11307393E-02  0.70624745E-02
  0.11621891E-02 -0.12952386E-02  0.50686492E-02
  0.11901631E-02 -0.13697093E-02  0.28142033E-02
  0.12236223E-02 -0.13443038E-02  0.38980578E-03
  0.12422168E-02 -0.12111437E-02 -0.23144335E-02
  0.12279265E-02 -0.96911014E-03 -0.52494818E-02
  0.41330052E-02 -0.31491808E-02 -0.79574750E-02
  0.37301868E-02 -0.24015964E-02 -0.10063030E-01
  0.31701065E-02 -0.16289192E-02 -0.11520060E-01
  0.24433171E-02 -0.93669855E-03 -0.12689469E-01
  0.15824307E-02 -0.43084671E-03 -0.14014549E-01
  0.67265215E-03 -0.18628085E-03 -0.15631729E-01
 -0.16969850E-03 -0.21913790E-03 -0.17331272E-01
 -0.84202715E-03 -0.47755291E-03 -0.18842021E-01
 -0.12951709E-02 -0.85840404E-03 -0.20054066E-01
 -0.15425036E-02 -0.12436743E-02 -0.20914253E-01
 -0.16366199E-02 -0.15389110E-02 -0.21175378E-01
 -0.16350345E-02 -0.16955486E-02 -0.20404379E-01
 -0.15794798E-02 -0.17095321E-02 -0.18360482E-01
 -0.14963053E-02 -0.16032427E-02 -0.15364721E-01
 -0.14063714E-02 -0.14055714E-02 -0.12194152E-01
 -0.13292102E-02 -0.11412910E-02 -0.95095329E-02
 -0.12779351E-02 -0.83061263E-03 -0.73570219E-02
 -0.12533368E-02 -0.49236422E-03 -0.52549358E-02
 -0.12455348E-02 -0.14452787E-03 -0.27819796E-02
 -0.12421733E-02  0.19881162E-03 -0.62130651E-04
 -0.12353354E-02  0.53079694E-03  0.23390176E-02
 -0.12218089E-02  0.85233956E-03  0.39662789E-02
 -0.11986967E-02  0.11701223E-02  0.48805862E-02
 -0.11601603E-02  0.14947747E-02  0.55102845E-02
 -0.10984460E-02  0.18410527E-02  0.61382022E-02
 -0.10075449E-02  0.22286438E-02  0.65755434E-02
 -0.88616062E-03  0.26797749E-02  0.63392032E-02
  0.16646016E-02 -0.77166863E-03 -0.32910311E-02
  0.16927465E-02 -0.74267802E-03 -0.31012226E-02
  0.17005800E-02 -0.75115223E-03 -0.26006754E-02
  0.16880241E-02 -0.79584832E-03 -0.17089601E-02
  0.14698562E-02 -0.78338513E-03 -0.21068263E-02
  0.14551915E-02 -0.84285442E-03 -0.98902223E-03
  0.14224800E-02 -0.92764997E-03  0.40548247E-04
  0.13738447E-02 -0.10282680E-02  0.10154084E-02
  0.20256639E-02  0.34362555E-02 -0.72283810E-02
  0.19750911E-02  0.30519915E-02 -0.51228614E-02
  0.19014283E-02  0.25436839E-02 -0.22942047E-02
  0.18107982E-02  0.19792454E-02  0.46264318E-03
  0.17124603E-02  0.14071043E-02  0.27599511E-02
  0.16146517E-02  0.85840109E-03  0.47682755E-02
  0.15190597E-02  0.35114384E-03  0.67966505E-02
  0.14214507E-02 -0.10501418E-03  0.87454983E-02
  0.13199421E-02 -0.50375071E-03  0.10038797E-01
  0.12229480E-02 -0.83833667E-03  0.10126544E-01
  0.11469645E-02 -0.11005002E-02  0.90097814E-02
  0.11042002E-02 -0.12810996E-02  0.72054333E-02
  0.10919602E-02 -0.13701685E-02  0.51967757E-02
  0.10952983E-02 -0.13550465E-02  0.29983673E-02
  0.10996538E-02 -0.12189675E-02  0.32326816E-03
  0.39903396E-02 -0.35686625E-02 -0.29105692E-02
  0.37096806E-02 -0.28030522E-02 -0.60608618E-02
  0.33265756E-02 -0.18931990E-02 -0.86671118E-02
  0.27888145E-02 -0.94251420E-03 -0.10597632E-01
  0.20574229E-02 -0.96840286E-04 -0.12281349E-01
  0.11569050E-02  0.49143464E-03 -0.14241623E-01
  0.19660043E-03  0.71545813E-03 -0.16581749E-01
 -0.66474444E-03  0.55766807E-03 -0.18970818E-01
 -0.12939191E-02  0.10089687E-03 -0.21062821E-01
 -0.16456500E-02 -0.50148160E-03 -0.22784193E-01
 -0.17690528E-02 -0.10823718E-02 -0.24131988E-01
 -0.17597524E-02 -0.15164685E-02 -0.24780479E-01
 -0.16999870E-02 -0.17487805E-02 -0.24097575E-01
 -0.16303414E-02 -0.17878755E-02 -0.21715191E-01
 -0.15620024E-02 -0.16761340E-02 -0.18078972E-01
 -0.15033728E-02 -0.14593823E-02 -0.14292972E-01
 -0.14708682E-02 -0.11721286E-02 -0.11284126E-01
 -0.14781988E-02 -0.83914743E-03 -0.90812209E-02
 -0.15221191E-02 -0.48261124E-03 -0.69457384E-02
 -0.15825539E-02 -0.12422211E-03 -0.42257465E-02
 -0.16365016E-02  0.21942234E-03 -0.10588801E-02
 -0.16709442E-02  0.54222000E-03  0.17699966E-02
 -0.16836426E-02  0.84859329E-03  0.36154057E-02
 -0.16745349E-02  0.11482642E-02  0.45565850E-02
 -0.16384028E-02  0.14514824E-02  0.52013833E-02
 -0.15652621E-02  0.17696834E-02  0.59720992E-02
 -0.14460006E-02  0.21202976E-02  0.66434630E-02
  0.82585882E-03 -0.53148120E-03  0.10013264E-01
  0.11248699E-02  0.99852242E-04  0.77365935E-02
  0.14369959E-02 -0.76726622E-03 -0.35145827E-02
  0.14639924E-02 -0.75733299E-03 -0.30300368E-02
  0.14698562E-02 -0.78338513E-03 -0.21068263E-02
  0.17049135E-02  0.22735117E-02 -0.26482395E-02
  0.19047118E-02  0.29992791E-02 -0.57706606E-02
  0.20430786E-02  0.34622090E-02 -0.81022842E-02
  0.21259150E-02  0.36066071E-02 -0.91702872E-02
  0.21614866E-02  0.34588624E-02 -0.85448223E-02
  0.21545439E-02  0.30956105E-02 -0.63205093E-02
  0.21073369E-02  0.26032659E-02 -0.32674906E-02
  0.20254719E-02  0.20540664E-02 -0.34014676E-03
  0.19206587E-02  0.14985001E-02  0.20460580E-02
  0.18051097E-02  0.96566657E-03  0.42128570E-02
  0.16824515E-02  0.46830174E-03  0.66411193E-02
  0.15465625E-02  0.11904278E-04  0.92193713E-02
  0.13929714E-02 -0.39607736E-03  0.11155148E-01
  0.12323340E-02 -0.74320960E-03  0.11679741E-01
  0.10895592E-02 -0.10166761E-02  0.10787376E-01
  0.98566246E-03 -0.12090758E-02  0.91889291E-02
  0.92009137E-03 -0.13165673E-02  0.75321279E-02
  0.87434744E-03 -0.13276938E-02  0.57709420E-02
  0.36385387E-02 -0.39356586E-02  0.32198362E-02
  0.33520222E-02 -0.33048076E-02  0.11776947E-03
  0.30406446E-02 -0.24267105E-02 -0.32051935E-02
  0.26809141E-02 -0.13478036E-02 -0.59527499E-02
  0.21975289E-02 -0.19839876E-03 -0.79002767E-02
  0.15108650E-02  0.82045992E-03 -0.96109575E-02
  0.62072094E-03  0.14949264E-02 -0.11817498E-01
 -0.34651463E-03  0.16791779E-02 -0.14689678E-01
 -0.11828330E-02  0.13586412E-02 -0.17781078E-01
 -0.17146521E-02  0.66046960E-03 -0.20604303E-01
 -0.19028301E-02 -0.19598917E-03 -0.23056540E-01
 -0.18493253E-02 -0.98345180E-03 -0.25164831E-01
 -0.17119758E-02 -0.15435486E-02 -0.26529635E-01
 -0.16030832E-02 -0.18216482E-02 -0.26303164E-01
 -0.15499034E-02 -0.18508318E-02 -0.23940310E-01
 -0.15299946E-02 -0.17045334E-02 -0.19963506E-01
 -0.15288807E-02 -0.14510529E-02 -0.15794856E-01
 -0.15616206E-02 -0.11339593E-02 -0.12652324E-01
 -0.16488123E-02 -0.77874437E-03 -0.10566682E-01
 -0.17844753E-02 -0.40763712E-03 -0.85306959E-02
 -0.19330374E-02 -0.44864270E-04 -0.56361216E-02
 -0.20552151E-02  0.29042384E-03 -0.20328753E-02
 -0.21330758E-02  0.59292605E-03  0.12400195E-02
 -0.21709088E-02  0.87093163E-03  0.33056249E-02
 -0.21766768E-02  0.11372771E-02  0.42527718E-02
 -0.21460494E-02  0.14014988E-02  0.48965777E-02
 -0.20630355E-02  0.16717712E-02  0.58283780E-02
  0.24356936E-03 -0.12949852E-02  0.10999389E-01
  0.51940163E-03 -0.81566342E-03  0.10259563E-01
  0.82958872E-03 -0.20216248E-03  0.80908586E-02
  0.11478571E-02  0.55261145E-03  0.47573031E-02
  0.14474629E-02  0.14109574E-02  0.97143329E-03
  0.17049135E-02  0.22735117E-02 -0.26482395E-02
  0.15189280E-02  0.20204629E-02 -0.27290811E-02
  0.17897449E-02  0.28096823E-02 -0.61211231E-02
  0.20011031E-02  0.33384634E-02 -0.87969184E-02
  0.21529427E-02  0.35436446E-02 -0.10201829E-01
  0.22486725E-02  0.34456971E-02 -0.97435006E-02
  0.22882858E-02  0.31189259E-02 -0.74467813E-02
  0.22696377E-02  0.26534183E-02 -0.42060214E-02
  0.21974492E-02  0.21291789E-02 -0.11748654E-02
  0.20882581E-02  0.16018771E-02  0.11874726E-02
  0.19610977E-02  0.10978358E-02  0.33938480E-02
  0.18205881E-02  0.62120306E-03  0.61629005E-02
  0.16528068E-02  0.17152439E-03  0.93967260E-02
  0.14445203E-02 -0.24073549E-03  0.12039382E-01
  0.12088704E-02 -0.59407037E-03  0.13026772E-01
  0.98672317E-03 -0.87053351E-03  0.12318985E-01
  0.81482237E-03 -0.10684264E-02  0.10875627E-01
  0.69120880E-03 -0.11959314E-02  0.95939429E-02
  0.32896870E-02 -0.40508331E-02  0.80983606E-02
  0.29041535E-02 -0.36527362E-02  0.62438395E-02
  0.24859958E-02 -0.30040737E-02  0.33397249E-02
  0.20958144E-02 -0.20651332E-02  0.33518177E-04
  0.17462171E-02 -0.87550838E-03 -0.25835053E-02
  0.13527638E-02  0.40970171E-03 -0.41351960E-02
  0.78468673E-03  0.15391625E-02 -0.53629127E-02
 -0.60396367E-05  0.22447473E-02 -0.73403456E-02
 -0.89247340E-03  0.23495815E-02 -0.10420390E-01
 -0.16201107E-02  0.18496049E-02 -0.14059641E-01
 -0.19743107E-02  0.92212980E-03 -0.17567507E-01
 -0.19312630E-02 -0.14578875E-03 -0.20758256E-01
 -0.16641962E-02 -0.10717302E-02 -0.23703133E-01
 -0.14057040E-02 -0.16765956E-02 -0.25983540E-01
 -0.12914995E-02 -0.19223532E-02 -0.26555435E-01
 -0.13126847E-02 -0.18805332E-02 -0.24641572E-01
 -0.13907614E-02 -0.16618687E-02 -0.20746679E-01
 -0.14803371E-02 -0.13547297E-02 -0.16543506E-01
 -0.16010374E-02 -0.10045561E-02 -0.13530168E-01
 -0.17889010E-02 -0.63092585E-03 -0.11759067E-01
 -0.20369963E-02 -0.25284874E-03 -0.99650429E-02
 -0.22897732E-02  0.10369959E-03 -0.69788844E-02
 -0.24878972E-02  0.41750693E-03 -0.29670044E-02
 -0.26101036E-02  0.68508832E-03  0.74922208E-03
 -0.26721940E-02  0.91918551E-03  0.30279482E-02
 -0.26934149E-02  0.11350896E-02  0.39603475E-02
 -0.26694495E-02  0.13405968E-02  0.45925959E-02
 -0.33211085E-03 -0.18419981E-02  0.10091870E-01
 -0.12267537E-03 -0.15435811E-02  0.10887480E-01
  0.15980348E-03 -0.11200793E-02  0.10586737E-01
  0.49297014E-03 -0.53778071E-03  0.85681061E-02
  0.84837690E-03  0.21736896E-03  0.51241678E-02
  0.11986174E-02  0.11059555E-02  0.11208423E-02
  0.15189280E-02  0.20204629E-02 -0.27290811E-02
  0.12874783E-02  0.17028638E-02 -0.25682615E-02
  0.16229780E-02  0.25449152E-02 -0.61882729E-02
  0.19021600E-02  0.31394005E-02 -0.92098721E-02
  0.21207776E-02  0.34157070E-02 -0.10995640E-01
  0.22776604E-02  0.33840621E-02 -0.10760422E-01
  0.23655652E-02  0.31114458E-02 -0.84343334E-02
  0.23750561E-02  0.26887422E-02 -0.50466977E-02
  0.23107085E-02  0.22030032E-02 -0.19843615E-02
  0.21989530E-02  0.17153370E-02  0.23744611E-03
  0.20701025E-02  0.12499304E-02  0.23588860E-02
  0.19274753E-02  0.80336325E-03  0.53947210E-02
  0.17402297E-02  0.37026124E-03  0.92834369E-02
  0.14783039E-02 -0.35751567E-04  0.12663888E-01
  0.11588750E-02 -0.38525529E-03  0.14106163E-01
  0.84928262E-03 -0.65672771E-03  0.13507134E-01
  0.61011909E-03 -0.85470573E-03  0.12119916E-01
  0.30563418E-02 -0.38589140E-02  0.10766576E-01
  0.26053484E-02 -0.36438680E-02  0.10151457E-01
  0.20480169E-02 -0.32632595E-02  0.88210428E-02
  0.14413067E-02 -0.26402517E-02  0.60960185E-02
  0.91902812E-03 -0.17193294E-02  0.27033468E-02
  0.56349721E-03 -0.53677229E-03  0.10395641E-03
  0.29901650E-03  0.73928494E-03 -0.10657731E-02
 -0.62771290E-04  0.18331585E-02 -0.16716475E-02
 -0.63929947E-03  0.24539653E-02 -0.31553291E-02
 -0.13245629E-02  0.24201610E-02 -0.61100669E-02
 -0.18326339E-02  0.17516742E-02 -0.99275816E-02
 -0.19211979E-02  0.67312314E-03 -0.13724567E-01
 -0.15977636E-02 -0.47924282E-03 -0.17268372E-01
 -0.11193623E-02 -0.13968124E-02 -0.20758315E-01
 -0.79070166E-03 -0.19097724E-02 -0.23847262E-01
 -0.74966519E-03 -0.20178304E-02 -0.25323332E-01
 -0.92261103E-03 -0.18379611E-02 -0.24117371E-01
 -0.11558214E-02 -0.15130943E-02 -0.20611441E-01
 -0.13709296E-02 -0.11413190E-02 -0.16647265E-01
 -0.16010010E-02 -0.76063178E-03 -0.13976986E-01
 -0.19057631E-02 -0.37874106E-03 -0.12684052E-01
 -0.22791831E-02 -0.79149823E-05 -0.11254310E-01
 -0.26439197E-02  0.32657362E-03 -0.82549299E-02
 -0.29203313E-02  0.60298587E-03 -0.38704766E-02
 -0.30864304E-02  0.81978076E-03  0.27688251E-03
 -0.31721642E-02  0.99307991E-03  0.27570842E-02
 -0.32081806E-02  0.11396089E-02  0.36580308E-02
 -0.82107438E-03 -0.21428842E-02  0.81502546E-02
 -0.71000402E-03 -0.20191433E-02  0.94588018E-02
 -0.50906586E-03 -0.17957576E-02  0.10806287E-01
 -0.22075852E-03 -0.14356005E-02  0.10977725E-01
  0.13075677E-03 -0.89336574E-03  0.91447927E-02
  0.51671689E-03 -0.15015492E-03  0.56270204E-02
  0.91082470E-03  0.75269639E-03  0.14543734E-02
  0.12874783E-02  0.17028638E-02 -0.25682615E-02
  0.10127669E-02  0.13291812E-02 -0.21732087E-02
  0.14043963E-02  0.22116331E-02 -0.59739366E-02
  0.17437858E-02  0.28663343E-02 -0.93257210E-02
  0.20239667E-02  0.32161768E-02 -0.11507102E-01
  0.22395409E-02  0.32617102E-02 -0.11528722E-01
  0.23745343E-02  0.30612895E-02 -0.92182142E-02
  0.24106736E-02  0.27019972E-02 -0.57435851E-02
  0.23534046E-02  0.22716565E-02 -0.27323564E-02
  0.22426921E-02  0.18334075E-02 -0.75188625E-03
  0.21228818E-02  0.14119393E-02  0.11858432E-02
  0.19940151E-02  0.10027268E-02  0.44159874E-02
  0.18020475E-02  0.59946015E-03  0.89202027E-02
  0.14948290E-02  0.21625168E-03  0.13012803E-01
  0.10945567E-02 -0.11618378E-03  0.14868628E-01
  0.70134722E-03 -0.37596786E-03  0.14311159E-01
  0.29638583E-02 -0.34629944E-02  0.12450838E-01
  0.24769550E-02 -0.33285919E-02  0.11707560E-01
  0.19030144E-02 -0.30951268E-02  0.11677115E-01
  0.11621400E-02 -0.27249455E-02  0.10863714E-01
  0.33953441E-03 -0.21462053E-02  0.82127196E-02
 -0.34001981E-03 -0.13094893E-02  0.44743648E-02
 -0.70221469E-03 -0.25585914E-03  0.15072793E-02
 -0.79897962E-03  0.84721829E-03  0.31975528E-03
 -0.87519278E-03  0.17339299E-02  0.62973713E-04
 -0.11302313E-02  0.21350705E-02 -0.96591625E-03
 -0.15007178E-02  0.19033960E-02 -0.35651947E-02
 -0.16945860E-02  0.11011780E-02 -0.71010792E-02
 -0.14645441E-02 -0.10177621E-04 -0.10595003E-01
 -0.86234361E-03 -0.10813572E-02 -0.13895849E-01
 -0.22581569E-03 -0.18243554E-02 -0.17453124E-01
  0.87480951E-04 -0.21160717E-02 -0.21065607E-01
 -0.35284712E-04 -0.20082822E-02 -0.23356421E-01
 -0.43338864E-03 -0.16554721E-02 -0.22908425E-01
 -0.86911959E-03 -0.12154821E-02 -0.19906997E-01
 -0.12350498E-02 -0.78294341E-03 -0.16308888E-01
 -0.15865526E-02 -0.38348950E-03 -0.14097930E-01
 -0.20136541E-02 -0.11590558E-04 -0.13385735E-01
 -0.25137237E-02  0.33036594E-03 -0.12408996E-01
 -0.29884149E-02  0.62254468E-03 -0.94673378E-02
 -0.33391703E-02  0.84502621E-03 -0.47598257E-02
 -0.35450523E-02  0.99619316E-03 -0.21094298E-03
 -0.36507706E-02  0.10918343E-02  0.24555799E-02
 -0.12026484E-02 -0.22062241E-02  0.62509619E-02
 -0.11788747E-02 -0.22348172E-02  0.72212825E-02
 -0.10881598E-02 -0.21873680E-02  0.88451058E-02
 -0.89740395E-03 -0.20399244E-02  0.10730729E-01
 -0.60884233E-03 -0.17457693E-02  0.11384171E-01
 -0.24750699E-03 -0.12524471E-02  0.97698170E-02
  0.15954481E-03 -0.53693879E-03  0.62314123E-02
  0.58845414E-03  0.36098612E-03  0.19560537E-02
  0.10127669E-02  0.13291812E-02 -0.21732087E-02
  0.69995981E-03  0.91126887E-03 -0.15749336E-02
  0.11370830E-02  0.18231606E-02 -0.55118695E-02
  0.15270473E-02  0.25304284E-02 -0.91616251E-02
  0.18599963E-02  0.29506832E-02 -0.11720320E-01
  0.21268031E-02  0.30782718E-02 -0.12011543E-01
  0.23043013E-02  0.29643418E-02 -0.97730308E-02
  0.23669392E-02  0.26877540E-02 -0.62977039E-02
  0.23210424E-02  0.23288888E-02 -0.34201321E-02
  0.22183401E-02  0.19478317E-02 -0.17380448E-02
  0.21154464E-02  0.15727342E-02 -0.27257556E-04
  0.20094403E-02  0.12061763E-02  0.33378313E-02
  0.18253806E-02  0.84600617E-03  0.83710005E-02
  0.14907360E-02  0.50342527E-03  0.13087591E-01
  0.10313082E-02  0.20227320E-03  0.15306857E-01
  0.31016624E-02 -0.29514621E-02  0.14319705E-01
  0.24987826E-02 -0.28649147E-02  0.12783145E-01
  0.19392376E-02 -0.26784258E-02  0.12357647E-01
  0.12670590E-02 -0.24012700E-02  0.12962497E-01
  0.37033460E-03 -0.20092336E-02  0.12716107E-01
 -0.63816671E-03 -0.14567895E-02  0.10153981E-01
 -0.14460894E-02 -0.72318861E-03  0.59757590E-02
 -0.17877763E-02  0.13363656E-03  0.23770358E-02
 -0.16856271E-02  0.95343426E-03  0.76677421E-03
 -0.14330024E-02  0.15078841E-02  0.45272855E-03
 -0.13114896E-02  0.15916802E-02 -0.34928381E-03
 -0.13161139E-02  0.11316535E-02 -0.25340631E-02
 -0.11742201E-02  0.24886138E-03 -0.54671584E-02
 -0.65215860E-03 -0.77645119E-03 -0.82028943E-02
  0.15646442E-03 -0.16263351E-02 -0.10817719E-01
  0.85563628E-03 -0.20813174E-02 -0.14103743E-01
  0.10633265E-02 -0.20927521E-02 -0.18027836E-01
  0.71039977E-03 -0.17624584E-02 -0.21028459E-01
  0.48364982E-04 -0.12599563E-02 -0.21312795E-01
 -0.60690348E-03 -0.73434681E-03 -0.18844702E-01
 -0.11263885E-02 -0.26587549E-03 -0.15668641E-01
 -0.15932404E-02  0.13052233E-03 -0.13973111E-01
 -0.21317543E-02  0.46900535E-03 -0.13886855E-01
 -0.27460619E-02  0.75725066E-03 -0.13409210E-01
 -0.33190110E-02  0.98509039E-03 -0.10589359E-01
 -0.37335085E-02  0.11368758E-02 -0.56372809E-02
 -0.39689659E-02  0.12084743E-02 -0.75140362E-03
 -0.14915664E-02 -0.20566497E-02  0.39615673E-02
 -0.15111873E-02 -0.22085797E-02  0.53656395E-02
 -0.15136856E-02 -0.23092290E-02  0.63425922E-02
 -0.14468338E-02 -0.23393009E-02  0.82540393E-02
 -0.12722219E-02 -0.22667355E-02  0.10636570E-01
 -0.99136176E-03 -0.20407628E-02  0.11752193E-01
 -0.62978010E-03 -0.16060976E-02  0.10384065E-01
 -0.21253975E-03 -0.93477735E-03  0.68941277E-02
  0.23950734E-03 -0.59892459E-04  0.25962392E-02
  0.69995981E-03  0.91126887E-03 -0.15749336E-02
  0.35814536E-03  0.46313629E-03 -0.82699998E-03
  0.82728074E-03  0.13968189E-02 -0.48648080E-02
  0.12558654E-02  0.21507618E-02 -0.87679099E-02
  0.16297252E-02  0.26376862E-02 -0.11659311E-01
  0.19365611E-02  0.28479128E-02 -0.12221937E-01
  0.21499755E-02  0.28269647E-02 -0.10129964E-01
  0.22410491E-02  0.26438121E-02 -0.67618858E-02
  0.22156116E-02  0.23668580E-02 -0.40840524E-02
  0.21301177E-02  0.20493888E-02 -0.26940959E-02
  0.20475473E-02  0.17235072E-02 -0.11865568E-02
  0.19649140E-02  0.14031172E-02  0.22684620E-02
  0.17974065E-02  0.10939061E-02  0.76976606E-02
  0.14609201E-02  0.80359518E-03  0.12900271E-01
  0.34972877E-02 -0.23796456E-02  0.15055345E-01
  0.27623651E-02 -0.23347945E-02  0.14415102E-01
  0.21072340E-02 -0.21845928E-02  0.13020897E-01
  0.15069746E-02 -0.19360690E-02  0.13030209E-01
  0.78115081E-03 -0.15915164E-02  0.14342939E-01
 -0.19982238E-03 -0.11420734E-02  0.14771244E-01
 -0.13024696E-02 -0.57937560E-03  0.12500017E-01
 -0.21529983E-02  0.72980251E-04  0.81148548E-02
 -0.24205438E-02  0.72715080E-03  0.39930107E-02
 -0.21058932E-02  0.12285663E-02  0.18419353E-02
 -0.15406684E-02  0.14027199E-02  0.11842348E-02
 -0.10772369E-02  0.11390685E-02  0.32760389E-03
 -0.77126360E-03  0.46731624E-03 -0.15777924E-02
 -0.38131533E-03 -0.42684094E-03 -0.38832616E-02
  0.31084597E-03 -0.12690824E-02 -0.57579765E-02
  0.11916316E-02 -0.18143956E-02 -0.75844758E-02
  0.18432221E-02 -0.19453758E-02 -0.10517186E-01
  0.18853864E-02 -0.16960601E-02 -0.14679258E-01
  0.12925016E-02 -0.12016869E-02 -0.18334510E-01
  0.38634336E-03 -0.61949352E-03 -0.19350204E-01
 -0.46041220E-03 -0.67979288E-04 -0.17480698E-01
 -0.11062810E-02  0.39501473E-03 -0.14813555E-01
 -0.16612861E-02  0.76122961E-03 -0.13677212E-01
 -0.22825652E-02  0.10451925E-02 -0.14203163E-01
 -0.29836085E-02  0.12592968E-02 -0.14209866E-01
 -0.36318848E-02  0.14026900E-02 -0.11563661E-01
 -0.40917973E-02  0.14659714E-02 -0.64870305E-02
 -0.16882219E-02 -0.17453585E-02 -0.38924899E-03
 -0.17334199E-02 -0.19711300E-02  0.31449783E-02
 -0.17747171E-02 -0.21838667E-02  0.44952435E-02
 -0.18057869E-02 -0.23590618E-02  0.55234305E-02
 -0.17687228E-02 -0.24684446E-02  0.77041925E-02
 -0.16179104E-02 -0.24733331E-02  0.10514363E-01
 -0.13527134E-02 -0.23209520E-02  0.12039724E-01
 -0.99986469E-03 -0.19544583E-02  0.10935397E-01
 -0.58411151E-03 -0.13398915E-02  0.75708284E-02
 -0.12338077E-03 -0.50070527E-03  0.33331064E-02
  0.35814536E-03  0.46313629E-03 -0.82699998E-03
  0.47919375E-06 -0.19623004E-06  0.95692740E-07
  0.48496456E-03  0.95057441E-03 -0.41119461E-02
  0.93762359E-03  0.17483690E-02 -0.82143609E-02
  0.13389837E-02  0.23001327E-02 -0.11377575E-01
  0.16739567E-02  0.25908063E-02 -0.12211526E-01
  0.19164931E-02  0.26604882E-02 -0.10356249E-01
  0.20379828E-02  0.25702559E-02 -0.72118600E-02
  0.20419956E-02  0.23782025E-02 -0.47733690E-02
  0.19817481E-02  0.21298813E-02 -0.36107856E-02
  0.19198522E-02  0.18580922E-02 -0.22301798E-02
  0.18569072E-02  0.15854754E-02  0.12790856E-02
  0.17121075E-02  0.13263980E-02  0.69411425E-02
  0.39197275E-02 -0.18564624E-02  0.12328400E-01
  0.32328474E-02 -0.18122570E-02  0.14767552E-01
  0.24874014E-02 -0.16826243E-02  0.14368055E-01
  0.18253427E-02 -0.14649671E-02  0.13321741E-01
  0.12248028E-02 -0.11520698E-02  0.13875069E-01
  0.50639160E-03 -0.73642870E-03  0.15907631E-01
 -0.45805935E-03 -0.22004293E-03  0.17077237E-01
 -0.15253295E-02  0.36897826E-03  0.15356676E-01
 -0.23007781E-02  0.95711572E-03  0.11176019E-01
 -0.24329680E-02  0.14191708E-02  0.68863098E-02
 -0.19220085E-02  0.16055275E-02  0.43009228E-02
 -0.11288949E-02  0.14064481E-02  0.31369733E-02
 -0.45478515E-03  0.82364845E-03  0.19253374E-02
  0.12319375E-06 -0.13147916E-06 -0.25502793E-06
  0.45490338E-03 -0.82389741E-03 -0.19256794E-02
  0.11287338E-02 -0.14066436E-02 -0.31369856E-02
  0.19216495E-02 -0.16056161E-02 -0.43007862E-02
  0.24326633E-02 -0.14191180E-02 -0.68863630E-02
  0.23007386E-02 -0.95694399E-03 -0.11176418E-01
  0.15255259E-02 -0.36876901E-03 -0.15357250E-01
  0.45820859E-03  0.22019040E-03 -0.17077668E-01
 -0.50662426E-03  0.73645123E-03 -0.15907770E-01
 -0.12255400E-02  0.11519717E-02 -0.13875070E-01
 -0.18263895E-02  0.14648141E-02 -0.13321894E-01
 -0.24883882E-02  0.16825045E-02 -0.14368498E-01
 -0.32334978E-02  0.18122238E-02 -0.14768127E-01
 -0.39200247E-02  0.18564820E-02 -0.12328771E-01
 -0.17122272E-02 -0.13265341E-02 -0.69410463E-02
 -0.18570945E-02 -0.15856554E-02 -0.12785532E-02
 -0.19201724E-02 -0.18584062E-02  0.22308661E-02
 -0.19821274E-02 -0.21303805E-02  0.36113176E-02
 -0.20423495E-02 -0.23788019E-02  0.47735840E-02
 -0.20383011E-02 -0.25707429E-02  0.72117863E-02
 -0.19167937E-02 -0.26606680E-02  0.10356034E-01
 -0.16741791E-02 -0.25906735E-02  0.12211329E-01
 -0.13389649E-02 -0.22999053E-02  0.11377494E-01
 -0.93720979E-03 -0.17483267E-02  0.82144157E-02
 -0.48416655E-03 -0.95082672E-03  0.41121013E-02
  0.47919375E-06 -0.19623004E-06  0.95692742E-07
 -0.35722577E-03 -0.46342531E-03  0.82711909E-03
  0.12407759E-03  0.50054363E-03 -0.33328119E-02
  0.58445306E-03  0.13399330E-02 -0.75704880E-02
  0.99992019E-03  0.19545828E-02 -0.10935164E-01
  0.13526399E-02  0.23209581E-02 -0.12039696E-01
  0.16178088E-02  0.24731221E-02 -0.10514512E-01
  0.17685922E-02  0.24681007E-02 -0.77043459E-02
  0.18056009E-02  0.23587612E-02 -0.55233681E-02
  0.17745183E-02  0.21837196E-02 -0.44948569E-02
  0.17333117E-02  0.19711121E-02 -0.31443928E-02
  0.16882488E-02  0.17453823E-02  0.38971017E-03
  0.40917192E-02 -0.14658753E-02  0.64870549E-02
  0.36316292E-02 -0.14024960E-02  0.11563237E-01
  0.29829679E-02 -0.12590815E-02  0.14209275E-01
  0.22815336E-02 -0.10450421E-02  0.14202786E-01
  0.16601267E-02 -0.76120272E-03  0.13677229E-01
  0.11053666E-02 -0.39508474E-03  0.14813806E-01
  0.45996191E-03  0.67932728E-04  0.17480835E-01
 -0.38640563E-03  0.61960237E-03  0.19350020E-01
 -0.12924501E-02  0.12019740E-02  0.18334125E-01
 -0.18854535E-02  0.16963915E-02  0.14678989E-01
 -0.18434270E-02  0.19455467E-02  0.10517225E-01
 -0.11918116E-02  0.18142880E-02  0.75846890E-02
 -0.31083757E-03  0.12687592E-02  0.57580437E-02
  0.38151436E-03  0.42649339E-03  0.38830073E-02
  0.77148472E-03 -0.46751777E-03  0.15773667E-02
  0.10772785E-02 -0.11390903E-02 -0.32788304E-03
  0.15404616E-02 -0.14026558E-02 -0.11842113E-02
  0.21055650E-02 -0.12285290E-02 -0.18417736E-02
  0.24203298E-02 -0.72716896E-03 -0.39930254E-02
  0.21530641E-02 -0.72990514E-04 -0.81151934E-02
  0.13027704E-02  0.57944514E-03 -0.12500519E-01
  0.20010757E-03  0.11422106E-02 -0.14771602E-01
 -0.78117772E-03  0.15916135E-02 -0.14342990E-01
 -0.15074516E-02  0.19360089E-02 -0.13030067E-01
 -0.21080450E-02  0.21843558E-02 -0.13020830E-01
 -0.27632222E-02  0.23344833E-02 -0.14415275E-01
 -0.34979214E-02  0.23793934E-02 -0.15055670E-01
 -0.14612268E-02 -0.80385378E-03 -0.12900418E-01
 -0.17975571E-02 -0.10941250E-02 -0.76974287E-02
 -0.19650440E-02 -0.14033898E-02 -0.22678619E-02
 -0.20477290E-02 -0.17239334E-02  0.11873231E-02
 -0.21303721E-02 -0.20499640E-02  0.26947622E-02
 -0.22159596E-02 -0.23674349E-02  0.40844216E-02
 -0.22415068E-02 -0.26441843E-02  0.67618951E-02
 -0.21504830E-02 -0.28270176E-02  0.10129674E-01
 -0.19369373E-02 -0.28477223E-02  0.12221485E-01
 -0.16297387E-02 -0.26374761E-02  0.11658851E-01
 -0.12553965E-02 -0.21507421E-02  0.87675776E-02
 -0.82643896E-03 -0.13970295E-02  0.48646917E-02
 -0.35722577E-03 -0.46342531E-03  0.82711909E-03
 -0.69916999E-03 -0.91131177E-03  0.15749428E-02
 -0.23887343E-03  0.59913854E-04 -0.25959384E-02
  0.21291081E-03  0.93484005E-03 -0.68936947E-02
  0.62991438E-03  0.16061304E-02 -0.10383719E-01
  0.99134655E-03  0.20407132E-02 -0.11752099E-01
  0.12721417E-02  0.22666330E-02 -0.10636731E-01
  0.14467648E-02  0.23392504E-02 -0.82542733E-02
  0.15137178E-02  0.23093295E-02 -0.63426442E-02
  0.15114082E-02  0.22088403E-02 -0.53653682E-02
  0.14919860E-02  0.20569876E-02 -0.39610784E-02
  0.39692286E-02 -0.12082056E-02  0.75174954E-03
  0.37336160E-02 -0.11365717E-02  0.56372700E-02
  0.33187748E-02 -0.98471357E-03  0.10589008E-01
  0.27453719E-02 -0.75680274E-03  0.13408825E-01
  0.21306998E-02 -0.46858067E-03  0.13886808E-01
  0.15920997E-02 -0.13025369E-03  0.13973540E-01
  0.11254724E-02  0.26594370E-03  0.15669328E-01
  0.60636913E-03  0.73433010E-03  0.18845254E-01
 -0.48576743E-04  0.12600540E-02  0.21312973E-01
 -0.71046013E-03  0.17627796E-02  0.21028357E-01
 -0.10633528E-02  0.20932018E-02  0.18027756E-01
 -0.85561596E-03  0.20816610E-02  0.14103880E-01
 -0.15632324E-03  0.16263953E-02  0.10817984E-01
  0.65243064E-03  0.77626498E-03  0.82030306E-02
  0.11745164E-02 -0.24906960E-03  0.54670336E-02
  0.13162814E-02 -0.11316601E-02  0.25338177E-02
  0.13114512E-02 -0.15914460E-02  0.34919004E-03
  0.14328196E-02 -0.15075735E-02 -0.45254663E-03
  0.16854551E-02 -0.95326012E-03 -0.76646542E-03
  0.17877565E-02 -0.13367448E-03 -0.23768679E-02
  0.14462594E-02  0.72305079E-03 -0.59758476E-02
  0.63843837E-03  0.14567277E-02 -0.10154171E-01
 -0.37012851E-03  0.20093105E-02 -0.12716118E-01
 -0.12670800E-02  0.24013721E-02 -0.12962177E-01
 -0.19395582E-02  0.26783718E-02 -0.12357107E-01
 -0.24993439E-02  0.28646258E-02 -0.12782661E-01
 -0.31022962E-02  0.29510278E-02 -0.14319489E-01
 -0.10317359E-02 -0.20267928E-03 -0.15306779E-01
 -0.14909998E-02 -0.50374857E-03 -0.13087488E-01
 -0.18254840E-02 -0.84626156E-03 -0.83706704E-02
 -0.20094352E-02 -0.12064587E-02 -0.33372184E-02
 -0.21154154E-02 -0.15730989E-02  0.28035294E-04
 -0.22183867E-02 -0.19482209E-02  0.17387697E-02
 -0.23212609E-02 -0.23291715E-02  0.34205959E-02
 -0.23673530E-02 -0.26878377E-02  0.62977890E-02
 -0.23048074E-02 -0.29642499E-02  0.97727390E-02
 -0.21271863E-02 -0.30781208E-02  0.12010980E-01
 -0.18600359E-02 -0.29505908E-02  0.11719657E-01
 -0.15266553E-02 -0.25304355E-02  0.91610533E-02
 -0.11363699E-02 -0.18232237E-02  0.55115481E-02
 -0.69916999E-03 -0.91131177E-03  0.15749428E-02
 -0.10122117E-02 -0.13289714E-02  0.21732636E-02
 -0.58787354E-03 -0.36078868E-03 -0.19557269E-02
 -0.15906934E-03  0.53707273E-03 -0.62309865E-02
  0.24776448E-03  0.12525335E-02 -0.97695248E-02
  0.60883781E-03  0.17458606E-02 -0.11384172E-01
  0.89721681E-03  0.20400669E-02 -0.10730998E-01
  0.10880016E-02  0.21875923E-02 -0.88454374E-02
  0.11790038E-02  0.22351477E-02 -0.72214185E-02
  0.12032100E-02  0.22066737E-02 -0.62507773E-02
  0.36515136E-02 -0.10912386E-02 -0.24552680E-02
  0.35457342E-02 -0.99561430E-03  0.21117516E-03
  0.33394874E-02 -0.84448616E-03  0.47597956E-02
  0.29881714E-02 -0.62199431E-03  0.94671111E-02
  0.25129427E-02 -0.32976962E-03  0.12408868E-01
  0.20125732E-02  0.12181246E-04  0.13386010E-01
  0.15854951E-02  0.38395726E-03  0.14098666E-01
  0.12342516E-02  0.78321538E-03  0.16309830E-01
  0.86863239E-03  0.12156237E-02  0.19907766E-01
  0.43312424E-03  0.16556593E-02  0.22908808E-01
  0.35149744E-04  0.20086592E-02  0.23356501E-01
 -0.87486670E-04  0.21166200E-02  0.21065638E-01
  0.22600512E-03  0.18249036E-02  0.17453270E-01
  0.86274218E-03  0.10817324E-02  0.13896051E-01
  0.14650322E-02  0.10363479E-04  0.10595091E-01
  0.16949607E-02 -0.11010273E-02  0.71009937E-02
  0.15008409E-02 -0.19031043E-02  0.35650811E-02
  0.11301386E-02 -0.21346140E-02  0.96599217E-03
  0.87505987E-03 -0.17334711E-02 -0.62633853E-04
  0.79897367E-03 -0.84696403E-03 -0.31929514E-03
  0.70236598E-03  0.25584497E-03 -0.15069197E-02
  0.34021844E-03  0.13093384E-02 -0.44741868E-02
 -0.33943581E-03  0.21461125E-02 -0.82125803E-02
 -0.11622234E-02  0.27249788E-02 -0.10863375E-01
 -0.19032721E-02  0.30951661E-02 -0.11676461E-01
 -0.24773302E-02  0.33284503E-02 -0.11706720E-01
 -0.29642851E-02  0.34625993E-02 -0.12450103E-01
 -0.70164629E-03  0.37547640E-03 -0.14310670E-01
 -0.10948055E-02  0.11573003E-03 -0.14868411E-01
 -0.14949984E-02 -0.21657345E-03 -0.13012667E-01
 -0.18021164E-02 -0.59969134E-03 -0.89199300E-02
 -0.19939999E-02 -0.10029541E-02 -0.44154831E-02
 -0.21228458E-02 -0.14121732E-02 -0.11851799E-02
 -0.22427174E-02 -0.18335647E-02  0.75252650E-03
 -0.23535439E-02 -0.22716576E-02  0.27327877E-02
 -0.24109148E-02 -0.27018654E-02  0.57436987E-02
 -0.23748022E-02 -0.30611383E-02  0.92180050E-02
 -0.22397292E-02 -0.32616340E-02  0.11528274E-01
 -0.20239814E-02 -0.32161629E-02  0.11506554E-01
 -0.17435786E-02 -0.28662901E-02  0.93252415E-02
 -0.14039795E-02 -0.22114927E-02  0.59736808E-02
 -0.10122117E-02 -0.13289714E-02  0.21732636E-02
 -0.12872264E-02 -0.17024951E-02  0.25685594E-02
 -0.91038740E-03 -0.75242532E-03 -0.14539090E-02
 -0.51621664E-03  0.15035668E-03 -0.56265851E-02
 -0.13040654E-03  0.89362341E-03 -0.91446119E-02
  0.22080011E-03  0.14359887E-02 -0.10977909E-01
  0.50883284E-03  0.17962144E-02 -0.10806740E-01
  0.70974678E-03  0.20195460E-02 -0.94592729E-02
  0.82112464E-03  0.21431979E-02 -0.81504916E-02
  0.32086721E-02 -0.11391029E-02 -0.36580084E-02
  0.31730031E-02 -0.99244670E-03 -0.27569018E-02
  0.30872543E-02 -0.81909710E-03 -0.27675030E-03
  0.29207282E-02 -0.60232447E-03  0.38704401E-02
  0.26436636E-02 -0.32595743E-03  0.82548104E-02
  0.22783562E-02  0.85069887E-05  0.11254340E-01
  0.19046870E-02  0.37932153E-03  0.12684421E-01
  0.16000300E-02  0.76116794E-03  0.13977678E-01
  0.13702541E-02  0.11417618E-02  0.16648052E-01
  0.11554154E-02  0.15134487E-02  0.20612050E-01
  0.92234360E-03  0.18383149E-02  0.24117678E-01
  0.74946523E-03  0.20182956E-02  0.25323423E-01
  0.79062898E-03  0.19103866E-02  0.23847312E-01
  0.11195263E-02  0.13975004E-02  0.20758405E-01
  0.15981730E-02  0.47988679E-03  0.17268440E-01
  0.19216946E-02 -0.67257393E-03  0.13724512E-01
  0.18329886E-02 -0.17511669E-02  0.99274223E-02
  0.13246563E-02 -0.24196197E-02  0.61099624E-02
  0.63922013E-03 -0.24534051E-02  0.31554498E-02
  0.62731164E-04 -0.18327047E-02  0.16720192E-02
 -0.29887764E-03 -0.73906272E-03  0.10662506E-02
 -0.56324023E-03  0.53676996E-03 -0.10355857E-03
 -0.91886184E-03  0.17192510E-02 -0.27030863E-02
 -0.14414121E-02  0.26402480E-02 -0.60957720E-02
 -0.20484121E-02  0.32633287E-02 -0.88206195E-02
 -0.26059000E-02  0.36438459E-02 -0.10150784E-01
 -0.30568824E-02  0.38586285E-02 -0.10765797E-01
 -0.61047810E-03  0.85415947E-03 -0.12119319E-01
 -0.84952232E-03  0.65611645E-03 -0.13506865E-01
 -0.11590459E-02  0.38478546E-03 -0.14106182E-01
 -0.14784372E-02  0.35490577E-04 -0.12663990E-01
 -0.17403458E-02 -0.37040115E-03 -0.92834056E-02
 -0.19276096E-02 -0.80349764E-03 -0.53944702E-02
 -0.20702922E-02 -0.12500807E-02 -0.23584927E-02
 -0.21991933E-02 -0.17154376E-02 -0.23707080E-03
 -0.23109326E-02 -0.22030069E-02  0.19845868E-02
 -0.23751795E-02 -0.26886896E-02  0.50467293E-02
 -0.23655601E-02 -0.31114139E-02  0.84342054E-02
 -0.22775828E-02 -0.33840580E-02  0.10760204E-01
 -0.21207106E-02 -0.34156400E-02  0.10995417E-01
 -0.19021216E-02 -0.31391775E-02  0.92097411E-02
 -0.16228878E-02 -0.25445552E-02  0.61883329E-02
 -0.12872264E-02 -0.17024951E-02  0.25685594E-02
 -0.15189494E-02 -0.20200463E-02  0.27296283E-02
 -0.11984299E-02 -0.11057411E-02 -0.11202267E-02
 -0.84803542E-03 -0.21719715E-03 -0.51237119E-02
 -0.49265631E-03  0.53814890E-03 -0.85680347E-02
 -0.15969302E-03  0.11207162E-02 -0.10587113E-01
  0.12254385E-03  0.15442993E-02 -0.10888142E-01
  0.33187783E-03  0.18425176E-02 -0.10092520E-01
  0.26692374E-02 -0.13403724E-02 -0.45929857E-02
  0.26935474E-02 -0.11348550E-02 -0.39604553E-02
  0.26726801E-02 -0.91883521E-03 -0.30278912E-02
  0.26106728E-02 -0.68461501E-03 -0.74916597E-03
  0.24881650E-02 -0.41699721E-03  0.29669843E-02
  0.22894893E-02 -0.10324020E-03  0.69788479E-02
  0.20362019E-02  0.25325052E-03  0.99651106E-02
  0.17878861E-02  0.63132861E-03  0.11759299E-01
  0.16001376E-02  0.10050066E-02  0.13530503E-01
  0.14797278E-02  0.13552154E-02  0.16543805E-01
  0.13903990E-02  0.16623494E-02  0.20746838E-01
  0.13124190E-02  0.18810037E-02  0.24641601E-01
  0.12912438E-02  0.19228566E-02  0.26555433E-01
  0.14055088E-02  0.16771735E-02  0.25983584E-01
  0.16641720E-02  0.10723706E-02  0.23703197E-01
  0.19314397E-02  0.14643669E-03  0.20758236E-01
  0.19745780E-02 -0.92151682E-03  0.17567341E-01
  0.16203055E-02 -0.18490297E-02  0.14059396E-01
  0.89253015E-03 -0.23490462E-02  0.10420233E-01
  0.60535658E-05 -0.22443059E-02  0.73404118E-02
 -0.78455619E-03 -0.15389040E-02  0.53631917E-02
 -0.13524634E-02 -0.40965631E-03  0.41355414E-02
 -0.17458796E-02  0.87543975E-03  0.25837546E-02
 -0.20956682E-02  0.20651242E-02 -0.33411697E-04
 -0.24861877E-02  0.30042146E-02 -0.33396573E-02
 -0.29046454E-02  0.36529207E-02 -0.62436534E-02
 -0.32903058E-02  0.40508213E-02 -0.80980016E-02
 -0.69179048E-03  0.11955203E-02 -0.95936572E-02
 -0.81525777E-03  0.10677480E-02 -0.10875536E-01
 -0.98704958E-03  0.86984297E-03 -0.12319193E-01
 -0.12091364E-02  0.59360588E-03 -0.13027201E-01
 -0.14447564E-02  0.24054868E-03 -0.12039827E-01
 -0.16530527E-02 -0.17156538E-03 -0.93970038E-02
 -0.18209063E-02 -0.62127082E-03 -0.61629765E-02
 -0.19615265E-02 -0.10980145E-02 -0.33938302E-02
 -0.20887439E-02 -0.16021516E-02 -0.11874995E-02
 -0.21978455E-02 -0.21295033E-02  0.11747362E-02
 -0.22698033E-02 -0.26537533E-02  0.42058353E-02
 -0.22882052E-02 -0.31192064E-02  0.74466243E-02
 -0.22484836E-02 -0.34458036E-02  0.97434322E-02
 -0.21528317E-02 -0.35434640E-02  0.10201873E-01
 -0.20011523E-02 -0.33380086E-02  0.87971028E-02
 -0.17898676E-02 -0.28091339E-02  0.61214881E-02
 -0.15189494E-02 -0.20200463E-02  0.27296283E-02
 -0.17050710E-02 -0.22731431E-02  0.26487901E-02
 -0.14474958E-02 -0.14108825E-02 -0.97084272E-03
 -0.11477739E-02 -0.55258525E-03 -0.47569120E-02
 -0.82947679E-03  0.20245530E-03 -0.80908944E-02
 -0.51936150E-03  0.81632054E-03 -0.10260075E-01
 -0.24364658E-03  0.12957899E-02 -0.11000194E-01
  0.20629128E-02 -0.16713016E-02 -0.58291181E-02
  0.21457313E-02 -0.14013241E-02 -0.48970917E-02
  0.21764336E-02 -0.11373009E-02 -0.42530178E-02
  0.21708919E-02 -0.87097723E-03 -0.33056932E-02
  0.21331980E-02 -0.59289375E-03 -0.12400203E-02
  0.20552130E-02 -0.29033823E-03  0.20328950E-02
  0.19326730E-02  0.44937713E-04  0.56361687E-02
  0.17837203E-02  0.40769434E-03  0.85307635E-02
  0.16478700E-02  0.77885419E-03  0.10566708E-01
  0.15607735E-02  0.11341885E-02  0.12652224E-01
  0.15282957E-02  0.14514000E-02  0.15794601E-01
  0.15296434E-02  0.17049396E-02  0.19963170E-01
  0.15496455E-02  0.18512423E-02  0.23940034E-01
  0.16028150E-02  0.18220480E-02  0.26303058E-01
  0.17117057E-02  0.15439425E-02  0.26529696E-01
  0.18491234E-02  0.98383090E-03  0.25164938E-01
  0.19027285E-02  0.19633267E-03  0.23056544E-01
  0.17146116E-02 -0.66016854E-03  0.20604149E-01
  0.11828079E-02 -0.13583751E-02  0.17780850E-01
  0.34653353E-03 -0.16789636E-02  0.14689532E-01
 -0.62056255E-03 -0.14948280E-02  0.11817534E-01
 -0.15105089E-02 -0.82053880E-03  0.96111432E-02
 -0.21970519E-02  0.19817869E-03  0.79004659E-02
 -0.26805090E-02  0.13476070E-02  0.59527940E-02
 -0.30404865E-02  0.24267262E-02  0.32050505E-02
 -0.33521436E-02  0.33050735E-02 -0.11800552E-03
 -0.36388286E-02  0.39359824E-02 -0.32200156E-02
 -0.87474251E-03  0.13277270E-02 -0.57711313E-02
 -0.92043332E-03  0.13162104E-02 -0.75323355E-02
 -0.98600248E-03  0.12084255E-02 -0.91892844E-02
 -0.10899555E-02  0.10160105E-02 -0.10787934E-01
 -0.12327741E-02  0.74277568E-03 -0.11680416E-01
 -0.13933969E-02  0.39592476E-03 -0.11155771E-01
 -0.15469510E-02 -0.11921053E-04 -0.92198291E-02
 -0.16828508E-02 -0.46839142E-03 -0.66414426E-02
 -0.18055780E-02 -0.96597235E-03 -0.42131774E-02
 -0.19211765E-02 -0.14990576E-02 -0.20464783E-02
 -0.20259279E-02 -0.20548215E-02  0.33964687E-03
 -0.21076120E-02 -0.26040859E-02  0.32670321E-02
 -0.21546165E-02 -0.30962859E-02  0.63202101E-02
 -0.21614579E-02 -0.34591633E-02  0.85447201E-02
 -0.21259284E-02 -0.36064172E-02  0.91703556E-02
 -0.20432074E-02 -0.34616465E-02  0.81025038E-02
 -0.19049110E-02 -0.29986628E-02  0.57710492E-02
 -0.17050710E-02 -0.22731431E-02  0.26487901E-02
 -0.14699675E-02  0.78354858E-03  0.21070913E-02
 -0.14640151E-02  0.75722259E-03  0.30303571E-02
 -0.14369552E-02  0.76710475E-03  0.35147493E-02
 -0.11251776E-02 -0.99604896E-04 -0.77367154E-02
 -0.82672879E-03  0.53211330E-03 -0.10013779E-01
  0.14464112E-02 -0.21195504E-02 -0.66441920E-02
  0.15653087E-02 -0.17690637E-02 -0.59728126E-02
  0.16381412E-02 -0.14512127E-02 -0.52019236E-02
  0.16741709E-02 -0.11483530E-02 -0.45569168E-02
  0.16833646E-02 -0.84890268E-03 -0.36155746E-02
  0.16707693E-02 -0.54260712E-03 -0.17700459E-02
  0.16362660E-02 -0.21981787E-03  0.10589371E-02
  0.15820621E-02  0.12383902E-03  0.42258764E-02
  0.15213260E-02  0.48227214E-03  0.69458341E-02
  0.14772636E-02  0.83890776E-03  0.90811271E-02
  0.14700361E-02  0.11720299E-02  0.11283743E-01
  0.15027972E-02  0.14594191E-02  0.14292351E-01
  0.15616636E-02  0.16762637E-02  0.18078308E-01
  0.16301159E-02  0.17880498E-02  0.21714709E-01
  0.16997743E-02  0.17489572E-02  0.24097398E-01
  0.17595333E-02  0.15166017E-02  0.24780556E-01
  0.17688473E-02  0.10824132E-02  0.24132151E-01
  0.16454594E-02  0.50140969E-03  0.22784277E-01
  0.12937364E-02 -0.10105519E-03  0.21062776E-01
  0.66461688E-03 -0.55786325E-03  0.18970723E-01
 -0.19655612E-03 -0.71567601E-03  0.16581730E-01
 -0.11565906E-02 -0.49171575E-03  0.14241742E-01
 -0.20568799E-02  0.96463254E-04  0.12281553E-01
 -0.27882426E-02  0.94210828E-03  0.10597778E-01
 -0.33261985E-02  0.18929406E-02  0.86670643E-02
 -0.37095673E-02  0.28031058E-02  0.60605815E-02
 -0.39903541E-02  0.35690184E-02  0.29101454E-02
 -0.10996336E-02  0.12193793E-02 -0.32373841E-03
 -0.10951308E-02  0.13552466E-02 -0.29987989E-02
 -0.10917720E-02  0.13699902E-02 -0.51971867E-02
 -0.11042017E-02  0.12806180E-02 -0.72058936E-02
 -0.11472607E-02  0.10999593E-02 -0.90103211E-02
 -0.12234594E-02  0.83795984E-03 -0.10127105E-01
 -0.13204900E-02  0.50359139E-03 -0.10039282E-01
 -0.14219052E-02  0.10494649E-03 -0.87458769E-02
 -0.15194088E-02 -0.35132127E-03 -0.67970037E-02
 -0.16149535E-02 -0.85884836E-03 -0.47687328E-02
 -0.17127576E-02 -0.14078782E-02 -0.27605673E-02
 -0.18110872E-02 -0.19802851E-02 -0.46333620E-03
 -0.19016955E-02 -0.25448128E-02  0.22935941E-02
 -0.19753518E-02 -0.30529460E-02  0.51224467E-02
 -0.20259503E-02 -0.34367771E-02  0.72281609E-02
 -0.13741548E-02  0.10282484E-02 -0.10155066E-02
 -0.14227785E-02  0.92800567E-03 -0.40558455E-04
 -0.14554096E-02  0.84325610E-03  0.98913832E-03
 -0.14699675E-02  0.78354858E-03  0.21070913E-02
 -0.16880039E-02  0.79570654E-03  0.17087907E-02
 -0.17004312E-02  0.75086726E-03  0.26006458E-02
 -0.16926099E-02  0.74239617E-03  0.31012167E-02
 -0.16645403E-02  0.77156419E-03  0.32908871E-02
  0.88652557E-03 -0.26793821E-02 -0.63395637E-02
  0.10077677E-02 -0.22279777E-02 -0.65760131E-02
  0.10984522E-02 -0.18404130E-02 -0.61386735E-02
  0.11599864E-02 -0.14944141E-02 -0.55106771E-02
  0.11984689E-02 -0.11701369E-02 -0.48808841E-02
  0.12216357E-02 -0.85267935E-03 -0.39664881E-02
  0.12351928E-02 -0.53134679E-03 -0.23391140E-02
  0.12419002E-02 -0.19946194E-03  0.62184026E-04
  0.12449647E-02  0.14385594E-03  0.27821515E-02
  0.12524595E-02  0.49172417E-03  0.52550784E-02
  0.12769350E-02  0.83004203E-03  0.73569320E-02
  0.13283412E-02  0.11408176E-02  0.95090937E-02
  0.14057841E-02  0.14052183E-02  0.12193437E-01
  0.14959800E-02  0.16030272E-02  0.15363965E-01
  0.15793065E-02  0.17094471E-02  0.18359937E-01
  0.16349315E-02  0.16955391E-02  0.20404163E-01
  0.16365694E-02  0.15388760E-02  0.21175427E-01
  0.15424967E-02  0.12435145E-02  0.20914405E-01
  0.12951675E-02  0.85808427E-03  0.20054184E-01
  0.84200213E-03  0.47712210E-03  0.18842077E-01
  0.16971788E-03  0.21868010E-03  0.17331335E-01
 -0.67244881E-03  0.18584300E-03  0.15631884E-01
 -0.15819683E-02  0.43042025E-03  0.14014817E-01
 -0.24427133E-02  0.93627903E-03  0.12689779E-01
 -0.31696278E-02  0.16285780E-02  0.11520284E-01
 -0.37300309E-02  0.24014713E-02  0.10063053E-01
 -0.41331024E-02  0.31493675E-02  0.79572609E-02
 -0.12279301E-02  0.96952621E-03  0.52491413E-02
 -0.12418691E-02  0.12116426E-02  0.23140386E-02
 -0.12229328E-02  0.13446256E-02 -0.39016354E-03
 -0.11894303E-02  0.13696964E-02 -0.28144957E-02
 -0.11617684E-02  0.12949331E-02 -0.50688977E-02
 -0.11565235E-02  0.11303346E-02 -0.70626974E-02
 -0.11787117E-02  0.88510956E-03 -0.84056076E-02
 -0.12216632E-02  0.56654670E-03 -0.87162425E-02
 -0.12752412E-02  0.18009992E-03 -0.79956833E-02
 -0.13345109E-02 -0.26943460E-03 -0.66352805E-02
 -0.14013846E-02 -0.77570017E-03 -0.50402487E-02
 -0.14795151E-02 -0.13276002E-02 -0.32848207E-02
 -0.15688387E-02 -0.19053500E-02 -0.11778359E-02
 -0.16648392E-02 -0.24761509E-02  0.13393321E-02
 -0.17615115E-02 -0.29904736E-02  0.39003097E-02
 -0.14841946E-02  0.12081246E-02 -0.25029716E-02
 -0.15535820E-02  0.10855241E-02 -0.13819017E-02
 -0.16118813E-02  0.97120693E-03 -0.39794569E-03
 -0.16575208E-02  0.87180046E-03  0.63174652E-03
 -0.16880039E-02  0.79570654E-03  0.17087907E-02
 -0.18375416E-02  0.82419658E-03  0.92280735E-03
 -0.18672805E-02  0.76314788E-03  0.17867858E-02
 -0.18773151E-02  0.73649288E-03  0.23150554E-02
  0.25476485E-03 -0.20248898E-02  0.48578261E-02
  0.12016494E-03 -0.20397313E-02  0.60882456E-02
  0.60584528E-03 -0.23018763E-02 -0.65546926E-02
  0.67077839E-03 -0.18946047E-02 -0.63087794E-02
  0.71992767E-03 -0.15355104E-02 -0.58131190E-02
  0.75854865E-03 -0.12033931E-02 -0.52196916E-02
  0.79429145E-03 -0.88029730E-03 -0.43524565E-02
  0.83277815E-03 -0.55437692E-03 -0.29307182E-02
  0.87593281E-03 -0.22112684E-03 -0.91896481E-03
  0.92451147E-03  0.11674018E-03  0.13723291E-02
  0.98183375E-03  0.45086842E-03  0.35568813E-02
  0.10538558E-02  0.76986642E-03  0.55341815E-02
  0.11441584E-02  0.10615360E-02  0.75505853E-02
  0.12479424E-02  0.13130938E-02  0.98803769E-02
  0.13504371E-02  0.15092674E-02  0.12453928E-01
  0.14301701E-02  0.16308065E-02  0.14818959E-01
  0.14619037E-02  0.16574632E-02  0.16469335E-01
  0.14151064E-02  0.15775737E-02  0.17202657E-01
  0.12514660E-02  0.14013014E-02  0.17173978E-01
  0.93020593E-03  0.11699575E-02  0.16662768E-01
  0.42497117E-03  0.95374120E-03  0.15853079E-01
 -0.25594811E-03  0.83561472E-03  0.14841843E-01
 -0.10612298E-02  0.88654257E-03  0.13777136E-01
 -0.19088177E-02  0.11422443E-02  0.12873657E-01
 -0.27127843E-02  0.15912219E-02  0.12230347E-01
 -0.34082317E-02  0.21785908E-02  0.11657155E-01
 -0.39608312E-02  0.28230878E-02  0.10754086E-01
 -0.11276698E-02  0.72413191E-03  0.92913584E-02
 -0.12331898E-02  0.99843112E-03  0.70417241E-02
 -0.12676411E-02  0.11989391E-02  0.45084783E-02
 -0.12505226E-02  0.13114633E-02  0.19714220E-02
 -0.12050508E-02  0.13333123E-02 -0.48311257E-03
 -0.11545921E-02  0.12672624E-02 -0.28512056E-02
 -0.11161383E-02  0.11178674E-02 -0.49811178E-02
 -0.10964224E-02  0.89001774E-03 -0.65332092E-02
 -0.10941440E-02  0.58849976E-03 -0.72090846E-02
 -0.11060209E-02  0.21774635E-03 -0.70021721E-02
 -0.11313910E-02 -0.21794472E-03 -0.61831598E-02
 -0.11724929E-02 -0.71284348E-03 -0.50286704E-02
 -0.12320273E-02 -0.12563480E-02 -0.35908564E-02
 -0.13113010E-02 -0.18281749E-02 -0.17609662E-02
 -0.14101394E-02 -0.23937177E-02  0.44465674E-03
 -0.15226921E-02  0.14070638E-02 -0.41749111E-02
 -0.15965993E-02  0.12773722E-02 -0.30658622E-02
 -0.16683890E-02  0.11477373E-02 -0.20549381E-02
 -0.17346802E-02  0.10241040E-02 -0.11051491E-02
 -0.17921536E-02  0.91364960E-03 -0.10476229E-03
 -0.18375416E-02  0.82419658E-03  0.92280735E-03
 -0.19281949E-02  0.86767680E-03 -0.11550919E-03
 -0.19722306E-02  0.79186068E-03  0.70837975E-03
  0.12814990E-03 -0.18525908E-02  0.26172506E-02
 -0.42558833E-05 -0.18999610E-02  0.37489350E-02
 -0.14734648E-03 -0.19105055E-02  0.49416846E-02
 -0.29729397E-03 -0.18863585E-02  0.62490515E-02
  0.28538776E-03 -0.19392472E-02 -0.64684070E-02
  0.32334264E-03 -0.15772138E-02 -0.60968752E-02
  0.36165098E-03 -0.12460462E-02 -0.55615125E-02
  0.40738600E-03 -0.92601241E-03 -0.47611803E-02
  0.46566041E-03 -0.60377466E-03 -0.35275124E-02
  0.53718063E-03 -0.27578929E-03 -0.18515218E-02
  0.61995885E-03  0.52603368E-04  0.57749667E-04
  0.71272210E-03  0.37206752E-03  0.19506123E-02
  0.81581221E-03  0.67454264E-03  0.37605961E-02
  0.92805070E-03  0.95463031E-03  0.56291312E-02
  0.10423176E-02  0.12061350E-02  0.76975128E-02
  0.11436888E-02  0.14174753E-02  0.98838854E-02
  0.12107818E-02  0.15713821E-02  0.11878881E-01
  0.12175977E-02  0.16511972E-02  0.13360582E-01
  0.11340755E-02  0.16508610E-02  0.14208170E-01
  0.92779380E-03  0.15829606E-02  0.14520576E-01
  0.57103504E-03  0.14808483E-02  0.14470655E-01
  0.53255427E-04  0.13942993E-02  0.14182433E-01
 -0.60762667E-03  0.13799835E-02  0.13744432E-01
 -0.13636524E-02  0.14880024E-02  0.13279844E-01
 -0.21477857E-02  0.17465673E-02  0.12924646E-01
 -0.28915870E-02  0.21496824E-02  0.12696867E-01
 -0.35398041E-02  0.26544836E-02  0.12406654E-01
 -0.79314056E-03  0.57992257E-03  0.11886255E-01
 -0.10078738E-02  0.83170024E-03  0.10531078E-01
 -0.11349034E-02  0.10446226E-02  0.86517065E-02
 -0.11857608E-02  0.11950619E-02  0.64549513E-02
 -0.11788841E-02  0.12746420E-02  0.41314301E-02
 -0.11364005E-02  0.12817415E-02  0.17563294E-02
 -0.10790334E-02  0.12154443E-02 -0.61974580E-03
 -0.10217341E-02  0.10747458E-02 -0.28225479E-02
 -0.97278746E-03  0.86039005E-03 -0.45518043E-02
 -0.93627349E-03  0.57542569E-03 -0.55567731E-02
 -0.91514832E-03  0.22357808E-03 -0.58083755E-02
 -0.91258248E-03 -0.19209796E-03 -0.54793090E-02
 -0.93170833E-03 -0.66754270E-03 -0.47529258E-02
 -0.97546434E-03 -0.11928351E-02 -0.36705300E-02
 -0.14912812E-02  0.16928258E-02 -0.58546912E-02
 -0.15391620E-02  0.15868021E-02 -0.53763600E-02
 -0.15973258E-02  0.14692373E-02 -0.46121970E-02
 -0.16632795E-02  0.13432728E-02 -0.37374257E-02
 -0.17337236E-02  0.12132070E-02 -0.28720697E-02
 -0.18043655E-02  0.10854125E-02 -0.20020620E-02
 -0.18706482E-02  0.96769086E-03 -0.10700915E-02
 -0.19281949E-02  0.86767680E-03 -0.11550919E-03
 -0.19705429E-02  0.92247548E-03 -0.12810195E-02
  0.13489285E-03 -0.16487304E-02  0.19573006E-03
 -0.10873423E-04 -0.17181473E-02  0.13350657E-02
 -0.17024891E-03 -0.17557085E-02  0.24506152E-02
 -0.33667771E-03 -0.17619722E-02  0.36089532E-02
 -0.50438194E-03 -0.17379620E-02  0.48320069E-02
 -0.66851940E-03 -0.16858801E-02  0.60461753E-02
 -0.82456498E-03 -0.16078630E-02  0.71507202E-02
  0.11395190E-04 -0.12933586E-02 -0.58977518E-02
  0.63651000E-04 -0.98169184E-03 -0.51833972E-02
  0.13407229E-03 -0.66994046E-03 -0.41238490E-02
  0.22362814E-03 -0.35430145E-03 -0.27302753E-02
  0.32920265E-03 -0.39728312E-04 -0.11453674E-02
  0.44544036E-03  0.26610959E-03  0.47477764E-03
  0.56688824E-03  0.55889429E-03  0.20972428E-02
  0.68806684E-03  0.83826601E-03  0.38147650E-02
  0.80108478E-03  0.11025365E-02  0.57053813E-02
  0.89260554E-03  0.13431285E-02  0.76956161E-02
  0.94247749E-03  0.15451621E-02  0.95702939E-02
  0.92510649E-03  0.16950022E-02  0.11116935E-01
  0.81315583E-03  0.17892044E-02  0.12258398E-01
  0.58261133E-03  0.18386052E-02  0.13055665E-01
  0.21849752E-03  0.18663958E-02  0.13608378E-01
 -0.27942894E-03  0.19036488E-02  0.13974770E-01
 -0.89238836E-03  0.19849194E-02  0.14179977E-01
 -0.15818548E-02  0.21424118E-02  0.14261587E-01
 -0.22941317E-02  0.23962289E-02  0.14261911E-01
 -0.29697990E-02  0.27428908E-02  0.14159223E-01
 -0.28848186E-03  0.62888298E-03  0.13976211E-01
 -0.59041951E-03  0.80711421E-03  0.13131810E-01
 -0.80750042E-03  0.98269531E-03  0.11825079E-01
 -0.94217736E-03  0.11238316E-02  0.10110563E-01
 -0.10061901E-02  0.12149323E-02  0.81307283E-02
 -0.10153239E-02  0.12518781E-02  0.59990158E-02
 -0.98580886E-03  0.12331917E-02  0.37588983E-02
 -0.93247370E-03  0.11552467E-02  0.14622210E-02
 -0.86802394E-03  0.10136783E-02 -0.73256473E-03
 -0.80289065E-03  0.80679198E-03 -0.25722535E-02
 -0.74540359E-03  0.53613265E-03 -0.38399604E-02
 -0.70220201E-03  0.20395995E-03 -0.44776952E-02
 -0.67884822E-03 -0.18846899E-03 -0.45761728E-02
 -0.68062077E-03 -0.63847646E-03 -0.42494525E-02
 -0.15471006E-02  0.17998986E-02 -0.56387514E-02
 -0.15647498E-02  0.17212993E-02 -0.57126875E-02
 -0.15972059E-02  0.16271214E-02 -0.54932933E-02
 -0.16424284E-02  0.15204070E-02 -0.50135286E-02
 -0.16986742E-02  0.14031055E-02 -0.43879930E-02
 -0.17637096E-02  0.12782961E-02 -0.37013739E-02
 -0.18340452E-02  0.11516847E-02 -0.29570462E-02
 -0.19048822E-02  0.10307340E-02 -0.21351369E-02
 -0.19705429E-02  0.92247548E-03 -0.12810195E-02
  0.21205716E-03 -0.14231747E-02 -0.21188183E-02
  0.60946859E-04 -0.15047375E-02 -0.10737523E-02
 -0.10738437E-03 -0.15603585E-02 -0.12319898E-04
 -0.28616326E-03 -0.15912784E-02  0.10607044E-02
 -0.46854719E-03 -0.15977329E-02  0.21748137E-02
 -0.64745265E-03 -0.15797772E-02  0.33320984E-02
 -0.81676494E-03 -0.15377870E-02  0.44774801E-02
 -0.97218271E-03 -0.14720781E-02  0.55436277E-02
 -0.11103472E-02 -0.13824154E-02  0.65274442E-02
 -0.23854046E-03 -0.10403153E-02 -0.56137283E-02
 -0.16306377E-03 -0.74456397E-03 -0.47220984E-02
 -0.65618361E-04 -0.44754323E-03 -0.35721404E-02
  0.50779957E-04 -0.15019466E-03 -0.22648582E-02
  0.17830957E-03  0.14463497E-03 -0.90114505E-03
  0.30719773E-03  0.43598530E-03  0.50525503E-03
  0.42856127E-03  0.72496921E-03  0.20236269E-02
  0.53391643E-03  0.10112715E-02  0.37091201E-02
  0.61140429E-03  0.12896262E-02  0.55114091E-02
  0.64261667E-03  0.15502701E-02  0.72832683E-02
  0.60407731E-03  0.17837209E-02  0.88792500E-02
  0.47337909E-03  0.19862830E-02  0.10245250E-01
  0.23576874E-03  0.21624117E-02  0.11417746E-01
 -0.11289183E-03  0.23233156E-02  0.12449266E-01
 -0.56657838E-03  0.24840467E-02  0.13344357E-01
 -0.11093064E-02  0.26608388E-02  0.14061657E-01
 -0.17129353E-02  0.28679529E-02  0.14556995E-01
 -0.23352844E-02  0.31125226E-02  0.14804903E-01
  0.33241585E-03  0.93537204E-03  0.14865924E-01
 -0.18509694E-04  0.10059352E-02  0.14403098E-01
 -0.30648904E-03  0.10941301E-02  0.13579874E-01
 -0.51935537E-03  0.11775533E-02  0.12384309E-01
 -0.66044682E-03  0.12377983E-02  0.10875995E-01
 -0.74035622E-03  0.12643261E-02  0.91473456E-02
 -0.76983703E-03  0.12523807E-02  0.72624157E-02
 -0.75807196E-03  0.11985024E-02  0.52455925E-02
 -0.71482111E-03  0.10981344E-02  0.31397272E-02
 -0.65201901E-03  0.94659428E-03  0.10702518E-02
 -0.58242054E-03  0.74107471E-03 -0.76453226E-03
 -0.51688731E-03  0.48094916E-03 -0.21817668E-02
 -0.46340201E-03  0.16635541E-03 -0.31002134E-02
 -0.42876869E-03 -0.20242155E-03 -0.35439226E-02
 -0.16277144E-02  0.18448851E-02 -0.47123750E-02
 -0.16122537E-02  0.18014934E-02 -0.51692760E-02
 -0.16152241E-02  0.17372613E-02 -0.54521012E-02
 -0.16348631E-02  0.16562140E-02 -0.54883841E-02
 -0.16684747E-02  0.15612774E-02 -0.52885103E-02
 -0.17141497E-02  0.14545642E-02 -0.49211154E-02
 -0.17707729E-02  0.13387195E-02 -0.44435758E-02
 -0.18363592E-02  0.12179301E-02 -0.38677602E-02
 -0.19065649E-02  0.10975914E-02 -0.31941018E-02
  0.21205716E-03 -0.14231747E-02 -0.21188183E-02
  0.17699432E-03 -0.12796682E-02 -0.31904290E-02
  0.10014391E-04 -0.13433532E-02 -0.22941197E-02
 -0.17117683E-03 -0.13882971E-02 -0.13378089E-02
 -0.36002079E-03 -0.14151022E-02 -0.33687646E-03
 -0.54969653E-03 -0.14243091E-02  0.71580624E-03
 -0.73295189E-03 -0.14155382E-02  0.18124177E-02
 -0.90348349E-03 -0.13871205E-02  0.29111187E-02
 -0.10571637E-02 -0.13370188E-02  0.39637709E-02
 -0.11914087E-02 -0.12644217E-02  0.49648482E-02
 -0.13033217E-02 -0.11705384E-02  0.59679769E-02
 -0.42974274E-03 -0.82232803E-03 -0.53157278E-02
 -0.33240541E-03 -0.54655084E-03 -0.43869880E-02
 -0.21655624E-03 -0.26653438E-03 -0.33307390E-02
 -0.90195838E-04  0.20556570E-04 -0.22203913E-02
  0.36070152E-04  0.31606545E-03 -0.10688388E-02
  0.15186408E-03  0.62016177E-03  0.17041546E-03
  0.24738283E-03  0.93214944E-03  0.15386612E-02
  0.31085328E-03  0.12502043E-02  0.30084756E-02
  0.32631332E-03  0.15705947E-02  0.44858947E-02
  0.27525221E-03  0.18874728E-02  0.58752277E-02
  0.14193522E-03  0.21943530E-02  0.71410649E-02
 -0.81572602E-04  0.24869050E-02  0.83092285E-02
 -0.39423061E-03  0.27649876E-02  0.94130778E-02
 -0.78790520E-03  0.30318548E-02  0.10443019E-01
 -0.12482406E-02  0.32905728E-02  0.11344784E-01
 -0.17522164E-02  0.35400158E-02  0.12056440E-01
  0.97821584E-03  0.13663153E-02  0.12470173E-01
  0.64489233E-03  0.13777940E-02  0.12620696E-01
  0.33151948E-03  0.13849581E-02  0.12506579E-01
  0.63632373E-04  0.13884442E-02  0.12094149E-01
 -0.14693805E-03  0.13857545E-02  0.11367877E-01
 -0.29990651E-03  0.13709773E-02  0.10349017E-01
 -0.39979883E-03  0.13363566E-02  0.90840284E-02
 -0.45097834E-03  0.12747128E-02  0.76151515E-02
 -0.45784928E-03  0.11809073E-02  0.59717259E-02
 -0.42800618E-03  0.10515194E-02  0.41991825E-02
 -0.37357670E-03  0.88361571E-03  0.23954382E-02
 -0.30871497E-03  0.67410429E-03  0.70828209E-03
 -0.24570558E-03  0.42020710E-03 -0.71473974E-03
 -0.19354844E-03  0.12038972E-03 -0.17813775E-02
 -0.17338552E-02  0.18231609E-02 -0.32456323E-02
 -0.16904923E-02  0.18188135E-02 -0.39392775E-02
 -0.16629170E-02  0.17914235E-02 -0.45628058E-02
 -0.16532331E-02  0.17431382E-02 -0.50406729E-02
 -0.16606047E-02  0.16759616E-02 -0.53147579E-02
 -0.16826450E-02  0.15927034E-02 -0.53803450E-02
 -0.17175015E-02  0.14968060E-02 -0.52733096E-02
 -0.17643039E-02  0.13914461E-02 -0.50278767E-02
 -0.18215864E-02  0.12790739E-02 -0.46544369E-02
  0.32210654E-03 -0.11966869E-02 -0.39796729E-02
  0.17699432E-03 -0.12796682E-02 -0.31904290E-02
  0.14964857E-03 -0.11254384E-02 -0.41219963E-02
 -0.23728372E-04 -0.11738970E-02 -0.33962309E-02
 -0.20894305E-03 -0.12106477E-02 -0.25730541E-02
 -0.39914260E-03 -0.12353499E-02 -0.16729386E-02
 -0.58785466E-03 -0.12482728E-02 -0.70111326E-03
 -0.76919706E-03 -0.12486977E-02  0.32974433E-03
 -0.93812007E-03 -0.12339948E-02  0.13866274E-02
 -0.10904830E-02 -0.12009919E-02  0.24325299E-02
 -0.12228972E-02 -0.11483875E-02  0.34577661E-02
 -0.13326025E-02 -0.10773385E-02  0.44927163E-02
 -0.14178323E-02 -0.98917879E-03  0.55864851E-02
 -0.58288690E-03 -0.64315403E-03 -0.51539864E-02
 -0.47604554E-03 -0.37684263E-03 -0.43333856E-02
 -0.36077081E-03 -0.94790456E-04 -0.34742862E-02
 -0.24544161E-03  0.20564637E-03 -0.25975634E-02
 -0.13972248E-03  0.52430322E-03 -0.16834952E-02
 -0.54519805E-04  0.86075248E-03 -0.71019055E-03
 -0.18604937E-05  0.12155553E-02  0.30626236E-03
  0.57414673E-05  0.15882028E-02  0.13109652E-02
 -0.43460153E-04  0.19737068E-02  0.22490316E-02
 -0.15885216E-03  0.23619439E-02  0.31049916E-02
 -0.34588154E-03  0.27412446E-02  0.39059305E-02
 -0.60455636E-03  0.31029337E-02  0.46899557E-02
 -0.92790473E-03  0.34420160E-02  0.54740581E-02
 -0.13005598E-02  0.37530329E-02  0.62496091E-02
  0.15402252E-02  0.16554688E-02  0.66282894E-02
  0.12803907E-02  0.16991925E-02  0.73250115E-02
  0.10070958E-02  0.17054704E-02  0.79572606E-02
  0.74074218E-03  0.16801911E-02  0.84703640E-02
  0.49791647E-03  0.16335391E-02  0.87827726E-02
  0.29027325E-03  0.15740975E-02  0.88167920E-02
  0.12517376E-03  0.15039313E-02  0.85314836E-02
  0.68534388E-05  0.14186877E-02  0.79305094E-02
 -0.63311616E-04  0.13119839E-02  0.70447901E-02
 -0.87768686E-04  0.11796290E-02  0.59154926E-02
 -0.73872849E-04  0.10202237E-02  0.45973745E-02
 -0.33540299E-04  0.83284838E-03  0.31735705E-02
  0.19033976E-04  0.61521208E-03  0.17560616E-02
  0.70416769E-04  0.36429431E-03  0.46161480E-03
 -0.18438930E-02  0.17442208E-02 -0.14125551E-02
 -0.17872997E-02  0.17759968E-02 -0.22353914E-02
 -0.17402206E-02  0.17842359E-02 -0.30506891E-02
 -0.17054961E-02  0.17718626E-02 -0.38140696E-02
 -0.16851218E-02  0.17390443E-02 -0.44637502E-02
 -0.16799421E-02  0.16859236E-02 -0.49511015E-02
 -0.16897483E-02  0.16148843E-02 -0.52620987E-02
 -0.17135601E-02  0.15300951E-02 -0.54092260E-02
 -0.17497446E-02  0.14350537E-02 -0.54061215E-02
  0.43185607E-03 -0.99547743E-03 -0.51264887E-02
  0.30402426E-03 -0.10661468E-02 -0.47111635E-02
  0.14964857E-03 -0.11254384E-02 -0.41219963E-02
  0.12728943E-03 -0.96908397E-03 -0.48597705E-02
 -0.44638028E-04 -0.10041621E-02 -0.43273488E-02
 -0.22634533E-03 -0.10344477E-02 -0.36644445E-02
 -0.41088106E-03 -0.10584480E-02 -0.28915149E-02
 -0.59247372E-03 -0.10749942E-02 -0.20207476E-02
 -0.76720691E-03 -0.10827762E-02 -0.10685711E-02
 -0.93195530E-03 -0.10797718E-02 -0.62473268E-04
 -0.10829223E-02 -0.10636102E-02  0.96897840E-03
 -0.12156937E-02 -0.10324547E-02  0.20145320E-02
 -0.13269948E-02 -0.98502161E-03  0.30879077E-02
 -0.14163385E-02 -0.91930216E-03  0.42162187E-02
 -0.14858654E-02 -0.83149387E-03  0.54211651E-02
 -0.73458410E-03 -0.47350659E-03 -0.52217772E-02
 -0.63516877E-03 -0.19523458E-03 -0.45939866E-02
 -0.53572661E-03  0.10750012E-03 -0.39675798E-02
 -0.44377053E-03  0.43665747E-03 -0.33444341E-02
 -0.36911862E-03  0.79383840E-03 -0.27239136E-02
 -0.32211230E-03  0.11801262E-02 -0.21217736E-02
 -0.31121693E-03  0.15937867E-02 -0.15681956E-02
 -0.34266035E-03  0.20276475E-02 -0.10868369E-02
 -0.42215818E-03  0.24689719E-02 -0.67481637E-03
 -0.55567857E-03  0.29025135E-02 -0.30011543E-03
 -0.74647970E-03  0.33142096E-02  0.85555886E-04
 -0.98951035E-03  0.36921982E-02  0.53275045E-03
  0.19849414E-02  0.16945520E-02  0.22245210E-03
  0.18076208E-02  0.18098139E-02  0.10080014E-02
  0.16057556E-02  0.18774102E-02  0.19316631E-02
  0.13922351E-02  0.18970461E-02  0.29649956E-02
  0.11759046E-02  0.18736383E-02  0.40189180E-02
  0.96495555E-03  0.18157621E-02  0.49648035E-02
  0.76995642E-03  0.17319403E-02  0.56777122E-02
  0.60329904E-03  0.16273750E-02  0.60750108E-02
  0.47557368E-03  0.15033504E-02  0.61280202E-02
  0.39200676E-03  0.13590743E-02  0.58485773E-02
  0.35130501E-03  0.11938274E-02  0.52713628E-02
  0.34663128E-03  0.10076910E-02  0.44482686E-02
  0.36711996E-03  0.80096251E-03  0.34513953E-02
  0.39928338E-03  0.57350928E-03  0.23703646E-02
 -0.19379315E-02  0.16200975E-02  0.51656688E-03
 -0.18779541E-02  0.16865890E-02 -0.30397823E-03
 -0.18239281E-02  0.17266973E-02 -0.11716158E-02
 -0.17777712E-02  0.17454081E-02 -0.20618902E-02
 -0.17400205E-02  0.17447781E-02 -0.29304237E-02
 -0.17117417E-02  0.17246981E-02 -0.37231308E-02
 -0.16953026E-02  0.16850202E-02 -0.43962845E-02
 -0.16930074E-02  0.16272287E-02 -0.49283233E-02
 -0.17050511E-02  0.15541769E-02 -0.53137584E-02
  0.52227738E-03 -0.83537869E-03 -0.54083288E-02
  0.41655522E-03 -0.88694229E-03 -0.54174859E-02
  0.28289450E-03 -0.93030089E-03 -0.52318203E-02
  0.12728943E-03 -0.96908397E-03 -0.48597705E-02
  0.10830711E-03 -0.81702785E-03 -0.53679625E-02
 -0.55931979E-04 -0.84047747E-03 -0.50480244E-02
 -0.22799389E-03 -0.86516657E-03 -0.45690700E-02
 -0.40186684E-03 -0.88870888E-03 -0.39479527E-02
 -0.57280754E-03 -0.90814521E-03 -0.32004529E-02
 -0.73820830E-03 -0.92147210E-03 -0.23458392E-02
 -0.89639165E-03 -0.92791032E-03 -0.14074633E-02
 -0.10446839E-02 -0.92660557E-03 -0.40611042E-03
 -0.11790759E-02 -0.91496189E-03  0.64819317E-03
 -0.12960253E-02 -0.88818207E-03  0.17577849E-02
 -0.13945206E-02 -0.84045547E-03  0.29314561E-02
 -0.14762687E-02 -0.76681156E-03  0.41784511E-02
 -0.15440622E-02 -0.66440100E-03  0.55092803E-02
 -0.91890298E-03 -0.28041698E-03 -0.55025848E-02
 -0.83633551E-03  0.21714195E-04 -0.50676333E-02
 -0.75960588E-03  0.35735253E-03 -0.46454395E-02
 -0.69452256E-03  0.73078213E-03 -0.42488275E-02
 -0.64690165E-03  0.11421824E-02 -0.38950614E-02
 -0.62147656E-03  0.15860679E-02 -0.35987373E-02
 -0.62238687E-03  0.20518701E-02 -0.33617745E-02
 -0.65493103E-03  0.25256647E-02 -0.31687573E-02
 -0.72566181E-03  0.29915498E-02 -0.29886630E-02
 -0.83853300E-03  0.34322010E-02 -0.27779565E-02
  0.22985480E-02  0.15550548E-02 -0.40250673E-02
  0.22092077E-02  0.17445152E-02 -0.33748708E-02
  0.20857330E-02  0.18848932E-02 -0.25755064E-02
  0.19412885E-02  0.19747955E-02 -0.15959665E-02
  0.17843017E-02  0.20159251E-02 -0.46354577E-03
  0.16187260E-02  0.20104218E-02  0.73756146E-03
  0.14484827E-02  0.19603520E-02  0.18929493E-02
  0.12815039E-02  0.18691859E-02  0.28941350E-02
  0.11295965E-02  0.17430326E-02  0.36626995E-02
  0.10044734E-02  0.15896290E-02  0.41538089E-02
  0.91338748E-03  0.14155546E-02  0.43484757E-02
  0.85719783E-03  0.12242450E-02  0.42491912E-02
  0.83088450E-03  0.10167123E-02  0.38828423E-02
  0.82490932E-03  0.79406514E-03  0.33022338E-02
 -0.20024320E-02  0.14648981E-02  0.22627077E-02
 -0.19486254E-02  0.15627115E-02  0.15604400E-02
 -0.18949367E-02  0.16322478E-02  0.77639856E-03
 -0.18455400E-02  0.16788358E-02 -0.85182461E-04
 -0.18017845E-02  0.17050535E-02 -0.10026156E-02
 -0.17633378E-02  0.17122384E-02 -0.19359823E-02
 -0.17307606E-02  0.17014728E-02 -0.28371413E-02
 -0.17065929E-02  0.16735639E-02 -0.36638014E-02
 -0.16937294E-02  0.16287803E-02 -0.43865590E-02
  0.58320072E-03 -0.71688543E-03 -0.48014425E-02
  0.50255539E-03 -0.74847156E-03 -0.52214922E-02
  0.39228920E-03 -0.77340874E-03 -0.54619625E-02
  0.25922229E-03 -0.79524469E-03 -0.55104512E-02
  0.10830711E-03 -0.81702785E-03 -0.53679625E-02
  0.91895531E-04 -0.67386758E-03 -0.56272071E-02
 -0.59921960E-04 -0.68775994E-03 -0.55306044E-02
 -0.21778782E-03 -0.70703355E-03 -0.52535219E-02
 -0.37767185E-03 -0.72910427E-03 -0.48073319E-02
 -0.53614688E-03 -0.75027014E-03 -0.42075263E-02
 -0.69101447E-03 -0.76816782E-03 -0.34728871E-02
 -0.84113936E-03 -0.78242110E-03 -0.26222606E-02
 -0.98538445E-03 -0.79246869E-03 -0.16704275E-02
 -0.11215662E-02 -0.79472098E-03 -0.62653438E-03
 -0.12465341E-02 -0.78220064E-03  0.50395385E-03
 -0.13575421E-02 -0.74733536E-03  0.17172740E-02
 -0.14538753E-02 -0.68524270E-03  0.30134791E-02
 -0.15373944E-02 -0.59444696E-03  0.44017534E-02
 -0.16115679E-02 -0.47504155E-03  0.59027340E-02
 -0.11545718E-02 -0.52748856E-04 -0.58700836E-02
 -0.10907839E-02  0.28657275E-03 -0.55747697E-02
 -0.10312134E-02  0.67094583E-03 -0.52969323E-02
 -0.97600834E-03  0.10993535E-02 -0.50498140E-02
 -0.92706151E-03  0.15633671E-02 -0.48350585E-02
 -0.88896305E-03  0.20499366E-02 -0.46400089E-02
 -0.86810190E-03  0.25443460E-02 -0.44438079E-02
 -0.87004922E-03  0.30303972E-02 -0.42248291E-02
  0.24293400E-02  0.12948615E-02 -0.62691385E-02
  0.24420011E-02  0.15606943E-02 -0.56090452E-02
  0.24165388E-02  0.17818091E-02 -0.49136205E-02
  0.23601056E-02  0.19500050E-02 -0.41442726E-02
  0.22803003E-02  0.20642617E-02 -0.32819724E-02
  0.21831499E-02  0.21262137E-02 -0.23382015E-02
  0.20725391E-02  0.21358767E-02 -0.13502028E-02
  0.19516166E-02  0.20918047E-02 -0.36559177E-03
  0.18250912E-02  0.19952696E-02  0.56973120E-03
  0.17004775E-02  0.18536905E-02  0.14118738E-02
  0.15870316E-02  0.16791928E-02  0.21130661E-02
  0.14927460E-02  0.14832892E-02  0.26227576E-02
  0.14210990E-02  0.12727337E-02  0.29013540E-02
  0.13693702E-02  0.10502139E-02  0.29375164E-02
 -0.20166282E-02  0.12950159E-02  0.36356181E-02
 -0.19823586E-02  0.14215275E-02  0.31057086E-02
 -0.19409053E-02  0.15152759E-02  0.24965056E-02
 -0.18966190E-02  0.15849094E-02  0.17894328E-02
 -0.18528651E-02  0.16343394E-02  0.98014311E-03
 -0.18115553E-02  0.16645535E-02  0.82820718E-04
 -0.17736533E-02  0.16765973E-02 -0.87056761E-03
 -0.17400636E-02  0.16724732E-02 -0.18381530E-02
 -0.17120049E-02  0.16535203E-02 -0.27780067E-02
  0.60779333E-03 -0.64290497E-03 -0.34143997E-02
  0.55309293E-03 -0.65120214E-03 -0.41750336E-02
  0.46915409E-03 -0.65603013E-03 -0.47975009E-02
  0.36092165E-03 -0.66008729E-03 -0.52570992E-02
  0.23358453E-03 -0.66529892E-03 -0.55363218E-02
  0.91895531E-04 -0.67386758E-03 -0.56272071E-02
  0.77674123E-04 -0.54287044E-03 -0.56311412E-02
 -0.58451572E-04 -0.54934150E-03 -0.57592803E-02
 -0.19937293E-03 -0.56314640E-03 -0.56951266E-02
 -0.34319021E-03 -0.58217687E-03 -0.54435640E-02
 -0.48796066E-03 -0.60354529E-03 -0.50151551E-02
 -0.63182486E-03 -0.62505061E-03 -0.44234420E-02
 -0.77379536E-03 -0.64532113E-03 -0.36820015E-02
 -0.91379492E-03 -0.66222676E-03 -0.28028436E-02
 -0.10512882E-02 -0.67121966E-03 -0.17967922E-02
 -0.11838120E-02 -0.66562521E-03 -0.67438305E-03
 -0.13074306E-02 -0.63892414E-03  0.55522272E-03
 -0.14193526E-02 -0.58685804E-03  0.18880524E-02
 -0.15203565E-02 -0.50735926E-03  0.33292289E-02
 -0.16143368E-02 -0.39887244E-03  0.48928478E-02
 -0.17050625E-02 -0.25974172E-03  0.65962391E-02
 -0.14466409E-02  0.22279186E-03 -0.62337286E-02
 -0.13855994E-02  0.61070165E-03 -0.60645972E-02
 -0.13157523E-02  0.10452086E-02 -0.59128359E-02
 -0.12368698E-02  0.15174088E-02 -0.57682844E-02
 -0.11535115E-02  0.20135251E-02 -0.56091653E-02
 -0.10720934E-02  0.25175577E-02 -0.54143124E-02
  0.23404846E-02  0.91325576E-03 -0.81267281E-02
  0.24551584E-02  0.12415292E-02 -0.74645737E-02
  0.25374084E-02  0.15420408E-02 -0.68113579E-02
  0.25900132E-02  0.17993392E-02 -0.61677750E-02
  0.26146063E-02  0.20026945E-02 -0.55244838E-02
  0.26128408E-02  0.21466008E-02 -0.48691497E-02
  0.25872354E-02  0.22288101E-02 -0.41905783E-02
  0.25406509E-02  0.22482592E-02 -0.34773844E-02
  0.24754936E-02  0.22053873E-02 -0.27172156E-02
  0.23942703E-02  0.21044918E-02 -0.19041656E-02
  0.23013276E-02  0.19551510E-02 -0.10532480E-02
  0.22036350E-02  0.17704192E-02 -0.21026043E-03
  0.21088451E-02  0.15628065E-02  0.55501850E-03
  0.20214952E-02  0.13413697E-02  0.11721589E-02
 -0.19638084E-02  0.11177482E-02  0.44507237E-02
 -0.19590803E-02  0.12751951E-02  0.41165347E-02
 -0.19415710E-02  0.13930448E-02  0.37372089E-02
 -0.19150625E-02  0.14812409E-02  0.32691423E-02
 -0.18822557E-02  0.15472833E-02  0.26849031E-02
 -0.18455890E-02  0.15949330E-02  0.19739605E-02
 -0.18079101E-02  0.16256076E-02  0.11438126E-02
 -0.17719540E-02  0.16404590E-02  0.21831875E-03
 -0.17390835E-02  0.16408399E-02 -0.76729399E-03
  0.61096352E-03 -0.61093240E-03 -0.14755553E-02
  0.57091013E-03 -0.59697125E-03 -0.24522452E-02
  0.50851191E-03 -0.58005823E-03 -0.33570193E-02
  0.42554717E-03 -0.56417074E-03 -0.41547900E-02
  0.32375547E-03 -0.55163411E-03 -0.48150270E-02
  0.20636647E-03 -0.54402020E-03 -0.53130389E-02
  0.77674123E-04 -0.54287044E-03 -0.56311412E-02
  0.65261241E-04 -0.42626950E-03 -0.53835928E-02
 -0.53373973E-04 -0.42690591E-03 -0.57302763E-02
 -0.17636954E-03 -0.43530871E-03 -0.58830570E-02
 -0.30322205E-03 -0.45006510E-03 -0.58392332E-02
 -0.43339986E-03 -0.46976952E-03 -0.56007866E-02
 -0.56606207E-03 -0.49261824E-03 -0.51728566E-02
 -0.70064818E-03 -0.51569062E-03 -0.45637431E-02
 -0.83714966E-03 -0.53470097E-03 -0.37850786E-02
 -0.97518747E-03 -0.54456907E-03 -0.28504517E-02
 -0.11127576E-02 -0.54036801E-03 -0.17724948E-02
 -0.12464292E-02 -0.51785893E-03 -0.56034561E-03
 -0.13734125E-02 -0.47325855E-03  0.78075521E-03
 -0.14935891E-02 -0.40270255E-03  0.22480316E-02
 -0.16091372E-02 -0.30231517E-03  0.38397411E-02
 -0.17217850E-02 -0.16942023E-03  0.55546371E-02
 -0.18305919E-02 -0.42829099E-05  0.73908125E-02
 -0.17731740E-02  0.54364428E-03 -0.66596186E-02
 -0.16830338E-02  0.97037899E-03 -0.66831739E-02
 -0.15697287E-02  0.14351657E-02 -0.67235422E-02
 -0.14352740E-02  0.19247831E-02 -0.67540956E-02
  0.20058856E-02  0.40339607E-03 -0.99707648E-02
  0.22209981E-02  0.76888325E-03 -0.96345161E-02
  0.24083764E-02  0.11239332E-02 -0.92723572E-02
  0.25701241E-02  0.14544001E-02 -0.89035870E-02
  0.27082489E-02  0.17468224E-02 -0.85280161E-02
  0.28225209E-02  0.19879771E-02 -0.81283109E-02
  0.29106039E-02  0.21662192E-02 -0.76796223E-02
  0.29694796E-02  0.22737448E-02 -0.71575516E-02
  0.29967941E-02  0.23084816E-02 -0.65397733E-02
  0.29918298E-02  0.22744631E-02 -0.58059102E-02
  0.29563777E-02  0.21804455E-02 -0.49438331E-02
  0.28951703E-02  0.20376233E-02 -0.39635323E-02
  0.28149480E-02  0.18577359E-02 -0.29087706E-02
  0.27219746E-02  0.16522081E-02 -0.18538463E-02
 -0.18365226E-02  0.94571995E-03  0.44992155E-02
 -0.18686687E-02  0.11291615E-02  0.43776398E-02
 -0.18823716E-02  0.12718668E-02  0.42696581E-02
 -0.18820797E-02  0.13804425E-02  0.41053898E-02
 -0.18707554E-02  0.14615769E-02  0.38327465E-02
 -0.18503344E-02  0.15209888E-02  0.34194559E-02
 -0.18229927E-02  0.15631556E-02  0.28523522E-02
 -0.17917767E-02  0.15911344E-02  0.21349952E-02
 -0.17595897E-02  0.16062803E-02  0.12849327E-02
  0.61579730E-03 -0.60746094E-03  0.68538481E-03
  0.57885628E-03 -0.57647672E-03 -0.33770734E-03
  0.52446277E-03 -0.54178485E-03 -0.13741875E-02
  0.45645911E-03 -0.50756759E-03 -0.23823249E-02
  0.37575582E-03 -0.47673628E-03 -0.33222421E-02
  0.28250662E-03 -0.45170275E-03 -0.41567955E-02
  0.17810102E-03 -0.43449749E-03 -0.48528833E-02
  0.65261241E-04 -0.42626950E-03 -0.53835928E-02
  0.54041966E-04 -0.32520970E-03 -0.48978991E-02
 -0.46836185E-04 -0.32075061E-03 -0.54509848E-02
 -0.15235682E-03 -0.32390621E-03 -0.58174847E-02
 -0.26264223E-03 -0.33373672E-03 -0.59857891E-02
 -0.37825040E-03 -0.34967980E-03 -0.59481135E-02
 -0.49979057E-03 -0.37011629E-03 -0.57011729E-02
 -0.62746088E-03 -0.39131058E-03 -0.52485123E-02
 -0.76072128E-03 -0.40803444E-03 -0.46007712E-02
 -0.89824744E-03 -0.41532268E-03 -0.37717997E-02
 -0.10382281E-02 -0.40954757E-03 -0.27732650E-02
 -0.11788973E-02 -0.38777962E-03 -0.16129159E-02
 -0.13189653E-02 -0.34632705E-03 -0.29846574E-03
 -0.14575558E-02 -0.28026752E-03  0.11569737E-02
 -0.15935924E-02 -0.18475618E-03  0.27339979E-02
 -0.17251411E-02 -0.57128830E-04  0.44115558E-02
 -0.18495496E-02  0.10205245E-03  0.61709454E-02
 -0.19656846E-02  0.29459858E-03  0.79918418E-02
 -0.21053795E-02  0.86710122E-03 -0.71692574E-02
 -0.19553461E-02  0.13058719E-02 -0.74715331E-02
  0.14071814E-02 -0.20661813E-03 -0.10736887E-01
  0.17046303E-02  0.16354378E-03 -0.10953144E-01
  0.19899500E-02  0.54298333E-03 -0.11131561E-01
  0.22569072E-02  0.91459555E-03 -0.11286123E-01
  0.25031505E-02  0.12665709E-02 -0.11407726E-01
  0.27294481E-02  0.15869488E-02 -0.11455567E-01
  0.29357666E-02  0.18615308E-02 -0.11371180E-01
  0.31178105E-02  0.20752880E-02 -0.11105460E-01
  0.32669105E-02  0.22167785E-02 -0.10637546E-01
  0.33736584E-02  0.22823279E-02 -0.99720854E-02
  0.34327911E-02  0.22766506E-02 -0.91219319E-02
  0.34457355E-02  0.22096219E-02 -0.80969516E-02
  0.34189752E-02  0.20922034E-02 -0.69122061E-02
  0.33596832E-02  0.19347746E-02 -0.56073531E-02
  0.32721229E-02  0.17481339E-02 -0.42553830E-02
 -0.17095629E-02  0.99689729E-03  0.37812118E-02
 -0.17584801E-02  0.11579750E-02  0.39536909E-02
 -0.17893106E-02  0.12851481E-02  0.41218527E-02
 -0.18051673E-02  0.13829564E-02  0.42140856E-02
 -0.18082183E-02  0.14553729E-02  0.41753322E-02
 -0.18005632E-02  0.15066100E-02  0.39712286E-02
 -0.17845477E-02  0.15414934E-02  0.35867069E-02
 -0.17623546E-02  0.15640730E-02  0.30220154E-02
  0.63213314E-03 -0.61761753E-03  0.27002055E-02
  0.59358098E-03 -0.57533434E-03  0.18106383E-02
  0.53960935E-03 -0.52788160E-03  0.82137300E-03
  0.47495900E-03 -0.48016614E-03 -0.22777421E-03
  0.40277450E-03 -0.43520869E-03 -0.12947945E-02
  0.32442537E-03 -0.39517496E-03 -0.23366763E-02
  0.24013096E-03 -0.36234565E-03 -0.33104898E-02
  0.14989149E-03 -0.33877814E-03 -0.41757474E-02
  0.54041966E-04 -0.32520970E-03 -0.48978991E-02
  0.43285150E-04 -0.23947234E-03 -0.41973521E-02
 -0.41172049E-04 -0.23016711E-03 -0.49382365E-02
 -0.13072092E-03 -0.22808024E-03 -0.55074032E-02
 -0.22599530E-03 -0.23246094E-03 -0.58835263E-02
 -0.32826157E-03 -0.24255128E-03 -0.60499781E-02
 -0.43914367E-03 -0.25657611E-03 -0.59967701E-02
 -0.55945230E-03 -0.27115577E-03 -0.57225807E-02
 -0.68837264E-03 -0.28186068E-03 -0.52337578E-02
 -0.82401622E-03 -0.28439403E-03 -0.45399307E-02
 -0.96484007E-03 -0.27521380E-03 -0.36498583E-02
 -0.11103680E-02 -0.25106973E-03 -0.25718055E-02
 -0.12603122E-02 -0.20817726E-03 -0.13185182E-02
 -0.14129289E-02 -0.14217858E-03  0.88182559E-04
 -0.15643339E-02 -0.49220246E-04  0.16182021E-02
 -0.17095517E-02  0.72657632E-04  0.32384712E-02
 -0.18444737E-02  0.22328034E-03  0.49159445E-02
 -0.19695263E-02  0.41097690E-03  0.66124733E-02
 -0.26133672E-02  0.73362846E-03 -0.69383006E-02
  0.57242963E-03 -0.79803526E-03 -0.96175187E-02
  0.90922573E-03 -0.50617355E-03 -0.10223136E-01
  0.12508243E-02 -0.14066353E-03 -0.10830327E-01
  0.15983288E-02  0.23843948E-03 -0.11439088E-01
  0.19409678E-02  0.61652532E-03 -0.12046251E-01
  0.22711236E-02  0.98172396E-03 -0.12613795E-01
  0.25857419E-02  0.13218702E-02 -0.13059129E-01
  0.28825872E-02  0.16231305E-02 -0.13282862E-01
  0.31551138E-02  0.18709733E-02 -0.13215908E-01
  0.33911109E-02  0.20535546E-02 -0.12847960E-01
  0.35770039E-02  0.21652544E-02 -0.12214288E-01
  0.37044063E-02  0.22076537E-02 -0.11355552E-01
  0.37733142E-02  0.21874675E-02 -0.10290079E-01
  0.37894317E-02  0.21136199E-02 -0.90243613E-02
  0.37585228E-02  0.19959337E-02 -0.75883646E-02
 -0.14915442E-02  0.88772888E-03  0.24539029E-02
 -0.15741206E-02  0.10612949E-02  0.28576547E-02
 -0.16359374E-02  0.12023390E-02  0.33170742E-02
 -0.16811340E-02  0.13138254E-02  0.37564893E-02
 -0.17115498E-02  0.13991448E-02  0.41066806E-02
 -0.17284892E-02  0.14612982E-02  0.43126505E-02
 -0.17338573E-02  0.15037327E-02  0.43373405E-02
 -0.17296469E-02  0.15305871E-02  0.41610048E-02
  0.67463445E-03 -0.62469544E-03  0.42424732E-02
  0.62530839E-03 -0.57772442E-03  0.36405516E-02
  0.56554435E-03 -0.52412095E-03  0.28673607E-02
  0.49844124E-03 -0.46815343E-03  0.19540764E-02
  0.42642942E-03 -0.41365151E-03  0.93726382E-03
  0.35177670E-03 -0.36346104E-03 -0.14250239E-03
  0.27626814E-03 -0.31964323E-03 -0.12410914E-02
  0.20044584E-03 -0.28382829E-03 -0.23122869E-02
  0.12335785E-03 -0.25707767E-03 -0.33110568E-02
  0.43285150E-04 -0.23947234E-03 -0.41973521E-02
  0.32474072E-04 -0.16732692E-03 -0.33147768E-02
 -0.38399818E-04 -0.15359877E-03 -0.42168577E-02
 -0.11434101E-03 -0.14610779E-03 -0.49691815E-02
 -0.19684364E-03 -0.14423377E-03 -0.55412192E-02
 -0.28768092E-03 -0.14669820E-03 -0.59089718E-02
 -0.38868626E-03 -0.15152747E-03 -0.60567231E-02
 -0.50084744E-03 -0.15622720E-03 -0.59769483E-02
 -0.62374242E-03 -0.15788738E-03 -0.56681891E-02
 -0.75606959E-03 -0.15313755E-03 -0.51327216E-02
 -0.89674849E-03 -0.13815391E-03 -0.43761694E-02
 -0.10452789E-02 -0.10893049E-03 -0.34093460E-02
 -0.12007594E-02 -0.61758189E-04 -0.22503467E-02
 -0.13604552E-02  0.63488068E-05 -0.92466966E-03
 -0.15193897E-02  0.97424739E-04  0.53655494E-03
 -0.16714600E-02  0.21244744E-03  0.20975361E-02
 -0.18114248E-02  0.35210190E-03  0.37152880E-02
 -0.19443731E-02  0.54381735E-03  0.53339694E-02
  0.82227149E-03 -0.13475517E-02  0.55798098E-02
 -0.90130908E-04 -0.11288474E-02 -0.75935035E-02
  0.24498832E-03 -0.83217410E-03 -0.82602026E-02
  0.60845313E-03 -0.48805053E-03 -0.89715980E-02
  0.99666165E-03 -0.12260282E-03 -0.97220174E-02
  0.13984610E-02  0.25173184E-03 -0.10508482E-01
  0.18027350E-02  0.62223086E-03 -0.11290368E-01
  0.22001989E-02  0.97571892E-03 -0.11974163E-01
  0.25820335E-02  0.12989835E-02 -0.12445736E-01
  0.29372781E-02  0.15793771E-02 -0.12627211E-01
  0.32523368E-02  0.18060362E-02 -0.12509027E-01
  0.35139380E-02  0.19715397E-02 -0.12128738E-01
  0.37132497E-02  0.20731291E-02 -0.11518676E-01
  0.38475140E-02  0.21128319E-02 -0.10675009E-01
  0.39180007E-02  0.20966981E-02 -0.95787733E-02
 -0.12342248E-02  0.80020756E-03  0.74072781E-03
 -0.13454624E-02  0.98134844E-03  0.12391000E-02
 -0.14334072E-02  0.11345812E-02  0.18740019E-02
 -0.15035319E-02  0.12586120E-02  0.25653618E-02
 -0.15594838E-02  0.13552261E-02  0.32372283E-02
 -0.16024796E-02  0.14273793E-02  0.38219995E-02
 -0.16326949E-02  0.14782554E-02  0.42636419E-02
 -0.16505748E-02  0.15110456E-02  0.45197670E-02
  0.76057854E-03 -0.61905658E-03  0.50644881E-02
  0.69158093E-03 -0.56858197E-03  0.48617078E-02
  0.61639198E-03 -0.51387010E-03  0.44396372E-02
  0.53853124E-03 -0.45662845E-03  0.38155877E-02
  0.45998460E-03 -0.39887159E-03  0.30160570E-02
  0.38226755E-03 -0.34336533E-03  0.20735765E-02
  0.30692903E-03 -0.29303738E-03  0.10262007E-02
  0.23511756E-03 -0.24998600E-03 -0.82671776E-04
  0.16671919E-03 -0.21495527E-03 -0.12063090E-02
  0.10003875E-03 -0.18762183E-03 -0.22981590E-02
  0.32474072E-04 -0.16732692E-03 -0.33147768E-02
  0.21519383E-04 -0.10579517E-03 -0.22905102E-02
 -0.39633946E-04 -0.88567894E-04 -0.33191088E-02
 -0.10510770E-03 -0.75689194E-04 -0.42268081E-02
 -0.17733937E-03 -0.66732829E-04 -0.49757785E-02
 -0.25863072E-03 -0.60389166E-04 -0.55356331E-02
 -0.35077091E-03 -0.54808531E-04 -0.58843012E-02
 -0.45475906E-03 -0.48135048E-04 -0.60063031E-02
 -0.57082477E-03 -0.38492562E-04 -0.58908983E-02
 -0.69863828E-03 -0.23440342E-04 -0.55327846E-02
 -0.83741941E-03  0.35401013E-06 -0.49349234E-02
 -0.98577682E-03  0.36648088E-04 -0.41101380E-02
 -0.11413778E-02  0.88645651E-04 -0.30790659E-02
 -0.13006684E-02  0.15831309E-03 -0.18662821E-02
 -0.14587686E-02  0.24641696E-03 -0.49933008E-03
 -0.16096369E-02  0.35306071E-03  0.98667445E-03
 -0.17475526E-02  0.48045387E-03  0.25416136E-02
  0.86494644E-03 -0.14438739E-02  0.35682633E-02
  0.84067158E-03 -0.13343767E-02  0.49252568E-02
  0.81204193E-03 -0.12089014E-02  0.61152763E-02
 -0.58265124E-03 -0.11595006E-02 -0.50343829E-02
 -0.22578488E-03 -0.85145803E-03 -0.55870082E-02
  0.17370088E-03 -0.51364754E-03 -0.62182894E-02
  0.60714042E-03 -0.15602085E-03 -0.69360652E-02
  0.10624450E-02  0.20935246E-03 -0.77165681E-02
  0.15247005E-02  0.56933910E-03 -0.84834338E-02
  0.19774125E-02  0.91101268E-03 -0.91328924E-02
  0.24041262E-02  0.12222597E-02 -0.95851202E-02
  0.27900988E-02  0.14921364E-02 -0.98142167E-02
  0.31235542E-02  0.17116610E-02 -0.98294360E-02
  0.33959846E-02  0.18750660E-02 -0.96295745E-02
  0.36014959E-02  0.19808714E-02 -0.91804925E-02
 -0.97115774E-03  0.72909567E-03 -0.10102874E-02
 -0.10979393E-02  0.91179449E-03 -0.62363880E-03
 -0.12041087E-02  0.10744479E-02  0.19318924E-04
 -0.12920117E-02  0.12117014E-02  0.82485197E-03
 -0.13656740E-02  0.13216952E-02  0.17037781E-02
 -0.14282412E-02  0.14053605E-02  0.25765930E-02
 -0.14805366E-02  0.14653047E-02  0.33741860E-02
 -0.15214611E-02  0.15047429E-02  0.40373165E-02
  0.89450849E-03 -0.59866275E-03  0.50269064E-02
  0.80300619E-03 -0.54333689E-03  0.52732527E-02
  0.70719837E-03 -0.48672554E-03  0.52874905E-02
  0.61130288E-03 -0.43055063E-03  0.50659495E-02
  0.51793878E-03 -0.37522998E-03  0.46190358E-02
  0.42913622E-03 -0.32128949E-03  0.39668612E-02
  0.34663675E-03 -0.27032442E-03  0.31369812E-02
  0.27143808E-03 -0.22458035E-03  0.21641491E-02
  0.20325018E-03 -0.18564844E-03  0.10895961E-02
  0.14047714E-03 -0.15359758E-03 -0.41534162E-04
  0.80746126E-04 -0.12734520E-03 -0.11832832E-02
  0.21519383E-04 -0.10579517E-03 -0.22905102E-02
  0.10641373E-04 -0.51269176E-04 -0.11696856E-02
 -0.44896450E-04 -0.31719132E-04 -0.22842174E-02
 -0.10358171E-03 -0.14003757E-04 -0.33125568E-02
 -0.16829539E-03  0.22158883E-05 -0.42121336E-02
 -0.24189473E-03  0.17824487E-04 -0.49468656E-02
 -0.32655298E-03  0.34180528E-04 -0.54873861E-02
 -0.42350320E-03  0.52753852E-04 -0.58095492E-02
 -0.53319263E-03  0.74955866E-04 -0.58941853E-02
 -0.65541337E-03  0.10235912E-03 -0.57298161E-02
 -0.78914684E-03  0.13699222E-03 -0.53162453E-02
 -0.93233006E-03  0.18124934E-03 -0.46649972E-02
 -0.10818534E-02  0.23732618E-03 -0.37953718E-02
 -0.12336968E-02  0.30656396E-03 -0.27299876E-02
 -0.13828238E-02  0.38918727E-03 -0.14953718E-02
 -0.15230007E-02  0.48496972E-03 -0.12879159E-03
  0.98625373E-03 -0.14966058E-02  0.13347414E-02
  0.93886110E-03 -0.14089322E-02  0.27043404E-02
  0.88890087E-03 -0.12966138E-02  0.39889541E-02
  0.83405208E-03 -0.11644541E-02  0.50927874E-02
  0.76962826E-03 -0.10195119E-02  0.59177724E-02
 -0.11946657E-02 -0.12042952E-02 -0.14663479E-02
 -0.81392103E-03 -0.90937599E-03 -0.18819293E-02
 -0.38220049E-03 -0.58399350E-03 -0.24430441E-02
  0.89038762E-04 -0.23751199E-03 -0.31346381E-02
  0.58322367E-03  0.11862449E-03 -0.39011063E-02
  0.10804726E-02  0.47172706E-03 -0.46588920E-02
  0.15608472E-02  0.80875884E-03 -0.53292344E-02
  0.20072148E-02  0.11173810E-02 -0.58611935E-02
  0.24062937E-02  0.13871730E-02 -0.62257882E-02
  0.27478787E-02  0.16107412E-02 -0.63927066E-02
  0.30235854E-02  0.17843431E-02 -0.63195826E-02
 -0.87049580E-03  0.84480705E-03 -0.26025569E-02
 -0.98018159E-03  0.10125822E-02 -0.20999873E-02
 -0.10750001E-02  0.11616956E-02 -0.13135987E-02
 -0.11569506E-02  0.12868830E-02 -0.34377934E-03
 -0.12289509E-02  0.13859685E-02  0.71477819E-03
 -0.12930507E-02  0.14593954E-02  0.17786429E-02
 -0.13491792E-02  0.15091919E-02  0.27758328E-02
  0.10742417E-02 -0.56164350E-03  0.41214203E-02
  0.96054577E-03 -0.50059015E-03  0.48002716E-02
  0.84285792E-03 -0.44100907E-03  0.52687707E-02
  0.72628130E-03 -0.38453310E-03  0.55039955E-02
  0.61390751E-03 -0.33182053E-03  0.54961402E-02
  0.50798631E-03 -0.28271488E-03  0.52472179E-02
  0.41071999E-03 -0.23700866E-03  0.47696463E-02
  0.32391484E-03 -0.19502906E-03  0.40854424E-02
  0.24798553E-03 -0.15751768E-03  0.32253592E-02
  0.18146172E-03 -0.12496589E-03  0.22269886E-02
  0.12158172E-03 -0.97074194E-04  0.11321111E-02
  0.65436639E-04 -0.72857466E-04 -0.15299956E-04
  0.10641373E-04 -0.51269176E-04 -0.11696856E-02
  0.34335372E-07 -0.10592341E-06  0.86365246E-08
 -0.53583431E-04  0.20775707E-04 -0.11568575E-02
 -0.10926029E-03  0.42296035E-04 -0.22661646E-02
 -0.16970149E-03  0.65030007E-04 -0.32829185E-02
 -0.23809432E-03  0.89646419E-04 -0.41663523E-02
 -0.31725626E-03  0.11690267E-03 -0.48801043E-02
 -0.40874166E-03  0.14754749E-03 -0.53923546E-02
 -0.51257964E-03  0.18225756E-03 -0.56773803E-02
 -0.62769487E-03  0.22171570E-03 -0.57184679E-02
 -0.75246109E-03  0.26675742E-03 -0.55103289E-02
 -0.88480777E-03  0.31836000E-03 -0.50590769E-02
 -0.10217802E-02  0.37733760E-03 -0.43799336E-02
 -0.11589389E-02  0.44391243E-03 -0.34952550E-02
 -0.12901375E-02  0.51763697E-03 -0.24355950E-02
  0.11597009E-02 -0.15123160E-02 -0.89726767E-03
  0.11013812E-02 -0.14463779E-02  0.34401319E-03
  0.10377692E-02 -0.13547584E-02  0.15792743E-02
  0.96821291E-03 -0.12375799E-02  0.27227229E-02
  0.89045762E-03 -0.10979068E-02  0.36785675E-02
  0.80154326E-03 -0.94178507E-03  0.43474539E-02
 -0.21779061E-02 -0.15218726E-02  0.26472823E-02
 -0.18409325E-02 -0.12835293E-02  0.24508036E-02
 -0.14426359E-02 -0.10045329E-02  0.20522032E-02
 -0.99320529E-03 -0.69098000E-03  0.14787294E-02
 -0.50651557E-03 -0.35211139E-03  0.77445880E-03
  0.63415537E-08  0.94818935E-07 -0.26408467E-06
  0.50662070E-03  0.35214341E-03 -0.77476213E-03
  0.99347308E-03  0.69070479E-03 -0.14785575E-02
  0.14429258E-02  0.10041185E-02 -0.20517076E-02
  0.18410509E-02  0.12832723E-02 -0.24503528E-02
  0.21778577E-02  0.15218774E-02 -0.26470910E-02
 -0.80142303E-03  0.94192913E-03 -0.43474281E-02
 -0.88988993E-03  0.10978433E-02 -0.36783808E-02
 -0.96712809E-03  0.12372074E-02 -0.27222595E-02
 -0.10364679E-02  0.13542489E-02 -0.15787353E-02
 -0.11003234E-02  0.14459799E-02 -0.34373112E-03
 -0.11591634E-02  0.15121247E-02  0.89713350E-03
  0.12902312E-02 -0.51784400E-03  0.24351752E-02
  0.11588950E-02 -0.44410281E-03  0.34948237E-02
  0.10218681E-02 -0.37740238E-03  0.43796268E-02
  0.88502136E-03 -0.31816574E-03  0.50588672E-02
  0.75258884E-03 -0.26631406E-03  0.55101418E-02
  0.62755264E-03 -0.22121248E-03  0.57182923E-02
  0.51218179E-03 -0.18191221E-03  0.56772407E-02
  0.40828043E-03 -0.14742525E-03  0.53922119E-02
  0.31694236E-03 -0.11689441E-03  0.48798502E-02
  0.23801216E-03 -0.89617731E-04  0.41659333E-02
  0.16978683E-03 -0.64969427E-04  0.32824415E-02
  0.10938876E-03 -0.42303234E-04  0.22658287E-02
  0.53677401E-04 -0.20918024E-04  0.11567588E-02
  0.34335372E-07 -0.10592341E-06  0.86365238E-08
  
