  0.11543623E-06  0.14943000E-07  0.23400699E-06
 -0.37515271E-03  0.37512486E-03 -0.43551639E-03
 -0.75720177E-03  0.75699459E-03 -0.87468629E-03
 -0.11524647E-02  0.11520599E-02 -0.13205976E-02
 -0.15667648E-02  0.15661486E-02 -0.17764120E-02
 -0.20050663E-02  0.20042305E-02 -0.22450437E-02
 -0.24712798E-02  0.24702218E-02 -0.27290681E-02
 -0.29681327E-02  0.29668545E-02 -0.32306273E-02
 -0.34971074E-02  0.34956146E-02 -0.37513396E-02
 -0.40584477E-02  0.40567468E-02 -0.42922198E-02
 -0.46512237E-02  0.46493207E-02 -0.48536186E-02
 -0.52734445E-02  0.52713428E-02 -0.54351881E-02
 -0.59221997E-02  0.59198996E-02 -0.60358799E-02
 -0.65938133E-02  0.65913126E-02 -0.66539779E-02
 -0.72839900E-02  0.72812864E-02 -0.72871650E-02
 -0.79879410E-02  0.79850359E-02 -0.79326200E-02
 -0.87004794E-02  0.86973828E-02 -0.85871374E-02
 -0.94160852E-02  0.94128211E-02 -0.92472618E-02
 -0.10128947E-01  0.10125558E-01 -0.99094265E-02
 -0.10832994E-01  0.10829547E-01 -0.10570088E-01
 -0.11521941E-01  0.11518526E-01 -0.11225848E-01
 -0.12189359E-01  0.12186089E-01 -0.11873559E-01
 -0.12828784E-01  0.12825792E-01 -0.12510406E-01
 -0.13433881E-01  0.13431310E-01 -0.13133969E-01
 -0.13998631E-01  0.13996630E-01 -0.13742266E-01
 -0.14517555E-01  0.14516262E-01 -0.14333777E-01
 -0.14985907E-01  0.14985444E-01 -0.14907455E-01
 -0.15399843E-01  0.15400304E-01 -0.15462729E-01
 -0.15756511E-01  0.15757956E-01 -0.15999493E-01
 -0.16054055E-01  0.16056507E-01 -0.16518105E-01
 -0.16291518E-01  0.16294963E-01 -0.17019368E-01
 -0.16468677E-01  0.16473066E-01 -0.17504515E-01
 -0.16585807E-01  0.16591066E-01 -0.17975192E-01
 -0.16643444E-01  0.16649479E-01 -0.18433434E-01
 -0.16642167E-01  0.16648876E-01 -0.18881642E-01
 -0.16582455E-01  0.16589736E-01 -0.19322545E-01
 -0.16464637E-01  0.16472393E-01 -0.19759172E-01
 -0.16288950E-01  0.16297097E-01 -0.20194806E-01
 -0.16055697E-01  0.16064161E-01 -0.20632947E-01
 -0.15765471E-01  0.15774192E-01 -0.21077257E-01
 -0.15419415E-01  0.15428339E-01 -0.21531519E-01
 -0.15019452E-01  0.15028532E-01 -0.21999576E-01
 -0.14568455E-01  0.14577641E-01 -0.22485277E-01
 -0.14070302E-01  0.14079542E-01 -0.22992412E-01
 -0.13529809E-01  0.13539044E-01 -0.23524640E-01
 -0.12952535E-01  0.12961702E-01 -0.24085413E-01
 -0.12344482E-01  0.12353511E-01 -0.24677888E-01
 -0.11711734E-01  0.11720556E-01 -0.25304837E-01
 -0.11060088E-01  0.11068635E-01 -0.25968542E-01
 -0.10394732E-01  0.10402947E-01 -0.26670693E-01
 -0.97200259E-02  0.97278631E-02 -0.27412281E-01
 -0.90394147E-02  0.90468438E-02 -0.28193485E-01
 -0.83554828E-02  0.83624911E-02 -0.29013568E-01
 -0.76701433E-02  0.76767341E-02 -0.29870776E-01
 -0.69849157E-02  0.69911064E-02 -0.30762236E-01
 -0.63012426E-02  0.63070589E-02 -0.31683877E-01
 -0.56207803E-02  0.56262499E-02 -0.32630353E-01
 -0.49456107E-02  0.49507551E-02 -0.33594996E-01
 -0.42783340E-02  0.42831607E-02 -0.34569790E-01
 -0.36220310E-02  0.36265266E-02 -0.35545372E-01
 -0.29801091E-02  0.29842348E-02 -0.36511083E-01
 -0.26107221E-02  0.26384144E-02  0.21587565E-02
 -0.23199965E-02  0.23456308E-02  0.20586435E-02
 -0.20565926E-02  0.20802530E-02  0.19539362E-02
 -0.18201541E-02  0.18418946E-02  0.18457415E-02
 -0.16097741E-02  0.16296325E-02  0.17349477E-02
 -0.14240836E-02  0.14420955E-02  0.16223299E-02
 -0.12613781E-02  0.12775904E-02  0.15086187E-02
 -0.11197634E-02  0.11342452E-02  0.13945388E-02
 -0.99729491E-03  0.10101449E-02  0.12808283E-02
 -0.89209041E-03  0.90343919E-03  0.11682419E-02
 -0.80240159E-03  0.81240895E-03  0.10575441E-02
 -0.72663841E-03  0.73548585E-03  0.94949521E-03
 -0.66335117E-03  0.67123067E-03  0.84483439E-03
 -0.61118251E-03  0.61828332E-03  0.74426138E-03
 -0.56880665E-03  0.57530191E-03  0.64841960E-03
 -0.53487388E-03  0.54090910E-03  0.55788204E-03
 -0.50797559E-03  0.51366051E-03  0.47314060E-03
 -0.48663874E-03  0.49204356E-03  0.39459943E-03
 -0.46935178E-03  0.47450807E-03  0.32257177E-03
 -0.45461654E-03  0.45952223E-03  0.25727973E-03
 -0.44101555E-03  0.44564300E-03  0.19885593E-03
 -0.42728134E-03  0.43158710E-03  0.14734630E-03
 -0.41235505E-03  0.41628967E-03  0.10271298E-03
 -0.39542422E-03  0.39894108E-03  0.64837097E-04
 -0.37593491E-03  0.37899704E-03  0.33521156E-04
 -0.35357821E-03  0.35616289E-03  0.84914998E-05
 -0.32825618E-03  0.33035731E-03 -0.10598764E-04
 -0.30003529E-03  0.30166396E-03 -0.24165679E-04
 -0.26909651E-03  0.27028043E-03 -0.32688711E-04
 -0.23569062E-03  0.23647263E-03 -0.36703148E-04
 -0.20010447E-03  0.20054050E-03 -0.36790768E-04
 -0.16264089E-03  0.16279729E-03 -0.33569341E-04
 -0.12361154E-03  0.12356153E-03 -0.27681805E-04
 -0.83339390E-04  0.83158456E-04 -0.19786145E-04
 -0.42166055E-04  0.41926086E-04 -0.10546913E-04
 -0.45922599E-06  0.22168624E-06 -0.62907850E-06
  0.42418087E-02 -0.89868868E-03 -0.32104984E-06
  0.38544266E-02 -0.51181360E-03 -0.43615716E-03
  0.34413685E-02 -0.99898348E-04 -0.87538561E-03
  0.29978142E-02  0.34186420E-03 -0.13213329E-02
  0.25202900E-02  0.81692308E-03 -0.17771639E-02
  0.20066535E-02  0.13273832E-02 -0.22457932E-02
  0.14559974E-02  0.18740999E-02 -0.27297934E-02
  0.86851185E-03  0.24568162E-02 -0.32313011E-02
  0.24533835E-03  0.30743100E-02 -0.37519275E-02
 -0.41156504E-03  0.37245320E-02 -0.42926802E-02
 -0.10995405E-02  0.44047265E-02 -0.48539043E-02
 -0.18153332E-02  0.51115401E-02 -0.54352493E-02
 -0.25551883E-02  0.58411246E-02 -0.60356681E-02
 -0.33149445E-02  0.65892367E-02 -0.66534493E-02
 -0.40901229E-02  0.73513301E-02 -0.72862832E-02
 -0.48759983E-02  0.81226314E-02 -0.79313576E-02
 -0.56676430E-02  0.88981833E-02 -0.85854759E-02
 -0.64599329E-02  0.96728506E-02 -0.92451904E-02
 -0.72475211E-02  0.10441291E-01 -0.99069394E-02
 -0.80247952E-02  0.11197911E-01 -0.10567182E-01
 -0.87858484E-02  0.11936832E-01 -0.11222520E-01
 -0.95244985E-02  0.12651904E-01 -0.11869805E-01
 -0.10234383E-01  0.13336805E-01 -0.12506218E-01
 -0.10909142E-01  0.13985214E-01 -0.13129340E-01
 -0.11542679E-01  0.14591077E-01 -0.13737186E-01
 -0.12129468E-01  0.15148908E-01 -0.14328238E-01
 -0.12664846E-01  0.15654085E-01 -0.14901450E-01
 -0.13145240E-01  0.16103077E-01 -0.15456252E-01
 -0.13568276E-01  0.16493549E-01 -0.15992543E-01
 -0.13932736E-01  0.16824326E-01 -0.16510682E-01
 -0.14238363E-01  0.17095195E-01 -0.17011474E-01
 -0.14485562E-01  0.17306603E-01 -0.17496151E-01
 -0.14675027E-01  0.17459296E-01 -0.17966361E-01
 -0.14807407E-01  0.17553974E-01 -0.18424137E-01
 -0.14883043E-01  0.17591040E-01 -0.18871881E-01
 -0.14901870E-01  0.17570495E-01 -0.19312322E-01
 -0.14863474E-01  0.17491996E-01 -0.19748492E-01
 -0.14767319E-01  0.17355086E-01 -0.20183677E-01
 -0.14613081E-01  0.17159524E-01 -0.20621379E-01
 -0.14401023E-01  0.16905658E-01 -0.21065267E-01
 -0.14132338E-01  0.16594769E-01 -0.21519127E-01
 -0.13809373E-01  0.16229285E-01 -0.21986806E-01
 -0.13435686E-01  0.15812850E-01 -0.22472155E-01
 -0.13015932E-01  0.15350193E-01 -0.22978965E-01
 -0.12555567E-01  0.14846842E-01 -0.23510895E-01
 -0.12060452E-01  0.14308727E-01 -0.24071398E-01
 -0.11536408E-01  0.13741733E-01 -0.24663628E-01
 -0.10988817E-01  0.13151306E-01 -0.25290355E-01
 -0.10422324E-01  0.12542154E-01 -0.25953861E-01
 -0.98407000E-02  0.11918117E-01 -0.26655835E-01
 -0.92468736E-02  0.11282191E-01 -0.27397266E-01
 -0.86431029E-02  0.10636706E-01 -0.28178332E-01
 -0.80312490E-02  0.99835947E-02 -0.28998295E-01
 -0.74130755E-02  0.93246882E-02 -0.29855392E-01
 -0.67905098E-02  0.86619725E-02 -0.30746749E-01
 -0.61658109E-02  0.79977499E-02 -0.31668282E-01
 -0.55416154E-02  0.73346800E-02 -0.32614639E-01
 -0.49208647E-02  0.66757015E-02 -0.33579142E-01
 -0.43066434E-02  0.60238684E-02 -0.34553762E-01
 -0.37019799E-02  0.53821498E-02 -0.35529130E-01
 -0.31096637E-02  0.47532508E-02 -0.36494584E-01
 -0.44088050E-02  0.86301175E-02  0.23013759E-02
 -0.40251137E-02  0.80133915E-02  0.21891613E-02
 -0.36760323E-02  0.74532126E-02  0.20737639E-02
 -0.33609638E-02  0.69456143E-02  0.19560703E-02
 -0.30786785E-02  0.64866072E-02  0.18367855E-02
 -0.28272071E-02  0.60719625E-02  0.17165322E-02
 -0.26039190E-02  0.56972021E-02  0.15959135E-02
 -0.24057501E-02  0.53577545E-02  0.14755478E-02
 -0.22295118E-02  0.50492036E-02  0.13560849E-02
 -0.20722003E-02  0.47675486E-02  0.12382063E-02
 -0.19312366E-02  0.45094013E-02  0.11226163E-02
 -0.18045914E-02  0.42720755E-02  0.10100262E-02
 -0.16907791E-02  0.40535517E-02  0.90113511E-03
 -0.15887399E-02  0.38523354E-02  0.79661023E-03
 -0.14976525E-02  0.36672505E-02  0.69706839E-03
 -0.14167303E-02  0.34972210E-02  0.60306040E-03
 -0.13450509E-02  0.33410907E-02  0.51505907E-03
 -0.12814584E-02  0.31975169E-02  0.43345134E-03
 -0.12245505E-02  0.30649529E-02  0.35853412E-03
 -0.11727475E-02  0.29417125E-02  0.29051331E-03
 -0.11244164E-02  0.28260909E-02  0.22950508E-03
 -0.10780189E-02  0.27165087E-02  0.17553841E-03
 -0.10322468E-02  0.26116440E-02  0.12855828E-03
 -0.98611914E-03  0.25105253E-02  0.88428784E-04
 -0.93902548E-03  0.24125697E-02  0.54936128E-04
 -0.89071348E-03  0.23175664E-02  0.27791725E-04
 -0.84123241E-03  0.22256159E-02  0.66357161E-05
 -0.79084969E-03  0.21370419E-02 -0.89585074E-05
 -0.73996109E-03  0.20522986E-02 -0.19478359E-04
 -0.68901209E-03  0.19718885E-02 -0.25464508E-04
 -0.63844225E-03  0.18963044E-02 -0.27501875E-04
 -0.58865701E-03  0.18259987E-02 -0.26209677E-04
 -0.54002470E-03  0.17613777E-02 -0.22231303E-04
 -0.49289136E-03  0.17028149E-02 -0.16224953E-04
 -0.44760402E-03  0.16506721E-02 -0.88558863E-05
 -0.40453272E-03  0.16053206E-02 -0.79086746E-06
  0.84613769E-02 -0.17968360E-02 -0.78759676E-06
  0.80579058E-02 -0.13942554E-02 -0.43691781E-03
  0.76109590E-02 -0.94941347E-03 -0.87642239E-03
  0.71175241E-02 -0.45932838E-03 -0.13226336E-02
  0.65765570E-02  0.76987526E-04 -0.17787149E-02
  0.59887036E-02  0.65880347E-03 -0.22475702E-02
  0.53559288E-02  0.12840410E-02 -0.27317519E-02
  0.46811334E-02  0.19496571E-02 -0.32333685E-02
  0.39678282E-02  0.26519743E-02 -0.37539992E-02
  0.32198977E-02  0.33869228E-02 -0.42946208E-02
  0.24414591E-02  0.41501910E-02 -0.48555524E-02
  0.16367908E-02  0.49373065E-02 -0.54364271E-02
  0.81030088E-03  0.57436789E-02 -0.60361920E-02
 -0.33495018E-04  0.65646305E-02 -0.66531412E-02
 -0.88999677E-03  0.73954267E-02 -0.72849801E-02
 -0.17545408E-02  0.82313009E-02 -0.79289182E-02
 -0.26224021E-02  0.90674574E-02 -0.85817836E-02
 -0.34887633E-02  0.98990382E-02 -0.92401531E-02
 -0.43486457E-02  0.10721051E-01 -0.99004873E-02
 -0.51968204E-02  0.11528277E-01 -0.10559263E-01
 -0.60277332E-02  0.12315189E-01 -0.11213097E-01
 -0.68354868E-02  0.13075933E-01 -0.11858849E-01
 -0.76139207E-02  0.13804406E-01 -0.12493710E-01
 -0.83568056E-02  0.14494447E-01 -0.13115268E-01
 -0.90581423E-02  0.15140137E-01 -0.13721545E-01
 -0.97125188E-02  0.15736155E-01 -0.14311031E-01
 -0.10315457E-01  0.16278124E-01 -0.14882687E-01
 -0.10863673E-01  0.16762869E-01 -0.15435952E-01
 -0.11355180E-01  0.17188521E-01 -0.15970729E-01
 -0.11789206E-01  0.17554427E-01 -0.16487383E-01
 -0.12165927E-01  0.17860886E-01 -0.16986719E-01
 -0.12486069E-01  0.18108750E-01 -0.17469971E-01
 -0.12750462E-01  0.18298973E-01 -0.17938786E-01
 -0.12959647E-01  0.18432223E-01 -0.18395197E-01
 -0.13113621E-01  0.18508626E-01 -0.18841605E-01
 -0.13211792E-01  0.18527724E-01 -0.19280743E-01
 -0.13253152E-01  0.18488649E-01 -0.19715648E-01
 -0.13236634E-01  0.18390481E-01 -0.20149612E-01
 -0.13161580E-01  0.18232716E-01 -0.20586146E-01
 -0.13028212E-01  0.18015735E-01 -0.21028927E-01
 -0.12837997E-01  0.17741169E-01 -0.21481748E-01
 -0.12593819E-01  0.17412065E-01 -0.21948460E-01
 -0.12299912E-01  0.17032818E-01 -0.22432916E-01
 -0.11961558E-01  0.16608867E-01 -0.22938906E-01
 -0.11584608E-01  0.16146211E-01 -0.23470083E-01
 -0.11174919E-01  0.15650849E-01 -0.24029893E-01
 -0.10737825E-01  0.15128247E-01 -0.24621483E-01
 -0.10277743E-01  0.14582954E-01 -0.25247617E-01
 -0.97980080E-02  0.14018428E-01 -0.25910569E-01
 -0.93009291E-02  0.13437105E-01 -0.26612024E-01
 -0.87880778E-02  0.12840685E-01 -0.27352967E-01
 -0.82607026E-02  0.12230542E-01 -0.28133573E-01
 -0.77201774E-02  0.11608177E-01 -0.28953099E-01
 -0.71683686E-02  0.10975574E-01 -0.29809777E-01
 -0.66078325E-02  0.10335389E-01 -0.30700719E-01
 -0.60417999E-02  0.96909328E-02 -0.31621833E-01
 -0.54739579E-02  0.90459330E-02 -0.32567745E-01
 -0.49080912E-02  0.84041749E-02 -0.33531761E-01
 -0.43476825E-02  0.77690933E-02 -0.34505832E-01
 -0.37955782E-02  0.71434381E-02 -0.35480575E-01
 -0.32538096E-02  0.65290984E-02 -0.36445312E-01
 -0.61155657E-02  0.14530385E-01  0.27275475E-02
 -0.56538146E-02  0.13608100E-01  0.25794277E-02
 -0.52316856E-02  0.12768330E-01  0.24322497E-02
 -0.48486393E-02  0.12004019E-01  0.22862700E-02
 -0.45033891E-02  0.11308523E-01  0.21416712E-02
 -0.41936228E-02  0.10675127E-01  0.19986409E-02
 -0.39160401E-02  0.10096914E-01  0.18574182E-02
 -0.36666573E-02  0.95669328E-02  0.17183166E-02
 -0.34412700E-02  0.90785495E-02  0.15817296E-02
 -0.32359440E-02  0.86258481E-02  0.14481227E-02
 -0.30474116E-02  0.82039495E-02  0.13180183E-02
 -0.28732913E-02  0.78091661E-02  0.11919747E-02
 -0.27120975E-02  0.74389588E-02  0.10705618E-02
 -0.25630653E-02  0.70917166E-02  0.95433845E-03
 -0.24258526E-02  0.67664219E-02  0.84383026E-03
 -0.23002051E-02  0.64622860E-02  0.73951106E-03
 -0.21856677E-02  0.61784354E-02  0.64178822E-03
 -0.20814024E-02  0.59137117E-02  0.55099222E-03
 -0.19861423E-02  0.56666090E-02  0.46737016E-03
 -0.18982729E-02  0.54353446E-02  0.39108279E-03
 -0.18160073E-02  0.52180225E-02  0.32220417E-03
 -0.17376019E-02  0.50128416E-02  0.26072317E-03
 -0.16615597E-02  0.48182905E-02  0.20654603E-03
 -0.15867787E-02  0.46332888E-02  0.15949946E-03
 -0.15126220E-02  0.44572500E-02  0.11933401E-03
 -0.14389063E-02  0.42900634E-02  0.85727742E-04
 -0.13658252E-02  0.41320104E-02  0.58290458E-04
 -0.12938329E-02  0.39836429E-02  0.36568744E-04
 -0.12235202E-02  0.38456528E-02  0.20052188E-04
 -0.11555067E-02  0.37187596E-02  0.81808142E-05
 -0.10903672E-02  0.36036319E-02  0.35357414E-06
 -0.10285981E-02  0.35008498E-02 -0.40625341E-05
 -0.97061975E-03  0.34109035E-02 -0.57233931E-05
 -0.91680434E-03  0.33342184E-02 -0.52994914E-05
 -0.86751439E-03  0.32711909E-02 -0.34691393E-05
 -0.82313857E-03  0.32222233E-02 -0.91363604E-06
  0.12636506E-01 -0.26931466E-02 -0.11083230E-05
  0.12214085E-01 -0.22720047E-02 -0.43777539E-03
  0.11732107E-01 -0.17930383E-02 -0.87780751E-03
  0.11189413E-01 -0.12551381E-02 -0.13245407E-02
  0.10587278E-01 -0.65967643E-03 -0.17811303E-02
  0.99289056E-02 -0.99955241E-05 -0.22504575E-02
  0.92188156E-02  0.68920106E-03 -0.27350370E-02
  0.84622611E-02  0.14324364E-02 -0.32369284E-02
  0.76647604E-02  0.22139348E-02 -0.37576563E-02
  0.68317918E-02  0.30279375E-02 -0.42981448E-02
  0.59686480E-02  0.38688613E-02 -0.48586691E-02
  0.50804107E-02  0.47313368E-02 -0.54388327E-02
  0.41719906E-02  0.56101843E-02 -0.60375707E-02
  0.32481801E-02  0.65003710E-02 -0.66531829E-02
  0.23136932E-02  0.73969806E-02 -0.72833963E-02
  0.13731892E-02  0.82951942E-02 -0.79254531E-02
  0.43129736E-03  0.91902663E-02 -0.85762207E-02
 -0.50733414E-03  0.10077474E-01 -0.92323164E-02
 -0.14379560E-02  0.10952030E-01 -0.98902392E-02
 -0.23556118E-02  0.11808974E-01 -0.10546500E-01
 -0.32550439E-02  0.12643073E-01 -0.11197742E-01
 -0.41306570E-02  0.13448781E-01 -0.11840851E-01
 -0.49765847E-02  0.14220305E-01 -0.12473036E-01
 -0.57868796E-02  0.14951797E-01 -0.13091900E-01
 -0.65558167E-02  0.15637652E-01 -0.13695485E-01
 -0.72782605E-02  0.16272874E-01 -0.14282293E-01
 -0.79500184E-02  0.16853435E-01 -0.14851300E-01
 -0.85680969E-02  0.17376517E-01 -0.15401956E-01
 -0.91307872E-02  0.17840602E-01 -0.15934176E-01
 -0.96375473E-02  0.18245346E-01 -0.16448327E-01
 -0.10088692E-01  0.18591265E-01 -0.16945220E-01
 -0.10484955E-01  0.18879295E-01 -0.17426090E-01
 -0.10827018E-01  0.19110320E-01 -0.17892581E-01
 -0.11115121E-01  0.19284779E-01 -0.18346728E-01
 -0.11348852E-01  0.19402460E-01 -0.18790933E-01
 -0.11527171E-01  0.19462528E-01 -0.19227933E-01
 -0.11648673E-01  0.19463787E-01 -0.19660772E-01
 -0.11712046E-01  0.19405141E-01 -0.20092754E-01
 -0.11716604E-01  0.19286131E-01 -0.20527400E-01
 -0.11662790E-01  0.19107429E-01 -0.20968399E-01
 -0.11552506E-01  0.18871179E-01 -0.21419551E-01
 -0.11389202E-01  0.18581070E-01 -0.21884715E-01
 -0.11177672E-01  0.18242135E-01 -0.22367742E-01
 -0.10923595E-01  0.17860284E-01 -0.22872417E-01
 -0.10632910E-01  0.17441681E-01 -0.23402385E-01
 -0.10311156E-01  0.16992078E-01 -0.23961080E-01
 -0.99629192E-02  0.16516266E-01 -0.24551636E-01
 -0.95915044E-02  0.16017745E-01 -0.25176803E-01
 -0.91989085E-02  0.15498703E-01 -0.25838847E-01
 -0.87860908E-02  0.14960288E-01 -0.26539442E-01
 -0.83534758E-02  0.14403110E-01 -0.27279568E-01
 -0.79015645E-02  0.13827857E-01 -0.28059393E-01
 -0.74315004E-02  0.13235852E-01 -0.28878167E-01
 -0.69454518E-02  0.12629431E-01 -0.29734114E-01
 -0.64467100E-02  0.12012027E-01 -0.30624333E-01
 -0.59394792E-02  0.11387954E-01 -0.31544708E-01
 -0.54284071E-02  0.10761918E-01 -0.32489847E-01
 -0.49179748E-02  0.10138400E-01 -0.33453024E-01
 -0.44119024E-02  0.95210563E-02 -0.34426167E-01
 -0.39127233E-02  0.89122836E-02 -0.35399864E-01
 -0.34216374E-02  0.83130835E-02 -0.36363422E-01
 -0.77190724E-02  0.20325560E-01  0.34327479E-02
 -0.71979314E-02  0.19123685E-01  0.32262053E-02
 -0.67186846E-02  0.18025701E-01  0.30271546E-02
 -0.62811824E-02  0.17022185E-01  0.28348792E-02
 -0.58843625E-02  0.16104421E-01  0.26487499E-02
 -0.55258427E-02  0.15263714E-01  0.24682743E-02
 -0.52019373E-02  0.14491172E-01  0.22931203E-02
 -0.49080354E-02  0.13777903E-01  0.21231197E-02
 -0.46392019E-02  0.13115459E-01  0.19582583E-02
 -0.43908271E-02  0.12496357E-01  0.17986565E-02
 -0.41591586E-02  0.11914508E-01  0.16445435E-02
 -0.39416037E-02  0.11365427E-01  0.14962279E-02
 -0.37367539E-02  0.10846184E-01  0.13540683E-02
 -0.35441610E-02  0.10355118E-01  0.12184438E-02
 -0.33639468E-02  0.98913908E-02  0.10897276E-02
 -0.31963585E-02  0.94545020E-02  0.96826486E-03
 -0.30413799E-02  0.90438607E-02  0.85435320E-03
 -0.28984810E-02  0.86585064E-02  0.74822918E-03
 -0.27665445E-02  0.82970109E-02  0.65005813E-03
 -0.26439609E-02  0.79575537E-02  0.55992808E-03
 -0.25288475E-02  0.76381241E-02  0.47784677E-03
 -0.24193227E-02  0.73367817E-02  0.40374114E-03
 -0.23137666E-02  0.70519060E-02  0.33745869E-03
 -0.22110129E-02  0.67823767E-02  0.27876992E-03
 -0.21104399E-02  0.65276555E-02  0.22737185E-03
 -0.20119575E-02  0.62877646E-02  0.18289216E-03
 -0.19159118E-02  0.60631817E-02  0.14489406E-03
 -0.18229397E-02  0.58546879E-02  0.11288193E-03
 -0.17338137E-02  0.56632041E-02  0.86307808E-04
 -0.16493103E-02  0.54896526E-02  0.64578639E-04
 -0.15701214E-02  0.53348624E-02  0.47064086E-04
 -0.14968185E-02  0.51995278E-02  0.33104602E-04
 -0.14298628E-02  0.50842137E-02  0.22019198E-04
 -0.13696473E-02  0.49893935E-02  0.13112401E-04
 -0.13165517E-02  0.49155016E-02  0.56799193E-05
 -0.12709923E-02  0.48629815E-02 -0.98728526E-06
  0.16744519E-01 -0.35851315E-02 -0.12466040E-05
  0.16301691E-01 -0.31439485E-02 -0.43874180E-03
  0.15785408E-01 -0.26314804E-02 -0.87959820E-03
  0.15196250E-01 -0.20483861E-02 -0.13271492E-02
  0.14537533E-01 -0.13981259E-02 -0.17845326E-02
  0.13814614E-01 -0.68626292E-03 -0.22545937E-02
  0.13034107E-01  0.80327258E-04 -0.27397931E-02
  0.12203148E-01  0.89419336E-03 -0.32421229E-02
  0.11328838E-01  0.17478830E-02 -0.37630343E-02
  0.10417893E-01  0.26343022E-02 -0.43033804E-02
  0.94765126E-02  0.35468668E-02 -0.48633779E-02
  0.85103987E-02  0.44794968E-02 -0.54425898E-02
  0.75248635E-02  0.54265272E-02 -0.60399336E-02
  0.65249489E-02  0.63826002E-02 -0.66537151E-02
  0.55155201E-02  0.73425812E-02 -0.72816874E-02
  0.45013238E-02  0.83015052E-02 -0.79211349E-02
  0.34870279E-02  0.92545388E-02 -0.85689764E-02
  0.24772683E-02  0.10196931E-01 -0.92218847E-02
  0.14767221E-02  0.11123938E-01 -0.98764121E-02
  0.49020245E-03  0.12030723E-01 -0.10529118E-01
 -0.47725380E-03  0.12912264E-01 -0.11176690E-01
 -0.14203479E-02  0.13763319E-01 -0.11816049E-01
 -0.23335746E-02  0.14578473E-01 -0.12444436E-01
 -0.32113940E-02  0.15352313E-01 -0.13059483E-01
 -0.40485072E-02  0.16079700E-01 -0.13659254E-01
 -0.48401913E-02  0.16756104E-01 -0.14242275E-01
 -0.55826167E-02  0.17377917E-01 -0.14807542E-01
 -0.62730660E-02  0.17942665E-01 -0.15354520E-01
 -0.69099872E-02  0.18449057E-01 -0.15883136E-01
 -0.74928510E-02  0.18896835E-01 -0.16393769E-01
 -0.80218328E-02  0.19286452E-01 -0.16887230E-01
 -0.84973849E-02  0.19618638E-01 -0.17364758E-01
 -0.89198002E-02  0.19893962E-01 -0.17827998E-01
 -0.92888784E-02  0.20112496E-01 -0.18278984E-01
 -0.96037846E-02  0.20273679E-01 -0.18720122E-01
 -0.98631497E-02  0.20376418E-01 -0.19154157E-01
 -0.10065402E-01  0.20419421E-01 -0.19584139E-01
 -0.10209263E-01  0.20401696E-01 -0.20013387E-01
 -0.10294290E-01  0.20323097E-01 -0.20445435E-01
 -0.10321339E-01  0.20184787E-01 -0.20883984E-01
 -0.10292824E-01  0.19989488E-01 -0.21332846E-01
 -0.10212687E-01  0.19741457E-01 -0.21795880E-01
 -0.10086077E-01  0.19446155E-01 -0.22276940E-01
 -0.99187743E-02  0.19109667E-01 -0.22779803E-01
 -0.97164850E-02  0.18737997E-01 -0.23308100E-01
 -0.94841560E-02  0.18336378E-01 -0.23865250E-01
 -0.92254577E-02  0.17908755E-01 -0.24454370E-01
 -0.89425595E-02  0.17457563E-01 -0.25078193E-01
 -0.86362535E-02  0.16983854E-01 -0.25738969E-01
 -0.83064004E-02  0.16487743E-01 -0.26438363E-01
 -0.79525985E-02  0.15969081E-01 -0.27177343E-01
 -0.75749150E-02  0.15428179E-01 -0.27956068E-01
 -0.71745030E-02  0.14866429E-01 -0.28773780E-01
 -0.67539465E-02  0.14286628E-01 -0.29628687E-01
 -0.63172411E-02  0.13692957E-01 -0.30517868E-01
 -0.58694040E-02  0.13090568E-01 -0.31437187E-01
 -0.54157998E-02  0.12484899E-01 -0.32381216E-01
 -0.49613445E-02  0.11880863E-01 -0.33343198E-01
 -0.45097830E-02  0.11282118E-01 -0.34315024E-01
 -0.40632224E-02  0.10690598E-01 -0.35287251E-01
 -0.36220426E-02  0.10106426E-01 -0.36249162E-01
 -0.92048484E-02  0.25995385E-01  0.44088705E-02
 -0.86467749E-02  0.24548258E-01  0.41236099E-02
 -0.81297146E-02  0.23220346E-01  0.38543326E-02
 -0.76542652E-02  0.22000804E-01  0.35991153E-02
 -0.72198815E-02  0.20879597E-01  0.33563100E-02
 -0.68243964E-02  0.19846696E-01  0.31245624E-02
 -0.64640421E-02  0.18891828E-01  0.29028092E-02
 -0.61339050E-02  0.18004713E-01  0.26902608E-02
 -0.58286476E-02  0.17175600E-01  0.24863737E-02
 -0.55432888E-02  0.16395899E-01  0.22908160E-02
 -0.52738467E-02  0.15658686E-01  0.21034302E-02
 -0.50177050E-02  0.14958971E-01  0.19241940E-02
 -0.47736469E-02  0.14293633E-01  0.17531826E-02
 -0.45415904E-02  0.13661080E-01  0.15905333E-02
 -0.43221228E-02  0.13060715E-01  0.14364137E-02
 -0.41159678E-02  0.12492351E-01  0.12909931E-02
 -0.39235201E-02  0.11955696E-01  0.11544202E-02
 -0.37445428E-02  0.11450011E-01  0.10268034E-02
 -0.35780762E-02  0.10973986E-01  0.90819706E-03
 -0.34225493E-02  0.10525828E-01  0.79859140E-03
 -0.32760371E-02  0.10103492E-01  0.69790573E-03
 -0.31365859E-02  0.97049893E-02  0.60598540E-03
 -0.30025214E-02  0.93286799E-02  0.52260108E-03
 -0.28726751E-02  0.89734853E-02  0.44745031E-03
 -0.27464899E-02  0.86389822E-02  0.38016065E-03
 -0.26240042E-02  0.83253749E-02  0.32029412E-03
 -0.25057364E-02  0.80333696E-02  0.26735266E-03
 -0.23925122E-02  0.77639926E-02  0.22078424E-03
 -0.22852823E-02  0.75183981E-02  0.17998961E-03
 -0.21849683E-02  0.72977062E-02  0.14432920E-03
 -0.20923635E-02  0.71028961E-02  0.11313026E-03
 -0.20080977E-02  0.69347637E-02  0.85693622E-04
 -0.19326571E-02  0.67939360E-02  0.61300121E-04
 -0.18664430E-02  0.66809256E-02  0.39216074E-04
 -0.18098460E-02  0.65962009E-02  0.18697793E-04
 -0.17633113E-02  0.65402498E-02 -0.10050580E-05
  0.20762367E-01 -0.44688032E-02 -0.11917775E-05
  0.20299171E-01 -0.40075669E-02 -0.43986012E-03
  0.19751073E-01 -0.34639518E-02 -0.88188595E-03
  0.19120144E-01 -0.28401448E-02 -0.13305888E-02
  0.18411325E-01 -0.21412877E-02 -0.17890765E-02
  0.17631605E-01 -0.13746528E-02 -0.22601443E-02
  0.16789134E-01 -0.54874182E-03 -0.27461842E-02
  0.15892407E-01  0.32753769E-03 -0.32491054E-02
  0.14949660E-01  0.12455002E-02 -0.37702713E-02
  0.13968501E-01  0.21970608E-02 -0.43104510E-02
  0.12955801E-01  0.31748731E-02 -0.48697915E-02
  0.11917746E-01  0.41722878E-02 -0.54478076E-02
  0.10859995E-01  0.51832139E-02 -0.60433953E-02
  0.97878499E-02  0.62019612E-02 -0.66548654E-02
  0.87063906E-02  0.72231149E-02 -0.72800008E-02
  0.76205549E-02  0.82414594E-02 -0.79161348E-02
  0.65351829E-02  0.92519360E-02 -0.85602482E-02
  0.54550497E-02  0.10249610E-01 -0.92090808E-02
  0.43849108E-02  0.11229623E-01 -0.98592528E-02
  0.33295651E-02  0.12187128E-01 -0.10507388E-01
  0.22939153E-02  0.13117227E-01 -0.11150230E-01
  0.12829928E-02  0.14014946E-01 -0.11784750E-01
  0.30190995E-03  0.14875278E-01 -0.12408235E-01
 -0.64428065E-03  0.15693327E-01 -0.13018353E-01
 -0.15508089E-02  0.16464523E-01 -0.13613204E-01
 -0.24134540E-02  0.17184887E-01 -0.14191341E-01
 -0.32287894E-02  0.17851271E-01 -0.14751785E-01
 -0.39943386E-02  0.18461504E-01 -0.15294023E-01
 -0.47085853E-02  0.19014399E-01 -0.15817997E-01
 -0.53708197E-02  0.19509586E-01 -0.16324096E-01
 -0.59808440E-02  0.19947214E-01 -0.16813139E-01
 -0.65386025E-02  0.20327578E-01 -0.17286368E-01
 -0.70438292E-02  0.20650758E-01 -0.17745429E-01
 -0.74958080E-02  0.20916385E-01 -0.18192362E-01
 -0.78933216E-02  0.21123589E-01 -0.18629576E-01
 -0.82348195E-02  0.21271166E-01 -0.19059824E-01
 -0.85187815E-02  0.21357948E-01 -0.19486169E-01
 -0.87442007E-02  0.21383288E-01 -0.19911941E-01
 -0.89110735E-02  0.21347550E-01 -0.20340689E-01
 -0.90207697E-02  0.21252479E-01 -0.20776127E-01
 -0.90761787E-02  0.21101343E-01 -0.21222075E-01
 -0.90815706E-02  0.20898796E-01 -0.21682399E-01
 -0.90421767E-02  0.20650450E-01 -0.22160947E-01
 -0.89635592E-02  0.20362243E-01 -0.22661487E-01
 -0.88508979E-02  0.20039723E-01 -0.23187639E-01
 -0.87083471E-02  0.19687403E-01 -0.23742800E-01
 -0.85386106E-02  0.19308333E-01 -0.24330069E-01
 -0.83428404E-02  0.18904007E-01 -0.24952159E-01
 -0.81208939E-02  0.18474613E-01 -0.25611303E-01
 -0.78719027E-02  0.18019613E-01 -0.26309150E-01
 -0.75950279E-02  0.17538487E-01 -0.27046655E-01
 -0.72902284E-02  0.17031505E-01 -0.27823964E-01
 -0.69588548E-02  0.16500313E-01 -0.28640304E-01
 -0.66039170E-02  0.15948184E-01 -0.29493863E-01
 -0.62299456E-02  0.15379871E-01 -0.30381698E-01
 -0.58424642E-02  0.14801058E-01 -0.31299638E-01
 -0.54471854E-02  0.14217540E-01 -0.32242220E-01
 -0.50491161E-02  0.13634314E-01 -0.33202644E-01
 -0.46517891E-02  0.13054802E-01 -0.34172757E-01
 -0.42568100E-02  0.12480395E-01 -0.35143080E-01
 -0.38638362E-02  0.11910434E-01 -0.36102864E-01
 -0.10555470E-01  0.31510607E-01  0.56433903E-02
 -0.99867214E-02  0.29862026E-01  0.52623765E-02
 -0.94545947E-02  0.28340398E-01  0.49070954E-02
 -0.89608072E-02  0.26934626E-01  0.45743318E-02
 -0.85056344E-02  0.25634285E-01  0.42613245E-02
 -0.80874194E-02  0.24428805E-01  0.39657617E-02
 -0.77026325E-02  0.23307252E-01  0.36857567E-02
 -0.73464046E-02  0.22258631E-01  0.34198113E-02
 -0.70133525E-02  0.21272512E-01  0.31667720E-02
 -0.66984620E-02  0.20339747E-01  0.29257809E-02
 -0.63978118E-02  0.19453054E-01  0.26962266E-02
 -0.61089834E-02  0.18607305E-01  0.24776954E-02
 -0.58310970E-02  0.17799457E-01  0.22699253E-02
 -0.55645111E-02  0.17028166E-01  0.20727636E-02
 -0.53102986E-02  0.16293186E-01  0.18861291E-02
 -0.50696492E-02  0.15594708E-01  0.17099786E-02
 -0.48433479E-02  0.14932780E-01  0.15442784E-02
 -0.46314397E-02  0.14306931E-01  0.13889810E-02
 -0.44331318E-02  0.13716029E-01  0.12440051E-02
 -0.42469230E-02  0.13158382E-01  0.11092214E-02
 -0.40708980E-02  0.12632002E-01  0.98444215E-03
 -0.39030951E-02  0.12134952E-01  0.86941411E-03
 -0.37418541E-02  0.11665673E-01  0.76381588E-03
 -0.35860683E-02  0.11223221E-01  0.66725779E-03
 -0.34353010E-02  0.10807367E-01  0.57928446E-03
 -0.32897615E-02  0.10418561E-01  0.49937923E-03
 -0.31501698E-02  0.10057786E-01  0.42697002E-03
 -0.30175576E-02  0.97263459E-02  0.36143575E-03
 -0.28930591E-02  0.94256465E-02  0.30211322E-03
 -0.27777378E-02  0.91570130E-02  0.24830365E-03
 -0.26724779E-02  0.89215727E-02  0.19927895E-03
 -0.25779518E-02  0.87202147E-02  0.15428727E-03
 -0.24946527E-02  0.85536168E-02  0.11255792E-03
 -0.24229742E-02  0.84223186E-02  0.73305447E-04
 -0.23633048E-02  0.83268134E-02  0.35733102E-04
 -0.23161124E-02  0.82676297E-02 -0.96443751E-06
  0.24666794E-01 -0.53386892E-02 -0.96055733E-06
  0.24184641E-01 -0.48587377E-02 -0.44119626E-03
  0.23608662E-01 -0.42877601E-02 -0.88477927E-03
  0.22942075E-01 -0.36291306E-02 -0.13349993E-02
  0.22190943E-01 -0.28891797E-02 -0.17949188E-02
  0.21363306E-01 -0.20763155E-02 -0.22672688E-02
  0.20468257E-01 -0.12000842E-02 -0.27543596E-02
  0.19515123E-01 -0.27032367E-03 -0.32580070E-02
  0.18512840E-01  0.70347586E-03 -0.37794763E-02
  0.17469603E-01  0.17125499E-02 -0.43194452E-02
  0.16392757E-01  0.27489876E-02 -0.48779845E-02
  0.15288880E-01  0.38056707E-02 -0.54545563E-02
  0.14163956E-01  0.48761085E-02 -0.60480318E-02
  0.13023581E-01  0.59542513E-02 -0.66567266E-02
  0.11873114E-01  0.70343408E-02 -0.72784551E-02
  0.10717775E-01  0.81108186E-02 -0.79106041E-02
  0.95626881E-02  0.91782885E-02 -0.85502231E-02
  0.84128886E-02  0.10231505E-01 -0.91941299E-02
  0.72733360E-02  0.11265366E-01 -0.98390242E-02
  0.61489289E-02  0.12274896E-01 -0.10481607E-01
  0.50445249E-02  0.13255227E-01 -0.11118693E-01
  0.39649398E-02  0.14201597E-01 -0.11747319E-01
  0.29149039E-02  0.15109398E-01 -0.12364827E-01
  0.18989601E-02  0.15974269E-01 -0.12968934E-01
  0.92131165E-03  0.16792244E-01 -0.13557782E-01
 -0.14351804E-04  0.17559923E-01 -0.14129960E-01
 -0.90500248E-03  0.18274610E-01 -0.14684519E-01
 -0.17483487E-02  0.18934376E-01 -0.15220970E-01
 -0.25427995E-02  0.19538019E-01 -0.15739273E-01
 -0.32873125E-02  0.20084898E-01 -0.16239831E-01
 -0.39811511E-02  0.20574690E-01 -0.16723474E-01
 -0.46236084E-02  0.21007103E-01 -0.17191450E-01
 -0.52137733E-02  0.21381642E-01 -0.17645411E-01
 -0.57504099E-02  0.21697489E-01 -0.18087403E-01
 -0.62320007E-02  0.21953544E-01 -0.18519841E-01
 -0.66569649E-02  0.22148648E-01 -0.18945490E-01
 -0.70240163E-02  0.22281939E-01 -0.19367423E-01
 -0.73325849E-02  0.22353277E-01 -0.19788984E-01
 -0.75832004E-02  0.22363629E-01 -0.20213736E-01
 -0.77777342E-02  0.22315309E-01 -0.20645404E-01
 -0.79194185E-02  0.22211994E-01 -0.21087814E-01
 -0.80126097E-02  0.22058488E-01 -0.21544836E-01
 -0.80623176E-02  0.21860248E-01 -0.22020314E-01
 -0.80735828E-02  0.21622756E-01 -0.22518007E-01
 -0.80508263E-02  0.21350872E-01 -0.23041518E-01
 -0.79973124E-02  0.21048289E-01 -0.23594227E-01
 -0.79148509E-02  0.20717243E-01 -0.24179213E-01
 -0.78038195E-02  0.20358530E-01 -0.24799167E-01
 -0.76635173E-02  0.19971861E-01 -0.25456303E-01
 -0.74927841E-02  0.19556482E-01 -0.26152252E-01
 -0.72907538E-02  0.19111925E-01 -0.26887951E-01
 -0.70575705E-02  0.18638714E-01 -0.27663529E-01
 -0.67948941E-02  0.18138864E-01 -0.28478191E-01
 -0.65060628E-02  0.17616028E-01 -0.29330100E-01
 -0.61958553E-02  0.17075241E-01 -0.30216280E-01
 -0.58698873E-02  0.16522303E-01 -0.31132522E-01
 -0.55337705E-02  0.15962914E-01 -0.32073315E-01
 -0.51922216E-02  0.15401768E-01 -0.33031811E-01
 -0.48483327E-02  0.14841820E-01 -0.33999809E-01
 -0.45031807E-02  0.14283884E-01 -0.34967783E-01
 -0.41558767E-02  0.13726696E-01 -0.35924953E-01
 -0.11750367E-01  0.36830875E-01  0.71182865E-02
 -0.11200926E-01  0.35035307E-01  0.66288855E-02
 -0.10679931E-01  0.33365300E-01  0.61753510E-02
 -0.10190590E-01  0.31810852E-01  0.57532676E-02
 -0.97343080E-02  0.30362245E-01  0.53588051E-02
 -0.93102430E-02  0.29009313E-01  0.49887071E-02
 -0.89154354E-02  0.27741313E-01  0.46402561E-02
 -0.85454211E-02  0.26547323E-01  0.43112263E-02
 -0.81951421E-02  0.25416957E-01  0.39998277E-02
 -0.78599042E-02  0.24341160E-01  0.37046464E-02
 -0.75361525E-02  0.23312840E-01  0.34245858E-02
 -0.72219044E-02  0.22327174E-01  0.31588093E-02
 -0.69167798E-02  0.21381534E-01  0.29066873E-02
 -0.66216706E-02  0.20475062E-01  0.26677485E-02
 -0.63381746E-02  0.19608026E-01  0.24416363E-02
 -0.60679541E-02  0.18781106E-01  0.22280705E-02
 -0.58121805E-02  0.17994781E-01  0.20268132E-02
 -0.55711827E-02  0.17248926E-01  0.18376405E-02
 -0.53443531E-02  0.16542676E-01  0.16603177E-02
 -0.51302986E-02  0.15874541E-01  0.14945804E-02
 -0.49271679E-02  0.15242698E-01  0.13401192E-02
 -0.47330566E-02  0.14645376E-01  0.11965696E-02
 -0.45463864E-02  0.14081210E-01  0.10635065E-02
 -0.43661775E-02  0.13549493E-01  0.94044209E-03
 -0.41921704E-02  0.13050282E-01  0.82682757E-03
 -0.40247923E-02  0.12584353E-01  0.72205739E-03
 -0.38650010E-02  0.12153024E-01  0.62547508E-03
 -0.37140591E-02  0.11757926E-01  0.53637987E-03
 -0.35732993E-02  0.11400749E-01  0.45403346E-03
 -0.34439318E-02  0.11083043E-01  0.37766619E-03
 -0.33269279E-02  0.10806095E-01  0.30648237E-03
 -0.32229913E-02  0.10570885E-01  0.23966466E-03
 -0.31326069E-02  0.10378136E-01  0.17637761E-03
 -0.30561420E-02  0.10228402E-01  0.11577054E-03
 -0.29939670E-02  0.10122192E-01  0.56979991E-04
 -0.29465608E-02  0.10060064E-01 -0.86783356E-06
  0.28434691E-01 -0.61881550E-02 -0.59438087E-06
  0.27936053E-01 -0.56918785E-02 -0.44282777E-03
  0.27337090E-01 -0.50982869E-02 -0.88838476E-03
  0.26641767E-01 -0.44115473E-02 -0.13405055E-02
  0.25856742E-01 -0.36386589E-02 -0.18021894E-02
  0.24990523E-01 -0.27885909E-02 -0.22760894E-02
  0.24052588E-01 -0.18713736E-02 -0.27644238E-02
  0.23052598E-01 -0.89728515E-03 -0.32689072E-02
  0.21999810E-01  0.12376350E-03 -0.37907030E-02
  0.20902743E-01  0.11825949E-02 -0.43303944E-02
  0.19769065E-01  0.22708919E-02 -0.48879739E-02
  0.18605677E-01  0.33811394E-02 -0.54628497E-02
  0.17418888E-01  0.45064590E-02 -0.60538667E-02
  0.16214612E-01  0.56404180E-02 -0.66593442E-02
  0.14998538E-01  0.67768687E-02 -0.72771285E-02
  0.13776230E-01  0.79098522E-02 -0.79046620E-02
  0.12553162E-01  0.90335642E-02 -0.85390681E-02
  0.11334709E-01  0.10142368E-01 -0.91772491E-02
  0.10126121E-01  0.11230826E-01 -0.98159949E-02
  0.89324868E-02  0.12293742E-01 -0.10452095E-01
  0.77587017E-02  0.13326189E-01 -0.11082450E-01
  0.66094378E-02  0.14323547E-01 -0.11704173E-01
  0.54890974E-02  0.15281544E-01 -0.12314673E-01
  0.44017524E-02  0.16196313E-01 -0.12911727E-01
  0.33510698E-02  0.17064460E-01 -0.13493526E-01
  0.23402429E-02  0.17883121E-01 -0.14058703E-01
  0.13719512E-02  0.18649997E-01 -0.14606341E-01
  0.44837371E-03  0.19363321E-01 -0.15135979E-01
 -0.42873214E-03  0.20021777E-01 -0.15647600E-01
 -0.12578919E-02  0.20624348E-01 -0.16141624E-01
 -0.20377430E-02  0.21170141E-01 -0.16618895E-01
 -0.27668747E-02  0.21658222E-01 -0.17080671E-01
 -0.34437300E-02  0.22087514E-01 -0.17528616E-01
 -0.40666105E-02  0.22456804E-01 -0.17964785E-01
 -0.46338060E-02  0.22764868E-01 -0.18391604E-01
 -0.51438383E-02  0.23010722E-01 -0.18811847E-01
 -0.55957771E-02  0.23193930E-01 -0.19228601E-01
 -0.59895600E-02  0.23314930E-01 -0.19645221E-01
 -0.63262363E-02  0.23375274E-01 -0.20065282E-01
 -0.66080621E-02  0.23377725E-01 -0.20492516E-01
 -0.68383980E-02  0.23326151E-01 -0.20930757E-01
 -0.70214047E-02  0.23225221E-01 -0.21383873E-01
 -0.71615730E-02  0.23079933E-01 -0.21855705E-01
 -0.72631718E-02  0.22895063E-01 -0.22350003E-01
 -0.73297220E-02  0.22674640E-01 -0.22870356E-01
 -0.73636103E-02  0.22421553E-01 -0.23420126E-01
 -0.73659351E-02  0.22137407E-01 -0.24002374E-01
 -0.73366340E-02  0.21822640E-01 -0.24619771E-01
 -0.72748781E-02  0.21476923E-01 -0.25274510E-01
 -0.71796638E-02  0.21099745E-01 -0.25968202E-01
 -0.70504738E-02  0.20691067E-01 -0.26701762E-01
 -0.68878625E-02  0.20251900E-01 -0.27475295E-01
 -0.66938214E-02  0.19784655E-01 -0.28287976E-01
 -0.64718269E-02  0.19293173E-01 -0.29137937E-01
 -0.62265389E-02  0.18782409E-01 -0.30022158E-01
 -0.59631984E-02  0.18257806E-01 -0.30936381E-01
 -0.56868479E-02  0.17724496E-01 -0.31875044E-01
 -0.54015449E-02  0.17186500E-01 -0.32831240E-01
 -0.51097507E-02  0.16646109E-01 -0.33796712E-01
 -0.48120400E-02  0.16103585E-01 -0.34761884E-01
 -0.45072088E-02  0.15557285E-01 -0.35715937E-01
 -0.12765861E-01  0.41903121E-01  0.88088365E-02
 -0.12269176E-01  0.40026778E-01  0.82040230E-02
 -0.11788848E-01  0.38264037E-01  0.76445586E-02
 -0.11329909E-01  0.36607444E-01  0.71251109E-02
 -0.10895192E-01  0.35049210E-01  0.66409786E-02
 -0.10484979E-01  0.33580647E-01  0.61880969E-02
 -0.10097215E-01  0.32192176E-01  0.57630108E-02
 -0.97282006E-02  0.30873841E-01  0.53628285E-02
 -0.93735702E-02  0.29616115E-01  0.49851632E-02
 -0.90292951E-02  0.28410759E-01  0.46280695E-02
 -0.86924856E-02  0.27251486E-01  0.42899791E-02
 -0.83618294E-02  0.26134287E-01  0.39696385E-02
 -0.80376104E-02  0.25057343E-01  0.36660514E-02
 -0.77213555E-02  0.24020580E-01  0.33784248E-02
 -0.74152415E-02  0.23025002E-01  0.31061218E-02
 -0.71214303E-02  0.22071951E-01  0.28486180E-02
 -0.68414984E-02  0.21162479E-01  0.26054637E-02
 -0.65760833E-02  0.20296945E-01  0.23762507E-02
 -0.63248007E-02  0.19474883E-01  0.21605826E-02
 -0.60864187E-02  0.18695142E-01  0.19580516E-02
 -0.58592148E-02  0.17956208E-01  0.17682195E-02
 -0.56414119E-02  0.17256613E-01  0.15906033E-02
 -0.54315830E-02  0.16595312E-01  0.14246673E-02
 -0.52289396E-02  0.15971955E-01  0.12698192E-02
 -0.50334555E-02  0.15386990E-01  0.11254103E-02
 -0.48458233E-02  0.14841603E-01  0.99073923E-03
 -0.46672769E-02  0.14337527E-01  0.86505792E-03
 -0.44993396E-02  0.13876775E-01  0.74757775E-03
 -0.43435641E-02  0.13461372E-01  0.63747623E-03
 -0.42013200E-02  0.13093130E-01  0.53390266E-03
 -0.40736700E-02  0.12773514E-01  0.43598264E-03
 -0.39613454E-02  0.12503612E-01  0.34282135E-03
 -0.38648115E-02  0.12284188E-01  0.25350598E-03
 -0.37843943E-02  0.12115810E-01  0.16710760E-03
 -0.37204293E-02  0.11998989E-01  0.82683039E-04
 -0.36733918E-02  0.11934304E-01 -0.72290143E-06
  0.32043602E-01 -0.70099825E-02 -0.15310063E-06
  0.31531588E-01 -0.65004042E-02 -0.44483166E-03
  0.30914933E-01 -0.58893600E-02 -0.89279013E-03
  0.30197950E-01 -0.51814115E-02 -0.13471967E-02
  0.29387403E-01 -0.43837387E-02 -0.18109695E-02
  0.28491748E-01 -0.35053522E-02 -0.22866698E-02
  0.27520355E-01 -0.25562744E-02 -0.27764157E-02
  0.26482804E-01 -0.15468037E-02 -0.32818176E-02
  0.25388357E-01 -0.48694961E-03 -0.38039365E-02
  0.24245638E-01  0.61391752E-03 -0.43432630E-02
  0.23062521E-01  0.17472039E-02 -0.48997133E-02
  0.21846176E-01  0.29050594E-02 -0.54726424E-02
  0.20603218E-01  0.40802385E-02 -0.60608691E-02
  0.19339893E-01  0.52659237E-02 -0.66627154E-02
  0.18062230E-01  0.64555697E-02 -0.72760584E-02
  0.16776151E-01  0.76428039E-02 -0.78983963E-02
  0.15487498E-01  0.88213956E-02 -0.85269280E-02
  0.14202018E-01  0.99852864E-02 -0.91586458E-02
  0.12925293E-01  0.11128661E-01 -0.97904368E-02
  0.11662660E-01  0.12246036E-01 -0.10419190E-01
  0.10419130E-01  0.13332350E-01 -0.11041901E-01
  0.91993158E-02  0.14383032E-01 -0.11655771E-01
  0.80073828E-02  0.15394051E-01 -0.12258290E-01
  0.68470258E-02  0.16361938E-01 -0.12847301E-01
  0.57214694E-02  0.17283766E-01 -0.13421054E-01
  0.46335029E-02  0.18157113E-01 -0.13978226E-01
  0.35855472E-02  0.18979975E-01 -0.14517943E-01
  0.25797508E-02  0.19750658E-01 -0.15039772E-01
  0.16181059E-02  0.20467656E-01 -0.15543723E-01
  0.70256282E-03  0.21129522E-01 -0.16030238E-01
 -0.16487945E-03  0.21734777E-01 -0.16500179E-01
 -0.98213680E-03  0.22281867E-01 -0.16954821E-01
 -0.17470769E-02  0.22769199E-01 -0.17395844E-01
 -0.24576401E-02  0.23195260E-01 -0.17825316E-01
 -0.31120344E-02  0.23558812E-01 -0.18245678E-01
 -0.37089782E-02  0.23859133E-01 -0.18659715E-01
 -0.42479432E-02  0.24096257E-01 -0.19070525E-01
 -0.47293477E-02  0.24271169E-01 -0.19481475E-01
 -0.51546460E-02  0.24385889E-01 -0.19896146E-01
 -0.55262796E-02  0.24443424E-01 -0.20318276E-01
 -0.58474769E-02  0.24447568E-01 -0.20751702E-01
 -0.61219207E-02  0.24402569E-01 -0.21200291E-01
 -0.63533316E-02  0.24312714E-01 -0.21667879E-01
 -0.65450404E-02  0.24181906E-01 -0.22158209E-01
 -0.66996302E-02  0.24013302E-01 -0.22674860E-01
 -0.68187250E-02  0.23809108E-01 -0.23221179E-01
 -0.69029739E-02  0.23570560E-01 -0.23800212E-01
 -0.69522472E-02  0.23298122E-01 -0.24414612E-01
 -0.69660124E-02  0.22991853E-01 -0.25066551E-01
 -0.69438192E-02  0.22651889E-01 -0.25757618E-01
 -0.68857932E-02  0.22278921E-01 -0.26488701E-01
 -0.67930274E-02  0.21874580E-01 -0.27259874E-01
 -0.66677785E-02  0.21441611E-01 -0.28070277E-01
 -0.65134075E-02  0.20983794E-01 -0.28917994E-01
 -0.63340620E-02  0.20505607E-01 -0.29799955E-01
 -0.61341530E-02  0.20011682E-01 -0.30711844E-01
 -0.59177292E-02  0.19506156E-01 -0.31648035E-01
 -0.56878823E-02  0.18992065E-01 -0.32601555E-01
 -0.54463149E-02  0.18470903E-01 -0.33564083E-01
 -0.51931747E-02  0.17942452E-01 -0.34525989E-01
 -0.13974545E-01  0.48632408E-01  0.11462180E-01
 -0.13575492E-01  0.46660677E-01  0.10682450E-01
 -0.13167940E-01  0.44782122E-01  0.99619910E-02
 -0.12760837E-01  0.42993543E-01  0.92945773E-02
 -0.12361287E-01  0.41291451E-01  0.86744236E-02
 -0.11973817E-01  0.39671248E-01  0.80963075E-02
 -0.11600118E-01  0.38126863E-01  0.75556202E-02
 -0.11239358E-01  0.36650932E-01  0.70483688E-02
 -0.10888945E-01  0.35235433E-01  0.65711471E-02
 -0.10545542E-01  0.33872576E-01  0.61210866E-02
 -0.10206099E-01  0.32555711E-01  0.56957981E-02
 -0.98686577E-02  0.31280025E-01  0.52933086E-02
 -0.95327835E-02  0.30042872E-01  0.49119990E-02
 -0.91995719E-02  0.28843685E-01  0.45505450E-02
 -0.88712826E-02  0.27683531E-01  0.42078618E-02
 -0.85507349E-02  0.26564435E-01  0.38830540E-02
 -0.82406375E-02  0.25488642E-01  0.35753692E-02
 -0.79430180E-02  0.24457993E-01  0.32841574E-02
 -0.76588775E-02  0.23473533E-01  0.30088335E-02
 -0.73881224E-02  0.22535395E-01  0.27488449E-02
 -0.71297598E-02  0.21642961E-01  0.25036434E-02
 -0.68822786E-02  0.20795208E-01  0.22726634E-02
 -0.66441098E-02  0.19991145E-01  0.20553044E-02
 -0.64140518E-02  0.19230205E-01  0.18509203E-02
 -0.61915713E-02  0.18512528E-01  0.16588132E-02
 -0.59769291E-02  0.17839070E-01  0.14782336E-02
 -0.57711268E-02  0.17211529E-01  0.13083820E-02
 -0.55757109E-02  0.16632134E-01  0.11484152E-02
 -0.53924960E-02  0.16103357E-01  0.99745186E-03
 -0.52232794E-02  0.15627619E-01  0.85457896E-03
 -0.50696094E-02  0.15207041E-01  0.71885690E-03
 -0.49326523E-02  0.14843309E-01  0.58932324E-03
 -0.48131720E-02  0.14537640E-01  0.46499521E-03
 -0.47116118E-02  0.14290859E-01  0.34487130E-03
 -0.46282482E-02  0.14103550E-01  0.22793254E-03
 -0.45633692E-02  0.13976221E-01  0.11314409E-03
 -0.45174325E-02  0.13909469E-01 -0.54235476E-06
  0.35472341E-01 -0.77971074E-02  0.29401425E-06
  0.34950223E-01 -0.72774252E-02 -0.44727348E-03
  0.34321008E-01 -0.66539542E-02 -0.89805217E-03
  0.33589002E-01 -0.59312999E-02 -0.13551151E-02
  0.32760668E-01 -0.51164141E-02 -0.18212806E-02
  0.31844001E-01 -0.42179297E-02 -0.22990063E-02
  0.30847876E-01 -0.32454715E-02 -0.27903043E-02
  0.29781470E-01 -0.22090280E-02 -0.32966803E-02
  0.28653801E-01 -0.11184515E-02 -0.38190966E-02
  0.27473432E-01  0.16874868E-04 -0.43579556E-02
  0.26248328E-01  0.11881978E-02 -0.49131025E-02
  0.24985866E-01  0.23874048E-02 -0.54838419E-02
  0.23692928E-01  0.36069302E-02 -0.60689676E-02
  0.22376056E-01  0.48396096E-02 -0.66668031E-02
  0.21041589E-01  0.60785367E-02 -0.72752545E-02
  0.19695771E-01  0.73169626E-02 -0.78918738E-02
  0.18344785E-01  0.85482626E-02 -0.85139358E-02
  0.16994729E-01  0.97659758E-02 -0.91385247E-02
  0.15651521E-01  0.10963904E-01 -0.97626299E-02
  0.14320779E-01  0.12136247E-01 -0.10383247E-01
  0.13007689E-01  0.13277740E-01 -0.10997477E-01
  0.11716897E-01  0.14383767E-01 -0.11602618E-01
  0.10452452E-01  0.15450414E-01 -0.12196249E-01
  0.92178048E-02  0.16474464E-01 -0.12776289E-01
  0.80158796E-02  0.17453314E-01 -0.13341052E-01
  0.68491971E-02  0.18384832E-01 -0.13889267E-01
  0.57200357E-02  0.19267187E-01 -0.14420102E-01
  0.46305987E-02  0.20098664E-01 -0.14933161E-01
  0.35831555E-02  0.20877515E-01 -0.15428483E-01
  0.25801271E-02  0.21601859E-01 -0.15906537E-01
  0.16240946E-02  0.22269678E-01 -0.16368210E-01
  0.71772127E-03  0.22878885E-01 -0.16814800E-01
 -0.13640359E-03  0.23427481E-01 -0.17248007E-01
 -0.93597798E-03  0.23913767E-01 -0.17669919E-01
 -0.16792214E-02  0.24336578E-01 -0.18082992E-01
 -0.23650883E-02  0.24695487E-01 -0.18490026E-01
 -0.29934200E-02  0.24990961E-01 -0.18894130E-01
 -0.35650000E-02  0.25224410E-01 -0.19298676E-01
 -0.40814964E-02  0.25398124E-01 -0.19707250E-01
 -0.45452900E-02  0.25515106E-01 -0.20123593E-01
 -0.49592118E-02  0.25578805E-01 -0.20551541E-01
 -0.53262260E-02  0.25592806E-01 -0.20994960E-01
 -0.56491124E-02  0.25560513E-01 -0.21457683E-01
 -0.59301997E-02  0.25484888E-01 -0.21943447E-01
 -0.61711980E-02  0.25368288E-01 -0.22455824E-01
 -0.63731607E-02  0.25212427E-01 -0.22998155E-01
 -0.65365842E-02  0.25018479E-01 -0.23573473E-01
 -0.66616268E-02  0.24787289E-01 -0.24184416E-01
 -0.67484065E-02  0.24519667E-01 -0.24833138E-01
 -0.67973170E-02  0.24216692E-01 -0.25521201E-01
 -0.68092982E-02  0.23879966E-01 -0.26249465E-01
 -0.67860009E-02  0.23511764E-01 -0.27017964E-01
 -0.67298055E-02  0.23115027E-01 -0.27825789E-01
 -0.66436803E-02  0.22693201E-01 -0.28670972E-01
 -0.65308985E-02  0.22249925E-01 -0.29550378E-01
 -0.63946623E-02  0.21788642E-01 -0.30459620E-01
 -0.62377044E-02  0.21312169E-01 -0.31392998E-01
 -0.60619458E-02  0.20822351E-01 -0.32343463E-01
 -0.58682820E-02  0.20319831E-01 -0.33302625E-01
 -0.56565446E-02  0.19804016E-01 -0.34260790E-01
 -0.14400311E-01  0.52864908E-01  0.13589925E-01
 -0.14150712E-01  0.51023539E-01  0.12697777E-01
 -0.13870689E-01  0.49233423E-01  0.11869240E-01
 -0.13571797E-01  0.47497536E-01  0.11098528E-01
 -0.13263330E-01  0.45817531E-01  0.10380005E-01
 -0.12951678E-01  0.44193142E-01  0.97084034E-02
 -0.12640177E-01  0.42622017E-01  0.90789486E-02
 -0.12329490E-01  0.41100054E-01  0.84874108E-02
 -0.12018413E-01  0.39622138E-01  0.79301098E-02
 -0.11704922E-01  0.38183107E-01  0.74038886E-02
 -0.11387195E-01  0.36778691E-01  0.69060698E-02
 -0.11064408E-01  0.35406229E-01  0.64344017E-02
 -0.10737163E-01  0.34065013E-01  0.59870025E-02
 -0.10407476E-01  0.32756208E-01  0.55623035E-02
 -0.10078422E-01  0.31482427E-01  0.51589961E-02
 -0.97535257E-02  0.30247065E-01  0.47759813E-02
 -0.94361081E-02  0.29053589E-01  0.44123237E-02
 -0.91287237E-02  0.27904928E-01  0.40672081E-02
 -0.88328272E-02  0.26803099E-01  0.37399013E-02
 -0.85487199E-02  0.25749112E-01  0.34297166E-02
 -0.82757578E-02  0.24743148E-01  0.31359838E-02
 -0.80127492E-02  0.23784924E-01  0.28580240E-02
 -0.77584314E-02  0.22874143E-01  0.25951307E-02
 -0.75119106E-02  0.22010908E-01  0.23465565E-02
 -0.72729739E-02  0.21196014E-01  0.21115060E-02
 -0.70422187E-02  0.20431057E-01  0.18891338E-02
 -0.68209937E-02  0.19718361E-01  0.16785462E-02
 -0.66111884E-02  0.19060748E-01  0.14788065E-02
 -0.64149350E-02  0.18461236E-01  0.12889403E-02
 -0.62342999E-02  0.17922710E-01  0.11079414E-02
 -0.60710331E-02  0.17447670E-01  0.93477655E-03
 -0.59264245E-02  0.17038075E-01  0.76838882E-03
 -0.58012857E-02  0.16695319E-01  0.60769937E-03
 -0.56960478E-02  0.16420321E-01  0.45160884E-03
 -0.56109399E-02  0.16213698E-01  0.29899839E-03
 -0.55461989E-02  0.16075970E-01  0.14873148E-03
 -0.55022555E-02  0.16007741E-01 -0.34318187E-06
  0.38701645E-01 -0.85433894E-02  0.67860326E-06
  0.38172442E-01 -0.80165616E-02 -0.45019919E-03
  0.37535173E-01 -0.73850986E-02 -0.90419142E-03
  0.36793879E-01 -0.66533823E-02 -0.13642535E-02
  0.35954438E-01 -0.58278439E-02 -0.18330868E-02
  0.35024095E-01 -0.49164465E-02 -0.23130348E-02
  0.34010975E-01 -0.39281466E-02 -0.28059995E-02
  0.32923628E-01 -0.28723877E-02 -0.33133839E-02
  0.31770649E-01 -0.17586715E-02 -0.38360566E-02
  0.30560389E-01 -0.59623991E-03 -0.43743393E-02
  0.29300796E-01  0.60611602E-03 -0.49280123E-02
  0.27999357E-01  0.18401212E-02 -0.54963344E-02
  0.26663142E-01  0.30979777E-02 -0.60780758E-02
  0.25298907E-01  0.43722586E-02 -0.66715609E-02
  0.23913223E-01  0.56557802E-02 -0.72747219E-02
  0.22512576E-01  0.69414992E-02 -0.78851623E-02
  0.21103422E-01  0.82224709E-02 -0.85002303E-02
  0.19692153E-01  0.94918886E-02 -0.91171021E-02
  0.18284996E-01  0.10743201E-01 -0.97328725E-02
  0.16887855E-01  0.11970283E-01 -0.10344648E-01
  0.15506141E-01  0.13167618E-01 -0.10949641E-01
  0.14144626E-01  0.14330445E-01 -0.11545257E-01
  0.12807367E-01  0.15454834E-01 -0.12129167E-01
  0.11497731E-01  0.16537656E-01 -0.12699376E-01
  0.10218508E-01  0.17576449E-01 -0.13254266E-01
  0.89721080E-02  0.18569208E-01 -0.13792624E-01
  0.77607964E-02  0.19514136E-01 -0.14313664E-01
  0.65869102E-02  0.20409404E-01 -0.14817031E-01
  0.54530156E-02  0.21252994E-01 -0.15302800E-01
  0.43619609E-02  0.22042629E-01 -0.15771470E-01
  0.33168123E-02  0.22775837E-01 -0.16223961E-01
  0.23206821E-02  0.23450122E-01 -0.16661600E-01
  0.13764798E-02  0.24063209E-01 -0.17086113E-01
  0.48663904E-03  0.24613316E-01 -0.17499612E-01
 -0.34712639E-03  0.25099393E-01 -0.17904573E-01
 -0.11239869E-02  0.25521286E-01 -0.18303810E-01
 -0.18440482E-02  0.25879779E-01 -0.18700440E-01
 -0.25082785E-02  0.26176518E-01 -0.19097841E-01
 -0.31183259E-02  0.26413824E-01 -0.19499600E-01
 -0.36762598E-02  0.26594439E-01 -0.19909456E-01
 -0.41842865E-02  0.26721238E-01 -0.20331244E-01
 -0.46444892E-02  0.26796977E-01 -0.20768826E-01
 -0.50586393E-02  0.26824107E-01 -0.21226036E-01
 -0.54281064E-02  0.26804698E-01 -0.21706610E-01
 -0.57538776E-02  0.26740456E-01 -0.22214118E-01
 -0.60366705E-02  0.26632846E-01 -0.22751899E-01
 -0.62771094E-02  0.26483260E-01 -0.23322980E-01
 -0.64759206E-02  0.26293214E-01 -0.23929989E-01
 -0.66341026E-02  0.26064505E-01 -0.24575063E-01
 -0.67530347E-02  0.25799303E-01 -0.25259736E-01
 -0.68344988E-02  0.25500154E-01 -0.25984832E-01
 -0.68806136E-02  0.25169893E-01 -0.26750339E-01
 -0.68936923E-02  0.24811472E-01 -0.27555291E-01
 -0.68760538E-02  0.24427748E-01 -0.28397651E-01
 -0.68298202E-02  0.24021251E-01 -0.29274208E-01
 -0.67567381E-02  0.23593985E-01 -0.30180494E-01
 -0.66580489E-02  0.23147276E-01 -0.31110719E-01
 -0.65344281E-02  0.22681695E-01 -0.32057752E-01
 -0.63859961E-02  0.22197065E-01 -0.33013120E-01
 -0.62123971E-02  0.21692540E-01 -0.33967061E-01
 -0.14520844E-01  0.56498108E-01  0.15788269E-01
 -0.14462042E-01  0.54900224E-01  0.14804370E-01
 -0.14348597E-01  0.53299704E-01  0.13883746E-01
 -0.14194396E-01  0.51706120E-01  0.13021840E-01
 -0.14010817E-01  0.50126927E-01  0.12213819E-01
 -0.13806148E-01  0.48567001E-01  0.11454917E-01
 -0.13585487E-01  0.47028597E-01  0.10740646E-01
 -0.13351164E-01  0.45511778E-01  0.10066918E-01
 -0.13103563E-01  0.44015220E-01  0.94300940E-02
 -0.12842148E-01  0.42537206E-01  0.88269906E-02
 -0.12566479E-01  0.41076585E-01  0.82548631E-02
 -0.12276984E-01  0.39633496E-01  0.77113669E-02
 -0.11975375E-01  0.38209733E-01  0.71945133E-02
 -0.11664649E-01  0.36808690E-01  0.67026214E-02
 -0.11348740E-01  0.35434965E-01  0.62342695E-02
 -0.11031936E-01  0.34093737E-01  0.57882486E-02
 -0.10718246E-01  0.32790089E-01  0.53635178E-02
 -0.10410855E-01  0.31528426E-01  0.49591620E-02
 -0.10111798E-01  0.30312121E-01  0.45743538E-02
 -0.98219141E-02  0.29143435E-01  0.42083171E-02
 -0.95410564E-02  0.28023701E-01  0.38602966E-02
 -0.92684914E-02  0.26953697E-01  0.35295316E-02
 -0.90033826E-02  0.25934104E-01  0.32152353E-02
 -0.87452393E-02  0.24965936E-01  0.29165809E-02
 -0.84942381E-02  0.24050841E-01  0.26326933E-02
 -0.82513594E-02  0.23191218E-01  0.23626461E-02
 -0.80183292E-02  0.22390147E-01  0.21054634E-02
 -0.77974013E-02  0.21651157E-01  0.18601233E-02
 -0.75910441E-02  0.20977901E-01  0.16255640E-02
 -0.74016140E-02  0.20373823E-01  0.14006887E-02
 -0.72310863E-02  0.19841881E-01  0.11843707E-02
 -0.70809012E-02  0.19384383E-01  0.97545558E-03
 -0.69519447E-02  0.19002967E-01  0.77276425E-03
 -0.68446591E-02  0.18698699E-01  0.57509353E-03
 -0.67592437E-02  0.18472274E-01  0.38121799E-03
 -0.66958930E-02  0.18324246E-01  0.18989223E-03
 -0.66550110E-02  0.18255240E-01 -0.14525280E-06
  0.41714783E-01 -0.92442861E-02  0.94331259E-06
  0.41180956E-01 -0.87127354E-02 -0.45363085E-03
  0.40539227E-01 -0.80768266E-02 -0.91119397E-03
  0.39793214E-01 -0.73405580E-02 -0.13745634E-02
  0.38948062E-01 -0.65096793E-02 -0.18463088E-02
  0.38010125E-01 -0.55913271E-02 -0.23286499E-02
  0.36986640E-01 -0.45936382E-02 -0.28233766E-02
  0.35885400E-01 -0.35253640E-02 -0.33317913E-02
  0.34714438E-01 -0.23955120E-02 -0.38546756E-02
  0.33481770E-01 -0.12130405E-02 -0.43922779E-02
  0.32195190E-01  0.13361358E-04 -0.49443203E-02
  0.30862164E-01  0.12753933E-02 -0.55100208E-02
  0.29489816E-01  0.25651593E-02 -0.60881281E-02
  0.28084995E-01  0.38750991E-02 -0.66769669E-02
  0.26654379E-01  0.51978743E-02 -0.72744930E-02
  0.25204594E-01  0.65262606E-02 -0.78783575E-02
  0.23742267E-01  0.78530931E-02 -0.84859794E-02
  0.22274011E-01  0.91712993E-02 -0.90946254E-02
  0.20806312E-01  0.10474025E-01 -0.97014954E-02
  0.19345353E-01  0.11754830E-01 -0.10303810E-01
  0.17896800E-01  0.13007911E-01 -0.10898896E-01
  0.16465631E-01  0.14228279E-01 -0.11484270E-01
  0.15056038E-01  0.15411855E-01 -0.12057705E-01
  0.13671458E-01  0.16555430E-01 -0.12617293E-01
  0.12314718E-01  0.17656508E-01 -0.13161490E-01
  0.10988277E-01  0.18713036E-01 -0.13689147E-01
  0.96945098E-02  0.19723115E-01 -0.14199529E-01
  0.84359569E-02  0.20684730E-01 -0.14692327E-01
  0.72154816E-02  0.21595579E-01 -0.15167655E-01
  0.60362950E-02  0.22453044E-01 -0.15626054E-01
  0.49018346E-02  0.23254309E-01 -0.16068477E-01
  0.38155244E-02  0.23996595E-01 -0.16496290E-01
  0.27804696E-02  0.24677466E-01 -0.16911250E-01
  0.17991572E-02  0.25295126E-01 -0.17315497E-01
  0.87322794E-03  0.25848640E-01 -0.17711529E-01
  0.33749278E-05  0.26338032E-01 -0.18102175E-01
 -0.81061319E-03  0.26764235E-01 -0.18490560E-01
 -0.15696734E-02  0.27128907E-01 -0.18880064E-01
 -0.22751969E-02  0.27434157E-01 -0.19274272E-01
 -0.29287272E-02  0.27682243E-01 -0.19676922E-01
 -0.35316939E-02  0.27875311E-01 -0.20091843E-01
 -0.40852390E-02  0.28015224E-01 -0.20522899E-01
 -0.45901689E-02  0.28103531E-01 -0.20973924E-01
 -0.50470335E-02  0.28141546E-01 -0.21448658E-01
 -0.54563042E-02  0.28130538E-01 -0.21950679E-01
 -0.58185980E-02  0.28071959E-01 -0.22483329E-01
 -0.61348837E-02  0.27967648E-01 -0.23049634E-01
 -0.64066129E-02  0.27819951E-01 -0.23652217E-01
 -0.66357341E-02  0.27631727E-01 -0.24293197E-01
 -0.68245819E-02  0.27406214E-01 -0.24974083E-01
 -0.69756612E-02  0.27146789E-01 -0.25695656E-01
 -0.70913756E-02  0.26856669E-01 -0.26457851E-01
 -0.71737625E-02  0.26538615E-01 -0.27259632E-01
 -0.72242958E-02  0.26194703E-01 -0.28098883E-01
 -0.72437993E-02  0.25826212E-01 -0.28972303E-01
 -0.72324852E-02  0.25433632E-01 -0.29875325E-01
 -0.71901005E-02  0.25016791E-01 -0.30802063E-01
 -0.71161367E-02  0.24575051E-01 -0.31745285E-01
 -0.70100454E-02  0.24107515E-01 -0.32696428E-01
 -0.68714067E-02  0.23613201E-01 -0.33645654E-01
 -0.14310280E-01  0.59428772E-01  0.17989265E-01
 -0.14480758E-01  0.58191668E-01  0.16943208E-01
 -0.14571766E-01  0.56889110E-01  0.15954915E-01
 -0.14598879E-01  0.55536618E-01  0.15021712E-01
 -0.14575185E-01  0.54147306E-01  0.14140165E-01
 -0.14510684E-01  0.52731403E-01  0.13306535E-01
 -0.14412189E-01  0.51296217E-01  0.12517087E-01
 -0.14283717E-01  0.49846555E-01  0.11768280E-01
 -0.14127280E-01  0.48385514E-01  0.11056869E-01
 -0.13943877E-01  0.46915451E-01  0.10379957E-01
 -0.13734461E-01  0.45438927E-01  0.97350001E-02
 -0.13500705E-01  0.43959433E-01  0.91197970E-02
 -0.13245410E-01  0.42481766E-01  0.85324575E-02
 -0.12972528E-01  0.41012021E-01  0.79713668E-02
 -0.12686853E-01  0.39557240E-01  0.74351451E-02
 -0.12393470E-01  0.38124847E-01  0.69226068E-02
 -0.12097154E-01  0.36722005E-01  0.64327205E-02
 -0.11801841E-01  0.35355076E-01  0.59645701E-02
 -0.11510307E-01  0.34029275E-01  0.55173177E-02
 -0.11224110E-01  0.32748588E-01  0.50901700E-02
 -0.10943783E-01  0.31515950E-01  0.46823477E-02
 -0.10669225E-01  0.30333612E-01  0.42930601E-02
 -0.10400169E-01  0.29203598E-01  0.39214849E-02
 -0.10136639E-01  0.28128135E-01  0.35667540E-02
 -0.98792766E-02  0.27109973E-01  0.32279448E-02
 -0.96294908E-02  0.26152513E-01  0.29040777E-02
 -0.93894073E-02  0.25259750E-01  0.25941162E-02
 -0.91616545E-02  0.24436049E-01  0.22969720E-02
 -0.89490459E-02  0.23685815E-01  0.20115092E-02
 -0.87542408E-02  0.23013155E-01  0.17365507E-02
 -0.85794628E-02  0.22421583E-01  0.14708819E-02
 -0.84263338E-02  0.21913858E-01  0.12132550E-02
 -0.82958529E-02  0.21491952E-01  0.96239095E-03
 -0.81885131E-02  0.21157163E-01  0.71698182E-03
 -0.81045198E-02  0.20910333E-01  0.47569321E-03
 -0.80440516E-02  0.20752099E-01  0.23716782E-03
 -0.80074988E-02  0.20683133E-01  0.30602306E-07
  0.44498055E-01 -0.98973210E-02  0.10501617E-05
  0.43961378E-01 -0.93628032E-02 -0.45756638E-03
  0.43317771E-01 -0.87250046E-02 -0.91901919E-03
  0.42570392E-01 -0.79874926E-02 -0.13859706E-02
  0.41723633E-01 -0.71553036E-02 -0.18608454E-02
  0.40782943E-01 -0.62347158E-02 -0.23457328E-02
  0.39754643E-01 -0.52329991E-02 -0.28423082E-02
  0.38645704E-01 -0.41581383E-02 -0.33517761E-02
  0.37463506E-01 -0.30185363E-02 -0.38748363E-02
  0.36215592E-01 -0.18227269E-02 -0.44116706E-02
  0.34909443E-01 -0.57913171E-03 -0.49619497E-02
  0.33552332E-01  0.70410002E-03 -0.55248552E-02
  0.32151265E-01  0.20191489E-02 -0.60991166E-02
  0.30713017E-01  0.33584850E-02 -0.66830585E-02
  0.29244236E-01  0.47147626E-02 -0.72746583E-02
  0.27751555E-01  0.60807041E-02 -0.78716116E-02
  0.26241673E-01  0.74490319E-02 -0.84714046E-02
  0.24721343E-01  0.88124920E-02 -0.90713916E-02
  0.23197259E-01  0.10163984E-01 -0.96688762E-02
  0.21675858E-01  0.11496778E-01 -0.10261192E-01
  0.20163080E-01  0.12804762E-01 -0.10845785E-01
  0.18664171E-01  0.14082654E-01 -0.11420281E-01
  0.17183561E-01  0.15326116E-01 -0.11982560E-01
  0.15724891E-01  0.16531717E-01 -0.12530807E-01
  0.14291175E-01  0.17696760E-01 -0.13063556E-01
  0.12885063E-01  0.18818999E-01 -0.13579725E-01
  0.11509147E-01  0.19896316E-01 -0.14078638E-01
  0.10166221E-01  0.20926442E-01 -0.14560035E-01
  0.88594366E-02  0.21906798E-01 -0.15024079E-01
  0.75922994E-02  0.22834484E-01 -0.15471354E-01
  0.63685110E-02  0.23706436E-01 -0.15902859E-01
  0.51916923E-02  0.24519702E-01 -0.16319998E-01
  0.40650564E-02  0.25271762E-01 -0.16724568E-01
  0.29911126E-02  0.25960825E-01 -0.17118739E-01
  0.19714766E-02  0.26586010E-01 -0.17505033E-01
  0.10068314E-02  0.27147382E-01 -0.17886294E-01
  0.97049057E-04  0.27645822E-01 -0.18265654E-01
 -0.75855882E-03  0.28082771E-01 -0.18646495E-01
 -0.15609244E-02  0.28459914E-01 -0.19032400E-01
 -0.23109207E-02  0.28778875E-01 -0.19427100E-01
 -0.30091470E-02  0.29041014E-01 -0.19834425E-01
 -0.36558548E-02  0.29247354E-01 -0.20258240E-01
 -0.42510322E-02  0.29398684E-01 -0.20702385E-01
 -0.47946201E-02  0.29495780E-01 -0.21170610E-01
 -0.52868033E-02  0.29539709E-01 -0.21666505E-01
 -0.57282925E-02  0.29532109E-01 -0.22193423E-01
 -0.61205158E-02  0.29475382E-01 -0.22754398E-01
 -0.64656559E-02  0.29372721E-01 -0.23352049E-01
 -0.67665040E-02  0.29227943E-01 -0.23988481E-01
 -0.70261507E-02  0.29045162E-01 -0.24665174E-01
 -0.72475739E-02  0.28828340E-01 -0.25382864E-01
 -0.74332148E-02  0.28580837E-01 -0.26141421E-01
 -0.75846412E-02  0.28305034E-01 -0.26939733E-01
 -0.77023803E-02  0.28002134E-01 -0.27775590E-01
 -0.77859623E-02  0.27672169E-01 -0.28645585E-01
 -0.78341679E-02  0.27314225E-01 -0.29545043E-01
 -0.78454174E-02  0.26926801E-01 -0.30467960E-01
 -0.78182056E-02  0.26508236E-01 -0.31406994E-01
 -0.77514759E-02  0.26057070E-01 -0.32353480E-01
 -0.13195721E-01  0.62168635E-01  0.21236481E-01
 -0.13748492E-01  0.61559449E-01  0.20119615E-01
 -0.14181138E-01  0.60797444E-01  0.19048373E-01
 -0.14511038E-01  0.59903152E-01  0.18024382E-01
 -0.14754461E-01  0.58896119E-01  0.17047240E-01
 -0.14925520E-01  0.57793912E-01  0.16115307E-01
 -0.15035486E-01  0.56611470E-01  0.15226267E-01
 -0.15092597E-01  0.55360904E-01  0.14377520E-01
 -0.15102365E-01  0.54051789E-01  0.13566432E-01
 -0.15068278E-01  0.52691829E-01  0.12790494E-01
 -0.14992714E-01  0.51287735E-01  0.12047403E-01
 -0.14877870E-01  0.49846104E-01  0.11335109E-01
 -0.14726497E-01  0.48374125E-01  0.10651815E-01
 -0.14542333E-01  0.46879971E-01  0.99959686E-02
 -0.14330168E-01  0.45372831E-01  0.93662359E-02
 -0.14095581E-01  0.43862626E-01  0.87614719E-02
 -0.13844449E-01  0.42359497E-01  0.81806868E-02
 -0.13582376E-01  0.40873213E-01  0.76230107E-02
 -0.13314175E-01  0.39412650E-01  0.70876602E-02
 -0.13043541E-01  0.37985441E-01  0.65739050E-02
 -0.12772959E-01  0.36597874E-01  0.60810369E-02
 -0.12503859E-01  0.35255046E-01  0.56083425E-02
 -0.12236969E-01  0.33961190E-01  0.51550792E-02
 -0.11972767E-01  0.32720124E-01  0.47204571E-02
 -0.11711918E-01  0.31535674E-01  0.43036255E-02
 -0.11455614E-01  0.30412006E-01  0.39036655E-02
 -0.11205739E-01  0.29353773E-01  0.35195873E-02
 -0.10964833E-01  0.28366086E-01  0.31503313E-02
 -0.10735900E-01  0.27454307E-01  0.27947730E-02
 -0.10522095E-01  0.26623734E-01  0.24517280E-02
 -0.10326386E-01  0.25879262E-01  0.21199581E-02
 -0.10151263E-01  0.25225093E-01  0.17981770E-02
 -0.99985652E-02  0.24664557E-01  0.14850541E-02
 -0.98694558E-02  0.24200088E-01  0.11792191E-02
 -0.97645363E-02  0.23833334E-01  0.87926488E-03
 -0.96840750E-02  0.23565385E-01  0.58375209E-03
 -0.96282819E-02  0.23397041E-01  0.29121425E-03
 -0.95975646E-02  0.23329069E-01  0.16486537E-06
  0.47041122E-01 -0.10502276E-01  0.98594959E-06
  0.46502725E-01 -0.99659250E-02 -0.46198276E-03
  0.45858915E-01 -0.93278965E-02 -0.92761139E-03
  0.45112455E-01 -0.85913798E-02 -0.13983937E-02
  0.44267072E-01 -0.77607733E-02 -0.18765996E-02
  0.43327396E-01 -0.68415659E-02 -0.23641816E-02
  0.42298879E-01 -0.58401937E-02 -0.28626981E-02
  0.41187664E-01 -0.47638498E-02 -0.33732571E-02
  0.40000399E-01 -0.36202442E-02 -0.38964803E-02
  0.38744011E-01 -0.24173379E-02 -0.44324879E-02
  0.37425484E-01 -0.11630968E-02 -0.49809039E-02
  0.36051692E-01  0.13468695E-03 -0.55408776E-02
  0.34629321E-01  0.14684726E-02 -0.61111215E-02
  0.33164891E-01  0.28309417E-02 -0.66899608E-02
  0.31664865E-01  0.42148934E-02 -0.72753931E-02
  0.30135767E-01  0.56131202E-02 -0.78651561E-02
  0.28584274E-01  0.70183289E-02 -0.84567997E-02
  0.27017208E-01  0.84231590E-02 -0.90477629E-02
  0.25441419E-01  0.98203177E-02 -0.96354497E-02
  0.23863574E-01  0.11202812E-01 -0.10217306E-01
  0.22289892E-01  0.12564221E-01 -0.10790892E-01
  0.20725917E-01  0.13898931E-01 -0.11353950E-01
  0.19176390E-01  0.15202266E-01 -0.11904465E-01
  0.17645255E-01  0.16470467E-01 -0.12440717E-01
  0.16135825E-01  0.17700517E-01 -0.12961324E-01
  0.14651048E-01  0.18889857E-01 -0.13465276E-01
  0.13193810E-01  0.20036061E-01 -0.13951961E-01
  0.11767199E-01  0.21136566E-01 -0.14421176E-01
  0.10374639E-01  0.22188517E-01 -0.14873137E-01
  0.90198746E-02  0.23188781E-01 -0.15308479E-01
  0.77067933E-02  0.24134118E-01 -0.15728249E-01
  0.64391399E-02  0.25021464E-01 -0.16133900E-01
  0.52201988E-02  0.25848242E-01 -0.16527267E-01
  0.40525267E-02  0.26612628E-01 -0.16910554E-01
  0.29378080E-02  0.27313688E-01 -0.17286308E-01
  0.18768722E-02  0.27951358E-01 -0.17657389E-01
  0.86986594E-03  0.28526260E-01 -0.18026937E-01
 -0.83463381E-04  0.29039421E-01 -0.18398335E-01
 -0.98345005E-03  0.29491952E-01 -0.18775162E-01
 -0.18302429E-02  0.29884785E-01 -0.19161148E-01
 -0.26236623E-02  0.30218539E-01 -0.19560123E-01
 -0.33632222E-02  0.30493551E-01 -0.19975958E-01
 -0.40483172E-02  0.30710077E-01 -0.20412505E-01
 -0.46785282E-02  0.30868608E-01 -0.20873532E-01
 -0.52539653E-02  0.30970223E-01 -0.21362645E-01
 -0.57755533E-02  0.31016875E-01 -0.21883218E-01
 -0.62451693E-02  0.31011526E-01 -0.22438294E-01
 -0.66655747E-02  0.30958065E-01 -0.23030496E-01
 -0.70401306E-02  0.30861004E-01 -0.23661915E-01
 -0.73723398E-02  0.30724992E-01 -0.24334001E-01
 -0.76653074E-02  0.30554240E-01 -0.25047439E-01
 -0.79212353E-02  0.30351980E-01 -0.25802031E-01
 -0.81410726E-02  0.30120070E-01 -0.26596573E-01
 -0.83244069E-02  0.29858853E-01 -0.27428750E-01
 -0.84696339E-02  0.29567285E-01 -0.28295038E-01
 -0.85743717E-02  0.29243315E-01 -0.29190632E-01
 -0.86360273E-02  0.28884435E-01 -0.30109399E-01
 -0.86523828E-02  0.28488241E-01 -0.31043872E-01
 -0.86220606E-02  0.28052896E-01 -0.31985270E-01
 -0.11966625E-01  0.62776804E-01  0.23187932E-01
 -0.12823950E-01  0.62808732E-01  0.22104776E-01
 -0.13543205E-01  0.62624269E-01  0.21050002E-01
 -0.14140452E-01  0.62243266E-01  0.20027954E-01
 -0.14631399E-01  0.61686125E-01  0.19040486E-01
 -0.15030219E-01  0.60972497E-01  0.18087831E-01
 -0.15348724E-01  0.60120326E-01  0.17169249E-01
 -0.15596024E-01  0.59145362E-01  0.16283466E-01
 -0.15778672E-01  0.58061187E-01  0.15428983E-01
 -0.15901233E-01  0.56879642E-01  0.14604268E-01
 -0.15967093E-01  0.55611531E-01  0.13807872E-01
 -0.15979323E-01  0.54267385E-01  0.13038488E-01
 -0.15941411E-01  0.52858109E-01  0.12294977E-01
 -0.15857728E-01  0.51395377E-01  0.11576364E-01
 -0.15733655E-01  0.49891710E-01  0.10881828E-01
 -0.15575394E-01  0.48360246E-01  0.10210674E-01
 -0.15389541E-01  0.46814286E-01  0.95623062E-02
 -0.15182548E-01  0.45266737E-01  0.89362015E-02
 -0.14960216E-01  0.43729588E-01  0.83318759E-02
 -0.14727331E-01  0.42213541E-01  0.77488574E-02
 -0.14487518E-01  0.40727858E-01  0.71866590E-02
 -0.14243336E-01  0.39280444E-01  0.66447540E-02
 -0.13996566E-01  0.37878136E-01  0.61225565E-02
 -0.13748616E-01  0.36527096E-01  0.56194043E-02
 -0.13500940E-01  0.35233228E-01  0.51345489E-02
 -0.13255376E-01  0.34002508E-01  0.46671489E-02
 -0.13014329E-01  0.32841168E-01  0.42162692E-02
 -0.12780769E-01  0.31755690E-01  0.37808829E-02
 -0.12558066E-01  0.30752643E-01  0.33598769E-02
 -0.12349701E-01  0.29838397E-01  0.29520586E-02
 -0.12158945E-01  0.29018799E-01  0.25561628E-02
 -0.11988570E-01  0.28298899E-01  0.21708587E-02
 -0.11840673E-01  0.27682763E-01  0.17947564E-02
 -0.11716642E-01  0.27173450E-01  0.14264125E-02
 -0.11617264E-01  0.26773117E-01  0.10643363E-02
 -0.11542953E-01  0.26483247E-01  0.70699610E-03
 -0.11494020E-01  0.26304918E-01  0.35282729E-03
 -0.11470942E-01  0.26239068E-01  0.24169641E-06
  0.49337129E-01 -0.11061088E-01  0.76393047E-06
  0.48797704E-01 -0.10523613E-01 -0.46684180E-03
  0.48154727E-01 -0.98863721E-02 -0.93691232E-03
  0.47410697E-01 -0.91522997E-02 -0.14117630E-02
  0.46568844E-01 -0.83253067E-02 -0.18935008E-02
  0.45633129E-01 -0.74102278E-02 -0.23839359E-02
  0.44608233E-01 -0.64127483E-02 -0.28845070E-02
  0.43499488E-01 -0.53392757E-02 -0.33962247E-02
  0.42312739E-01 -0.41967478E-02 -0.39196336E-02
  0.41054151E-01 -0.29924013E-02 -0.44547946E-02
  0.39730012E-01 -0.17335454E-02 -0.50012880E-02
  0.38346573E-01 -0.42739622E-03 -0.55582338E-02
  0.36909990E-01  0.91899192E-03 -0.61243298E-02
  0.35426351E-01  0.22986896E-02 -0.66979031E-02
  0.33901794E-01  0.37047794E-02 -0.72769715E-02
  0.32342634E-01  0.51302255E-02 -0.78593133E-02
  0.30755454E-01  0.65677926E-02 -0.84425405E-02
  0.29147097E-01  0.80100687E-02 -0.90241727E-02
  0.27524531E-01  0.94496114E-02 -0.96017118E-02
  0.25894622E-01  0.10879196E-01 -0.10172712E-01
  0.24263854E-01  0.12292105E-01 -0.10734847E-01
  0.22638079E-01  0.13682386E-01 -0.11285972E-01
  0.21022374E-01  0.15044992E-01 -0.11824178E-01
  0.19421040E-01  0.16375776E-01 -0.12347843E-01
  0.17837755E-01  0.17671330E-01 -0.12855673E-01
  0.16275826E-01  0.18928708E-01 -0.13346737E-01
  0.14738486E-01  0.20145123E-01 -0.13820488E-01
  0.13229136E-01  0.21317682E-01 -0.14276790E-01
  0.11751465E-01  0.22443261E-01 -0.14715917E-01
  0.10309425E-01  0.23518517E-01 -0.15138561E-01
  0.89070487E-02  0.24540064E-01 -0.15545824E-01
  0.75481868E-02  0.25504734E-01 -0.15939204E-01
  0.62362145E-02  0.26409862E-01 -0.16320582E-01
  0.49738092E-02  0.27253504E-01 -0.16692196E-01
  0.37628516E-02  0.28034531E-01 -0.17056618E-01
  0.26044807E-02  0.28752570E-01 -0.17416725E-01
  0.14992855E-02  0.29407804E-01 -0.17775664E-01
  0.44758114E-03  0.30000701E-01 -0.18136821E-01
 -0.55031013E-03  0.30531728E-01 -0.18503775E-01
 -0.14938540E-02  0.31001160E-01 -0.18880259E-01
 -0.23822369E-02  0.31409016E-01 -0.19270106E-01
 -0.32144640E-02  0.31755174E-01 -0.19677200E-01
 -0.39896044E-02  0.32039627E-01 -0.20105411E-01
 -0.47071244E-02  0.32262831E-01 -0.20558530E-01
 -0.53672209E-02  0.32426044E-01 -0.21040191E-01
 -0.59710573E-02  0.32531562E-01 -0.21553790E-01
 -0.65208211E-02  0.32582775E-01 -0.22102388E-01
 -0.70195593E-02  0.32583983E-01 -0.22688612E-01
 -0.74707988E-02  0.32539993E-01 -0.23314545E-01
 -0.78780127E-02  0.32455557E-01 -0.23981601E-01
 -0.82440373E-02  0.32334743E-01 -0.24690414E-01
 -0.85705675E-02  0.32180396E-01 -0.25440705E-01
 -0.88578482E-02  0.31993777E-01 -0.26231175E-01
 -0.91046430E-02  0.31774491E-01 -0.27059389E-01
 -0.93085014E-02  0.31520711E-01 -0.27921688E-01
 -0.94662746E-02  0.31229658E-01 -0.28813126E-01
 -0.95747688E-02  0.30898226E-01 -0.29727422E-01
 -0.96313885E-02  0.30523606E-01 -0.30656966E-01
 -0.90428500E-02  0.61369482E-01  0.25883369E-01
 -0.10369315E-01  0.62383505E-01  0.24879261E-01
 -0.11536519E-01  0.63122368E-01  0.23874144E-01
 -0.12555757E-01  0.63596227E-01  0.22878499E-01
 -0.13440233E-01  0.63819544E-01  0.21898787E-01
 -0.14203733E-01  0.63809487E-01  0.20938673E-01
 -0.14859336E-01  0.63584369E-01  0.19999967E-01
 -0.15418434E-01  0.63162361E-01  0.19083315E-01
 -0.15890188E-01  0.62560649E-01  0.18188688E-01
 -0.16281478E-01  0.61795102E-01  0.17315719E-01
 -0.16597284E-01  0.60880386E-01  0.16463917E-01
 -0.16841377E-01  0.59830415E-01  0.15632796E-01
 -0.17017116E-01  0.58658939E-01  0.14821950E-01
 -0.17128181E-01  0.57380112E-01  0.14031074E-01
 -0.17179096E-01  0.56008860E-01  0.13259972E-01
 -0.17175441E-01  0.54560986E-01  0.12508538E-01
 -0.17123751E-01  0.53052992E-01  0.11776737E-01
 -0.17031169E-01  0.51501651E-01  0.11064576E-01
 -0.16904942E-01  0.49923475E-01  0.10372076E-01
 -0.16751904E-01  0.48334157E-01  0.96992429E-02
 -0.16578065E-01  0.46748140E-01  0.90460415E-02
 -0.16388384E-01  0.45178380E-01  0.84123722E-02
 -0.16186768E-01  0.43636329E-01  0.77980487E-02
 -0.15976273E-01  0.42132133E-01  0.72027810E-02
 -0.15759435E-01  0.40674957E-01  0.66261623E-02
 -0.15538652E-01  0.39273364E-01  0.60676604E-02
 -0.15316513E-01  0.37935645E-01  0.55266142E-02
 -0.15095997E-01  0.36670020E-01  0.50022339E-02
 -0.14880513E-01  0.35484683E-01  0.44936055E-02
 -0.14673781E-01  0.34387688E-01  0.39996975E-02
 -0.14479583E-01  0.33386712E-01  0.35193697E-02
 -0.14301479E-01  0.32488774E-01  0.30513824E-02
 -0.14142534E-01  0.31699977E-01  0.25944057E-02
 -0.14005145E-01  0.31025340E-01  0.21470285E-02
 -0.13891000E-01  0.30468764E-01  0.17077678E-02
 -0.13801170E-01  0.30033127E-01  0.12750779E-02
 -0.13736318E-01  0.29720495E-01  0.84736006E-03
 -0.13696959E-01  0.29532387E-01  0.42297415E-03
 -0.13683709E-01  0.29470023E-01  0.25108639E-06
  0.51382630E-01 -0.11577475E-01  0.42155713E-06
  0.50842736E-01 -0.11039464E-01 -0.47209694E-03
  0.50201344E-01 -0.10403734E-01 -0.94687194E-03
  0.49460860E-01 -0.96731275E-02 -0.14260335E-02
  0.48624211E-01 -0.88512541E-02 -0.19115196E-02
  0.47694868E-01 -0.79424581E-02 -0.24049924E-02
  0.46676857E-01 -0.69517780E-02 -0.29077667E-02
  0.45574728E-01 -0.58848542E-02 -0.34207523E-02
  0.44393455E-01 -0.47477813E-02 -0.39444148E-02
  0.43138298E-01 -0.35469238E-02 -0.44787558E-02
  0.41814648E-01 -0.22887393E-02 -0.50233122E-02
  0.40427927E-01 -0.97965976E-03 -0.55771766E-02
  0.38983564E-01  0.37393757E-03 -0.61390345E-02
  0.37487059E-01  0.17656649E-02 -0.67072170E-02
  0.35944116E-01  0.31889962E-02 -0.72797638E-02
  0.34360774E-01  0.46371364E-02 -0.78544943E-02
  0.32743481E-01  0.61029509E-02 -0.84290809E-02
  0.31099073E-01  0.75790076E-02 -0.90011223E-02
  0.29434609E-01  0.90577444E-02 -0.95682142E-02
  0.27757128E-01  0.10531737E-01 -0.10128016E-01
  0.26073343E-01  0.11994006E-01 -0.10678311E-01
  0.24389391E-01  0.13438280E-01 -0.11217065E-01
  0.22710675E-01  0.14859154E-01 -0.11742476E-01
  0.21041855E-01  0.16252086E-01 -0.12253021E-01
  0.19386986E-01  0.17613253E-01 -0.12747496E-01
  0.17749763E-01  0.18939296E-01 -0.13225053E-01
  0.16133784E-01  0.20227037E-01 -0.13685222E-01
  0.14542771E-01  0.21473242E-01 -0.14127934E-01
  0.12980680E-01  0.22674506E-01 -0.14553528E-01
  0.11451667E-01  0.23827273E-01 -0.14962759E-01
  0.99599181E-02  0.24927994E-01 -0.15356782E-01
  0.85094196E-02  0.25973355E-01 -0.15737148E-01
  0.71037064E-02  0.26960522E-01 -0.16105780E-01
  0.57456851E-02  0.27887307E-01 -0.16464951E-01
  0.44375714E-02  0.28752232E-01 -0.16817258E-01
  0.31809607E-02  0.29554452E-01 -0.17165596E-01
  0.19770067E-02  0.30293575E-01 -0.17513122E-01
  0.82665568E-03  0.30969431E-01 -0.17863225E-01
 -0.26913754E-03  0.31581859E-01 -0.18219492E-01
 -0.13092779E-02  0.32130588E-01 -0.18585660E-01
 -0.22925290E-02  0.32615247E-01 -0.18965577E-01
 -0.32176526E-02  0.33035518E-01 -0.19363145E-01
 -0.40836585E-02  0.33391399E-01 -0.19782260E-01
 -0.48901032E-02  0.33683518E-01 -0.20226743E-01
 -0.56373537E-02  0.33913399E-01 -0.20700264E-01
 -0.63267335E-02  0.34083610E-01 -0.21206245E-01
 -0.69604909E-02  0.34197725E-01 -0.21747773E-01
 -0.75415634E-02  0.34260065E-01 -0.22327481E-01
 -0.80731629E-02  0.34275262E-01 -0.22947441E-01
 -0.85582503E-02  0.34247692E-01 -0.23609037E-01
 -0.89990008E-02  0.34180902E-01 -0.24312842E-01
 -0.93963764E-02  0.34077131E-01 -0.25058496E-01
 -0.97499051E-02  0.33937041E-01 -0.25844590E-01
 -0.10057729E-01  0.33759711E-01 -0.26668558E-01
 -0.10316924E-01  0.33542915E-01 -0.27526595E-01
 -0.10524036E-01  0.33283611E-01 -0.28413592E-01
 -0.10675719E-01  0.32978550E-01 -0.29323105E-01
 -0.10769337E-01  0.32624855E-01 -0.30247360E-01
 -0.68102287E-02  0.59247790E-01  0.27123326E-01
 -0.84322213E-02  0.61010310E-01  0.26255259E-01
 -0.98998013E-02  0.62483528E-01  0.25366711E-01
 -0.11219368E-01  0.63665549E-01  0.24469623E-01
 -0.12400063E-01  0.64560966E-01  0.23571672E-01
 -0.13452522E-01  0.65179355E-01  0.22677564E-01
 -0.14387565E-01  0.65533640E-01  0.21790027E-01
 -0.15215076E-01  0.65638590E-01  0.20910566E-01
 -0.15943262E-01  0.65509660E-01  0.20039982E-01
 -0.16578389E-01  0.65162306E-01  0.19178741E-01
 -0.17124966E-01  0.64611757E-01  0.18327195E-01
 -0.17586299E-01  0.63873184E-01  0.17485718E-01
 -0.17965230E-01  0.62962088E-01  0.16654773E-01
 -0.18264889E-01  0.61894744E-01  0.15834929E-01
 -0.18489283E-01  0.60688540E-01  0.15026851E-01
 -0.18643625E-01  0.59362079E-01  0.14231281E-01
 -0.18734342E-01  0.57935019E-01  0.13448998E-01
 -0.18768807E-01  0.56427672E-01  0.12680786E-01
 -0.18754876E-01  0.54860433E-01  0.11927398E-01
 -0.18700355E-01  0.53253170E-01  0.11189520E-01
 -0.18612521E-01  0.51624684E-01  0.10467747E-01
 -0.18497789E-01  0.49992339E-01  0.97625518E-02
 -0.18361587E-01  0.48371906E-01  0.90742687E-02
 -0.18208437E-01  0.46777619E-01  0.84030738E-02
 -0.18042188E-01  0.45222400E-01  0.77489743E-02
 -0.17866337E-01  0.43718168E-01  0.71118017E-02
 -0.17684326E-01  0.42276140E-01  0.64912096E-02
 -0.17499764E-01  0.40907056E-01  0.58866763E-02
 -0.17316509E-01  0.39621264E-01  0.52975109E-02
 -0.17138605E-01  0.38428675E-01  0.47228621E-02
 -0.16970104E-01  0.37338596E-01  0.41617300E-02
 -0.16814829E-01  0.36359508E-01  0.36129777E-02
 -0.16676145E-01  0.35498853E-01  0.30753445E-02
 -0.16556796E-01  0.34762881E-01  0.25474588E-02
 -0.16458856E-01  0.34156619E-01  0.20278513E-02
 -0.16383802E-01  0.33683946E-01  0.15149686E-02
 -0.16332679E-01  0.33347771E-01  0.10071881E-02
 -0.16306329E-01  0.33150263E-01  0.50283313E-03
 -0.16305608E-01  0.33093071E-01  0.19048463E-06
  0.53177333E-01 -0.12056382E-01  0.14678805E-07
  0.52637735E-01 -0.11518626E-01 -0.47769982E-03
  0.51998767E-01 -0.10885203E-01 -0.95745501E-03
  0.51262915E-01 -0.10159026E-01 -0.14411909E-02
  0.50432994E-01 -0.93435815E-02 -0.19306713E-02
  0.49512149E-01 -0.84428834E-02 -0.24274049E-02
  0.48503863E-01 -0.74614243E-02 -0.29325760E-02
  0.47411928E-01 -0.64040994E-02 -0.34469883E-02
  0.46240394E-01 -0.52760986E-02 -0.39710239E-02
  0.44993482E-01 -0.40827857E-02 -0.45046211E-02
  0.43675522E-01 -0.28295998E-02 -0.50472731E-02
  0.42290927E-01 -0.15220159E-02 -0.55980454E-02
  0.40844246E-01 -0.16558371E-03 -0.61556137E-02
  0.39340278E-01  0.12339608E-02 -0.67183161E-02
  0.37784225E-01  0.26705501E-02 -0.72842171E-02
  0.36181816E-01  0.41376613E-02 -0.78511795E-02
  0.34539356E-01  0.56282738E-02 -0.84169365E-02
  0.32863663E-01  0.71349461E-02 -0.89791645E-02
  0.31161872E-01  0.86500177E-02 -0.95355505E-02
  0.29441156E-01  0.10165902E-01 -0.10083855E-01
  0.27708417E-01  0.11675404E-01 -0.10621968E-01
  0.25970019E-01  0.13171993E-01 -0.11147964E-01
  0.24231640E-01  0.14649950E-01 -0.11660146E-01
  0.22498259E-01  0.16104378E-01 -0.12157091E-01
  0.20774288E-01  0.17531065E-01 -0.12637690E-01
  0.19063790E-01  0.18926245E-01 -0.13101181E-01
  0.17370726E-01  0.20286349E-01 -0.13547174E-01
  0.15699146E-01  0.21607792E-01 -0.13975675E-01
  0.14053285E-01  0.22886868E-01 -0.14387093E-01
  0.12437524E-01  0.24119775E-01 -0.14782245E-01
  0.10856252E-01  0.25302746E-01 -0.15162344E-01
  0.93136599E-02  0.26432238E-01 -0.15528991E-01
  0.78135415E-02  0.27505133E-01 -0.15884151E-01
  0.63591540E-02  0.28518864E-01 -0.16230130E-01
  0.49531760E-02  0.29471459E-01 -0.16569551E-01
  0.35977685E-02  0.30361477E-01 -0.16905326E-01
  0.22947137E-02  0.31187871E-01 -0.17240624E-01
  0.10455812E-02  0.31949826E-01 -0.17578847E-01
 -0.14813452E-03  0.32646637E-01 -0.17923590E-01
 -0.12849541E-02  0.33277657E-01 -0.18278607E-01
 -0.23634554E-02  0.33842353E-01 -0.18647766E-01
 -0.33824125E-02  0.34340465E-01 -0.19034997E-01
 -0.43409969E-02  0.34772218E-01 -0.19444232E-01
 -0.52389840E-02  0.35138541E-01 -0.19879331E-01
 -0.60769016E-02  0.35441220E-01 -0.20344002E-01
 -0.68560620E-02  0.35682930E-01 -0.20841706E-01
 -0.75784469E-02  0.35867105E-01 -0.21375553E-01
 -0.82464404E-02  0.35997655E-01 -0.21948191E-01
 -0.88624474E-02  0.36078551E-01 -0.22561682E-01
 -0.94284584E-02  0.36113347E-01 -0.23217375E-01
 -0.99456475E-02  0.36104739E-01 -0.23915784E-01
 -0.10414085E-01  0.36054216E-01 -0.24656459E-01
 -0.10832636E-01  0.35961903E-01 -0.25437874E-01
 -0.11199073E-01  0.35826621E-01 -0.26257321E-01
 -0.11510395E-01  0.35646150E-01 -0.27110829E-01
 -0.11763301E-01  0.35417649E-01 -0.27993113E-01
 -0.11954706E-01  0.35138146E-01 -0.28897544E-01
 -0.22981994E-02  0.53549160E-01  0.28640206E-01
 -0.43165887E-02  0.56263207E-01  0.27987067E-01
 -0.61989169E-02  0.58728482E-01  0.27279564E-01
 -0.79426025E-02  0.60920285E-01  0.26536318E-01
 -0.95488839E-02  0.62822255E-01  0.25769818E-01
 -0.11022226E-01  0.64425873E-01  0.24988043E-01
 -0.12369280E-01  0.65729372E-01  0.24195835E-01
 -0.13597636E-01  0.66736315E-01  0.23395985E-01
 -0.14714644E-01  0.67454103E-01  0.22590061E-01
 -0.15726517E-01  0.67892675E-01  0.21778992E-01
 -0.16637862E-01  0.68063574E-01  0.20963469E-01
 -0.17451691E-01  0.67979458E-01  0.20144192E-01
 -0.18169842E-01  0.67654012E-01  0.19322008E-01
 -0.18793673E-01  0.67102163E-01  0.18497967E-01
 -0.19324842E-01  0.66340403E-01  0.17673327E-01
 -0.19766002E-01  0.65387079E-01  0.16849523E-01
 -0.20121247E-01  0.64262493E-01  0.16028117E-01
 -0.20396260E-01  0.62988737E-01  0.15210744E-01
 -0.20598138E-01  0.61589274E-01  0.14399056E-01
 -0.20734973E-01  0.60088317E-01  0.13594663E-01
 -0.20815305E-01  0.58510108E-01  0.12799091E-01
 -0.20847561E-01  0.56878237E-01  0.12013735E-01
 -0.20839603E-01  0.55215082E-01  0.11239830E-01
 -0.20798452E-01  0.53541458E-01  0.10478420E-01
 -0.20730214E-01  0.51876492E-01  0.97303369E-02
 -0.20640193E-01  0.50237682E-01  0.89961889E-02
 -0.20533104E-01  0.48641100E-01  0.82763495E-02
 -0.20413339E-01  0.47101630E-01  0.75709561E-02
 -0.20285183E-01  0.45633190E-01  0.68799129E-02
 -0.20152940E-01  0.44248859E-01  0.62028980E-02
 -0.20020949E-01  0.42960903E-01  0.55393746E-02
 -0.19893483E-01  0.41780693E-01  0.48886045E-02
 -0.19774598E-01  0.40718571E-01  0.42496645E-02
 -0.19667958E-01  0.39783696E-01  0.36214627E-02
 -0.19576704E-01  0.38983930E-01  0.30027568E-02
 -0.19503398E-01  0.38325802E-01  0.23921727E-02
 -0.19450060E-01  0.37814556E-01  0.17882236E-02
 -0.19418281E-01  0.37454279E-01  0.11893305E-02
 -0.19409382E-01  0.37248065E-01  0.59384375E-03
 -0.19424579E-01  0.37198191E-01  0.65629306E-07
  0.54723715E-01 -0.12503333E-01 -0.39089664E-06
  0.54185669E-01 -0.11967112E-01 -0.48360537E-03
  0.53550366E-01 -0.11337176E-01 -0.96864227E-03
  0.52820499E-01 -0.10616631E-01 -0.14572482E-02
  0.51998919E-01 -0.98089845E-02 -0.19510078E-02
  0.51088582E-01 -0.89180478E-02 -0.24512698E-02
  0.50092511E-01 -0.79478502E-02 -0.29590809E-02
  0.49013768E-01 -0.69025618E-02 -0.34751306E-02
  0.47855433E-01 -0.57864253E-02 -0.39997103E-02
  0.46620600E-01 -0.46037121E-02 -0.45326902E-02
  0.45312415E-01 -0.33587257E-02 -0.50735164E-02
  0.43934167E-01 -0.20558687E-02 -0.56212276E-02
  0.42489429E-01 -0.69977117E-03 -0.61744918E-02
  0.40982242E-01  0.70453994E-03 -0.67316578E-02
  0.39417280E-01  0.21514777E-02 -0.72908195E-02
  0.37799964E-01  0.36347903E-02 -0.78498861E-02
  0.36136468E-01  0.51475612E-02 -0.84066542E-02
  0.34433594E-01  0.66823390E-02 -0.89588779E-02
  0.32698534E-01  0.82313846E-02 -0.95043338E-02
  0.30938556E-01  0.97869933E-02 -0.10040881E-01
  0.29160683E-01  0.11341823E-01 -0.10566513E-01
  0.27371434E-01  0.12889158E-01 -0.11079409E-01
  0.25576681E-01  0.14423049E-01 -0.11577977E-01
  0.23781652E-01  0.15938316E-01 -0.12060897E-01
  0.21991058E-01  0.17430409E-01 -0.12527154E-01
  0.20209293E-01  0.18895195E-01 -0.12976077E-01
  0.18440663E-01  0.20328728E-01 -0.13407362E-01
  0.16689550E-01  0.21727061E-01 -0.13821092E-01
  0.14960489E-01  0.23086161E-01 -0.14217748E-01
  0.13258135E-01  0.24401922E-01 -0.14598210E-01
  0.11587144E-01  0.25670276E-01 -0.14963749E-01
  0.99520060E-02  0.26887352E-01 -0.15316013E-01
  0.83568795E-02  0.28049623E-01 -0.15657005E-01
  0.68054819E-02  0.29154019E-01 -0.15989065E-01
  0.53010483E-02  0.30197963E-01 -0.16314840E-01
  0.38463630E-02  0.31179344E-01 -0.16637259E-01
  0.24438375E-02  0.32096443E-01 -0.16959510E-01
  0.10955968E-02  0.32947860E-01 -0.17285010E-01
 -0.19646335E-03  0.33732467E-01 -0.17617372E-01
 -0.14306721E-02  0.34449425E-01 -0.17960377E-01
 -0.26056390E-02  0.35098253E-01 -0.18317923E-01
 -0.37203507E-02  0.35678943E-01 -0.18693979E-01
 -0.47742765E-02  0.36192083E-01 -0.19092521E-01
 -0.57674408E-02  0.36638932E-01 -0.19517457E-01
 -0.67004284E-02  0.37021440E-01 -0.19972544E-01
 -0.75742986E-02  0.37342148E-01 -0.20461284E-01
 -0.83904063E-02  0.37604003E-01 -0.20986820E-01
 -0.91501515E-02  0.37810077E-01 -0.21551814E-01
 -0.98546932E-02  0.37963254E-01 -0.22158321E-01
 -0.10504677E-01  0.38065909E-01 -0.22807658E-01
 -0.11100029E-01  0.38119648E-01 -0.23500275E-01
 -0.11639848E-01  0.38125147E-01 -0.24235629E-01
 -0.12122436E-01  0.38082113E-01 -0.25012067E-01
 -0.12545452E-01  0.37989375E-01 -0.25826725E-01
 -0.12906172E-01  0.37845085E-01 -0.26675456E-01
 -0.13201821E-01  0.37646987E-01 -0.27552773E-01
  0.28691314E-02  0.45890845E-01  0.29324688E-01
  0.57057736E-03  0.49306456E-01  0.28944919E-01
 -0.16313597E-02  0.52576795E-01  0.28473314E-01
 -0.37268667E-02  0.55656886E-01  0.27937163E-01
 -0.57091638E-02  0.58508417E-01  0.27355522E-01
 -0.75749337E-02  0.61100698E-01  0.26740918E-01
 -0.93241035E-02  0.63410925E-01  0.26100997E-01
 -0.10959090E-01  0.65423746E-01  0.25439996E-01
 -0.12483717E-01  0.67130334E-01  0.24759946E-01
 -0.13902052E-01  0.68527184E-01  0.24061611E-01
 -0.15217433E-01  0.69614922E-01  0.23345180E-01
 -0.16431851E-01  0.70397348E-01  0.22610742E-01
 -0.17545817E-01  0.70880838E-01  0.21858579E-01
 -0.18558678E-01  0.71074139E-01  0.21089338E-01
 -0.19469284E-01  0.70988476E-01  0.20304088E-01
 -0.20276816E-01  0.70637827E-01  0.19504313E-01
 -0.20981594E-01  0.70039186E-01  0.18691866E-01
 -0.21585676E-01  0.69212666E-01  0.17868884E-01
 -0.22093157E-01  0.68181339E-01  0.17037707E-01
 -0.22510111E-01  0.66970781E-01  0.16200784E-01
 -0.22844245E-01  0.65608381E-01  0.15360592E-01
 -0.23104340E-01  0.64122482E-01  0.14519556E-01
 -0.23299621E-01  0.62541515E-01  0.13679987E-01
 -0.23439175E-01  0.60893207E-01  0.12844024E-01
 -0.23531510E-01  0.59203983E-01  0.12013594E-01
 -0.23584306E-01  0.57498587E-01  0.11190376E-01
 -0.23604356E-01  0.55799922E-01  0.10375775E-01
 -0.23597659E-01  0.54129077E-01  0.95709075E-02
 -0.23569601E-01  0.52505461E-01  0.87765954E-02
 -0.23525159E-01  0.50946966E-01  0.79933623E-02
 -0.23469064E-01  0.49470132E-01  0.72214406E-02
 -0.23405889E-01  0.48090227E-01  0.64607832E-02
 -0.23340068E-01  0.46821275E-01  0.57110781E-02
 -0.23275839E-01  0.45676019E-01  0.49717678E-02
 -0.23217155E-01  0.44665851E-01  0.42420704E-02
 -0.23167603E-01  0.43800750E-01  0.35210030E-02
 -0.23130343E-01  0.43089248E-01  0.28074067E-02
 -0.23108101E-01  0.42538431E-01  0.20999725E-02
 -0.23103194E-01  0.42153996E-01  0.13972689E-02
 -0.23117603E-01  0.41940322E-01  0.69777094E-03
 -0.23153041E-01  0.41900552E-01 -0.10960334E-06
  0.56026565E-01 -0.12923823E-01 -0.72919215E-06
  0.55492005E-01 -0.12391086E-01 -0.48977482E-03
  0.54862192E-01 -0.11766388E-01 -0.98042619E-03
  0.54140092E-01 -0.11053094E-01 -0.14742335E-02
  0.53328682E-01 -0.10254819E-01 -0.19725972E-02
  0.52430809E-01 -0.93752498E-02 -0.24766993E-02
  0.51449098E-01 -0.84180107E-02 -0.29874400E-02
  0.50385901E-01 -0.73865687E-02 -0.35053855E-02
  0.49243318E-01 -0.62842061E-02 -0.40307277E-02
  0.48023275E-01 -0.51140630E-02 -0.45632623E-02
  0.46727690E-01 -0.38792585E-02 -0.51023845E-02
  0.45358681E-01 -0.25830797E-02 -0.56471053E-02
  0.43918824E-01 -0.12292135E-02 -0.61960870E-02
  0.42411397E-01  0.17802355E-03 -0.67476936E-02
  0.40840567E-01  0.16335075E-02 -0.73000530E-02
  0.39211475E-01  0.31312319E-02 -0.78511257E-02
  0.37530179E-01  0.46643660E-02 -0.83987750E-02
  0.35803469E-01  0.62254486E-02 -0.89408340E-02
  0.34038567E-01  0.78066902E-02 -0.94751686E-02
  0.32242781E-01  0.94003251E-02 -0.99997342E-02
  0.30423178E-01  0.10998944E-01 -0.10512627E-01
  0.28586336E-01  0.12595743E-01 -0.11012128E-01
  0.26738229E-01  0.14184642E-01 -0.11496750E-01
  0.24884247E-01  0.15760262E-01 -0.11965274E-01
  0.23029326E-01  0.17317791E-01 -0.12416783E-01
  0.21178147E-01  0.18852776E-01 -0.12850701E-01
  0.19335334E-01  0.20360913E-01 -0.13266809E-01
  0.17505604E-01  0.21837887E-01 -0.13665272E-01
  0.15693822E-01  0.23279296E-01 -0.14046641E-01
  0.13904972E-01  0.24680669E-01 -0.14411859E-01
  0.12144053E-01  0.26037552E-01 -0.14762251E-01
  0.10415939E-01  0.27345636E-01 -0.15099508E-01
  0.87252425E-02  0.28600887E-01 -0.15425671E-01
  0.70762151E-02  0.29799639E-01 -0.15743107E-01
  0.54726924E-02  0.30938652E-01 -0.16054486E-01
  0.39180806E-02  0.32015128E-01 -0.16362760E-01
  0.24153646E-02  0.33026719E-01 -0.16671136E-01
  0.96711530E-03  0.33971532E-01 -0.16983053E-01
 -0.42452067E-03  0.34848159E-01 -0.17302157E-01
 -0.17578502E-02  0.35655727E-01 -0.17632261E-01
 -0.30316693E-02  0.36393952E-01 -0.17977308E-01
 -0.42452829E-02  0.37063181E-01 -0.18341316E-01
 -0.53984814E-02  0.37664379E-01 -0.18728316E-01
 -0.64914598E-02  0.38199063E-01 -0.19142277E-01
 -0.75246735E-02  0.38669157E-01 -0.19587008E-01
 -0.84986471E-02  0.39076796E-01 -0.20066065E-01
 -0.94137656E-02  0.39424100E-01 -0.20582628E-01
 -0.10270083E-01  0.39712958E-01 -0.21139377E-01
 -0.11067186E-01  0.39944853E-01 -0.21738365E-01
 -0.11804129E-01  0.40120748E-01 -0.22380879E-01
 -0.12479455E-01  0.40241048E-01 -0.23067302E-01
 -0.13091293E-01  0.40305633E-01 -0.23796993E-01
 -0.13637497E-01  0.40313925E-01 -0.24568164E-01
 -0.14115817E-01  0.40264982E-01 -0.25377785E-01
  0.10781406E-01  0.33494327E-01  0.29046078E-01
  0.83109464E-02  0.37196994E-01  0.29164725E-01
  0.58779465E-02  0.40948243E-01  0.29099850E-01
  0.34932103E-02  0.44693785E-01  0.28899450E-01
  0.11685463E-02  0.48379572E-01  0.28601491E-01
 -0.10849032E-02  0.51953721E-01  0.28234216E-01
 -0.32579392E-02  0.55368390E-01  0.27817288E-01
 -0.53440388E-02  0.58581294E-01  0.27363320E-01
 -0.73394761E-02  0.61556641E-01  0.26879504E-01
 -0.92428732E-02  0.64265429E-01  0.26369148E-01
 -0.11054333E-01  0.66685155E-01  0.25833004E-01
 -0.12774381E-01  0.68799140E-01  0.25270354E-01
 -0.14402985E-01  0.70595702E-01  0.24679840E-01
 -0.15938869E-01  0.72067428E-01  0.24060068E-01
 -0.17379280E-01  0.73210708E-01  0.23410002E-01
 -0.18720234E-01  0.74025596E-01  0.22729199E-01
 -0.19957166E-01  0.74515975E-01  0.22017916E-01
 -0.21085820E-01  0.74689881E-01  0.21277120E-01
 -0.22103179E-01  0.74559834E-01  0.20508435E-01
 -0.23008235E-01  0.74143004E-01  0.19714044E-01
 -0.23802461E-01  0.73461090E-01  0.18896575E-01
 -0.24489911E-01  0.72539870E-01  0.18058973E-01
 -0.25076976E-01  0.71408439E-01  0.17204382E-01
 -0.25571857E-01  0.70098232E-01  0.16336022E-01
 -0.25983899E-01  0.68641948E-01  0.15457099E-01
 -0.26322889E-01  0.67072506E-01  0.14570705E-01
 -0.26598451E-01  0.65422140E-01  0.13679753E-01
 -0.26819604E-01  0.63721711E-01  0.12786914E-01
 -0.26994497E-01  0.62000246E-01  0.11894571E-01
 -0.27130342E-01  0.60284712E-01  0.11004788E-01
 -0.27233473E-01  0.58599958E-01  0.10119284E-01
 -0.27309503E-01  0.56968783E-01  0.92394258E-02
 -0.27363505E-01  0.55412067E-01  0.83662235E-02
 -0.27400191E-01  0.53948911E-01  0.75003394E-02
 -0.27424044E-01  0.52596758E-01  0.66421013E-02
 -0.27439401E-01  0.51371475E-01  0.57915217E-02
 -0.27450472E-01  0.50287382E-01  0.49483228E-02
 -0.27461324E-01  0.49357257E-01  0.41119645E-02
 -0.27475827E-01  0.48592289E-01  0.32816763E-02
 -0.27497578E-01  0.48002038E-01  0.24564904E-02
 -0.27529829E-01  0.47594366E-01  0.16352782E-02
 -0.27575416E-01  0.47375387E-01  0.81678832E-03
 -0.27636700E-01  0.47349422E-01 -0.31439566E-06
  0.57092527E-01 -0.13322852E-01 -0.94374326E-06
  0.56564099E-01 -0.12796246E-01 -0.49617638E-03
  0.55942215E-01 -0.12179146E-01 -0.99280244E-03
  0.55230108E-01 -0.11475171E-01 -0.14921725E-02
  0.54430898E-01 -0.10688058E-01 -0.19954980E-02
  0.53547355E-01 -0.98214023E-02 -0.25037863E-02
  0.52581735E-01 -0.88784543E-02 -0.30177825E-02
  0.51535716E-01 -0.78620091E-02 -0.35379194E-02
  0.50410444E-01 -0.67744153E-02 -0.40642810E-02
  0.49206709E-01 -0.56177075E-02 -0.45965808E-02
  0.47925227E-01 -0.43938489E-02 -0.51341587E-02
  0.46566992E-01 -0.31050482E-02 -0.56759973E-02
  0.45133627E-01 -0.17540928E-02 -0.62207548E-02
  0.43627702E-01 -0.34463884E-03 -0.67668143E-02
  0.42052927E-01  0.11186061E-02 -0.73123432E-02
  0.40414196E-01  0.26298464E-02 -0.78553583E-02
  0.38717468E-01  0.41823236E-02 -0.83937932E-02
  0.36969505E-01  0.57685823E-02 -0.89255628E-02
  0.35177515E-01  0.73808279E-02 -0.94486229E-02
  0.33348778E-01  0.90113063E-02 -0.99610251E-02
  0.31490313E-01  0.10652634E-01 -0.10460965E-01
  0.29608659E-01  0.12298021E-01 -0.10946828E-01
  0.27709794E-01  0.13941356E-01 -0.11417228E-01
  0.25799178E-01  0.15577157E-01 -0.11871047E-01
  0.23881906E-01  0.17200417E-01 -0.12307471E-01
  0.21962896E-01  0.18806411E-01 -0.12726014E-01
  0.20047072E-01  0.20390496E-01 -0.13126547E-01
  0.18139487E-01  0.21947978E-01 -0.13509312E-01
  0.16245366E-01  0.23474050E-01 -0.13874933E-01
  0.14370068E-01  0.24963814E-01 -0.14224411E-01
  0.12518996E-01  0.26412354E-01 -0.14559119E-01
  0.10697469E-01  0.27814854E-01 -0.14880788E-01
  0.89106008E-02  0.29166702E-01 -0.15191490E-01
  0.71632001E-02  0.30463600E-01 -0.15493618E-01
  0.54596870E-02  0.31701642E-01 -0.15789865E-01
  0.38040311E-02  0.32877390E-01 -0.16083203E-01
  0.21996932E-02  0.33987947E-01 -0.16376868E-01
  0.64956491E-03  0.35031039E-01 -0.16674330E-01
 -0.84408690E-03  0.36005095E-01 -0.16979272E-01
 -0.22796549E-02  0.36909305E-01 -0.17295556E-01
 -0.36561798E-02  0.37743630E-01 -0.17627179E-01
 -0.49732693E-02  0.38508748E-01 -0.17978224E-01
 -0.62309358E-02  0.39205899E-01 -0.18352789E-01
 -0.74293614E-02  0.39836669E-01 -0.18754912E-01
 -0.85686235E-02  0.40402712E-01 -0.19188471E-01
 -0.96484276E-02  0.40905475E-01 -0.19657080E-01
 -0.10667905E-01  0.41345982E-01 -0.20163965E-01
 -0.11625518E-01  0.41724703E-01 -0.20711835E-01
 -0.12519100E-01  0.42041559E-01 -0.21302745E-01
 -0.13346019E-01  0.42296025E-01 -0.21937950E-01
 -0.14103424E-01  0.42487318E-01 -0.22617771E-01
 -0.14788528E-01  0.42614597E-01 -0.23341463E-01
  0.18515512E-01  0.21624487E-01  0.26849997E-01
  0.16081301E-01  0.24933873E-01  0.27680275E-01
  0.13650323E-01  0.28462444E-01  0.28208255E-01
  0.11221352E-01  0.32168431E-01  0.28493069E-01
  0.87983262E-02  0.36005969E-01  0.28590417E-01
  0.63888872E-02  0.39925636E-01  0.28548674E-01
  0.40027851E-02  0.43875585E-01  0.28407049E-01
  0.16503251E-02  0.47803116E-01  0.28195244E-01
 -0.65893954E-03  0.51656462E-01  0.27934128E-01
 -0.29170974E-02  0.55386479E-01  0.27636976E-01
 -0.51182377E-02  0.58947987E-01  0.27310975E-01
 -0.72582605E-02  0.62300621E-01  0.26958748E-01
 -0.93342338E-02  0.65409158E-01  0.26579772E-01
 -0.11343489E-01  0.68243442E-01  0.26171597E-01
 -0.13282702E-01  0.70778096E-01  0.25730835E-01
 -0.15147202E-01  0.72992223E-01  0.25253924E-01
 -0.16930683E-01  0.74869298E-01  0.24737677E-01
 -0.18625407E-01  0.76397310E-01  0.24179634E-01
 -0.20222835E-01  0.77569164E-01  0.23578270E-01
 -0.21714571E-01  0.78383221E-01  0.22933073E-01
 -0.23093402E-01  0.78843827E-01  0.22244527E-01
 -0.24354244E-01  0.78961656E-01  0.21514029E-01
 -0.25494811E-01  0.78753738E-01  0.20743772E-01
 -0.26515918E-01  0.78243097E-01  0.19936592E-01
 -0.27421394E-01  0.77458017E-01  0.19095815E-01
 -0.28217668E-01  0.76430990E-01  0.18225103E-01
 -0.28913113E-01  0.75197489E-01  0.17328310E-01
 -0.29517288E-01  0.73794666E-01  0.16409348E-01
 -0.30040189E-01  0.72260131E-01  0.15472076E-01
 -0.30491601E-01  0.70630890E-01  0.14520197E-01
 -0.30880627E-01  0.68942509E-01  0.13557179E-01
 -0.31215391E-01  0.67228533E-01  0.12586192E-01
 -0.31502949E-01  0.65520141E-01  0.11610053E-01
 -0.31749343E-01  0.63846023E-01  0.10631204E-01
 -0.31959791E-01  0.62232419E-01  0.96516816E-02
 -0.32138936E-01  0.60703265E-01  0.86731193E-02
 -0.32291118E-01  0.59280397E-01  0.76967492E-02
 -0.32420610E-01  0.57983746E-01  0.67234191E-02
 -0.32531789E-01  0.56831484E-01  0.57536153E-02
 -0.32629196E-01  0.55840078E-01  0.47874943E-02
 -0.32717494E-01  0.55024253E-01  0.38249191E-02
 -0.32801317E-01  0.54396851E-01  0.28655004E-02
 -0.32885051E-01  0.53968621E-01  0.19086419E-02
 -0.32972588E-01  0.53747987E-01  0.95358848E-03
 -0.33067090E-01  0.53740823E-01 -0.52315740E-06
  0.57929693E-01 -0.13704673E-01 -0.99576210E-06
  0.57410638E-01 -0.13187425E-01 -0.50278405E-03
  0.56799609E-01 -0.12580775E-01 -0.10057592E-02
  0.56100035E-01 -0.11888522E-01 -0.15110691E-02
  0.55315130E-01 -0.11114481E-01 -0.20197304E-02
  0.54447571E-01 -0.10262139E-01 -0.25325693E-02
  0.53499266E-01 -0.93343914E-02 -0.30501666E-02
  0.52471263E-01 -0.83334070E-02 -0.35728132E-02
  0.51363835E-01 -0.72606743E-02 -0.41004762E-02
  0.50176733E-01 -0.61172162E-02 -0.46327803E-02
  0.48909593E-01 -0.49039475E-02 -0.51690062E-02
  0.47562395E-01 -0.36221087E-02 -0.57081063E-02
  0.46135927E-01 -0.22736926E-02 -0.62487363E-02
  0.44632145E-01 -0.86178180E-03 -0.67893019E-02
  0.43054365E-01  0.60927146E-03 -0.73280142E-02
  0.41407269E-01  0.21338542E-02 -0.78629510E-02
  0.39696711E-01  0.37052873E-02 -0.83921205E-02
  0.37929387E-01  0.53161619E-02 -0.89135219E-02
  0.36112424E-01  0.69587474E-02 -0.94252028E-02
  0.34252981E-01  0.86253904E-02 -0.99253110E-02
  0.32357936E-01  0.10308833E-01 -0.10412142E-01
  0.30433691E-01  0.12002400E-01 -0.10884183E-01
  0.28486135E-01  0.13700042E-01 -0.11340151E-01
  0.26520729E-01  0.15396250E-01 -0.11779030E-01
  0.24542667E-01  0.17085883E-01 -0.12200101E-01
  0.22557067E-01  0.18763977E-01 -0.12602975E-01
  0.20569135E-01  0.20425564E-01 -0.12987608E-01
  0.18584265E-01  0.22065561E-01 -0.13354320E-01
  0.16608059E-01  0.23678727E-01 -0.13703797E-01
  0.14646281E-01  0.25259695E-01 -0.14037097E-01
  0.12704761E-01  0.26803050E-01 -0.14355634E-01
  0.10789279E-01  0.28303430E-01 -0.14661174E-01
  0.89054457E-02  0.29755642E-01 -0.14955814E-01
  0.70585846E-02  0.31154774E-01 -0.15241970E-01
  0.52536277E-02  0.32496315E-01 -0.15522356E-01
  0.34950040E-02  0.33776271E-01 -0.15799970E-01
  0.17865294E-02  0.34991305E-01 -0.16078078E-01
  0.13130233E-03  0.36138862E-01 -0.16360191E-01
 -0.14683709E-02  0.37217273E-01 -0.16650039E-01
 -0.30109902E-02  0.38225798E-01 -0.16951544E-01
 -0.44957832E-02  0.39164576E-01 -0.17268774E-01
 -0.59225180E-02  0.40034461E-01 -0.17605887E-01
 -0.72912097E-02  0.40836745E-01 -0.17967065E-01
 -0.86017587E-02  0.41572809E-01 -0.18356428E-01
 -0.98535813E-02  0.42243754E-01 -0.18777936E-01
 -0.11045308E-01  0.42850094E-01 -0.19235274E-01
 -0.12174625E-01  0.43391570E-01 -0.19731727E-01
 -0.13238293E-01  0.43867148E-01 -0.20270040E-01
 -0.14232376E-01  0.44275187E-01 -0.20852278E-01
 -0.15152603E-01  0.44613751E-01 -0.21479672E-01
  0.25526627E-01  0.12150641E-01  0.22544322E-01
  0.23203155E-01  0.14627523E-01  0.24241759E-01
  0.20895718E-01  0.17421452E-01  0.25556784E-01
  0.18586683E-01  0.20509286E-01  0.26523870E-01
  0.16264264E-01  0.23864155E-01  0.27192108E-01
  0.13922473E-01  0.27455025E-01  0.27616369E-01
  0.11560463E-01  0.31246262E-01  0.27850623E-01
  0.91814890E-02  0.35197551E-01  0.27943442E-01
  0.67916439E-02  0.39264341E-01  0.27935451E-01
  0.43985365E-02  0.43398801E-01  0.27858320E-01
  0.20101000E-02  0.47551150E-01  0.27734880E-01
 -0.36630452E-03  0.51671114E-01  0.27579959E-01
 -0.27243550E-02  0.55709291E-01  0.27401632E-01
 -0.50587512E-02  0.59618232E-01  0.27202631E-01
 -0.73647626E-02  0.63353178E-01  0.26981750E-01
 -0.96374879E-02  0.66872482E-01  0.26735143E-01
 -0.11871041E-01  0.70137853E-01  0.26457440E-01
 -0.14057894E-01  0.73114583E-01  0.26142678E-01
 -0.16188575E-01  0.75771908E-01  0.25785010E-01
 -0.18251812E-01  0.78083591E-01  0.25379236E-01
 -0.20235133E-01  0.80028706E-01  0.24921155E-01
 -0.22125810E-01  0.81592551E-01  0.24407765E-01
 -0.23911973E-01  0.82767523E-01  0.23837347E-01
 -0.25583696E-01  0.83553796E-01  0.23209455E-01
 -0.27133875E-01  0.83959658E-01  0.22524827E-01
 -0.28558774E-01  0.84001407E-01  0.21785257E-01
 -0.29858180E-01  0.83702807E-01  0.20993434E-01
 -0.31035187E-01  0.83094123E-01  0.20152764E-01
 -0.32095662E-01  0.82210860E-01  0.19267193E-01
 -0.33047521E-01  0.81092300E-01  0.18341035E-01
 -0.33899893E-01  0.79779992E-01  0.17378804E-01
 -0.34662307E-01  0.78316302E-01  0.16385076E-01
 -0.35343984E-01  0.76743135E-01  0.15364351E-01
 -0.35953306E-01  0.75100895E-01  0.14320947E-01
 -0.36497502E-01  0.73427749E-01  0.13258911E-01
 -0.36982575E-01  0.71759180E-01  0.12181948E-01
 -0.37413452E-01  0.70127844E-01  0.11093368E-01
 -0.37794294E-01  0.68563646E-01  0.99960590E-02
 -0.38128921E-01  0.67093982E-01  0.88924684E-02
 -0.38421232E-01  0.65744028E-01  0.77846076E-02
 -0.38675543E-01  0.64536980E-01  0.66740659E-02
 -0.38896759E-01  0.63494167E-01  0.55620386E-02
 -0.39090343E-01  0.62634975E-01  0.44493650E-02
 -0.39262072E-01  0.61976585E-01  0.33365741E-02
 -0.39417633E-01  0.61533556E-01  0.22239383E-02
 -0.39562148E-01  0.61317339E-01  0.11115314E-02
 -0.39699710E-01  0.61335826E-01 -0.70845631E-06
  0.58547297E-01 -0.14072797E-01 -0.86963173E-06
  0.58041197E-01 -0.13568464E-01 -0.50957522E-03
  0.57444191E-01 -0.12975369E-01 -0.10192674E-02
  0.56759770E-01 -0.12297360E-01 -0.15308877E-02
  0.55991148E-01 -0.11538237E-01 -0.20452537E-02
  0.55140864E-01 -0.10701336E-01 -0.25630036E-02
  0.54210491E-01 -0.97892050E-02 -0.30845475E-02
  0.53200522E-01 -0.88034593E-02 -0.36100263E-02
  0.52110482E-01 -0.77448462E-02 -0.41392834E-02
  0.50939254E-01 -0.66135335E-02 -0.46718494E-02
  0.49685575E-01 -0.54095623E-02 -0.52069418E-02
  0.48348602E-01 -0.41333762E-02 -0.57434814E-02
  0.46928446E-01 -0.27863206E-02 -0.62801222E-02
  0.45426564E-01 -0.13710122E-02 -0.68152944E-02
  0.43845950E-01  0.10849319E-03 -0.73472559E-02
  0.42191085E-01  0.16467569E-02 -0.78741494E-02
  0.40467686E-01  0.32372168E-02 -0.83940605E-02
  0.38682311E-01  0.48725830E-02 -0.89050756E-02
  0.36841912E-01  0.65452838E-02 -0.94053354E-02
  0.34953429E-01  0.82478708E-02 -0.98930853E-02
  0.33023494E-01  0.99733126E-02 -0.10366721E-01
  0.31058288E-01  0.11715139E-01 -0.10824831E-01
  0.29063541E-01  0.13467437E-01 -0.11266235E-01
  0.27044656E-01  0.15224724E-01 -0.11690016E-01
  0.25006892E-01  0.16981765E-01 -0.12095553E-01
  0.22955543E-01  0.18733377E-01 -0.12482546E-01
  0.20896089E-01  0.20474272E-01 -0.12851035E-01
  0.18834258E-01  0.22198972E-01 -0.13201409E-01
  0.16776029E-01  0.23901795E-01 -0.13534415E-01
  0.14727561E-01  0.25576897E-01 -0.13851157E-01
  0.12695096E-01  0.27218363E-01 -0.14153086E-01
  0.10684835E-01  0.28820313E-01 -0.14441994E-01
  0.87028124E-02  0.30377022E-01 -0.14719999E-01
  0.67547736E-02  0.31883047E-01 -0.14989536E-01
  0.48460381E-02  0.33333374E-01 -0.15253340E-01
  0.29813618E-02  0.34723575E-01 -0.15514438E-01
  0.11647953E-02  0.36049974E-01 -0.15776129E-01
 -0.60043633E-03  0.37309798E-01 -0.16041972E-01
 -0.23119994E-02  0.38501279E-01 -0.16315758E-01
 -0.39684237E-02  0.39623656E-01 -0.16601481E-01
 -0.55689507E-02  0.40677057E-01 -0.16903291E-01
 -0.71132492E-02  0.41662241E-01 -0.17225439E-01
 -0.86010219E-02  0.42580227E-01 -0.17572205E-01
 -0.10031561E-01  0.43431859E-01 -0.17947810E-01
 -0.11403332E-01  0.44217402E-01 -0.18356311E-01
 -0.12713690E-01  0.44936236E-01 -0.18801483E-01
 -0.13958782E-01  0.45586750E-01 -0.19286684E-01
  0.34052310E-01  0.46635852E-02  0.13704832E-01
  0.31707055E-01  0.58235656E-02  0.16409653E-01
  0.29446215E-01  0.73245106E-02  0.18866508E-01
  0.27246332E-01  0.91674323E-02  0.20998882E-01
  0.25082097E-01  0.11346429E-01  0.22771557E-01
  0.22929655E-01  0.13851201E-01  0.24183868E-01
  0.20768738E-01  0.16668270E-01  0.25260874E-01
  0.18583778E-01  0.19781153E-01  0.26044207E-01
  0.16364234E-01  0.23169876E-01  0.26583795E-01
  0.14104323E-01  0.26810273E-01  0.26931174E-01
  0.11802349E-01  0.30673412E-01  0.27134621E-01
  0.94597721E-02  0.34725392E-01  0.27236033E-01
  0.70801752E-02  0.38927589E-01  0.27269297E-01
  0.46682769E-02  0.43237321E-01  0.27259824E-01
  0.22291474E-02  0.47608766E-01  0.27224902E-01
 -0.23224752E-03  0.51993988E-01  0.27174578E-01
 -0.27111080E-02  0.56343894E-01  0.27112831E-01
 -0.52024841E-02  0.60609056E-01  0.27038850E-01
 -0.77006853E-02  0.64740397E-01  0.26948305E-01
 -0.10198587E-01  0.68689796E-01  0.26834516E-01
 -0.12687037E-01  0.72410754E-01  0.26689487E-01
 -0.15154532E-01  0.75859198E-01  0.26504772E-01
 -0.17587295E-01  0.78994502E-01  0.26272167E-01
 -0.19969773E-01  0.81780717E-01  0.25984239E-01
 -0.22285494E-01  0.84187905E-01  0.25634698E-01
 -0.24518158E-01  0.86193473E-01  0.25218634E-01
 -0.26652793E-01  0.87783314E-01  0.24732629E-01
 -0.28676800E-01  0.88952632E-01  0.24174778E-01
 -0.30580758E-01  0.89706318E-01  0.23544634E-01
 -0.32358892E-01  0.90058841E-01  0.22843091E-01
 -0.34009170E-01  0.90033629E-01  0.22072231E-01
 -0.35533035E-01  0.89662012E-01  0.21235143E-01
 -0.36934834E-01  0.88981802E-01  0.20335730E-01
 -0.38221022E-01  0.88035625E-01  0.19378515E-01
 -0.39399246E-01  0.86869153E-01  0.18368449E-01
 -0.40477437E-01  0.85529364E-01  0.17310733E-01
 -0.41463016E-01  0.84062988E-01  0.16210651E-01
 -0.42362336E-01  0.82515238E-01  0.15073427E-01
 -0.43180423E-01  0.80928933E-01  0.13904101E-01
 -0.43921051E-01  0.79344025E-01  0.12707433E-01
 -0.44587105E-01  0.77797511E-01  0.11487825E-01
 -0.45181157E-01  0.76323622E-01  0.10249268E-01
 -0.45706100E-01  0.74954153E-01  0.89953207E-02
 -0.46165687E-01  0.73718767E-01  0.77290973E-02
 -0.46564842E-01  0.72645112E-01  0.64532830E-02
 -0.46909643E-01  0.71758672E-01  0.51701635E-02
 -0.47206965E-01  0.71082304E-01  0.38816692E-02
 -0.47463849E-01  0.70635542E-01  0.25894315E-02
 -0.47686732E-01  0.70433771E-01  0.12948481E-02
 -0.47880704E-01  0.70487456E-01 -0.84438867E-06
  0.58955520E-01 -0.14430238E-01 -0.57500459E-06
  0.58465972E-01 -0.13942380E-01 -0.51652832E-03
  0.57886077E-01 -0.13365885E-01 -0.10332736E-02
  0.57219230E-01 -0.12704489E-01 -0.15515435E-02
  0.56468523E-01 -0.11961857E-01 -0.20719526E-02
  0.55636300E-01 -0.11141115E-01 -0.25949472E-02
  0.54723818E-01 -0.10244485E-01 -0.31207611E-02
  0.53731117E-01 -0.92731162E-02 -0.36493807E-02
  0.52657145E-01 -0.82271763E-02 -0.41805212E-02
  0.51500136E-01 -0.71061838E-02 -0.47136147E-02
  0.50258168E-01 -0.59095283E-02 -0.52478131E-02
  0.48929801E-01 -0.46370660E-02 -0.57820039E-02
  0.47514653E-01 -0.32896636E-02 -0.63148388E-02
  0.46013809E-01 -0.18695814E-02 -0.68447730E-02
  0.44429992E-01 -0.38062167E-03 -0.73701127E-02
  0.42767472E-01  0.11719726E-02 -0.78890666E-02
  0.41031761E-01  0.27818277E-02 -0.83997998E-02
  0.39229178E-01  0.44418776E-02 -0.89004871E-02
  0.37366385E-01  0.61448266E-02 -0.93893638E-02
  0.35449991E-01  0.78835441E-02 -0.98647737E-02
  0.33486290E-01  0.96513220E-02 -0.10325213E-01
  0.31481165E-01  0.11441969E-01 -0.10769372E-01
  0.29440141E-01  0.13249757E-01 -0.11196169E-01
  0.27368534E-01  0.15069264E-01 -0.11604787E-01
  0.25271650E-01  0.16895172E-01 -0.11994697E-01
  0.23154950E-01  0.18722087E-01 -0.12365686E-01
  0.21024172E-01  0.20544407E-01 -0.12717868E-01
  0.18885365E-01  0.22356267E-01 -0.13051697E-01
  0.16744851E-01  0.24151558E-01 -0.13367972E-01
  0.14609141E-01  0.25923995E-01 -0.13667835E-01
  0.12484814E-01  0.27667219E-01 -0.13952764E-01
  0.10378395E-01  0.29374910E-01 -0.14224573E-01
  0.82962215E-02  0.31040916E-01 -0.14485395E-01
  0.62443123E-02  0.32659393E-01 -0.14737681E-01
  0.42282222E-02  0.34224963E-01 -0.14984186E-01
  0.22528936E-02  0.35732882E-01 -0.15227965E-01
  0.32251198E-03  0.37179221E-01 -0.15472359E-01
 -0.15596016E-02  0.38561003E-01 -0.15720982E-01
 -0.33910227E-02  0.39876280E-01 -0.15977693E-01
 -0.51701415E-02  0.41124080E-01 -0.16246570E-01
 -0.68959420E-02  0.42304235E-01 -0.16531863E-01
 -0.85676478E-02  0.43417048E-01 -0.16837931E-01
 -0.10184272E-01  0.44462878E-01 -0.17169172E-01
  0.44502349E-01  0.19682741E-02  0.23351096E-02
  0.41993356E-01  0.19524218E-02  0.43768237E-02
  0.39538856E-01  0.20891839E-02  0.68216250E-02
  0.37169826E-01  0.24460668E-02  0.94948303E-02
  0.34898928E-01  0.30711514E-02  0.12226499E-01
  0.32723360E-01  0.39952315E-02  0.14867999E-01
  0.30628924E-01  0.52353466E-02  0.17303041E-01
  0.28594371E-01  0.67986904E-02  0.19452669E-01
  0.26595339E-01  0.86860782E-02  0.21274854E-01
  0.24607475E-01  0.10894473E-01  0.22760040E-01
  0.22608635E-01  0.13418395E-01  0.23924283E-01
  0.20580193E-01  0.16250321E-01  0.24801499E-01
  0.18507628E-01  0.19380322E-01  0.25435982E-01
  0.16380544E-01  0.22795309E-01  0.25875981E-01
  0.14192292E-01  0.26478176E-01  0.26168700E-01
  0.11939337E-01  0.30407122E-01  0.26356786E-01
  0.96205073E-02  0.34555263E-01  0.26476193E-01
  0.72362484E-02  0.38890589E-01  0.26555167E-01
  0.47880236E-02  0.43376216E-01  0.26614099E-01
  0.22779471E-02  0.47970828E-01  0.26665975E-01
 -0.29128111E-03  0.52629236E-01  0.26717215E-01
 -0.29161454E-02  0.57302982E-01  0.26768714E-01
 -0.55918549E-02  0.61940985E-01  0.26816968E-01
 -0.83117769E-02  0.66490259E-01  0.26855186E-01
 -0.11066913E-01  0.70896780E-01  0.26874338E-01
 -0.13845564E-01  0.75106557E-01  0.26864095E-01
 -0.16633289E-01  0.79066940E-01  0.26813642E-01
 -0.19413221E-01  0.82728153E-01  0.26712358E-01
 -0.22166710E-01  0.86044988E-01  0.26550359E-01
 -0.24874244E-01  0.88978541E-01  0.26318910E-01
 -0.27516520E-01  0.91497855E-01  0.26010717E-01
 -0.30075562E-01  0.93581345E-01  0.25620101E-01
 -0.32535726E-01  0.95217843E-01  0.25143087E-01
 -0.34884514E-01  0.96407203E-01  0.24577400E-01
 -0.37113075E-01  0.97160354E-01  0.23922399E-01
 -0.39216344E-01  0.97498808E-01  0.23178961E-01
 -0.41192798E-01  0.97453605E-01  0.22349318E-01
 -0.43043852E-01  0.97063781E-01  0.21436873E-01
 -0.44772970E-01  0.96374476E-01  0.20445995E-01
 -0.46384633E-01  0.95434842E-01  0.19381810E-01
 -0.47883316E-01  0.94295970E-01  0.18249993E-01
 -0.49272671E-01  0.93009040E-01  0.17056565E-01
 -0.50555057E-01  0.91623877E-01  0.15807714E-01
 -0.51731507E-01  0.90188029E-01  0.14509631E-01
 -0.52802139E-01  0.88746360E-01  0.13168377E-01
 -0.53766891E-01  0.87341085E-01  0.11789769E-01
 -0.54626400E-01  0.86012035E-01  0.10379308E-01
 -0.55382799E-01  0.84796943E-01  0.89421284E-02
 -0.56040185E-01  0.83731493E-01  0.74829765E-02
 -0.56604642E-01  0.82848996E-01  0.60062171E-02
 -0.57083749E-01  0.82179636E-01  0.45158605E-02
 -0.57485675E-01  0.81749357E-01  0.30156103E-02
 -0.57818048E-01  0.81578581E-01  0.15089245E-02
 -0.58086860E-01  0.81681012E-01 -0.90999411E-06
  0.59165409E-01 -0.14779946E-01 -0.14530031E-06
  0.58695677E-01 -0.14311786E-01 -0.52362123E-03
  0.58135588E-01 -0.13754558E-01 -0.10476993E-02
  0.57488273E-01 -0.13111726E-01 -0.15729018E-02
  0.56756583E-01 -0.12386698E-01 -0.20996390E-02
  0.55942614E-01 -0.11582334E-01 -0.26281632E-02
  0.55047343E-01 -0.10700557E-01 -0.31585302E-02
  0.54070479E-01 -0.97421646E-02 -0.36905699E-02
  0.53010594E-01 -0.87069298E-02 -0.42238671E-02
  0.51865519E-01 -0.75939535E-02 -0.47577538E-02
  0.50632942E-01 -0.64022185E-02 -0.52913143E-02
  0.49311064E-01 -0.51312142E-02 -0.58234010E-02
  0.47899197E-01 -0.37814964E-02 -0.63526616E-02
  0.46398166E-01 -0.23550635E-02 -0.68775751E-02
  0.44810453E-01 -0.85548038E-03 -0.73964945E-02
  0.43140073E-01  0.71225794E-03 -0.79076938E-02
  0.41392240E-01  0.23420696E-02 -0.84094170E-02
  0.39572909E-01  0.40272409E-02 -0.88999272E-02
  0.37688324E-01  0.57608841E-02 -0.93775546E-02
  0.35744649E-01  0.75363003E-02 -0.98407411E-02
  0.33747756E-01  0.93471903E-02 -0.10288083E-01
  0.31703179E-01  0.11187696E-01 -0.10718371E-01
  0.29616209E-01  0.13052301E-01 -0.11130622E-01
  0.27492069E-01  0.14935650E-01 -0.11524112E-01
  0.25336105E-01  0.16832344E-01 -0.11898401E-01
  0.23153941E-01  0.18736778E-01 -0.12253354E-01
  0.20951555E-01  0.20643046E-01 -0.12589152E-01
  0.18735272E-01  0.22544928E-01 -0.12906306E-01
  0.16511695E-01  0.24435941E-01 -0.13205656E-01
  0.14287593E-01  0.26309433E-01 -0.13488373E-01
  0.12069764E-01  0.28158704E-01 -0.13755957E-01
  0.98649108E-02  0.29977125E-01 -0.14010232E-01
  0.76795071E-02  0.31758266E-01 -0.14253344E-01
  0.55196720E-02  0.33496039E-01 -0.14487755E-01
  0.33910337E-02  0.35184841E-01 -0.14716240E-01
  0.12985936E-02  0.36819728E-01 -0.14941885E-01
 -0.75339191E-03  0.38396559E-01 -0.15168075E-01
 -0.27614811E-02  0.39912111E-01 -0.15398482E-01
 -0.47230279E-02  0.41364100E-01 -0.15637048E-01
 -0.66360427E-02  0.42751089E-01 -0.15887945E-01
  0.51033512E-01  0.14491692E-02 -0.97168694E-03
  0.48882606E-01  0.15103367E-02 -0.82888428E-03
  0.46610904E-01  0.14270112E-02 -0.20147514E-04
  0.44285040E-01  0.12965254E-02  0.14017066E-02
  0.41963293E-01  0.12099444E-02  0.33367185E-02
  0.39690695E-01  0.12463090E-02  0.56512168E-02
  0.37496533E-01  0.14693076E-02  0.81944710E-02
  0.35394231E-01  0.19264609E-02  0.10815684E-01
  0.33383165E-01  0.26504154E-02  0.13378736E-01
  0.31451708E-01  0.36616280E-02  0.15772871E-01
  0.29580778E-01  0.49716282E-02  0.17918565E-01
  0.27747250E-01  0.65861380E-02  0.19768738E-01
  0.25926844E-01  0.85075448E-02  0.21306218E-01
  0.24096283E-01  0.10736477E-01  0.22538654E-01
  0.22234690E-01  0.13272468E-01  0.23492182E-01
  0.20324332E-01  0.16113847E-01  0.24204890E-01
  0.18350832E-01  0.19257114E-01  0.24720865E-01
  0.16303005E-01  0.22696036E-01  0.25085287E-01
  0.14172461E-01  0.26420702E-01  0.25340724E-01
  0.11953095E-01  0.30416688E-01  0.25524634E-01
  0.96405909E-02  0.34664423E-01  0.25667899E-01
  0.72320110E-02  0.39138785E-01  0.25794219E-01
  0.47255652E-02  0.43808912E-01  0.25920121E-01
  0.21205775E-02  0.48638214E-01  0.26055417E-01
 -0.58233996E-03  0.53584563E-01  0.26203939E-01
 -0.33809516E-02  0.58600666E-01  0.26364419E-01
 -0.62709693E-02  0.63634638E-01  0.26531443E-01
 -0.92456206E-02  0.68630807E-01  0.26696399E-01
 -0.12295304E-01  0.73530770E-01  0.26848389E-01
 -0.15407411E-01  0.78274714E-01  0.26975067E-01
 -0.18566371E-01  0.82802986E-01  0.27063397E-01
 -0.21753951E-01  0.87057868E-01  0.27100315E-01
 -0.24949813E-01  0.90985501E-01  0.27073289E-01
 -0.28132307E-01  0.94537871E-01  0.26970776E-01
 -0.31279443E-01  0.97674757E-01  0.26782589E-01
 -0.34369978E-01  0.10036552E+00  0.26500157E-01
 -0.37384478E-01  0.10259058E+00  0.26116700E-01
 -0.40306251E-01  0.10434250E+00  0.25627326E-01
 -0.43121982E-01  0.10562637E+00  0.25029051E-01
 -0.45821977E-01  0.10645967E+00  0.24320749E-01
 -0.48399926E-01  0.10687123E+00  0.23503055E-01
 -0.50852217E-01  0.10689961E+00  0.22578217E-01
 -0.53176911E-01  0.10659099E+00  0.21549911E-01
 -0.55372585E-01  0.10599666E+00  0.20423034E-01
 -0.57437291E-01  0.10517075E+00  0.19203482E-01
 -0.59367885E-01  0.10416810E+00  0.17897922E-01
 -0.61159895E-01  0.10304281E+00  0.16513574E-01
 -0.62807976E-01  0.10184743E+00  0.15058007E-01
 -0.64306852E-01  0.10063263E+00  0.13538958E-01
 -0.65652501E-01  0.99447320E-01  0.11964189E-01
 -0.66843263E-01  0.98338765E-01  0.10341365E-01
 -0.67880558E-01  0.97352440E-01  0.86779769E-02
 -0.68768970E-01  0.96531386E-01  0.69812935E-02
 -0.69515624E-01  0.95914989E-01  0.52583471E-02
 -0.70128972E-01  0.95537274E-01  0.35159454E-02
 -0.70617236E-01  0.95424987E-01  0.17607057E-02
 -0.70986887E-01  0.95595805E-01 -0.89230273E-06
  0.59188890E-01 -0.15125330E-01  0.36706865E-06
  0.58741608E-01 -0.14679457E-01 -0.53083144E-03
  0.58203367E-01 -0.14143531E-01 -0.10624461E-02
  0.57576893E-01 -0.13520598E-01 -0.15947896E-02
  0.56864692E-01 -0.12813706E-01 -0.21280688E-02
  0.56068581E-01 -0.12025412E-01 -0.26623435E-02
  0.55189304E-01 -0.11157379E-01 -0.31974931E-02
  0.54226376E-01 -0.10210178E-01 -0.37331920E-02
  0.53178200E-01 -0.91833765E-02 -0.42688955E-02
  0.52042457E-01 -0.80758909E-02 -0.48038357E-02
  0.50816699E-01 -0.68865347E-02 -0.53370281E-02
  0.49498998E-01 -0.56146370E-02 -0.58672882E-02
  0.48088525E-01 -0.42605872E-02 -0.63932567E-02
  0.46585930E-01 -0.28261888E-02 -0.69134329E-02
  0.44993456E-01 -0.13147567E-02 -0.74262129E-02
  0.43314797E-01  0.26904227E-03 -0.79299325E-02
  0.41554750E-01  0.19195420E-02 -0.84229116E-02
  0.39718773E-01  0.36305226E-02 -0.89034996E-02
  0.37812565E-01  0.53956363E-02 -0.93701193E-02
  0.35841742E-01  0.72087221E-02 -0.98213097E-02
  0.33811684E-01  0.90639596E-02 -0.10255766E-01
  0.31727541E-01  0.10955858E-01 -0.10672375E-01
  0.29594362E-01  0.12879123E-01 -0.11070249E-01
  0.27417277E-01  0.14828459E-01 -0.11448752E-01
  0.25201677E-01  0.16798379E-01 -0.11807527E-01
  0.22953333E-01  0.18783077E-01 -0.12146506E-01
  0.20678420E-01  0.20776374E-01 -0.12465930E-01
  0.18383473E-01  0.22771753E-01 -0.12766353E-01
  0.16075272E-01  0.24762443E-01 -0.13048648E-01
  0.13760709E-01  0.26741551E-01 -0.13314006E-01
  0.11446641E-01  0.28702177E-01 -0.13563938E-01
  0.91397681E-02  0.30637546E-01 -0.13800274E-01
  0.68465137E-02  0.32541123E-01 -0.14025165E-01
  0.45729189E-02  0.34406731E-01 -0.14241083E-01
  0.23245353E-02  0.36228680E-01 -0.14450820E-01
  0.10632694E-03  0.38001895E-01 -0.14657491E-01
  0.56074369E-01 -0.19320865E-02  0.23894447E-02
  0.54961790E-01 -0.62907434E-03  0.73296145E-03
  0.53572563E-01  0.28027272E-03 -0.60236190E-03
  0.51931416E-01  0.83546043E-03 -0.14963198E-02
  0.50078868E-01  0.10952149E-02 -0.18577833E-02
  0.48066861E-01  0.11330391E-02 -0.16352348E-02
  0.45953039E-01  0.10312388E-02 -0.82287887E-03
  0.43794566E-01  0.87430990E-03  0.53885185E-03
  0.41642445E-01  0.74269054E-03  0.23685672E-02
  0.39537140E-01  0.70776728E-03  0.45540621E-02
  0.37506019E-01  0.82871986E-03  0.69655605E-02
  0.35562720E-01  0.11513832E-02  0.94698524E-02
  0.33708203E-01  0.17089151E-02  0.11943188E-01
  0.31932986E-01  0.25237725E-02  0.14281290E-01
  0.30220011E-01  0.36103724E-02  0.16405591E-01
  0.28547572E-01  0.49778360E-02  0.18265584E-01
  0.26891923E-01  0.66323475E-02  0.19837786E-01
  0.25229326E-01  0.85788470E-02  0.21122220E-01
  0.23537452E-01  0.10821959E-01  0.22137418E-01
  0.21796196E-01  0.13366203E-01  0.22914892E-01
  0.19987994E-01  0.16215628E-01  0.23493809E-01
  0.18097800E-01  0.19373048E-01  0.23916349E-01
  0.16112862E-01  0.22839042E-01  0.24223999E-01
  0.14022409E-01  0.26610892E-01  0.24454847E-01
  0.11817358E-01  0.30681543E-01  0.24641798E-01
  0.94900974E-02  0.35038695E-01  0.24811581E-01
  0.70343755E-02  0.39664056E-01  0.24984372E-01
  0.44453151E-02  0.44532827E-01  0.25173883E-01
  0.17195291E-02  0.49613427E-01  0.25387754E-01
 -0.11446759E-02  0.54867483E-01  0.25628151E-01
 -0.41470373E-02  0.60250099E-01  0.25892481E-01
 -0.72850364E-02  0.65710396E-01  0.26174154E-01
 -0.10553584E-01  0.71192302E-01  0.26463362E-01
 -0.13944717E-01  0.76635592E-01  0.26747842E-01
 -0.17447346E-01  0.81977151E-01  0.27013597E-01
 -0.21047105E-01  0.87152454E-01  0.27245580E-01
 -0.24726382E-01  0.92097293E-01  0.27428317E-01
 -0.28464592E-01  0.96749720E-01  0.27546476E-01
 -0.32238759E-01  0.10105222E+00  0.27585360E-01
 -0.36024396E-01  0.10495403E+00  0.27531350E-01
 -0.39796629E-01  0.10841346E+00  0.27372263E-01
 -0.43531413E-01  0.11140006E+00  0.27097648E-01
 -0.47206641E-01  0.11389631E+00  0.26699011E-01
 -0.50802924E-01  0.11589865E+00  0.26169965E-01
 -0.54303862E-01  0.11741762E+00  0.25506309E-01
 -0.57695719E-01  0.11847700E+00  0.24706040E-01
 -0.60966585E-01  0.11911209E+00  0.23769299E-01
 -0.64105209E-01  0.11936739E+00  0.22698256E-01
 -0.67099846E-01  0.11929393E+00  0.21496952E-01
 -0.69937440E-01  0.11894680E+00  0.20171090E-01
 -0.72603447E-01  0.11838313E+00  0.18727817E-01
 -0.75082397E-01  0.11766079E+00  0.17175477E-01
 -0.77359130E-01  0.11683769E+00  0.15523379E-01
 -0.79420411E-01  0.11597155E+00  0.13781572E-01
 -0.81256503E-01  0.11511972E+00  0.11960647E-01
 -0.82862262E-01  0.11433865E+00  0.10071564E-01
 -0.84237408E-01  0.11368270E+00  0.81255240E-02
 -0.85385837E-01  0.11320225E+00  0.61338599E-02
 -0.86314096E-01  0.11294106E+00  0.41079714E-02
 -0.87029371E-01  0.11293351E+00  0.20592806E-02
 -0.87537481E-01  0.11320194E+00 -0.78863972E-06
  0.59038819E-01 -0.15470774E-01  0.89794895E-06
  0.58615796E-01 -0.15048954E-01 -0.53813825E-03
  0.58100651E-01 -0.14535575E-01 -0.10774074E-02
  0.57495600E-01 -0.13933163E-01 -0.16170164E-02
  0.56802742E-01 -0.13244338E-01 -0.21569730E-02
  0.56023600E-01 -0.12471335E-01 -0.26971489E-02
  0.55158747E-01 -0.11615606E-01 -0.32372519E-02
  0.54207636E-01 -0.10677615E-01 -0.37768054E-02
  0.53168690E-01 -0.96569003E-02 -0.43151385E-02
  0.52039666E-01 -0.85523980E-02 -0.48513851E-02
  0.50818203E-01 -0.73629560E-02 -0.53844918E-02
  0.49502432E-01 -0.60879112E-02 -0.59132348E-02
  0.48091509E-01 -0.47275940E-02 -0.64362440E-02
  0.46585958E-01 -0.32836461E-02 -0.69520334E-02
  0.44987761E-01 -0.17590926E-02 -0.74590365E-02
  0.43300205E-01 -0.15817571E-03 -0.79556447E-02
  0.41527553E-01  0.15139842E-02 -0.84402485E-02
  0.39674638E-01  0.32517973E-02 -0.89112787E-02
  0.37746495E-01  0.50495759E-02 -0.93672469E-02
  0.35748111E-01  0.69017849E-02 -0.98067856E-02
  0.33684325E-01  0.88031337E-02 -0.10228684E-01
  0.31559884E-01  0.10748519E-01 -0.10631923E-01
  0.29379592E-01  0.12732864E-01 -0.11015703E-01
  0.27148492E-01  0.14750930E-01 -0.11379471E-01
  0.24872007E-01  0.16797147E-01 -0.11722938E-01
  0.22556016E-01  0.18865537E-01 -0.12046100E-01
  0.20206826E-01  0.20949707E-01 -0.12349242E-01
  0.17831073E-01  0.23042938E-01 -0.12632952E-01
  0.15435575E-01  0.25138303E-01 -0.12898123E-01
  0.13027177E-01  0.27228817E-01 -0.13145958E-01
  0.10612608E-01  0.29307558E-01 -0.13377969E-01
  0.81983699E-02  0.31367783E-01 -0.13595985E-01
  0.57118636E-01 -0.10083982E-01  0.69080788E-02
  0.56829973E-01 -0.75172593E-02  0.54933657E-02
  0.56366156E-01 -0.52666476E-02  0.39321418E-02
  0.55694619E-01 -0.33635489E-02  0.23185260E-02
  0.54793357E-01 -0.18259737E-02  0.76187673E-03
  0.53653713E-01 -0.65573136E-03 -0.62076349E-03
  0.52281940E-01  0.16318277E-03 -0.17143910E-02
  0.50699165E-01  0.66461102E-03 -0.24169372E-02
  0.48939609E-01  0.89848108E-03 -0.26499267E-02
  0.47047224E-01  0.92738391E-03 -0.23672883E-02
  0.45071171E-01  0.82189119E-03 -0.15608322E-02
  0.43060802E-01  0.65526366E-03 -0.26137502E-03
  0.41060871E-01  0.49831323E-03  0.14647793E-02
  0.39107665E-01  0.41512920E-03  0.35234667E-02
  0.37226505E-01  0.46017859E-03  0.58031513E-02
  0.35430808E-01  0.67699900E-03  0.81865993E-02
  0.33722598E-01  0.10983999E-02  0.10562007E-01
  0.32094132E-01  0.17478471E-02  0.12832145E-01
  0.30530198E-01  0.26415715E-02  0.14920617E-01
  0.29010603E-01  0.37909228E-02  0.16774926E-01
  0.27512500E-01  0.52045637E-02  0.18366592E-01
  0.26012270E-01  0.68902206E-02  0.19688929E-01
  0.24486867E-01  0.88558445E-02  0.20753277E-01
  0.22914631E-01  0.11110149E-01  0.21584462E-01
  0.21275647E-01  0.13662578E-01  0.22216178E-01
  0.19551808E-01  0.16522789E-01  0.22686745E-01
  0.17726702E-01  0.19699787E-01  0.23035548E-01
  0.15785449E-01  0.23200815E-01  0.23300276E-01
  0.13714574E-01  0.27030126E-01  0.23514944E-01
  0.11501937E-01  0.31187760E-01  0.23708626E-01
  0.91367329E-02  0.35668417E-01  0.23904774E-01
  0.66095301E-02  0.40460540E-01  0.24120971E-01
  0.39123136E-02  0.45545649E-01  0.24369024E-01
  0.10385326E-02  0.50897993E-01  0.24655275E-01
 -0.20168446E-02  0.56484482E-01  0.24981047E-01
 -0.52572249E-02  0.62264896E-01  0.25343182E-01
 -0.86841825E-02  0.68192286E-01  0.25734620E-01
 -0.12297107E-01  0.74213527E-01  0.26144995E-01
 -0.16092702E-01  0.80270011E-01  0.26561227E-01
 -0.20064380E-01  0.86298480E-01  0.26968115E-01
 -0.24201678E-01  0.92232099E-01  0.27348905E-01
 -0.28489837E-01  0.98001868E-01  0.27685849E-01
 -0.32909712E-01  0.10353848E+00  0.27960738E-01
 -0.37438136E-01  0.10877466E+00  0.28155420E-01
 -0.42048743E-01  0.11364795E+00  0.28252290E-01
 -0.46713163E-01  0.11810369E+00  0.28234751E-01
 -0.51402354E-01  0.12209799E+00  0.28087643E-01
 -0.56087781E-01  0.12560016E+00  0.27797627E-01
 -0.60742154E-01  0.12859437E+00  0.27353521E-01
 -0.65339523E-01  0.13108014E+00  0.26746565E-01
 -0.69854709E-01  0.13307177E+00  0.25970629E-01
 -0.74262260E-01  0.13459659E+00  0.25022333E-01
 -0.78535276E-01  0.13569274E+00  0.23901094E-01
 -0.82644554E-01  0.13640660E+00  0.22609096E-01
 -0.86558445E-01  0.13679062E+00  0.21151183E-01
 -0.90243668E-01  0.13690167E+00  0.19534702E-01
 -0.93667008E-01  0.13680001E+00  0.17769290E-01
 -0.96797621E-01  0.13654875E+00  0.15866634E-01
 -0.99609375E-01  0.13621323E+00  0.13840217E-01
 -0.10208266E+00  0.13585999E+00  0.11705051E-01
 -0.10420514E+00  0.13555477E+00  0.94774253E-02
 -0.10597126E+00  0.13535957E+00  0.71746568E-02
 -0.10738057E+00  0.13532880E+00  0.48148637E-02
 -0.10843533E+00  0.13550522E+00  0.24167479E-02
 -0.10913803E+00  0.13591612E+00 -0.60790947E-06
  0.58729046E-01 -0.15822027E-01  0.13800565E-05
  0.58331207E-01 -0.15425145E-01 -0.54552665E-03
  0.57839600E-01 -0.14934749E-01 -0.10924854E-02
  0.57255882E-01 -0.14352795E-01 -0.16394043E-02
  0.56581716E-01 -0.13681441E-01 -0.21860989E-02
  0.55818343E-01 -0.12922608E-01 -0.27322611E-02
  0.54966227E-01 -0.12077586E-01 -0.32774345E-02
  0.54024866E-01 -0.11146831E-01 -0.38209986E-02
  0.52992856E-01 -0.10129988E-01 -0.43621616E-02
  0.51868202E-01 -0.90261696E-02 -0.48999622E-02
  0.50648793E-01 -0.78344055E-02 -0.54332784E-02
  0.49332949E-01 -0.65541541E-02 -0.59608448E-02
  0.47919888E-01 -0.51857472E-02 -0.64812757E-02
  0.46410023E-01 -0.37306637E-02 -0.69930930E-02
  0.44805030E-01 -0.21915820E-02 -0.74947598E-02
  0.43107705E-01 -0.57222087E-03 -0.79847154E-02
  0.41321668E-01  0.11229632E-02 -0.84614131E-02
  0.39451021E-01  0.28891255E-02 -0.89233579E-02
  0.37500051E-01  0.47213317E-02 -0.93691444E-02
  0.35473055E-01  0.66147352E-02 -0.97974921E-02
  0.33374304E-01  0.85646075E-02 -0.10207279E-01
  0.31208132E-01  0.10566241E-01 -0.10597573E-01
  0.28979097E-01  0.12614781E-01 -0.10967654E-01
  0.26692137E-01  0.14705049E-01 -0.11317041E-01
  0.24352676E-01  0.16831430E-01 -0.11645508E-01
  0.21966629E-01  0.18987832E-01 -0.11953096E-01
  0.19540323E-01  0.21167753E-01 -0.12240128E-01
  0.17080352E-01  0.23364405E-01 -0.12507211E-01
  0.14593395E-01  0.25570871E-01 -0.12755249E-01
  0.56865484E-01 -0.17480800E-01  0.71716945E-02
  0.56685404E-01 -0.14513275E-01  0.65747830E-02
  0.56453985E-01 -0.11718769E-01  0.57288256E-02
  0.56136541E-01 -0.91396247E-02  0.46616727E-02
  0.55698523E-01 -0.68153883E-02  0.34196003E-02
  0.55108326E-01 -0.47799961E-02  0.20671839E-02
  0.54340267E-01 -0.30588330E-02  0.68533589E-03
  0.53377398E-01 -0.16659799E-02 -0.63274958E-03
  0.52213725E-01 -0.60201262E-03 -0.17877337E-02
  0.50855484E-01  0.14727375E-03 -0.26819894E-02
  0.49321172E-01  0.61091198E-03 -0.32284306E-02
  0.47640194E-01  0.83143295E-03 -0.33592403E-02
  0.45850239E-01  0.86221898E-03 -0.30332552E-02
  0.43993653E-01  0.76382822E-03 -0.22408213E-02
  0.42113327E-01  0.59976578E-03 -0.10052556E-02
  0.40248656E-01  0.43227686E-03  0.61942412E-03
  0.38432132E-01  0.31872045E-03  0.25542090E-02
  0.36686983E-01  0.30895318E-03  0.47033768E-02
  0.35026088E-01  0.44394851E-03  0.69640744E-02
  0.33452123E-01  0.75564983E-03  0.92358218E-02
  0.31958734E-01  0.12678620E-02  0.11428710E-01
  0.30532375E-01  0.19978620E-02  0.13469433E-01
  0.29154417E-01  0.29583662E-02  0.15304748E-01
  0.27803186E-01  0.41595206E-02  0.16902433E-01
  0.26455658E-01  0.56106519E-02  0.18250103E-01
  0.25088703E-01  0.73216064E-02  0.19352513E-01
  0.23679839E-01  0.93035846E-02  0.20227954E-01
  0.22207602E-01  0.11569449E-01  0.20904353E-01
  0.20651635E-01  0.14133523E-01  0.21415516E-01
  0.18992652E-01  0.17010956E-01  0.21797823E-01
  0.17212383E-01  0.20216716E-01  0.22087527E-01
  0.15293565E-01  0.23764359E-01  0.22318712E-01
  0.13219987E-01  0.27664682E-01  0.22521854E-01
  0.10976565E-01  0.31924416E-01  0.22722914E-01
  0.85493753E-02  0.36545077E-01  0.22942851E-01
  0.59256103E-02  0.41522090E-01  0.23197458E-01
  0.30934393E-02  0.46844213E-01  0.23497422E-01
  0.41814353E-04  0.52493252E-01  0.23848535E-01
 -0.32396901E-02  0.58444003E-01  0.24252006E-01
 -0.67608810E-02  0.64664297E-01  0.24704825E-01
 -0.10530679E-01  0.71115069E-01  0.25200155E-01
 -0.14556511E-01  0.77750376E-01  0.25727740E-01
 -0.18843375E-01  0.84517406E-01  0.26274319E-01
 -0.23392700E-01  0.91356594E-01  0.26824041E-01
 -0.28201194E-01  0.98202040E-01  0.27358890E-01
 -0.33259932E-01  0.10498246E+00  0.27859121E-01
 -0.38553906E-01  0.11162286E+00  0.28303712E-01
 -0.44062168E-01  0.11804704E+00  0.28670841E-01
 -0.49758541E-01  0.12418074E+00  0.28938389E-01
 -0.55612716E-01  0.12995529E+00  0.29084468E-01
 -0.61591415E-01  0.13531122E+00  0.29087974E-01
 -0.67659256E-01  0.14020132E+00  0.28929148E-01
 -0.73779023E-01  0.14459286E+00  0.28590143E-01
 -0.79911220E-01  0.14846845E+00  0.28055562E-01
 -0.86013028E-01  0.15182584E+00  0.27312961E-01
 -0.92037053E-01  0.15467658E+00  0.26353286E-01
 -0.97930386E-01  0.15704434E+00  0.25171240E-01
 -0.10363453E+00  0.15896310E+00  0.23765542E-01
 -0.10908654E+00  0.16047577E+00  0.22139088E-01
 -0.11422152E+00  0.16163331E+00  0.20299004E-01
 -0.11897596E+00  0.16249414E+00  0.18256584E-01
 -0.12329155E+00  0.16312336E+00  0.16027125E-01
 -0.12711837E+00  0.16359119E+00  0.13629665E-01
 -0.13041695E+00  0.16397012E+00  0.11086628E-01
 -0.13315869E+00  0.16433065E+00  0.84233913E-02
 -0.13532462E+00  0.16473583E+00  0.56677849E-02
 -0.13690311E+00  0.16523533E+00  0.28495286E-02
 -0.13788731E+00  0.16586017E+00 -0.37072192E-06
  0.58274439E-01 -0.16186413E-01  0.17516817E-05
  0.57901902E-01 -0.15814549E-01 -0.55299244E-03
  0.57433588E-01 -0.15346866E-01 -0.11076100E-02
  0.56870600E-01 -0.14784753E-01 -0.16618195E-02
  0.56214173E-01 -0.14129913E-01 -0.22152551E-02
  0.55465293E-01 -0.13383966E-01 -0.27674390E-02
  0.54624356E-01 -0.12548085E-01 -0.33177605E-02
  0.53690983E-01 -0.11622777E-01 -0.38654638E-02
  0.52664037E-01 -0.10607880E-01 -0.44096430E-02
  0.51541864E-01 -0.95027703E-02 -0.49492452E-02
  0.50322697E-01 -0.83067388E-02 -0.54830809E-02
  0.49005107E-01 -0.70194161E-02 -0.60098405E-02
  0.47588396E-01 -0.56411481E-02 -0.65281173E-02
  0.46072851E-01 -0.41732229E-02 -0.70364343E-02
  0.44459792E-01 -0.26179083E-02 -0.75332752E-02
  0.42751446E-01 -0.97831471E-03 -0.80171180E-02
  0.40950715E-01  0.74185481E-03 -0.84864694E-02
  0.39060898E-01  0.25385793E-02 -0.89399004E-02
  0.37085486E-01  0.44077356E-02 -0.93760794E-02
  0.35028059E-01  0.63451989E-02 -0.97938053E-02
  0.32892307E-01  0.83468175E-02 -0.10192036E-01
  0.30682146E-01  0.10408288E-01 -0.10569916E-01
  0.28401872E-01  0.12524993E-01 -0.10926797E-01
  0.26056279E-01  0.14691857E-01 -0.11262259E-01
  0.23650709E-01  0.16903284E-01 -0.11576123E-01
  0.57413827E-01 -0.27765324E-01  0.51997702E-02
  0.57061160E-01 -0.24726399E-01  0.54545556E-02
  0.56741954E-01 -0.21717756E-01  0.55243976E-02
  0.56441118E-01 -0.18769770E-01  0.53895145E-02
  0.56139087E-01 -0.15915991E-01  0.50383283E-02
  0.55812278E-01 -0.13192195E-01  0.44697981E-02
  0.55434059E-01 -0.10635076E-01  0.36955806E-02
  0.54976230E-01 -0.82805558E-02  0.27417326E-02
  0.54410970E-01 -0.61617646E-02  0.16496178E-02
  0.53713119E-01 -0.43067777E-02  0.47566170E-03
  0.52862572E-01 -0.27362825E-02 -0.71035902E-03
  0.51846526E-01 -0.14614015E-02 -0.18286859E-02
  0.50661263E-01 -0.48195301E-03 -0.27945987E-02
  0.49313192E-01  0.21456535E-03 -0.35248113E-02
  0.47818892E-01  0.65304108E-03 -0.39446756E-02
  0.46204071E-01  0.86973703E-03 -0.39953710E-02
  0.44501466E-01  0.91024224E-03 -0.36401100E-02
  0.42747909E-01  0.82658568E-03 -0.28684146E-02
  0.40980922E-01  0.67385958E-03 -0.16977335E-02
  0.39235290E-01  0.50678333E-03 -0.17205747E-03
  0.37540075E-01  0.37664083E-03  0.16423315E-02
  0.35916451E-01  0.32894476E-03  0.36633736E-02
  0.34376559E-01  0.40204158E-03  0.58010613E-02
  0.32923431E-01  0.62670732E-03  0.79654905E-02
  0.31551834E-01  0.10266350E-02  0.10074103E-01
  0.30249738E-01  0.16196072E-02  0.12057336E-01
  0.29000095E-01  0.24190961E-02  0.13862244E-01
  0.27782603E-01  0.34360275E-02  0.15454013E-01
  0.26575202E-01  0.46804805E-02  0.16815603E-01
  0.25355184E-01  0.61631401E-02  0.17945935E-01
  0.24099866E-01  0.78963720E-02  0.18857138E-01
  0.22786932E-01  0.98948379E-02  0.19571341E-01
  0.21394528E-01  0.12175616E-01  0.20117435E-01
  0.19901273E-01  0.14757833E-01  0.20528092E-01
  0.18286272E-01  0.17661873E-01  0.20837222E-01
  0.16529198E-01  0.20908255E-01  0.21077952E-01
  0.14610411E-01  0.24516331E-01  0.21281111E-01
  0.12511070E-01  0.28502966E-01  0.21474188E-01
  0.10213142E-01  0.32881356E-01  0.21680678E-01
  0.76992529E-02  0.37660100E-01  0.21919729E-01
  0.49523425E-02  0.42842582E-01  0.22206008E-01
  0.19551900E-02  0.48426640E-01  0.22549733E-01
 -0.13100716E-02  0.54404409E-01  0.22956796E-01
 -0.48622809E-02  0.60762191E-01  0.23428941E-01
 -0.87212291E-02  0.67480200E-01  0.23963974E-01
 -0.12907163E-01  0.74532067E-01  0.24555984E-01
 -0.17439766E-01  0.81884104E-01  0.25195551E-01
 -0.22336697E-01  0.89494426E-01  0.25869967E-01
 -0.27611890E-01  0.97312202E-01  0.26563442E-01
 -0.33273880E-01  0.10527730E+00  0.27257335E-01
 -0.39324461E-01  0.11332071E+00  0.27930396E-01
 -0.45757892E-01  0.12136587E+00  0.28559063E-01
 -0.52560701E-01  0.12933110E+00  0.29117806E-01
 -0.59712005E-01  0.13713289E+00  0.29579557E-01
 -0.67184014E-01  0.14468965E+00  0.29916223E-01
 -0.74942367E-01  0.15192557E+00  0.30099308E-01
 -0.82945903E-01  0.15877387E+00  0.30100632E-01
 -0.91145671E-01  0.16517918E+00  0.29893142E-01
 -0.99483265E-01  0.17109879E+00  0.29451818E-01
 -0.10788885E+00  0.17650293E+00  0.28754616E-01
 -0.11627953E+00  0.18137439E+00  0.27783449E-01
 -0.12455887E+00  0.18570804E+00  0.26525142E-01
 -0.13261809E+00  0.18951060E+00  0.24972312E-01
 -0.14033933E+00  0.19280085E+00  0.23124139E-01
 -0.14760070E+00  0.19561001E+00  0.20986952E-01
 -0.15428239E+00  0.19798165E+00  0.18574593E-01
 -0.16027292E+00  0.19997047E+00  0.15908506E-01
 -0.16547419E+00  0.20163914E+00  0.13017520E-01
 -0.16980487E+00  0.20305294E+00  0.99372960E-02
 -0.17320150E+00  0.20427273E+00  0.67094585E-02
 -0.17561799E+00  0.20534698E+00  0.33804088E-02
 -0.17702414E+00  0.20630466E+00 -0.10840564E-06
  0.57690848E-01 -0.16572800E-01  0.19642826E-05
  0.57343115E-01 -0.16225420E-01 -0.56054729E-03
  0.56897379E-01 -0.15779679E-01 -0.11227559E-02
  0.56354239E-01 -0.15236448E-01 -0.16842026E-02
  0.55714537E-01 -0.14597003E-01 -0.22443522E-02
  0.54979027E-01 -0.13862688E-01 -0.28025691E-02
  0.54148063E-01 -0.13034573E-01 -0.33580997E-02
  0.53221409E-01 -0.12113240E-01 -0.39100623E-02
  0.52198215E-01 -0.11098734E-01 -0.44574438E-02
  0.51077194E-01 -0.99907125E-02 -0.49991041E-02
  0.49856927E-01 -0.87887310E-02 -0.55337870E-02
  0.48536230E-01 -0.74925827E-02 -0.60601368E-02
  0.47114470E-01 -0.61025984E-02 -0.65767210E-02
  0.45591766E-01 -0.46198292E-02 -0.70820562E-02
  0.43969031E-01 -0.30460756E-02 -0.75746383E-02
  0.42247880E-01 -0.13837820E-02 -0.80529745E-02
  0.40430452E-01  0.36415142E-03 -0.85156152E-02
  0.38519224E-01  0.21945610E-02 -0.89611869E-02
  0.36516881E-01  0.41041515E-02 -0.93884224E-02
  0.34426287E-01  0.60895254E-02 -0.97961891E-02
  0.32250556E-01  0.81471117E-02 -0.10183515E-01
  0.58997541E-01 -0.36820061E-01  0.18054996E-02
  0.58421498E-01 -0.34043668E-01  0.23642879E-02
  0.57880851E-01 -0.31225441E-01  0.28630904E-02
  0.57376334E-01 -0.28380917E-01  0.32746478E-02
  0.56905815E-01 -0.25528580E-01  0.35724000E-02
  0.56463910E-01 -0.22690060E-01  0.37318595E-02
  0.56041658E-01 -0.19890101E-01  0.37321960E-02
  0.55626361E-01 -0.17156271E-01  0.35580017E-02
  0.55201683E-01 -0.14518417E-01  0.32011669E-02
  0.54748107E-01 -0.12007844E-01  0.26627512E-02
  0.54243792E-01 -0.96562023E-02  0.19546780E-02
  0.53665839E-01 -0.74941016E-02  0.11010285E-02
  0.52991911E-01 -0.55494684E-02  0.13867162E-03
  0.52202098E-01 -0.38457255E-02 -0.88304320E-03
  0.51280859E-01 -0.23999232E-02 -0.19037725E-02
  0.50218821E-01 -0.12210004E-02 -0.28549907E-02
  0.49014220E-01 -0.30839358E-03 -0.36641227E-02
  0.47673728E-01  0.34878786E-03 -0.42597863E-02
  0.46212504E-01  0.77184153E-03 -0.45777092E-02
  0.44653361E-01  0.99170949E-03 -0.45666843E-02
  0.43025066E-01  0.10473913E-02 -0.41938019E-02
  0.41359930E-01  0.98367562E-03 -0.34482011E-02
  0.39690967E-01  0.84844207E-03 -0.23427288E-02
  0.38048984E-01  0.68985513E-03 -0.91317883E-03
  0.36459979E-01  0.55378144E-03  0.78485033E-03
  0.34943170E-01  0.48171664E-03  0.26810672E-02
  0.33509881E-01  0.50941547E-03  0.46968630E-02
  0.32163327E-01  0.66630492E-03  0.67520881E-02
  0.30899213E-01  0.97565013E-03  0.87713791E-02
  0.29706912E-01  0.14553553E-02  0.10689342E-01
  0.28570960E-01  0.21192276E-02  0.12454156E-01
  0.27472554E-01  0.29785089E-02  0.14029445E-01
  0.26390858E-01  0.40434819E-02  0.15394523E-01
  0.25303957E-01  0.53249710E-02  0.16543314E-01
  0.24189450E-01  0.68355859E-02  0.17482326E-01
  0.23024736E-01  0.85905856E-02  0.18228092E-01
  0.21787114E-01  0.10608280E-01  0.18804444E-01
  0.20453811E-01  0.12909942E-01  0.19239889E-01
  0.19002054E-01  0.15519254E-01  0.19565282E-01
  0.17409196E-01  0.18461387E-01  0.19811899E-01
  0.15652889E-01  0.21761848E-01  0.20009919E-01
  0.13711198E-01  0.25445283E-01  0.20187319E-01
  0.11562579E-01  0.29534402E-01  0.20369117E-01
  0.91855979E-02  0.34049153E-01  0.20576890E-01
  0.65583912E-02  0.39006232E-01  0.20828523E-01
  0.36579020E-02  0.44418864E-01  0.21138099E-01
  0.45903162E-03  0.50296766E-01  0.21515901E-01
 -0.30660896E-02  0.56646078E-01  0.21968462E-01
 -0.69484902E-02  0.63469076E-01  0.22498643E-01
 -0.11222213E-01  0.70763495E-01  0.23105707E-01
 -0.15923534E-01  0.78521382E-01  0.23785378E-01
 -0.21089566E-01  0.86727569E-01  0.24529868E-01
 -0.26756402E-01  0.95357944E-01  0.25327884E-01
 -0.32957047E-01  0.10437787E+00  0.26164602E-01
 -0.39719441E-01  0.11374110E+00  0.27021648E-01
 -0.47064815E-01  0.12338953E+00  0.27877070E-01
 -0.55006508E-01  0.13325399E+00  0.28705367E-01
 -0.63549166E-01  0.14325607E+00  0.29477575E-01
 -0.72688064E-01  0.15331075E+00  0.30161462E-01
 -0.82408129E-01  0.16332947E+00  0.30721880E-01
 -0.92682234E-01  0.17322306E+00  0.31121295E-01
 -0.10346846E+00  0.18290424E+00  0.31320552E-01
 -0.11470632E+00  0.19228929E+00  0.31279907E-01
 -0.12631233E+00  0.20129901E+00  0.30960337E-01
 -0.13817579E+00  0.20985934E+00  0.30325134E-01
 -0.15015576E+00  0.21790212E+00  0.29341771E-01
 -0.16208058E+00  0.22536639E+00  0.27983954E-01
 -0.17375058E+00  0.23220071E+00  0.26233777E-01
 -0.18494443E+00  0.23836592E+00  0.24083821E-01
 -0.19542872E+00  0.24383784E+00  0.21539014E-01
 -0.20496952E+00  0.24860869E+00  0.18618024E-01
 -0.21334460E+00  0.25268610E+00  0.15353989E-01
 -0.22035455E+00  0.25608908E+00  0.11794357E-01
 -0.22583182E+00  0.25884128E+00  0.79997556E-02
 -0.22964725E+00  0.26096258E+00  0.40418239E-02
 -0.23171418E+00  0.26246103E+00  0.13884625E-06
  0.56994998E-01 -0.16991357E-01  0.19879922E-05
  0.56671213E-01 -0.16667574E-01 -0.56822263E-03
  0.56247134E-01 -0.16242759E-01 -0.11379564E-02
  0.55722934E-01 -0.15717340E-01 -0.17065902E-02
  0.55099107E-01 -0.15092215E-01 -0.22734324E-02
  0.54376189E-01 -0.14368464E-01 -0.28377023E-02
  0.53554482E-01 -0.13547046E-01 -0.33985146E-02
  0.52633857E-01 -0.12628580E-01 -0.39548708E-02
  0.51613705E-01 -0.11613275E-01 -0.45056577E-02
  0.50493042E-01 -0.10501013E-01 -0.50496522E-02
  0.49270737E-01 -0.92915520E-02 -0.55855324E-02
  0.47945785E-01 -0.79847854E-02 -0.61118951E-02
  0.46517556E-01 -0.65809687E-02 -0.66272778E-02
  0.44985951E-01 -0.50808628E-02 -0.71301850E-02
  0.43351442E-01 -0.34857617E-02 -0.76191174E-02
  0.41615014E-01 -0.17974210E-02 -0.80926022E-02
  0.39778052E-01 -0.17935107E-04 -0.85492243E-02
  0.60992032E-01 -0.44096053E-01 -0.94953035E-03
  0.60348972E-01 -0.41719675E-01 -0.52652893E-03
  0.59706131E-01 -0.39265497E-01 -0.72945461E-04
  0.59070975E-01 -0.36742984E-01  0.39327594E-03
  0.58449733E-01 -0.34162459E-01  0.85179754E-03
  0.57847108E-01 -0.31535570E-01  0.12804873E-02
  0.57265996E-01 -0.28875745E-01  0.16561569E-02
  0.56707159E-01 -0.26198571E-01  0.19554486E-02
  0.56168897E-01 -0.23522042E-01  0.21558807E-02
  0.55646723E-01 -0.20866634E-01  0.22370548E-02
  0.55133118E-01 -0.18255210E-01  0.21820158E-02
  0.54617447E-01 -0.15712716E-01  0.19787334E-02
  0.54086112E-01 -0.13265693E-01  0.16216471E-02
  0.53522994E-01 -0.10941574E-01  0.11131761E-02
  0.52910231E-01 -0.87677669E-02  0.46505841E-03
  0.52229304E-01 -0.67705111E-02 -0.30065935E-03
  0.51462399E-01 -0.49735451E-02 -0.11511872E-02
  0.50593933E-01 -0.33966277E-02 -0.20433254E-02
  0.49612133E-01 -0.20540233E-02 -0.29247524E-02
  0.48510479E-01 -0.95309353E-03 -0.37363816E-02
  0.47288853E-01 -0.93164032E-04 -0.44157833E-02
  0.45954203E-01  0.53515842E-03 -0.49015090E-02
  0.44520577E-01  0.95008018E-03 -0.51379828E-02
  0.43008446E-01  0.11780473E-02 -0.50804605E-02
  0.41443309E-01  0.12525130E-02 -0.46994578E-02
  0.39853702E-01  0.12121473E-02 -0.39840350E-02
  0.38268817E-01  0.10986742E-02 -0.29434270E-02
  0.36716023E-01  0.95457303E-03 -0.16067193E-02
  0.35218602E-01  0.82089926E-03 -0.20545923E-04
  0.33793991E-01  0.73545196E-03  0.17549112E-02
  0.32452720E-01  0.73145822E-03  0.36510990E-02
  0.31198120E-01  0.83686898E-03  0.55967702E-02
  0.30026735E-01  0.10742822E-02  0.75234619E-02
  0.28929272E-01  0.14614415E-02  0.93701769E-02
  0.27891828E-01  0.20122064E-02  0.11086852E-01
  0.26897168E-01  0.27378564E-02  0.12636422E-01
  0.25925828E-01  0.36485714E-02  0.13995500E-01
  0.24956934E-01  0.47549211E-02  0.15153871E-01
  0.23968699E-01  0.60692010E-02  0.16113075E-01
  0.22938670E-01  0.76064696E-02  0.16884434E-01
  0.21843817E-01  0.93851734E-02  0.17486799E-01
  0.20660581E-01  0.11427302E-01  0.17944300E-01
  0.19364977E-01  0.13758083E-01  0.18284262E-01
  0.17932752E-01  0.16405285E-01  0.18535415E-01
  0.16339572E-01  0.19398289E-01  0.18726430E-01
  0.14561136E-01  0.22767090E-01  0.18884803E-01
  0.12573080E-01  0.26541423E-01  0.19036043E-01
  0.10350597E-01  0.30750156E-01  0.19203124E-01
  0.78677031E-02  0.35421020E-01  0.19406149E-01
  0.50962024E-02  0.40580661E-01  0.19662165E-01
  0.20044800E-02  0.46254871E-01  0.19985085E-01
 -0.14436736E-02  0.52468823E-01  0.20385671E-01
 -0.52899694E-02  0.59247057E-01  0.20871547E-01
 -0.95820384E-02  0.66613020E-01  0.21447196E-01
 -0.14373215E-01  0.74588027E-01  0.22113936E-01
 -0.19721653E-01  0.83189640E-01  0.22869845E-01
 -0.25688862E-01  0.92429596E-01  0.23709628E-01
 -0.32337867E-01  0.10231155E+00  0.24624411E-01
 -0.39731238E-01  0.11282894E+00  0.25601482E-01
 -0.47929212E-01  0.12396338E+00  0.26623957E-01
 -0.56988010E-01  0.13568369E+00  0.27670419E-01
 -0.66958268E-01  0.14794578E+00  0.28714533E-01
 -0.77883254E-01  0.16069316E+00  0.29724692E-01
 -0.89796370E-01  0.17385774E+00  0.30663745E-01
 -0.10271731E+00  0.18736062E+00  0.31488883E-01
 -0.11664631E+00  0.20111220E+00  0.32151782E-01
 -0.13155627E+00  0.21501157E+00  0.32599124E-01
 -0.14738284E+00  0.22894512E+00  0.32773622E-01
 -0.16401343E+00  0.24278486E+00  0.32615703E-01
 -0.18127658E+00  0.25638719E+00  0.32065955E-01
 -0.19893376E+00  0.26959314E+00  0.31068420E-01
 -0.21667577E+00  0.28223081E+00  0.29574705E-01
 -0.23412583E+00  0.29412043E+00  0.27548740E-01
 -0.25085060E+00  0.30508161E+00  0.24971838E-01
 -0.26637926E+00  0.31494149E+00  0.21847489E-01
 -0.28022947E+00  0.32354241E+00  0.18205190E-01
 -0.29193794E+00  0.33074736E+00  0.14102509E-01
 -0.30109240E+00  0.33644250E+00  0.96246824E-02
 -0.30736157E+00  0.34053694E+00  0.48813338E-02
 -0.31052007E+00  0.34296139E+00  0.32418882E-06
  0.56204324E-01 -0.17453159E-01  0.18144329E-05
  0.55903552E-01 -0.17152003E-01 -0.57607120E-03
  0.55500261E-01 -0.16747104E-01 -0.11533089E-02
  0.54994281E-01 -0.16238529E-01 -0.17291243E-02
  0.54385802E-01 -0.15626846E-01 -0.23026825E-02
  0.53675141E-01 -0.14912869E-01 -0.28730692E-02
  0.52862495E-01 -0.14097400E-01 -0.34392777E-02
  0.51947758E-01 -0.13181019E-01 -0.40002011E-02
  0.50930447E-01 -0.12163994E-01 -0.45546321E-02
  0.49809759E-01 -0.11046315E-01 -0.51012683E-02
  0.48584726E-01 -0.98278308E-02 -0.56387238E-02
  0.47254414E-01 -0.85084328E-02 -0.61655473E-02
  0.45818111E-01 -0.70882227E-02 -0.66802440E-02
  0.62507414E-01 -0.49325867E-01 -0.20728147E-02
  0.61990428E-01 -0.47443423E-01 -0.19695585E-02
  0.61434752E-01 -0.45453554E-01 -0.18056867E-02
  0.60847510E-01 -0.43364774E-01 -0.15849689E-02
  0.60236237E-01 -0.41185772E-01 -0.13144051E-02
  0.59608486E-01 -0.38925463E-01 -0.10041368E-02
  0.58971467E-01 -0.36593114E-01 -0.66722115E-03
  0.58331711E-01 -0.34198594E-01 -0.31927903E-03
  0.57694771E-01 -0.31752673E-01  0.21974635E-04
  0.57064943E-01 -0.29267371E-01  0.33731556E-03
  0.56444976E-01 -0.26756262E-01  0.60671043E-03
  0.55835767E-01 -0.24234720E-01  0.81013673E-03
  0.55236064E-01 -0.21720042E-01  0.92852511E-03
  0.54642201E-01 -0.19231455E-01  0.94482237E-03
  0.54047923E-01 -0.16789974E-01  0.84516305E-03
  0.53444371E-01 -0.14418126E-01  0.62012103E-03
  0.52820276E-01 -0.12139529E-01  0.26598965E-03
  0.52162393E-01 -0.99783046E-02 -0.21398920E-03
  0.51456208E-01 -0.79583255E-02 -0.80855831E-03
  0.50686877E-01 -0.61022780E-02 -0.14976818E-02
  0.49840365E-01 -0.44305656E-02 -0.22522477E-02
  0.48904697E-01 -0.29600919E-02 -0.30344041E-02
  0.47871228E-01 -0.17030117E-02 -0.37986735E-02
  0.46735796E-01 -0.66556562E-03 -0.44939361E-02
  0.45499637E-01  0.15286068E-03 -0.50662785E-02
  0.44169907E-01  0.76031425E-03 -0.54625831E-02
  0.42759705E-01  0.11723780E-02 -0.56345950E-02
  0.41287515E-01  0.14117360E-02 -0.55430752E-02
  0.39776064E-01  0.15072062E-02 -0.51615615E-02
  0.38250669E-01  0.14923131E-02 -0.44792434E-02
  0.36737245E-01  0.14035394E-02 -0.35025229E-02
  0.35260187E-01  0.12784333E-02 -0.22549913E-02
  0.33840417E-01  0.11537664E-02 -0.77576547E-03
  0.32493812E-01  0.10639204E-02  0.88363609E-03
  0.31230215E-01  0.10396517E-02  0.26634865E-02
  0.30053090E-01  0.11073288E-02  0.45005882E-02
  0.28959794E-01  0.12886872E-02  0.63329870E-02
  0.27942315E-01  0.16010957E-02  0.81041495E-02
  0.26988284E-01  0.20582805E-02  0.97662235E-02
  0.26082035E-01  0.26714158E-02  0.11282173E-01
  0.25205533E-01  0.34504553E-02  0.12626752E-01
  0.24339066E-01  0.44055570E-02  0.13786436E-01
  0.23461669E-01  0.55484381E-02  0.14758512E-01
  0.22551332E-01  0.68935062E-02  0.15549594E-01
  0.21585089E-01  0.84586374E-02  0.16173816E-01
  0.20539086E-01  0.10265526E-01  0.16650935E-01
  0.19388697E-01  0.12339597E-01  0.17004499E-01
  0.18108703E-01  0.14709547E-01  0.17260222E-01
  0.16673471E-01  0.17406650E-01  0.17444612E-01
  0.15057035E-01  0.20464011E-01  0.17583871E-01
  0.13232948E-01  0.23915935E-01  0.17703077E-01
  0.11173788E-01  0.27797589E-01  0.17825596E-01
  0.88502664E-02  0.32145021E-01  0.17972701E-01
  0.62299646E-02  0.36995533E-01  0.18163342E-01
  0.32757993E-02  0.42388301E-01  0.18414032E-01
 -0.55589488E-04  0.48365053E-01  0.18738800E-01
 -0.38153107E-02  0.54970579E-01  0.19149192E-01
 -0.80633389E-02  0.62252847E-01  0.19654253E-01
 -0.12869119E-01  0.70262570E-01  0.20260506E-01
 -0.18311596E-01  0.79052167E-01  0.20971858E-01
 -0.24478727E-01  0.88674161E-01  0.21789442E-01
 -0.31466615E-01  0.99179220E-01  0.22711363E-01
 -0.39378477E-01  0.11061406E+00  0.23732323E-01
 -0.48323622E-01  0.12301951E+00  0.24843123E-01
 -0.58416497E-01  0.13642885E+00  0.26030022E-01
 -0.69775664E-01  0.15086652E+00  0.27273954E-01
 -0.82522274E-01  0.16634698E+00  0.28549597E-01
 -0.96777297E-01  0.18287332E+00  0.29824342E-01
 -0.11265651E+00  0.20043492E+00  0.31057197E-01
 -0.13026204E+00  0.21900355E+00  0.32197737E-01
 -0.14966947E+00  0.23852734E+00  0.33185270E-01
 -0.17090959E+00  0.25892213E+00  0.33948459E-01
 -0.19394498E+00  0.28006067E+00  0.34405739E-01
 -0.21864233E+00  0.30176041E+00  0.34466980E-01
 -0.24474323E+00  0.32377176E+00  0.34036865E-01
 -0.27183736E+00  0.34576909E+00  0.33020448E-01
 -0.29934425E+00  0.36734730E+00  0.31331155E-01
 -0.32650991E+00  0.38802668E+00  0.28901087E-01
 -0.35242542E+00  0.40726791E+00  0.25692862E-01
 -0.37607188E+00  0.42449782E+00  0.21711392E-01
 -0.39639270E+00  0.43914469E+00  0.17013304E-01
 -0.41238765E+00  0.45068004E+00  0.11711296E-01
 -0.42321717E+00  0.45866213E+00  0.59711499E-02
 -0.42829948E+00  0.46277553E+00  0.39583611E-06
  0.55336801E-01 -0.17969742E-01  0.14566643E-05
  0.55058265E-01 -0.17690401E-01 -0.58416556E-03
  0.54675131E-01 -0.17304604E-01 -0.11689715E-02
  0.54186972E-01 -0.16812146E-01 -0.17520477E-02
  0.53593700E-01 -0.16213292E-01 -0.23324270E-02
  0.52895383E-01 -0.15508573E-01 -0.29090716E-02
  0.52092033E-01 -0.14698557E-01 -0.34808616E-02
  0.63291982E-01 -0.54444462E-01 -0.13314532E-02
  0.63132705E-01 -0.53424763E-01 -0.15207187E-02
  0.62915832E-01 -0.52258795E-01 -0.16921405E-02
  0.62641432E-01 -0.50953289E-01 -0.18370026E-02
  0.62310403E-01 -0.49515213E-01 -0.19469196E-02
  0.61924652E-01 -0.47951769E-01 -0.20146072E-02
  0.61487186E-01 -0.46270426E-01 -0.20345665E-02
  0.61002118E-01 -0.44478924E-01 -0.20036367E-02
  0.60474539E-01 -0.42585279E-01 -0.19213871E-02
  0.59910304E-01 -0.40597782E-01 -0.17903398E-02
  0.59315740E-01 -0.38525014E-01 -0.16160271E-02
  0.58697335E-01 -0.36375921E-01 -0.14068960E-02
  0.58061411E-01 -0.34159937E-01 -0.11740762E-02
  0.57413821E-01 -0.31887178E-01 -0.93102714E-03
  0.56759651E-01 -0.29568660E-01 -0.69307616E-03
  0.56102934E-01 -0.27216532E-01 -0.47685577E-03
  0.55446358E-01 -0.24844270E-01 -0.29964416E-03
  0.54790975E-01 -0.22466809E-01 -0.17860982E-03
  0.54135942E-01 -0.20100592E-01 -0.12996197E-03
  0.53478307E-01 -0.17763529E-01 -0.16801182E-03
  0.52812908E-01 -0.15474859E-01 -0.30415801E-03
  0.52132417E-01 -0.13254908E-01 -0.54582243E-03
  0.51427566E-01 -0.11124742E-01 -0.89538049E-03
  0.50687583E-01 -0.91056904E-02 -0.13491520E-02
  0.49900819E-01 -0.72187219E-02 -0.18965426E-02
  0.49055559E-01 -0.54836728E-02 -0.25194494E-02
  0.48140967E-01 -0.39183245E-02 -0.31920591E-02
  0.47148095E-01 -0.25373793E-02 -0.38811720E-02
  0.46070895E-01 -0.13514047E-02 -0.45471661E-02
  0.44907132E-01 -0.36584717E-03 -0.51456717E-02
  0.43659102E-01  0.41976525E-03 -0.56299559E-02
  0.42334045E-01  0.10123182E-02 -0.59539195E-02
  0.40944165E-01  0.14252129E-02 -0.60754980E-02
  0.39506176E-01  0.16780258E-02 -0.59601574E-02
  0.38040379E-01  0.17957299E-02 -0.55841020E-02
  0.36569295E-01  0.18075376E-02 -0.49367916E-02
  0.35116002E-01  0.17454675E-02 -0.40224112E-02
  0.33702338E-01  0.16427740E-02 -0.28600519E-02
  0.32347208E-01  0.15323860E-02 -0.14825304E-02
  0.31065183E-01  0.14454988E-02  0.66041604E-04
  0.29865579E-01  0.14104395E-02  0.17336484E-02
  0.28752069E-01  0.14518993E-02  0.34643142E-02
  0.27722831E-01  0.15905889E-02  0.52021389E-02
  0.26771102E-01  0.18433392E-02  0.68949931E-02
  0.25885994E-01  0.22236266E-02  0.84975310E-02
  0.25053359E-01  0.27424691E-02  0.99733109E-02
  0.24256568E-01  0.34095956E-02  0.11295954E-01
  0.23477101E-01  0.42347601E-02  0.12449398E-01
  0.22694909E-01  0.52290508E-02  0.13427389E-01
  0.21888609E-01  0.64060404E-02  0.14232413E-01
  0.21035582E-01  0.77826469E-02  0.14874281E-01
  0.20112055E-01  0.93796197E-02  0.15368550E-01
  0.19093238E-01  0.11221633E-01  0.15734951E-01
  0.17953494E-01  0.13337045E-01  0.15995933E-01
  0.16666498E-01  0.15757440E-01  0.16175395E-01
  0.15205283E-01  0.18517136E-01  0.16297642E-01
  0.13542013E-01  0.21652816E-01  0.16386571E-01
  0.11647414E-01  0.25203466E-01  0.16465074E-01
  0.94897490E-02  0.29210685E-01  0.16554629E-01
  0.70333755E-02  0.33719396E-01  0.16675044E-01
  0.42369498E-02  0.38778867E-01  0.16844326E-01
  0.10514294E-02  0.44443901E-01  0.17078633E-01
 -0.25819415E-02  0.50775990E-01  0.17392276E-01
 -0.67334861E-02  0.57844235E-01  0.17797742E-01
 -0.11486656E-01  0.65725893E-01  0.18305709E-01
 -0.16939254E-01  0.74506470E-01  0.18925024E-01
 -0.23204375E-01  0.84279400E-01  0.19662613E-01
 -0.30411219E-01  0.95145443E-01  0.20523299E-01
 -0.38705981E-01  0.10721201E+00  0.21509500E-01
 -0.48253028E-01  0.12059260E+00  0.22620756E-01
 -0.59236452E-01  0.13540653E+00  0.23853064E-01
 -0.71861882E-01  0.15177890E+00  0.25197960E-01
 -0.86358091E-01  0.16984044E+00  0.26641291E-01
 -0.10297748E+00  0.18972667E+00  0.28161647E-01
 -0.12199398E+00  0.21157533E+00  0.29728380E-01
 -0.14369630E+00  0.23552055E+00  0.31299236E-01
 -0.16837388E+00  0.26168210E+00  0.32817633E-01
 -0.19629248E+00  0.29014767E+00  0.34209803E-01
 -0.22765624E+00  0.32094652E+00  0.35382163E-01
 -0.26255366E+00  0.35401328E+00  0.36219618E-01
 -0.30088681E+00  0.38914206E+00  0.36585863E-01
 -0.34228664E+00  0.42593376E+00  0.36327140E-01
 -0.38602328E+00  0.46374280E+00  0.35281170E-01
 -0.43092892E+00  0.50163487E+00  0.33292789E-01
 -0.47535952E+00  0.53837174E+00  0.30236776E-01
 -0.51722844E+00  0.57244272E+00  0.26046243E-01
 -0.55414116E+00  0.60215893E+00  0.20741765E-01
 -0.58364175E+00  0.62581537E+00  0.14453292E-01
 -0.60354619E+00  0.64190445E+00  0.74255702E-02
 -0.61229561E+00  0.64934044E+00  0.29668479E-06
  0.61451665E-01 -0.53619618E-01  0.80071134E-06
  0.61659800E-01 -0.53765237E-01 -0.12576792E-03
  0.61829423E-01 -0.53747783E-01 -0.25786679E-03
  0.61956327E-01 -0.53565639E-01 -0.40008981E-03
  0.62036941E-01 -0.53219363E-01 -0.55535134E-03
  0.62068275E-01 -0.52711406E-01 -0.72433506E-03
  0.62047844E-01 -0.52045739E-01 -0.90523413E-03
  0.61973596E-01 -0.51227448E-01 -0.10938056E-02
  0.61843905E-01 -0.50262371E-01 -0.12837191E-02
  0.61657629E-01 -0.49156824E-01 -0.14671422E-02
  0.61414239E-01 -0.47917425E-01 -0.16354838E-02
  0.61113968E-01 -0.46551008E-01 -0.17802053E-02
  0.60757963E-01 -0.45064610E-01 -0.18936151E-02
  0.60348376E-01 -0.43465489E-01 -0.19695757E-02
  0.59888380E-01 -0.41761154E-01 -0.20040745E-02
  0.59382085E-01 -0.39959409E-01 -0.19956279E-02
  0.58834380E-01 -0.38068382E-01 -0.19455112E-02
  0.58250697E-01 -0.36096587E-01 -0.18578184E-02
  0.57636744E-01 -0.34052995E-01 -0.17393685E-02
  0.56998215E-01 -0.31947150E-01 -0.15994746E-02
  0.56340484E-01 -0.29789294E-01 -0.14495981E-02
  0.55668317E-01 -0.27590523E-01 -0.13029007E-02
  0.54985564E-01 -0.25362912E-01 -0.11737081E-02
  0.54294880E-01 -0.23119630E-01 -0.10768918E-02
  0.53597451E-01 -0.20874993E-01 -0.10271740E-02
  0.52892772E-01 -0.18644474E-01 -0.10383606E-02
  0.52178500E-01 -0.16444646E-01 -0.11225089E-02
  0.51450413E-01 -0.14293067E-01 -0.12890436E-02
  0.50702517E-01 -0.12208092E-01 -0.15438453E-02
  0.49927296E-01 -0.10208592E-01 -0.18883483E-02
  0.49116135E-01 -0.83135771E-02 -0.23187036E-02
  0.48259874E-01 -0.65416689E-02 -0.28250801E-02
  0.47349498E-01 -0.49104470E-02 -0.33911959E-02
  0.46376895E-01 -0.34356528E-02 -0.39941827E-02
  0.45335662E-01 -0.21303003E-02 -0.46048893E-02
  0.44221891E-01 -0.10037584E-02 -0.51887144E-02
  0.43034883E-01 -0.60897247E-04 -0.57070274E-02
  0.41777708E-01  0.69859939E-03 -0.61191743E-02
  0.40457537E-01  0.12806584E-02 -0.63849931E-02
  0.39085669E-01  0.16969050E-02 -0.64676747E-02
  0.37677185E-01  0.19643774E-02 -0.63367206E-02
  0.36250207E-01  0.21048765E-02 -0.59706899E-02
  0.34824797E-01  0.21440007E-02 -0.53594062E-02
  0.33421571E-01  0.21099520E-02 -0.45053257E-02
  0.32060179E-01  0.20322199E-02 -0.34238548E-02
  0.30757835E-01  0.19402583E-02 -0.21425346E-02
  0.29528064E-01  0.18622685E-02 -0.69915776E-03
  0.28379832E-01  0.18241854E-02  0.86096992E-03
  0.27317117E-01  0.18489496E-02  0.24883063E-02
  0.26338937E-01  0.19561220E-02  0.41325166E-02
  0.25439744E-01  0.21618770E-02  0.57457203E-02
  0.24610050E-01  0.24793752E-02  0.72852412E-02
  0.23837137E-01  0.29194850E-02  0.87156569E-02
  0.23105709E-01  0.34917822E-02  0.10010058E-01
  0.22398392E-01  0.42057203E-02  0.11150531E-01
  0.21696075E-01  0.50718396E-02  0.12127965E-01
  0.20978105E-01  0.61028735E-02  0.12941325E-01
  0.20222399E-01  0.73146276E-02  0.13596567E-01
  0.19405555E-01  0.87265467E-02  0.14105353E-01
  0.18502992E-01  0.10361948E-01  0.14483719E-01
  0.17489111E-01  0.12247967E-01  0.14750786E-01
  0.16337419E-01  0.14415321E-01  0.14927609E-01
  0.15020518E-01  0.16898054E-01  0.15036198E-01
  0.13509824E-01  0.19733424E-01  0.15098729E-01
  0.11774914E-01  0.22962090E-01  0.15136945E-01
  0.97824205E-02  0.26628685E-01  0.15171733E-01
  0.74944636E-02  0.30782829E-01  0.15222851E-01
  0.48666638E-02  0.35480516E-01  0.15308784E-01
  0.18458447E-02  0.40785781E-01  0.15446690E-01
 -0.16324459E-02  0.46772501E-01  0.15652426E-01
 -0.56464731E-02  0.53526190E-01  0.15940599E-01
 -0.10290836E-01  0.61145685E-01  0.16324655E-01
 -0.15678979E-01  0.69744698E-01  0.16816940E-01
 -0.21945814E-01  0.79453312E-01  0.17428742E-01
 -0.29250673E-01  0.90419594E-01  0.18170263E-01
 -0.37780911E-01  0.10281159E+00  0.19050507E-01
 -0.47756508E-01  0.11681998E+00  0.20077028E-01
 -0.59435995E-01  0.13266168E+00  0.21255492E-01
 -0.73123850E-01  0.15058449E+00  0.22588976E-01
 -0.89179235E-01  0.17087262E+00  0.24076905E-01
 -0.10802544E+00  0.19385251E+00  0.25713496E-01
 -0.13015863E+00  0.21989778E+00  0.27485542E-01
 -0.15615341E+00  0.24943120E+00  0.29369327E-01
 -0.18666117E+00  0.28292026E+00  0.31326488E-01
 -0.22239496E+00  0.32086166E+00  0.33298626E-01
 -0.26409194E+00  0.36374766E+00  0.35200679E-01
 -0.31244133E+00  0.41200533E+00  0.36913395E-01
 -0.36796310E+00  0.46589808E+00  0.38275969E-01
 -0.43082308E+00  0.52537978E+00  0.39081065E-01
 -0.50057793E+00  0.58989778E+00  0.39076088E-01
 -0.57586453E+00  0.65815817E+00  0.37976339E-01
 -0.65408964E+00  0.72789738E+00  0.35496439E-01
 -0.73123410E+00  0.79574738E+00  0.31404122E-01
 -0.80193809E+00  0.85732003E+00  0.25592845E-01
 -0.86002933E+00  0.90763012E+00  0.18156364E-01
 -0.89953443E+00  0.94188463E+00  0.94348648E-02
 -0.91597338E+00  0.95648462E+00 -0.41497677E-07
  0.59930199E-01 -0.50443842E-01  0.17213945E-06
  0.60145892E-01 -0.50598537E-01 -0.77303337E-04
  0.60327079E-01 -0.50597266E-01 -0.16230689E-03
  0.60469374E-01 -0.50438338E-01 -0.26139006E-03
  0.60568824E-01 -0.50122103E-01 -0.37926595E-03
  0.60621913E-01 -0.49650715E-01 -0.51819295E-03
  0.60625536E-01 -0.49027802E-01 -0.67766666E-03
  0.60576986E-01 -0.48258109E-01 -0.85444494E-03
  0.60473985E-01 -0.47347171E-01 -0.10428848E-02
  0.60314757E-01 -0.46301042E-01 -0.12355323E-02
  0.60098148E-01 -0.45126123E-01 -0.14238807E-02
  0.59823761E-01 -0.43829053E-01 -0.15992036E-02
  0.59492085E-01 -0.42416682E-01 -0.17533745E-02
  0.59104580E-01 -0.40896085E-01 -0.18795979E-02
  0.58663697E-01 -0.39274604E-01 -0.19730000E-02
  0.58172828E-01 -0.37559903E-01 -0.20310495E-02
  0.57636169E-01 -0.35760028E-01 -0.20537991E-02
  0.57058531E-01 -0.33883469E-01 -0.20439546E-02
  0.56445090E-01 -0.31939237E-01 -0.20067869E-02
  0.55801113E-01 -0.29936935E-01 -0.19499108E-02
  0.55131651E-01 -0.27886843E-01 -0.18829497E-02
  0.54441240E-01 -0.25799989E-01 -0.18171067E-02
  0.53733596E-01 -0.23688213E-01 -0.17646558E-02
  0.53011336E-01 -0.21564213E-01 -0.17383640E-02
  0.52275741E-01 -0.19441556E-01 -0.17508522E-02
  0.51526578E-01 -0.17334676E-01 -0.18139001E-02
  0.50762019E-01 -0.15258831E-01 -0.19377051E-02
  0.49978669E-01 -0.13230024E-01 -0.21301068E-02
  0.49171711E-01 -0.11264873E-01 -0.23957994E-02
  0.48335188E-01 -0.93803947E-02 -0.27355639E-02
  0.47462389E-01 -0.75936945E-02 -0.31455657E-02
  0.46546340E-01 -0.59215196E-02 -0.36167788E-02
  0.45580358E-01 -0.43796772E-02 -0.41346110E-02
  0.44558654E-01 -0.29823245E-02 -0.46788125E-02
  0.43476948E-01 -0.17411717E-02 -0.52237549E-02
  0.42333067E-01 -0.66466350E-03 -0.57391511E-02
  0.41127492E-01  0.24277445E-03 -0.61912650E-02
  0.39863800E-01  0.98133319E-03 -0.65446069E-02
  0.38548940E-01  0.15561784E-02 -0.67640576E-02
  0.37193278E-01  0.19775107E-02 -0.68172866E-02
  0.35810359E-01  0.22603047E-02 -0.66772683E-02
  0.34416339E-01  0.24237387E-02 -0.63246435E-02
  0.33029103E-01  0.24903668E-02 -0.57496587E-02
  0.31667132E-01  0.24851030E-02 -0.49534303E-02
  0.30348218E-01  0.24341097E-02 -0.39483505E-02
  0.29088177E-01  0.23636792E-02 -0.27575465E-02
  0.27899727E-01  0.22991965E-02 -0.14134307E-02
  0.26791640E-01  0.22642597E-02  0.44507937E-04
  0.25768280E-01  0.22800247E-02  0.15724239E-02
  0.24829507E-01  0.23648263E-02  0.31250467E-02
  0.23970928E-01  0.25341103E-02  0.46585227E-02
  0.23184361E-01  0.28006918E-02  0.61329015E-02
  0.22458406E-01  0.31753239E-02  0.75140798E-02
  0.21778986E-01  0.36675257E-02  0.87751005E-02
  0.21129808E-01  0.42865876E-02  0.98967933E-02
  0.20492680E-01  0.50426415E-02  0.10867816E-01
  0.19847724E-01  0.59476746E-02  0.11684206E-01
  0.19173528E-01  0.70163755E-02  0.12348573E-01
  0.18447275E-01  0.82667354E-02  0.12869073E-01
  0.17644883E-01  0.97203790E-02  0.13258284E-01
  0.16741150E-01  0.11402663E-01  0.13532092E-01
  0.15709836E-01  0.13342636E-01  0.13708648E-01
  0.14523594E-01  0.15572994E-01  0.13807462E-01
  0.13153630E-01  0.18130192E-01  0.13848651E-01
  0.11568995E-01  0.21054844E-01  0.13852342E-01
  0.97354238E-02  0.24392515E-01  0.13838243E-01
  0.76136989E-02  0.28194970E-01  0.13825357E-01
  0.51575466E-02  0.32521846E-01  0.13831811E-01
  0.23111367E-02  0.37442711E-01  0.13874805E-01
 -0.99374756E-03  0.43039425E-01  0.13970631E-01
 -0.48408082E-02  0.49408717E-01  0.14134758E-01
 -0.93325992E-02  0.56664985E-01  0.14381964E-01
 -0.14594251E-01  0.64943340E-01  0.14726481E-01
 -0.20777772E-01  0.74403107E-01  0.15182156E-01
 -0.28067286E-01  0.85232060E-01  0.15762597E-01
 -0.36685720E-01  0.97651858E-01  0.16481283E-01
 -0.46903611E-01  0.11192522E+00  0.17351616E-01
 -0.59050772E-01  0.12836553E+00  0.18386862E-01
 -0.73531670E-01  0.14734946E+00  0.19599926E-01
 -0.90845270E-01  0.16933339E+00  0.21002853E-01
 -0.11160995E+00  0.19487377E+00  0.22605904E-01
 -0.13659361E+00  0.22465158E+00  0.24415989E-01
 -0.16674803E+00  0.25949970E+00  0.26434100E-01
 -0.20324485E+00  0.30043060E+00  0.28651279E-01
 -0.24750658E+00  0.34865832E+00  0.31042458E-01
 -0.30122004E+00  0.40560339E+00  0.33557343E-01
 -0.36630847E+00  0.47285999E+00  0.36107464E-01
 -0.44482162E+00  0.55209033E+00  0.38548841E-01
 -0.53868003E+00  0.64479215E+00  0.40660914E-01
 -0.64918676E+00  0.75186669E+00  0.42125321E-01
 -0.77621745E+00  0.87291438E+00  0.42513787E-01
 -0.91706569E+00  0.10052440E+01  0.41302766E-01
 -0.10651243E+01  0.11427561E+01  0.37940257E-01
 -0.12089629E+01  0.12751835E+01  0.31986700E-01
 -0.13327689E+01  0.13885151E+01  0.23320667E-01
 -0.14190782E+01  0.14673826E+01  0.12336079E-01
 -0.14536600E+01  0.14992868E+01 -0.71800723E-06
  0.58345308E-01 -0.47501151E-01 -0.46377535E-06
  0.58568560E-01 -0.47665131E-01 -0.29603444E-04
  0.58761023E-01 -0.47680278E-01 -0.68153622E-04
  0.58918121E-01 -0.47544804E-01 -0.12451123E-03
  0.59035499E-01 -0.47258805E-01 -0.20508477E-03
  0.59109062E-01 -0.46824058E-01 -0.31361617E-03
  0.59135022E-01 -0.46243749E-01 -0.45082636E-03
  0.59109957E-01 -0.45522171E-01 -0.61441129E-03
  0.59030884E-01 -0.44664446E-01 -0.79936677E-03
  0.58895366E-01 -0.43676276E-01 -0.99858050E-03
  0.58701639E-01 -0.42563771E-01 -0.12036040E-02
  0.58448733E-01 -0.41333341E-01 -0.14055063E-02
  0.58136590E-01 -0.39991650E-01 -0.15957175E-02
  0.57766134E-01 -0.38545626E-01 -0.17667840E-02
  0.57339295E-01 -0.37002502E-01 -0.19129815E-02
  0.56858963E-01 -0.35369869E-01 -0.20307551E-02
  0.56328876E-01 -0.33655748E-01 -0.21189766E-02
  0.55753437E-01 -0.31868646E-01 -0.21790257E-02
  0.55137484E-01 -0.30017607E-01 -0.22147152E-02
  0.54486002E-01 -0.28112256E-01 -0.22320812E-02
  0.53803828E-01 -0.26162817E-01 -0.22390635E-02
  0.53095326E-01 -0.24180141E-01 -0.22450971E-02
  0.52364099E-01 -0.22175704E-01 -0.22606314E-02
  0.51612720E-01 -0.20161619E-01 -0.22965913E-02
  0.50842532E-01 -0.18150632E-01 -0.23637868E-02
  0.50053531E-01 -0.16156124E-01 -0.24722827E-02
  0.49244344E-01 -0.14192104E-01 -0.26307333E-02
  0.48412313E-01 -0.12273172E-01 -0.28456985E-02
  0.47553688E-01 -0.10414441E-01 -0.31209566E-02
  0.46663909E-01 -0.86313788E-02 -0.34568439E-02
  0.45737960E-01 -0.69395445E-02 -0.38496591E-02
  0.44770776E-01 -0.53541879E-02 -0.42911819E-02
  0.43757682E-01 -0.38897165E-02 -0.47683681E-02
  0.42694841E-01 -0.25590386E-02 -0.52632881E-02
  0.41579712E-01 -0.13728304E-02 -0.57533787E-02
  0.40411491E-01 -0.33879245E-03 -0.62120666E-02
  0.39191524E-01  0.53902291E-03 -0.66098009E-02
  0.37923662E-01  0.12607290E-02 -0.69154944E-02
  0.36614504E-01  0.18308983E-02 -0.70983257E-02
  0.35273480E-01  0.22585854E-02 -0.71297948E-02
  0.33912701E-01  0.25570689E-02 -0.69858737E-02
  0.32546556E-01  0.27433315E-02 -0.66490466E-02
  0.31191021E-01  0.28373285E-02 -0.61100172E-02
  0.29862735E-01  0.28611119E-02 -0.53688723E-02
  0.28577918E-01  0.28378856E-02 -0.44355412E-02
  0.27351237E-01  0.27910645E-02 -0.33294632E-02
  0.26194782E-01  0.27434058E-02 -0.20784786E-02
  0.25117246E-01  0.27162679E-02 -0.71705037E-03
  0.24123403E-01  0.27290483E-02  0.71599221E-03
  0.23213926E-01  0.27988389E-02  0.21799480E-02
  0.22385489E-01  0.29403329E-02  0.36347228E-02
  0.21631102E-01  0.31659970E-02  0.50430658E-02
  0.20940555E-01  0.34865059E-02  0.63723876E-02
  0.20300890E-01  0.39114060E-02  0.75960567E-02
  0.19696817E-01  0.44499456E-02  0.86941408E-02
  0.19111039E-01  0.51119856E-02  0.96536236E-02
  0.18524496E-01  0.59088902E-02  0.10468173E-01
  0.17916539E-01  0.68543047E-02  0.11137564E-01
  0.17265091E-01  0.79647541E-02  0.11666876E-01
  0.16546787E-01  0.92600363E-02  0.12065552E-01
  0.15737092E-01  0.10763440E-01  0.12346444E-01
  0.14810338E-01  0.12501865E-01  0.12524878E-01
  0.13739601E-01  0.14505958E-01  0.12617822E-01
  0.12496310E-01  0.16810407E-01  0.12643173E-01
  0.11049504E-01  0.19454513E-01  0.12619172E-01
  0.93646419E-02  0.22483145E-01  0.12563973E-01
  0.74019446E-02  0.25948151E-01  0.12495329E-01
  0.51142449E-02  0.29910228E-01  0.12430413E-01
  0.24443768E-02  0.34441254E-01  0.12385732E-01
 -0.67787886E-03  0.39627054E-01  0.12377147E-01
 -0.43392957E-02  0.45570603E-01  0.12419948E-01
 -0.86472231E-02  0.52395727E-01  0.12529007E-01
 -0.13734311E-01  0.60251458E-01  0.12718970E-01
 -0.19764275E-01  0.69317369E-01  0.13004489E-01
 -0.26939231E-01  0.79810361E-01  0.13400493E-01
 -0.35509386E-01  0.91993632E-01  0.13922480E-01
 -0.45786130E-01  0.10618880E+00  0.14586825E-01
 -0.58159947E-01  0.12279249E+00  0.15411099E-01
 -0.73124969E-01  0.14229900E+00  0.16414349E-01
 -0.91312505E-01  0.16533123E+00  0.17617316E-01
 -0.11353650E+00  0.19268246E+00  0.19042474E-01
 -0.14085465E+00  0.22537218E+00  0.20713733E-01
 -0.17464938E+00  0.26471986E+00  0.22655505E-01
 -0.21673356E+00  0.31244029E+00  0.24890644E-01
 -0.26948396E+00  0.37076317E+00  0.27436383E-01
 -0.33600107E+00  0.44257433E+00  0.30296889E-01
 -0.42027963E+00  0.53156325E+00  0.33450185E-01
 -0.52734212E+00  0.64233103E+00  0.36826157E-01
 -0.66321917E+00  0.78035059E+00  0.40271358E-01
 -0.83453307E+00  0.95155364E+00  0.43496767E-01
 -0.10472386E+01  0.11611362E+01  0.46009897E-01
 -0.13038604E+01  0.14109831E+01  0.47049531E-01
 -0.15986392E+01  0.16951876E+01  0.45578211E-01
 -0.19110846E+01  0.19941505E+01  0.40438899E-01
 -0.22013554E+01  0.22704207E+01  0.30790462E-01
 -0.24144784E+01  0.24727036E+01  0.16774669E-01
 -0.24988238E+01  0.25529685E+01 -0.19246213E-05
  0.56702287E-01 -0.44776902E-01 -0.10545804E-05
  0.56933346E-01 -0.44950591E-01  0.17231379E-04
  0.57136953E-01 -0.44982471E-01  0.24340081E-04
  0.57308323E-01 -0.44870621E-01  0.10144740E-04
  0.57442662E-01 -0.44614825E-01 -0.33353209E-04
  0.57535271E-01 -0.44216421E-01 -0.11128784E-03
  0.57581663E-01 -0.43678086E-01 -0.22553035E-03
  0.57577686E-01 -0.43003604E-01 -0.37465677E-03
  0.57519662E-01 -0.42197627E-01 -0.55425990E-03
  0.57404526E-01 -0.41265463E-01 -0.75754214E-03
  0.57229957E-01 -0.40212912E-01 -0.97609870E-03
  0.56994500E-01 -0.39046148E-01 -0.12007903E-02
  0.56697666E-01 -0.37771668E-01 -0.14226091E-02
  0.56339987E-01 -0.36396285E-01 -0.16334582E-02
  0.55923032E-01 -0.34927159E-01 -0.18267884E-02
  0.55449362E-01 -0.33371855E-01 -0.19980584E-02
  0.54922420E-01 -0.31738391E-01 -0.21450114E-02
  0.54346354E-01 -0.30035293E-01 -0.22677730E-02
  0.53725782E-01 -0.28271614E-01 -0.23687910E-02
  0.53065510E-01 -0.26456935E-01 -0.24526414E-02
  0.52370214E-01 -0.24601352E-01 -0.25257263E-02
  0.51644128E-01 -0.22715440E-01 -0.25958868E-02
  0.50890755E-01 -0.20810230E-01 -0.26719498E-02
  0.50112625E-01 -0.18897188E-01 -0.27632236E-02
  0.49311141E-01 -0.16988224E-01 -0.28789531E-02
  0.48486511E-01 -0.15095711E-01 -0.30277434E-02
  0.47637790E-01 -0.13232515E-01 -0.32169610E-02
  0.46763009E-01 -0.11412002E-01 -0.34521240E-02
  0.45859397E-01 -0.96480093E-02 -0.37362986E-02
  0.44923649E-01 -0.79547190E-02 -0.40695251E-02
  0.43952244E-01 -0.63464270E-02 -0.44483064E-02
  0.42941766E-01 -0.48371699E-02 -0.48651999E-02
  0.41889227E-01 -0.34402178E-02 -0.53085653E-02
  0.40792395E-01 -0.21674547E-02 -0.57625219E-02
  0.39650108E-01 -0.10286943E-02 -0.62071734E-02
  0.38462597E-01 -0.31000443E-04 -0.66191479E-02
  0.37231804E-01  0.82191155E-03 -0.69724825E-02
  0.35961672E-01  0.15301178E-02 -0.72398542E-02
  0.34658378E-01  0.20977151E-02 -0.73941163E-02
  0.33330450E-01  0.25328036E-02 -0.74100554E-02
  0.31988707E-01  0.28472227E-02 -0.72662390E-02
  0.30645987E-01  0.30560657E-02 -0.69467854E-02
  0.29316616E-01  0.31770251E-02 -0.64428719E-02
  0.28015661E-01  0.32296319E-02 -0.57538037E-02
  0.26758007E-01  0.32344521E-02 -0.48875016E-02
  0.25557359E-01  0.32123023E-02 -0.38603279E-02
  0.24425293E-01  0.31835334E-02 -0.26962455E-02
  0.23370452E-01  0.31674221E-02 -0.14253885E-02
  0.22397993E-01  0.31817055E-02 -0.82190098E-04
  0.21509311E-01  0.32422845E-02  0.12967398E-02
  0.20702030E-01  0.33631216E-02  0.26747750E-02
  0.19970221E-01  0.35563484E-02  0.40172758E-02
  0.19304755E-01  0.38325837E-02  0.52932750E-02
  0.18693706E-01  0.42014446E-02  0.64767437E-02
  0.18122744E-01  0.46722068E-02  0.75473902E-02
  0.17575469E-01  0.52545526E-02  0.84910029E-02
  0.17033676E-01  0.59593267E-02  0.92993873E-02
  0.16477568E-01  0.67992285E-02  0.99699777E-02
  0.15885926E-01  0.77893827E-02  0.10505214E-01
  0.15236253E-01  0.89477668E-02  0.10911776E-01
  0.14504861E-01  0.10295515E-01  0.11199755E-01
  0.13666874E-01  0.11857161E-01  0.11381833E-01
  0.12696053E-01  0.13660918E-01  0.11472520E-01
  0.11564373E-01  0.15739113E-01  0.11487479E-01
  0.10241255E-01  0.18128880E-01  0.11442962E-01
  0.86923809E-02  0.20873232E-01  0.11355371E-01
  0.68780497E-02  0.24022557E-01  0.11240931E-01
  0.47510349E-02  0.27636604E-01  0.11115482E-01
  0.22539474E-02  0.31786964E-01  0.10994367E-01
 -0.68392364E-03  0.36560087E-01  0.10892417E-01
 -0.41503464E-02  0.42060884E-01  0.10824009E-01
 -0.82545985E-02  0.48417064E-01  0.10803200E-01
 -0.13132900E-01  0.55784453E-01  0.10843921E-01
 -0.18955284E-01  0.64353756E-01  0.10960225E-01
 -0.25934594E-01  0.74359419E-01  0.11166603E-01
 -0.34338671E-01  0.86091636E-01  0.11478360E-01
 -0.44507184E-01  0.99912918E-01  0.11912065E-01
 -0.56875246E-01  0.11628128E+00  0.12486095E-01
 -0.72006769E-01  0.13578292E+00  0.13221275E-01
 -0.90641846E-01  0.15917853E+00  0.14141635E-01
 -0.11376432E+00  0.18746908E+00  0.15275287E-01
 -0.14269858E+00  0.22198986E+00  0.16655401E-01
 -0.17924899E+00  0.26454527E+00  0.18321182E-01
 -0.22590155E+00  0.31760334E+00  0.20318654E-01
 -0.28611649E+00  0.38457667E+00  0.22700752E-01
 -0.36475157E+00  0.47022740E+00  0.25525683E-01
 -0.46866641E+00  0.58124277E+00  0.28851388E-01
 -0.60755592E+00  0.72702468E+00  0.32721808E-01
 -0.79500944E+00  0.92068527E+00  0.37136601E-01
 -0.10495942E+01  0.11800478E+01  0.41989239E-01
 -0.13951882E+01  0.15278997E+01  0.46949587E-01
 -0.18584098E+01  0.19894241E+01  0.51264619E-01
 -0.24584342E+01  0.25823020E+01  0.53488378E-01
 -0.31822228E+01  0.32928521E+01  0.51310607E-01
 -0.39445162E+01  0.40377108E+01  0.41996814E-01
 -0.45625051E+01  0.46398545E+01  0.24115863E-01
 -0.48139162E+01  0.48847770E+01 -0.41545791E-05
  0.55005469E-01 -0.42256635E-01 -0.15581804E-05
  0.55244630E-01 -0.42440476E-01  0.63137133E-04
  0.55459188E-01 -0.42489286E-01  0.11500173E-03
  0.55644107E-01 -0.42400954E-01  0.14229439E-03
  0.55794140E-01 -0.42174906E-01  0.13553106E-03
  0.55903990E-01 -0.41812005E-01  0.88275051E-04
  0.55968500E-01 -0.41314408E-01 -0.24231964E-05
  0.55982844E-01 -0.40685380E-01 -0.13596635E-03
  0.55942724E-01 -0.39929116E-01 -0.30850858E-03
  0.55844531E-01 -0.39050545E-01 -0.51354736E-03
  0.55685492E-01 -0.38055176E-01 -0.74271583E-03
  0.55463778E-01 -0.36948978E-01 -0.98667201E-03
  0.55178586E-01 -0.35738304E-01 -0.12359861E-02
  0.54830175E-01 -0.34429874E-01 -0.14819432E-02
  0.54419873E-01 -0.33030793E-01 -0.17172039E-02
  0.53950019E-01 -0.31548591E-01 -0.19362870E-02
  0.53423859E-01 -0.29991268E-01 -0.21358669E-02
  0.52845363E-01 -0.28367326E-01 -0.23148906E-02
  0.52218991E-01 -0.26685763E-01 -0.24745351E-02
  0.51549401E-01 -0.24956044E-01 -0.26180310E-02
  0.50841141E-01 -0.23188051E-01 -0.27503791E-02
  0.50098332E-01 -0.21392015E-01 -0.28779844E-02
  0.49324392E-01 -0.19578474E-01 -0.30082291E-02
  0.48521835E-01 -0.17758244E-01 -0.31490001E-02
  0.47692147E-01 -0.15942441E-01 -0.33081832E-02
  0.46835771E-01 -0.14142523E-01 -0.34931341E-02
  0.45952197E-01 -0.12370355E-01 -0.37101350E-02
  0.45040121E-01 -0.10638255E-01 -0.39638477E-02
  0.44097674E-01 -0.89589881E-02 -0.42567786E-02
  0.43122676E-01 -0.73456699E-02 -0.45887743E-02
  0.42112896E-01 -0.58115428E-02 -0.49565777E-02
  0.41066299E-01 -0.43696201E-02 -0.53534777E-02
  0.39981268E-01 -0.30321969E-02 -0.57690958E-02
  0.38856831E-01 -0.18102612E-02 -0.61893550E-02
  0.37692870E-01 -0.71285811E-03 -0.65966791E-02
  0.36490360E-01  0.25352649E-03 -0.69704593E-02
  0.35251616E-01  0.10854912E-02 -0.72878157E-02
  0.33980557E-01  0.17830893E-02 -0.75246522E-02
  0.32682927E-01  0.23499972E-02 -0.76569736E-02
  0.31366448E-01  0.27934617E-02 -0.76623948E-02
  0.30040836E-01  0.31240327E-02 -0.75217362E-02
  0.28717616E-01  0.33551128E-02 -0.72205669E-02
  0.27409727E-01  0.35023753E-02 -0.67505415E-02
  0.26130905E-01  0.35831063E-02 -0.61103814E-02
  0.24894891E-01  0.36155274E-02 -0.53063749E-02
  0.23714541E-01  0.36181474E-02 -0.43523210E-02
  0.22600947E-01  0.36091780E-02 -0.32689014E-02
  0.21562661E-01  0.36060407E-02 -0.20825332E-02
  0.20605113E-01  0.36249854E-02 -0.82381374E-03
  0.19730281E-01  0.36808378E-02  0.47428627E-03
  0.18936591E-01  0.37868928E-02  0.17783064E-02
  0.18219048E-01  0.39549676E-02  0.30560872E-02
  0.17569510E-01  0.41956199E-02  0.42783245E-02
  0.16977038E-01  0.45185253E-02  0.54197863E-02
  0.16428261E-01  0.49329863E-02  0.64601394E-02
  0.15907715E-01  0.54485297E-02  0.73843798E-02
  0.15398120E-01  0.60755367E-02  0.81828991E-02
  0.14880613E-01  0.68258454E-02  0.88512450E-02
  0.14334924E-01  0.77132828E-02  0.93896519E-02
  0.13739517E-01  0.87541031E-02  0.98024166E-02
  0.13071658E-01  0.99673468E-02  0.10097193E-01
  0.12307382E-01  0.11375170E-01  0.10284266E-01
  0.11421293E-01  0.13003225E-01  0.10375858E-01
  0.10386120E-01  0.14881185E-01  0.10385495E-01
  0.91719486E-02  0.17043529E-01  0.10327467E-01
  0.77450635E-02  0.19530658E-01  0.10216380E-01
  0.60663418E-02  0.22390443E-01  0.10066823E-01
  0.40891660E-02  0.25680236E-01  0.98931236E-02
  0.17568238E-02  0.29469404E-01  0.97092124E-02
 -0.10006538E-02  0.33842442E-01  0.95285629E-02
 -0.42703098E-02  0.38902774E-01  0.93642148E-02
 -0.81609210E-02  0.44777423E-01  0.92288651E-02
 -0.12808831E-01  0.51622907E-01  0.91350238E-02
 -0.18385500E-01  0.59632898E-01  0.90952321E-02
 -0.25107604E-01  0.69048480E-01  0.91223482E-02
 -0.33250946E-01  0.80172283E-01  0.92299084E-02
 -0.43170015E-01  0.93388329E-01  0.94325836E-02
 -0.55325923E-01  0.10919031E+00  0.97467569E-02
 -0.70326747E-01  0.12822232E+00  0.10191263E-01
 -0.88986411E-01  0.15133820E+00  0.10788343E-01
 -0.11241158E+00  0.17968878E+00  0.11564901E-01
 -0.14213153E+00  0.21485200E+00  0.12554152E-01
 -0.18029527E+00  0.25902987E+00  0.13797813E-01
 -0.22997581E+00  0.31535156E+00  0.15349004E-01
 -0.29564848E+00  0.38834876E+00  0.17276014E-01
 -0.38395734E+00  0.48471525E+00  0.19667023E-01
 -0.50496469E+00  0.61454219E+00  0.22635428E-01
 -0.67421687E+00  0.79335548E+00  0.26324222E-01
 -0.91617894E+00  0.10454947E+01  0.30904463E-01
 -0.12698716E+01  0.14096444E+01  0.36553864E-01
 -0.17976132E+01  0.19473828E+01  0.43378826E-01
 -0.25962875E+01  0.27541363E+01  0.51190813E-01
 -0.38026020E+01  0.39640635E+01  0.58951838E-01
 -0.55562209E+01  0.57132779E+01  0.63659417E-01
 -0.78281628E+01  0.79704742E+01  0.59092401E-01
 -0.10056047E+02  0.10178285E+02  0.37636452E-01
 -0.11058406E+02  0.11170658E+02 -0.90946694E-05
  0.53258338E-01 -0.39926893E-01 -0.19458006E-05
  0.53505752E-01 -0.40121158E-01  0.10808837E-03
  0.53730804E-01 -0.40186791E-01  0.20374711E-03
  0.53928173E-01 -0.40121433E-01  0.27178702E-03
  0.54092167E-01 -0.39924127E-01  0.30133981E-03
  0.54216941E-01 -0.39595270E-01  0.28475197E-03
  0.54296750E-01 -0.39136528E-01  0.21806333E-03
  0.54326216E-01 -0.38550706E-01  0.10109337E-03
  0.54300548E-01 -0.37841601E-01 -0.62843022E-04
  0.54215736E-01 -0.37013836E-01 -0.26752450E-03
  0.54068693E-01 -0.36072689E-01 -0.50462246E-03
  0.53857341E-01 -0.35023968E-01 -0.76460460E-03
  0.53580673E-01 -0.33873911E-01 -0.10376416E-02
  0.53238772E-01 -0.32629151E-01 -0.13144326E-02
  0.52832793E-01 -0.31296717E-01 -0.15868890E-02
  0.52364907E-01 -0.29884062E-01 -0.18486414E-02
  0.51838189E-01 -0.28399101E-01 -0.20953583E-02
  0.51256441E-01 -0.26850223E-01 -0.23248851E-02
  0.50623959E-01 -0.25246274E-01 -0.25372200E-02
  0.49945252E-01 -0.23596509E-01 -0.27343568E-02
  0.49224732E-01 -0.21910514E-01 -0.29200205E-02
  0.48466415E-01 -0.20198129E-01 -0.30993220E-02
  0.47673665E-01 -0.18469387E-01 -0.32783551E-02
  0.46849021E-01 -0.16734496E-01 -0.34637524E-02
  0.45994107E-01 -0.15003867E-01 -0.36622137E-02
  0.45109657E-01 -0.13288180E-01 -0.38800175E-02
  0.44195623E-01 -0.11598468E-01 -0.41225248E-02
  0.43251358E-01 -0.99461821E-02 -0.43936845E-02
  0.42275828E-01 -0.83432005E-02 -0.46955551E-02
  0.41267838E-01 -0.68017348E-02 -0.50278579E-02
  0.40226236E-01 -0.53341146E-02 -0.53875870E-02
  0.39150088E-01 -0.39524374E-02 -0.57687049E-02
  0.38038834E-01 -0.26681011E-02 -0.61619584E-02
  0.36892427E-01 -0.14912525E-02 -0.65548543E-02
  0.35711485E-01 -0.43020766E-03 -0.69318333E-02
  0.34497478E-01  0.50909341E-03 -0.72746747E-02
  0.33252935E-01  0.13235354E-02 -0.75631527E-02
  0.31981694E-01  0.20131266E-02 -0.77759443E-02
  0.30689123E-01  0.25811154E-02 -0.78917641E-02
  0.29382298E-01  0.30339137E-02 -0.78906674E-02
  0.28070053E-01  0.33808410E-02 -0.77554352E-02
  0.26762868E-01  0.36337221E-02 -0.74729263E-02
  0.25472551E-01  0.38063838E-02 -0.70352674E-02
  0.24211719E-01  0.39140996E-02 -0.64407543E-02
  0.22993106E-01  0.39730278E-02 -0.56943534E-02
  0.21828765E-01  0.39996790E-02 -0.48077340E-02
  0.20729261E-01  0.40104385E-02 -0.37988076E-02
  0.19702932E-01  0.40211604E-02 -0.26908087E-02
  0.18755317E-01  0.40468449E-02 -0.15110015E-02
  0.17888789E-01  0.41014115E-02 -0.28913813E-03
  0.17102413E-01  0.41975791E-02  0.94418596E-03
  0.16392009E-01  0.43468696E-02  0.21591331E-02
  0.15750355E-01  0.45597423E-02  0.33280511E-02
  0.15167496E-01  0.48458609E-02  0.44266325E-02
  0.14631073E-01  0.52144809E-02  0.54347467E-02
  0.14126636E-01  0.56749252E-02  0.63369288E-02
  0.13637926E-01  0.62371085E-02  0.71225426E-02
  0.13147097E-01  0.69120640E-02  0.77856598E-02
  0.12634900E-01  0.77124325E-02  0.83247153E-02
  0.12080807E-01  0.86528965E-02  0.87420030E-02
  0.11463070E-01  0.97505656E-02  0.90430767E-02
  0.10758675E-01  0.11025353E-01  0.92361110E-02
  0.99431311E-02  0.12500413E-01  0.93312696E-02
  0.89900288E-02  0.14202719E-01  0.93401167E-02
  0.78702978E-02  0.16163881E-01  0.92750954E-02
  0.65510894E-02  0.18421286E-01  0.91490880E-02
  0.49942364E-02  0.21019633E-01  0.89750657E-02
  0.31542458E-02  0.24012920E-01  0.87658282E-02
  0.97578304E-03  0.27466955E-01  0.85338283E-02
 -0.16094137E-02  0.31462443E-01  0.82910766E-02
 -0.46863069E-02  0.36098799E-01  0.80491169E-02
 -0.83612350E-02  0.41498911E-01  0.78190661E-02
 -0.12767860E-01  0.47815226E-01  0.76117120E-02
 -0.18074984E-01  0.55237790E-01  0.74376669E-02
 -0.24497159E-01  0.64005166E-01  0.73075790E-02
 -0.32309476E-01  0.74419664E-01  0.72324087E-02
 -0.41868618E-01  0.86868976E-01  0.72237857E-02
 -0.53643283E-01  0.10185741E+00  0.72944711E-02
 -0.68258789E-01  0.12005156E+00  0.74589667E-02
 -0.86563304E-01  0.14234798E+00  0.77343305E-02
 -0.10972777E+00  0.16997503E+00  0.81412934E-02
 -0.13939935E+00  0.20464897E+00  0.87058215E-02
 -0.17794223E+00  0.24881827E+00  0.94613488E-02
 -0.22882479E+00  0.30605559E+00  0.10452036E-01
 -0.29725979E+00  0.38170450E+00  0.11737622E-01
 -0.39129617E+00  0.48398013E+00  0.13400791E-01
 -0.52374617E+00  0.62590798E+00  0.15558522E-01
 -0.71571653E+00  0.82887016E+00  0.18379762E-01
 -0.10033470E+01  0.11293608E+01  0.22112792E-01
 -0.14512231E+01  0.15924110E+01  0.27125950E-01
 -0.21801722E+01  0.23393697E+01  0.33959531E-01
 -0.34265081E+01  0.36070298E+01  0.43351426E-01
 -0.56664085E+01  0.58715735E+01  0.56036689E-01
 -0.98346139E+01  0.10066014E+02  0.71472622E-01
 -0.17372814E+02  0.17626100E+02  0.82781685E-01
 -0.28200838E+02  0.28462301E+02  0.66406714E-01
  0.15479258E-01 -0.11402443E-01  0.17402349E-07
  0.51463745E-01 -0.37776134E-01 -0.22026159E-05
  0.51719270E-01 -0.37980782E-01  0.15209714E-03
  0.51953970E-01 -0.38062705E-01  0.29057926E-03
  0.52162227E-01 -0.38019261E-01  0.39860465E-03
  0.52337940E-01 -0.37849117E-01  0.46401637E-03
  0.52474808E-01 -0.37552248E-01  0.47802458E-03
  0.52566640E-01 -0.37129908E-01  0.43572124E-03
  0.52607663E-01 -0.36584544E-01  0.33619204E-03
  0.52592775E-01 -0.35919668E-01  0.18224697E-03
  0.52517739E-01 -0.35139693E-01 -0.20164137E-04
  0.52379306E-01 -0.34249753E-01 -0.26275542E-03
  0.52175285E-01 -0.33255549E-01 -0.53582062E-03
  0.51904565E-01 -0.32163228E-01 -0.82915748E-03
  0.51567114E-01 -0.30979323E-01 -0.11329146E-02
  0.51163947E-01 -0.29710737E-01 -0.14382988E-02
  0.50697063E-01 -0.28364767E-01 -0.17381056E-02
  0.50169340E-01 -0.26949133E-01 -0.20270621E-02
  0.49584366E-01 -0.25471991E-01 -0.23019868E-02
  0.48946228E-01 -0.23941914E-01 -0.25617872E-02
  0.48259238E-01 -0.22367836E-01 -0.28073213E-02
  0.47527649E-01 -0.20758971E-01 -0.30411521E-02
  0.46755376E-01 -0.19124733E-01 -0.32672228E-02
  0.45945764E-01 -0.17474675E-01 -0.34904750E-02
  0.45101437E-01 -0.15818473E-01 -0.37164297E-02
  0.44224234E-01 -0.14165959E-01 -0.39507458E-02
  0.43315248E-01 -0.12527193E-01 -0.41987657E-02
  0.42374942E-01 -0.10912554E-01 -0.44650591E-02
  0.41403318E-01 -0.93328007E-02 -0.47529727E-02
  0.40400107E-01 -0.77990742E-02 -0.50641989E-02
  0.39364949E-01 -0.63228009E-02 -0.53983768E-02
  0.38297548E-01 -0.49154749E-02 -0.57527461E-02
  0.37197797E-01 -0.35883210E-02 -0.61218791E-02
  0.36065876E-01 -0.23518571E-02 -0.64975194E-02
  0.34902358E-01 -0.12153954E-02 -0.68685604E-02
  0.33708327E-01 -0.18653321E-03 -0.72211959E-02
  0.32485545E-01  0.72931055E-03 -0.75392709E-02
  0.31236656E-01  0.15292627E-02 -0.78048479E-02
  0.29965422E-01  0.22132280E-02 -0.79989926E-02
  0.28676949E-01  0.27839661E-02 -0.81027550E-02
  0.27377862E-01  0.32470100E-02 -0.80983015E-02
  0.26076370E-01  0.36104443E-02 -0.79701232E-02
  0.24782176E-01  0.38845708E-02 -0.77062271E-02
  0.23506200E-01  0.40814983E-02 -0.72992011E-02
  0.22260117E-01  0.42146944E-02 -0.67470421E-02
  0.21055743E-01  0.42985303E-02 -0.60536523E-02
  0.19904319E-01  0.43478442E-02 -0.52289367E-02
  0.18815775E-01  0.43775405E-02 -0.42884744E-02
  0.17798066E-01  0.44022350E-02 -0.32527831E-02
  0.16856629E-01  0.44359568E-02 -0.21462416E-02
  0.15994029E-01  0.44919186E-02 -0.99577018E-03
  0.15209802E-01  0.45823693E-02  0.17060985E-03
  0.14500470E-01  0.47185465E-02  0.13252087E-02
  0.13859706E-01  0.49107426E-02  0.24419787E-02
  0.13278572E-01  0.51684913E-02  0.34976110E-02
  0.12745806E-01  0.55008681E-02  0.44723593E-02
  0.12248087E-01  0.59168831E-02  0.53505652E-02
  0.11770285E-01  0.64259331E-02  0.61208921E-02
  0.11295660E-01  0.70382706E-02  0.67762968E-02
  0.10806029E-01  0.77654579E-02  0.73137859E-02
  0.10281880E-01  0.86207839E-02  0.77340125E-02
  0.97024334E-02  0.96196499E-02  0.80407668E-02
  0.90455942E-02  0.10779958E-01  0.82404138E-02
  0.82877624E-02  0.12122561E-01  0.83413208E-02
  0.74034196E-02  0.13671851E-01  0.83533092E-02
  0.63644284E-02  0.15456579E-01  0.82871569E-02
  0.51389781E-02  0.17510970E-01  0.81541660E-02
  0.36901242E-02  0.19876219E-01  0.79658071E-02
  0.19738797E-02  0.22602424E-01  0.77334406E-02
 -0.63185133E-04  0.25750997E-01  0.74681150E-02
 -0.24868993E-02  0.29397658E-01  0.71804347E-02
 -0.53791273E-02  0.33636128E-01  0.68804930E-02
 -0.88423095E-02  0.38582770E-01  0.65778593E-02
 -0.13005290E-01  0.44382578E-01  0.62816162E-02
 -0.18031052E-01  0.51217148E-01  0.60004394E-02
 -0.24127302E-01  0.59315606E-01  0.57427189E-02
 -0.31561355E-01  0.68969968E-01  0.55167226E-02
 -0.40681456E-01  0.80557135E-01  0.53308079E-02
 -0.51947838E-01  0.94570869E-01  0.51936954E-02
 -0.65978589E-01  0.11166895E+00  0.51148276E-02
 -0.83618438E-01  0.13274376E+00  0.51048482E-02
 -0.10604377E+00  0.15902987E+00  0.51762637E-02
 -0.13492636E+00  0.19227137E+00  0.53443825E-02
 -0.17269506E+00  0.23498893E+00  0.56286914E-02
 -0.22296641E+00  0.29091834E+00  0.60549378E-02
 -0.29127697E+00  0.36575498E+00  0.66583816E-02
 -0.38637712E+00  0.46846671E+00  0.74890537E-02
 -0.52261840E+00  0.61371256E+00  0.86205779E-02
 -0.72458672E+00  0.82652947E+00  0.10165593E-01
 -0.10366423E+01  0.11519687E+01  0.12303985E-01
 -0.15439901E+01  0.16763522E+01  0.15337348E-01
 -0.24233179E+01  0.25782972E+01  0.19800301E-01
 -0.40776397E+01  0.42644491E+01  0.26702244E-01
 -0.75430845E+01  0.77785794E+01  0.38078140E-01
 -0.15908361E+02  0.16227983E+02  0.58193921E-01
  0.18019847E-01 -0.14294553E-01 -0.12877279E-02
  0.18418887E-01 -0.14805827E-01 -0.64357096E-03
  0.18492311E-01 -0.14916223E-01 -0.18353218E-06
  0.49624165E-01 -0.35795617E-01 -0.23263348E-05
  0.49887290E-01 -0.36010219E-01  0.19520811E-03
  0.50130377E-01 -0.36107450E-01  0.37557773E-03
  0.50347522E-01 -0.36084376E-01  0.52284634E-03
  0.50532291E-01 -0.35939323E-01  0.62365660E-03
  0.50678056E-01 -0.35671928E-01  0.66815625E-03
  0.50778349E-01 -0.35283147E-01  0.65054648E-03
  0.50827196E-01 -0.34775198E-01  0.56921861E-03
  0.50819379E-01 -0.34151438E-01  0.42649999E-03
  0.50750620E-01 -0.33416185E-01  0.22807559E-03
  0.50617667E-01 -0.32574518E-01 -0.17818427E-04
  0.50418336E-01 -0.31632084E-01 -0.30132035E-03
  0.50151495E-01 -0.30594950E-01 -0.61188328E-03
  0.49817034E-01 -0.29469520E-01 -0.93914234E-03
  0.49415828E-01 -0.28262501E-01 -0.12736447E-02
  0.48949668E-01 -0.26980930E-01 -0.16074048E-02
  0.48421169E-01 -0.25632204E-01 -0.19342701E-02
  0.47833634E-01 -0.24224108E-01 -0.22501042E-02
  0.47190855E-01 -0.22764806E-01 -0.25528056E-02
  0.46496890E-01 -0.21262801E-01 -0.28421885E-02
  0.45755798E-01 -0.19726868E-01 -0.31197564E-02
  0.44971392E-01 -0.18165978E-01 -0.33883955E-02
  0.44147036E-01 -0.16589245E-01 -0.36520127E-02
  0.43285507E-01 -0.15005909E-01 -0.39151391E-02
  0.42388940E-01 -0.13425365E-01 -0.41825134E-02
  0.41458864E-01 -0.11857222E-01 -0.44586573E-02
  0.40496293E-01 -0.10311373E-01 -0.47474531E-02
  0.39501868E-01 -0.87980366E-02 -0.50517306E-02
  0.38476001E-01 -0.73277358E-02 -0.53728755E-02
  0.37419013E-01 -0.59111863E-02 -0.57104698E-02
  0.36331245E-01 -0.45590801E-02 -0.60619823E-02
  0.35213145E-01 -0.32817699E-02 -0.64225299E-02
  0.34065348E-01 -0.20888782E-02 -0.67847333E-02
  0.32888773E-01 -0.98886870E-03 -0.71386970E-02
  0.31684748E-01  0.11375797E-04 -0.74721380E-02
  0.30455185E-01  0.90692448E-03 -0.77706884E-02
  0.29202793E-01  0.16950826E-02 -0.80183876E-02
  0.27931312E-01  0.23755649E-02 -0.81983621E-02
  0.26645733E-01  0.29505487E-02 -0.82936796E-02
  0.25352447E-01  0.34246120E-02 -0.82883365E-02
  0.24059293E-01  0.38045693E-02 -0.81683192E-02
  0.22775446E-01  0.40992289E-02 -0.79226594E-02
  0.21511152E-01  0.43190919E-02 -0.75443911E-02
  0.20277286E-01  0.44760154E-02 -0.70313146E-02
  0.19084793E-01  0.45828563E-02 -0.63864821E-02
  0.17944052E-01  0.46531099E-02 -0.56183429E-02
  0.16864228E-01  0.47005526E-02 -0.47405183E-02
  0.15852698E-01  0.47389011E-02 -0.37712144E-02
  0.14914580E-01  0.47815006E-02 -0.27323210E-02
  0.14052429E-01  0.48410610E-02 -0.16482775E-02
  0.13266097E-01  0.49294636E-02 -0.54480711E-03
  0.12552726E-01  0.50576605E-02  0.55236914E-03
  0.11906869E-01  0.52356880E-02  0.16187356E-02
  0.11320667E-01  0.54728019E-02  0.26320159E-02
  0.10784056E-01  0.57777321E-02  0.35729787E-02
  0.10284967E-01  0.61590340E-02  0.44259841E-02
  0.98095077E-02  0.66255041E-02  0.51792676E-02
  0.93421181E-02  0.71866178E-02  0.58249836E-02
  0.88657068E-02  0.78529562E-02  0.63590429E-02
  0.83617586E-02  0.86365989E-02  0.67807912E-02
  0.78104008E-02  0.95514872E-02  0.70925772E-02
  0.71903868E-02  0.10613791E-01  0.72992564E-02
  0.64789433E-02  0.11842334E-01  0.74076718E-02
  0.56514123E-02  0.13259159E-01  0.74261456E-02
  0.46806146E-02  0.14890301E-01  0.73640054E-02
  0.35358723E-02  0.16766869E-01  0.72311646E-02
  0.21816400E-02  0.18926470E-01  0.70377660E-02
  0.57570441E-03  0.21415053E-01  0.67938932E-02
 -0.13330820E-02  0.24289204E-01  0.65093489E-02
 -0.36075954E-02  0.27618985E-01  0.61934962E-02
 -0.63258790E-02  0.31491416E-01  0.58551558E-02
 -0.95854430E-02  0.36014872E-01  0.55025507E-02
 -0.13508803E-01  0.41324747E-01  0.51432906E-02
 -0.18250862E-01  0.47591035E-01  0.47843879E-02
 -0.24009061E-01  0.55028768E-01  0.44322974E-02
 -0.31037701E-01  0.63912746E-01  0.40929759E-02
 -0.39668534E-01  0.74598707E-01  0.37719569E-02
 -0.50340815E-01  0.87554184E-01  0.34744396E-02
 -0.63645801E-01  0.10340416E+00  0.32053936E-02
 -0.80393666E-01  0.12299961E+00  0.29696835E-02
 -0.10171604E+00  0.14752240E+00  0.27722225E-02
 -0.12922666E+00  0.17864937E+00  0.26181713E-02
 -0.16527990E+00  0.21881597E+00  0.25132107E-02
 -0.21339956E+00  0.27165296E+00  0.24639348E-02
 -0.27901587E+00  0.34273574E+00  0.24784513E-02
 -0.37078457E+00  0.44092360E+00  0.25673435E-02
 -0.50306161E+00  0.58086899E+00  0.27452971E-02
 -0.70081025E+00  0.78798670E+00  0.30340031E-02
 -0.10099980E+01  0.11089700E+01  0.34676769E-02
 -0.15214803E+01  0.16359229E+01  0.41043465E-02
 -0.24317206E+01  0.25676518E+01  0.50511120E-02
 -0.42188041E+01  0.43871866E+01  0.65275032E-02
 -0.82519778E+01  0.84760769E+01  0.90504779E-02
 -0.19523166E+02  0.19865450E+02  0.14104988E-01
  0.21706840E-01 -0.18495812E-01 -0.11126550E-02
  0.22155864E-01 -0.19058628E-01 -0.55599563E-03
  0.22253633E-01 -0.19193869E-01 -0.34778677E-06
  0.47741885E-01 -0.33980115E-01 -0.23243525E-05
  0.48011749E-01 -0.34203877E-01  0.23748967E-03
  0.48261628E-01 -0.34315059E-01  0.45887845E-03
  0.48485374E-01 -0.34310456E-01  0.64469802E-03
  0.48676326E-01 -0.34188125E-01  0.78047043E-03
  0.48827677E-01 -0.33947468E-01  0.85534761E-03
  0.48932864E-01 -0.33589271E-01  0.86269112E-03
  0.48985909E-01 -0.33115656E-01  0.80023282E-03
  0.48981669E-01 -0.32529951E-01  0.66983652E-03
  0.48915990E-01 -0.31836485E-01  0.47692685E-03
  0.48785759E-01 -0.31040354E-01  0.22968201E-03
  0.48588897E-01 -0.30147189E-01 -0.61900059E-04
  0.48324310E-01 -0.29162980E-01 -0.38695642E-03
  0.47991836E-01 -0.28093957E-01 -0.73464548E-03
  0.47592187E-01 -0.26946559E-01 -0.10948993E-02
  0.47126895E-01 -0.25727454E-01 -0.14590026E-02
  0.46598244E-01 -0.24443589E-01 -0.18199824E-02
  0.46009158E-01 -0.23102244E-01 -0.21728144E-02
  0.45363061E-01 -0.21711049E-01 -0.25144624E-02
  0.44663685E-01 -0.20277979E-01 -0.28437798E-02
  0.43914858E-01 -0.18811311E-01 -0.31613002E-02
  0.43120294E-01 -0.17319569E-01 -0.34689489E-02
  0.42283411E-01 -0.15811481E-01 -0.37696990E-02
  0.41407201E-01 -0.14295954E-01 -0.40671938E-02
  0.40494168E-01 -0.12782081E-01 -0.43653524E-02
  0.39546334E-01 -0.11279174E-01 -0.46679702E-02
  0.38565293E-01 -0.97967874E-02 -0.49783251E-02
  0.37552295E-01 -0.83447216E-02 -0.52987963E-02
  0.36508344E-01 -0.69329662E-02 -0.56305053E-02
  0.35434285E-01 -0.55715698E-02 -0.59729901E-02
  0.34330885E-01 -0.42704298E-02 -0.63239259E-02
  0.33198904E-01 -0.30390112E-02 -0.66789098E-02
  0.32039190E-01 -0.18860207E-02 -0.70313309E-02
  0.30852789E-01 -0.81906516E-03 -0.73723483E-02
  0.29641108E-01  0.15566915E-03 -0.76910010E-02
  0.28406122E-01  0.10336890E-02 -0.79744692E-02
  0.27150600E-01  0.18123977E-02 -0.82085009E-02
  0.25878343E-01  0.24912208E-02 -0.83780044E-02
  0.24594378E-01  0.30716551E-02 -0.84677937E-02
  0.23305067E-01  0.35572474E-02 -0.84634559E-02
  0.22018100E-01  0.39535132E-02 -0.83522884E-02
  0.20742340E-01  0.42678043E-02 -0.81242392E-02
  0.19487525E-01  0.45091286E-02 -0.77727723E-02
  0.18263830E-01  0.46879272E-02 -0.72955741E-02
  0.17081354E-01  0.48158072E-02 -0.66950252E-02
  0.15949550E-01  0.49052329E-02 -0.59783805E-02
  0.14876693E-01  0.49691829E-02 -0.51576240E-02
  0.13869402E-01  0.50207869E-02 -0.42490013E-02
  0.12932292E-01  0.50729660E-02 -0.32722625E-02
  0.12067738E-01  0.51381074E-02 -0.22496822E-02
  0.11275777E-01  0.52278076E-02 -0.12049419E-02
  0.10554112E-01  0.53527195E-02 -0.16197122E-03
  0.98981768E-02  0.55225270E-02  0.85615846E-03
  0.93012473E-02  0.57460587E-02  0.18282078E-02
  0.87545513E-02  0.60315331E-02  0.27355510E-02
  0.82473720E-02  0.63869084E-02  0.35627314E-02
  0.77671404E-02  0.68202955E-02  0.42977814E-02
  0.72995262E-02  0.73403894E-02  0.49323193E-02
  0.68285333E-02  0.79568776E-02  0.54614513E-02
  0.63366011E-02  0.86808045E-02  0.58835170E-02
  0.58046902E-02  0.95248949E-02  0.61997220E-02
  0.52123105E-02  0.10503871E-01  0.64136987E-02
  0.45374310E-02  0.11634827E-01  0.65310350E-02
  0.37561948E-02  0.12937729E-01  0.65588018E-02
  0.28423651E-02  0.14436135E-01  0.65051061E-02
  0.17664363E-02  0.16158200E-01  0.63786858E-02
  0.49436414E-03  0.18138026E-01  0.61885592E-02
 -0.10141190E-02  0.20417397E-01  0.59437334E-02
 -0.28076288E-02  0.23047945E-01  0.56529719E-02
 -0.49457437E-02  0.26093792E-01  0.53246190E-02
 -0.75022097E-02  0.29634797E-01  0.49664734E-02
 -0.10568937E-01  0.33770607E-01  0.45857036E-02
 -0.14261141E-01  0.38625882E-01  0.41887957E-02
 -0.18724186E-01  0.44357273E-01  0.37815240E-02
 -0.24143019E-01  0.51163043E-01  0.33689345E-02
 -0.30755462E-01  0.59296650E-01  0.29553309E-02
 -0.38871329E-01  0.69086258E-01  0.25442541E-02
 -0.48900273E-01  0.80963170E-01  0.21384416E-02
 -0.61392922E-01  0.95503783E-01  0.17397540E-02
 -0.77102560E-01  0.11349245E+00  0.13490497E-02
 -0.97079342E-01  0.13601743E+00  0.96597811E-03
 -0.12281744E+00  0.16462048E+00  0.58864970E-03
 -0.15649092E+00  0.20153658E+00  0.21311105E-03
 -0.20134367E+00  0.25008952E+00 -0.16749648E-03
 -0.26235643E+00  0.31536805E+00 -0.56430793E-03
 -0.34743447E+00  0.40542832E+00 -0.99502928E-03
 -0.46962105E+00  0.53353248E+00 -0.14879100E-02
 -0.65144963E+00  0.72254610E+00 -0.20889159E-02
 -0.93406319E+00  0.10141436E+01 -0.28753572E-02
 -0.13978494E+01  0.14896207E+01 -0.39834395E-02
 -0.22137892E+01  0.23216459E+01 -0.56683575E-02
 -0.37875922E+01  0.39194277E+01 -0.84483441E-02
 -0.72334044E+01  0.74055332E+01 -0.13493236E-01
 -0.16302745E+02  0.16556515E+02 -0.23835677E-01
 -0.47982263E+02  0.48460428E+02 -0.48705570E-01
  0.26820301E-01 -0.24252898E-01 -0.46914792E-03
  0.26944203E-01 -0.24414636E-01 -0.46713642E-06
  0.45819061E-01 -0.32328336E-01 -0.22102713E-05
  0.46094563E-01 -0.32560204E-01  0.27902184E-03
  0.46349478E-01 -0.32683765E-01  0.54064653E-03
  0.46577489E-01 -0.32695601E-01  0.76439148E-03
  0.46771826E-01 -0.32593584E-01  0.93472907E-03
  0.46925661E-01 -0.32376994E-01  0.10398745E-02
  0.47032507E-01 -0.32046566E-01  0.10723950E-02
  0.47086548E-01 -0.31604441E-01  0.10293936E-02
  0.47082871E-01 -0.31054012E-01  0.91228707E-03
  0.47017574E-01 -0.30399692E-01  0.72624265E-03
  0.46887786E-01 -0.29646638E-01  0.47937184E-03
  0.46691603E-01 -0.28800482E-01  0.18178971E-03
  0.46428009E-01 -0.27867119E-01 -0.15535271E-03
  0.46096794E-01 -0.26852568E-01 -0.52077279E-03
  0.45698494E-01 -0.25762931E-01 -0.90382997E-03
  0.45234342E-01 -0.24604420E-01 -0.12951280E-02
  0.44706227E-01 -0.23383431E-01 -0.16869285E-02
  0.44116633E-01 -0.22106631E-01 -0.20733800E-02
  0.43468544E-01 -0.20781021E-01 -0.24505788E-02
  0.42765317E-01 -0.19413974E-01 -0.28164897E-02
  0.42010522E-01 -0.18013231E-01 -0.31707545E-02
  0.41207773E-01 -0.16586878E-01 -0.35144199E-02
  0.40360564E-01 -0.15143304E-01 -0.38496100E-02
  0.39472150E-01 -0.13691173E-01 -0.41791658E-02
  0.38545451E-01 -0.12239392E-01 -0.45062700E-02
  0.37583013E-01 -0.10797095E-01 -0.48340691E-02
  0.36587006E-01 -0.93736123E-02 -0.51653031E-02
  0.35559242E-01 -0.79784115E-02 -0.55019520E-02
  0.34501214E-01 -0.66210041E-02 -0.58449043E-02
  0.33414143E-01 -0.53107957E-02 -0.61936591E-02
  0.32299038E-01 -0.40568904E-02 -0.65460722E-02
  0.31156778E-01 -0.28678587E-02 -0.68981602E-02
  0.29988233E-01 -0.17514903E-02 -0.72439811E-02
  0.28794427E-01 -0.71455385E-03 -0.75756108E-02
  0.27576745E-01  0.23741572E-03 -0.78832349E-02
  0.26337185E-01  0.11002917E-02 -0.81553744E-02
  0.25078604E-01  0.18714865E-02 -0.83792562E-02
  0.23804952E-01  0.25500449E-02 -0.85413310E-02
  0.22521422E-01  0.31367070E-02 -0.86279281E-02
  0.21234507E-01  0.36339472E-02 -0.86260206E-02
  0.19951914E-01  0.40459918E-02 -0.85240588E-02
  0.18682340E-01  0.43788071E-02 -0.83128134E-02
  0.17435128E-01  0.46400456E-02 -0.79861622E-02
  0.16219824E-01  0.48389303E-02 -0.75417448E-02
  0.15045685E-01  0.49860637E-02 -0.69814202E-02
  0.13921200E-01  0.50931518E-02 -0.63114695E-02
  0.12853656E-01  0.51726498E-02 -0.55425143E-02
  0.11848804E-01  0.52373500E-02 -0.46891430E-02
  0.10910624E-01  0.52999486E-02 -0.37692719E-02
  0.10041196E-01  0.53726396E-02 -0.28032930E-02
  0.92406624E-02  0.54667874E-02 -0.18130808E-02
  0.85072367E-02  0.55927217E-02 -0.82094367E-03
  0.78372337E-02  0.57596889E-02  0.15139662E-03
  0.72250941E-02  0.59759675E-02  0.10837216E-02
  0.66633882E-02  0.62491333E-02  0.19580708E-02
  0.61428040E-02  0.65864378E-02  0.27592980E-02
  0.56521353E-02  0.69952457E-02  0.34754147E-02
  0.51782932E-02  0.74834768E-02  0.40977276E-02
  0.47063584E-02  0.80600050E-02  0.46207900E-02
  0.42196755E-02  0.87349911E-02  0.50422024E-02
  0.36999670E-02  0.95201548E-02  0.53622970E-02
  0.31274185E-02  0.10429027E-01  0.55837484E-02
  0.24806635E-02  0.11477247E-01  0.57111435E-02
  0.17365857E-02  0.12682987E-01  0.57505437E-02
  0.86985744E-03  0.14067591E-01  0.57090632E-02
 -0.14785184E-03  0.15656499E-01  0.55944826E-02
 -0.13490414E-02  0.17480500E-01  0.54149081E-02
 -0.27719440E-02  0.19577361E-01  0.51784838E-02
 -0.44625045E-02  0.21993841E-01  0.48931577E-02
 -0.64768066E-02  0.24788147E-01  0.45664988E-02
 -0.88840297E-02  0.28032903E-01  0.42055596E-02
 -0.11770111E-01  0.31818842E-01  0.38167762E-02
 -0.15242427E-01  0.36259519E-01  0.34058973E-02
 -0.19436016E-01  0.41497592E-01  0.29779321E-02
 -0.24522097E-01  0.47713446E-01  0.25371053E-02
 -0.30720077E-01  0.55137337E-01  0.20868095E-02
 -0.38314719E-01  0.64066788E-01  0.16295404E-02
 -0.47681033E-01  0.74891803E-01  0.11668000E-02
 -0.59320817E-01  0.88131874E-01  0.69894875E-03
 -0.73917016E-01  0.10449102E+00  0.22497824E-03
 -0.92416028E-01  0.12494110E+00 -0.25783412E-03
 -0.11615495E+00  0.15085044E+00 -0.75445022E-03
 -0.14706319E+00  0.18418767E+00 -0.12728736E-02
 -0.18799117E+00  0.22785356E+00 -0.18253906E-02
 -0.24326341E+00  0.28623912E+00 -0.24305247E-02
 -0.31964336E+00  0.36619835E+00 -0.31161845E-02
 -0.42808610E+00  0.47881402E+00 -0.39248729E-02
 -0.58707268E+00  0.64275438E+00 -0.49225687E-02
 -0.82929852E+00  0.89100221E+00 -0.62143669E-02
 -0.12159342E+01  0.12851934E+01 -0.79729062E-02
 -0.18692380E+01  0.19483891E+01 -0.10491286E-01
 -0.30532294E+01  0.31461046E+01 -0.14280900E-01
 -0.53900657E+01  0.55035394E+01 -0.20230343E-01
 -0.10473059E+02  0.10620753E+02 -0.29669261E-01
 -0.22422138E+02  0.22632813E+02 -0.42710893E-01
 -0.47886550E+02  0.48208458E+02 -0.45996033E-01
  0.32796781E-01 -0.30809299E-01 -0.54132396E-06
  0.43857603E-01 -0.30842978E-01 -0.20006039E-05
  0.44137564E-01 -0.31081801E-01  0.31988237E-03
  0.44395827E-01 -0.31216173E-01  0.62104564E-03
  0.44625996E-01 -0.31242534E-01  0.88215844E-03
  0.44821317E-01 -0.31158669E-01  0.10867057E-02
  0.44975078E-01 -0.30963832E-01  0.12220179E-02
  0.45080998E-01 -0.30658799E-01  0.12799078E-02
  0.45133546E-01 -0.30245799E-01  0.12568766E-02
  0.45128131E-01 -0.29728338E-01  0.11539079E-02
  0.45061181E-01 -0.29110936E-01  0.97591367E-03
  0.44930113E-01 -0.28398814E-01  0.73092973E-03
  0.44733232E-01 -0.27597595E-01  0.42916970E-03
  0.44469622E-01 -0.26713053E-01  0.82045759E-04
  0.44139034E-01 -0.25750964E-01 -0.29875241E-03
  0.43741825E-01 -0.24717052E-01 -0.70205182E-03
  0.43278917E-01 -0.23617024E-01 -0.11178208E-02
  0.42751784E-01 -0.22456669E-01 -0.15376059E-02
  0.42162438E-01 -0.21241983E-01 -0.19547832E-02
  0.41513398E-01 -0.19979287E-01 -0.23646402E-02
  0.40807620E-01 -0.18675314E-01 -0.27643160E-02
  0.40048402E-01 -0.17337257E-01 -0.31526269E-02
  0.39239255E-01 -0.15972773E-01 -0.35298102E-02
  0.38383767E-01 -0.14589959E-01 -0.38972117E-02
  0.37485466E-01 -0.13197294E-01 -0.42569412E-02
  0.36547699E-01 -0.11803580E-01 -0.46115133E-02
  0.35573530E-01 -0.10417850E-01 -0.49634882E-02
  0.34565667E-01 -0.90492738E-02 -0.53151226E-02
  0.33526412E-01 -0.77070404E-02 -0.56680373E-02
  0.32457640E-01 -0.64002132E-02 -0.60229105E-02
  0.31360815E-01 -0.51375725E-02 -0.63792030E-02
  0.30237045E-01 -0.39274421E-02 -0.67349246E-02
  0.29087191E-01 -0.27775182E-02 -0.70864550E-02
  0.27912030E-01 -0.16947107E-02 -0.74284323E-02
  0.26712481E-01 -0.68500916E-03 -0.77537272E-02
  0.25489870E-01  0.24662475E-03 -0.80535190E-02
  0.24246222E-01  0.10963416E-02 -0.83174898E-02
  0.22984526E-01  0.18614775E-02 -0.85341479E-02
  0.21708948E-01  0.25406316E-02 -0.86912819E-02
  0.20424934E-01  0.31337584E-02 -0.87765386E-02
  0.19139196E-01  0.36422792E-02 -0.87781028E-02
  0.17859540E-01  0.40692042E-02 -0.86854426E-02
  0.16594573E-01  0.44192400E-02 -0.84900710E-02
  0.15353299E-01  0.46988527E-02 -0.81862641E-02
  0.14144667E-01  0.49162481E-02 -0.77716711E-02
  0.12977110E-01  0.50812393E-02 -0.72477547E-02
  0.11858146E-01  0.52049865E-02 -0.66200102E-02
  0.10794059E-01  0.52996135E-02 -0.58979308E-02
  0.97896923E-02  0.53777326E-02 -0.50947098E-02
  0.88483526E-02  0.54519281E-02 -0.42266965E-02
  0.79717854E-02  0.55342647E-02 -0.33126494E-02
  0.71601987E-02  0.56358884E-02 -0.23728483E-02
  0.64122868E-02  0.57667786E-02 -0.14281391E-02
  0.57252204E-02  0.59356873E-02 -0.49899014E-03
  0.50945865E-02  0.61502715E-02  0.39537226E-03
  0.45142814E-02  0.64173971E-02  0.12376897E-02
  0.39763787E-02  0.67435610E-02  0.20132230E-02
  0.34710100E-02  0.71353667E-02  0.27101107E-02
  0.29862956E-02  0.75999861E-02  0.33195344E-02
  0.25083530E-02  0.81455526E-02  0.38357100E-02
  0.20213865E-02  0.87814620E-02  0.42557304E-02
  0.15078322E-02  0.95185898E-02  0.45792943E-02
  0.94850297E-03  0.10369471E-01  0.48083574E-02
  0.32265144E-03  0.11348516E-01  0.49467396E-02
 -0.39213761E-03  0.12472350E-01  0.49997180E-02
 -0.12203132E-02  0.13760362E-01  0.49736313E-02
 -0.21890492E-02  0.15235539E-01  0.48755126E-02
 -0.33293020E-02  0.16925621E-01  0.47127631E-02
 -0.46772514E-02  0.18864612E-01  0.44928737E-02
 -0.62761296E-02  0.21094644E-01  0.42231965E-02
 -0.81784567E-02  0.23668231E-01  0.39107636E-02
 -0.10448745E-01  0.26650979E-01  0.35621489E-02
 -0.13166820E-01  0.30124900E-01  0.31833662E-02
 -0.16432031E-01  0.34192618E-01  0.27797950E-02
 -0.20368799E-01  0.38982922E-01  0.23561253E-02
 -0.25134175E-01  0.44658339E-01  0.19163106E-02
 -0.30928414E-01  0.51425742E-01  0.14635203E-02
 -0.38009989E-01  0.59551437E-01  0.10000776E-02
 -0.46717178E-01  0.69382871E-01  0.52737025E-03
 -0.57499440E-01  0.81380186E-01  0.45718345E-04
 -0.70963554E-01  0.96162637E-01 -0.44582537E-03
 -0.87942538E-01  0.11457792E+00 -0.94977182E-03
 -0.10960053E+00  0.13780765E+00 -0.14706352E-02
 -0.13759595E+00  0.16753143E+00 -0.20155847E-02
 -0.17434166E+00  0.20618830E+00 -0.25954161E-02
 -0.22343133E+00  0.25740510E+00 -0.32260102E-02
 -0.29035915E+00  0.32671915E+00 -0.39305436E-02
 -0.38377429E+00  0.42283747E+00 -0.47428582E-02
 -0.51774397E+00  0.55990738E+00 -0.57125870E-02
 -0.71598503E+00  0.76176037E+00 -0.69127713E-02
 -0.10200613E+01  0.10701302E+01 -0.84503008E-02
 -0.15057356E+01  0.15610405E+01 -0.10476524E-01
 -0.23158742E+01  0.23777669E+01 -0.13181878E-01
 -0.37230297E+01  0.37935031E+01 -0.16705645E-01
 -0.62160640E+01  0.62980084E+01 -0.20713978E-01
 -0.10417177E+02  0.10514106E+02 -0.23029202E-01
 -0.15931788E+02  0.16044845E+02 -0.17600157E-01
 -0.18922353E+02  0.19043171E+02 -0.21321256E-04
  0.41858852E-01 -0.29530383E-01 -0.17123208E-05
  0.42142209E-01 -0.29775102E-01  0.36013306E-03
  0.42402433E-01 -0.29918941E-01  0.70020879E-03
  0.42633149E-01 -0.29958281E-01  0.99818680E-03
  0.42827726E-01 -0.29890901E-01  0.12366193E-02
  0.42979666E-01 -0.29716102E-01  0.14019977E-02
  0.43082978E-01 -0.29434743E-01  0.14854153E-02
  0.43132463E-01 -0.29049153E-01  0.14827951E-02
  0.43123882E-01 -0.28562941E-01  0.13946997E-02
  0.43053994E-01 -0.27980698E-01  0.12257870E-02
  0.42920501E-01 -0.27307670E-01  0.98400794E-03
  0.42721917E-01 -0.26549428E-01  0.67965667E-03
  0.42457428E-01 -0.25711603E-01  0.32438058E-03
  0.42126765E-01 -0.24799709E-01 -0.69756095E-04
  0.41730132E-01 -0.23819086E-01 -0.49108577E-03
  0.41268169E-01 -0.22774939E-01 -0.92898356E-03
  0.40741965E-01 -0.21672454E-01 -0.13743266E-02
  0.40153090E-01 -0.20516962E-01 -0.18197669E-02
  0.39503613E-01 -0.19314107E-01 -0.22598348E-02
  0.38796102E-01 -0.18069991E-01 -0.26908969E-02
  0.38033588E-01 -0.16791266E-01 -0.31109997E-02
  0.37219483E-01 -0.15485182E-01 -0.35196280E-02
  0.36357457E-01 -0.14159565E-01 -0.39174081E-02
  0.35451298E-01 -0.12822746E-01 -0.43057762E-02
  0.34504746E-01 -0.11483445E-01 -0.46866350E-02
  0.33521330E-01 -0.10150626E-01 -0.50620099E-02
  0.32504222E-01 -0.88333223E-02 -0.54337173E-02
  0.31456120E-01 -0.75404555E-02 -0.58030516E-02
  0.30379179E-01 -0.62806580E-02 -0.61704975E-02
  0.29274999E-01 -0.50621063E-02 -0.65354746E-02
  0.28144692E-01 -0.38923820E-02 -0.68961217E-02
  0.26989024E-01 -0.27783668E-02 -0.72491301E-02
  0.25808639E-01 -0.17261750E-02 -0.75896386E-02
  0.24604342E-01 -0.74111981E-03 -0.79112056E-02
  0.23377417E-01  0.17230001E-03 -0.82058704E-02
  0.22129951E-01  0.10104128E-02 -0.84643214E-02
  0.20865104E-01  0.17704088E-02 -0.86761781E-02
  0.19587292E-01  0.24504184E-02 -0.88303914E-02
  0.18302238E-01  0.30496457E-02 -0.89157575E-02
  0.17016876E-01  0.35685547E-02 -0.89215244E-02
  0.15739109E-01  0.40090879E-02 -0.88380638E-02
  0.14477443E-01  0.43748786E-02 -0.86575623E-02
  0.13240543E-01  0.46714102E-02 -0.83746811E-02
  0.12036775E-01  0.49060698E-02 -0.79871258E-02
  0.10873785E-01  0.50880564E-02 -0.74960694E-02
  0.97581723E-02  0.52281211E-02 -0.69063808E-02
  0.86952812E-02  0.53381501E-02 -0.62266251E-02
  0.76891208E-02  0.54306261E-02 -0.54688254E-02
  0.67423813E-02  0.55180361E-02 -0.46479953E-02
  0.58565100E-02  0.56123047E-02 -0.37814784E-02
  0.50317894E-02  0.57243371E-02 -0.28881483E-02
  0.42673691E-02  0.58637386E-02 -0.19875342E-02
  0.35612178E-02  0.60387509E-02 -0.10989435E-02
  0.29099852E-02  0.62564088E-02 -0.24064651E-03
  0.23087934E-02  0.65228827E-02  0.57082140E-03
  0.17509977E-02  0.68439454E-02  0.13212015E-02
  0.12279710E-02  0.72254834E-02  0.19988772E-02
  0.72896402E-03  0.76739760E-02  0.25950604E-02
  0.24107496E-03  0.81968821E-02  0.31038110E-02
 -0.25066420E-03  0.88029120E-02  0.35219136E-02
 -0.76311549E-03  0.95021934E-02  0.38486418E-02
 -0.13148388E-02  0.10306387E-01  0.40854442E-02
 -0.19259588E-02  0.11228824E-01  0.42355827E-02
 -0.26181926E-02  0.12284772E-01  0.43037553E-02
 -0.34151248E-02  0.13491892E-01  0.42957238E-02
 -0.43428003E-02  0.14870984E-01  0.42179683E-02
 -0.54306710E-02  0.16447038E-01  0.40773771E-02
 -0.67129075E-02  0.18250619E-01  0.38809827E-02
 -0.82300725E-02  0.20319580E-01  0.36357435E-02
 -0.10031163E-01  0.22701117E-01  0.33483714E-02
 -0.12176063E-01  0.25454218E-01  0.30252012E-02
 -0.14738531E-01  0.28652628E-01  0.26720968E-02
 -0.17809950E-01  0.32388567E-01  0.22943849E-02
 -0.21504215E-01  0.36777582E-01  0.18968125E-02
 -0.25964329E-01  0.41965105E-01  0.14835160E-02
 -0.31371538E-01  0.48135553E-01  0.10579971E-02
 -0.37958165E-01  0.55525139E-01  0.62309552E-03
 -0.46025860E-01  0.64440100E-01  0.18094877E-03
 -0.55971767E-01  0.75282878E-01 -0.26706887E-03
 -0.68326443E-01  0.88590070E-01 -0.72044185E-03
 -0.83809520E-01  0.10508816E+00 -0.11796568E-02
 -0.10341270E+00  0.12577666E+00 -0.16464132E-02
 -0.12852580E+00  0.15205437E+00 -0.21239266E-02
 -0.16113206E+00  0.18591502E+00 -0.26173581E-02
 -0.20411705E+00  0.23025679E+00 -0.31344094E-02
 -0.26176815E+00  0.28938260E+00 -0.36861261E-02
 -0.34059846E+00  0.36982536E+00 -0.42879124E-02
 -0.45073119E+00  0.48173456E+00 -0.49606316E-02
 -0.60825366E+00  0.64123343E+00 -0.57312290E-02
 -0.83921137E+00  0.87441809E+00 -0.66310686E-02
 -0.11861468E+01  0.12239030E+01 -0.76867301E-02
 -0.17175110E+01  0.17582390E+01 -0.88891838E-02
 -0.25354672E+01  0.25797100E+01 -0.10108099E-01
 -0.37575219E+01  0.38058981E+01 -0.10896317E-01
 -0.53959701E+01  0.54488882E+01 -0.10210335E-01
 -0.70532531E+01  0.71101395E+01 -0.66002697E-02
 -0.77868531E+01  0.78453120E+01 -0.99897216E-05
  0.39823086E-01 -0.28399859E-01 -0.13616343E-05
  0.40109059E-01 -0.28649679E-01  0.39980863E-03
  0.40370348E-01 -0.28802047E-01  0.77821514E-03
  0.40600688E-01 -0.28853365E-01  0.11125866E-02
  0.40793647E-01 -0.28801469E-01  0.13845908E-02
  0.40942993E-01 -0.28645732E-01  0.15799207E-02
  0.41043037E-01 -0.28387084E-01  0.16889813E-02
  0.41088895E-01 -0.28027910E-01  0.17071383E-02
  0.41076628E-01 -0.27571839E-01  0.16345439E-02
  0.41003270E-01 -0.27023452E-01  0.14756019E-02
  0.40866752E-01 -0.26387935E-01  0.12381692E-02
  0.40665762E-01 -0.25670751E-01  0.93260245E-03
  0.40399583E-01 -0.24877354E-01  0.57075896E-03
  0.40067959E-01 -0.24013005E-01  0.16504635E-03
  0.39670996E-01 -0.23082696E-01 -0.27240895E-03
  0.39209133E-01 -0.22091187E-01 -0.73042802E-03
  0.38683164E-01 -0.21043131E-01 -0.11992599E-02
  0.38094296E-01 -0.19943266E-01 -0.16708758E-02
  0.37444220E-01 -0.18796622E-01 -0.21390927E-02
  0.36735171E-01 -0.17608716E-01 -0.25995498E-02
  0.35969939E-01 -0.16385701E-01 -0.30495697E-02
  0.35151835E-01 -0.15134439E-01 -0.34879320E-02
  0.34284590E-01 -0.13862492E-01 -0.39145902E-02
  0.33372198E-01 -0.12578037E-01 -0.43303542E-02
  0.32418719E-01 -0.11289700E-01 -0.47365602E-02
  0.31428053E-01 -0.10006354E-01 -0.51347403E-02
  0.30403733E-01 -0.87368729E-02 -0.55263063E-02
  0.29348746E-01 -0.74899032E-02 -0.59122515E-02
  0.28265426E-01 -0.62736516E-02 -0.62928798E-02
  0.27155435E-01 -0.50957258E-02 -0.66675662E-02
  0.26019843E-01 -0.39630332E-02 -0.70345542E-02
  0.24859317E-01 -0.28817436E-02 -0.73908004E-02
  0.23674389E-01 -0.18573056E-02 -0.77318745E-02
  0.22465799E-01 -0.89449816E-03 -0.80519281E-02
  0.21234850E-01  0.25100973E-05 -0.83437449E-02
  0.19983742E-01  0.83012566E-03 -0.85988851E-02
  0.18715831E-01  0.15853490E-02 -0.88079332E-02
  0.17435774E-01  0.22658698E-02 -0.89608531E-02
  0.16149519E-01  0.28702462E-02 -0.90474467E-02
  0.14864148E-01  0.33981580E-02 -0.90579004E-02
  0.13587568E-01  0.38507018E-02 -0.89833926E-02
  0.12328105E-01  0.42306799E-02 -0.88167262E-02
  0.11094039E-01  0.45428234E-02 -0.85529372E-02
  0.98931575E-02  0.47938909E-02 -0.81898278E-02
  0.87323806E-02  0.49925945E-02 -0.77283719E-02
  0.76175072E-02  0.51493349E-02 -0.71729472E-02
  0.65531004E-02  0.52757529E-02 -0.65313619E-02
  0.55425026E-02  0.53841458E-02 -0.58146613E-02
  0.45879432E-02  0.54868224E-02 -0.50367223E-02
  0.36906815E-02  0.55954885E-02 -0.42136638E-02
  0.28511204E-02  0.57207548E-02 -0.33631190E-02
  0.20688374E-02  0.58718395E-02 -0.25034306E-02
  0.13425009E-02  0.60565076E-02 -0.16528315E-02
  0.66966981E-03  0.62812454E-02 -0.82867405E-03
  0.46507068E-04  0.65516297E-02 -0.46760547E-04
 -0.53253872E-03  0.68728208E-02  0.67918601E-03
 -0.10750178E-02  0.72500918E-02  0.13378892E-02
 -0.15906699E-02  0.76893121E-02  0.19207183E-02
 -0.20914814E-02  0.81973244E-02  0.24217294E-02
 -0.25916046E-02  0.87821895E-02  0.28375679E-02
 -0.31071687E-02  0.94533166E-02  0.31672617E-02
 -0.36560513E-02  0.10221531E-01  0.34119353E-02
 -0.42576972E-02  0.11099159E-01  0.35744769E-02
 -0.49330852E-02  0.12100228E-01  0.36591862E-02
 -0.57049279E-02  0.13240855E-01  0.36714259E-02
 -0.65981715E-02  0.14539903E-01  0.36172970E-02
 -0.76408297E-02  0.16019922E-01  0.35033473E-02
 -0.88651592E-02  0.17708406E-01  0.33363238E-02
 -0.10309169E-01  0.19639345E-01  0.31229683E-02
 -0.12018465E-01  0.21855082E-01  0.28698590E-02
 -0.14048451E-01  0.24408512E-01  0.25832928E-02
 -0.16467003E-01  0.27365722E-01  0.22692048E-02
 -0.19357781E-01  0.30809261E-01  0.19331195E-02
 -0.22824498E-01  0.34842357E-01  0.15801273E-02
 -0.26996611E-01  0.39594545E-01  0.12148814E-02
 -0.32037087E-01  0.45229365E-01  0.84160843E-03
 -0.38153171E-01  0.51955061E-01  0.46412982E-03
 -0.45611468E-01  0.60039592E-01  0.85887364E-04
 -0.54759220E-01  0.69831851E-01 -0.29002850E-03
 -0.66054596E-01  0.81791897E-01 -0.66085099E-03
 -0.80110240E-01  0.96534476E-01 -0.10241109E-02
 -0.97756655E-01  0.11489240E+00 -0.13776118E-02
 -0.12013572E+00  0.13801015E+00 -0.17194047E-02
 -0.14884059E+00  0.16748394E+00 -0.20477557E-02
 -0.18612778E+00  0.20557417E+00 -0.23610946E-02
 -0.23524207E+00  0.25553101E+00 -0.26579169E-02
 -0.30091680E+00  0.32209596E+00 -0.29365823E-02
 -0.39014141E+00  0.41227148E+00 -0.31948835E-02
 -0.51331076E+00  0.53647383E+00 -0.34291221E-02
 -0.68583379E+00  0.71014721E+00 -0.36321351E-02
 -0.92999146E+00  0.95562888E+00 -0.37891746E-02
 -0.12757441E+01  0.13029620E+01 -0.38697480E-02
 -0.17560412E+01  0.17851949E+01 -0.38133880E-02
 -0.23857270E+01  0.24172217E+01 -0.35122242E-02
 -0.31095316E+01  0.31436002E+01 -0.28143154E-02
 -0.37373697E+01  0.37736192E+01 -0.16081343E-02
 -0.39834482E+01  0.40205246E+01 -0.54416555E-05
  0.37748890E-01 -0.27462772E-01 -0.96406793E-06
  0.38037097E-01 -0.27717267E-01  0.43891017E-03
  0.38299147E-01 -0.27877737E-01  0.85507738E-03
  0.38528952E-01 -0.27940664E-01  0.12253717E-02
  0.38720316E-01 -0.27903963E-01  0.15306203E-02
  0.38867269E-01 -0.27767063E-01  0.17557541E-02
  0.38964377E-01 -0.27530901E-01  0.18905182E-02
  0.39006982E-01 -0.27197812E-01  0.19297398E-02
  0.38991336E-01 -0.26771322E-01  0.18731692E-02
  0.38914633E-01 -0.26255865E-01  0.17249557E-02
  0.38774940E-01 -0.25656461E-01  0.14928520E-02
  0.38571060E-01 -0.24978386E-01  0.11872589E-02
  0.38302370E-01 -0.24226896E-01  0.82021904E-03
  0.37968664E-01 -0.23407026E-01  0.40445284E-03
  0.37570044E-01 -0.22523496E-01 -0.47488577E-04
  0.37106870E-01 -0.21580729E-01 -0.52390872E-03
  0.36579777E-01 -0.20582973E-01 -0.10144663E-02
  0.35989748E-01 -0.19534500E-01 -0.15104897E-02
  0.35338216E-01 -0.18439842E-01 -0.20051204E-02
  0.34627164E-01 -0.17304025E-01 -0.24933084E-02
  0.33859189E-01 -0.16132759E-01 -0.29716897E-02
  0.33037506E-01 -0.14932539E-01 -0.34383765E-02
  0.32165863E-01 -0.13710657E-01 -0.38926877E-02
  0.31248385E-01 -0.12475098E-01 -0.43348446E-02
  0.30289341E-01 -0.11234342E-01 -0.47656530E-02
  0.29292881E-01 -0.99971088E-02 -0.51861859E-02
  0.28262771E-01 -0.87720644E-02 -0.55974783E-02
  0.27202173E-01 -0.75675488E-02 -0.60002435E-02
  0.26113519E-01 -0.63913505E-02 -0.63946140E-02
  0.24998488E-01 -0.52505591E-02 -0.67799150E-02
  0.23858110E-01 -0.41515060E-02 -0.71544731E-02
  0.22692996E-01 -0.30997881E-02 -0.75154690E-02
  0.21503647E-01 -0.21003530E-02 -0.78588413E-02
  0.20290831E-01 -0.11576127E-02 -0.81792530E-02
  0.19055951E-01 -0.27554782E-03 -0.84701311E-02
  0.17801373E-01  0.54223824E-03 -0.87237921E-02
  0.16530652E-01  0.12925450E-02 -0.89316603E-02
  0.15248628E-01  0.19726998E-02 -0.90845854E-02
  0.13961364E-01  0.25807815E-02 -0.91732544E-02
  0.12675940E-01  0.31159232E-02 -0.91886860E-02
  0.11400114E-01  0.35786546E-02 -0.91227856E-02
  0.10141896E-01  0.39712282E-02 -0.89689255E-02
  0.89091050E-02  0.42978666E-02 -0.87225087E-02
  0.77089542E-02  0.45648720E-02 -0.83814694E-02
  0.65477330E-02  0.47805510E-02 -0.79466597E-02
  0.54306169E-02  0.49549392E-02 -0.74220817E-02
  0.43616210E-02  0.50993378E-02 -0.68149317E-02
  0.33436753E-02  0.52257135E-02 -0.61354416E-02
  0.23787787E-02  0.53460395E-02 -0.53965219E-02
  0.14681683E-02  0.54716723E-02 -0.46132298E-02
  0.61243947E-03  0.56128550E-02 -0.38021022E-02
 -0.18843797E-03  0.57784222E-02 -0.29804094E-02
 -0.93523314E-03  0.59757425E-02 -0.21653877E-02
 -0.16296934E-02  0.62108958E-02 -0.13735085E-02
 -0.22748722E-02  0.64890430E-02 -0.61983752E-03
 -0.28754846E-02  0.68149116E-02  0.82480343E-04
 -0.34382223E-02  0.71933139E-02  0.72258512E-03
 -0.39719654E-02  0.76296129E-02  0.12921084E-02
 -0.44878541E-02  0.81300810E-02  0.17852286E-02
 -0.49992142E-02  0.87021267E-02  0.21985942E-02
 -0.55213713E-02  0.93544074E-02  0.25311389E-02
 -0.60714160E-02  0.10096880E-01  0.27838203E-02
 -0.66680078E-02  0.10940863E-01  0.29593112E-02
 -0.73313097E-02  0.11899202E-01  0.30616698E-02
 -0.80831332E-02  0.12986607E-01  0.30960147E-02
 -0.89473553E-02  0.14220223E-01  0.30682194E-02
 -0.99506388E-02  0.15620471E-01  0.29846408E-02
 -0.11123462E-01  0.17212161E-01  0.28518885E-02
 -0.12501455E-01  0.19025872E-01  0.26766372E-02
 -0.14127030E-01  0.21099613E-01  0.24654839E-02
 -0.16051349E-01  0.23480776E-01  0.22248463E-02
 -0.18336685E-01  0.26228479E-01  0.19608990E-02
 -0.21059340E-01  0.29416439E-01  0.16795443E-02
 -0.24313353E-01  0.33136628E-01  0.13864118E-02
 -0.28215369E-01  0.37504080E-01  0.10868838E-02
 -0.32911164E-01  0.42663349E-01  0.78614340E-03
 -0.38584533E-01  0.48797332E-01  0.48924231E-03
 -0.45469511E-01  0.56139426E-01  0.20118719E-03
 -0.53867279E-01  0.64990389E-01 -0.72954831E-04
 -0.64169737E-01  0.75741894E-01 -0.32793059E-03
 -0.76892601E-01  0.88909643E-01 -0.55815232E-03
 -0.92722244E-01  0.10518032E+00 -0.75752350E-03
 -0.11258255E+00  0.12547868E+00 -0.91923794E-03
 -0.13773091E+00  0.15106399E+00 -0.10355580E-02
 -0.16989649E+00  0.18366911E+00 -0.10975945E-02
 -0.21147855E+00  0.22570016E+00 -0.10951489E-02
 -0.26582643E+00  0.28051872E+00 -0.10167597E-02
 -0.33761918E+00  0.35282502E+00 -0.85026139E-03
 -0.43333446E+00  0.44913183E+00 -0.58448555E-03
 -0.56169524E+00  0.57821791E+00 -0.21330518E-03
 -0.73370316E+00  0.75116722E+00  0.25595358E-03
 -0.96121415E+00  0.97994231E+00  0.78719155E-03
 -0.12518428E+01  0.12722594E+01  0.12930332E-02
 -0.15970698E+01  0.16196085E+01  0.16163113E-02
 -0.19537425E+01  0.19785960E+01  0.15533448E-02
 -0.22337218E+01  0.22604752E+01  0.97289339E-03
 -0.23335854E+01  0.23610481E+01 -0.31777323E-05
  0.35632487E-01 -0.26731574E-01 -0.53553474E-06
  0.35922968E-01 -0.26990722E-01  0.47740485E-03
  0.36186055E-01 -0.27159376E-01  0.93074227E-03
  0.36415869E-01 -0.27234129E-01  0.13364613E-02
  0.36606446E-01 -0.27212964E-01  0.16745890E-02
  0.36752024E-01 -0.27095307E-01  0.19293282E-02
  0.36847323E-01 -0.26881993E-01  0.20897900E-02
  0.36887776E-01 -0.26575164E-01  0.21502799E-02
  0.36869676E-01 -0.26178080E-01  0.21101542E-02
  0.36790231E-01 -0.25694879E-01  0.19733050E-02
  0.36647526E-01 -0.25130283E-01  0.17473701E-02
  0.36440411E-01 -0.24489307E-01  0.14427760E-02
  0.36168346E-01 -0.23776991E-01  0.10717250E-02
  0.35831234E-01 -0.22998187E-01  0.64722099E-03
  0.35429281E-01 -0.22157447E-01  0.18220677E-03
  0.34962921E-01 -0.21259003E-01 -0.31113794E-03
  0.34432804E-01 -0.20306866E-01 -0.82191597E-03
  0.33839862E-01 -0.19305014E-01 -0.13408469E-02
  0.33185419E-01 -0.18257634E-01 -0.18604294E-02
  0.32471320E-01 -0.17169380E-01 -0.23749558E-02
  0.31700028E-01 -0.16045589E-01 -0.28804066E-02
  0.30874664E-01 -0.14892421E-01 -0.33742571E-02
  0.29998945E-01 -0.13716876E-01 -0.38552217E-02
  0.29077030E-01 -0.12526687E-01 -0.43229631E-02
  0.28113273E-01 -0.11330110E-01 -0.47777859E-02
  0.27111928E-01 -0.10135629E-01 -0.52203301E-02
  0.26076863E-01 -0.89516313E-02 -0.56512774E-02
  0.25011309E-01 -0.77861168E-02 -0.60710766E-02
  0.23917728E-01 -0.66464679E-02 -0.64796959E-02
  0.22797803E-01 -0.55393237E-02 -0.68764051E-02
  0.21652564E-01 -0.44705600E-02 -0.72595941E-02
  0.20482646E-01 -0.34453623E-02 -0.76266309E-02
  0.19288631E-01 -0.24683585E-02 -0.79737690E-02
  0.18071423E-01 -0.15437674E-02 -0.82961111E-02
  0.16832617E-01 -0.67551563E-03 -0.85876409E-02
  0.15574783E-01  0.13271710E-03 -0.88413318E-02
  0.14301652E-01  0.87755214E-03 -0.90493419E-02
  0.13018150E-01  0.15560745E-02 -0.92032989E-02
  0.11730305E-01  0.21660938E-02 -0.92946733E-02
  0.10445002E-01  0.27064735E-02 -0.93152293E-02
  0.91696504E-02  0.31774843E-02 -0.92575333E-02
  0.79117905E-02  0.35811235E-02 -0.91154890E-02
  0.66786930E-02  0.39213440E-02 -0.88848627E-02
  0.54770110E-02  0.42041398E-02 -0.85637516E-02
  0.43125241E-02  0.44374513E-02 -0.81529530E-02
  0.31900035E-02  0.46308810E-02 -0.76561914E-02
  0.21132006E-02  0.47952362E-02 -0.70801743E-02
  0.10849382E-02  0.49419515E-02 -0.64344594E-02
  0.10725904E-03  0.50824620E-02 -0.57311355E-02
 -0.81842620E-03  0.52276168E-02 -0.49843363E-02
 -0.16912481E-02  0.53872146E-02 -0.42096255E-02
 -0.25108909E-02  0.55697275E-02 -0.34232995E-02
 -0.32777277E-02  0.57822444E-02 -0.26416652E-02
 -0.39930686E-02  0.60306298E-02 -0.18803474E-02
 -0.46594860E-02  0.63198558E-02 -0.11536745E-02
 -0.52811570E-02  0.66544409E-02 -0.47418019E-03
 -0.58641625E-02  0.70389161E-02  0.14775386E-03
 -0.64166873E-02  0.74782497E-02  0.70410729E-03
 -0.69490903E-02  0.79781767E-02  0.11892859E-02
 -0.74738428E-02  0.85454174E-02  0.16000592E-02
 -0.80053663E-02  0.91877983E-02  0.19353941E-02
 -0.85598272E-02  0.99143201E-02  0.21962137E-02
 -0.91549628E-02  0.10735238E-01  0.23851089E-02
 -0.98100181E-02  0.11662222E-01  0.25060309E-02
 -0.10545861E-01  0.12708669E-01  0.25639857E-02
 -0.11385327E-01  0.13890206E-01  0.25647484E-02
 -0.12353830E-01  0.15225416E-01  0.25146112E-02
 -0.13480232E-01  0.16736808E-01  0.24201692E-02
 -0.14797990E-01  0.18452015E-01  0.22881511E-02
 -0.16346580E-01  0.20405247E-01  0.21252918E-02
 -0.18173208E-01  0.22639006E-01  0.19382474E-02
 -0.20334891E-01  0.25206157E-01  0.17335494E-02
 -0.22901014E-01  0.28172454E-01  0.15175931E-02
 -0.25956543E-01  0.31619710E-01  0.12966593E-02
 -0.29606169E-01  0.35649904E-01  0.10769649E-02
 -0.33979747E-01  0.40390576E-01  0.86474025E-03
 -0.39239534E-01  0.46002035E-01  0.66633189E-03
 -0.45589914E-01  0.52687071E-01  0.48832988E-03
 -0.53290550E-01  0.60704130E-01  0.33771840E-03
 -0.62674266E-01  0.70385281E-01  0.22204868E-03
 -0.74171493E-01  0.82160830E-01  0.14962971E-03
 -0.88343800E-01  0.96593167E-01  0.12972612E-03
 -0.10592994E+00  0.11442334E+00  0.17273712E-03
 -0.12790888E+00  0.13663496E+00  0.29030134E-03
 -0.15558510E+00  0.16454086E+00  0.49521460E-03
 -0.19070115E+00  0.19989770E+00  0.80094071E-03
 -0.23557842E+00  0.24504977E+00  0.12203025E-02
 -0.29327374E+00  0.30308975E+00  0.17626118E-02
 -0.36770369E+00  0.37798804E+00  0.24279891E-02
 -0.46360583E+00  0.47455838E+00  0.31970143E-02
 -0.58603808E+00  0.59795689E+00  0.40136316E-02
 -0.73884312E+00  0.75213123E+00  0.47611433E-02
 -0.92125285E+00  0.93637854E+00  0.52390844E-02
 -0.11222080E+01  0.11395725E+01  0.51675424E-02
 -0.13143909E+01  0.13340798E+01  0.42678813E-02
 -0.14548509E+01  0.14763589E+01  0.24486088E-02
 -0.15005744E+01  0.15227495E+01 -0.19438755E-05
  0.33467095E-01 -0.26218966E-01 -0.93886632E-07
  0.33760252E-01 -0.26483088E-01  0.51523241E-03
  0.34025102E-01 -0.26660410E-01  0.10051049E-02
  0.34255979E-01 -0.26747637E-01  0.14457016E-02
  0.34447106E-01 -0.26742776E-01  0.18162875E-02
  0.34592837E-01 -0.26645156E-01  0.21003698E-02
  0.34687922E-01 -0.26455382E-01  0.22864495E-02
  0.34727728E-01 -0.26175245E-01  0.23683260E-02
  0.34708421E-01 -0.25807573E-01  0.23449669E-02
  0.34627071E-01 -0.25356045E-01  0.22200041E-02
  0.34481663E-01 -0.24824967E-01  0.20009482E-02
  0.34271027E-01 -0.24219021E-01  0.16982320E-02
  0.33994699E-01 -0.23543016E-01  0.13241923E-02
  0.33652749E-01 -0.22801682E-01  0.89208672E-03
  0.33245605E-01 -0.21999512E-01  0.41521838E-03
  0.32773937E-01 -0.21140708E-01 -0.93782124E-04
  0.32238595E-01 -0.20229231E-01 -0.62349355E-03
  0.31640643E-01 -0.19268953E-01 -0.11640569E-02
  0.30981462E-01 -0.18263885E-01 -0.17073567E-02
  0.30262878E-01 -0.17218442E-01 -0.22470543E-02
  0.29487288E-01 -0.16137674E-01 -0.27785006E-02
  0.28657725E-01 -0.15027430E-01 -0.32985580E-02
  0.27777823E-01 -0.13894392E-01 -0.38053609E-02
  0.26851673E-01 -0.12745981E-01 -0.42980368E-02
  0.25883582E-01 -0.11590138E-01 -0.47764119E-02
  0.24877775E-01 -0.10435020E-01 -0.52407144E-02
  0.23838090E-01 -0.92886707E-02 -0.56912900E-02
  0.22767739E-01 -0.81587185E-02 -0.61283352E-02
  0.21669170E-01 -0.70521633E-02 -0.65516581E-02
  0.20544077E-01 -0.59752736E-02 -0.69604677E-02
  0.19393551E-01 -0.49335999E-02 -0.73531983E-02
  0.18218351E-01 -0.39320814E-02 -0.77273730E-02
  0.17019251E-01 -0.29752027E-02 -0.80795129E-02
  0.15797406E-01 -0.20671471E-02 -0.84050991E-02
  0.14554671E-01 -0.12118972E-02 -0.86985973E-02
  0.13293842E-01 -0.41324588E-03 -0.89535539E-02
  0.12018774E-01  0.32530279E-03 -0.91627708E-02
  0.10734370E-01  0.10007371E-02 -0.93185639E-02
  0.94464427E-02  0.16108242E-02 -0.94131036E-02
  0.81614833E-02  0.21544412E-02 -0.94388278E-02
  0.68863588E-02  0.26319008E-02 -0.93889111E-02
  0.56279847E-02  0.30452236E-02 -0.92577600E-02
  0.43930110E-02  0.33983070E-02 -0.90415024E-02
  0.31875597E-02  0.36969561E-02 -0.87384273E-02
  0.20170393E-02  0.39487547E-02 -0.83493345E-02
  0.88605042E-03  0.41627761E-02 -0.78777547E-02
 -0.20162117E-03  0.43491584E-02 -0.73300107E-02
 -0.12429455E-02  0.45185876E-02 -0.67151029E-02
 -0.22355578E-02  0.46817521E-02 -0.60444193E-02
 -0.31776798E-02  0.48488386E-02 -0.53312872E-02
 -0.40680922E-02  0.50291346E-02 -0.45903994E-02
 -0.49061899E-02  0.52307866E-02 -0.38371612E-02
 -0.56921276E-02  0.54607400E-02 -0.30870074E-02
 -0.64270467E-02  0.57248522E-02 -0.23547449E-02
 -0.71133496E-02  0.60281492E-02 -0.16539649E-02
 -0.77549789E-02  0.63751715E-02 -0.99656340E-03
 -0.83576526E-02  0.67703507E-02 -0.39239275E-03
 -0.89290202E-02  0.72183640E-02  0.15094550E-03
 -0.94787172E-02  0.77244286E-02  0.62817093E-03
 -0.10018322E-01  0.82945210E-02  0.10362721E-02
 -0.10561244E-01  0.89355337E-02  0.13743547E-02
 -0.11122578E-01  0.96553982E-02  0.16434173E-02
 -0.11718996E-01  0.10463220E-01  0.18460813E-02
 -0.12368716E-01  0.11369475E-01  0.19863024E-02
 -0.13091618E-01  0.12386315E-01  0.20690838E-02
 -0.13909528E-01  0.13528013E-01  0.21002099E-02
 -0.14846710E-01  0.14811589E-01  0.20860112E-02
 -0.15930585E-01  0.16257613E-01  0.20331678E-02
 -0.17192666E-01  0.17891219E-01  0.19485557E-02
 -0.18669761E-01  0.19743336E-01  0.18391358E-02
 -0.20405440E-01  0.21852184E-01  0.17118837E-02
 -0.22451849E-01  0.24265078E-01  0.15737592E-02
 -0.24871935E-01  0.27040653E-01  0.14317105E-02
 -0.27742235E-01  0.30251636E-01  0.12927123E-02
 -0.31156397E-01  0.33988350E-01  0.11638332E-02
 -0.35229690E-01  0.38363230E-01  0.10523306E-02
 -0.40104837E-01  0.43516676E-01  0.96576977E-03
 -0.45959633E-01  0.49624731E-01  0.91216461E-03
 -0.53016950E-01  0.56909207E-01  0.90013252E-03
 -0.61557966E-01  0.65651127E-01  0.93905509E-03
 -0.71939679E-01  0.76208585E-01  0.10392244E-02
 -0.84618088E-01  0.89040467E-01  0.12119393E-02
 -0.10017862E+00  0.10473771E+00  0.14694853E-02
 -0.11937545E+00  0.12406383E+00  0.18248769E-02
 -0.14318058E+00  0.14800576E+00  0.22911502E-02
 -0.17284132E+00  0.17783379E+00  0.28798368E-02
 -0.20993880E+00  0.21516316E+00  0.35980149E-02
 -0.25642653E+00  0.26199635E+00  0.44429941E-02
 -0.31460055E+00  0.32069630E+00  0.53933296E-02
 -0.38690145E+00  0.39378871E+00  0.63947873E-02
 -0.47537043E+00  0.48340994E+00  0.73409866E-02
 -0.58050217E+00  0.59013455E+00  0.80526803E-02
 -0.69928280E+00  0.71096043E+00  0.82696253E-02
 -0.82266535E+00  0.83670454E+00  0.76841190E-02
 -0.93393416E+00  0.95029747E+00  0.60505523E-02
 -0.10108165E+01  0.10289224E+01  0.33641364E-02
 -0.10333594E+01  0.10520938E+01 -0.12728444E-05
  0.31242408E-01 -0.25937371E-01  0.33972463E-06
  0.31538854E-01 -0.26206991E-01  0.55231774E-03
  0.31806424E-01 -0.26393676E-01  0.10780351E-02
  0.32039632E-01 -0.26494209E-01  0.15529043E-02
  0.32232816E-01 -0.26506555E-01  0.19554655E-02
  0.32380348E-01 -0.26429843E-01  0.22685607E-02
  0.32476871E-01 -0.26264318E-01  0.24801034E-02
  0.32517542E-01 -0.26011272E-01  0.25834002E-02
  0.32498255E-01 -0.25672954E-01  0.25770345E-02
  0.32415808E-01 -0.25252454E-01  0.24643728E-02
  0.32267985E-01 -0.24753555E-01  0.22527855E-02
  0.32053539E-01 -0.24180546E-01  0.19526912E-02
  0.31772083E-01 -0.23538005E-01  0.15765363E-02
  0.31423905E-01 -0.22830588E-01  0.11378037E-02
  0.31009764E-01 -0.22062836E-01  0.65012646E-03
  0.30530706E-01 -0.21239070E-01  0.12655591E-03
  0.29987952E-01 -0.20363373E-01 -0.42099167E-03
  0.29382874E-01 -0.19439691E-01 -0.98210588E-03
  0.28717056E-01 -0.18472026E-01 -0.15480823E-02
  0.27992423E-01 -0.17464680E-01 -0.21119744E-02
  0.27211370E-01 -0.16422501E-01 -0.26685244E-02
  0.26376848E-01 -0.15351053E-01 -0.32140025E-02
  0.25492360E-01 -0.14256682E-01 -0.37459818E-02
  0.24561838E-01 -0.13146436E-01 -0.42630735E-02
  0.23589429E-01 -0.12027866E-01 -0.47646430E-02
  0.22579206E-01 -0.10908726E-01 -0.52505228E-02
  0.21534878E-01 -0.97966602E-02 -0.57207355E-02
  0.20459566E-01 -0.86989151E-02 -0.61752341E-02
  0.19355682E-01 -0.76221436E-02 -0.66136687E-02
  0.18224957E-01 -0.65723291E-02 -0.70351805E-02
  0.17068609E-01 -0.55548228E-02 -0.74382319E-02
  0.15887611E-01 -0.45744667E-02 -0.78204725E-02
  0.14683029E-01 -0.36357501E-02 -0.81786500E-02
  0.13456344E-01 -0.27429426E-02 -0.85085713E-02
  0.12209721E-01 -0.19001550E-02 -0.88051215E-02
  0.10946173E-01 -0.11112965E-02 -0.90623491E-02
  0.96696160E-02 -0.37992251E-03 -0.92736256E-02
  0.83848061E-02  0.29100919E-03 -0.94318811E-02
  0.70971865E-02  0.89943709E-03 -0.95299174E-02
  0.58126786E-02  0.14445037E-02 -0.95607891E-02
  0.45374459E-02  0.19268239E-02 -0.95182372E-02
  0.32776644E-02  0.23486732E-02 -0.93971499E-02
  0.20393211E-02  0.27140657E-02 -0.91940186E-02
  0.82805440E-03  0.30287061E-02 -0.89073502E-02
 -0.35095743E-03  0.32998164E-02 -0.85379970E-02
 -0.14930643E-02  0.35358492E-02 -0.80893666E-02
 -0.25941768E-02  0.37461164E-02 -0.75674844E-02
 -0.36507803E-02  0.39403699E-02 -0.69808910E-02
 -0.46599474E-02  0.41283778E-02 -0.63403741E-02
 -0.56193700E-02  0.43195417E-02 -0.56585504E-02
 -0.65274240E-02  0.45225937E-02 -0.49493270E-02
 -0.73832762E-02  0.47454025E-02 -0.42272850E-02
 -0.81870310E-02  0.49949014E-02 -0.35070340E-02
 -0.89399053E-02  0.52771329E-02 -0.28025855E-02
 -0.96444118E-02  0.55973936E-02 -0.21267931E-02
 -0.10304527E-01  0.59604480E-02 -0.14908919E-02
 -0.10925825E-01  0.63707823E-02 -0.90416290E-03
 -0.11515559E-01  0.68328662E-02 -0.37372982E-03
 -0.12082691E-01  0.73514055E-02  0.95512092E-04
 -0.12637872E-01  0.79315745E-02  0.50085124E-03
 -0.13193402E-01  0.85792319E-02  0.84161922E-03
 -0.13763180E-01  0.93011320E-02  0.11189805E-02
 -0.14362688E-01  0.10105149E-01  0.13356793E-02
 -0.15009029E-01  0.11000540E-01  0.14957673E-02
 -0.15721057E-01  0.11998265E-01  0.16043353E-02
 -0.16519618E-01  0.13111393E-01  0.16672635E-02
 -0.17427931E-01  0.14355612E-01  0.16910031E-02
 -0.18472133E-01  0.15749881E-01  0.16823955E-02
 -0.19682017E-01  0.17317239E-01  0.16485337E-02
 -0.21091993E-01  0.19085822E-01  0.15966646E-02
 -0.22742320E-01  0.21090125E-01  0.15341323E-02
 -0.24680662E-01  0.23372579E-01  0.14683591E-02
 -0.26964024E-01  0.25985503E-01  0.14068608E-02
 -0.29661171E-01  0.28993535E-01  0.13572939E-02
 -0.32855625E-01  0.32476655E-01  0.13275297E-02
 -0.36649399E-01  0.36533966E-01  0.13257518E-02
 -0.41167661E-01  0.41288442E-01  0.13605712E-02
 -0.46564613E-01  0.46892946E-01  0.14411496E-02
 -0.53030940E-01  0.53537899E-01  0.15773186E-02
 -0.60803310E-01  0.61461127E-01  0.17796711E-02
 -0.70176500E-01  0.70960482E-01  0.20595871E-02
 -0.81518745E-01  0.82409930E-01  0.24291284E-02
 -0.95290816E-01  0.96279666E-01  0.29006926E-02
 -0.11206884E+00  0.11316036E+00  0.34862468E-02
 -0.13256963E+00  0.13379038E+00  0.41958487E-02
 -0.15767459E+00  0.15908205E+00  0.50350030E-02
 -0.18844266E+00  0.19013723E+00  0.60001885E-02
 -0.22609251E+00  0.22823188E+00  0.70716801E-02
 -0.27191653E+00  0.27473043E+00  0.82027533E-02
 -0.32706281E+00  0.33086353E+00  0.93049597E-02
 -0.39209376E+00  0.39727251E+00  0.10231334E-01
 -0.46622939E+00  0.47322246E+00  0.10764527E-01
 -0.54628332E+00  0.55548816E+00  0.10625538E-01
 -0.62560540E+00  0.63723677E+00  0.95267721E-02
 -0.69386198E+00  0.70777496E+00  0.72858409E-02
 -0.73879667E+00  0.75436293E+00  0.39733896E-02
 -0.75031830E+00  0.76647280E+00 -0.94411885E-06
  0.28944244E-01 -0.25898866E-01  0.74030682E-06
  0.29244614E-01 -0.26174529E-01  0.58858788E-03
  0.29515816E-01 -0.26371239E-01  0.11494109E-02
  0.29752490E-01 -0.26485805E-01  0.16578963E-02
  0.29949017E-01 -0.26516073E-01  0.20918946E-02
  0.30099687E-01 -0.26460880E-01  0.24336112E-02
  0.30198935E-01 -0.26320006E-01  0.26703929E-02
  0.30241600E-01 -0.26094137E-01  0.27950649E-02
  0.30223204E-01 -0.25784837E-01  0.28058289E-02
  0.30140186E-01 -0.25394517E-01  0.27057798E-02
  0.29990066E-01 -0.24926369E-01  0.25021333E-02
  0.29771485E-01 -0.24384249E-01  0.22052742E-02
  0.29484130E-01 -0.23772502E-01  0.18277337E-02
  0.29128549E-01 -0.23095744E-01  0.13831929E-02
  0.28705903E-01 -0.22358648E-01  0.88558705E-03
  0.28217728E-01 -0.21565762E-01  0.34836058E-03
  0.27665739E-01 -0.20721428E-01 -0.21610133E-03
  0.27051744E-01 -0.19829811E-01 -0.79686111E-03
  0.26377656E-01 -0.18895036E-01 -0.13846474E-02
  0.25645587E-01 -0.17921405E-01 -0.19719257E-02
  0.24857982E-01 -0.16913631E-01 -0.25528479E-02
  0.24017718E-01 -0.15877029E-01 -0.31231086E-02
  0.23128128E-01 -0.14817598E-01 -0.36797355E-02
  0.22192920E-01 -0.13741975E-01 -0.42208379E-02
  0.21215993E-01 -0.12657268E-01 -0.47453341E-02
  0.20201179E-01 -0.11570785E-01 -0.52526726E-02
  0.19151995E-01 -0.10489747E-01 -0.57425622E-02
  0.18071430E-01 -0.94210268E-02 -0.62147179E-02
  0.16961857E-01 -0.83709808E-02 -0.66686314E-02
  0.15825078E-01 -0.73453911E-02 -0.71033696E-02
  0.14662486E-01 -0.63495174E-02 -0.75174070E-02
  0.13475338E-01 -0.53882186E-02 -0.79084950E-02
  0.12265048E-01 -0.44660904E-02 -0.82735736E-02
  0.11033463E-01 -0.35875596E-02 -0.86087310E-02
  0.97830588E-02 -0.27568900E-02 -0.89092195E-02
  0.85170349E-02 -0.19780778E-02 -0.91695322E-02
  0.72392965E-02 -0.12546447E-02 -0.93835489E-02
  0.59543522E-02 -0.58936021E-03 -0.95447546E-02
  0.46671590E-02  0.16056805E-04 -0.96465281E-02
  0.33829533E-02  0.56120398E-03 -0.96824960E-02
  0.21071024E-02  0.10471847E-02 -0.96469345E-02
  0.84499029E-03  0.14766906E-02 -0.95351989E-02
 -0.39805628E-03  0.18539692E-02 -0.93441486E-02
 -0.16168162E-02  0.21846844E-02 -0.90725326E-02
 -0.28062147E-02  0.24756934E-02 -0.87212987E-02
 -0.39613758E-02  0.27347693E-02 -0.82937915E-02
 -0.50777044E-02  0.29702996E-02 -0.77958114E-02
 -0.61510011E-02  0.31909878E-02 -0.72355193E-02
 -0.71776102E-02  0.34055785E-02 -0.66231847E-02
 -0.81545893E-02  0.36226217E-02 -0.59707913E-02
 -0.90798846E-02  0.38502825E-02 -0.52915280E-02
 -0.99524945E-02  0.40962012E-02 -0.45992057E-02
 -0.10772608E-01  0.43674025E-02 -0.39076438E-02
 -0.11541705E-01  0.46702552E-02 -0.32300756E-02
 -0.12262618E-01  0.50104792E-02 -0.25786141E-02
 -0.12939558E-01  0.53932024E-02 -0.19638131E-02
 -0.13578117E-01  0.58230667E-02 -0.13943453E-02
 -0.14185258E-01  0.63043859E-02 -0.87680785E-03
 -0.14769310E-01  0.68413535E-02 -0.41565130E-03
 -0.15339984E-01  0.74382971E-02 -0.13220891E-04
 -0.15908413E-01  0.80999723E-02  0.33011204E-03
 -0.16487222E-01  0.88318849E-02  0.61575199E-03
 -0.17090625E-01  0.96406299E-02  0.84664026E-03
 -0.17734555E-01  0.10534239E-01  0.10269989E-02
 -0.18436827E-01  0.11522536E-01  0.11620780E-02
 -0.19217339E-01  0.12617506E-01  0.12579217E-02
 -0.20098348E-01  0.13833707E-01  0.13211650E-02
 -0.21104848E-01  0.15188757E-01  0.13588672E-02
 -0.22265099E-01  0.16703945E-01  0.13783858E-02
 -0.23611359E-01  0.18405033E-01  0.13872905E-02
 -0.25180882E-01  0.20323300E-01  0.13933166E-02
 -0.27017234E-01  0.22496896E-01  0.14043530E-02
 -0.29171969E-01  0.24972559E-01  0.14284632E-02
 -0.31706732E-01  0.27807764E-01  0.14739337E-02
 -0.34695819E-01  0.31073344E-01  0.15493434E-02
 -0.38229271E-01  0.34856682E-01  0.16636490E-02
 -0.42416589E-01  0.39265563E-01  0.18262741E-02
 -0.47391204E-01  0.44432867E-01  0.20471893E-02
 -0.53315897E-01  0.50522291E-01  0.23369582E-02
 -0.60389390E-01  0.57735392E-01  0.27067136E-02
 -0.68854354E-01  0.66320222E-01  0.31680054E-02
 -0.79006998E-01  0.76581770E-01  0.37324272E-02
 -0.91208103E-01  0.88894137E-01  0.44108773E-02
 -0.10589474E+00  0.10371373E+00  0.52122308E-02
 -0.12359060E+00  0.12159135E+00  0.61410929E-02
 -0.14491047E+00  0.14317866E+00  0.71941692E-02
 -0.17055002E+00  0.16921966E+00  0.83546589E-02
 -0.20124538E+00  0.20051095E+00  0.95840517E-02
 -0.23767694E+00  0.23780322E+00  0.10811026E-01
 -0.28028107E+00  0.28160511E+00  0.11918275E-01
 -0.32892933E+00  0.33184483E+00  0.12730765E-01
 -0.38245769E+00  0.38736871E+00  0.13013704E-01
 -0.43811201E+00  0.44534418E+00  0.12494527E-01
 -0.49114719E+00  0.50081798E+00  0.10925022E-01
 -0.53501991E+00  0.54690069E+00  0.81865945E-02
 -0.56261943E+00  0.57605926E+00  0.44050516E-02
 -0.56847678E+00  0.58246543E+00 -0.82809948E-06
  0.26554396E-01 -0.26115650E-01  0.10797599E-05
  0.26859137E-01 -0.26397725E-01  0.62399054E-03
  0.27134564E-01 -0.26604847E-01  0.12191544E-02
  0.27375384E-01 -0.26733792E-01  0.17605703E-02
  0.27575951E-01 -0.26782219E-01  0.22254319E-02
  0.27730415E-01 -0.26748607E-01  0.25953339E-02
  0.27832946E-01 -0.26632210E-01  0.28570744E-02
  0.27878025E-01 -0.26433060E-01  0.30030069E-02
  0.27860766E-01 -0.26151995E-01  0.30309515E-02
  0.27777230E-01 -0.25790712E-01  0.29437239E-02
  0.27624652E-01 -0.25351787E-01  0.27483713E-02
  0.27401555E-01 -0.24838626E-01  0.24552252E-02
  0.27107702E-01 -0.24255334E-01  0.20768791E-02
  0.26743914E-01 -0.23606506E-01  0.16271878E-02
  0.26311790E-01 -0.22896974E-01  0.11203641E-02
  0.25813401E-01 -0.22131575E-01  0.57022155E-03
  0.25251023E-01 -0.21314985E-01 -0.10408372E-04
  0.24626971E-01 -0.20451673E-01 -0.61008189E-03
  0.23943554E-01 -0.19545975E-01 -0.12189798E-02
  0.23203128E-01 -0.18602269E-01 -0.18289971E-02
  0.22408218E-01 -0.17625192E-01 -0.24337109E-02
  0.21561632E-01 -0.16619836E-01 -0.30282545E-02
  0.20666515E-01 -0.15591864E-01 -0.36091231E-02
  0.19726310E-01 -0.14547495E-01 -0.41739362E-02
  0.18744620E-01 -0.13493378E-01 -0.47211746E-02
  0.17725000E-01 -0.12436372E-01 -0.52499117E-02
  0.16670740E-01 -0.11383289E-01 -0.57595484E-02
  0.15584695E-01 -0.10340666E-01 -0.62495641E-02
  0.14469213E-01 -0.93146229E-02 -0.67192904E-02
  0.13326188E-01 -0.83108160E-02 -0.71677126E-02
  0.12157227E-01 -0.73344918E-02 -0.75933034E-02
  0.10963891E-01 -0.63905933E-02 -0.79938949E-02
  0.97479505E-02 -0.54838663E-02 -0.83665902E-02
  0.85116019E-02 -0.46189059E-02 -0.87077235E-02
  0.72575962E-02 -0.38001046E-02 -0.90128718E-02
  0.59892602E-02 -0.30314884E-02 -0.92769262E-02
  0.47104227E-02 -0.23164610E-02 -0.94942276E-02
  0.34252810E-02 -0.16575028E-02 -0.96587687E-02
  0.21382527E-02 -0.10558834E-02 -0.97644639E-02
  0.85385869E-03 -0.51144605E-03 -0.98054775E-02
 -0.42333457E-03 -0.22506650E-04 -0.97765991E-02
 -0.16887087E-02  0.41411836E-03 -0.96736423E-02
 -0.29375421E-02  0.80296500E-03 -0.94938409E-02
 -0.41649503E-02  0.11496902E-02 -0.92362086E-02
 -0.53658619E-02  0.14608009E-02 -0.89018261E-02
 -0.65350670E-02  0.17433890E-02 -0.84940246E-02
 -0.76673576E-02  0.20049059E-02 -0.80184394E-02
 -0.87577581E-02  0.22529928E-02 -0.74829164E-02
 -0.98018189E-02  0.24953637E-02 -0.68972719E-02
 -0.10795934E-01  0.27397229E-02 -0.62729177E-02
 -0.11737629E-01  0.29936919E-02 -0.56223775E-02
 -0.12625784E-01  0.32647239E-02 -0.49587315E-02
 -0.13460755E-01  0.35599910E-02 -0.42950351E-02
 -0.14244388E-01  0.38862506E-02 -0.36437532E-02
 -0.14979947E-01  0.42497066E-02 -0.30162529E-02
 -0.15671984E-01  0.46558993E-02 -0.24223871E-02
 -0.16326197E-01  0.51096597E-02 -0.18701884E-02
 -0.16949321E-01  0.56151594E-02 -0.13656850E-02
 -0.17549096E-01  0.61760767E-02 -0.91283352E-03
 -0.18134308E-01  0.67958792E-02 -0.51355790E-03
 -0.18714924E-01  0.74782030E-02 -0.16787432E-03
 -0.19302285E-01  0.82272964E-02  0.12592131E-03
 -0.19909331E-01  0.90484817E-02  0.37102723E-03
 -0.20550823E-01  0.99485981E-02  0.57189411E-03
 -0.21243544E-01  0.10936396E-01  0.73398690E-03
 -0.22006477E-01  0.12022883E-01  0.86356546E-03
 -0.22860979E-01  0.13221635E-01  0.96749476E-03
 -0.23830998E-01  0.14549136E-01  0.10530907E-02
 -0.24943403E-01  0.16025196E-01  0.11280047E-02
 -0.26228505E-01  0.17673548E-01  0.12001467E-02
 -0.27720823E-01  0.19522685E-01  0.12776441E-02
 -0.29460184E-01  0.21607012E-01  0.13688346E-02
 -0.31493171E-01  0.23968360E-01  0.14822847E-02
 -0.33874944E-01  0.26657881E-01  0.16268320E-02
 -0.36671447E-01  0.29738352E-01  0.18116394E-02
 -0.39961972E-01  0.33286880E-01  0.20462531E-02
 -0.43842116E-01  0.37398052E-01  0.23406492E-02
 -0.48427137E-01  0.42187570E-01  0.27052448E-02
 -0.53855786E-01  0.47796463E-01  0.31508433E-02
 -0.60294673E-01  0.54395976E-01  0.36884619E-02
 -0.67943220E-01  0.62193223E-01  0.43289653E-02
 -0.77039081E-01  0.71437515E-01  0.50823919E-02
 -0.87863623E-01  0.82426984E-01  0.59568033E-02
 -0.10074640E+00  0.95514416E-01  0.69564176E-02
 -0.11606640E+00  0.11111000E+00  0.80786949E-02
 -0.13424605E+00  0.12967665E+00  0.93099666E-02
 -0.15573076E+00  0.15171023E+00  0.10619171E-01
 -0.18094301E+00  0.17769263E+00  0.11949429E-01
 -0.21019513E+00  0.20800004E+00  0.13207786E-01
 -0.24354202E+00  0.24274531E+00  0.14254878E-01
 -0.28056050E+00  0.28153863E+00  0.14898929E-01
 -0.32006622E+00  0.32317610E+00  0.14902323E-01
 -0.35983641E+00  0.36532879E+00  0.14012204E-01
 -0.39649419E+00  0.40440175E+00  0.12024397E-01
 -0.42578026E+00  0.43581252E+00  0.88753580E-02
 -0.44337525E+00  0.45487499E+00  0.47287450E-02
 -0.44614534E+00  0.45815730E+00 -0.83384937E-06
  0.24050655E-01 -0.26601046E-01  0.13290389E-05
  0.24359856E-01 -0.26889564E-01  0.65851055E-03
  0.24639566E-01 -0.27107020E-01  0.12872617E-02
  0.24884506E-01 -0.27250102E-01  0.18609270E-02
  0.25088965E-01 -0.27316236E-01  0.23560719E-02
  0.25246938E-01 -0.27303520E-01  0.27537028E-02
  0.25352346E-01 -0.27210683E-01  0.30400837E-02
  0.25399343E-01 -0.27037119E-01  0.32071024E-02
  0.25382687E-01 -0.26782971E-01  0.32521966E-02
  0.25298101E-01 -0.26449250E-01  0.31778945E-02
  0.25142578E-01 -0.26037932E-01  0.29910614E-02
  0.24914537E-01 -0.25551980E-01  0.27019581E-02
  0.24613820E-01 -0.24995249E-01  0.23232212E-02
  0.24241510E-01 -0.24372295E-01  0.18688592E-02
  0.23799624E-01 -0.23688096E-01  0.13533422E-02
  0.23290751E-01 -0.22947763E-01  0.79083381E-03
  0.22717719E-01 -0.22156312E-01  0.19459326E-03
  0.22083351E-01 -0.21318534E-01 -0.42344651E-03
  0.21390354E-01 -0.20439005E-01 -0.10529344E-02
  0.20641341E-01 -0.19522213E-01 -0.16852096E-02
  0.19838924E-01 -0.18572752E-01 -0.23132882E-02
  0.18985842E-01 -0.17595526E-01 -0.29317544E-02
  0.18085050E-01 -0.16595884E-01 -0.35365821E-02
  0.17139720E-01 -0.15579655E-01 -0.41249097E-02
  0.16153156E-01 -0.14553064E-01 -0.46947891E-02
  0.15128640E-01 -0.13522558E-01 -0.52449237E-02
  0.14069250E-01 -0.12494595E-01 -0.57744099E-02
  0.12977728E-01 -0.11475441E-01 -0.62824922E-02
  0.11856421E-01 -0.10471048E-01 -0.67683393E-02
  0.10707336E-01 -0.94870072E-02 -0.72308472E-02
  0.95322932E-02 -0.85285955E-02 -0.76684752E-02
  0.83331343E-02 -0.76008554E-02 -0.80791185E-02
  0.71119396E-02 -0.67086656E-02 -0.84600207E-02
  0.58711878E-02 -0.58567424E-02 -0.88077335E-02
  0.46138262E-02 -0.50495376E-02 -0.91181267E-02
  0.33432366E-02 -0.42910287E-02 -0.93864540E-02
  0.20631204E-02 -0.35844289E-02 -0.96074805E-02
  0.77734597E-03 -0.29318738E-02 -0.97756724E-02
 -0.51018533E-03 -0.23341519E-02 -0.98854486E-02
 -0.17956062E-02 -0.17905395E-02 -0.99314877E-02
 -0.30750584E-02 -0.12987800E-02 -0.99090773E-02
 -0.43445812E-02 -0.85521158E-03 -0.98144859E-02
 -0.55999508E-02 -0.45501449E-03 -0.96453302E-02
 -0.68365287E-02 -0.92524065E-04 -0.94009087E-02
 -0.80491851E-02  0.23845742E-03 -0.90824669E-02
 -0.92323470E-02  0.54440871E-03 -0.86933643E-02
 -0.10380198E-01  0.83193460E-03 -0.82391183E-02
 -0.11487014E-01  0.11077143E-02 -0.77273109E-02
 -0.12547600E-01  0.13785289E-02 -0.71673559E-02
 -0.13557733E-01  0.16513193E-02 -0.65701394E-02
 -0.14514565E-01  0.19332204E-02 -0.59475577E-02
 -0.15416891E-01  0.22315238E-02 -0.53119892E-02
 -0.16265250E-01  0.25535434E-02 -0.46757414E-02
 -0.17061859E-01  0.29063935E-02 -0.40505145E-02
 -0.17810412E-01  0.32967144E-02 -0.34469215E-02
 -0.18515798E-01  0.37304078E-02 -0.28740947E-02
 -0.19183830E-01  0.42124512E-02 -0.23393980E-02
 -0.19821044E-01  0.47468512E-02 -0.18482542E-02
 -0.20434629E-01  0.53367735E-02 -0.14040842E-02
 -0.21032508E-01  0.59848542E-02 -0.10083454E-02
 -0.21623554E-01  0.66936623E-02 -0.66065172E-03
 -0.22217898E-01  0.74662563E-02 -0.35895172E-03
 -0.22827272E-01  0.83067620E-02 -0.99743412E-04
 -0.23465318E-01  0.92209038E-02  0.12169728E-03
 -0.24147831E-01  0.10216439E-01  0.31109189E-03
 -0.24892907E-01  0.11303480E-01  0.47495325E-03
 -0.25721029E-01  0.12494724E-01  0.62040765E-03
 -0.26655149E-01  0.13805654E-01  0.75505134E-03
 -0.27720833E-01  0.15254788E-01  0.88684362E-03
 -0.28946586E-01  0.16864092E-01  0.10240360E-02
 -0.30364422E-01  0.18659626E-01  0.11751342E-02
 -0.32010761E-01  0.20672521E-01  0.13488895E-02
 -0.33927670E-01  0.22940297E-01  0.15543108E-02
 -0.36164449E-01  0.25508558E-01  0.18006918E-02
 -0.38779527E-01  0.28433012E-01  0.20976409E-02
 -0.41842609E-01  0.31781791E-01  0.24550995E-02
 -0.45437017E-01  0.35638036E-01  0.28833294E-02
 -0.49662182E-01  0.40102709E-01  0.33928385E-02
 -0.54636261E-01  0.45297636E-01  0.39942038E-02
 -0.60498840E-01  0.51368785E-01  0.46977300E-02
 -0.67413651E-01  0.58489698E-01  0.55128517E-02
 -0.75571060E-01  0.66864884E-01  0.64471545E-02
 -0.85189813E-01  0.76732617E-01  0.75048344E-02
 -0.96516932E-01  0.88365990E-01  0.86843589E-02
 -0.10982378E+00  0.10207006E+00  0.99750384E-02
 -0.12539495E+00  0.11817141E+00  0.11352190E-01
 -0.14350470E+00  0.13699417E+00  0.12770670E-01
 -0.16437355E+00  0.15881417E+00  0.14156858E-01
 -0.18809601E+00  0.18378054E+00  0.15399978E-01
 -0.21453119E+00  0.21179483E+00  0.16345114E-01
 -0.24315588E+00  0.24234567E+00  0.16792627E-01
 -0.27289900E+00  0.27431863E+00  0.16511332E-01
 -0.30201183E+00  0.30584122E+00  0.15273843E-01
 -0.32807085E+00  0.33427184E+00  0.12918058E-01
 -0.34822637E+00  0.35646391E+00  0.94251807E-02
 -0.35974875E+00  0.36936919E+00  0.49840888E-02
 -0.36075955E+00  0.37085941E+00 -0.89094196E-06
  0.21406949E-01 -0.27370953E-01  0.14615630E-05
  0.21720239E-01 -0.27665510E-01  0.69218089E-03
  0.22003639E-01 -0.27892656E-01  0.13538208E-02
  0.22251851E-01 -0.28048948E-01  0.19590986E-02
  0.22459101E-01 -0.28131569E-01  0.24839743E-02
  0.22619273E-01 -0.28138259E-01  0.29088832E-02
  0.22726120E-01 -0.28067285E-01  0.32195651E-02
  0.22773587E-01 -0.27917486E-01  0.34074456E-02
  0.22756194E-01 -0.27688405E-01  0.34695767E-02
  0.22669445E-01 -0.27380453E-01  0.34081914E-02
  0.22510171E-01 -0.26995066E-01  0.32299613E-02
  0.22276736E-01 -0.26534784E-01  0.29450632E-02
  0.21969061E-01 -0.26003201E-01  0.25661621E-02
  0.21588449E-01 -0.25404783E-01  0.21074057E-02
  0.21137269E-01 -0.24744584E-01  0.15835077E-02
  0.20618546E-01 -0.24027919E-01  0.10089681E-02
  0.20035574E-01 -0.23260071E-01  0.39746120E-03
  0.19391610E-01 -0.22446101E-01 -0.23860352E-03
  0.18689708E-01 -0.21590793E-01 -0.88835536E-03
  0.17932694E-01 -0.20698735E-01 -0.15425898E-02
  0.17123251E-01 -0.19774493E-01 -0.21937731E-02
  0.16264047E-01 -0.18822809E-01 -0.28359512E-02
  0.15357857E-01 -0.17848766E-01 -0.34645855E-02
  0.14407608E-01 -0.16857862E-01 -0.40763416E-02
  0.13416344E-01 -0.15855969E-01 -0.46688479E-02
  0.12387114E-01 -0.14849211E-01 -0.52404416E-02
  0.11322841E-01 -0.13843778E-01 -0.57899164E-02
  0.10226195E-01 -0.12845754E-01 -0.63162809E-02
  0.90995534E-02 -0.11860992E-01 -0.68185372E-02
  0.79450409E-02 -0.10895065E-01 -0.72954861E-02
  0.67646599E-02 -0.99532880E-02 -0.77455637E-02
  0.55604698E-02 -0.90407702E-02 -0.81667150E-02
  0.43347638E-02 -0.81624529E-02 -0.85563077E-02
  0.30901908E-02 -0.73230769E-02 -0.89110907E-02
  0.18297868E-02 -0.65270498E-02 -0.92272031E-02
  0.55690999E-03 -0.57782112E-02 -0.95002365E-02
 -0.72489616E-03 -0.50795288E-02 -0.97253547E-02
 -0.20120599E-02 -0.44327860E-02 -0.98974728E-02
 -0.33010995E-02 -0.38383321E-02 -0.10011494E-01
 -0.45886514E-02 -0.32949583E-02 -0.10062595E-01
 -0.58713848E-02 -0.27999365E-02 -0.10046553E-01
 -0.71458153E-02 -0.23492191E-02 -0.99600925E-02
 -0.84080661E-02 -0.19377597E-02 -0.98012221E-02
 -0.96536509E-02 -0.15598839E-02 -0.95695438E-02
 -0.10877359E-01 -0.12096321E-02 -0.92664945E-02
 -0.12073305E-01 -0.88100069E-03 -0.88954947E-02
 -0.13235175E-01 -0.56804453E-03 -0.84619816E-02
 -0.14356645E-01 -0.26483807E-03 -0.79733119E-02
 -0.15431919E-01  0.34662471E-04 -0.74385338E-02
 -0.16456286E-01  0.33678633E-03 -0.68680401E-02
 -0.17426596E-01  0.64826518E-03 -0.62731259E-02
 -0.18341568E-01  0.97623308E-03 -0.56654850E-02
 -0.19201875E-01  0.13280756E-02 -0.50566847E-02
 -0.20010012E-01  0.17111375E-02 -0.44576585E-02
 -0.20769989E-01  0.21323417E-02 -0.38782540E-02
 -0.21486930E-01  0.25978034E-02 -0.33268630E-02
 -0.22166697E-01  0.31125351E-02 -0.28101538E-02
 -0.22815613E-01  0.36803243E-02 -0.23329123E-02
 -0.23440369E-01  0.43038380E-02 -0.18979879E-02
 -0.24048132E-01  0.49849579E-02 -0.15063342E-02
 -0.24646823E-01  0.57253096E-02 -0.11571244E-02
 -0.25245522E-01  0.65269091E-02 -0.84792233E-03
 -0.25854894E-01  0.73928316E-02 -0.57488640E-03
 -0.26487574E-01  0.83278114E-02 -0.33298583E-03
 -0.27158429E-01  0.93387060E-02 -0.11621289E-03
 -0.27884690E-01  0.10434798E-01  0.82223022E-04
 -0.28685965E-01  0.11627956E-01  0.26972834E-03
 -0.29584200E-01  0.12932725E-01  0.45419085E-03
 -0.30603687E-01  0.14366440E-01  0.64387936E-03
 -0.31771212E-01  0.15949474E-01  0.84737645E-03
 -0.33116465E-01  0.17705738E-01  0.10735404E-02
 -0.34672757E-01  0.19663483E-01  0.13314904E-02
 -0.36478076E-01  0.21856467E-01  0.16306073E-02
 -0.38576463E-01  0.24325447E-01  0.19805390E-02
 -0.41019647E-01  0.27119965E-01  0.23911966E-02
 -0.43868835E-01  0.30300350E-01  0.28727238E-02
 -0.47196573E-01  0.33939838E-01  0.34354126E-02
 -0.51088564E-01  0.38126750E-01  0.40895306E-02
 -0.55645376E-01  0.42966651E-01  0.48450102E-02
 -0.60983926E-01  0.48584414E-01  0.57109269E-02
 -0.67238602E-01  0.55126049E-01  0.66946713E-02
 -0.74561746E-01  0.62760023E-01  0.78006782E-02
 -0.83122958E-01  0.71677476E-01  0.90285412E-02
 -0.93106237E-01  0.82090242E-01  0.10370297E-01
 -0.10470331E+00  0.94224820E-01  0.11806643E-01
 -0.11810059E+00  0.10830930E+00  0.13301907E-01
 -0.13345607E+00  0.12454896E+00  0.14797734E-01
 -0.15086158E+00  0.14308492E+00  0.16205930E-01
 -0.17028574E+00  0.16392999E+00  0.17401727E-01
 -0.19149521E+00  0.18687808E+00  0.18220155E-01
 -0.21395913E+00  0.21139161E+00  0.18460088E-01
 -0.23675538E+00  0.23648725E+00  0.17902092E-01
 -0.25851820E+00  0.26066533E+00  0.16345691E-01
 -0.27748530E+00  0.28195145E+00  0.13666373E-01
 -0.29170032E+00  0.29811854E+00  0.98808439E-02
 -0.29937878E+00  0.30710423E+00  0.51944959E-02
 -0.29935311E+00  0.30752927E+00 -0.94402696E-06
  0.18593496E-01 -0.28445588E-01  0.14573473E-05
  0.18910034E-01 -0.28745342E-01  0.72508507E-03
  0.19195893E-01 -0.28980979E-01  0.14190116E-02
  0.19445748E-01 -0.29148906E-01  0.20553457E-02
  0.19653810E-01 -0.29246089E-01  0.26094575E-02
  0.19813948E-01 -0.29269981E-01  0.30612209E-02
  0.19919896E-01 -0.29218494E-01  0.33958564E-02
  0.19965562E-01 -0.29090057E-01  0.36043274E-02
  0.19945415E-01 -0.28883754E-01  0.36832958E-02
  0.19854908E-01 -0.28599525E-01  0.36346925E-02
  0.19690835E-01 -0.28238356E-01  0.34649870E-02
  0.19451570E-01 -0.27802403E-01  0.31842634E-02
  0.19137112E-01 -0.27294976E-01  0.28052070E-02
  0.18748928E-01 -0.26720380E-01  0.23420978E-02
  0.18289625E-01 -0.26083635E-01  0.18098861E-02
  0.17762528E-01 -0.25390126E-01  0.12234023E-02
  0.17171251E-01 -0.24645275E-01  0.59672928E-03
  0.16519353E-01 -0.23854298E-01 -0.57254266E-04
  0.15810120E-01 -0.23022106E-01 -0.72716605E-03
  0.15046516E-01 -0.22153338E-01 -0.14032664E-02
  0.14231247E-01 -0.21252522E-01 -0.20774812E-02
  0.13366906E-01 -0.20324267E-01 -0.27433262E-02
  0.12456108E-01 -0.19373449E-01 -0.33957585E-02
  0.11501583E-01 -0.18405322E-01 -0.40309770E-02
  0.10506182E-01 -0.17425514E-01 -0.46461909E-02
  0.94728033E-02 -0.16439938E-01 -0.52393741E-02
  0.84042811E-02 -0.15454635E-01 -0.58090181E-02
  0.73032793E-02 -0.14475607E-01 -0.63538941E-02
  0.61722343E-02 -0.13508679E-01 -0.68728350E-02
  0.50133790E-02 -0.12559434E-01 -0.73645415E-02
  0.38288441E-02 -0.11633205E-01 -0.78274202E-02
  0.26208082E-02 -0.10735098E-01 -0.82594577E-02
  0.13916486E-02 -0.98700092E-02 -0.86581349E-02
  0.14404497E-03 -0.90425744E-02 -0.90203859E-02
 -0.11189997E-02 -0.82570342E-02 -0.93426048E-02
 -0.23942278E-02 -0.75170000E-02 -0.96207055E-02
 -0.36782607E-02 -0.68251592E-02 -0.98502349E-02
 -0.49677480E-02 -0.61829771E-02 -0.10026543E-01
 -0.62594722E-02 -0.55904648E-02 -0.10145003E-01
 -0.75503561E-02 -0.50460801E-02 -0.10201284E-01
 -0.88373503E-02 -0.45467941E-02 -0.10191650E-01
 -0.10117213E-01 -0.40883253E-02 -0.10113283E-01
 -0.11386233E-01 -0.36654939E-02 -0.99645939E-02
 -0.12639986E-01 -0.32726214E-02 -0.97455049E-02
 -0.13873192E-01 -0.29038889E-02 -0.94576656E-02
 -0.15079773E-01 -0.25535746E-02 -0.91045835E-02
 -0.16253113E-01 -0.22161288E-02 -0.86916430E-02
 -0.17386526E-01 -0.18860874E-02 -0.82260025E-02
 -0.18473851E-01 -0.15578728E-02 -0.77163697E-02
 -0.19510065E-01 -0.12255650E-02 -0.71726649E-02
 -0.20491808E-01 -0.88273614E-03 -0.66055962E-02
 -0.21417714E-01 -0.52242725E-03 -0.60261806E-02
 -0.22288482E-01 -0.13730829E-03 -0.54452450E-02
 -0.23106709E-01  0.27998981E-03 -0.48729490E-02
 -0.23876515E-01  0.73643175E-03 -0.43183599E-02
 -0.24603075E-01  0.12381209E-02 -0.37891091E-02
 -0.25292171E-01  0.17899394E-02 -0.32911442E-02
 -0.25949880E-01  0.23953828E-02 -0.28285858E-02
 -0.26582459E-01  0.30566483E-02 -0.24036815E-02
 -0.27196466E-01  0.37749851E-02 -0.20168498E-02
 -0.27799079E-01  0.45512632E-02 -0.16667929E-02
 -0.28398550E-01  0.53866716E-02 -0.13506609E-02
 -0.29004686E-01  0.62834391E-02 -0.10642458E-02
 -0.29629261E-01  0.72454719E-02 -0.80218694E-03
 -0.30286296E-01  0.82788302E-02 -0.55817097E-03
 -0.30992171E-01  0.93920119E-02 -0.32511521E-03
 -0.31765578E-01  0.10596065E-01 -0.95324673E-04
 -0.32627408E-01  0.11904596E-01  0.13938099E-03
 -0.33600643E-01  0.13333788E-01  0.38757213E-03
 -0.34710393E-01  0.14902533E-01  0.65814305E-03
 -0.35984162E-01  0.16632801E-01  0.96027076E-03
 -0.37452417E-01  0.18550310E-01  0.13033910E-02
 -0.39149484E-01  0.20685540E-01  0.16971821E-02
 -0.41114729E-01  0.23075047E-01  0.21515426E-02
 -0.43393956E-01  0.25763041E-01  0.26765480E-02
 -0.46040903E-01  0.28803095E-01  0.32823618E-02
 -0.49118706E-01  0.32259903E-01  0.39790719E-02
 -0.52701208E-01  0.36210950E-01  0.47764117E-02
 -0.56873986E-01  0.40748005E-01  0.56833081E-02
 -0.61734968E-01  0.45978296E-01  0.67071817E-02
 -0.67394455E-01  0.52025195E-01  0.78528959E-02
 -0.73974278E-01  0.59028104E-01  0.91212249E-02
 -0.81605572E-01  0.67140969E-01  0.10506680E-01
 -0.90424378E-01  0.76528455E-01  0.11994514E-01
 -0.10056375E+00  0.87358250E-01  0.13556755E-01
 -0.11214054E+00  0.99787198E-01  0.15147184E-01
 -0.12523439E+00  0.11393824E+00  0.16695469E-01
 -0.13985634E+00  0.12986465E+00  0.18101119E-01
 -0.15590513E+00  0.14749869E+00  0.19228808E-01
 -0.17311167E+00  0.16658462E+00  0.19907838E-01
 -0.19097832E+00  0.18660269E+00  0.19939896E-01
 -0.20872844E+00  0.20670215E+00  0.19119942E-01
 -0.22529374E+00  0.22567604E+00  0.17273589E-01
 -0.23937358E+00  0.24202067E+00  0.14308838E-01
 -0.24959275E+00  0.25411467E+00  0.10270339E-01
 -0.25475031E+00  0.26051333E+00  0.53741565E-02
 -0.25409936E+00  0.26028835E+00 -0.95218156E-06
  0.15576847E-01 -0.29851321E-01  0.13071043E-05
  0.15895413E-01 -0.30155079E-01  0.75734893E-03
  0.16182002E-01 -0.30397577E-01  0.14830853E-02
  0.16431291E-01 -0.30575084E-01  0.21500250E-02
  0.16637555E-01 -0.30684402E-01  0.27329535E-02
  0.16794788E-01 -0.30722797E-01  0.32111854E-02
  0.16896891E-01 -0.30687974E-01  0.35694213E-02
  0.16937953E-01 -0.30578114E-01  0.37981583E-02
  0.16912615E-01 -0.30392019E-01  0.38936639E-02
  0.16816473E-01 -0.30129306E-01  0.38575615E-02
  0.16646435E-01 -0.29790623E-01  0.36961146E-02
  0.16400964E-01 -0.29377783E-01  0.34193122E-02
  0.16080140E-01 -0.28893790E-01  0.30398595E-02
  0.15685518E-01 -0.28342704E-01  0.25721698E-02
  0.15219814E-01 -0.27729372E-01  0.20314320E-02
  0.14686481E-01 -0.27059086E-01  0.14328087E-02
  0.14089269E-01 -0.26337236E-01  0.79079170E-03
  0.13431858E-01 -0.25569039E-01  0.11872812E-03
  0.12717620E-01 -0.24759411E-01 -0.57149134E-03
  0.11949547E-01 -0.23912972E-01 -0.12695969E-02
  0.11130309E-01 -0.23034182E-01 -0.19669797E-02
  0.10262404E-01 -0.22127545E-01 -0.26566323E-02
  0.93483186E-02 -0.21197800E-01 -0.33330135E-02
  0.83906471E-02 -0.20250057E-01 -0.39918604E-02
  0.73921286E-02 -0.19289828E-01 -0.46299669E-02
  0.63556014E-02 -0.18322952E-01 -0.52449455E-02
  0.52838999E-02 -0.17355448E-01 -0.58349858E-02
  0.41797413E-02 -0.16393335E-01 -0.63986216E-02
  0.30456479E-02 -0.15442479E-01 -0.69345148E-02
  0.18839410E-02 -0.14508489E-01 -0.74412641E-02
  0.69681029E-03 -0.13596677E-01 -0.79172440E-02
 -0.51355983E-03 -0.12712057E-01 -0.83604797E-02
 -0.17448490E-02 -0.11859353E-01 -0.87685618E-02
 -0.29944920E-02 -0.11042959E-01 -0.91386045E-02
 -0.42596392E-02 -0.10266823E-01 -0.94672516E-02
 -0.55371983E-02 -0.95342449E-02 -0.97507328E-02
 -0.68239424E-02 -0.88476162E-02 -0.99849715E-02
 -0.81166391E-02 -0.82081450E-02 -0.10165746E-01
 -0.94121456E-02 -0.76156407E-02 -0.10288897E-01
 -0.10707419E-01 -0.70684163E-02 -0.10350581E-01
 -0.11999412E-01 -0.65633501E-02 -0.10347552E-01
 -0.13284868E-01 -0.60961082E-02 -0.10277454E-01
 -0.14560052E-01 -0.56614895E-02 -0.10139112E-01
 -0.15820513E-01 -0.52538197E-02 -0.99327790E-02
 -0.17060945E-01 -0.48673086E-02 -0.96603362E-02
 -0.18275230E-01 -0.44962915E-02 -0.93253957E-02
 -0.19456703E-01 -0.41353082E-02 -0.89333075E-02
 -0.20598609E-01 -0.37790184E-02 -0.84910493E-02
 -0.21694699E-01 -0.34219999E-02 -0.80070020E-02
 -0.22739850E-01 -0.30585141E-02 -0.74906227E-02
 -0.23730594E-01 -0.26823326E-02 -0.69520377E-02
 -0.24665449E-01 -0.22867079E-02 -0.64015853E-02
 -0.25544996E-01 -0.18645307E-02 -0.58493455E-02
 -0.26371703E-01 -0.14086648E-02 -0.53046915E-02
 -0.27149536E-01 -0.91239854E-03 -0.47758934E-02
 -0.27883484E-01 -0.36991151E-03 -0.42698011E-02
 -0.28579094E-01  0.22335470E-03 -0.37916180E-02
 -0.29242149E-01  0.87052328E-03 -0.33447737E-02
 -0.29878545E-01  0.15733668E-02 -0.29308883E-02
 -0.30494411E-01  0.23326584E-02 -0.25498196E-02
 -0.31096433E-01  0.31487444E-02 -0.21997748E-02
 -0.31692306E-01  0.40222476E-02 -0.18774684E-02
 -0.32291217E-01  0.49547918E-02 -0.15783076E-02
 -0.32904256E-01  0.59496382E-02 -0.12965868E-02
 -0.33544688E-01  0.70121540E-02 -0.10256765E-02
 -0.34228037E-01  0.81500793E-02 -0.75819620E-03
 -0.34972018E-01  0.93736109E-02 -0.48616243E-03
 -0.35796373E-01  0.10695373E-01 -0.20110909E-03
 -0.36722711E-01  0.12130375E-01  0.10582054E-03
 -0.37774462E-01  0.13696080E-01  0.44380719E-03
 -0.38977049E-01  0.15412677E-01  0.82230844E-03
 -0.40358340E-01  0.17303646E-01  0.12510223E-02
 -0.41949390E-01  0.19396628E-01  0.17398499E-02
 -0.43785448E-01  0.21724575E-01  0.22988418E-02
 -0.45907136E-01  0.24327119E-01  0.29381079E-02
 -0.48361678E-01  0.27252029E-01  0.36676658E-02
 -0.51204043E-01  0.30556650E-01  0.44971928E-02
 -0.54497858E-01  0.34309178E-01  0.54356354E-02
 -0.58315940E-01  0.38589647E-01  0.64906175E-02
 -0.62740311E-01  0.43490461E-01  0.76675672E-02
 -0.67861497E-01  0.49116287E-01  0.89684621E-02
 -0.73776840E-01  0.55582972E-01  0.10390070E-01
 -0.80587406E-01  0.63014978E-01  0.11921550E-01
 -0.88392825E-01  0.71540508E-01  0.13541277E-01
 -0.97283090E-01  0.81283076E-01  0.15212813E-01
 -0.10732606E+00  0.92347850E-01  0.16880092E-01
 -0.11854915E+00  0.10480069E+00  0.18462163E-01
 -0.13091392E+00  0.11863787E+00  0.19848392E-01
 -0.14428316E+00  0.13374546E+00  0.20895782E-01
 -0.15838252E+00  0.14985015E+00  0.21431141E-01
 -0.17276291E+00  0.16646834E+00  0.21261683E-01
 -0.18677600E+00  0.18286856E+00  0.20197724E-01
 -0.19958115E+00  0.19807040E+00  0.18089050E-01
 -0.21020371E+00  0.21090659E+00  0.14871358E-01
 -0.21765602E+00  0.22016554E+00  0.10611307E-01
 -0.22110949E+00  0.22480339E+00  0.55317634E-02
 -0.22007562E+00  0.22417450E+00 -0.88959781E-06
  0.12319687E-01 -0.31622395E-01  0.10154579E-05
  0.12638858E-01 -0.31928777E-01  0.78912132E-03
  0.12924205E-01 -0.32176293E-01  0.15463229E-02
  0.13170458E-01 -0.32361108E-01  0.22435253E-02
  0.13372067E-01 -0.32479931E-01  0.28549240E-02
  0.13523307E-01 -0.32529957E-01  0.33592681E-02
  0.13618443E-01 -0.32508826E-01  0.37407309E-02
  0.13651969E-01 -0.32414644E-01  0.39893372E-02
  0.13618924E-01 -0.32246098E-01  0.41009547E-02
  0.13515251E-01 -0.32002638E-01  0.40768975E-02
  0.13338125E-01 -0.31684674E-01  0.39232246E-02
  0.13086184E-01 -0.31293732E-01  0.36498345E-02
  0.12759594E-01 -0.30832489E-01  0.32694605E-02
  0.12359929E-01 -0.30304672E-01  0.27966590E-02
  0.11889878E-01 -0.29714819E-01  0.22468687E-02
  0.11352844E-01 -0.29067953E-01  0.16355941E-02
  0.10752514E-01 -0.28369249E-01  0.97774463E-03
  0.10092496E-01 -0.27623760E-01  0.28714106E-03
  0.93760841E-02 -0.26836270E-01 -0.42381503E-03
  0.86061748E-02 -0.26011293E-01 -0.11443241E-02
  0.77853320E-02 -0.25153193E-01 -0.18652453E-02
  0.69159398E-02 -0.24266389E-01 -0.25790520E-02
  0.60003806E-02 -0.23355555E-01 -0.32797088E-02
  0.50411734E-02 -0.22425768E-01 -0.39624951E-02
  0.40410299E-02 -0.21482550E-01 -0.46237927E-02
  0.30028167E-02 -0.20531801E-01 -0.52608548E-02
  0.19294467E-02 -0.19579639E-01 -0.58715707E-02
  0.82374458E-03 -0.18632202E-01 -0.64542377E-02
 -0.31166358E-03 -0.17695449E-01 -0.70073483E-02
 -0.14743950E-02 -0.16775023E-01 -0.75294005E-02
 -0.26622719E-02 -0.15876169E-01 -0.80187394E-02
 -0.38732121E-02 -0.15003723E-01 -0.84734314E-02
 -0.51050819E-02 -0.14162121E-01 -0.88911797E-02
 -0.63555595E-02 -0.13355386E-01 -0.92692819E-02
 -0.76220494E-02 -0.12587062E-01 -0.96046340E-02
 -0.89016724E-02 -0.11860074E-01 -0.98937834E-02
 -0.10191325E-01 -0.11176511E-01 -0.10133032E-01
 -0.11487782E-01 -0.10537395E-01 -0.10318587E-01
 -0.12787783E-01 -0.99424727E-02 -0.10446760E-01
 -0.14088070E-01 -0.93901018E-02 -0.10514197E-01
 -0.15385327E-01 -0.88772733E-02 -0.10518146E-01
 -0.16676032E-01 -0.83997807E-02 -0.10456722E-01
 -0.17956247E-01 -0.79525122E-02 -0.10329169E-01
 -0.19221419E-01 -0.75298056E-02 -0.10136087E-01
 -0.20466259E-01 -0.71257891E-02 -0.98795963E-02
 -0.21684780E-01 -0.67346323E-02 -0.95634261E-02
 -0.22870523E-01 -0.63506599E-02 -0.91929023E-02
 -0.24016967E-01 -0.59683188E-02 -0.87748293E-02
 -0.25118060E-01 -0.55820340E-02 -0.83172655E-02
 -0.26168792E-01 -0.51860242E-02 -0.78292051E-02
 -0.27165682E-01 -0.47741631E-02 -0.73201873E-02
 -0.28107098E-01 -0.43399606E-02 -0.67998633E-02
 -0.28993345E-01 -0.38767060E-02 -0.62775532E-02
 -0.29826511E-01 -0.33777665E-02 -0.57618269E-02
 -0.30610138E-01 -0.28369888E-02 -0.52601383E-02
 -0.31348778E-01 -0.22491135E-02 -0.47785342E-02
 -0.32047581E-01 -0.16100998E-02 -0.43214516E-02
 -0.32711989E-01 -0.91727019E-03 -0.38916061E-02
 -0.33347620E-01 -0.16921888E-03 -0.34899683E-02
 -0.33960369E-01  0.63452396E-03 -0.31158148E-02
 -0.34556690E-01  0.14940300E-02 -0.27668395E-02
 -0.35144004E-01  0.24096313E-02 -0.24393063E-02
 -0.35731130E-01  0.33825963E-02 -0.21282257E-02
 -0.36328650E-01  0.44157252E-02 -0.18275395E-02
 -0.36949152E-01  0.55137896E-02 -0.15302987E-02
 -0.37607295E-01  0.66837834E-02 -0.12288262E-02
 -0.38319738E-01  0.79350021E-02 -0.91485688E-03
 -0.39104967E-01  0.92790122E-02 -0.57965146E-03
 -0.39983126E-01  0.10729602E-01 -0.21408687E-03
 -0.40975947E-01  0.12302823E-01  0.19127508E-03
 -0.42106859E-01  0.14017210E-01  0.64613247E-03
 -0.43401350E-01  0.15894261E-01  0.11603916E-02
 -0.44887576E-01  0.17959173E-01  0.17441055E-02
 -0.46597195E-01  0.20241838E-01  0.24073842E-02
 -0.48566340E-01  0.22777996E-01  0.31602554E-02
 -0.50836603E-01  0.25610458E-01  0.40124455E-02
 -0.53455904E-01  0.28790270E-01  0.49730442E-02
 -0.56479093E-01  0.32377658E-01  0.60500028E-02
 -0.59968129E-01  0.36442636E-01  0.72494056E-02
 -0.63991697E-01  0.41065087E-01  0.85744347E-02
 -0.68624049E-01  0.46334108E-01  0.10023933E-01
 -0.73942850E-01  0.52346323E-01  0.11590455E-01
 -0.80025645E-01  0.59202667E-01  0.13257705E-01
 -0.86944453E-01  0.67002984E-01  0.14997262E-01
 -0.94757790E-01  0.75837453E-01  0.16764611E-01
 -0.10349930E+00  0.85773638E-01  0.18494649E-01
 -0.11316219E+00  0.96837834E-01  0.20097155E-01
 -0.12367891E+00  0.10898971E+00  0.21453261E-01
 -0.13489682E+00  0.12209034E+00  0.22414631E-01
 -0.14655200E+00  0.13586618E+00  0.22807898E-01
 -0.15824704E+00  0.14987546E+00  0.22447379E-01
 -0.16944177E+00  0.16348886E+00  0.21158675E-01
 -0.17946923E+00  0.17590081E+00  0.18813424E-01
 -0.18758800E+00  0.18618807E+00  0.15370760E-01
 -0.19307485E+00  0.19342321E+00  0.10914773E-01
 -0.19534576E+00  0.19683073E+00  0.56725896E-02
 -0.19407601E+00  0.19594843E+00 -0.74594773E-06
  0.87802957E-02 -0.33802347E-01  0.60249474E-06
  0.90986661E-02 -0.34109998E-01  0.82054455E-03
  0.93808668E-02 -0.34360745E-01  0.16089751E-02
  0.96217535E-02 -0.34550695E-01  0.23361789E-02
  0.98160574E-02 -0.34676538E-01  0.29757450E-02
  0.99584840E-02 -0.34735495E-01  0.35058422E-02
  0.10043841E-01 -0.34725264E-01  0.39101036E-02
  0.10067223E-01 -0.34644014E-01  0.41780731E-02
  0.10024266E-01 -0.34490459E-01  0.43052150E-02
  0.99114398E-02 -0.34264005E-01  0.42925355E-02
  0.97263264E-02 -0.33964924E-01  0.41458961E-02
  0.94678208E-02 -0.33594497E-01  0.38751180E-02
  0.91361921E-02 -0.33155066E-01  0.34929789E-02
  0.87329783E-02 -0.32649956E-01  0.30141975E-02
  0.82607264E-02 -0.32083276E-01  0.24544819E-02
  0.77226272E-02 -0.31459629E-01  0.18296971E-02
  0.71221240E-02 -0.30783809E-01  0.11551861E-02
  0.64625754E-02 -0.30060547E-01  0.44525540E-03
  0.57470381E-02 -0.29294374E-01 -0.28717408E-03
  0.49781979E-02 -0.28489616E-01 -0.10307686E-02
  0.41584407E-02 -0.27650515E-01 -0.17758540E-02
  0.32900137E-02 -0.26781429E-01 -0.25143852E-02
  0.23752138E-02 -0.25887034E-01 -0.32398351E-02
  0.14165347E-02 -0.24972473E-01 -0.39470284E-02
  0.41672644E-03 -0.24043396E-01 -0.46319376E-02
 -0.62124781E-03 -0.23105879E-01 -0.52914597E-02
 -0.16943390E-02 -0.22166247E-01 -0.59231873E-02
 -0.27995797E-02 -0.21230828E-01 -0.65251850E-02
 -0.39342349E-02 -0.20305722E-01 -0.70957804E-02
 -0.50958880E-02 -0.19396604E-01 -0.76333778E-02
 -0.62824328E-02 -0.18508623E-01 -0.81363000E-02
 -0.74919728E-02 -0.17646368E-01 -0.86026640E-02
 -0.87226577E-02 -0.16813895E-01 -0.90302958E-02
 -0.99725007E-02 -0.16014765E-01 -0.94166867E-02
 -0.11239229E-01 -0.15252040E-01 -0.97589952E-02
 -0.12520200E-01 -0.14528219E-01 -0.10054097E-01
 -0.13812403E-01 -0.13845093E-01 -0.10298680E-01
 -0.15112518E-01 -0.13203554E-01 -0.10489391E-01
 -0.16417007E-01 -0.12603398E-01 -0.10623015E-01
 -0.17722190E-01 -0.12043180E-01 -0.10696701E-01
 -0.19024255E-01 -0.11520170E-01 -0.10708194E-01
 -0.20319207E-01 -0.11030433E-01 -0.10656087E-01
 -0.21602752E-01 -0.10569039E-01 -0.10540054E-01
 -0.22870167E-01 -0.10130345E-01 -0.10361045E-01
 -0.24116221E-01 -0.97083068E-02 -0.10121428E-01
 -0.25335201E-01 -0.92967398E-02 -0.98250539E-02
 -0.26521076E-01 -0.88894963E-02 -0.94772268E-02
 -0.27667817E-01 -0.84805235E-02 -0.90845764E-02
 -0.28769820E-01 -0.80638288E-02 -0.86548337E-02
 -0.29822374E-01 -0.76333970E-02 -0.81965214E-02
 -0.30822071E-01 -0.71831225E-02 -0.77185795E-02
 -0.31767096E-01 -0.67068179E-02 -0.72299564E-02
 -0.32657333E-01 -0.61983313E-02 -0.67391938E-02
 -0.33494278E-01 -0.56517752E-02 -0.62540386E-02
 -0.34280796E-01 -0.50618267E-02 -0.57811070E-02
 -0.35020788E-01 -0.44240313E-02 -0.53256215E-02
 -0.35718865E-01 -0.37350319E-02 -0.48912309E-02
 -0.36380096E-01 -0.29926522E-02 -0.44799172E-02
 -0.37009907E-01 -0.21957892E-02 -0.40919828E-02
 -0.37614138E-01 -0.13441090E-02 -0.37261074E-02
 -0.38199259E-01 -0.43757971E-03 -0.33794588E-02
 -0.38772676E-01  0.52409477E-03 -0.30478407E-02
 -0.39343063E-01  0.15420561E-02 -0.27258616E-02
 -0.39920653E-01  0.26188085E-02 -0.24071090E-02
 -0.40517423E-01  0.37586101E-02 -0.20843171E-02
 -0.41147153E-01  0.49677114E-02 -0.17495192E-02
 -0.41825360E-01  0.62544514E-02 -0.13941798E-02
 -0.42569170E-01  0.76292624E-02 -0.10093034E-02
 -0.43397181E-01  0.91046569E-02 -0.58552357E-03
 -0.44329402E-01  0.10695285E-01 -0.11317502E-03
 -0.45387352E-01  0.12418136E-01  0.41764100E-03
 -0.46594341E-01  0.14292950E-01  0.10169877E-02
 -0.47975970E-01  0.16342840E-01  0.16950041E-02
 -0.49560794E-01  0.18595117E-01  0.24617773E-02
 -0.51381089E-01  0.21082244E-01  0.33271506E-02
 -0.53473612E-01  0.23842826E-01  0.43004355E-02
 -0.55880227E-01  0.26922512E-01  0.53899884E-02
 -0.58648257E-01  0.30374682E-01  0.66025999E-02
 -0.61830421E-01  0.34260758E-01  0.79426361E-02
 -0.65484191E-01  0.38649970E-01  0.94108546E-02
 -0.69670397E-01  0.43618358E-01  0.11002809E-01
 -0.74450843E-01  0.49246711E-01  0.12706749E-01
 -0.79884647E-01  0.55617033E-01  0.14500944E-01
 -0.86022912E-01  0.62806944E-01  0.16350391E-01
 -0.92901259E-01  0.70881314E-01  0.18202984E-01
 -0.10052973E+00  0.79880249E-01  0.19985428E-01
 -0.10887969E+00  0.89802675E-01  0.21599491E-01
 -0.11786786E+00  0.10058518E+00  0.22919702E-01
 -0.12733832E+00  0.11207689E+00  0.23794206E-01
 -0.13704515E+00  0.12401309E+00  0.24051058E-01
 -0.14664015E+00  0.13599351E+00  0.23512463E-01
 -0.15567247E+00  0.14747428E+00  0.22018651E-01
 -0.16360798E+00  0.15778527E+00  0.19460729E-01
 -0.16987450E+00  0.16618295E+00  0.15817635E-01
 -0.17393296E+00  0.17194140E+00  0.11187377E-01
 -0.17536404E+00  0.17446976E+00  0.57996909E-02
 -0.17394971E+00  0.17342850E+00 -0.52563868E-06
  0.49115556E-02 -0.36445038E-01  0.10311527E-06
  0.52279746E-02 -0.36752842E-01  0.85171703E-03
  0.55055172E-02 -0.37005351E-01  0.16711890E-02
  0.57392391E-02 -0.37198665E-01  0.24281541E-02
  0.59242468E-02 -0.37329506E-01  0.30955682E-02
  0.60557856E-02 -0.37395184E-01  0.36509964E-02
  0.61293310E-02 -0.37393524E-01  0.40775152E-02
  0.61407182E-02 -0.37322837E-01  0.43641769E-02
  0.60863219E-02 -0.37181950E-01  0.45060404E-02
  0.59632736E-02 -0.36970311E-01  0.45038101E-02
  0.57696753E-02 -0.36688122E-01  0.43631641E-02
  0.55047545E-02 -0.36336465E-01  0.40938660E-02
  0.51689087E-02 -0.35917348E-01  0.37087631E-02
  0.47636127E-02 -0.35433656E-01  0.32227638E-02
  0.42911928E-02 -0.34888990E-01  0.26518736E-02
  0.37545117E-02 -0.34287424E-01  0.20123446E-02
  0.31566295E-02 -0.33633250E-01  0.13199759E-02
  0.25005135E-02 -0.32930764E-01  0.58957924E-03
  0.17888586E-02 -0.32184148E-01 -0.16539110E-03
  0.10240433E-02 -0.31397487E-01 -0.93305732E-03
  0.20821596E-03 -0.30574887E-01 -0.17032064E-02
 -0.65653512E-03 -0.29720671E-01 -0.24672722E-02
 -0.15679907E-02 -0.28839581E-01 -0.32182363E-02
 -0.25236548E-02 -0.27936905E-01 -0.39504703E-02
 -0.35207021E-02 -0.27018512E-01 -0.46595410E-02
 -0.45560385E-02 -0.26090742E-01 -0.53419938E-02
 -0.56264553E-02 -0.25160194E-01 -0.59951304E-02
 -0.67288342E-02 -0.24233441E-01 -0.66167905E-02
 -0.78603403E-02 -0.23316746E-01 -0.72051465E-02
 -0.90185482E-02 -0.22415825E-01 -0.77585204E-02
 -0.10201460E-01 -0.21535711E-01 -0.82752266E-02
 -0.11407411E-01 -0.20680714E-01 -0.87534485E-02
 -0.12634880E-01 -0.19854472E-01 -0.91911517E-02
 -0.13882254E-01 -0.19060036E-01 -0.95860390E-02
 -0.15147608E-01 -0.18299948E-01 -0.99355493E-02
 -0.16428539E-01 -0.17576257E-01 -0.10236902E-01
 -0.17722097E-01 -0.16890454E-01 -0.10487190E-01
 -0.19024799E-01 -0.16243330E-01 -0.10683509E-01
 -0.20332728E-01 -0.15634789E-01 -0.10823135E-01
 -0.21641645E-01 -0.15063665E-01 -0.10903724E-01
 -0.22947096E-01 -0.14527599E-01 -0.10923531E-01
 -0.24244470E-01 -0.14023020E-01 -0.10881633E-01
 -0.25529006E-01 -0.13545236E-01 -0.10778139E-01
 -0.26795759E-01 -0.13088629E-01 -0.10614352E-01
 -0.28039570E-01 -0.12646925E-01 -0.10392890E-01
 -0.29255084E-01 -0.12213465E-01 -0.10117722E-01
 -0.30436849E-01 -0.11781455E-01 -0.97941261E-02
 -0.31579508E-01 -0.11344147E-01 -0.94285479E-02
 -0.32678082E-01 -0.10894946E-01 -0.90283785E-02
 -0.33728295E-01 -0.10427467E-01 -0.86016528E-02
 -0.34726880E-01 -0.99355670E-02 -0.81566925E-02
 -0.35671821E-01 -0.94133919E-02 -0.77017220E-02
 -0.36562485E-01 -0.88554653E-02 -0.72444822E-02
 -0.37399619E-01 -0.82568208E-02 -0.67918740E-02
 -0.38185238E-01 -0.76131623E-02 -0.63496535E-02
 -0.38922441E-01 -0.69210155E-02 -0.59221970E-02
 -0.39615203E-01 -0.61778223E-02 -0.55123458E-02
 -0.40268212E-01 -0.53819376E-02 -0.51213308E-02
 -0.40886773E-01 -0.45324998E-02 -0.47487716E-02
 -0.41476826E-01 -0.36291716E-02 -0.43927397E-02
 -0.42045049E-01 -0.26717709E-02 -0.40498689E-02
 -0.42599034E-01 -0.16598344E-02 -0.37154987E-02
 -0.43147488E-01 -0.59216760E-03 -0.33838357E-02
 -0.43700410E-01  0.53356633E-03 -0.30481168E-02
 -0.44269217E-01  0.17211757E-02 -0.27007667E-02
 -0.44866785E-01  0.29761685E-02 -0.23335408E-02
 -0.45507429E-01  0.43058853E-02 -0.19376480E-02
 -0.46206833E-01  0.57195685E-02 -0.15038561E-02
 -0.46981988E-01  0.72284209E-02 -0.10225791E-02
 -0.47851181E-01  0.88457125E-02 -0.48395525E-03
 -0.48834103E-01  0.10586993E-01  0.12207716E-03
 -0.49952080E-01  0.12470448E-01  0.80569090E-03
 -0.51228468E-01  0.14517418E-01  0.15770525E-02
 -0.52689152E-01  0.16753059E-01  0.24461543E-02
 -0.54363115E-01  0.19207086E-01  0.34225688E-02
 -0.56282980E-01  0.21914540E-01  0.45150910E-02
 -0.58485420E-01  0.24916456E-01  0.57312289E-02
 -0.61011316E-01  0.28260314E-01  0.70764877E-02
 -0.63905510E-01  0.32000130E-01  0.85533892E-02
 -0.67216034E-01  0.36196010E-01  0.10160154E-01
 -0.70992604E-01  0.40912944E-01  0.11888973E-01
 -0.75284201E-01  0.46218564E-01  0.13723787E-01
 -0.80135484E-01  0.52179483E-01  0.15637549E-01
 -0.85581729E-01  0.58855757E-01  0.17588967E-01
 -0.91642017E-01  0.66292899E-01  0.19518882E-01
 -0.98310395E-01  0.74510893E-01  0.21346634E-01
 -0.10554497E+00  0.83489819E-01  0.22967108E-01
 -0.11325533E+00  0.93152193E-01  0.24249593E-01
 -0.12128947E+00  0.10334314E+00  0.25040092E-01
 -0.12942245E+00  0.11381120E+00  0.25169138E-01
 -0.13735067E+00  0.12419458E+00  0.24467067E-01
 -0.14469636E+00  0.13402022E+00  0.22787774E-01
 -0.15102764E+00  0.14272359E+00  0.20039572E-01
 -0.15589678E+00  0.14969548E+00  0.16218151E-01
 -0.15889542E+00  0.15435579E+00  0.11432740E-01
 -0.15971762E+00  0.15624380E+00  0.59146239E-02
 -0.15821639E+00  0.15510416E+00 -0.24571311E-06
  0.65949166E-03 -0.39615257E-01 -0.43597728E-06
  0.97325943E-03 -0.39922513E-01  0.88265142E-03
  0.12452968E-02 -0.40175847E-01  0.17329286E-02
  0.14709201E-02 -0.40371384E-01  0.25193401E-02
  0.16456662E-02 -0.40505899E-01  0.32141725E-02
  0.17653707E-02 -0.40576789E-01  0.37943580E-02
  0.18262293E-02 -0.40582008E-01  0.42423956E-02
  0.18248756E-02 -0.40520012E-01  0.45468364E-02
  0.17584912E-02 -0.40389760E-01  0.47023337E-02
  0.16249454E-02 -0.40190772E-01  0.47093015E-02
  0.14229345E-02 -0.39923220E-01  0.45732542E-02
  0.11520810E-02 -0.39588019E-01  0.43039255E-02
  0.81294987E-03 -0.39186867E-01  0.39142644E-02
  0.40695874E-03 -0.38722209E-01  0.34194043E-02
 -0.63814439E-04 -0.38197113E-01  0.28356829E-02
 -0.59689364E-03 -0.37615077E-01  0.21797724E-02
 -0.11896809E-02 -0.36979834E-01  0.14679583E-02
 -0.18396850E-02 -0.36295186E-01  0.71558247E-03
 -0.25446511E-02 -0.35564928E-01 -0.63347225E-04
 -0.33025687E-02 -0.34792884E-01 -0.85639391E-03
 -0.41115659E-02 -0.33983035E-01 -0.16527953E-02
 -0.49697319E-02 -0.33139707E-01 -0.24434586E-02
 -0.58749291E-02 -0.32267756E-01 -0.32208715E-02
 -0.68246570E-02 -0.31372681E-01 -0.39789542E-02
 -0.78160159E-02 -0.30460622E-01 -0.47128716E-02
 -0.88457891E-02 -0.29538230E-01 -0.54188245E-02
 -0.99106261E-02 -0.28612407E-01 -0.60938334E-02
 -0.11007282E-01 -0.27689990E-01 -0.67355248E-02
 -0.12132847E-01 -0.26777414E-01 -0.73419314E-02
 -0.13284907E-01 -0.25880444E-01 -0.79113103E-02
 -0.14461582E-01 -0.25004005E-01 -0.84419879E-02
 -0.15661437E-01 -0.24152140E-01 -0.89322362E-02
 -0.16883265E-01 -0.23328083E-01 -0.93801843E-02
 -0.18125809E-01 -0.22534389E-01 -0.97837710E-02
 -0.19387470E-01 -0.21773085E-01 -0.10140740E-01
 -0.20666062E-01 -0.21045771E-01 -0.10448678E-01
 -0.21958672E-01 -0.20353628E-01 -0.10705102E-01
 -0.23261636E-01 -0.19697332E-01 -0.10907578E-01
 -0.24570625E-01 -0.19076882E-01 -0.11053887E-01
 -0.25880801E-01 -0.18491386E-01 -0.11142205E-01
 -0.27187018E-01 -0.17938866E-01 -0.11171306E-01
 -0.28483991E-01 -0.17416122E-01 -0.11140760E-01
 -0.29766434E-01 -0.16918715E-01 -0.11051108E-01
 -0.31029135E-01 -0.16441063E-01 -0.10904011E-01
 -0.32266990E-01 -0.15976648E-01 -0.10702329E-01
 -0.33475015E-01 -0.15518301E-01 -0.10450142E-01
 -0.34648382E-01 -0.15058522E-01 -0.10152689E-01
 -0.35782478E-01 -0.14589788E-01 -0.98162149E-02
 -0.36873033E-01 -0.14104821E-01 -0.94477521E-02
 -0.37916276E-01 -0.13596801E-01 -0.90548246E-02
 -0.38909127E-01 -0.13059515E-01 -0.86451115E-02
 -0.39849380E-01 -0.12487451E-01 -0.82260872E-02
 -0.40735850E-01 -0.11875858E-01 -0.78046663E-02
 -0.41568475E-01 -0.11220771E-01 -0.73868786E-02
 -0.42348349E-01 -0.10519014E-01 -0.69775967E-02
 -0.43077701E-01 -0.97681741E-02 -0.65803305E-02
 -0.43759842E-01 -0.89665410E-02 -0.61970955E-02
 -0.44399086E-01 -0.81130028E-02 -0.58283569E-02
 -0.45000677E-01 -0.72068904E-02 -0.54730411E-02
 -0.45570752E-01 -0.62477700E-02 -0.51286042E-02
 -0.46116316E-01 -0.52351890E-02 -0.47911431E-02
 -0.46645271E-01 -0.41683905E-02 -0.44555346E-02
 -0.47166457E-01 -0.30460149E-02 -0.41155879E-02
 -0.47689706E-01 -0.18658119E-02 -0.37641977E-02
 -0.48225899E-01 -0.62437939E-03 -0.33934911E-02
 -0.48786999E-01  0.68305740E-03 -0.29949595E-02
 -0.49386083E-01  0.20628276E-02 -0.25595740E-02
 -0.50037355E-01  0.35229695E-02 -0.20778859E-02
 -0.50756181E-01  0.50733825E-02 -0.15401143E-02
 -0.51559159E-01  0.67260066E-02 -0.93622907E-03
 -0.52464247E-01  0.84950609E-02 -0.25604064E-03
 -0.53490967E-01  0.10397366E-01  0.51069155E-03
 -0.54660701E-01  0.12452758E-01  0.13741111E-02
 -0.55997036E-01  0.14684587E-01  0.23440554E-02
 -0.57526140E-01  0.17120268E-01  0.34297558E-02
 -0.59277103E-01  0.19791817E-01  0.46394116E-02
 -0.61282152E-01  0.22736307E-01  0.59795962E-02
 -0.63576644E-01  0.25996115E-01  0.74544421E-02
 -0.66198711E-01  0.29618846E-01  0.90645486E-02
 -0.69188415E-01  0.33656739E-01  0.10805545E-01
 -0.72586253E-01  0.38165362E-01  0.12666247E-01
 -0.76430818E-01  0.43201307E-01  0.14626360E-01
 -0.80755401E-01  0.48818562E-01  0.16653705E-01
 -0.85583339E-01  0.55063160E-01  0.18701047E-01
 -0.90921885E-01  0.61965695E-01  0.20702724E-01
 -0.96754556E-01  0.69531349E-01  0.22571494E-01
 -0.10303208E+00  0.77727318E-01  0.24196351E-01
 -0.10966251E+00  0.86468030E-01  0.25442450E-01
 -0.11650174E+00  0.95599439E-01  0.26154684E-01
 -0.12334645E+00  0.10488501E+00  0.26166700E-01
 -0.12993237E+00  0.11399755E+00  0.25316868E-01
 -0.13594150E+00  0.12252248E+00  0.23471641E-01
 -0.14102120E+00  0.12997826E+00  0.20554461E-01
 -0.14481658E+00  0.13585755E+00  0.16575234E-01
 -0.14701358E+00  0.13968770E+00  0.11652324E-01
 -0.14738586E+00  0.14110166E+00  0.60178871E-02
 -0.14583461E+00  0.13990316E+00  0.67485030E-07
 -0.40386704E-02 -0.43389019E-01 -0.96138508E-06
 -0.37276768E-02 -0.43695542E-01  0.91323170E-03
 -0.34611544E-02 -0.43949402E-01  0.17938950E-02
 -0.32434934E-02 -0.44146757E-01  0.26092326E-02
 -0.30787234E-02 -0.44284402E-01  0.33308178E-02
 -0.29704401E-02 -0.44359759E-01  0.39349164E-02
 -0.29217604E-02 -0.44370829E-01  0.44034278E-02
 -0.29352814E-02 -0.44316137E-01  0.47243921E-02
 -0.30130266E-02 -0.44194719E-01  0.48920616E-02
 -0.31563776E-02 -0.44006142E-01  0.49065751E-02
 -0.33660103E-02 -0.43750552E-01  0.47733095E-02
 -0.36418591E-02 -0.43428727E-01  0.45020021E-02
 -0.39831414E-02 -0.43042096E-01  0.41057427E-02
 -0.43884548E-02 -0.42592706E-01  0.35999305E-02
 -0.48559456E-02 -0.42083122E-01  0.30012766E-02
 -0.53835196E-02 -0.41516290E-01  0.23269128E-02
 -0.59690522E-02 -0.40895396E-01  0.15936459E-02
 -0.66105491E-02 -0.40223763E-01  0.81737905E-03
 -0.73062181E-02 -0.39504817E-01  0.12699520E-04
 -0.80544352E-02 -0.38742151E-01 -0.80737651E-03
 -0.88536175E-02 -0.37939662E-01 -0.16315228E-02
 -0.97020424E-02 -0.37101730E-01 -0.24501107E-02
 -0.10597668E-01 -0.36233373E-01 -0.32551301E-02
 -0.11538014E-01 -0.35340336E-01 -0.40400504E-02
 -0.12520145E-01 -0.34429054E-01 -0.47996404E-02
 -0.13540775E-01 -0.33506489E-01 -0.55297661E-02
 -0.14596474E-01 -0.32579838E-01 -0.62271803E-02
 -0.15683927E-01 -0.31656183E-01 -0.68893146E-02
 -0.16800194E-01 -0.30742125E-01 -0.75140824E-02
 -0.17942885E-01 -0.29843484E-01 -0.80997002E-02
 -0.19110222E-01 -0.28965112E-01 -0.86445336E-02
 -0.20300949E-01 -0.28110844E-01 -0.91469716E-02
 -0.21514103E-01 -0.27283577E-01 -0.96053374E-02
 -0.22748705E-01 -0.26485442E-01 -0.10017836E-01
 -0.24003411E-01 -0.25718004E-01 -0.10382547E-01
 -0.25276211E-01 -0.24982433E-01 -0.10697452E-01
 -0.26564223E-01 -0.24279581E-01 -0.10960518E-01
 -0.27863624E-01 -0.23609953E-01 -0.11169807E-01
 -0.29169722E-01 -0.22973558E-01 -0.11323619E-01
 -0.30477144E-01 -0.22369681E-01 -0.11420669E-01
 -0.31780099E-01 -0.21796630E-01 -0.11460257E-01
 -0.33072660E-01 -0.21251516E-01 -0.11442448E-01
 -0.34349015E-01 -0.20730122E-01 -0.11368220E-01
 -0.35603652E-01 -0.20226907E-01 -0.11239581E-01
 -0.36831465E-01 -0.19735148E-01 -0.11059624E-01
 -0.38027776E-01 -0.19247222E-01 -0.10832528E-01
 -0.39188316E-01 -0.18754981E-01 -0.10563471E-01
 -0.40309172E-01 -0.18250178E-01 -0.10258476E-01
 -0.41386756E-01 -0.17724885E-01 -0.99241898E-02
 -0.42417809E-01 -0.17171858E-01 -0.95675983E-02
 -0.43399463E-01 -0.16584803E-01 -0.91957092E-02
 -0.44329358E-01 -0.15958531E-01 -0.88152179E-02
 -0.45205807E-01 -0.15288990E-01 -0.84321846E-02
 -0.46027980E-01 -0.14573188E-01 -0.80517423E-02
 -0.46796092E-01 -0.13809045E-01 -0.76778571E-02
 -0.47511542E-01 -0.12995187E-01 -0.73131526E-02
 -0.48177006E-01 -0.12130727E-01 -0.69588032E-02
 -0.48796456E-01 -0.11215063E-01 -0.66144972E-02
 -0.49375110E-01 -0.10247690E-01 -0.62784606E-02
 -0.49919327E-01 -0.92280418E-02 -0.59475319E-02
 -0.50436475E-01 -0.81553605E-02 -0.56172732E-02
 -0.50934789E-01 -0.70285577E-02 -0.52821042E-02
 -0.51423263E-01 -0.58460742E-02 -0.49354458E-02
 -0.51911576E-01 -0.46057151E-02 -0.45698632E-02
 -0.52410077E-01 -0.33044575E-02 -0.41772004E-02
 -0.52929820E-01 -0.19382344E-02 -0.37487015E-02
 -0.53482648E-01 -0.50169852E-03 -0.32751187E-02
 -0.54081303E-01  0.10120244E-02 -0.27468073E-02
 -0.54739566E-01  0.26115895E-02 -0.21538144E-02
 -0.55472413E-01  0.43076940E-02 -0.14859686E-02
 -0.56296180E-01  0.61133502E-02 -0.73298242E-03
 -0.57228751E-01  0.80441800E-02  0.11541678E-03
 -0.58289758E-01  0.10118735E-01  0.10693080E-02
 -0.59500789E-01  0.12358845E-01  0.21383254E-02
 -0.60885589E-01  0.14789970E-01  0.33313054E-02
 -0.62470209E-01  0.17441543E-01  0.46557934E-02
 -0.64283054E-01  0.20347209E-01  0.61173694E-02
 -0.66354742E-01  0.23544914E-01  0.77187406E-02
 -0.68717680E-01  0.27076683E-01  0.94585467E-02
 -0.71405208E-01  0.30987943E-01  0.11329820E-01
 -0.74450171E-01  0.35326177E-01  0.13318049E-01
 -0.77882735E-01  0.40138649E-01  0.15398824E-01
 -0.81727274E-01  0.45468892E-01  0.17535069E-01
 -0.85998153E-01  0.51351638E-01  0.19673986E-01
 -0.90694303E-01  0.57805878E-01  0.21743955E-01
 -0.95792631E-01  0.64825856E-01  0.23651872E-01
 -0.10124051E+00  0.72370056E-01  0.25281697E-01
 -0.10694800E+00  0.80348771E-01  0.26495344E-01
 -0.11278101E+00  0.88611575E-01  0.27137342E-01
 -0.11855712E+00  0.96937112E-01  0.27044796E-01
 -0.12404641E+00  0.10502871E+00  0.26063791E-01
 -0.12897977E+00  0.11252017E+00  0.24072191E-01
 -0.13306666E+00  0.11899574E+00  0.21006708E-01
 -0.13602225E+00  0.12402636E+00  0.16889346E-01
 -0.13760168E+00  0.12721994E+00  0.11845975E-01
 -0.13763538E+00  0.12827811E+00  0.61091977E-02
 -0.13605776E+00  0.12704690E+00  0.38250366E-06
 -0.92568747E-02 -0.47853731E-01 -0.14195431E-05
 -0.89481717E-02 -0.48159856E-01  0.94317228E-03
 -0.86862927E-02 -0.48414562E-01  0.18534522E-02
 -0.84753392E-02 -0.48614014E-01  0.26968268E-02
 -0.83189614E-02 -0.48754943E-01  0.34441081E-02
 -0.82202800E-02 -0.48834663E-01  0.40708587E-02
 -0.81818378E-02 -0.48851068E-01  0.45583561E-02
 -0.82055716E-02 -0.48802608E-01  0.48941227E-02
 -0.82927942E-02 -0.48688276E-01  0.50720169E-02
 -0.84441848E-02 -0.48507610E-01  0.50919231E-02
 -0.86597949E-02 -0.48260707E-01  0.49591123E-02
 -0.89390834E-02 -0.47948232E-01  0.46833645E-02
 -0.92809909E-02 -0.47571400E-01  0.42779542E-02
 -0.96840607E-02 -0.47131935E-01  0.37585928E-02
 -0.10146593E-01 -0.46631987E-01  0.31424108E-02
 -0.10666815E-01 -0.46074035E-01  0.24470433E-02
 -0.11243025E-01 -0.45460803E-01  0.16898594E-02
 -0.11873686E-01 -0.44795212E-01  0.88735972E-03
 -0.12557436E-01 -0.44080401E-01  0.54741645E-04
 -0.13293014E-01 -0.43319816E-01 -0.79437419E-03
 -0.14079111E-01 -0.42517346E-01 -0.16480789E-02
 -0.14914193E-01 -0.41677489E-01 -0.24961957E-02
 -0.15796334E-01 -0.40805478E-01 -0.33302115E-02
 -0.16723120E-01 -0.39907323E-01 -0.41431463E-02
 -0.17691655E-01 -0.38989746E-01 -0.49293804E-02
 -0.18698677E-01 -0.38059986E-01 -0.56844588E-02
 -0.19740776E-01 -0.37125484E-01 -0.64048857E-02
 -0.20814660E-01 -0.36193521E-01 -0.70879212E-02
 -0.21917414E-01 -0.35270837E-01 -0.77313873E-02
 -0.23046690E-01 -0.34363318E-01 -0.83334911E-02
 -0.24200771E-01 -0.33475797E-01 -0.88926701E-02
 -0.25378492E-01 -0.32611989E-01 -0.94074662E-02
 -0.26579017E-01 -0.31774578E-01 -0.98764326E-02
 -0.27801515E-01 -0.30965385E-01 -0.10298078E-01
 -0.29044794E-01 -0.30185609E-01 -0.10670849E-01
 -0.30306958E-01 -0.29436028E-01 -0.10993162E-01
 -0.31585155E-01 -0.28717143E-01 -0.11263460E-01
 -0.32875473E-01 -0.28029190E-01 -0.11480325E-01
 -0.34172977E-01 -0.27372039E-01 -0.11642604E-01
 -0.35471905E-01 -0.26744974E-01 -0.11749558E-01
 -0.36765970E-01 -0.26146419E-01 -0.11801027E-01
 -0.38048713E-01 -0.25573657E-01 -0.11797572E-01
 -0.39313847E-01 -0.25022621E-01 -0.11740602E-01
 -0.40555541E-01 -0.24487817E-01 -0.11632462E-01
 -0.41768598E-01 -0.23962399E-01 -0.11476464E-01
 -0.42948509E-01 -0.23438429E-01 -0.11276862E-01
 -0.44091400E-01 -0.22907283E-01 -0.11038747E-01
 -0.45193902E-01 -0.22360157E-01 -0.10767895E-01
 -0.46252993E-01 -0.21788611E-01 -0.10470536E-01
 -0.47265863E-01 -0.21185056E-01 -0.10153084E-01
 -0.48229862E-01 -0.20543136E-01 -0.98218450E-02
 -0.49142546E-01 -0.19857931E-01 -0.94827042E-02
 -0.50001845E-01 -0.19125986E-01 -0.91408385E-02
 -0.50806315E-01 -0.18345153E-01 -0.88004586E-02
 -0.51555439E-01 -0.17514304E-01 -0.84646022E-02
 -0.52249916E-01 -0.16632983E-01 -0.81349889E-02
 -0.52891882E-01 -0.15701040E-01 -0.78119393E-02
 -0.53485014E-01 -0.14718334E-01 -0.74943571E-02
 -0.54034499E-01 -0.13684518E-01 -0.71797653E-02
 -0.54546885E-01 -0.12598927E-01 -0.68643869E-02
 -0.55029837E-01 -0.11460543E-01 -0.65432554E-02
 -0.55491856E-01 -0.10267999E-01 -0.62103434E-02
 -0.55942030E-01 -0.90195752E-02 -0.58586971E-02
 -0.56389845E-01 -0.77131464E-02 -0.54805672E-02
 -0.56845114E-01 -0.63460524E-02 -0.50675318E-02
 -0.57318003E-01 -0.49148846E-02 -0.46106065E-02
 -0.57819175E-01 -0.34151996E-02 -0.41003434E-02
 -0.58359985E-01 -0.18411868E-02 -0.35269224E-02
 -0.58952726E-01 -0.18531973E-03 -0.28802399E-02
 -0.59610857E-01  0.15619817E-02 -0.21500061E-02
 -0.60349216E-01  0.34126579E-02 -0.13258617E-02
 -0.61184192E-01  0.53812801E-02 -0.39753098E-03
 -0.62133843E-01  0.74852860E-02  0.64496799E-03
 -0.63217986E-01  0.97451892E-02  0.18110307E-02
 -0.64458236E-01  0.12184763E-01  0.31090601E-02
 -0.65877997E-01  0.14831187E-01  0.45459099E-02
 -0.67502367E-01  0.17715121E-01  0.61261338E-02
 -0.69357891E-01  0.20870636E-01  0.78509923E-02
 -0.71472097E-01  0.24334887E-01  0.97171659E-02
 -0.73872663E-01  0.28147387E-01  0.11715126E-01
 -0.76586100E-01  0.32348661E-01  0.13827125E-01
 -0.79635765E-01  0.36978042E-01  0.16024805E-01
 -0.83039058E-01  0.42070346E-01  0.18266462E-01
 -0.86803667E-01  0.47651113E-01  0.20494127E-01
 -0.90922813E-01  0.53730228E-01  0.22630751E-01
 -0.95369593E-01  0.60293796E-01  0.24578026E-01
 -0.10009075E+00  0.67294493E-01  0.26215615E-01
 -0.10500054E+00  0.74641041E-01  0.27402905E-01
 -0.10997579E+00  0.82188143E-01  0.27984585E-01
 -0.11485369E+00  0.89729060E-01  0.27801354E-01
 -0.11943409E+00  0.96993788E-01  0.26706557E-01
 -0.12348816E+00  0.10365625E+00  0.24588349E-01
 -0.12677443E+00  0.10935338E+00  0.21395055E-01
 -0.12906174E+00  0.11371704E+00  0.17159004E-01
 -0.13015670E+00  0.11641645E+00  0.12012281E-01
 -0.12993093E+00  0.11720448E+00  0.61876693E-02
 -0.12834202E+00  0.11595793E+00  0.66730661E-06
 -0.15082961E-01 -0.53108509E-01 -0.17636792E-05
 -0.14775528E-01 -0.53414997E-01  0.97198046E-03
 -0.14516630E-01 -0.53671337E-01  0.19105597E-02
 -0.14310122E-01 -0.53873641E-01  0.27805219E-02
 -0.14159383E-01 -0.54018439E-01  0.35518667E-02
 -0.14067211E-01 -0.54102756E-01  0.41994170E-02
 -0.14035748E-01 -0.54124174E-01  0.47038074E-02
 -0.14066439E-01 -0.54080866E-01  0.50520385E-02
 -0.14160022E-01 -0.53971622E-01  0.52375863E-02
 -0.14316560E-01 -0.53795845E-01  0.52601066E-02
 -0.14535514E-01 -0.53553538E-01  0.51248002E-02
 -0.14815848E-01 -0.53245266E-01  0.48415343E-02
 -0.15156166E-01 -0.52872100E-01  0.44238167E-02
 -0.15554870E-01 -0.52435541E-01  0.38877216E-02
 -0.16010316E-01 -0.51937449E-01  0.32508494E-02
 -0.16520953E-01 -0.51379968E-01  0.25313870E-02
 -0.17085407E-01 -0.50765497E-01  0.17473114E-02
 -0.17702513E-01 -0.50096699E-01  0.91576135E-03
 -0.18371266E-01 -0.49376558E-01  0.52580464E-04
 -0.19090707E-01 -0.48608500E-01 -0.82797692E-03
 -0.19859764E-01 -0.47796524E-01 -0.17133972E-02
 -0.20677077E-01 -0.46945335E-01 -0.25929413E-02
 -0.21540860E-01 -0.46060433E-01 -0.34575876E-02
 -0.22448829E-01 -0.45148111E-01 -0.42999095E-02
 -0.23398223E-01 -0.44215352E-01 -0.51139102E-02
 -0.24385929E-01 -0.43269608E-01 -0.58948320E-02
 -0.25408691E-01 -0.42318492E-01 -0.66389559E-02
 -0.26463354E-01 -0.41369408E-01 -0.73434010E-02
 -0.27547106E-01 -0.40429194E-01 -0.80059328E-02
 -0.28657658E-01 -0.39503807E-01 -0.86247863E-02
 -0.29793306E-01 -0.38598123E-01 -0.91985116E-02
 -0.30952866E-01 -0.37715860E-01 -0.97258444E-02
 -0.32135477E-01 -0.36859628E-01 -0.10205610E-01
 -0.33340299E-01 -0.36031100E-01 -0.10636660E-01
 -0.34566155E-01 -0.35231224E-01 -0.11017853E-01
 -0.35811190E-01 -0.34460448E-01 -0.11348070E-01
 -0.37072592E-01 -0.33718891E-01 -0.11626271E-01
 -0.38346452E-01 -0.33006410E-01 -0.11851583E-01
 -0.39627760E-01 -0.32322544E-01 -0.12023419E-01
 -0.40910581E-01 -0.31666344E-01 -0.12141609E-01
 -0.42188345E-01 -0.31036115E-01 -0.12206532E-01
 -0.43454233E-01 -0.30429123E-01 -0.12219248E-01
 -0.44701584E-01 -0.29841351E-01 -0.12181589E-01
 -0.45924244E-01 -0.29267350E-01 -0.12096222E-01
 -0.47116820E-01 -0.28700264E-01 -0.11966653E-01
 -0.48274782E-01 -0.28132039E-01 -0.11797183E-01
 -0.49394417E-01 -0.27553831E-01 -0.11592791E-01
 -0.50472661E-01 -0.26956541E-01 -0.11358968E-01
 -0.51506863E-01 -0.26331434E-01 -0.11101491E-01
 -0.52494552E-01 -0.25670716E-01 -0.10826173E-01
 -0.53433285E-01 -0.24968000E-01 -0.10538581E-01
 -0.54320635E-01 -0.24218564E-01 -0.10243760E-01
 -0.55154327E-01 -0.23419386E-01 -0.99459770E-02
 -0.55932533E-01 -0.22568940E-01 -0.96484942E-02
 -0.56654247E-01 -0.21666824E-01 -0.93534019E-02
 -0.57319672E-01 -0.20713292E-01 -0.90615013E-02
 -0.57930542E-01 -0.19708791E-01 -0.87722501E-02
 -0.58490290E-01 -0.18653580E-01 -0.84837635E-02
 -0.59004042E-01 -0.17547491E-01 -0.81928632E-02
 -0.59478430E-01 -0.16389843E-01 -0.78951629E-02
 -0.59921272E-01 -0.15179483E-01 -0.75851781E-02
 -0.60341184E-01 -0.13914890E-01 -0.72564483E-02
 -0.60747222E-01 -0.12594282E-01 -0.69016610E-02
 -0.61148606E-01 -0.11215654E-01 -0.65127708E-02
 -0.61554592E-01 -0.97766914E-02 -0.60811087E-02
 -0.61974513E-01 -0.82745685E-02 -0.55974809E-02
 -0.62417946E-01 -0.67056194E-02 -0.50522589E-02
 -0.62894993E-01 -0.50649406E-02 -0.44354661E-02
 -0.63416596E-01 -0.33459679E-02 -0.37368678E-02
 -0.63994842E-01 -0.15400800E-02 -0.29460756E-02
 -0.64643198E-01  0.36373302E-03 -0.20526791E-02
 -0.65376673E-01  0.23791170E-02 -0.10464212E-02
 -0.66211879E-01  0.45225169E-02  0.82559481E-04
 -0.67167011E-01  0.68132683E-02  0.13433961E-02
 -0.68261765E-01  0.92736346E-02  0.27440358E-02
 -0.69517197E-01  0.11928796E-01  0.42906225E-02
 -0.70955511E-01  0.14806771E-01  0.59866742E-02
 -0.72599744E-01  0.17938226E-01  0.78320117E-02
 -0.74473274E-01  0.21356064E-01  0.98213896E-02
 -0.76599040E-01  0.25094661E-01  0.11942791E-01
 -0.78998343E-01  0.29188546E-01  0.14175360E-01
 -0.81689075E-01  0.33670304E-01  0.16486991E-01
 -0.84683234E-01  0.38567433E-01  0.18831645E-01
 -0.87983617E-01  0.43897940E-01  0.21146581E-01
 -0.91579681E-01  0.49664480E-01  0.23349832E-01
 -0.95442704E-01  0.55847054E-01  0.25338479E-01
 -0.99520612E-01  0.62394519E-01  0.26988520E-01
 -0.10373311E+00  0.69215636E-01  0.28157384E-01
 -0.10796814E+00  0.76170914E-01  0.28690284E-01
 -0.11208093E+00  0.83067241E-01  0.28431500E-01
 -0.11589715E+00  0.89657791E-01  0.27241110E-01
 -0.11922133E+00  0.95649924E-01  0.25016489E-01
 -0.12185125E+00  0.10072312E+00  0.21716111E-01
 -0.12359738E+00  0.10455727E+00  0.17381132E-01
 -0.12430525E+00  0.10686894E+00  0.12148812E-01
 -0.12387675E+00  0.10744980E+00  0.62519279E-02
 -0.12228590E+00  0.10619944E+00  0.89356101E-06
 -0.21621659E-01 -0.59264965E-01 -0.19600823E-05
 -0.21314095E-01 -0.59572822E-01  0.99892180E-03
 -0.21055922E-01 -0.59831786E-01  0.19637093E-02
 -0.20850833E-01 -0.60037820E-01  0.28580290E-02
 -0.20702077E-01 -0.60187090E-01  0.36510170E-02
 -0.20612316E-01 -0.60276119E-01  0.43167203E-02
 -0.20583496E-01 -0.60301947E-01  0.48351127E-02
 -0.20616763E-01 -0.60262255E-01  0.51926720E-02
 -0.20712436E-01 -0.60155448E-01  0.53825084E-02
 -0.20870071E-01 -0.59980678E-01  0.54040788E-02
 -0.21088585E-01 -0.59737798E-01  0.52625553E-02
 -0.21366439E-01 -0.59427289E-01  0.49679409E-02
 -0.21701849E-01 -0.59050138E-01  0.45340300E-02
 -0.22092992E-01 -0.58607740E-01  0.39773150E-02
 -0.22538176E-01 -0.58101800E-01  0.33159214E-02
 -0.23035956E-01 -0.57534291E-01  0.25686415E-02
 -0.23585175E-01 -0.56907462E-01  0.17541104E-02
 -0.24184932E-01 -0.56223890E-01  0.89015112E-03
 -0.24834481E-01 -0.55486587E-01 -0.67063550E-05
 -0.25533086E-01 -0.54699123E-01 -0.92154096E-03
 -0.26279854E-01 -0.53865754E-01 -0.18412099E-02
 -0.27073580E-01 -0.52991509E-01 -0.27543970E-02
 -0.27912639E-01 -0.52082225E-01 -0.36515677E-02
 -0.28794945E-01 -0.51144498E-01 -0.45248551E-02
 -0.29717984E-01 -0.50185540E-01 -0.53679008E-02
 -0.30678934E-01 -0.49212950E-01 -0.61756698E-02
 -0.31674842E-01 -0.48234416E-01 -0.69442521E-02
 -0.32702826E-01 -0.47257385E-01 -0.76706639E-02
 -0.33760271E-01 -0.46288736E-01 -0.83526564E-02
 -0.34844971E-01 -0.45334496E-01 -0.89885382E-02
 -0.35955191E-01 -0.44399646E-01 -0.95770180E-02
 -0.37089618E-01 -0.43488021E-01 -0.10117073E-01
 -0.38247206E-01 -0.42602327E-01 -0.10607846E-01
 -0.39426932E-01 -0.41744248E-01 -0.11048580E-01
 -0.40627490E-01 -0.40914621E-01 -0.11438586E-01
 -0.41846981E-01 -0.40113638E-01 -0.11777254E-01
 -0.43082639E-01 -0.39341020E-01 -0.12064092E-01
 -0.44330657E-01 -0.38596126E-01 -0.12298806E-01
 -0.45586141E-01 -0.37877966E-01 -0.12481397E-01
 -0.46843220E-01 -0.37185107E-01 -0.12612276E-01
 -0.48095296E-01 -0.36515475E-01 -0.12692371E-01
 -0.49335405E-01 -0.35866106E-01 -0.12723234E-01
 -0.50556638E-01 -0.35232906E-01 -0.12707106E-01
 -0.51752538E-01 -0.34610466E-01 -0.12646955E-01
 -0.52917412E-01 -0.33992040E-01 -0.12546454E-01
 -0.54046502E-01 -0.33369691E-01 -0.12409920E-01
 -0.55135987E-01 -0.32734651E-01 -0.12242181E-01
 -0.56182828E-01 -0.32077842E-01 -0.12048405E-01
 -0.57184508E-01 -0.31390501E-01 -0.11833883E-01
 -0.58138753E-01 -0.30664804E-01 -0.11603787E-01
 -0.59043309E-01 -0.29894380E-01 -0.11362915E-01
 -0.59895872E-01 -0.29074620E-01 -0.11115440E-01
 -0.60694183E-01 -0.28202734E-01 -0.10864693E-01
 -0.61436310E-01 -0.27277548E-01 -0.10612968E-01
 -0.62121050E-01 -0.26299091E-01 -0.10361391E-01
 -0.62748362E-01 -0.25268077E-01 -0.10109836E-01
 -0.63319739E-01 -0.24185374E-01 -0.98568907E-02
 -0.63838420E-01 -0.23051574E-01 -0.95998841E-02
 -0.64309409E-01 -0.21866725E-01 -0.93349422E-02
 -0.64739269E-01 -0.20630258E-01 -0.90570797E-02
 -0.65135767E-01 -0.19341053E-01 -0.87603083E-02
 -0.65507428E-01 -0.17997616E-01 -0.84377514E-02
 -0.65863103E-01 -0.16598239E-01 -0.80817567E-02
 -0.66211644E-01 -0.15141098E-01 -0.76840024E-02
 -0.66561745E-01 -0.13624208E-01 -0.72355925E-02
 -0.66921970E-01 -0.12045220E-01 -0.67271431E-02
 -0.67300948E-01 -0.10401078E-01 -0.61488641E-02
 -0.67707701E-01 -0.86875852E-02 -0.54906403E-02
 -0.68151997E-01 -0.68989375E-02 -0.47421229E-02
 -0.68644706E-01 -0.50272928E-02 -0.38928414E-02
 -0.69198049E-01 -0.30624312E-02 -0.29323496E-02
 -0.69825745E-01 -0.99153093E-03 -0.18504244E-02
 -0.70543033E-01  0.12009356E-02 -0.63733851E-03
 -0.71366574E-01  0.35332028E-02  0.71576702E-03
 -0.72314277E-01  0.60261342E-02  0.22163765E-02
 -0.73405066E-01  0.87030878E-02  0.38699240E-02
 -0.74658588E-01  0.11589720E-01  0.56789053E-02
 -0.76094849E-01  0.14713692E-01  0.76417346E-02
 -0.77733713E-01  0.18104193E-01  0.97513031E-02
 -0.79594186E-01  0.21791151E-01  0.11993209E-01
 -0.81693334E-01  0.25803945E-01  0.14343646E-01
 -0.84044719E-01  0.30169407E-01  0.16766992E-01
 -0.86656216E-01  0.34908883E-01  0.19213183E-01
 -0.89527130E-01  0.40034146E-01  0.21615105E-01
 -0.92644604E-01  0.45542048E-01  0.23886357E-01
 -0.95979501E-01  0.51407945E-01  0.25919956E-01
 -0.99482091E-01  0.57578218E-01  0.27588780E-01
 -0.10307818E+00  0.63962607E-01  0.28748754E-01
 -0.10666655E+00  0.70427573E-01  0.29245854E-01
 -0.11011888E+00  0.76792437E-01  0.28927832E-01
 -0.11328323E+00  0.82830454E-01  0.27660945E-01
 -0.11599202E+00  0.88276976E-01  0.25350785E-01
 -0.11807478E+00  0.92846173E-01  0.21964672E-01
 -0.11937475E+00  0.96256269E-01  0.17551312E-01
 -0.11976734E+00  0.98260861E-01  0.12252272E-01
 -0.11917707E+00  0.98681485E-01  0.63001895E-02
 -0.11758972E+00  0.97434800E-01  0.10401634E-05
 -0.28997780E-01 -0.66448764E-01 -0.19926181E-05
 -0.28688505E-01 -0.66759002E-01  0.10229848E-02
 -0.28428476E-01 -0.67021437E-01  0.20108596E-02
 -0.28221325E-01 -0.67231762E-01  0.29262743E-02
 -0.28070329E-01 -0.67385605E-01  0.37374517E-02
 -0.27978203E-01 -0.67478778E-01  0.44176294E-02
 -0.27946893E-01 -0.67507559E-01  0.49461050E-02
 -0.27977423E-01 -0.67468938E-01  0.53088374E-02
 -0.28069842E-01 -0.67360777E-01  0.54985916E-02
 -0.28223297E-01 -0.67181862E-01  0.55146608E-02
 -0.28436212E-01 -0.66931852E-01  0.53622352E-02
 -0.28706549E-01 -0.66611144E-01  0.50515076E-02
 -0.29032103E-01 -0.66220709E-01  0.45966185E-02
 -0.29410759E-01 -0.65761929E-01  0.40145393E-02
 -0.29840694E-01 -0.65236497E-01  0.33239823E-02
 -0.30320476E-01 -0.64646376E-01  0.25444046E-02
 -0.30849062E-01 -0.63993846E-01  0.16951559E-02
 -0.31425712E-01 -0.63281598E-01  0.79479499E-03
 -0.32049845E-01 -0.62512868E-01 -0.13941758E-03
 -0.32720864E-01 -0.61691568E-01 -0.10918580E-02
 -0.33437996E-01 -0.60822383E-01 -0.20487288E-02
 -0.34200169E-01 -0.59910806E-01 -0.29981232E-02
 -0.35005937E-01 -0.58963104E-01 -0.39299922E-02
 -0.35853477E-01 -0.57986213E-01 -0.48360395E-02
 -0.36740636E-01 -0.56987558E-01 -0.57095686E-02
 -0.37665028E-01 -0.55974820E-01 -0.65452994E-02
 -0.38624159E-01 -0.54955679E-01 -0.73391721E-02
 -0.39615562E-01 -0.53937535E-01 -0.80881471E-02
 -0.40636923E-01 -0.52927246E-01 -0.87900118E-02
 -0.41686166E-01 -0.51930899E-01 -0.94432009E-02
 -0.42761496E-01 -0.50953626E-01 -0.10046635E-01
 -0.43861374E-01 -0.49999486E-01 -0.10599586E-01
 -0.44984427E-01 -0.49071428E-01 -0.11101567E-01
 -0.46129288E-01 -0.48171309E-01 -0.11552260E-01
 -0.47294378E-01 -0.47299999E-01 -0.11951478E-01
 -0.48477663E-01 -0.46457514E-01 -0.12299159E-01
 -0.49676415E-01 -0.45643178E-01 -0.12595401E-01
 -0.50887017E-01 -0.44855764E-01 -0.12840518E-01
 -0.52104863E-01 -0.44093576E-01 -0.13035124E-01
 -0.53324380E-01 -0.43354463E-01 -0.13180221E-01
 -0.54539192E-01 -0.42635725E-01 -0.13277290E-01
 -0.55742415E-01 -0.41933959E-01 -0.13328367E-01
 -0.56927040E-01 -0.41244858E-01 -0.13336084E-01
 -0.58086344E-01 -0.40563042E-01 -0.13303682E-01
 -0.59214259E-01 -0.39881981E-01 -0.13234970E-01
 -0.60305612E-01 -0.39194077E-01 -0.13134241E-01
 -0.61356215E-01 -0.38490936E-01 -0.13006131E-01
 -0.62362773E-01 -0.37763820E-01 -0.12855447E-01
 -0.63322665E-01 -0.37004219E-01 -0.12686955E-01
 -0.64233662E-01 -0.36204466E-01 -0.12505149E-01
 -0.65093676E-01 -0.35358262E-01 -0.12314025E-01
 -0.65900632E-01 -0.34461027E-01 -0.12116862E-01
 -0.66652506E-01 -0.33509998E-01 -0.11916029E-01
 -0.67347556E-01 -0.32504067E-01 -0.11712837E-01
 -0.67984687E-01 -0.31443389E-01 -0.11507439E-01
 -0.68563869E-01 -0.30328866E-01 -0.11298772E-01
 -0.69086518E-01 -0.29161602E-01 -0.11084559E-01
 -0.69555721E-01 -0.27942454E-01 -0.10861346E-01
 -0.69976275E-01 -0.26671737E-01 -0.10624575E-01
 -0.70354497E-01 -0.25349130E-01 -0.10368674E-01
 -0.70697870E-01 -0.23973747E-01 -0.10087171E-01
 -0.71014588E-01 -0.22544306E-01 -0.97727905E-02
 -0.71313112E-01 -0.21059323E-01 -0.94175616E-02
 -0.71601823E-01 -0.19517219E-01 -0.90129067E-02
 -0.71888845E-01 -0.17916303E-01 -0.85497227E-02
 -0.72182060E-01 -0.16254576E-01 -0.80184557E-02
 -0.72489314E-01 -0.14529400E-01 -0.74091713E-02
 -0.72818734E-01 -0.12737060E-01 -0.67116326E-02
 -0.73179113E-01 -0.10872288E-01 -0.59153913E-02
 -0.73580257E-01 -0.89278378E-02 -0.50099074E-02
 -0.74033252E-01 -0.68941481E-02 -0.39847100E-02
 -0.74550591E-01 -0.47591451E-02 -0.28296181E-02
 -0.75146165E-01 -0.25081798E-02 -0.15350431E-02
 -0.75835137E-01 -0.12408884E-03 -0.92400321E-04
 -0.76633702E-01  0.24126508E-02  0.15053390E-02
 -0.77558806E-01  0.51237009E-02  0.32629173E-02
 -0.78627810E-01  0.80325793E-02  0.51818423E-02
 -0.79858095E-01  0.11164289E-01  0.72591786E-02
 -0.81266575E-01  0.14544786E-01  0.94860431E-02
 -0.82869028E-01  0.18200165E-01  0.11845780E-01
 -0.84679130E-01  0.22155398E-01  0.14311820E-01
 -0.86707078E-01  0.26432426E-01  0.16845271E-01
 -0.88957678E-01  0.31047400E-01  0.19392370E-01
 -0.91427833E-01  0.36006903E-01  0.21882034E-01
 -0.94103460E-01  0.41303061E-01  0.24223891E-01
 -0.96955971E-01  0.46907623E-01  0.26307392E-01
 -0.99938689E-01  0.52765365E-01  0.28002772E-01
 -0.10298375E+00  0.58787496E-01  0.29164822E-01
 -0.10600030E+00  0.64846230E-01  0.29640433E-01
 -0.10887488E+00  0.70772059E-01  0.29280663E-01
 -0.11147504E+00  0.76355601E-01  0.27957386E-01
 -0.11365672E+00  0.81355752E-01  0.25583478E-01
 -0.11527549E+00  0.85515229E-01  0.22133954E-01
 -0.11620080E+00  0.88583179E-01  0.17663956E-01
 -0.11633134E+00  0.90342598E-01  0.12318619E-01
 -0.11560888E+00  0.90638317E-01  0.63303139E-02
 -0.11402775E+00  0.89400010E-01  0.10956063E-05
 -0.37359558E-01 -0.74802198E-01 -0.18646977E-05
 -0.37047025E-01 -0.75115594E-01  0.10428392E-02
 -0.36782496E-01 -0.75381826E-01  0.20493533E-02
 -0.36569653E-01 -0.75596203E-01  0.29812750E-02
 -0.36411943E-01 -0.75753652E-01  0.38058660E-02
 -0.36312286E-01 -0.75849100E-01  0.44955237E-02
 -0.36272778E-01 -0.75877898E-01  0.50288585E-02
 -0.36294452E-01 -0.75836193E-01  0.53913184E-02
 -0.36377189E-01 -0.75721187E-01  0.55753491E-02
 -0.36519799E-01 -0.75531226E-01  0.55801219E-02
 -0.36720255E-01 -0.75265736E-01  0.54108978E-02
 -0.36976038E-01 -0.74925041E-01  0.50781217E-02
 -0.37284508E-01 -0.74510134E-01  0.45963470E-02
 -0.37643240E-01 -0.74022469E-01  0.39830946E-02
 -0.38050240E-01 -0.73463837E-01  0.32577330E-02
 -0.38504038E-01 -0.72836337E-01  0.24404525E-02
 -0.39003647E-01 -0.72142449E-01  0.15513810E-02
 -0.39548422E-01 -0.71385172E-01  0.60987031E-03
 -0.40137876E-01 -0.70568174E-01 -0.36603937E-03
 -0.40771490E-01 -0.69695915E-01 -0.13599840E-02
 -0.41448566E-01 -0.68773702E-01 -0.23574865E-02
 -0.42168142E-01 -0.67807652E-01 -0.33460391E-02
 -0.42928975E-01 -0.66804585E-01 -0.43150826E-02
 -0.43729566E-01 -0.65771839E-01 -0.52559104E-02
 -0.44568224E-01 -0.64717062E-01 -0.61615192E-02
 -0.45443132E-01 -0.63647983E-01 -0.70264273E-02
 -0.46352408E-01 -0.62572206E-01 -0.78464759E-02
 -0.47294143E-01 -0.61497009E-01 -0.86186265E-02
 -0.48266432E-01 -0.60429171E-01 -0.93407629E-02
 -0.49267391E-01 -0.59374813E-01 -0.10011507E-01
 -0.50295167E-01 -0.58339244E-01 -0.10630052E-01
 -0.51347938E-01 -0.57326829E-01 -0.11196023E-01
 -0.52423896E-01 -0.56340872E-01 -0.11709361E-01
 -0.53521196E-01 -0.55383545E-01 -0.12170240E-01
 -0.54637860E-01 -0.54455876E-01 -0.12579024E-01
 -0.55771631E-01 -0.53557798E-01 -0.12936247E-01
 -0.56919791E-01 -0.52688267E-01 -0.13242634E-01
 -0.58078964E-01 -0.51845419E-01 -0.13499139E-01
 -0.59244957E-01 -0.51026735E-01 -0.13707009E-01
 -0.60412686E-01 -0.50229168E-01 -0.13867851E-01
 -0.61576212E-01 -0.49449195E-01 -0.13983697E-01
 -0.62728933E-01 -0.48682789E-01 -0.14057053E-01
 -0.63863894E-01 -0.47925313E-01 -0.14090922E-01
 -0.64974173E-01 -0.47171380E-01 -0.14088785E-01
 -0.66053290E-01 -0.46414755E-01 -0.14054547E-01
 -0.67095525E-01 -0.45648357E-01 -0.13992435E-01
 -0.68096117E-01 -0.44864418E-01 -0.13906850E-01
 -0.69051286E-01 -0.44054819E-01 -0.13802195E-01
 -0.69958098E-01 -0.43211557E-01 -0.13682669E-01
 -0.70814231E-01 -0.42327296E-01 -0.13552059E-01
 -0.71617735E-01 -0.41395874E-01 -0.13413531E-01
 -0.72366851E-01 -0.40412674E-01 -0.13269442E-01
 -0.73059987E-01 -0.39374781E-01 -0.13121189E-01
 -0.73695846E-01 -0.38280893E-01 -0.12969088E-01
 -0.74273713E-01 -0.37131010E-01 -0.12812314E-01
 -0.74793801E-01 -0.35925971E-01 -0.12648872E-01
 -0.75257587E-01 -0.34666945E-01 -0.12475625E-01
 -0.75668035E-01 -0.33354988E-01 -0.12288349E-01
 -0.76029643E-01 -0.31990726E-01 -0.12081814E-01
 -0.76348300E-01 -0.30574219E-01 -0.11849884E-01
 -0.76630973E-01 -0.29104989E-01 -0.11585617E-01
 -0.76885298E-01 -0.27582151E-01 -0.11281363E-01
 -0.77119167E-01 -0.26004567E-01 -0.10928854E-01
 -0.77340394E-01 -0.24370950E-01 -0.10519276E-01
 -0.77556538E-01 -0.22679850E-01 -0.10043339E-01
 -0.77774899E-01 -0.20929480E-01 -0.94913376E-02
 -0.78002695E-01 -0.19117418E-01 -0.88532104E-02
 -0.78247359E-01 -0.17240197E-01 -0.81186128E-02
 -0.78516886E-01 -0.15292872E-01 -0.72770099E-02
 -0.78820166E-01 -0.13268615E-01 -0.63178018E-02
 -0.79167234E-01 -0.11158412E-01 -0.52304989E-02
 -0.79569388E-01 -0.89508809E-02 -0.40049639E-02
 -0.80039176E-01 -0.66322388E-02 -0.26317434E-02
 -0.80590251E-01 -0.41863914E-02 -0.11025152E-02
 -0.81237131E-01 -0.15951273E-02  0.58931505E-03
 -0.81994898E-01  0.11616132E-02  0.24478335E-02
 -0.82878843E-01  0.41053994E-02  0.44736136E-02
 -0.83904079E-01  0.72588829E-02  0.66624499E-02
 -0.85085058E-01  0.10645216E-01  0.90037977E-02
 -0.86434952E-01  0.14287210E-01  0.11478904E-01
 -0.87964780E-01  0.18206082E-01  0.14058642E-01
 -0.89682186E-01  0.22419623E-01  0.16701125E-01
 -0.91589766E-01  0.26939590E-01  0.19349226E-01
 -0.93682886E-01  0.31768206E-01  0.21928289E-01
 -0.95947032E-01  0.36893680E-01  0.24344424E-01
 -0.98354821E-01  0.42284890E-01  0.26483980E-01
 -0.10086302E+00  0.47885541E-01  0.28214974E-01
 -0.10341009E+00  0.53608495E-01  0.29391368E-01
 -0.10591486E+00  0.59331312E-01  0.29861067E-01
 -0.10827731E+00  0.64894403E-01  0.29478232E-01
 -0.11038205E+00  0.70103373E-01  0.28119809E-01
 -0.11210503E+00  0.74737020E-01  0.25705099E-01
 -0.11332347E+00  0.78561741E-01  0.22215777E-01
 -0.11392812E+00  0.81351924E-01  0.17712445E-01
 -0.11383619E+00  0.82914203E-01  0.12343147E-01
 -0.11300284E+00  0.83111854E-01  0.63398441E-02
 -0.11142872E+00  0.81884624E-01  0.10589643E-05
 -0.46882148E-01 -0.84487951E-01 -0.15983316E-05
 -0.46565018E-01 -0.84804816E-01  0.10567784E-02
 -0.46293482E-01 -0.85074304E-01  0.20758010E-02
 -0.46071375E-01 -0.85291224E-01  0.30179627E-02
 -0.45902412E-01 -0.85449691E-01  0.38495188E-02
 -0.45789809E-01 -0.85543640E-01  0.45419992E-02
 -0.45735880E-01 -0.85567401E-01  0.50733199E-02
 -0.45741722E-01 -0.85516211E-01  0.54284316E-02
 -0.45807086E-01 -0.85386563E-01  0.55994935E-02
 -0.45930473E-01 -0.85176336E-01  0.55856038E-02
 -0.46109432E-01 -0.84884712E-01  0.53921578E-02
 -0.46340989E-01 -0.84511947E-01  0.50299246E-02
 -0.46622105E-01 -0.84059084E-01  0.45139500E-02
 -0.46950071E-01 -0.83527700E-01  0.38623860E-02
 -0.47322751E-01 -0.82919762E-01  0.30953400E-02
 -0.47738658E-01 -0.82237616E-01  0.22338146E-02
 -0.48196865E-01 -0.81484091E-01  0.12987893E-02
 -0.48696819E-01 -0.80662666E-01  0.31047343E-03
 -0.49238109E-01 -0.79777640E-01 -0.71226075E-03
 -0.49820273E-01 -0.78834231E-01 -0.17522705E-02
 -0.50442672E-01 -0.77838569E-01 -0.27943773E-02
 -0.51104457E-01 -0.76797579E-01 -0.38254676E-02
 -0.51804609E-01 -0.75718773E-01 -0.48344853E-02
 -0.52542012E-01 -0.74609994E-01 -0.58123426E-02
 -0.53315528E-01 -0.73479159E-01 -0.67517734E-02
 -0.54124025E-01 -0.72334053E-01 -0.76471494E-02
 -0.54966361E-01 -0.71182171E-01 -0.84942766E-02
 -0.55841316E-01 -0.70030620E-01 -0.92901862E-02
 -0.56747509E-01 -0.68886055E-01 -0.10032929E-01
 -0.57683329E-01 -0.67754600E-01 -0.10721385E-01
 -0.58646900E-01 -0.66641744E-01 -0.11355090E-01
 -0.59636104E-01 -0.65552193E-01 -0.11934086E-01
 -0.60648642E-01 -0.64489682E-01 -0.12458804E-01
 -0.61682108E-01 -0.63456796E-01 -0.12929970E-01
 -0.62734027E-01 -0.62454826E-01 -0.13348551E-01
 -0.63801834E-01 -0.61483713E-01 -0.13715725E-01
 -0.64882772E-01 -0.60542105E-01 -0.14032881E-01
 -0.65973705E-01 -0.59627513E-01 -0.14301645E-01
 -0.67070919E-01 -0.58736548E-01 -0.14523919E-01
 -0.68169925E-01 -0.57865176E-01 -0.14701920E-01
 -0.69265378E-01 -0.57008929E-01 -0.14838227E-01
 -0.70351120E-01 -0.56163029E-01 -0.14935803E-01
 -0.71420386E-01 -0.55322407E-01 -0.14997989E-01
 -0.72466153E-01 -0.54481626E-01 -0.15028472E-01
 -0.73481544E-01 -0.53634775E-01 -0.15031209E-01
 -0.74460243E-01 -0.52775396E-01 -0.15010314E-01
 -0.75396803E-01 -0.51896517E-01 -0.14969907E-01
 -0.76286804E-01 -0.50990838E-01 -0.14913944E-01
 -0.77126853E-01 -0.50051059E-01 -0.14846021E-01
 -0.77914437E-01 -0.49070323E-01 -0.14769184E-01
 -0.78647707E-01 -0.48042664E-01 -0.14685745E-01
 -0.79325280E-01 -0.46963396E-01 -0.14597127E-01
 -0.79946127E-01 -0.45829323E-01 -0.14503744E-01
 -0.80509592E-01 -0.44638757E-01 -0.14404919E-01
 -0.81015540E-01 -0.43391320E-01 -0.14298850E-01
 -0.81464596E-01 -0.42087586E-01 -0.14182623E-01
 -0.81858402E-01 -0.40728648E-01 -0.14052254E-01
 -0.82199803E-01 -0.39315699E-01 -0.13902765E-01
 -0.82492917E-01 -0.37849702E-01 -0.13728276E-01
 -0.82743042E-01 -0.36331198E-01 -0.13522107E-01
 -0.82956433E-01 -0.34760251E-01 -0.13276869E-01
 -0.83139976E-01 -0.33136495E-01 -0.12984560E-01
 -0.83300843E-01 -0.31459229E-01 -0.12636631E-01
 -0.83446213E-01 -0.29727470E-01 -0.12224056E-01
 -0.83583090E-01 -0.27939939E-01 -0.11737376E-01
 -0.83718287E-01 -0.26094922E-01 -0.11166749E-01
 -0.83858543E-01 -0.24190014E-01 -0.10502004E-01
 -0.84010760E-01 -0.22221791E-01 -0.97326997E-02
 -0.84182291E-01 -0.20185432E-01 -0.88482261E-02
 -0.84381226E-01 -0.18074382E-01 -0.78379295E-02
 -0.84616607E-01 -0.15880076E-01 -0.66913034E-02
 -0.84898548E-01 -0.13591788E-01 -0.53982499E-02
 -0.85238230E-01 -0.11196600E-01 -0.39494386E-02
 -0.85647777E-01 -0.86794937E-02 -0.23367880E-02
 -0.86140043E-01 -0.60235482E-02 -0.55410329E-03
 -0.86728330E-01 -0.32102243E-02  0.14020965E-02
 -0.87426052E-01 -0.21973015E-03  0.35315233E-02
 -0.88246355E-01  0.29685101E-02  0.58288019E-02
 -0.89201658E-01  0.63752296E-02  0.82818614E-02
 -0.90303062E-01  0.10020441E-01  0.10870030E-01
 -0.91559551E-01  0.13922180E-01  0.13561855E-01
 -0.92976896E-01  0.18094712E-01  0.16312740E-01
 -0.94556178E-01  0.22546063E-01  0.19062542E-01
 -0.96291896E-01  0.27274752E-01  0.21733438E-01
 -0.98169687E-01  0.32265688E-01  0.24228453E-01
 -0.10016381E+00  0.37485382E-01  0.26431277E-01
 -0.10223465E+00  0.42876776E-01  0.28208097E-01
 -0.10432679E+00  0.48354368E-01  0.29412310E-01
 -0.10636811E+00  0.53800551E-01  0.29892899E-01
 -0.10827068E+00  0.59064450E-01  0.29506913E-01
 -0.10993412E+00  0.63964598E-01  0.28135853E-01
 -0.11125159E+00  0.68296678E-01  0.25704657E-01
 -0.11211860E+00  0.71846892E-01  0.22200725E-01
 -0.11244347E+00  0.74410451E-01  0.17689242E-01
 -0.11215849E+00  0.75813238E-01  0.12320556E-01
 -0.11122942E+00  0.75933354E-01  0.63260392E-02
 -0.10966177E+00  0.74718481E-01  0.93947978E-06
 -0.57771340E-01 -0.95694058E-01 -0.12304135E-05
 -0.57448566E-01 -0.96014080E-01  0.10626350E-02
 -0.57167727E-01 -0.96285116E-01  0.20859081E-02
 -0.56932875E-01 -0.96501399E-01  0.30299211E-02
 -0.56748029E-01 -0.96656181E-01  0.38598802E-02
 -0.56616707E-01 -0.96742384E-01  0.45464245E-02
 -0.56541415E-01 -0.96753324E-01  0.50667734E-02
 -0.56523275E-01 -0.96683354E-01  0.54054007E-02
 -0.56561873E-01 -0.96528293E-01  0.55542206E-02
 -0.56655386E-01 -0.96285581E-01  0.55123193E-02
 -0.56800950E-01 -0.95954176E-01  0.52853021E-02
 -0.56995182E-01 -0.95534283E-01  0.48843507E-02
 -0.57234719E-01 -0.95027006E-01  0.43250989E-02
 -0.57516667E-01 -0.94434069E-01  0.36264295E-02
 -0.57838853E-01 -0.93757663E-01  0.28092873E-02
 -0.58199875E-01 -0.93000460E-01  0.18955812E-02
 -0.58598959E-01 -0.92165753E-01  0.90722705E-03
 -0.59035713E-01 -0.91257656E-01 -0.13463593E-03
 -0.59509860E-01 -0.90281283E-01 -0.12102475E-02
 -0.60021034E-01 -0.89242808E-01 -0.23016492E-02
 -0.60568688E-01 -0.88149390E-01 -0.33929447E-02
 -0.61152121E-01 -0.87008954E-01 -0.44704194E-02
 -0.61770583E-01 -0.85829875E-01 -0.55225453E-02
 -0.62423400E-01 -0.84620631E-01 -0.65398970E-02
 -0.63110060E-01 -0.83389508E-01 -0.75150046E-02
 -0.63830211E-01 -0.82144395E-01 -0.84421638E-02
 -0.64583558E-01 -0.80892701E-01 -0.93172242E-02
 -0.65369681E-01 -0.79641355E-01 -0.10137369E-01
 -0.66187831E-01 -0.78396860E-01 -0.10900900E-01
 -0.67036762E-01 -0.77165317E-01 -0.11607038E-01
 -0.67914646E-01 -0.75952374E-01 -0.12255737E-01
 -0.68819109E-01 -0.74763076E-01 -0.12847533E-01
 -0.69747366E-01 -0.73601614E-01 -0.13383415E-01
 -0.70696416E-01 -0.72471033E-01 -0.13864723E-01
 -0.71663233E-01 -0.71372960E-01 -0.14293084E-01
 -0.72644873E-01 -0.70307433E-01 -0.14670367E-01
 -0.73638466E-01 -0.69272876E-01 -0.14998667E-01
 -0.74641071E-01 -0.68266246E-01 -0.15280311E-01
 -0.75649426E-01 -0.67283330E-01 -0.15517870E-01
 -0.76659671E-01 -0.66319111E-01 -0.15714180E-01
 -0.77667118E-01 -0.65368145E-01 -0.15872358E-01
 -0.78666154E-01 -0.64424848E-01 -0.15995800E-01
 -0.79650329E-01 -0.63483651E-01 -0.16088154E-01
 -0.80612621E-01 -0.62539011E-01 -0.16153270E-01
 -0.81545847E-01 -0.61585318E-01 -0.16195111E-01
 -0.82443131E-01 -0.60616754E-01 -0.16217628E-01
 -0.83298331E-01 -0.59627210E-01 -0.16224615E-01
 -0.84106346E-01 -0.58610304E-01 -0.16219535E-01
 -0.84863259E-01 -0.57559554E-01 -0.16205348E-01
 -0.85566301E-01 -0.56468678E-01 -0.16184331E-01
 -0.86213698E-01 -0.55331971E-01 -0.16157927E-01
 -0.86804456E-01 -0.54144677E-01 -0.16126617E-01
 -0.87338171E-01 -0.52903264E-01 -0.16089832E-01
 -0.87814918E-01 -0.51605548E-01 -0.16045910E-01
 -0.88235252E-01 -0.50250640E-01 -0.15992090E-01
 -0.88600303E-01 -0.48838714E-01 -0.15924557E-01
 -0.88911926E-01 -0.47370683E-01 -0.15838501E-01
 -0.89172838E-01 -0.45847823E-01 -0.15728217E-01
 -0.89386704E-01 -0.44271432E-01 -0.15587200E-01
 -0.89558119E-01 -0.42642570E-01 -0.15408246E-01
 -0.89692480E-01 -0.40961907E-01 -0.15183548E-01
 -0.89795787E-01 -0.39229658E-01 -0.14904767E-01
 -0.89874398E-01 -0.37445580E-01 -0.14563101E-01
 -0.89934807E-01 -0.35608970E-01 -0.14149323E-01
 -0.89983487E-01 -0.33718638E-01 -0.13653824E-01
 -0.90026836E-01 -0.31772805E-01 -0.13066641E-01
 -0.90071226E-01 -0.29768923E-01 -0.12377503E-01
 -0.90123153E-01 -0.27703431E-01 -0.11575889E-01
 -0.90189438E-01 -0.25571482E-01 -0.10651116E-01
 -0.90277441E-01 -0.23366671E-01 -0.95924829E-02
 -0.90395249E-01 -0.21080816E-01 -0.83894627E-02
 -0.90551785E-01 -0.18703816E-01 -0.70319876E-02
 -0.90756833E-01 -0.16223612E-01 -0.55108303E-02
 -0.91020966E-01 -0.13626260E-01 -0.38181184E-02
 -0.91355390E-01 -0.10896098E-01 -0.19480093E-02
 -0.91771704E-01 -0.80160210E-02  0.10243914E-03
 -0.92281611E-01 -0.49678511E-02  0.23321677E-02
 -0.92896555E-01 -0.17328372E-02  0.47347513E-02
 -0.93627282E-01  0.17076752E-02  0.72967492E-02
 -0.94483271E-01  0.53713217E-02  0.99957703E-02
 -0.95471988E-01  0.92734370E-02  0.12798288E-01
 -0.96597879E-01  0.13425290E-01  0.15657298E-01
 -0.97861066E-01  0.17831712E-01  0.18510005E-01
 -0.99255689E-01  0.22488038E-01  0.21275821E-01
 -0.10076796E+00  0.27376339E-01  0.23855122E-01
 -0.10237404E+00  0.32461103E-01  0.26129360E-01
 -0.10403800E+00  0.37684670E-01  0.27963260E-01
 -0.10571028E+00  0.42963035E-01  0.29209900E-01
 -0.10732710E+00  0.48182869E-01  0.29719380E-01
 -0.10881149E+00  0.53200894E-01  0.29351435E-01
 -0.11007634E+00  0.57846775E-01  0.27991633E-01
 -0.11102982E+00  0.61930577E-01  0.25569827E-01
 -0.11158303E+00  0.65255179E-01  0.22078297E-01
 -0.11165915E+00  0.67633142E-01  0.17586003E-01
 -0.11120293E+00  0.68906223E-01  0.12245020E-01
 -0.11018881E+00  0.68964621E-01  0.62859049E-02
 -0.10862616E+00  0.67762385E-01  0.75490882E-06
 -0.70267569E-01 -0.10863997E+00 -0.80687948E-06
 -0.69938385E-01 -0.10896213E+00  0.10576570E-02
 -0.69646051E-01 -0.10923163E+00  0.20742211E-02
 -0.69394856E-01 -0.10944210E+00  0.30090023E-02
 -0.69189091E-01 -0.10958596E+00  0.38261188E-02
 -0.69032482E-01 -0.10965518E+00  0.44953004E-02
 -0.68927612E-01 -0.10964219E+00  0.49930753E-02
 -0.68875503E-01 -0.10954058E+00  0.53034703E-02
 -0.68875477E-01 -0.10934560E+00  0.54182093E-02
 -0.68925333E-01 -0.10905435E+00  0.53364430E-02
 -0.69021804E-01 -0.10866562E+00  0.50640820E-02
 -0.69161169E-01 -0.10817959E+00  0.46128304E-02
 -0.69339871E-01 -0.10759745E+00  0.39990285E-02
 -0.69554995E-01 -0.10692107E+00  0.32424120E-02
 -0.69804521E-01 -0.10615290E+00  0.23648829E-02
 -0.70087322E-01 -0.10529600E+00  0.13893678E-02
 -0.70402959E-01 -0.10435423E+00  0.33881762E-03
 -0.70751363E-01 -0.10333246E+00 -0.76461901E-03
 -0.71132528E-01 -0.10223681E+00 -0.19002359E-02
 -0.71546304E-01 -0.10107459E+00 -0.30492259E-02
 -0.71992335E-01 -0.99854195E-01 -0.41949675E-02
 -0.72470155E-01 -0.98584746E-01 -0.53231630E-02
 -0.72979358E-01 -0.97275668E-01 -0.64218541E-02
 -0.73519782E-01 -0.95936242E-01 -0.74813397E-02
 -0.74091617E-01 -0.94575261E-01 -0.84940239E-02
 -0.74695360E-01 -0.93200831E-01 -0.94542163E-02
 -0.75331643E-01 -0.91820349E-01 -0.10357907E-01
 -0.76000932E-01 -0.90440609E-01 -0.11202530E-01
 -0.76703205E-01 -0.89067977E-01 -0.11986739E-01
 -0.77437681E-01 -0.87708511E-01 -0.12710189E-01
 -0.78202676E-01 -0.86367989E-01 -0.13373345E-01
 -0.78995645E-01 -0.85051756E-01 -0.13977320E-01
 -0.79813379E-01 -0.83764433E-01 -0.14523738E-01
 -0.80652316E-01 -0.82509525E-01 -0.15014621E-01
 -0.81508861E-01 -0.81289030E-01 -0.15452317E-01
 -0.82379643E-01 -0.80103153E-01 -0.15839434E-01
 -0.83261597E-01 -0.78950199E-01 -0.16178816E-01
 -0.84151874E-01 -0.77826698E-01 -0.16473515E-01
 -0.85047578E-01 -0.76727732E-01 -0.16726789E-01
 -0.85945410E-01 -0.75647409E-01 -0.16942090E-01
 -0.86841320E-01 -0.74579373E-01 -0.17123060E-01
 -0.87730277E-01 -0.73517253E-01 -0.17273502E-01
 -0.88606225E-01 -0.72454955E-01 -0.17397336E-01
 -0.89462269E-01 -0.71386770E-01 -0.17498528E-01
 -0.90291056E-01 -0.70307311E-01 -0.17580996E-01
 -0.91085279E-01 -0.69211336E-01 -0.17648481E-01
 -0.91838204E-01 -0.68093552E-01 -0.17704399E-01
 -0.92544113E-01 -0.66948488E-01 -0.17751684E-01
 -0.93198584E-01 -0.65770500E-01 -0.17792625E-01
 -0.93798585E-01 -0.64553928E-01 -0.17828713E-01
 -0.94342388E-01 -0.63293377E-01 -0.17860512E-01
 -0.94829355E-01 -0.61984063E-01 -0.17887560E-01
 -0.95259684E-01 -0.60622131E-01 -0.17908322E-01
 -0.95634174E-01 -0.59204891E-01 -0.17920168E-01
 -0.95954071E-01 -0.57730897E-01 -0.17919406E-01
 -0.96221011E-01 -0.56199872E-01 -0.17901346E-01
 -0.96437055E-01 -0.54612485E-01 -0.17860388E-01
 -0.96604770E-01 -0.52970041E-01 -0.17790129E-01
 -0.96727321E-01 -0.51274131E-01 -0.17683469E-01
 -0.96808532E-01 -0.49526311E-01 -0.17532710E-01
 -0.96852873E-01 -0.47727837E-01 -0.17329648E-01
 -0.96865391E-01 -0.45879479E-01 -0.17065633E-01
 -0.96851582E-01 -0.43981408E-01 -0.16731622E-01
 -0.96817242E-01 -0.42033139E-01 -0.16318207E-01
 -0.96768329E-01 -0.40033477E-01 -0.15815641E-01
 -0.96710870E-01 -0.37980463E-01 -0.15213853E-01
 -0.96650935E-01 -0.35871276E-01 -0.14502482E-01
 -0.96594680E-01 -0.33702099E-01 -0.13670931E-01
 -0.96548445E-01 -0.31467950E-01 -0.12708455E-01
 -0.96518897E-01 -0.29162494E-01 -0.11604302E-01
 -0.96513171E-01 -0.26777876E-01 -0.10347920E-01
 -0.96538985E-01 -0.24304588E-01 -0.89292565E-02
 -0.96604710E-01 -0.21731415E-01 -0.73391601E-02
 -0.96719363E-01 -0.19045455E-01 -0.55699269E-02
 -0.96892525E-01 -0.16232251E-01 -0.36160081E-02
 -0.97134177E-01 -0.13276026E-01 -0.14749196E-02
 -0.97454459E-01 -0.10160056E-01  0.85161483E-03
 -0.97863336E-01 -0.68671854E-02  0.33562587E-02
 -0.98370179E-01 -0.33805424E-02  0.60243780E-02
 -0.98983207E-01  0.31548427E-03  0.88320832E-02
 -0.99708772E-01  0.42339279E-02  0.11744041E-01
 -0.10055043E+00  0.83834849E-02  0.14711167E-01
 -0.10150776E+00  0.12766224E-01  0.17668381E-01
 -0.10257494E+00  0.17374700E-01  0.20532744E-01
 -0.10373903E+00  0.22188497E-01  0.23202418E-01
 -0.10497829E+00  0.27170319E-01  0.25557039E-01
 -0.10626041E+00  0.32261970E-01  0.27460222E-01
 -0.10754141E+00  0.37380747E-01  0.28764956E-01
 -0.10876523E+00  0.42417044E-01  0.29322511E-01
 -0.10986483E+00  0.47234162E-01  0.28995112E-01
 -0.11076493E+00  0.51671346E-01  0.27671953E-01
 -0.11138689E+00  0.55550938E-01  0.25287142E-01
 -0.11165538E+00  0.58689951E-01  0.21837057E-01
 -0.11150631E+00  0.60915531E-01  0.17393686E-01
 -0.11089500E+00  0.62082680E-01  0.12110260E-01
 -0.10980321E+00  0.62091621E-01  0.62162257E-02
 -0.10824348E+00  0.60901626E-01  0.52894774E-06
 -0.84650359E-01 -0.12358347E+00 -0.37577589E-06
 -0.84314138E-01 -0.12390603E+00  0.10383289E-02
 -0.84007914E-01 -0.12416940E+00  0.20337636E-02
 -0.83736183E-01 -0.12436664E+00  0.29447802E-02
 -0.83503398E-01 -0.12448942E+00  0.37343761E-02
 -0.83313327E-01 -0.12452897E+00  0.43713609E-02
 -0.83168437E-01 -0.12447700E+00  0.48315881E-02
 -0.83069467E-01 -0.12432656E+00  0.50986827E-02
 -0.83015336E-01 -0.12407252E+00  0.51642515E-02
 -0.83003406E-01 -0.12371180E+00  0.50276092E-02
 -0.83030030E-01 -0.12324311E+00  0.46950938E-02
 -0.83091262E-01 -0.12266667E+00  0.41790696E-02
 -0.83183531E-01 -0.12198377E+00  0.34967317E-02
 -0.83304139E-01 -0.12119648E+00  0.26688189E-02
 -0.83451485E-01 -0.12030755E+00  0.17183355E-02
 -0.83624995E-01 -0.11932049E+00  0.66935775E-03
 -0.83824833E-01 -0.11823983E+00 -0.45401680E-03
 -0.84051505E-01 -0.11707137E+00 -0.16285435E-02
 -0.84305511E-01 -0.11582237E+00 -0.28325135E-02
 -0.84587118E-01 -0.11450147E+00 -0.40462456E-02
 -0.84896346E-01 -0.11311850E+00 -0.52523995E-02
 -0.85233113E-01 -0.11168399E+00 -0.64361313E-02
 -0.85597486E-01 -0.11020861E+00 -0.75851151E-02
 -0.85989919E-01 -0.10870264E+00 -0.86894594E-02
 -0.86411373E-01 -0.10717556E+00 -0.97415439E-02
 -0.86863263E-01 -0.10563586E+00 -0.10735805E-01
 -0.87347198E-01 -0.10409105E+00 -0.11668492E-01
 -0.87864590E-01 -0.10254791E+00 -0.12537413E-01
 -0.88416219E-01 -0.10101271E+00 -0.13341688E-01
 -0.89001860E-01 -0.99491484E-01 -0.14081520E-01
 -0.89620087E-01 -0.97990107E-01 -0.14757993E-01
 -0.90268306E-01 -0.96514167E-01 -0.15372891E-01
 -0.90942996E-01 -0.95068648E-01 -0.15928560E-01
 -0.91640112E-01 -0.93657466E-01 -0.16427782E-01
 -0.92355533E-01 -0.92282982E-01 -0.16873687E-01
 -0.93085432E-01 -0.90945613E-01 -0.17269680E-01
 -0.93826469E-01 -0.89643657E-01 -0.17619387E-01
 -0.94575759E-01 -0.88373372E-01 -0.17926613E-01
 -0.95330621E-01 -0.87129324E-01 -0.18195311E-01
 -0.96088176E-01 -0.85904930E-01 -0.18429548E-01
 -0.96844915E-01 -0.84693073E-01 -0.18633471E-01
 -0.97596351E-01 -0.83486685E-01 -0.18811258E-01
 -0.98336869E-01 -0.82279163E-01 -0.18967060E-01
 -0.99059819E-01 -0.81064579E-01 -0.19104914E-01
 -0.99757850E-01 -0.79837660E-01 -0.19228640E-01
 -0.10042343E+00 -0.78593595E-01 -0.19341717E-01
 -0.10104942E+00 -0.77327769E-01 -0.19447141E-01
 -0.10162964E+00 -0.76035510E-01 -0.19547279E-01
 -0.10215928E+00 -0.74711946E-01 -0.19643725E-01
 -0.10263507E+00 -0.73352026E-01 -0.19737168E-01
 -0.10305530E+00 -0.71950701E-01 -0.19827293E-01
 -0.10341963E+00 -0.70503224E-01 -0.19912713E-01
 -0.10372874E+00 -0.69005500E-01 -0.19990944E-01
 -0.10398407E+00 -0.67454401E-01 -0.20058424E-01
 -0.10418744E+00 -0.65847976E-01 -0.20110565E-01
 -0.10434091E+00 -0.64185503E-01 -0.20141846E-01
 -0.10444670E+00 -0.62467387E-01 -0.20145918E-01
 -0.10450718E+00 -0.60694907E-01 -0.20115717E-01
 -0.10452499E+00 -0.58869869E-01 -0.20043586E-01
 -0.10450318E+00 -0.56994227E-01 -0.19921363E-01
 -0.10444529E+00 -0.55069717E-01 -0.19740472E-01
 -0.10435542E+00 -0.53097557E-01 -0.19491972E-01
 -0.10423819E+00 -0.51078232E-01 -0.19166597E-01
 -0.10409872E+00 -0.49011367E-01 -0.18754770E-01
 -0.10394246E+00 -0.46895668E-01 -0.18246614E-01
 -0.10377506E+00 -0.44728906E-01 -0.17631958E-01
 -0.10360231E+00 -0.42507909E-01 -0.16900360E-01
 -0.10343002E+00 -0.40228534E-01 -0.16041151E-01
 -0.10326405E+00 -0.37885601E-01 -0.15043524E-01
 -0.10311036E+00 -0.35472800E-01 -0.13896673E-01
 -0.10297512E+00 -0.32982561E-01 -0.12590012E-01
 -0.10286484E+00 -0.30405931E-01 -0.11113484E-01
 -0.10278647E+00 -0.27732487E-01 -0.94579814E-02
 -0.10274750E+00 -0.24950309E-01 -0.76159198E-02
 -0.10275593E+00 -0.22046050E-01 -0.55819747E-02
 -0.10282021E+00 -0.19005142E-01 -0.33540274E-02
 -0.10294905E+00 -0.15812147E-01 -0.93434387E-03
 -0.10315113E+00 -0.12451297E-01  0.16689841E-02
 -0.10343467E+00 -0.89072577E-02  0.44403249E-02
 -0.10380691E+00 -0.51661550E-02  0.73545304E-02
 -0.10427338E+00 -0.12169418E-02  0.10374752E-01
 -0.10483706E+00  0.29468400E-02  0.13450161E-01
 -0.10549731E+00  0.73248316E-02  0.16513783E-01
 -0.10624860E+00  0.11907130E-01  0.19480754E-01
 -0.10707909E+00  0.16671095E-01  0.22247459E-01
 -0.10796916E+00  0.21577823E-01  0.24692139E-01
 -0.10889013E+00  0.26568598E-01  0.26677660E-01
 -0.10980326E+00  0.31561809E-01  0.28057159E-01
 -0.11065966E+00  0.36451051E-01  0.28683129E-01
 -0.11140131E+00  0.41105291E-01  0.28420124E-01
 -0.11196361E+00  0.45372007E-01  0.27160563E-01
 -0.11227963E+00  0.49084047E-01  0.24842209E-01
 -0.11228596E+00  0.52070458E-01  0.21464816E-01
 -0.11192965E+00  0.54170748E-01  0.17102687E-01
 -0.11117521E+00  0.55251095E-01  0.11909622E-01
 -0.11001072E+00  0.55220149E-01  0.61136044E-02
 -0.10845151E+00  0.54041565E-01  0.28814498E-06
 -0.10124325E+00 -0.14082802E+00  0.19526824E-07
 -0.10089926E+00 -0.14114859E+00  0.10001233E-02
 -0.10057603E+00 -0.14139965E+00  0.19555353E-02
 -0.10027821E+00 -0.14157377E+00  0.28238012E-02
 -0.10001023E+00 -0.14166208E+00  0.35667753E-02
 -0.99775702E-01 -0.14165526E+00  0.41523509E-02
 -0.99576740E-01 -0.14154462E+00  0.45557409E-02
 -0.99413607E-01 -0.14132293E+00  0.47602362E-02
 -0.99284690E-01 -0.14098495E+00  0.47574277E-02
 -0.99186877E-01 -0.14052758E+00  0.45469261E-02
 -0.99116213E-01 -0.13994963E+00  0.41356532E-02
 -0.99068688E-01 -0.13925147E+00  0.35368093E-02
 -0.99040965E-01 -0.13843458E+00  0.27686282E-02
 -0.99030871E-01 -0.13750130E+00  0.18530359E-02
 -0.99037560E-01 -0.13645479E+00  0.81431165E-03
 -0.99061362E-01 -0.13529913E+00 -0.32216604E-03
 -0.99103395E-01 -0.13403969E+00 -0.15310287E-02
 -0.99165085E-01 -0.13268334E+00 -0.27878464E-02
 -0.99247755E-01 -0.13123869E+00 -0.40698563E-02
 -0.99352395E-01 -0.12971593E+00 -0.53564919E-02
 -0.99479670E-01 -0.12812651E+00 -0.66297209E-02
 -0.99630122E-01 -0.12648257E+00 -0.78742145E-02
 -0.99804483E-01 -0.12479623E+00 -0.90773704E-02
 -0.10000397E+00 -0.12307899E+00 -0.10229221E-01
 -0.10023041E+00 -0.12134124E+00 -0.11322253E-01
 -0.10048620E+00 -0.11959205E+00 -0.12351172E-01
 -0.10077397E+00 -0.11783927E+00 -0.13312632E-01
 -0.10109610E+00 -0.11608980E+00 -0.14204960E-01
 -0.10145423E+00 -0.11434995E+00 -0.15027887E-01
 -0.10184875E+00 -0.11262576E+00 -0.15782298E-01
 -0.10227863E+00 -0.11092320E+00 -0.16470017E-01
 -0.10274135E+00 -0.10924802E+00 -0.17093615E-01
 -0.10323322E+00 -0.10760549E+00 -0.17656257E-01
 -0.10374984E+00 -0.10599985E+00 -0.18161571E-01
 -0.10428665E+00 -0.10443376E+00 -0.18613542E-01
 -0.10483937E+00 -0.10290788E+00 -0.19016422E-01
 -0.10540433E+00 -0.10142057E+00 -0.19374661E-01
 -0.10597846E+00 -0.99968002E-01 -0.19692838E-01
 -0.10655912E+00 -0.98544435E-01 -0.19975608E-01
 -0.10714365E+00 -0.97142832E-01 -0.20227641E-01
 -0.10772893E+00 -0.95755529E-01 -0.20453567E-01
 -0.10831092E+00 -0.94374907E-01 -0.20657905E-01
 -0.10888445E+00 -0.92993917E-01 -0.20844991E-01
 -0.10944321E+00 -0.91606373E-01 -0.21018883E-01
 -0.10998002E+00 -0.90206987E-01 -0.21183253E-01
 -0.11048738E+00 -0.88791196E-01 -0.21341272E-01
 -0.11095799E+00 -0.87354851E-01 -0.21495474E-01
 -0.11138545E+00 -0.85893884E-01 -0.21647627E-01
 -0.11176469E+00 -0.84404056E-01 -0.21798611E-01
 -0.11209230E+00 -0.82880859E-01 -0.21948312E-01
 -0.11236658E+00 -0.81319600E-01 -0.22095544E-01
 -0.11258736E+00 -0.79715647E-01 -0.22238018E-01
 -0.11275568E+00 -0.78064786E-01 -0.22372339E-01
 -0.11287338E+00 -0.76363582E-01 -0.22494054E-01
 -0.11294271E+00 -0.74609689E-01 -0.22597734E-01
 -0.11296601E+00 -0.72802012E-01 -0.22677075E-01
 -0.11294552E+00 -0.70940693E-01 -0.22725029E-01
 -0.11288338E+00 -0.69026925E-01 -0.22733924E-01
 -0.11278172E+00 -0.67062614E-01 -0.22695580E-01
 -0.11264285E+00 -0.65049953E-01 -0.22601410E-01
 -0.11246941E+00 -0.62990982E-01 -0.22442491E-01
 -0.11226462E+00 -0.60887190E-01 -0.22209612E-01
 -0.11203230E+00 -0.58739217E-01 -0.21893295E-01
 -0.11177687E+00 -0.56546671E-01 -0.21483805E-01
 -0.11150326E+00 -0.54308064E-01 -0.20971141E-01
 -0.11121675E+00 -0.52020837E-01 -0.20345035E-01
 -0.11092276E+00 -0.49681430E-01 -0.19594964E-01
 -0.11062670E+00 -0.47285352E-01 -0.18710189E-01
 -0.11033391E+00 -0.44827215E-01 -0.17679838E-01
 -0.11004959E+00 -0.42300704E-01 -0.16493047E-01
 -0.10977894E+00 -0.39698499E-01 -0.15139179E-01
 -0.10952722E+00 -0.37012144E-01 -0.13608148E-01
 -0.10930003E+00 -0.34231929E-01 -0.11890854E-01
 -0.10910334E+00 -0.31346808E-01 -0.99797752E-02
 -0.10894368E+00 -0.28344423E-01 -0.78697334E-02
 -0.10882805E+00 -0.25211266E-01 -0.55588706E-02
 -0.10876387E+00 -0.21933020E-01 -0.30498590E-02
 -0.10875865E+00 -0.18495125E-01 -0.35137312E-03
 -0.10881964E+00 -0.14883578E-01  0.25201711E-02
 -0.10895327E+00 -0.11086025E-01  0.55386272E-02
 -0.10916448E+00 -0.70931645E-02  0.86659390E-02
 -0.10945587E+00 -0.29005245E-02  0.11849895E-01
 -0.10982680E+00  0.14893702E-02  0.15022030E-01
 -0.11027222E+00  0.60644093E-02  0.18095994E-01
 -0.11078151E+00  0.10799943E-01  0.20966848E-01
 -0.11133729E+00  0.15655595E-01  0.23511870E-01
 -0.11191434E+00  0.20572131E-01  0.25593544E-01
 -0.11247895E+00  0.25468832E-01  0.27065405E-01
 -0.11298889E+00  0.30242023E-01  0.27781252E-01
 -0.11339440E+00  0.34765530E-01  0.27607837E-01
 -0.11364056E+00  0.38893896E-01  0.26440453E-01
 -0.11367094E+00  0.42468973E-01  0.24219964E-01
 -0.11343280E+00  0.45330095E-01  0.20948834E-01
 -0.11288304E+00  0.47327320E-01  0.16702982E-01
 -0.11199435E+00  0.48336355E-01  0.11636183E-01
 -0.11076046E+00  0.48273037E-01  0.59745088E-02
 -0.10919925E+00  0.47104784E-01  0.58736950E-07
 -0.12041919E+00 -0.16073015E+00  0.34578165E-06
 -0.12006625E+00 -0.16104575E+00  0.93716680E-03
 -0.11972152E+00 -0.16127664E+00  0.18278411E-02
 -0.11938964E+00 -0.16141504E+00  0.26285850E-02
 -0.11907488E+00 -0.16145174E+00  0.33001070E-02
 -0.11878047E+00 -0.16137721E+00  0.38094121E-02
 -0.11850796E+00 -0.16118267E+00  0.41311362E-02
 -0.11825700E+00 -0.16086093E+00  0.42483386E-02
 -0.11802537E+00 -0.16040691E+00  0.41527353E-02
 -0.11780953E+00 -0.15981776E+00  0.38444080E-02
 -0.11760537E+00 -0.15909260E+00  0.33310662E-02
 -0.11740905E+00 -0.15823213E+00  0.26269664E-02
 -0.11721779E+00 -0.15723821E+00  0.17516090E-02
 -0.11703032E+00 -0.15611366E+00  0.72832747E-03
 -0.11684695E+00 -0.15486223E+00 -0.41712221E-03
 -0.11666933E+00 -0.15348883E+00 -0.16578878E-02
 -0.11649997E+00 -0.15199987E+00 -0.29671981E-02
 -0.11634163E+00 -0.15040360E+00 -0.43193515E-02
 -0.11619686E+00 -0.14871019E+00 -0.56904943E-02
 -0.11606780E+00 -0.14693160E+00 -0.70591848E-02
 -0.11595610E+00 -0.14508114E+00 -0.84067548E-02
 -0.11586328E+00 -0.14317275E+00 -0.97174854E-02
 -0.11579101E+00 -0.14122026E+00 -0.10978625E-01
 -0.11574147E+00 -0.13923658E+00 -0.12180283E-01
 -0.11571750E+00 -0.13723327E+00 -0.13315219E-01
 -0.11572256E+00 -0.13522025E+00 -0.14378587E-01
 -0.11576030E+00 -0.13320595E+00 -0.15367626E-01
 -0.11583411E+00 -0.13119760E+00 -0.16281359E-01
 -0.11594648E+00 -0.12920171E+00 -0.17120298E-01
 -0.11609852E+00 -0.12722446E+00 -0.17886172E-01
 -0.11628963E+00 -0.12527190E+00 -0.18581691E-01
 -0.11651752E+00 -0.12334991E+00 -0.19210346E-01
 -0.11677851E+00 -0.12146393E+00 -0.19776238E-01
 -0.11706800E+00 -0.11961838E+00 -0.20283936E-01
 -0.11738108E+00 -0.11781618E+00 -0.20738357E-01
 -0.11771308E+00 -0.11605815E+00 -0.21144659E-01
 -0.11805996E+00 -0.11434283E+00 -0.21508154E-01
 -0.11841836E+00 -0.11266639E+00 -0.21834215E-01
 -0.11878548E+00 -0.11102303E+00 -0.22128198E-01
 -0.11915868E+00 -0.10940549E+00 -0.22395364E-01
 -0.11953502E+00 -0.10780581E+00 -0.22640795E-01
 -0.11991076E+00 -0.10621601E+00 -0.22869314E-01
 -0.12028113E+00 -0.10462868E+00 -0.23085394E-01
 -0.12064023E+00 -0.10303737E+00 -0.23293065E-01
 -0.12098122E+00 -0.10143666E+00 -0.23495805E-01
 -0.12129684E+00 -0.99822035E-01 -0.23696430E-01
 -0.12157993E+00 -0.98189560E-01 -0.23896978E-01
 -0.12182410E+00 -0.96535534E-01 -0.24098596E-01
 -0.12202422E+00 -0.94856154E-01 -0.24301439E-01
 -0.12217685E+00 -0.93147340E-01 -0.24504595E-01
 -0.12228026E+00 -0.91404733E-01 -0.24706031E-01
 -0.12233436E+00 -0.89623885E-01 -0.24902589E-01
 -0.12234034E+00 -0.87800589E-01 -0.25090011E-01
 -0.12230024E+00 -0.85931265E-01 -0.25263012E-01
 -0.12221646E+00 -0.84013316E-01 -0.25415377E-01
 -0.12209142E+00 -0.82045365E-01 -0.25540088E-01
 -0.12192729E+00 -0.80027312E-01 -0.25629454E-01
 -0.12172590E+00 -0.77960199E-01 -0.25675249E-01
 -0.12148887E+00 -0.75845884E-01 -0.25668820E-01
 -0.12121782E+00 -0.73686600E-01 -0.25601190E-01
 -0.12091464E+00 -0.71484459E-01 -0.25463118E-01
 -0.12058172E+00 -0.69240999E-01 -0.25245140E-01
 -0.12022213E+00 -0.66956818E-01 -0.24937582E-01
 -0.11983962E+00 -0.64631365E-01 -0.24530552E-01
 -0.11943860E+00 -0.62262872E-01 -0.24013928E-01
 -0.11902385E+00 -0.59848415E-01 -0.23377344E-01
 -0.11860036E+00 -0.57384045E-01 -0.22610192E-01
 -0.11817303E+00 -0.54864943E-01 -0.21701659E-01
 -0.11774656E+00 -0.52285521E-01 -0.20640798E-01
 -0.11732534E+00 -0.49639456E-01 -0.19416676E-01
 -0.11691354E+00 -0.46919632E-01 -0.18018590E-01
 -0.11651525E+00 -0.44118011E-01 -0.16436393E-01
 -0.11613470E+00 -0.41225479E-01 -0.14660950E-01
 -0.11577647E+00 -0.38231726E-01 -0.12684740E-01
 -0.11544568E+00 -0.35125226E-01 -0.10502645E-01
 -0.11514802E+00 -0.31893367E-01 -0.81129535E-02
 -0.11488968E+00 -0.28522795E-01 -0.55185947E-02
 -0.11467714E+00 -0.24999997E-01 -0.27286390E-02
 -0.11451676E+00 -0.21312147E-01  0.23994470E-03
 -0.11441428E+00 -0.17448247E-01  0.33602899E-02
 -0.11437414E+00 -0.13400573E-01  0.65934621E-02
 -0.11439872E+00 -0.91664458E-02  0.98862458E-02
 -0.11448748E+00 -0.47503556E-02  0.13169108E-01
 -0.11463600E+00 -0.16641442E-03  0.16354671E-01
 -0.11483498E+00  0.45589009E-02  0.19337141E-01
 -0.11506928E+00  0.93838627E-02  0.21993282E-01
 -0.11531710E+00  0.14248723E-01  0.24185582E-01
 -0.11554949E+00  0.19073483E-01  0.25768250E-01
 -0.11573043E+00  0.23756777E-01  0.26596502E-01
 -0.11581782E+00  0.28176591E-01  0.26539197E-01
 -0.11576552E+00  0.32193521E-01  0.25494198E-01
 -0.11552668E+00  0.35657140E-01  0.23404974E-01
 -0.11505813E+00  0.38415607E-01  0.20276062E-01
 -0.11432569E+00  0.40328038E-01  0.16184322E-01
 -0.11330946E+00  0.41278343E-01  0.11282865E-01
 -0.11200833E+00  0.41188578E-01  0.57953315E-02
 -0.11044264E+00  0.40029463E-01 -0.13619244E-06
 -0.35946629E-01 -0.45660052E-01  0.30260730E-07
 -0.35878040E-01 -0.45648973E-01  0.25073108E-02
 -0.35714021E-01 -0.45574406E-01  0.50071008E-02
 -0.35459426E-01 -0.45432030E-01  0.74922863E-02
 -0.35120349E-01 -0.45216569E-01  0.99564712E-02
 -0.14073746E+00 -0.18409571E+00  0.33050044E-02
 -0.14036429E+00 -0.18378524E+00  0.35131224E-02
 -0.13999305E+00 -0.18332666E+00  0.35114653E-02
 -0.13962102E+00 -0.18271540E+00  0.32920710E-02
 -0.13924438E+00 -0.18194915E+00  0.28557268E-02
 -0.13885912E+00 -0.18102764E+00  0.22111908E-02
 -0.13846197E+00 -0.17995220E+00  0.13740522E-02
 -0.13805110E+00 -0.17872542E+00  0.36535297E-03
 -0.13762657E+00 -0.17735093E+00 -0.78990649E-03
 -0.13719035E+00 -0.17583345E+00 -0.20642653E-02
 -0.13674589E+00 -0.17417913E+00 -0.34292131E-02
 -0.13629758E+00 -0.17239583E+00 -0.48564450E-02
 -0.13585001E+00 -0.17049348E+00 -0.63189155E-02
 -0.13540749E+00 -0.16848419E+00 -0.77916669E-02
 -0.13497378E+00 -0.16638198E+00 -0.92524284E-02
 -0.13455203E+00 -0.16420227E+00 -0.10681992E-01
 -0.13414514E+00 -0.16196106E+00 -0.12064389E-01
 -0.13375609E+00 -0.15967407E+00 -0.13386895E-01
 -0.13338830E+00 -0.15735593E+00 -0.14639890E-01
 -0.13304584E+00 -0.15501959E+00 -0.15816629E-01
 -0.13273329E+00 -0.15267613E+00 -0.16912929E-01
 -0.13245541E+00 -0.15033483E+00 -0.17926841E-01
 -0.13221657E+00 -0.14800355E+00 -0.18858300E-01
 -0.13202012E+00 -0.14568923E+00 -0.19708804E-01
 -0.13186787E+00 -0.14339828E+00 -0.20481120E-01
 -0.13175975E+00 -0.14113691E+00 -0.21179022E-01
 -0.13169381E+00 -0.13891111E+00 -0.21807075E-01
 -0.13166651E+00 -0.13672636E+00 -0.22370450E-01
 -0.13167322E+00 -0.13458717E+00 -0.22874768E-01
 -0.13170883E+00 -0.13249654E+00 -0.23325965E-01
 -0.13176838E+00 -0.13045544E+00 -0.23730169E-01
 -0.13184743E+00 -0.12846251E+00 -0.24093590E-01
 -0.13194226E+00 -0.12651408E+00 -0.24422412E-01
 -0.13204976E+00 -0.12460442E+00 -0.24722691E-01
 -0.13216709E+00 -0.12272629E+00 -0.25000254E-01
 -0.13229128E+00 -0.12087165E+00 -0.25260606E-01
 -0.13241875E+00 -0.11903236E+00 -0.25508829E-01
 -0.13254501E+00 -0.11720079E+00 -0.25749489E-01
 -0.13266457E+00 -0.11537022E+00 -0.25986539E-01
 -0.13277106E+00 -0.11353503E+00 -0.26223217E-01
 -0.13285764E+00 -0.11169054E+00 -0.26461949E-01
 -0.13291752E+00 -0.10983280E+00 -0.26704248E-01
 -0.13294456E+00 -0.10795823E+00 -0.26950625E-01
 -0.13293380E+00 -0.10606324E+00 -0.27200514E-01
 -0.13288181E+00 -0.10414400E+00 -0.27452219E-01
 -0.13278687E+00 -0.10219644E+00 -0.27702894E-01
 -0.13264885E+00 -0.10021633E+00 -0.27948559E-01
 -0.13246888E+00 -0.98199569E-01 -0.28184150E-01
 -0.13224894E+00 -0.96142574E-01 -0.28403616E-01
 -0.13199136E+00 -0.94042638E-01 -0.28600030E-01
 -0.13169841E+00 -0.91898195E-01 -0.28765727E-01
 -0.13137199E+00 -0.89708922E-01 -0.28892446E-01
 -0.13101359E+00 -0.87475633E-01 -0.28971464E-01
 -0.13062434E+00 -0.85199979E-01 -0.28993709E-01
 -0.13020524E+00 -0.82884006E-01 -0.28949852E-01
 -0.12975750E+00 -0.80529649E-01 -0.28830366E-01
 -0.12928281E+00 -0.78138242E-01 -0.28625552E-01
 -0.12878353E+00 -0.75710136E-01 -0.28325547E-01
 -0.12826279E+00 -0.73244474E-01 -0.27920308E-01
 -0.12772436E+00 -0.70739129E-01 -0.27399587E-01
 -0.12717246E+00 -0.68190796E-01 -0.26752911E-01
 -0.12661149E+00 -0.65595163E-01 -0.25969581E-01
 -0.12604570E+00 -0.62947117E-01 -0.25038696E-01
 -0.12547903E+00 -0.60240900E-01 -0.23949224E-01
 -0.12491498E+00 -0.57470171E-01 -0.22690144E-01
 -0.12435668E+00 -0.54627963E-01 -0.21250661E-01
 -0.12380705E+00 -0.51706551E-01 -0.19620538E-01
 -0.12326905E+00 -0.48697274E-01 -0.17790555E-01
 -0.12274596E+00 -0.45590392E-01 -0.15753123E-01
 -0.12224159E+00 -0.42375030E-01 -0.13503093E-01
 -0.12176042E+00 -0.39039306E-01 -0.11038774E-01
 -0.12130750E+00 -0.35570676E-01 -0.83631954E-02
 -0.12088834E+00 -0.31956541E-01 -0.54856214E-02
 -0.12050845E+00 -0.28185136E-01 -0.24233277E-02
 -0.12017292E+00 -0.24246706E-01  0.79639586E-03
 -0.11988573E+00 -0.20134979E-01  0.41340847E-02
 -0.11964910E+00 -0.15848933E-01  0.75359183E-02
 -0.11946268E+00 -0.11394855E-01  0.10931742E-01
 -0.11932273E+00 -0.67886822E-02  0.14233627E-01
 -0.11922135E+00 -0.20585491E-02  0.17335415E-01
 -0.11914565E+00  0.27525840E-02  0.20113831E-01
 -0.11907715E+00  0.75844755E-02  0.22431778E-01
 -0.11899145E+00  0.12357704E-01  0.24144441E-01
 -0.11885839E+00  0.16972861E-01  0.25108605E-01
 -0.11864294E+00  0.21311478E-01  0.25195194E-01
 -0.11830706E+00  0.25239334E-01  0.24304383E-01
 -0.11781259E+00  0.28612623E-01  0.22381796E-01
 -0.11712515E+00  0.31287103E-01  0.19433444E-01
 -0.11621869E+00  0.33129711E-01  0.15536450E-01
 -0.11508015E+00  0.34031485E-01  0.10842592E-01
 -0.11371325E+00  0.33919931E-01  0.55724633E-02
 -0.11214077E+00  0.32768728E-01 -0.27892125E-06
 -0.34460395E-01 -0.46234303E-01 -0.52222720E-08
 -0.34395001E-01 -0.46219724E-01  0.23935432E-02
 -0.34237892E-01 -0.46137395E-01  0.47786106E-02
 -0.33993567E-01 -0.45983300E-01  0.71470910E-02
 -0.33667480E-01 -0.45752745E-01  0.94915783E-02
 -0.33265295E-01 -0.45441023E-01  0.11805686E-01
 -0.32792209E-01 -0.45043980E-01  0.14084338E-01
 -0.32252499E-01 -0.44558304E-01  0.16324018E-01
 -0.16450023E+00 -0.20834290E+00  0.21004662E-02
 -0.16390623E+00 -0.20734120E+00  0.14981735E-02
 -0.16327772E+00 -0.20615986E+00  0.68618488E-03
 -0.16261247E+00 -0.20480133E+00 -0.31823813E-03
 -0.16191015E+00 -0.20326943E+00 -0.14921849E-02
 -0.16117274E+00 -0.20156918E+00 -0.28086920E-02
 -0.16040436E+00 -0.19970693E+00 -0.42383457E-02
 -0.15961088E+00 -0.19769060E+00 -0.57507911E-02
 -0.15879912E+00 -0.19553013E+00 -0.73160729E-02
 -0.15797611E+00 -0.19323769E+00 -0.89057587E-02
 -0.15714853E+00 -0.19082775E+00 -0.10493817E-01
 -0.15632234E+00 -0.18831680E+00 -0.12057244E-01
 -0.15550279E+00 -0.18572268E+00 -0.13576446E-01
 -0.15469468E+00 -0.18306373E+00 -0.15035408E-01
 -0.15390278E+00 -0.18035785E+00 -0.16421664E-01
 -0.15313212E+00 -0.17762161E+00 -0.17726133E-01
 -0.15238822E+00 -0.17486969E+00 -0.18942830E-01
 -0.15167696E+00 -0.17211460E+00 -0.20068521E-01
 -0.15100424E+00 -0.16936682E+00 -0.21102338E-01
 -0.15037540E+00 -0.16663511E+00 -0.22045395E-01
 -0.14979463E+00 -0.16392709E+00 -0.22900432E-01
 -0.14926443E+00 -0.16124961E+00 -0.23671480E-01
 -0.14878527E+00 -0.15860914E+00 -0.24363589E-01
 -0.14835564E+00 -0.15601172E+00 -0.24982582E-01
 -0.14797224E+00 -0.15346284E+00 -0.25534859E-01
 -0.14763056E+00 -0.15096693E+00 -0.26027221E-01
 -0.14732546E+00 -0.14852692E+00 -0.26466717E-01
 -0.14705175E+00 -0.14614378E+00 -0.26860515E-01
 -0.14680467E+00 -0.14381623E+00 -0.27215761E-01
 -0.14658010E+00 -0.14154072E+00 -0.27539464E-01
 -0.14637449E+00 -0.13931172E+00 -0.27838372E-01
 -0.14618466E+00 -0.13712215E+00 -0.28118857E-01
 -0.14600739E+00 -0.13496410E+00 -0.28386807E-01
 -0.14583907E+00 -0.13282944E+00 -0.28647519E-01
 -0.14567538E+00 -0.13071043E+00 -0.28905606E-01
 -0.14551116E+00 -0.12860015E+00 -0.29164898E-01
 -0.14534053E+00 -0.12649271E+00 -0.29428355E-01
 -0.14515721E+00 -0.12438315E+00 -0.29697981E-01
 -0.14495491E+00 -0.12226730E+00 -0.29974750E-01
 -0.14472795E+00 -0.12014143E+00 -0.30258532E-01
 -0.14447166E+00 -0.11800193E+00 -0.30548051E-01
 -0.14418275E+00 -0.11584507E+00 -0.30840857E-01
 -0.14385950E+00 -0.11366694E+00 -0.31133333E-01
 -0.14350162E+00 -0.11146350E+00 -0.31420732E-01
 -0.14311003E+00 -0.10923080E+00 -0.31697257E-01
 -0.14268640E+00 -0.10696536E+00 -0.31956163E-01
 -0.14223274E+00 -0.10466446E+00 -0.32189889E-01
 -0.14175095E+00 -0.10232640E+00 -0.32390204E-01
 -0.14124253E+00 -0.99950640E-01 -0.32548349E-01
 -0.14070851E+00 -0.97537676E-01 -0.32655170E-01
 -0.14014953E+00 -0.95088793E-01 -0.32701230E-01
 -0.13956604E+00 -0.92605629E-01 -0.32676892E-01
 -0.13895868E+00 -0.90089685E-01 -0.32572372E-01
 -0.13832848E+00 -0.87541852E-01 -0.32377757E-01
 -0.13767716E+00 -0.84962030E-01 -0.32083002E-01
 -0.13700719E+00 -0.82348918E-01 -0.31677910E-01
 -0.13632165E+00 -0.79699961E-01 -0.31152100E-01
 -0.13562405E+00 -0.77011461E-01 -0.30494982E-01
 -0.13491805E+00 -0.74278776E-01 -0.29695749E-01
 -0.13420708E+00 -0.71496540E-01 -0.28743393E-01
 -0.13349420E+00 -0.68658845E-01 -0.27626780E-01
 -0.13278194E+00 -0.65759312E-01 -0.26334774E-01
 -0.13207238E+00 -0.62791052E-01 -0.24856461E-01
 -0.13136729E+00 -0.59746530E-01 -0.23181475E-01
 -0.13066846E+00 -0.56617377E-01 -0.21300455E-01
 -0.12997797E+00 -0.53394231E-01 -0.19205673E-01
 -0.12929845E+00 -0.50066690E-01 -0.16891849E-01
 -0.12863321E+00 -0.46623433E-01 -0.14357184E-01
 -0.12798629E+00 -0.43052589E-01 -0.11604635E-01
 -0.12736218E+00 -0.39342368E-01 -0.86434497E-02
 -0.12676559E+00 -0.35481979E-01 -0.54909501E-02
 -0.12620091E+00 -0.31462834E-01 -0.21745362E-02
 -0.12567168E+00 -0.27280023E-01  0.12661642E-02
 -0.12517994E+00 -0.22934064E-01  0.47771451E-02
 -0.12472556E+00 -0.18432900E-01  0.82880967E-02
 -0.12430555E+00 -0.13794125E-01  0.11711040E-01
 -0.12391341E+00 -0.90473659E-02  0.14939969E-01
 -0.12353851E+00 -0.42366887E-02  0.17852065E-01
 -0.12316562E+00  0.57720866E-03  0.20311093E-01
 -0.12277469E+00  0.53153758E-02  0.22173557E-01
 -0.12234105E+00  0.98800603E-02  0.23298002E-01
 -0.12183627E+00  0.14155816E-01  0.23557422E-01
 -0.12122978E+00  0.18012852E-01  0.22854100E-01
 -0.12049143E+00  0.21313056E-01  0.21135409E-01
 -0.11959491E+00  0.23918742E-01  0.18408263E-01
 -0.11852173E+00  0.25703650E-01  0.14749373E-01
 -0.11726519E+00  0.26565061E-01  0.10308462E-01
 -0.11583364E+00  0.26435324E-01  0.53023829E-02
 -0.11425230E+00  0.25290818E-01 -0.35847743E-06
 -0.33144420E-01 -0.47006123E-01 -0.52081305E-07
 -0.33081967E-01 -0.46987748E-01  0.22828122E-02
 -0.32931394E-01 -0.46896368E-01  0.45562213E-02
 -0.32696812E-01 -0.46728374E-01  0.68111003E-02
 -0.32383042E-01 -0.46479741E-01  0.90390754E-02
 -0.31994947E-01 -0.46146642E-01  0.11232788E-01
 -0.31536857E-01 -0.45725942E-01  0.13386171E-01
 -0.31012206E-01 -0.45215427E-01  0.15494675E-01
 -0.30423502E-01 -0.44613686E-01  0.17555451E-01
 -0.29772596E-01 -0.43919620E-01  0.19567480E-01
 -0.19130082E+00 -0.23494169E+00 -0.13586686E-02
 -0.19028102E+00 -0.23321238E+00 -0.25723647E-02
 -0.18919571E+00 -0.23128244E+00 -0.39502072E-02
 -0.18804944E+00 -0.22915915E+00 -0.54629437E-02
 -0.18684923E+00 -0.22685133E+00 -0.70789522E-02
 -0.18560401E+00 -0.22436964E+00 -0.87658614E-02
 -0.18432371E+00 -0.22172687E+00 -0.10491984E-01
 -0.18301854E+00 -0.21893818E+00 -0.12227511E-01
 -0.18169822E+00 -0.21602108E+00 -0.13945433E-01
 -0.18037163E+00 -0.21299501E+00 -0.15622183E-01
 -0.17904682E+00 -0.20988068E+00 -0.17238018E-01
 -0.17773116E+00 -0.20669913E+00 -0.18777158E-01
 -0.17643171E+00 -0.20347072E+00 -0.20227719E-01
 -0.17515558E+00 -0.20021428E+00 -0.21581493E-01
 -0.17391006E+00 -0.19694649E+00 -0.22833609E-01
 -0.17270251E+00 -0.19368164E+00 -0.23982129E-01
 -0.17154004E+00 -0.19043171E+00 -0.25027607E-01
 -0.17042898E+00 -0.18720670E+00 -0.25972663E-01
 -0.16937431E+00 -0.18401515E+00 -0.26821578E-01
 -0.16837916E+00 -0.18086458E+00 -0.27579934E-01
 -0.16744455E+00 -0.17776178E+00 -0.28254304E-01
 -0.16656937E+00 -0.17471293E+00 -0.28851988E-01
 -0.16575069E+00 -0.17172339E+00 -0.29380797E-01
 -0.16498421E+00 -0.16879739E+00 -0.29848856E-01
 -0.16426488E+00 -0.16593763E+00 -0.30264441E-01
 -0.16358741E+00 -0.16314488E+00 -0.30635829E-01
 -0.16294679E+00 -0.16041779E+00 -0.30971147E-01
 -0.16233849E+00 -0.15775289E+00 -0.31278241E-01
 -0.16175849E+00 -0.15514481E+00 -0.31564538E-01
 -0.16120311E+00 -0.15258671E+00 -0.31836928E-01
 -0.16066874E+00 -0.15007090E+00 -0.32101641E-01
 -0.16015155E+00 -0.14758940E+00 -0.32364146E-01
 -0.15964718E+00 -0.14513449E+00 -0.32629056E-01
 -0.15915071E+00 -0.14269910E+00 -0.32900037E-01
 -0.15865668E+00 -0.14027706E+00 -0.33179738E-01
 -0.15815933E+00 -0.13786306E+00 -0.33469723E-01
 -0.15765299E+00 -0.13545253E+00 -0.33770414E-01
 -0.15713248E+00 -0.13304141E+00 -0.34081053E-01
 -0.15659351E+00 -0.13062584E+00 -0.34399676E-01
 -0.15603302E+00 -0.12820199E+00 -0.34723117E-01
 -0.15544925E+00 -0.12576595E+00 -0.35047042E-01
 -0.15484171E+00 -0.12331377E+00 -0.35366006E-01
 -0.15421094E+00 -0.12084164E+00 -0.35673548E-01
 -0.15355814E+00 -0.11834617E+00 -0.35962315E-01
 -0.15288475E+00 -0.11582465E+00 -0.36224196E-01
 -0.15219210E+00 -0.11327528E+00 -0.36450474E-01
 -0.15148115E+00 -0.11069724E+00 -0.36631968E-01
 -0.15075239E+00 -0.10809065E+00 -0.36759161E-01
 -0.15000592E+00 -0.10545626E+00 -0.36822308E-01
 -0.14924168E+00 -0.10279510E+00 -0.36811510E-01
 -0.14845974E+00 -0.10010802E+00 -0.36716753E-01
 -0.14766057E+00 -0.97395232E-01 -0.36527929E-01
 -0.14684524E+00 -0.94656020E-01 -0.36234819E-01
 -0.14601550E+00 -0.91888509E-01 -0.35827068E-01
 -0.14517366E+00 -0.89089654E-01 -0.35294151E-01
 -0.14432239E+00 -0.86255355E-01 -0.34625342E-01
 -0.14346442E+00 -0.83380654E-01 -0.33809703E-01
 -0.14260223E+00 -0.80459961E-01 -0.32836100E-01
 -0.14173788E+00 -0.77487219E-01 -0.31693263E-01
 -0.14087284E+00 -0.74455973E-01 -0.30369915E-01
 -0.14000812E+00 -0.71359321E-01 -0.28854987E-01
 -0.13914441E+00 -0.68189780E-01 -0.27137934E-01
 -0.13828242E+00 -0.64939100E-01 -0.25209198E-01
 -0.13742312E+00 -0.61598116E-01 -0.23060834E-01
 -0.13656805E+00 -0.58156717E-01 -0.20687323E-01
 -0.13571946E+00 -0.54603994E-01 -0.18086622E-01
 -0.13488034E+00 -0.50928629E-01 -0.15261441E-01
 -0.13405423E+00 -0.47119557E-01 -0.12220788E-01
 -0.13324495E+00 -0.43166898E-01 -0.89817588E-02
 -0.13245617E+00 -0.39063168E-01 -0.55715361E-02
 -0.13169093E+00 -0.34804749E-01 -0.20295280E-02
 -0.13095106E+00 -0.30393594E-01  0.15905124E-02
 -0.13023664E+00 -0.25839161E-01  0.52186079E-02
 -0.12954546E+00 -0.21160537E-01  0.87672546E-02
 -0.12887243E+00 -0.16388668E-01  0.12131141E-01
 -0.12820916E+00 -0.11568589E-01  0.15188436E-01
 -0.12754356E+00 -0.67613980E-02  0.17804244E-01
 -0.12685974E+00 -0.20456501E-02  0.19836770E-01
 -0.12613822E+00  0.24823095E-02  0.21146561E-01
 -0.12535669E+00  0.67096111E-02  0.21608736E-01
 -0.12449152E+00  0.10510261E-01  0.21127536E-01
 -0.12351997E+00  0.13751048E-01  0.19651721E-01
 -0.12242323E+00  0.16299978E-01  0.17188563E-01
 -0.12118985E+00  0.18036747E-01  0.13813676E-01
 -0.11981916E+00  0.18864163E-01  0.96739713E-02
 -0.11832399E+00  0.18718926E-01  0.49817649E-02
 -0.11673202E+00  0.17579917E-01 -0.37115171E-06
 -0.31985871E-01 -0.47964317E-01 -0.89646885E-07
 -0.31925243E-01 -0.47942653E-01  0.21743499E-02
 -0.31779535E-01 -0.47842062E-01  0.43383954E-02
 -0.31552502E-01 -0.47659368E-01  0.64820440E-02
 -0.31248440E-01 -0.47391207E-01  0.85960115E-02
 -0.30871597E-01 -0.47034577E-01  0.10672048E-01
 -0.30425673E-01 -0.46587277E-01  0.12703206E-01
 -0.29913533E-01 -0.46048092E-01  0.14684058E-01
 -0.29337220E-01 -0.45416656E-01  0.16610849E-01
 -0.28698266E-01 -0.44692970E-01  0.18481602E-01
 -0.27998209E-01 -0.43876676E-01  0.20296163E-01
 -0.27239173E-01 -0.42966234E-01  0.22056212E-01
 -0.22033638E+00 -0.26320745E+00 -0.71714969E-02
 -0.21866037E+00 -0.26053739E+00 -0.89218788E-02
 -0.21690354E+00 -0.25765629E+00 -0.10760365E-01
 -0.21507871E+00 -0.25457871E+00 -0.12652437E-01
 -0.21319981E+00 -0.25132145E+00 -0.14564660E-01
 -0.21128102E+00 -0.24790367E+00 -0.16465942E-01
 -0.20933596E+00 -0.24434673E+00 -0.18328487E-01
 -0.20737731E+00 -0.24067376E+00 -0.20128448E-01
 -0.20541666E+00 -0.23690890E+00 -0.21846277E-01
 -0.20346468E+00 -0.23307630E+00 -0.23466824E-01
 -0.20153141E+00 -0.22919921E+00 -0.24979216E-01
 -0.19962650E+00 -0.22529902E+00 -0.26376562E-01
 -0.19775940E+00 -0.22139476E+00 -0.27655552E-01
 -0.19593919E+00 -0.21750278E+00 -0.28815981E-01
 -0.19417430E+00 -0.21363688E+00 -0.29860252E-01
 -0.19247207E+00 -0.20980858E+00 -0.30792887E-01
 -0.19083818E+00 -0.20602762E+00 -0.31620080E-01
 -0.18927635E+00 -0.20230233E+00 -0.32349297E-01
 -0.18778804E+00 -0.19863999E+00 -0.32988932E-01
 -0.18637255E+00 -0.19504686E+00 -0.33548018E-01
 -0.18502729E+00 -0.19152817E+00 -0.34035985E-01
 -0.18374824E+00 -0.18808776E+00 -0.34462452E-01
 -0.18253048E+00 -0.18472792E+00 -0.34837044E-01
 -0.18136875E+00 -0.18144900E+00 -0.35169226E-01
 -0.18025785E+00 -0.17824937E+00 -0.35468152E-01
 -0.17919288E+00 -0.17512544E+00 -0.35742515E-01
 -0.17816932E+00 -0.17207190E+00 -0.36000411E-01
 -0.17718293E+00 -0.16908210E+00 -0.36249212E-01
 -0.17622956E+00 -0.16614858E+00 -0.36495453E-01
 -0.17530496E+00 -0.16326354E+00 -0.36744727E-01
 -0.17440457E+00 -0.16041935E+00 -0.37001600E-01
 -0.17352348E+00 -0.15760888E+00 -0.37269543E-01
 -0.17265647E+00 -0.15482568E+00 -0.37550866E-01
 -0.17179821E+00 -0.15206406E+00 -0.37846678E-01
 -0.17094354E+00 -0.14931897E+00 -0.38156857E-01
 -0.17008778E+00 -0.14658584E+00 -0.38480031E-01
 -0.16922704E+00 -0.14386038E+00 -0.38813583E-01
 -0.16835845E+00 -0.14113842E+00 -0.39153683E-01
 -0.16748022E+00 -0.13841588E+00 -0.39495339E-01
 -0.16659160E+00 -0.13568871E+00 -0.39832480E-01
 -0.16569266E+00 -0.13295312E+00 -0.40158063E-01
 -0.16478395E+00 -0.13020571E+00 -0.40464210E-01
 -0.16386621E+00 -0.12744374E+00 -0.40742345E-01
 -0.16294005E+00 -0.12466523E+00 -0.40983347E-01
 -0.16200570E+00 -0.12186905E+00 -0.41177687E-01
 -0.16106302E+00 -0.11905479E+00 -0.41315555E-01
 -0.16011152E+00 -0.11622255E+00 -0.41386951E-01
 -0.15915057E+00 -0.11337258E+00 -0.41381755E-01
 -0.15817970E+00 -0.11050490E+00 -0.41289757E-01
 -0.15719876E+00 -0.10761888E+00 -0.41100669E-01
 -0.15620818E+00 -0.10471304E+00 -0.40804100E-01
 -0.15520891E+00 -0.10178481E+00 -0.40389534E-01
 -0.15420238E+00 -0.98830606E-01 -0.39846286E-01
 -0.15319029E+00 -0.95845895E-01 -0.39163473E-01
 -0.15217430E+00 -0.92825404E-01 -0.38330001E-01
 -0.15115581E+00 -0.89763310E-01 -0.37334573E-01
 -0.15013573E+00 -0.86653381E-01 -0.36165754E-01
 -0.14911446E+00 -0.83489020E-01 -0.34812088E-01
 -0.14809192E+00 -0.80263211E-01 -0.33262301E-01
 -0.14706778E+00 -0.76968377E-01 -0.31505620E-01
 -0.14604171E+00 -0.73596222E-01 -0.29532225E-01
 -0.14501368E+00 -0.70137606E-01 -0.27333864E-01
 -0.14398421E+00 -0.66582552E-01 -0.24904675E-01
 -0.14295454E+00 -0.62920431E-01 -0.22242224E-01
 -0.14192662E+00 -0.59140383E-01 -0.19348792E-01
 -0.14090300E+00 -0.55231997E-01 -0.16232920E-01
 -0.13988655E+00 -0.51186252E-01 -0.12911193E-01
 -0.13888017E+00 -0.46996717E-01 -0.94102407E-02
 -0.13788631E+00 -0.42660987E-01 -0.57688542E-02
 -0.13690658E+00 -0.38182343E-01 -0.20400780E-02
 -0.13594124E+00 -0.33571614E-01  0.17069507E-02
 -0.13498881E+00 -0.28849200E-01  0.53857514E-02
 -0.13404564E+00 -0.24047191E-01  0.88922759E-02
 -0.13310549E+00 -0.19211443E-01  0.12106243E-01
 -0.13215933E+00 -0.14403384E-01  0.14894613E-01
 -0.13119521E+00 -0.97012197E-02  0.17117721E-01
 -0.13019852E+00 -0.52000875E-02  0.18638404E-01
 -0.12915266E+00 -0.10106483E-02  0.19334016E-01
 -0.12804043E+00  0.27443717E-02  0.19110660E-01
 -0.12684599E+00  0.59360101E-02  0.17918164E-01
 -0.12555752E+00  0.84372504E-02  0.15763634E-01
 -0.12417021E+00  0.10133051E-01  0.12720902E-01
 -0.12268914E+00  0.10931165E-01  0.89332574E-02
 -0.12113150E+00  0.10772247E-01  0.46076072E-02
 -0.11952746E+00  0.96375221E-02 -0.32020203E-06
 -0.30971011E-01 -0.49094171E-01 -0.10288055E-06
 -0.30910249E-01 -0.49070508E-01  0.20672611E-02
 -0.30766478E-01 -0.48961623E-01  0.41233486E-02
 -0.30543195E-01 -0.48764738E-01  0.61572903E-02
 -0.30244386E-01 -0.48477038E-01  0.81589648E-02
 -0.29873991E-01 -0.48096174E-01  0.10119321E-01
 -0.29435445E-01 -0.47620671E-01  0.12030650E-01
 -0.28931419E-01 -0.47050106E-01  0.13886788E-01
 -0.28363843E-01 -0.46384982E-01  0.15683263E-01
 -0.27734213E-01 -0.45626280E-01  0.17417368E-01
 -0.27044093E-01 -0.44774784E-01  0.19088184E-01
 -0.26295668E-01 -0.43830324E-01  0.20696555E-01
 -0.25492194E-01 -0.42791089E-01  0.22245024E-01
 -0.24638186E-01 -0.41653158E-01  0.23737759E-01
 -0.25095374E+00 -0.29251701E+00 -0.15498740E-01
 -0.24839095E+00 -0.28868066E+00 -0.17630251E-01
 -0.24575328E+00 -0.28464464E+00 -0.19755802E-01
 -0.24305991E+00 -0.28043340E+00 -0.21843240E-01
 -0.24032939E+00 -0.27607328E+00 -0.23864322E-01
 -0.23757913E+00 -0.27159200E+00 -0.25795347E-01
 -0.23482519E+00 -0.26701784E+00 -0.27617465E-01
 -0.23208235E+00 -0.26237870E+00 -0.29316703E-01
 -0.22936429E+00 -0.25770112E+00 -0.30883768E-01
 -0.22668383E+00 -0.25300948E+00 -0.32313670E-01
 -0.22405294E+00 -0.24832546E+00 -0.33605233E-01
 -0.22148272E+00 -0.24366779E+00 -0.34760538E-01
 -0.21898304E+00 -0.23905232E+00 -0.35784361E-01
 -0.21656225E+00 -0.23449233E+00 -0.36683615E-01
 -0.21422673E+00 -0.22999893E+00 -0.37466854E-01
 -0.21198063E+00 -0.22558142E+00 -0.38143826E-01
 -0.20982574E+00 -0.22124761E+00 -0.38725096E-01
 -0.20776167E+00 -0.21700388E+00 -0.39221724E-01
 -0.20578606E+00 -0.21285518E+00 -0.39645003E-01
 -0.20389514E+00 -0.20880488E+00 -0.40006231E-01
 -0.20208415E+00 -0.20485456E+00 -0.40316519E-01
 -0.20034786E+00 -0.20100394E+00 -0.40586611E-01
 -0.19868092E+00 -0.19725082E+00 -0.40826730E-01
 -0.19707810E+00 -0.19359123E+00 -0.41046431E-01
 -0.19553438E+00 -0.19001967E+00 -0.41254461E-01
 -0.19404490E+00 -0.18652949E+00 -0.41458645E-01
 -0.19260487E+00 -0.18311335E+00 -0.41665775E-01
 -0.19120943E+00 -0.17976360E+00 -0.41881523E-01
 -0.18985358E+00 -0.17647270E+00 -0.42110370E-01
 -0.18853216E+00 -0.17323345E+00 -0.42355553E-01
 -0.18723995E+00 -0.17003919E+00 -0.42619025E-01
 -0.18597180E+00 -0.16688381E+00 -0.42901438E-01
 -0.18472284E+00 -0.16376174E+00 -0.43202132E-01
 -0.18348875E+00 -0.16066778E+00 -0.43519151E-01
 -0.18226594E+00 -0.15759706E+00 -0.43849269E-01
 -0.18105167E+00 -0.15454485E+00 -0.44188045E-01
 -0.17984408E+00 -0.15150663E+00 -0.44529898E-01
 -0.17864211E+00 -0.14847804E+00 -0.44868206E-01
 -0.17744526E+00 -0.14545508E+00 -0.45195427E-01
 -0.17625339E+00 -0.14243416E+00 -0.45503238E-01
 -0.17506640E+00 -0.13941234E+00 -0.45782681E-01
 -0.17388403E+00 -0.13638734E+00 -0.46024308E-01
 -0.17270569E+00 -0.13335758E+00 -0.46218316E-01
 -0.17153045E+00 -0.13032205E+00 -0.46354659E-01
 -0.17035712E+00 -0.12728007E+00 -0.46423135E-01
 -0.16918446E+00 -0.12423097E+00 -0.46413441E-01
 -0.16801135E+00 -0.12117380E+00 -0.46315198E-01
 -0.16683700E+00 -0.11810699E+00 -0.46117949E-01
 -0.16566107E+00 -0.11502816E+00 -0.45811139E-01
 -0.16448367E+00 -0.11193398E+00 -0.45384077E-01
 -0.16330524E+00 -0.10882025E+00 -0.44825903E-01
 -0.16212635E+00 -0.10568197E+00 -0.44125553E-01
 -0.16094752E+00 -0.10251350E+00 -0.43271743E-01
 -0.15976891E+00 -0.99308756E-01 -0.42252980E-01
 -0.15859025E+00 -0.96061265E-01 -0.41057619E-01
 -0.15741081E+00 -0.92764204E-01 -0.39673977E-01
 -0.15622942E+00 -0.89410322E-01 -0.38090527E-01
 -0.15504476E+00 -0.85991814E-01 -0.36296207E-01
 -0.15385551E+00 -0.82500187E-01 -0.34280856E-01
 -0.15266071E+00 -0.78926182E-01 -0.32035828E-01
 -0.15145991E+00 -0.75259827E-01 -0.29554797E-01
 -0.15025334E+00 -0.71490670E-01 -0.26834793E-01
 -0.14904191E+00 -0.67608231E-01 -0.23877481E-01
 -0.14782713E+00 -0.63602695E-01 -0.20690698E-01
 -0.14661089E+00 -0.59465852E-01 -0.17290235E-01
 -0.14539520E+00 -0.55192258E-01 -0.13701823E-01
 -0.14418190E+00 -0.50780635E-01 -0.99632271E-02
 -0.14297229E+00 -0.46235470E-01 -0.61263167E-02
 -0.14176679E+00 -0.41568800E-01 -0.22588651E-02
 -0.14056463E+00 -0.36802157E-01  0.15542400E-02
 -0.13936352E+00 -0.31968588E-01  0.52108083E-02
 -0.13815932E+00 -0.27114617E-01  0.85927024E-02
 -0.13694589E+00 -0.22301915E-01  0.11569293E-01
 -0.13571498E+00 -0.17608360E-01  0.14003519E-01
 -0.13445653E+00 -0.13128030E-01  0.15760848E-01
 -0.13315926E+00 -0.89696685E-02  0.16721037E-01
 -0.13181194E+00 -0.52531575E-02  0.16792001E-01
 -0.13040515E+00 -0.21037334E-02  0.15924364E-01
 -0.12893364E+00  0.35599233E-03  0.14124569E-01
 -0.12739886E+00  0.20156838E-02  0.11463973E-01
 -0.12581141E+00  0.27875703E-02  0.80813958E-02
 -0.12419273E+00  0.26159367E-02  0.41773779E-02
 -0.12257551E+00  0.14842308E-02 -0.21490838E-06
 -0.30085468E-01 -0.50374410E-01 -0.85146484E-07
 -0.30021919E-01 -0.50350679E-01  0.19605225E-02
 -0.29876128E-01 -0.50235299E-01  0.39090514E-02
 -0.29651501E-01 -0.50025787E-01  0.58338504E-02
 -0.29352014E-01 -0.49719683E-01  0.77240523E-02
 -0.28981700E-01 -0.49315029E-01  0.95699099E-02
 -0.28544186E-01 -0.48810781E-01  0.11363070E-01
 -0.28042409E-01 -0.48207029E-01  0.13096781E-01
 -0.27478593E-01 -0.47504914E-01  0.14766021E-01
 -0.26854514E-01 -0.46706252E-01  0.16367559E-01
 -0.26171957E-01 -0.45812915E-01  0.17899957E-01
 -0.25433249E-01 -0.44826136E-01  0.19363510E-01
 -0.24641682E-01 -0.43745863E-01  0.20760164E-01
 -0.23801727E-01 -0.42570330E-01  0.22093392E-01
 -0.22918926E-01 -0.41295899E-01  0.23368074E-01
 -0.28588050E+00 -0.32701531E+00 -0.23968237E-01
 -0.28228822E+00 -0.32199912E+00 -0.26335371E-01
 -0.27862466E+00 -0.31679383E+00 -0.28628559E-01
 -0.27491450E+00 -0.31143215E+00 -0.30819651E-01
 -0.27118099E+00 -0.30594756E+00 -0.32885732E-01
 -0.26744568E+00 -0.30037340E+00 -0.34809356E-01
 -0.26372832E+00 -0.29474203E+00 -0.36578479E-01
 -0.26004701E+00 -0.28908389E+00 -0.38186152E-01
 -0.25641826E+00 -0.28342675E+00 -0.39630042E-01
 -0.25285704E+00 -0.27779527E+00 -0.40911840E-01
 -0.24937669E+00 -0.27221079E+00 -0.42036615E-01
 -0.24598872E+00 -0.26669141E+00 -0.43012162E-01
 -0.24270249E+00 -0.26125228E+00 -0.43848382E-01
 -0.23952497E+00 -0.25590596E+00 -0.44556723E-01
 -0.23646062E+00 -0.25066276E+00 -0.45149688E-01
 -0.23351142E+00 -0.24553096E+00 -0.45640414E-01
 -0.23067701E+00 -0.24051702E+00 -0.46042329E-01
 -0.22795516E+00 -0.23562549E+00 -0.46368859E-01
 -0.22534213E+00 -0.23085904E+00 -0.46633191E-01
 -0.22283321E+00 -0.22621836E+00 -0.46848066E-01
 -0.22042314E+00 -0.22170220E+00 -0.47025604E-01
 -0.21810638E+00 -0.21730746E+00 -0.47177147E-01
 -0.21587737E+00 -0.21302943E+00 -0.47313119E-01
 -0.21373054E+00 -0.20886208E+00 -0.47442906E-01
 -0.21166038E+00 -0.20479847E+00 -0.47574745E-01
 -0.20966131E+00 -0.20083111E+00 -0.47715642E-01
 -0.20772771E+00 -0.19695234E+00 -0.47871300E-01
 -0.20585388E+00 -0.19315458E+00 -0.48046072E-01
 -0.20403411E+00 -0.18943055E+00 -0.48242931E-01
 -0.20226282E+00 -0.18577335E+00 -0.48463456E-01
 -0.20053468E+00 -0.18217647E+00 -0.48707838E-01
 -0.19884483E+00 -0.17863375E+00 -0.48974899E-01
 -0.19718903E+00 -0.17513932E+00 -0.49262129E-01
 -0.19556376E+00 -0.17168752E+00 -0.49565739E-01
 -0.19396628E+00 -0.16827288E+00 -0.49880738E-01
 -0.19239457E+00 -0.16489017E+00 -0.50201023E-01
 -0.19084717E+00 -0.16153445E+00 -0.50519497E-01
 -0.18932303E+00 -0.15820116E+00 -0.50828193E-01
 -0.18782120E+00 -0.15488630E+00 -0.51118425E-01
 -0.18634070E+00 -0.15158645E+00 -0.51380926E-01
 -0.18488028E+00 -0.14829886E+00 -0.51605989E-01
 -0.18343839E+00 -0.14502134E+00 -0.51783598E-01
 -0.18201321E+00 -0.14175212E+00 -0.51903525E-01
 -0.18060272E+00 -0.13848965E+00 -0.51955405E-01
 -0.17920490E+00 -0.13523227E+00 -0.51928784E-01
 -0.17781789E+00 -0.13197798E+00 -0.51813131E-01
 -0.17644013E+00 -0.12872415E+00 -0.51597833E-01
 -0.17507042E+00 -0.12546746E+00 -0.51272165E-01
 -0.17370791E+00 -0.12220374E+00 -0.50825256E-01
 -0.17235194E+00 -0.11892811E+00 -0.50246048E-01
 -0.17100190E+00 -0.11563503E+00 -0.49523267E-01
 -0.16965701E+00 -0.11231844E+00 -0.48645407E-01
 -0.16831620E+00 -0.10897190E+00 -0.47600736E-01
 -0.16697793E+00 -0.10558860E+00 -0.46377354E-01
 -0.16564031E+00 -0.10216140E+00 -0.44963295E-01
 -0.16430110E+00 -0.98682689E-01 -0.43346719E-01
 -0.16295797E+00 -0.95144310E-01 -0.41516200E-01
 -0.16160868E+00 -0.91537453E-01 -0.39461159E-01
 -0.16025134E+00 -0.87852629E-01 -0.37172454E-01
 -0.15888455E+00 -0.84079776E-01 -0.34643172E-01
 -0.15750753E+00 -0.80208544E-01 -0.31869654E-01
 -0.15612013E+00 -0.76228775E-01 -0.28852758E-01
 -0.15472277E+00 -0.72131198E-01 -0.25599384E-01
 -0.15331629E+00 -0.67908351E-01 -0.22124239E-01
 -0.15190178E+00 -0.63555704E-01 -0.18451804E-01
 -0.15048038E+00 -0.59072999E-01 -0.14618412E-01
 -0.14905305E+00 -0.54465783E-01 -0.10674279E-01
 -0.14762031E+00 -0.49747130E-01 -0.66852800E-02
 -0.14618205E+00 -0.44939512E-01 -0.27341252E-02
 -0.14473724E+00 -0.40076743E-01  0.10794708E-02
 -0.14328372E+00 -0.35205856E-01  0.46401367E-02
 -0.14181804E+00 -0.30388671E-01  0.78202461E-02
 -0.14033540E+00 -0.25702725E-01  0.10485857E-01
 -0.13882993E+00 -0.21241136E-01  0.12505460E-01
 -0.13729529E+00 -0.17110939E-01  0.13761436E-01
 -0.13572576E+00 -0.13429486E-01  0.14163520E-01
 -0.13411792E+00 -0.10318685E-01  0.13662902E-01
 -0.13247268E+00 -0.78971806E-02  0.12264894E-01
 -0.13079747E+00 -0.62710356E-02  0.10037679E-01
 -0.12910816E+00 -0.55239187E-02  0.71147258E-02
 -0.12743031E+00 -0.57081717E-02  0.36891820E-02
 -0.12579913E+00 -0.68382321E-02 -0.69187301E-07
 -0.29314358E-01 -0.51774229E-01 -0.39290093E-07
 -0.29244910E-01 -0.51752789E-01  0.18530037E-02
 -0.29092499E-01 -0.51633276E-01  0.36932725E-02
 -0.28860655E-01 -0.51413355E-01  0.55084434E-02
 -0.28553691E-01 -0.51090682E-01  0.72870169E-02
 -0.28176179E-01 -0.50663381E-01  0.90186678E-02
 -0.27732437E-01 -0.50130518E-01  0.10694530E-01
 -0.27226153E-01 -0.49492384E-01  0.12307401E-01
 -0.26660277E-01 -0.48750521E-01  0.13851871E-01
 -0.26037190E-01 -0.47907426E-01  0.15324369E-01
 -0.25359101E-01 -0.46966017E-01  0.16723142E-01
 -0.24628534E-01 -0.45928978E-01  0.18048181E-01
 -0.23848767E-01 -0.44798133E-01  0.19301102E-01
 -0.23024069E-01 -0.43573999E-01  0.20485002E-01
 -0.22159664E-01 -0.42255600E-01  0.21604304E-01
 -0.21261429E-01 -0.40840516E-01  0.22664593E-01
 -0.32305769E+00 -0.36362658E+00 -0.34628534E-01
 -0.31818865E+00 -0.35718621E+00 -0.37144291E-01
 -0.31326678E+00 -0.35058586E+00 -0.39512126E-01
 -0.30832246E+00 -0.34386615E+00 -0.41710838E-01
 -0.30338381E+00 -0.33706665E+00 -0.43725373E-01
 -0.29847649E+00 -0.33022505E+00 -0.45546632E-01
 -0.29362373E+00 -0.32337634E+00 -0.47171025E-01
 -0.28884632E+00 -0.31655214E+00 -0.48599863E-01
 -0.28416262E+00 -0.30978040E+00 -0.49838640E-01
 -0.27958848E+00 -0.30308521E+00 -0.50896285E-01
 -0.27513710E+00 -0.29648699E+00 -0.51784413E-01
 -0.27081888E+00 -0.29000271E+00 -0.52516634E-01
 -0.26664128E+00 -0.28364629E+00 -0.53107925E-01
 -0.26260887E+00 -0.27742891E+00 -0.53574090E-01
 -0.25872349E+00 -0.27135921E+00 -0.53931305E-01
 -0.25498461E+00 -0.26544348E+00 -0.54195740E-01
 -0.25138973E+00 -0.25968572E+00 -0.54383255E-01
 -0.24793489E+00 -0.25408762E+00 -0.54509148E-01
 -0.24461516E+00 -0.24864871E+00 -0.54587950E-01
 -0.24142501E+00 -0.24336642E+00 -0.54633251E-01
 -0.23835857E+00 -0.23823637E+00 -0.54657559E-01
 -0.23540980E+00 -0.23325267E+00 -0.54672179E-01
 -0.23257253E+00 -0.22840833E+00 -0.54687110E-01
 -0.22984044E+00 -0.22369569E+00 -0.54710964E-01
 -0.22720708E+00 -0.21910674E+00 -0.54750909E-01
 -0.22466583E+00 -0.21463347E+00 -0.54812628E-01
 -0.22221004E+00 -0.21026806E+00 -0.54900301E-01
 -0.21983311E+00 -0.20600299E+00 -0.55016603E-01
 -0.21752867E+00 -0.20183105E+00 -0.55162719E-01
 -0.21529083E+00 -0.19774525E+00 -0.55338377E-01
 -0.21311429E+00 -0.19373882E+00 -0.55541896E-01
 -0.21099452E+00 -0.18980510E+00 -0.55770242E-01
 -0.20892778E+00 -0.18593753E+00 -0.56019109E-01
 -0.20691110E+00 -0.18212967E+00 -0.56283011E-01
 -0.20494212E+00 -0.17837532E+00 -0.56555389E-01
 -0.20301894E+00 -0.17466859E+00 -0.56828737E-01
 -0.20113982E+00 -0.17100409E+00 -0.57094735E-01
 -0.19930302E+00 -0.16737702E+00 -0.57344398E-01
 -0.19750657E+00 -0.16378322E+00 -0.57568211E-01
 -0.19574820E+00 -0.16021917E+00 -0.57756269E-01
 -0.19402528E+00 -0.15668188E+00 -0.57898384E-01
 -0.19233494E+00 -0.15316871E+00 -0.57984184E-01
 -0.19067419E+00 -0.14967712E+00 -0.58003170E-01
 -0.18904006E+00 -0.14620438E+00 -0.57944756E-01
 -0.18742980E+00 -0.14274740E+00 -0.57798270E-01
 -0.18584090E+00 -0.13930248E+00 -0.57552941E-01
 -0.18427121E+00 -0.13586528E+00 -0.57197869E-01
 -0.18271877E+00 -0.13243075E+00 -0.56721986E-01
 -0.18118178E+00 -0.12899325E+00 -0.56114018E-01
 -0.17965834E+00 -0.12554662E+00 -0.55362452E-01
 -0.17814637E+00 -0.12208428E+00 -0.54455518E-01
 -0.17664347E+00 -0.11859932E+00 -0.53381206E-01
 -0.17514686E+00 -0.11508450E+00 -0.52127305E-01
 -0.17365345E+00 -0.11153222E+00 -0.50681507E-01
 -0.17215994E+00 -0.10793443E+00 -0.49031588E-01
 -0.17066299E+00 -0.10428249E+00 -0.47165683E-01
 -0.16915944E+00 -0.10056721E+00 -0.45072699E-01
 -0.16764645E+00 -0.96778776E-01 -0.42742888E-01
 -0.16612166E+00 -0.92906993E-01 -0.40168625E-01
 -0.16458326E+00 -0.88941560E-01 -0.37345403E-01
 -0.16303001E+00 -0.84872593E-01 -0.34273080E-01
 -0.16146119E+00 -0.80691313E-01 -0.30957385E-01
 -0.15987658E+00 -0.76390937E-01 -0.27411653E-01
 -0.15827629E+00 -0.71967753E-01 -0.23658774E-01
 -0.15666073E+00 -0.67422393E-01 -0.19733234E-01
 -0.15503044E+00 -0.62761308E-01 -0.15683124E-01
 -0.15338602E+00 -0.57998423E-01 -0.11571880E-01
 -0.15172788E+00 -0.53156954E-01 -0.74794397E-02
 -0.15005617E+00 -0.48271295E-01 -0.35024082E-02
 -0.14837051E+00 -0.43388829E-01  0.24725487E-03
 -0.14666988E+00 -0.38571413E-01  0.36455503E-02
 -0.14495264E+00 -0.33896201E-01  0.65622110E-02
 -0.14321675E+00 -0.29455387E-01  0.88691940E-02
 -0.14146038E+00 -0.25354423E-01  0.10451774E-01
 -0.13968295E+00 -0.21708332E-01  0.11221567E-01
 -0.13788661E+00 -0.18635961E-01  0.11130147E-01
 -0.13607805E+00 -0.16252300E-01  0.10181253E-01
 -0.13427033E+00 -0.14659461E-01  0.84392061E-02
 -0.13248440E+00 -0.13937294E-01  0.60312127E-02
 -0.13074980E+00 -0.14134978E-01  0.31419452E-02
 -0.12910424E+00 -0.15264926E-01  0.10002137E-06
 -0.28642101E-01 -0.53250751E-01  0.23161902E-07
 -0.28563469E-01 -0.53234140E-01  0.17435102E-02
 -0.28399678E-01 -0.53113045E-01  0.34736632E-02
 -0.28154612E-01 -0.52885118E-01  0.51776220E-02
 -0.27833269E-01 -0.52547886E-01  0.68433906E-02
 -0.27441190E-01 -0.52099278E-01  0.84602029E-02
 -0.26983844E-01 -0.51538166E-01  0.10018817E-01
 -0.26466128E-01 -0.50864780E-01  0.11511725E-01
 -0.25892119E-01 -0.50080846E-01  0.12933280E-01
 -0.25265117E-01 -0.49189414E-01  0.14279728E-01
 -0.24587945E-01 -0.48194410E-01  0.15549180E-01
 -0.23863401E-01 -0.47100015E-01  0.16741512E-01
 -0.23094703E-01 -0.45910040E-01  0.17858223E-01
 -0.22285780E-01 -0.44627422E-01  0.18902268E-01
 -0.21441337E-01 -0.43253949E-01  0.19877871E-01
 -0.20566666E-01 -0.41790217E-01  0.20790339E-01
 -0.19667280E-01 -0.40235757E-01  0.21645878E-01
 -0.36186784E+00 -0.40170306E+00 -0.47771160E-01
 -0.35546091E+00 -0.39358582E+00 -0.50314543E-01
 -0.34903961E+00 -0.38536069E+00 -0.52633601E-01
 -0.34263977E+00 -0.37707478E+00 -0.54717037E-01
 -0.33629392E+00 -0.36877212E+00 -0.56560061E-01
 -0.33003110E+00 -0.36049295E+00 -0.58163777E-01
 -0.32387687E+00 -0.35227320E+00 -0.59534408E-01
 -0.31785328E+00 -0.34414432E+00 -0.60682442E-01
 -0.31197888E+00 -0.33613318E+00 -0.61621752E-01
 -0.30626858E+00 -0.32826237E+00 -0.62368753E-01
 -0.30073371E+00 -0.32055047E+00 -0.62941619E-01
 -0.29538202E+00 -0.31301244E+00 -0.63359600E-01
 -0.29021790E+00 -0.30565998E+00 -0.63642432E-01
 -0.28524273E+00 -0.29850173E+00 -0.63809845E-01
 -0.28045532E+00 -0.29154350E+00 -0.63881168E-01
 -0.27585245E+00 -0.28478835E+00 -0.63875012E-01
 -0.27142947E+00 -0.27823672E+00 -0.63809018E-01
 -0.26718079E+00 -0.27188656E+00 -0.63699662E-01
 -0.26310020E+00 -0.26573363E+00 -0.63562102E-01
 -0.25918117E+00 -0.25977179E+00 -0.63410050E-01
 -0.25541692E+00 -0.25399351E+00 -0.63255691E-01
 -0.25180043E+00 -0.24839032E+00 -0.63109605E-01
 -0.24832443E+00 -0.24295328E+00 -0.62980732E-01
 -0.24498135E+00 -0.23767336E+00 -0.62876343E-01
 -0.24176338E+00 -0.23254177E+00 -0.62802040E-01
 -0.23866260E+00 -0.22755007E+00 -0.62761775E-01
 -0.23567114E+00 -0.22269021E+00 -0.62757883E-01
 -0.23278147E+00 -0.21795445E+00 -0.62791125E-01
 -0.22998661E+00 -0.21333522E+00 -0.62860756E-01
 -0.22728037E+00 -0.20882503E+00 -0.62964595E-01
 -0.22465747E+00 -0.20441629E+00 -0.63099109E-01
 -0.22211357E+00 -0.20010141E+00 -0.63259508E-01
 -0.21964512E+00 -0.19587277E+00 -0.63439856E-01
 -0.21724923E+00 -0.19172292E+00 -0.63633191E-01
 -0.21492336E+00 -0.18764473E+00 -0.63831652E-01
 -0.21266505E+00 -0.18363158E+00 -0.64026622E-01
 -0.21047165E+00 -0.17967752E+00 -0.64208869E-01
 -0.20834019E+00 -0.17577731E+00 -0.64368675E-01
 -0.20626726E+00 -0.17192640E+00 -0.64495969E-01
 -0.20424909E+00 -0.16812075E+00 -0.64580423E-01
 -0.20228163E+00 -0.16435668E+00 -0.64611537E-01
 -0.20036072E+00 -0.16063056E+00 -0.64578690E-01
 -0.19848229E+00 -0.15693856E+00 -0.64471163E-01
 -0.19664250E+00 -0.15327645E+00 -0.64278139E-01
 -0.19483777E+00 -0.14963944E+00 -0.63988681E-01
 -0.19306480E+00 -0.14602215E+00 -0.63591699E-01
 -0.19132049E+00 -0.14241861E+00 -0.63075909E-01
 -0.18960175E+00 -0.13882234E+00 -0.62429794E-01
 -0.18790541E+00 -0.13522647E+00 -0.61641571E-01
 -0.18622805E+00 -0.13162378E+00 -0.60699173E-01
 -0.18456596E+00 -0.12800678E+00 -0.59590260E-01
 -0.18291510E+00 -0.12436767E+00 -0.58302257E-01
 -0.18127119E+00 -0.12069830E+00 -0.56822450E-01
 -0.17962985E+00 -0.11699003E+00 -0.55138152E-01
 -0.17798673E+00 -0.11323373E+00 -0.53236971E-01
 -0.17633770E+00 -0.10941972E+00 -0.51107197E-01
 -0.17467895E+00 -0.10553787E+00 -0.48738365E-01
 -0.17300713E+00 -0.10157781E+00 -0.46121997E-01
 -0.17131937E+00 -0.97529260E-01 -0.43252579E-01
 -0.16961330E+00 -0.93382573E-01 -0.40128779E-01
 -0.16788707E+00 -0.89129409E-01 -0.36754921E-01
 -0.16613934E+00 -0.84763581E-01 -0.33142691E-01
 -0.16436924E+00 -0.80282078E-01 -0.29313048E-01
 -0.16257642E+00 -0.75686282E-01 -0.25298233E-01
 -0.16076097E+00 -0.70983376E-01 -0.21143742E-01
 -0.15892344E+00 -0.66187951E-01 -0.16910038E-01
 -0.15706471E+00 -0.61323776E-01 -0.12673689E-01
 -0.15518587E+00 -0.56425643E-01 -0.85275514E-02
 -0.15328810E+00 -0.51541123E-01 -0.45795103E-02
 -0.15137254E+00 -0.46731981E-01 -0.94929011E-03
 -0.14944036E+00 -0.42074910E-01  0.22371086E-02
 -0.14749295E+00 -0.37661148E-01  0.48555905E-02
 -0.14553260E+00 -0.33594586E-01  0.67946472E-02
 -0.14356342E+00 -0.29988010E-01  0.79678896E-02
 -0.14159275E+00 -0.26957347E-01  0.83271365E-02
 -0.13963269E+00 -0.24614123E-01  0.78741476E-02
 -0.13770162E+00 -0.23056708E-01  0.66687066E-02
 -0.13582528E+00 -0.22361349E-01  0.48308371E-02
 -0.13403702E+00 -0.22574221E-01  0.25356117E-02
 -0.13237694E+00 -0.23705792E-01  0.27440269E-06
 -0.28051839E-01 -0.54747252E-01  0.84517267E-07
 -0.27960855E-01 -0.54737943E-01  0.16308460E-02
 -0.27781269E-01 -0.54617644E-01  0.32478789E-02
 -0.27517536E-01 -0.54383838E-01  0.48379503E-02
 -0.27175630E-01 -0.54033742E-01  0.63887276E-02
 -0.26762396E-01 -0.53564886E-01  0.78891588E-02
 -0.26284816E-01 -0.52975758E-01  0.93297769E-02
 -0.25749351E-01 -0.52266348E-01  0.10702915E-01
 -0.25161526E-01 -0.51438430E-01  0.12002831E-01
 -0.24525825E-01 -0.50495519E-01  0.13225734E-01
 -0.23845878E-01 -0.49442510E-01  0.14369741E-01
 -0.23124853E-01 -0.48285108E-01  0.15434763E-01
 -0.22365907E-01 -0.47029170E-01  0.16422337E-01
 -0.21572547E-01 -0.45680140E-01  0.17335438E-01
 -0.20748809E-01 -0.44242645E-01  0.18178264E-01
 -0.19899209E-01 -0.42720314E-01  0.18956032E-01
 -0.19028525E-01 -0.41115770E-01  0.19674770E-01
 -0.18141493E-01 -0.39430703E-01  0.20341129E-01
 -0.17242543E-01 -0.37665911E-01  0.20962211E-01
 -0.39321342E+00 -0.43027943E+00 -0.66069085E-01
 -0.38505915E+00 -0.42021187E+00 -0.68183419E-01
 -0.37699422E+00 -0.41016666E+00 -0.70000631E-01
 -0.36905410E+00 -0.40018997E+00 -0.71528250E-01
 -0.36126947E+00 -0.39032243E+00 -0.72779037E-01
 -0.35366624E+00 -0.38059902E+00 -0.73769955E-01
 -0.34626559E+00 -0.37104926E+00 -0.74521159E-01
 -0.33908407E+00 -0.36169751E+00 -0.75055032E-01
 -0.33213367E+00 -0.35256346E+00 -0.75395329E-01
 -0.32542210E+00 -0.34366254E+00 -0.75566427E-01
 -0.31895313E+00 -0.33500634E+00 -0.75592694E-01
 -0.31272713E+00 -0.32660294E+00 -0.75497980E-01
 -0.30674166E+00 -0.31845709E+00 -0.75305212E-01
 -0.30099218E+00 -0.31057042E+00 -0.75036075E-01
 -0.29547266E+00 -0.30294161E+00 -0.74710785E-01
 -0.29017617E+00 -0.29556661E+00 -0.74347909E-01
 -0.28509525E+00 -0.28843899E+00 -0.73964243E-01
 -0.28022214E+00 -0.28155040E+00 -0.73574733E-01
 -0.27554887E+00 -0.27489109E+00 -0.73192420E-01
 -0.27106720E+00 -0.26845050E+00 -0.72828423E-01
 -0.26676857E+00 -0.26221781E+00 -0.72491937E-01
 -0.26264402E+00 -0.25618236E+00 -0.72190261E-01
 -0.25868426E+00 -0.25033397E+00 -0.71928842E-01
 -0.25487976E+00 -0.24466309E+00 -0.71711329E-01
 -0.25122102E+00 -0.23916069E+00 -0.71539655E-01
 -0.24769888E+00 -0.23381819E+00 -0.71414112E-01
 -0.24430484E+00 -0.22862716E+00 -0.71333452E-01
 -0.24103128E+00 -0.22357917E+00 -0.71294978E-01
 -0.23787169E+00 -0.21866559E+00 -0.71294659E-01
 -0.23482063E+00 -0.21387758E+00 -0.71327237E-01
 -0.23187364E+00 -0.20920615E+00 -0.71386353E-01
 -0.22902694E+00 -0.20464235E+00 -0.71464670E-01
 -0.22627716E+00 -0.20017750E+00 -0.71554012E-01
 -0.22362093E+00 -0.19580346E+00 -0.71645497E-01
 -0.22105463E+00 -0.19151275E+00 -0.71729671E-01
 -0.21857418E+00 -0.18729872E+00 -0.71796640E-01
 -0.21617501E+00 -0.18315546E+00 -0.71836177E-01
 -0.21385206E+00 -0.17907767E+00 -0.71837819E-01
 -0.21159999E+00 -0.17506045E+00 -0.71790935E-01
 -0.20941336E+00 -0.17109895E+00 -0.71684766E-01
 -0.20728682E+00 -0.16718818E+00 -0.71508444E-01
 -0.20521525E+00 -0.16332275E+00 -0.71250986E-01
 -0.20319385E+00 -0.15949679E+00 -0.70901263E-01
 -0.20121807E+00 -0.15570385E+00 -0.70447971E-01
 -0.19928352E+00 -0.15193698E+00 -0.69879583E-01
 -0.19738583E+00 -0.14818884E+00 -0.69184311E-01
 -0.19552053E+00 -0.14445172E+00 -0.68350069E-01
 -0.19368287E+00 -0.14071768E+00 -0.67364454E-01
 -0.19186784E+00 -0.13697851E+00 -0.66214749E-01
 -0.19007016E+00 -0.13322574E+00 -0.64887958E-01
 -0.18828441E+00 -0.12945054E+00 -0.63370889E-01
 -0.18650508E+00 -0.12564368E+00 -0.61650314E-01
 -0.18472680E+00 -0.12179544E+00 -0.59713216E-01
 -0.18294443E+00 -0.11789569E+00 -0.57547164E-01
 -0.18115315E+00 -0.11393393E+00 -0.55140845E-01
 -0.17934856E+00 -0.10989962E+00 -0.52484791E-01
 -0.17752669E+00 -0.10578251E+00 -0.49572321E-01
 -0.17568406E+00 -0.10157316E+00 -0.46400721E-01
 -0.17381766E+00 -0.97263598E-01 -0.42972685E-01
 -0.17192504E+00 -0.92848149E-01 -0.39297983E-01
 -0.17000437E+00 -0.88324378E-01 -0.35395320E-01
 -0.16805449E+00 -0.83694264E-01 -0.31294309E-01
 -0.16607502E+00 -0.78965552E-01 -0.27037398E-01
 -0.16406635E+00 -0.74153322E-01 -0.22681553E-01
 -0.16202964E+00 -0.69281714E-01 -0.18299389E-01
 -0.15996675E+00 -0.64385744E-01 -0.13979376E-01
 -0.15788011E+00 -0.59513006E-01 -0.98246588E-02
 -0.15577269E+00 -0.54725031E-01 -0.59500257E-02
 -0.15364808E+00 -0.50097914E-01 -0.24765962E-02
 -0.15151071E+00 -0.45721834E-01  0.47599904E-03
 -0.14936656E+00 -0.41699049E-01  0.27998333E-02
 -0.14722401E+00 -0.38140070E-01  0.44106709E-02
 -0.14509517E+00 -0.35157924E-01  0.52604871E-02
 -0.14299716E+00 -0.32860741E-01  0.53486950E-02
 -0.14095333E+00 -0.31343270E-01  0.47298905E-02
 -0.13899391E+00 -0.30678284E-01  0.35159976E-02
 -0.13715582E+00 -0.30909080E-01  0.18713494E-02
 -0.13548149E+00 -0.32044245E-01  0.43583321E-06
 -0.27524471E-01 -0.56192346E-01  0.12466203E-06
 -0.27418328E-01 -0.56192561E-01  0.15138917E-02
 -0.27219337E-01 -0.56074971E-01  0.30137303E-02
 -0.26932691E-01 -0.55836785E-01  0.44862253E-02
 -0.26565513E-01 -0.55474830E-01  0.59188913E-02
 -0.26126136E-01 -0.54986183E-01  0.73005645E-02
 -0.25623239E-01 -0.54368910E-01  0.86217151E-02
 -0.25065047E-01 -0.53622730E-01  0.98746677E-02
 -0.24458735E-01 -0.52749433E-01  0.11053722E-01
 -0.23810166E-01 -0.51752961E-01  0.12155178E-01
 -0.23123951E-01 -0.50639148E-01  0.13177277E-01
 -0.22403760E-01 -0.49415187E-01  0.14120072E-01
 -0.21652761E-01 -0.48088972E-01  0.14985242E-01
 -0.20874044E-01 -0.46668440E-01  0.15775880E-01
 -0.20070904E-01 -0.45161052E-01  0.16496263E-01
 -0.19246959E-01 -0.43573442E-01  0.17151619E-01
 -0.18406081E-01 -0.41911250E-01  0.17747908E-01
 -0.17552247E-01 -0.40179059E-01  0.18291621E-01
 -0.16689361E-01 -0.38380357E-01  0.18789606E-01
 -0.15821156E-01 -0.36517450E-01  0.19248906E-01
 -0.43027187E+00 -0.46606900E+00 -0.84565756E-01
 -0.42018046E+00 -0.45397525E+00 -0.86286905E-01
 -0.41027287E+00 -0.44201346E+00 -0.87659720E-01
 -0.40058502E+00 -0.43022908E+00 -0.88705531E-01
 -0.39114657E+00 -0.41866048E+00 -0.89449610E-01
 -0.38198110E+00 -0.40733933E+00 -0.89919998E-01
 -0.37310637E+00 -0.39629114E+00 -0.90146433E-01
 -0.36453457E+00 -0.38553585E+00 -0.90159414E-01
 -0.35627277E+00 -0.37508848E+00 -0.89989403E-01
 -0.34832347E+00 -0.36495963E+00 -0.89666168E-01
 -0.34068532E+00 -0.35515587E+00 -0.89218272E-01
 -0.33335383E+00 -0.34568014E+00 -0.88672679E-01
 -0.32632226E+00 -0.33653189E+00 -0.88054467E-01
 -0.31958236E+00 -0.32770738E+00 -0.87386624E-01
 -0.31312498E+00 -0.31919996E+00 -0.86689925E-01
 -0.30694057E+00 -0.31100044E+00 -0.85982851E-01
 -0.30101940E+00 -0.30309764E+00 -0.85281566E-01
 -0.29535163E+00 -0.29547901E+00 -0.84599919E-01
 -0.28992725E+00 -0.28813125E+00 -0.83949484E-01
 -0.28473591E+00 -0.28104095E+00 -0.83339617E-01
 -0.27976688E+00 -0.27419512E+00 -0.82777540E-01
 -0.27500897E+00 -0.26758153E+00 -0.82268434E-01
 -0.27045073E+00 -0.26118882E+00 -0.81815549E-01
 -0.26608064E+00 -0.25500645E+00 -0.81420324E-01
 -0.26188748E+00 -0.24902447E+00 -0.81082505E-01
 -0.25786074E+00 -0.24323324E+00 -0.80800277E-01
 -0.25399091E+00 -0.23762307E+00 -0.80570385E-01
 -0.25026971E+00 -0.23218404E+00 -0.80388267E-01
 -0.24669014E+00 -0.22690587E+00 -0.80248184E-01
 -0.24324635E+00 -0.22177800E+00 -0.80143345E-01
 -0.23993333E+00 -0.21678976E+00 -0.80066046E-01
 -0.23674654E+00 -0.21193069E+00 -0.80007797E-01
 -0.23368150E+00 -0.20719078E+00 -0.79959455E-01
 -0.23073346E+00 -0.20256080E+00 -0.79911351E-01
 -0.22789716E+00 -0.19803234E+00 -0.79853404E-01
 -0.22516672E+00 -0.19359788E+00 -0.79775220E-01
 -0.22253578E+00 -0.18925060E+00 -0.79666176E-01
 -0.21999759E+00 -0.18498415E+00 -0.79515479E-01
 -0.21754531E+00 -0.18079241E+00 -0.79312197E-01
 -0.21517216E+00 -0.17666910E+00 -0.79045272E-01
 -0.21287166E+00 -0.17260769E+00 -0.78703510E-01
 -0.21063761E+00 -0.16860114E+00 -0.78275552E-01
 -0.20846411E+00 -0.16464198E+00 -0.77749841E-01
 -0.20634545E+00 -0.16072226E+00 -0.77114571E-01
 -0.20427593E+00 -0.15683368E+00 -0.76357647E-01
 -0.20224977E+00 -0.15296765E+00 -0.75466647E-01
 -0.20026094E+00 -0.14911539E+00 -0.74428790E-01
 -0.19830319E+00 -0.14526789E+00 -0.73230935E-01
 -0.19637004E+00 -0.14141592E+00 -0.71859605E-01
 -0.19445489E+00 -0.13754993E+00 -0.70301064E-01
 -0.19255118E+00 -0.13366001E+00 -0.68541453E-01
 -0.19065244E+00 -0.12973588E+00 -0.66567033E-01
 -0.18875250E+00 -0.12576694E+00 -0.64364536E-01
 -0.18684547E+00 -0.12174238E+00 -0.61921677E-01
 -0.18492589E+00 -0.11765150E+00 -0.59227854E-01
 -0.18298866E+00 -0.11348408E+00 -0.56275055E-01
 -0.18102917E+00 -0.10923086E+00 -0.53059003E-01
 -0.17904329E+00 -0.10488418E+00 -0.49580549E-01
 -0.17702749E+00 -0.10043878E+00 -0.45847290E-01
 -0.17497896E+00 -0.95892676E-01 -0.41875379E-01
 -0.17289577E+00 -0.91248293E-01 -0.37691437E-01
 -0.17077697E+00 -0.86513785E-01 -0.33334438E-01
 -0.16862270E+00 -0.81704555E-01 -0.28857357E-01
 -0.16643420E+00 -0.76844954E-01 -0.24328290E-01
 -0.16421383E+00 -0.71970055E-01 -0.19830701E-01
 -0.16196496E+00 -0.67127314E-01 -0.15462340E-01
 -0.15969201E+00 -0.62377844E-01 -0.11332398E-01
 -0.15740057E+00 -0.57796964E-01 -0.75564892E-02
 -0.15509770E+00 -0.53473604E-01 -0.42492424E-02
 -0.15279261E+00 -0.49508211E-01 -0.15146049E-02
 -0.15049755E+00 -0.46008868E-01  0.56554239E-03
 -0.14822894E+00 -0.43085596E-01  0.19432881E-02
 -0.14600850E+00 -0.40843089E-01  0.26153780E-02
 -0.14386414E+00 -0.39372491E-01  0.26306079E-02
 -0.14183023E+00 -0.38743171E-01  0.20919120E-02
 -0.13994702E+00 -0.38995621E-01  0.11517544E-02
 -0.13825903E+00 -0.40136597E-01  0.56778225E-06
 -0.27037384E-01 -0.57500265E-01  0.12530477E-06
 -0.26913821E-01 -0.57511860E-01  0.13916930E-02
 -0.26692979E-01 -0.57398266E-01  0.27693548E-02
 -0.26380868E-01 -0.57156392E-01  0.41197287E-02
 -0.25985778E-01 -0.56782740E-01  0.54303822E-02
 -0.25517505E-01 -0.56274064E-01  0.66902309E-02
 -0.24986401E-01 -0.55628166E-01  0.78898563E-02
 -0.24402449E-01 -0.54844632E-01  0.90217276E-02
 -0.23774528E-01 -0.53925356E-01  0.10080320E-01
 -0.23109993E-01 -0.52874728E-01  0.11062135E-01
 -0.22414587E-01 -0.51699471E-01  0.11965630E-01
 -0.21692652E-01 -0.50408173E-01  0.12791072E-01
 -0.20947521E-01 -0.49010639E-01  0.13540341E-01
 -0.20181962E-01 -0.47517179E-01  0.14216696E-01
 -0.19398564E-01 -0.45937967E-01  0.14824525E-01
 -0.18599994E-01 -0.44282537E-01  0.15369103E-01
 -0.17789113E-01 -0.42559430E-01  0.15856358E-01
 -0.16968977E-01 -0.40775979E-01  0.16292661E-01
 -0.16142788E-01 -0.38938160E-01  0.16684651E-01
 -0.15313849E-01 -0.37050475E-01  0.17039077E-01
 -0.47762021E+00 -0.51394455E+00 -0.10433488E+00
 -0.46517892E+00 -0.49948361E+00 -0.10586088E+00
 -0.45300199E+00 -0.48524062E+00 -0.10697110E+00
 -0.44113035E+00 -0.47126568E+00 -0.10769794E+00
 -0.42959695E+00 -0.45759999E+00 -0.10807718E+00
 -0.41842714E+00 -0.44427655E+00 -0.10814664E+00
 -0.40763913E+00 -0.43132097E+00 -0.10794501E+00
 -0.39724447E+00 -0.41875228E+00 -0.10751085E+00
 -0.38724871E+00 -0.40658383E+00 -0.10688172E+00
 -0.37765214E+00 -0.39482397E+00 -0.10609361E+00
 -0.36845066E+00 -0.38347665E+00 -0.10518038E+00
 -0.35963673E+00 -0.37254184E+00 -0.10417346E+00
 -0.35120034E+00 -0.36201585E+00 -0.10310158E+00
 -0.34312990E+00 -0.35189165E+00 -0.10199065E+00
 -0.33541302E+00 -0.34215920E+00 -0.10086372E+00
 -0.32803701E+00 -0.33280584E+00 -0.99740933E-01
 -0.32098920E+00 -0.32381690E+00 -0.98639605E-01
 -0.31425704E+00 -0.31517631E+00 -0.97574288E-01
 -0.30782794E+00 -0.30686734E+00 -0.96556881E-01
 -0.30168918E+00 -0.29887327E+00 -0.95596755E-01
 -0.29582767E+00 -0.29117804E+00 -0.94700904E-01
 -0.29022992E+00 -0.28376656E+00 -0.93874095E-01
 -0.28488211E+00 -0.27662497E+00 -0.93119034E-01
 -0.27977031E+00 -0.26974049E+00 -0.92436532E-01
 -0.27488089E+00 -0.26310124E+00 -0.91825670E-01
 -0.27020087E+00 -0.25669580E+00 -0.91283959E-01
 -0.26571841E+00 -0.25051285E+00 -0.90807499E-01
 -0.26142298E+00 -0.24454084E+00 -0.90391125E-01
 -0.25730553E+00 -0.23876781E+00 -0.90028554E-01
 -0.25335835E+00 -0.23318143E+00 -0.89712521E-01
 -0.24957475E+00 -0.22776915E+00 -0.89434914E-01
 -0.24594869E+00 -0.22251852E+00 -0.89186899E-01
 -0.24247431E+00 -0.21741753E+00 -0.88959043E-01
 -0.23914550E+00 -0.21245490E+00 -0.88741427E-01
 -0.23595567E+00 -0.20762025E+00 -0.88523744E-01
 -0.23289761E+00 -0.20290421E+00 -0.88295392E-01
 -0.22996352E+00 -0.19829820E+00 -0.88045534E-01
 -0.22714524E+00 -0.19379430E+00 -0.87763157E-01
 -0.22443442E+00 -0.18938490E+00 -0.87437092E-01
 -0.22182282E+00 -0.18506242E+00 -0.87056027E-01
 -0.21930246E+00 -0.18081907E+00 -0.86608495E-01
 -0.21686570E+00 -0.17664669E+00 -0.86082849E-01
 -0.21450523E+00 -0.17253673E+00 -0.85467222E-01
 -0.21221396E+00 -0.16848023E+00 -0.84749484E-01
 -0.20998487E+00 -0.16446792E+00 -0.83917192E-01
 -0.20781088E+00 -0.16049030E+00 -0.82957542E-01
 -0.20568474E+00 -0.15653767E+00 -0.81857336E-01
 -0.20359901E+00 -0.15260017E+00 -0.80602961E-01
 -0.20154606E+00 -0.14866774E+00 -0.79180401E-01
 -0.19951820E+00 -0.14473010E+00 -0.77575300E-01
 -0.19750775E+00 -0.14077668E+00 -0.75773089E-01
 -0.19550720E+00 -0.13679664E+00 -0.73759205E-01
 -0.19350928E+00 -0.13277894E+00 -0.71519428E-01
 -0.19150705E+00 -0.12871254E+00 -0.69040375E-01
 -0.18949392E+00 -0.12458660E+00 -0.66310168E-01
 -0.18746371E+00 -0.12039094E+00 -0.63319308E-01
 -0.18541067E+00 -0.11611646E+00 -0.60061782E-01
 -0.18332959E+00 -0.11175577E+00 -0.56536398E-01
 -0.18121590E+00 -0.10730391E+00 -0.52748349E-01
 -0.17906587E+00 -0.10275924E+00 -0.48710957E-01
 -0.17687676E+00 -0.98124521E-01 -0.44447523E-01
 -0.17464698E+00 -0.93408162E-01 -0.39993155E-01
 -0.17237627E+00 -0.88625754E-01 -0.35396375E-01
 -0.17006577E+00 -0.83801718E-01 -0.30720233E-01
 -0.16771802E+00 -0.78971033E-01 -0.26042602E-01
 -0.16533699E+00 -0.74180835E-01 -0.21455208E-01
 -0.16292815E+00 -0.69491621E-01 -0.17061005E-01
 -0.16049866E+00 -0.64977687E-01 -0.12969488E-01
 -0.15805777E+00 -0.60726444E-01 -0.92897377E-02
 -0.15561746E+00 -0.56836243E-01 -0.61213066E-02
 -0.15319338E+00 -0.53412474E-01 -0.35434865E-02
 -0.15080579E+00 -0.50561933E-01 -0.16040737E-02
 -0.14848055E+00 -0.48385723E-01 -0.30925913E-03
 -0.14624968E+00 -0.46971314E-01  0.38339422E-03
 -0.14415125E+00 -0.46384664E-01  0.56699091E-03
 -0.14222848E+00 -0.46663491E-01  0.38104175E-03
 -0.14052783E+00 -0.47812738E-01  0.65655289E-06
 -0.26563114E-01 -0.58572236E-01  0.73903906E-07
 -0.26420521E-01 -0.58596668E-01  0.12635558E-02
 -0.26176758E-01 -0.58487731E-01  0.25134003E-02
 -0.25838618E-01 -0.58242107E-01  0.37364962E-02
 -0.25415393E-01 -0.57856201E-01  0.49206878E-02
 -0.24918092E-01 -0.57326775E-01  0.60551759E-02
 -0.24358478E-01 -0.56651719E-01  0.71308356E-02
 -0.23748084E-01 -0.55830798E-01  0.81404361E-02
 -0.23097390E-01 -0.54866205E-01  0.90787552E-02
 -0.22415259E-01 -0.53762842E-01  0.99425913E-02
 -0.21708698E-01 -0.52528249E-01  0.10730684E-01
 -0.20982922E-01 -0.51172236E-01  0.11443557E-01
 -0.20241649E-01 -0.49706283E-01  0.12083307E-01
 -0.19487514E-01 -0.48142822E-01  0.12653356E-01
 -0.18722519E-01 -0.46494509E-01  0.13158192E-01
 -0.17948416E-01 -0.44773574E-01  0.13603113E-01
 -0.17166997E-01 -0.42991288E-01  0.13993987E-01
 -0.16380283E-01 -0.41157570E-01  0.14337048E-01
 -0.15590619E-01 -0.39280704E-01  0.14638709E-01
 -0.14800717E-01 -0.37367152E-01  0.14905422E-01
 -0.14013663E-01 -0.35421431E-01  0.15143558E-01
 -0.51096737E+00 -0.54562765E+00 -0.12916516E+00
 -0.49622610E+00 -0.52881802E+00 -0.12987007E+00
 -0.48190073E+00 -0.51239285E+00 -0.13012986E+00
 -0.46802655E+00 -0.49639516E+00 -0.12999338E+00
 -0.45462957E+00 -0.48085800E+00 -0.12951040E+00
 -0.44172724E+00 -0.46580557E+00 -0.12873034E+00
 -0.42932918E+00 -0.45125448E+00 -0.12770120E+00
 -0.41743814E+00 -0.43721480E+00 -0.12646876E+00
 -0.40605088E+00 -0.42369109E+00 -0.12507600E+00
 -0.39515928E+00 -0.41068316E+00 -0.12356264E+00
 -0.38475144E+00 -0.39818666E+00 -0.12196491E+00
 -0.37481281E+00 -0.38619351E+00 -0.12031540E+00
 -0.36532722E+00 -0.37469229E+00 -0.11864300E+00
 -0.35627777E+00 -0.36366859E+00 -0.11697300E+00
 -0.34764747E+00 -0.35310542E+00 -0.11532709E+00
 -0.33941959E+00 -0.34298381E+00 -0.11372359E+00
 -0.33157781E+00 -0.33328346E+00 -0.11217758E+00
 -0.32410611E+00 -0.32398347E+00 -0.11070106E+00
 -0.31698856E+00 -0.31506309E+00 -0.10930322E+00
 -0.31020910E+00 -0.30650239E+00 -0.10799059E+00
 -0.30375138E+00 -0.29828269E+00 -0.10676733E+00
 -0.29759877E+00 -0.29038683E+00 -0.10563540E+00
 -0.29173457E+00 -0.28279907E+00 -0.10459479E+00
 -0.28614234E+00 -0.27550487E+00 -0.10364373E+00
 -0.28080634E+00 -0.26849046E+00 -0.10277891E+00
 -0.27571194E+00 -0.26174239E+00 -0.10199564E+00
 -0.27084600E+00 -0.25524710E+00 -0.10128801E+00
 -0.26619696E+00 -0.24899068E+00 -0.10064910E+00
 -0.26175479E+00 -0.24295885E+00 -0.10007107E+00
 -0.25751071E+00 -0.23713705E+00 -0.99545301E-01
 -0.25345680E+00 -0.23151075E+00 -0.99062550E-01
 -0.24958547E+00 -0.22606579E+00 -0.98613017E-01
 -0.24588905E+00 -0.22078875E+00 -0.98186462E-01
 -0.24235946E+00 -0.21566715E+00 -0.97772282E-01
 -0.23898803E+00 -0.21068956E+00 -0.97359586E-01
 -0.23576554E+00 -0.20584552E+00 -0.96937245E-01
 -0.23268236E+00 -0.20112533E+00 -0.96493938E-01
 -0.22972867E+00 -0.19651979E+00 -0.96018173E-01
 -0.22689473E+00 -0.19201990E+00 -0.95498298E-01
 -0.22417107E+00 -0.18761658E+00 -0.94922489E-01
 -0.22154857E+00 -0.18330052E+00 -0.94278731E-01
 -0.21901849E+00 -0.17906209E+00 -0.93554782E-01
 -0.21657237E+00 -0.17489133E+00 -0.92738127E-01
 -0.21420188E+00 -0.17077800E+00 -0.91815920E-01
 -0.21189871E+00 -0.16671166E+00 -0.90774930E-01
 -0.20965444E+00 -0.16268171E+00 -0.89601492E-01
 -0.20746050E+00 -0.15867744E+00 -0.88281470E-01
 -0.20530820E+00 -0.15468798E+00 -0.86800252E-01
 -0.20318879E+00 -0.15070230E+00 -0.85142795E-01
 -0.20109355E+00 -0.14670923E+00 -0.83293734E-01
 -0.19901392E+00 -0.14269743E+00 -0.81237586E-01
 -0.19694158E+00 -0.13865551E+00 -0.78959075E-01
 -0.19486849E+00 -0.13457221E+00 -0.76443594E-01
 -0.19278700E+00 -0.13043664E+00 -0.73677859E-01
 -0.19068982E+00 -0.12623865E+00 -0.70650740E-01
 -0.18857017E+00 -0.12196931E+00 -0.67354326E-01
 -0.18642178E+00 -0.11762144E+00 -0.63785204E-01
 -0.18423912E+00 -0.11319033E+00 -0.59945955E-01
 -0.18201752E+00 -0.10867458E+00 -0.55846826E-01
 -0.17975344E+00 -0.10407717E+00 -0.51507506E-01
 -0.17744458E+00 -0.99406672E-01 -0.46958886E-01
 -0.17509015E+00 -0.94678764E-01 -0.42244624E-01
 -0.17269090E+00 -0.89917809E-01 -0.37422249E-01
 -0.17024928E+00 -0.85158547E-01 -0.32563505E-01
 -0.16776948E+00 -0.80447613E-01 -0.27753516E-01
 -0.16525761E+00 -0.75844641E-01 -0.23088401E-01
 -0.16272198E+00 -0.71422607E-01 -0.18670946E-01
 -0.16017353E+00 -0.67267051E-01 -0.14604161E-01
 -0.15762658E+00 -0.63473850E-01 -0.10982782E-01
 -0.15509964E+00 -0.60145328E-01 -0.78832563E-02
 -0.15261633E+00 -0.57384728E-01 -0.53532240E-02
 -0.15020610E+00 -0.55289313E-01 -0.34020248E-02
 -0.14790453E+00 -0.53942714E-01 -0.19940687E-02
 -0.14575294E+00 -0.53407398E-01 -0.10468424E-02
 -0.14379712E+00 -0.53718282E-01 -0.43479041E-03
 -0.14208520E+00 -0.54878486E-01  0.69235263E-06
 -0.26068209E-01 -0.59298915E-01 -0.33479759E-07
 -0.25905663E-01 -0.59337280E-01  0.11291417E-02
 -0.25639336E-01 -0.59233201E-01  0.22452130E-02
 -0.25276647E-01 -0.58983312E-01  0.33355929E-02
 -0.24827541E-01 -0.58584303E-01  0.43886404E-02
 -0.24303778E-01 -0.58033450E-01  0.53940569E-02
 -0.23718052E-01 -0.57329259E-01  0.63431980E-02
 -0.23083054E-01 -0.56472104E-01  0.72292864E-02
 -0.22410618E-01 -0.55464761E-01  0.80475198E-02
 -0.21711052E-01 -0.54312721E-01  0.87950745E-02
 -0.20992726E-01 -0.53024234E-01  0.94710165E-02
 -0.20261943E-01 -0.51610078E-01  0.10076137E-01
 -0.19523069E-01 -0.50083069E-01  0.10612731E-01
 -0.18778858E-01 -0.48457397E-01  0.11084342E-01
 -0.18030906E-01 -0.46747860E-01  0.11495501E-01
 -0.17280143E-01 -0.44969094E-01  0.11851463E-01
 -0.16527295E-01 -0.43134866E-01  0.12157969E-01
 -0.15773271E-01 -0.41257475E-01  0.12421044E-01
 -0.15019449E-01 -0.39347312E-01  0.12646821E-01
 -0.14267831E-01 -0.37412572E-01  0.12841404E-01
 -0.13521093E-01 -0.35459118E-01  0.13010762E-01
 -0.12782517E-01 -0.33490496E-01  0.13160650E-01
 -0.53853873E+00 -0.57130307E+00 -0.15672495E+00
 -0.52152698E+00 -0.55220879E+00 -0.15633130E+00
 -0.50510573E+00 -0.53368667E+00 -0.15549188E+00
 -0.48929995E+00 -0.51576798E+00 -0.15427080E+00
 -0.47412458E+00 -0.49847367E+00 -0.15273009E+00
 -0.45958556E+00 -0.48181593E+00 -0.15092864E+00
 -0.44568108E+00 -0.46579971E+00 -0.14892150E+00
 -0.43240271E+00 -0.45042392E+00 -0.14675938E+00
 -0.41973670E+00 -0.43568248E+00 -0.14448830E+00
 -0.40766529E+00 -0.42156512E+00 -0.14214954E+00
 -0.39616793E+00 -0.40805791E+00 -0.13977958E+00
 -0.38522250E+00 -0.39514371E+00 -0.13741024E+00
 -0.37480629E+00 -0.38280260E+00 -0.13506885E+00
 -0.36489672E+00 -0.37101225E+00 -0.13277846E+00
 -0.35547183E+00 -0.35974854E+00 -0.13055811E+00
 -0.34651045E+00 -0.34898613E+00 -0.12842307E+00
 -0.33799211E+00 -0.33869925E+00 -0.12638519E+00
 -0.32989682E+00 -0.32886243E+00 -0.12445313E+00
 -0.32220481E+00 -0.31945118E+00 -0.12263270E+00
 -0.31489627E+00 -0.31044253E+00 -0.12092714E+00
 -0.30795133E+00 -0.30181526E+00 -0.11933738E+00
 -0.30135013E+00 -0.29354996E+00 -0.11786234E+00
 -0.29507314E+00 -0.28562876E+00 -0.11649918E+00
 -0.28910157E+00 -0.27803490E+00 -0.11524352E+00
 -0.28341777E+00 -0.27075228E+00 -0.11408966E+00
 -0.27800564E+00 -0.26376492E+00 -0.11303079E+00
 -0.27285076E+00 -0.25705671E+00 -0.11205916E+00
 -0.26794043E+00 -0.25061123E+00 -0.11116618E+00
 -0.26326339E+00 -0.24441184E+00 -0.11034264E+00
 -0.25880946E+00 -0.23844191E+00 -0.10957871E+00
 -0.25456903E+00 -0.23268516E+00 -0.10886412E+00
 -0.25053263E+00 -0.22712599E+00 -0.10818820E+00
 -0.24669053E+00 -0.22174978E+00 -0.10753994E+00
 -0.24303256E+00 -0.21654299E+00 -0.10690805E+00
 -0.23954804E+00 -0.21149315E+00 -0.10628100E+00
 -0.23622594E+00 -0.20658870E+00 -0.10564705E+00
 -0.23305502E+00 -0.20181875E+00 -0.10499427E+00
 -0.23002411E+00 -0.19717280E+00 -0.10431058E+00
 -0.22712232E+00 -0.19264042E+00 -0.10358369E+00
 -0.22433909E+00 -0.18821114E+00 -0.10280112E+00
 -0.22166430E+00 -0.18387425E+00 -0.10195017E+00
 -0.21908815E+00 -0.17961884E+00 -0.10101788E+00
 -0.21660105E+00 -0.17543374E+00 -0.99990916E-01
 -0.21419353E+00 -0.17130763E+00 -0.98855576E-01
 -0.21185608E+00 -0.16722907E+00 -0.97597671E-01
 -0.20957910E+00 -0.16318653E+00 -0.96202486E-01
 -0.20735292E+00 -0.15916840E+00 -0.94654754E-01
 -0.20516782E+00 -0.15516301E+00 -0.92938680E-01
 -0.20301412E+00 -0.15115863E+00 -0.91038026E-01
 -0.20088228E+00 -0.14714352E+00 -0.88936307E-01
 -0.19876298E+00 -0.14310604E+00 -0.86617086E-01
 -0.19664715E+00 -0.13903478E+00 -0.84064433E-01
 -0.19452612E+00 -0.13491885E+00 -0.81263536E-01
 -0.19239159E+00 -0.13074820E+00 -0.78201510E-01
 -0.19023576E+00 -0.12651403E+00 -0.74868406E-01
 -0.18805143E+00 -0.12220935E+00 -0.71258437E-01
 -0.18583211E+00 -0.11782966E+00 -0.67371393E-01
 -0.18357228E+00 -0.11337375E+00 -0.63214240E-01
 -0.18126754E+00 -0.10884475E+00 -0.58802806E-01
 -0.17891480E+00 -0.10425133E+00 -0.54163469E-01
 -0.17651256E+00 -0.99609163E-01 -0.49334669E-01
 -0.17406098E+00 -0.94942467E-01 -0.44368005E-01
 -0.17156209E+00 -0.90285601E-01 -0.39328626E-01
 -0.16901995E+00 -0.85684499E-01 -0.34294547E-01
 -0.16644090E+00 -0.81197659E-01 -0.29354512E-01
 -0.16383393E+00 -0.76896382E-01 -0.24604073E-01
 -0.16121124E+00 -0.72863916E-01 -0.20139678E-01
 -0.15858894E+00 -0.69193202E-01 -0.16050849E-01
 -0.15598789E+00 -0.65983038E-01 -0.12410928E-01
 -0.15343449E+00 -0.63332692E-01 -0.92673198E-02
 -0.15096116E+00 -0.61335241E-01 -0.66326652E-02
 -0.14860646E+00 -0.60070229E-01 -0.44786224E-02
 -0.14641440E+00 -0.59596469E-01 -0.27339225E-02
 -0.14443292E+00 -0.59945984E-01 -0.12878429E-02
 -0.14271154E+00 -0.61120021E-01  0.67021167E-06
 -0.25512628E-01 -0.59563805E-01 -0.19094242E-06
 -0.25329882E-01 -0.59616926E-01  0.98856179E-03
 -0.25042674E-01 -0.59517761E-01  0.19650197E-02
 -0.24658779E-01 -0.59263168E-01  0.29173815E-02
 -0.24188295E-01 -0.58850622E-01  0.38347657E-02
 -0.23643103E-01 -0.58278538E-01  0.47075924E-02
 -0.23036191E-01 -0.57546652E-01  0.55278828E-02
 -0.22380876E-01 -0.56656457E-01  0.62894609E-02
 -0.21689999E-01 -0.55611606E-01  0.69880493E-02
 -0.20975181E-01 -0.54418247E-01  0.76212654E-02
 -0.20246217E-01 -0.53085184E-01  0.81885240E-02
 -0.19510697E-01 -0.51623837E-01  0.86908678E-02
 -0.18773904E-01 -0.50047939E-01  0.91307429E-02
 -0.18038973E-01 -0.48372993E-01  0.95117449E-02
 -0.17307301E-01 -0.46615522E-01  0.98383553E-02
 -0.16579115E-01 -0.44792211E-01  0.10115687E-01
 -0.15854114E-01 -0.42919015E-01  0.10349257E-01
 -0.15132077E-01 -0.41010357E-01  0.10544782E-01
 -0.14413352E-01 -0.39078491E-01  0.10708027E-01
 -0.13699175E-01 -0.37133085E-01  0.10844671E-01
 -0.12991771E-01 -0.35181054E-01  0.10960220E-01
 -0.12294265E-01 -0.33226633E-01  0.11059935E-01
 -0.11610433E-01 -0.31271636E-01  0.11148784E-01
 -0.55823739E+00 -0.58891323E+00 -0.18654366E+00
 -0.53913599E+00 -0.56774995E+00 -0.18477666E+00
 -0.52081262E+00 -0.54735668E+00 -0.18259732E+00
 -0.50327737E+00 -0.52774880E+00 -0.18008220E+00
 -0.48653030E+00 -0.50893188E+00 -0.17730247E+00
 -0.47056288E+00 -0.49090359E+00 -0.17432342E+00
 -0.45535949E+00 -0.47365521E+00 -0.17120401E+00
 -0.44089893E+00 -0.45717290E+00 -0.16799689E+00
 -0.42715590E+00 -0.44143869E+00 -0.16474840E+00
 -0.41410236E+00 -0.42643121E+00 -0.16149882E+00
 -0.40170886E+00 -0.41212618E+00 -0.15828262E+00
 -0.38994557E+00 -0.39849689E+00 -0.15512885E+00
 -0.37878317E+00 -0.38551464E+00 -0.15206149E+00
 -0.36819333E+00 -0.37314920E+00 -0.14909988E+00
 -0.35814897E+00 -0.36136949E+00 -0.14625909E+00
 -0.34862421E+00 -0.35014421E+00 -0.14355033E+00
 -0.33959413E+00 -0.33944258E+00 -0.14098137E+00
 -0.33103452E+00 -0.32923503E+00 -0.13855686E+00
 -0.32292156E+00 -0.31949370E+00 -0.13627874E+00
 -0.31523165E+00 -0.31019279E+00 -0.13414658E+00
 -0.30794151E+00 -0.30130859E+00 -0.13215788E+00
 -0.30102829E+00 -0.29281930E+00 -0.13030841E+00
 -0.29447000E+00 -0.28470465E+00 -0.12859243E+00
 -0.28824583E+00 -0.27694536E+00 -0.12700297E+00
 -0.28233654E+00 -0.26952271E+00 -0.12553206E+00
 -0.27672468E+00 -0.26241811E+00 -0.12417087E+00
 -0.27139461E+00 -0.25561291E+00 -0.12290989E+00
 -0.26633232E+00 -0.24908837E+00 -0.12173905E+00
 -0.26152511E+00 -0.24282583E+00 -0.12064781E+00
 -0.25696110E+00 -0.23680697E+00 -0.11962525E+00
 -0.25262882E+00 -0.23101417E+00 -0.11866011E+00
 -0.24851680E+00 -0.22543070E+00 -0.11774082E+00
 -0.24461331E+00 -0.22004099E+00 -0.11685556E+00
 -0.24090629E+00 -0.21483055E+00 -0.11599227E+00
 -0.23738338E+00 -0.20978595E+00 -0.11513867E+00
 -0.23403208E+00 -0.20489455E+00 -0.11428228E+00
 -0.23083994E+00 -0.20014430E+00 -0.11341043E+00
 -0.22779475E+00 -0.19552345E+00 -0.11251028E+00
 -0.22488468E+00 -0.19102034E+00 -0.11156879E+00
 -0.22209830E+00 -0.18662327E+00 -0.11057270E+00
 -0.21942458E+00 -0.18232038E+00 -0.10950850E+00
 -0.21685277E+00 -0.17809972E+00 -0.10836233E+00
 -0.21437230E+00 -0.17394918E+00 -0.10711992E+00
 -0.21197268E+00 -0.16985660E+00 -0.10576649E+00
 -0.20964340E+00 -0.16580975E+00 -0.10428671E+00
 -0.20737393E+00 -0.16179641E+00 -0.10266458E+00
 -0.20515372E+00 -0.15780440E+00 -0.10088350E+00
 -0.20297225E+00 -0.15382155E+00 -0.98926294E-01
 -0.20081911E+00 -0.14983586E+00 -0.96775394E-01
 -0.19868409E+00 -0.14583551E+00 -0.94413133E-01
 -0.19655722E+00 -0.14180907E+00 -0.91822167E-01
 -0.19442891E+00 -0.13774572E+00 -0.88986067E-01
 -0.19228993E+00 -0.13363552E+00 -0.85890089E-01
 -0.19013160E+00 -0.12946987E+00 -0.82522140E-01
 -0.18794581E+00 -0.12524196E+00 -0.78873932E-01
 -0.18572524E+00 -0.12094747E+00 -0.74942326E-01
 -0.18346350E+00 -0.11658537E+00 -0.70730837E-01
 -0.18115530E+00 -0.11215892E+00 -0.66251238E-01
 -0.17879672E+00 -0.10767686E+00 -0.61525157E-01
 -0.17638534E+00 -0.10315482E+00 -0.56585536E-01
 -0.17392053E+00 -0.98616777E-01 -0.51477713E-01
 -0.17140360E+00 -0.94096575E-01 -0.46259867E-01
 -0.16883813E+00 -0.89639233E-01 -0.41002484E-01
 -0.16623029E+00 -0.85301808E-01 -0.35786495E-01
 -0.16358932E+00 -0.81153531E-01 -0.30699767E-01
 -0.16092818E+00 -0.77274883E-01 -0.25831766E-01
 -0.15826426E+00 -0.73755342E-01 -0.21266444E-01
 -0.15562017E+00 -0.70689647E-01 -0.17073783E-01
 -0.15302442E+00 -0.68172593E-01 -0.13300857E-01
 -0.15051178E+00 -0.66292645E-01 -0.99636897E-02
 -0.14812312E+00 -0.65124919E-01 -0.70414875E-02
 -0.14590452E+00 -0.64724333E-01 -0.44747382E-02
 -0.14390559E+00 -0.65119854E-01 -0.21682607E-02
 -0.14217696E+00 -0.66310747E-01  0.59070416E-06
 -0.24850029E-01 -0.59247621E-01 -0.38333092E-06
 -0.24647455E-01 -0.59316166E-01  0.84246181E-03
 -0.24342145E-01 -0.59222253E-01  0.16740976E-02
 -0.23941868E-01 -0.58963298E-01  0.24837720E-02
 -0.23456278E-01 -0.58538108E-01  0.32616050E-02
 -0.22896664E-01 -0.57946881E-01  0.39989487E-02
 -0.22275597E-01 -0.57191206E-01  0.46886667E-02
 -0.21606430E-01 -0.56274163E-01  0.53253184E-02
 -0.20902611E-01 -0.55200541E-01  0.59052418E-02
 -0.20176889E-01 -0.53977152E-01  0.64265390E-02
 -0.19440496E-01 -0.52613148E-01  0.68889749E-02
 -0.18702463E-01 -0.51120217E-01  0.72938058E-02
 -0.17969206E-01 -0.49512547E-01  0.76435592E-02
 -0.17244462E-01 -0.47806465E-01  0.79417867E-02
 -0.16529607E-01 -0.46019764E-01  0.81928113E-02
 -0.15824287E-01 -0.44170767E-01  0.84014866E-02
 -0.15127231E-01 -0.42277264E-01  0.85729810E-02
 -0.14437108E-01 -0.40355480E-01  0.87125960E-02
 -0.13753252E-01 -0.38419218E-01  0.88256209E-02
 -0.13076147E-01 -0.36479301E-01  0.89172222E-02
 -0.12407601E-01 -0.34543368E-01  0.89923643E-02
 -0.11750629E-01 -0.32616000E-01  0.90557537E-02
 -0.11109092E-01 -0.30699115E-01  0.91118003E-02
 -0.58984814E+00 -0.62029945E+00 -0.22086288E+00
 -0.56804781E+00 -0.59649433E+00 -0.21790899E+00
 -0.54720871E+00 -0.57364531E+00 -0.21452021E+00
 -0.52733343E+00 -0.55175961E+00 -0.21078937E+00
 -0.50841350E+00 -0.53083387E+00 -0.20680119E+00
 -0.49043130E+00 -0.51085628E+00 -0.20263183E+00
 -0.47336188E+00 -0.49180849E+00 -0.19834894E+00
 -0.45717469E+00 -0.47366705E+00 -0.19401175E+00
 -0.44183522E+00 -0.45640462E+00 -0.18967152E+00
 -0.42730656E+00 -0.43999079E+00 -0.18537190E+00
 -0.41355069E+00 -0.42439275E+00 -0.18114957E+00
 -0.40052963E+00 -0.40957579E+00 -0.17703473E+00
 -0.38820633E+00 -0.39550379E+00 -0.17305172E+00
 -0.37654519E+00 -0.38213966E+00 -0.16921956E+00
 -0.36551238E+00 -0.36944589E+00 -0.16555251E+00
 -0.35507580E+00 -0.35738521E+00 -0.16206062E+00
 -0.34520492E+00 -0.34592117E+00 -0.15875016E+00
 -0.33587046E+00 -0.33501880E+00 -0.15562416E+00
 -0.32704407E+00 -0.32464508E+00 -0.15268278E+00
 -0.31869815E+00 -0.31476928E+00 -0.14992379E+00
 -0.31080573E+00 -0.30536306E+00 -0.14734285E+00
 -0.30334059E+00 -0.29640029E+00 -0.14493396E+00
 -0.29627750E+00 -0.28785678E+00 -0.14268966E+00
 -0.28959254E+00 -0.27970979E+00 -0.14060139E+00
 -0.28326339E+00 -0.27193755E+00 -0.13865967E+00
 -0.27726952E+00 -0.26451884E+00 -0.13685434E+00
 -0.27159233E+00 -0.25743273E+00 -0.13517466E+00
 -0.26621494E+00 -0.25065846E+00 -0.13360949E+00
 -0.26112200E+00 -0.24417548E+00 -0.13214733E+00
 -0.25629924E+00 -0.23796367E+00 -0.13077640E+00
 -0.25173312E+00 -0.23200358E+00 -0.12948466E+00
 -0.24741037E+00 -0.22627665E+00 -0.12825982E+00
 -0.24331778E+00 -0.22076539E+00 -0.12708936E+00
 -0.23944199E+00 -0.21545346E+00 -0.12596054E+00
 -0.23576949E+00 -0.21032561E+00 -0.12486039E+00
 -0.23228671E+00 -0.20536754E+00 -0.12377576E+00
 -0.22898014E+00 -0.20056568E+00 -0.12269330E+00
 -0.22583650E+00 -0.19590698E+00 -0.12159946E+00
 -0.22284284E+00 -0.19137866E+00 -0.12048055E+00
 -0.21998662E+00 -0.18696809E+00 -0.11932265E+00
 -0.21725570E+00 -0.18266267E+00 -0.11811161E+00
 -0.21463832E+00 -0.17844972E+00 -0.11683294E+00
 -0.21212296E+00 -0.17431656E+00 -0.11547173E+00
 -0.20969826E+00 -0.17025045E+00 -0.11401257E+00
 -0.20735295E+00 -0.16623870E+00 -0.11243940E+00
 -0.20507581E+00 -0.16226864E+00 -0.11073545E+00
 -0.20285562E+00 -0.15832773E+00 -0.10888326E+00
 -0.20068118E+00 -0.15440358E+00 -0.10686466E+00
 -0.19854142E+00 -0.15048404E+00 -0.10466096E+00
 -0.19642541E+00 -0.14655727E+00 -0.10225319E+00
 -0.19432243E+00 -0.14261192E+00 -0.99622545E-01
 -0.19222212E+00 -0.13863732E+00 -0.96750919E-01
 -0.19011449E+00 -0.13462375E+00 -0.93621644E-01
 -0.18799006E+00 -0.13056281E+00 -0.90220405E-01
 -0.18583997E+00 -0.12644793E+00 -0.86536328E-01
 -0.18365607E+00 -0.12227501E+00 -0.82563246E-01
 -0.18143114E+00 -0.11804323E+00 -0.78301108E-01
 -0.17915901E+00 -0.11375598E+00 -0.73757487E-01
 -0.17683478E+00 -0.10942209E+00 -0.68949098E-01
 -0.17445503E+00 -0.10505711E+00 -0.63903185E-01
 -0.17201810E+00 -0.10068471E+00 -0.58658591E-01
 -0.16952434E+00 -0.96338099E-01 -0.53266257E-01
 -0.16697652E+00 -0.92061141E-01 -0.47788839E-01
 -0.16438027E+00 -0.87909128E-01 -0.42299127E-01
 -0.16174465E+00 -0.83948793E-01 -0.36876970E-01
 -0.15908286E+00 -0.80257337E-01 -0.31604524E-01
 -0.15641301E+00 -0.76920215E-01 -0.26559880E-01
 -0.15375883E+00 -0.74027523E-01 -0.21809445E-01
 -0.15115025E+00 -0.71669026E-01 -0.17399842E-01
 -0.14862364E+00 -0.69928077E-01 -0.13350503E-01
 -0.14622146E+00 -0.68874948E-01 -0.96483564E-02
 -0.14399125E+00 -0.68560330E-01 -0.62459912E-02
 -0.14198378E+00 -0.69009891E-01 -0.30642613E-02
 -0.14025047E+00 -0.70220758E-01  0.46038169E-06
 -0.24029173E-01 -0.58233615E-01 -0.58853799E-06
 -0.23807701E-01 -0.58318219E-01  0.69209481E-03
 -0.23487843E-01 -0.58230655E-01  0.13749193E-02
 -0.23076960E-01 -0.57969242E-01  0.20384335E-02
 -0.22583656E-01 -0.57534622E-01  0.26739880E-02
 -0.22017928E-01 -0.56929329E-01  0.32740652E-02
 -0.21391258E-01 -0.56157295E-01  0.38325302E-02
 -0.20716463E-01 -0.55223534E-01  0.43447937E-02
 -0.20007207E-01 -0.54134108E-01  0.48078786E-02
 -0.19277150E-01 -0.52896420E-01  0.52203962E-02
 -0.18538906E-01 -0.51519706E-01  0.55824425E-02
 -0.17803001E-01 -0.50015532E-01  0.58954317E-02
 -0.17077101E-01 -0.48398076E-01  0.61618867E-02
 -0.16365670E-01 -0.46684011E-01  0.63852073E-02
 -0.15670172E-01 -0.44891937E-01  0.65694368E-02
 -0.14989753E-01 -0.43041383E-01  0.67190423E-02
 -0.14322242E-01 -0.41151569E-01  0.68387208E-02
 -0.13665264E-01 -0.39240131E-01  0.69332382E-02
 -0.13017217E-01 -0.37322036E-01  0.70073039E-02
 -0.12377928E-01 -0.35408882E-01  0.70654779E-02
 -0.11748899E-01 -0.33508646E-01  0.71121058E-02
 -0.11133135E-01 -0.31625899E-01  0.71512766E-02
 -0.10534651E-01 -0.29762358E-01  0.71867937E-02
 -0.99578128E-02 -0.27917638E-01  0.72221551E-02
 -0.58944106E+00 -0.61750407E+00 -0.25474664E+00
 -0.56624024E+00 -0.59237075E+00 -0.24987493E+00
 -0.54418880E+00 -0.56838725E+00 -0.24466855E+00
 -0.52326711E+00 -0.54553901E+00 -0.23922659E+00
 -0.50344610E+00 -0.52380283E+00 -0.23363653E+00
 -0.48468944E+00 -0.50314902E+00 -0.22797463E+00
 -0.46695553E+00 -0.48354297E+00 -0.22230647E+00
 -0.45019933E+00 -0.46494655E+00 -0.21668767E+00
 -0.43437396E+00 -0.44731907E+00 -0.21116467E+00
 -0.41943203E+00 -0.43061804E+00 -0.20577555E+00
 -0.40532678E+00 -0.41479980E+00 -0.20055093E+00
 -0.39201286E+00 -0.39982004E+00 -0.19551466E+00
 -0.37944697E+00 -0.38563422E+00 -0.19068469E+00
 -0.36758804E+00 -0.37219809E+00 -0.18607373E+00
 -0.35639733E+00 -0.35946822E+00 -0.18168990E+00
 -0.34583826E+00 -0.34740246E+00 -0.17753737E+00
 -0.33587614E+00 -0.33596049E+00 -0.17361689E+00
 -0.32647782E+00 -0.32510420E+00 -0.16992633E+00
 -0.31761152E+00 -0.31479796E+00 -0.16646109E+00
 -0.30924657E+00 -0.30500880E+00 -0.16321457E+00
 -0.30135348E+00 -0.29570621E+00 -0.16017851E+00
 -0.29390397E+00 -0.28686198E+00 -0.15734337E+00
 -0.28687125E+00 -0.27844977E+00 -0.15469857E+00
 -0.28023013E+00 -0.27044468E+00 -0.15223281E+00
 -0.27395731E+00 -0.26282287E+00 -0.14993422E+00
 -0.26803135E+00 -0.25556118E+00 -0.14779056E+00
 -0.26243269E+00 -0.24863700E+00 -0.14578930E+00
 -0.25714337E+00 -0.24202817E+00 -0.14391773E+00
 -0.25214683E+00 -0.23571307E+00 -0.14216297E+00
 -0.24742748E+00 -0.22967078E+00 -0.14051197E+00
 -0.24297039E+00 -0.22388122E+00 -0.13895154E+00
 -0.23876094E+00 -0.21832535E+00 -0.13746828E+00
 -0.23478470E+00 -0.21298521E+00 -0.13604861E+00
 -0.23102725E+00 -0.20784397E+00 -0.13467875E+00
 -0.22747420E+00 -0.20288582E+00 -0.13334474E+00
 -0.22411128E+00 -0.19809583E+00 -0.13203241E+00
 -0.22092439E+00 -0.19345977E+00 -0.13072745E+00
 -0.21789976E+00 -0.18896389E+00 -0.12941537E+00
 -0.21502396E+00 -0.18459480E+00 -0.12808150E+00
 -0.21228400E+00 -0.18033926E+00 -0.12671096E+00
 -0.20966725E+00 -0.17618414E+00 -0.12528854E+00
 -0.20716142E+00 -0.17211636E+00 -0.12379862E+00
 -0.20475450E+00 -0.16812289E+00 -0.12222503E+00
 -0.20243464E+00 -0.16419076E+00 -0.12055095E+00
 -0.20019009E+00 -0.16030712E+00 -0.11875879E+00
 -0.19800919E+00 -0.15645932E+00 -0.11683016E+00
 -0.19588033E+00 -0.15263491E+00 -0.11474586E+00
 -0.19379195E+00 -0.14882179E+00 -0.11248604E+00
 -0.19173266E+00 -0.14500828E+00 -0.11003044E+00
 -0.18969121E+00 -0.14118323E+00 -0.10735875E+00
 -0.18765667E+00 -0.13733623E+00 -0.10445117E+00
 -0.18561846E+00 -0.13345786E+00 -0.10128908E+00
 -0.18356646E+00 -0.12954004E+00 -0.97855915E-01
 -0.18149114E+00 -0.12557651E+00 -0.94138172E-01
 -0.17938363E+00 -0.12156347E+00 -0.90126602E-01
 -0.17723589E+00 -0.11750035E+00 -0.85817528E-01
 -0.17504084E+00 -0.11339077E+00 -0.81214247E-01
 -0.17279256E+00 -0.10924367E+00 -0.76328470E-01
 -0.17048650E+00 -0.10507451E+00 -0.71181638E-01
 -0.16811980E+00 -0.10090662E+00 -0.65805976E-01
 -0.16569164E+00 -0.96772385E-01 -0.60245043E-01
 -0.16320367E+00 -0.92714310E-01 -0.54553502E-01
 -0.16066064E+00 -0.88785576E-01 -0.48795818E-01
 -0.15807101E+00 -0.85049979E-01 -0.43043622E-01
 -0.15544772E+00 -0.81580919E-01 -0.37371555E-01
 -0.15280899E+00 -0.78459245E-01 -0.31851656E-01
 -0.15017896E+00 -0.75769807E-01 -0.26546587E-01
 -0.14758827E+00 -0.73596743E-01 -0.21502403E-01
 -0.14507410E+00 -0.72017738E-01 -0.16741899E-01
 -0.14267976E+00 -0.71097726E-01 -0.12259771E-01
 -0.14045358E+00 -0.70882759E-01 -0.80208496E-02
 -0.13844698E+00 -0.71394887E-01 -0.39622617E-02
 -0.13671187E+00 -0.72628884E-01  0.29177214E-06
 -0.22996626E-01 -0.56413902E-01 -0.78105467E-06
 -0.22757659E-01 -0.56515275E-01  0.53937231E-03
 -0.22427221E-01 -0.56436372E-01  0.10712559E-02
 -0.22011865E-01 -0.56176704E-01  0.15869446E-02
 -0.21518631E-01 -0.55739103E-01  0.20792235E-02
 -0.20955659E-01 -0.55128772E-01  0.25418765E-02
 -0.20332798E-01 -0.54352240E-01  0.29699035E-02
 -0.19661883E-01 -0.53416564E-01  0.33596567E-02
 -0.18956438E-01 -0.52329045E-01  0.37088896E-02
 -0.18230804E-01 -0.51097493E-01  0.40167259E-02
 -0.17498829E-01 -0.49730931E-01  0.42835571E-02
 -0.16772458E-01 -0.48240425E-01  0.45108868E-02
 -0.16060562E-01 -0.46639725E-01  0.47011392E-02
 -0.15368320E-01 -0.44945417E-01  0.48574511E-02
 -0.14697291E-01 -0.43176464E-01  0.49834656E-02
 -0.14046152E-01 -0.41353161E-01  0.50831404E-02
 -0.13411901E-01 -0.39495713E-01  0.51605823E-02
 -0.12791227E-01 -0.37622709E-01  0.52199121E-02
 -0.12181733E-01 -0.35749826E-01  0.52651614E-02
 -0.11582759E-01 -0.33888984E-01  0.53001994E-02
 -0.10995660E-01 -0.32048092E-01  0.53286840E-02
 -0.10423560E-01 -0.30231357E-01  0.53540309E-02
 -0.98707054E-02 -0.28440023E-01  0.53793953E-02
 -0.93416105E-02 -0.26673333E-01  0.54076593E-02
 -0.88402324E-02 -0.24929476E-01  0.54414204E-02
 -0.57546706E+00 -0.60108263E+00 -0.28824556E+00
 -0.55158287E+00 -0.57536062E+00 -0.28130042E+00
 -0.52899757E+00 -0.55094302E+00 -0.27415900E+00
 -0.50766875E+00 -0.52779392E+00 -0.26692002E+00
 -0.48754720E+00 -0.50587118E+00 -0.25966796E+00
 -0.46857917E+00 -0.48512817E+00 -0.25247406E+00
 -0.45070837E+00 -0.46551520E+00 -0.24539747E+00
 -0.43387752E+00 -0.44698062E+00 -0.23848645E+00
 -0.41802972E+00 -0.42947173E+00 -0.23177955E+00
 -0.40310943E+00 -0.41293549E+00 -0.22530673E+00
 -0.38906318E+00 -0.39731912E+00 -0.21909042E+00
 -0.37584004E+00 -0.38257055E+00 -0.21314652E+00
 -0.36339188E+00 -0.36863891E+00 -0.20748528E+00
 -0.35167339E+00 -0.35547487E+00 -0.20211211E+00
 -0.34064201E+00 -0.34303102E+00 -0.19702830E+00
 -0.33025766E+00 -0.33126216E+00 -0.19223165E+00
 -0.32048251E+00 -0.32012564E+00 -0.18771708E+00
 -0.31128070E+00 -0.30958147E+00 -0.18347711E+00
 -0.30261815E+00 -0.29959242E+00 -0.17950232E+00
 -0.29446239E+00 -0.29012399E+00 -0.17578178E+00
 -0.28678255E+00 -0.28114420E+00 -0.17230337E+00
 -0.27954941E+00 -0.27262332E+00 -0.16905415E+00
 -0.27273551E+00 -0.26453352E+00 -0.16602058E+00
 -0.26631519E+00 -0.25684849E+00 -0.16318876E+00
 -0.26026470E+00 -0.24954311E+00 -0.16054459E+00
 -0.25456215E+00 -0.24259321E+00 -0.15807388E+00
 -0.24918737E+00 -0.23597537E+00 -0.15576239E+00
 -0.24412175E+00 -0.22966691E+00 -0.15359590E+00
 -0.23934793E+00 -0.22364588E+00 -0.15156014E+00
 -0.23484952E+00 -0.21789119E+00 -0.14964078E+00
 -0.23061082E+00 -0.21238267E+00 -0.14782340E+00
 -0.22661654E+00 -0.20710118E+00 -0.14609343E+00
 -0.22285165E+00 -0.20202866E+00 -0.14443615E+00
 -0.21930131E+00 -0.19714812E+00 -0.14283665E+00
 -0.21595080E+00 -0.19244353E+00 -0.14127989E+00
 -0.21278558E+00 -0.18789972E+00 -0.13975066E+00
 -0.20979136E+00 -0.18350221E+00 -0.13823361E+00
 -0.20695415E+00 -0.17923705E+00 -0.13671325E+00
 -0.20426037E+00 -0.17509062E+00 -0.13517383E+00
 -0.20169681E+00 -0.17104959E+00 -0.13359936E+00
 -0.19925066E+00 -0.16710075E+00 -0.13197339E+00
 -0.19690946E+00 -0.16323105E+00 -0.13027896E+00
 -0.19466100E+00 -0.15942756E+00 -0.12849840E+00
 -0.19249331E+00 -0.15567750E+00 -0.12661323E+00
 -0.19039450E+00 -0.15196837E+00 -0.12460409E+00
 -0.18835279E+00 -0.14828793E+00 -0.12245077E+00
 -0.18635648E+00 -0.14462434E+00 -0.12013225E+00
 -0.18439392E+00 -0.14096624E+00 -0.11762695E+00
 -0.18245364E+00 -0.13730285E+00 -0.11491312E+00
 -0.18052438E+00 -0.13362418E+00 -0.11196926E+00
 -0.17859515E+00 -0.12992123E+00 -0.10877484E+00
 -0.17665539E+00 -0.12618636E+00 -0.10531104E+00
 -0.17469502E+00 -0.12241376E+00 -0.10156175E+00
 -0.17270453E+00 -0.11860003E+00 -0.97514648E-01
 -0.17067510E+00 -0.11474499E+00 -0.93162413E-01
 -0.16859875E+00 -0.11085255E+00 -0.88504074E-01
 -0.16646848E+00 -0.10693183E+00 -0.83546329E-01
 -0.16427855E+00 -0.10299823E+00 -0.78304817E-01
 -0.16202476E+00 -0.99074640E-01 -0.72805143E-01
 -0.15970492E+00 -0.95192525E-01 -0.67083482E-01
 -0.15731937E+00 -0.91392756E-01 -0.61186493E-01
 -0.15487162E+00 -0.87726073E-01 -0.55170299E-01
 -0.15236911E+00 -0.84252902E-01 -0.49098273E-01
 -0.14982401E+00 -0.81042333E-01 -0.43037490E-01
 -0.14725401E+00 -0.78170037E-01 -0.37053855E-01
 -0.14468298E+00 -0.75715012E-01 -0.31206190E-01
 -0.14214145E+00 -0.73755156E-01 -0.25539878E-01
 -0.13966661E+00 -0.72361889E-01 -0.20080964E-01
 -0.13730188E+00 -0.71594251E-01 -0.14831813E-01
 -0.13509570E+00 -0.71493167E-01 -0.97694182E-02
 -0.13309966E+00 -0.72076676E-01 -0.48471165E-02
 -0.13136587E+00 -0.73336928E-01  0.10277746E-06
 -0.21700677E-01 -0.53696772E-01 -0.93612525E-06
 -0.21446012E-01 -0.53815776E-01  0.38688297E-03
 -0.21109007E-01 -0.53749411E-01  0.76821617E-03
 -0.20695099E-01 -0.53498546E-01  0.11368496E-02
 -0.20209425E-01 -0.53068299E-01  0.14871656E-02
 -0.19657936E-01 -0.52466552E-01  0.18143828E-02
 -0.19048547E-01 -0.51702334E-01  0.21147332E-02
 -0.18391821E-01 -0.50784567E-01  0.23855690E-02
 -0.17700885E-01 -0.49721535E-01  0.26253937E-02
 -0.16990496E-01 -0.48521167E-01  0.28338260E-02
 -0.16275479E-01 -0.47191956E-01  0.30115038E-02
 -0.15568945E-01 -0.45744147E-01  0.31599455E-02
 -0.14880748E-01 -0.44190718E-01  0.32813832E-02
 -0.14216602E-01 -0.42547802E-01  0.33785862E-02
 -0.13578057E-01 -0.40834326E-01  0.34546881E-02
 -0.12963301E-01 -0.39070906E-01  0.35130304E-02
 -0.12368570E-01 -0.37278237E-01  0.35570286E-02
 -0.11789764E-01 -0.35475351E-01  0.35900673E-02
 -0.11223890E-01 -0.33678115E-01  0.36154215E-02
 -0.10670006E-01 -0.31898292E-01  0.36362039E-02
 -0.10129504E-01 -0.30143309E-01  0.36553319E-02
 -0.96057512E-02 -0.28416697E-01  0.36755085E-02
 -0.91032613E-02 -0.26719033E-01  0.36992133E-02
 -0.86266479E-02 -0.25049111E-01  0.37286952E-02
 -0.81796491E-02 -0.23405057E-01  0.37659670E-02
 -0.57241591E+00 -0.59730217E+00 -0.32891552E+00
 -0.54724903E+00 -0.57040713E+00 -0.31998678E+00
 -0.52352812E+00 -0.54496285E+00 -0.31092056E+00
 -0.50119658E+00 -0.52092041E+00 -0.30182622E+00
 -0.48019187E+00 -0.49822522E+00 -0.29279557E+00
 -0.46044805E+00 -0.47681878E+00 -0.28390448E+00
 -0.44189781E+00 -0.45664010E+00 -0.27521449E+00
 -0.42447408E+00 -0.43762687E+00 -0.26677449E+00
 -0.40811125E+00 -0.41971654E+00 -0.25862226E+00
 -0.39274589E+00 -0.40284710E+00 -0.25078595E+00
 -0.37831738E+00 -0.38695782E+00 -0.24328542E+00
 -0.36476815E+00 -0.37198973E+00 -0.23613349E+00
 -0.35204387E+00 -0.35788607E+00 -0.22933697E+00
 -0.34009345E+00 -0.34459250E+00 -0.22289768E+00
 -0.32886901E+00 -0.33205731E+00 -0.21681323E+00
 -0.31832573E+00 -0.32023152E+00 -0.21107779E+00
 -0.30842162E+00 -0.30906896E+00 -0.20568268E+00
 -0.29911735E+00 -0.29852627E+00 -0.20061697E+00
 -0.29037595E+00 -0.28856296E+00 -0.19586793E+00
 -0.28216266E+00 -0.27914132E+00 -0.19142149E+00
 -0.27444470E+00 -0.27022632E+00 -0.18726257E+00
 -0.26719123E+00 -0.26178543E+00 -0.18337544E+00
 -0.26037323E+00 -0.25378837E+00 -0.17974399E+00
 -0.25396353E+00 -0.24620683E+00 -0.17635194E+00
 -0.24793679E+00 -0.23901418E+00 -0.17318303E+00
 -0.24226948E+00 -0.23218510E+00 -0.17022108E+00
 -0.23693985E+00 -0.22569545E+00 -0.16745009E+00
 -0.23192775E+00 -0.21952199E+00 -0.16485424E+00
 -0.22721455E+00 -0.21364233E+00 -0.16241782E+00
 -0.22278281E+00 -0.20803492E+00 -0.16012519E+00
 -0.21861608E+00 -0.20267907E+00 -0.15796073E+00
 -0.21469862E+00 -0.19755500E+00 -0.15590876E+00
 -0.21101518E+00 -0.19264396E+00 -0.15395349E+00
 -0.20755081E+00 -0.18792822E+00 -0.15207905E+00
 -0.20429076E+00 -0.18339108E+00 -0.15026938E+00
 -0.20122043E+00 -0.17901678E+00 -0.14850836E+00
 -0.19832543E+00 -0.17479043E+00 -0.14677969E+00
 -0.19559158E+00 -0.17069782E+00 -0.14506696E+00
 -0.19300505E+00 -0.16672528E+00 -0.14335354E+00
 -0.19055240E+00 -0.16285956E+00 -0.14162253E+00
 -0.18822061E+00 -0.15908764E+00 -0.13985660E+00
 -0.18599704E+00 -0.15539677E+00 -0.13803789E+00
 -0.18386945E+00 -0.15177436E+00 -0.13614783E+00
 -0.18182586E+00 -0.14820805E+00 -0.13416703E+00
 -0.17985450E+00 -0.14468576E+00 -0.13207515E+00
 -0.17794371E+00 -0.14119572E+00 -0.12985091E+00
 -0.17608191E+00 -0.13772659E+00 -0.12747219E+00
 -0.17425757E+00 -0.13426755E+00 -0.12491615E+00
 -0.17245923E+00 -0.13080839E+00 -0.12215963E+00
 -0.17067557E+00 -0.12733970E+00 -0.11917953E+00
 -0.16889547E+00 -0.12385308E+00 -0.11595344E+00
 -0.16710810E+00 -0.12034150E+00 -0.11246038E+00
 -0.16530296E+00 -0.11679973E+00 -0.10868170E+00
 -0.16347002E+00 -0.11322497E+00 -0.10460204E+00
 -0.16159976E+00 -0.10961754E+00 -0.10021053E+00
 -0.15968330E+00 -0.10598181E+00 -0.95501987E-01
 -0.15771258E+00 -0.10232710E+00 -0.90478202E-01
 -0.15568059E+00 -0.98668782E-01 -0.85149117E-01
 -0.15358174E+00 -0.95029268E-01 -0.79533852E-01
 -0.15141233E+00 -0.91438923E-01 -0.73661347E-01
 -0.14917116E+00 -0.87936765E-01 -0.67570421E-01
 -0.14686023E+00 -0.84570761E-01 -0.61309012E-01
 -0.14448555E+00 -0.81397563E-01 -0.54932385E-01
 -0.14205798E+00 -0.78481467E-01 -0.48500155E-01
 -0.13959405E+00 -0.75892429E-01 -0.42072155E-01
 -0.13711660E+00 -0.73703012E-01 -0.35703360E-01
 -0.13465526E+00 -0.71984262E-01 -0.29438396E-01
 -0.13224646E+00 -0.70800712E-01 -0.23306391E-01
 -0.12993295E+00 -0.70204907E-01 -0.17317128E-01
 -0.12776267E+00 -0.70232097E-01 -0.11459435E-01
 -0.12578689E+00 -0.70895854E-01 -0.57024714E-02
 -0.12405766E+00 -0.72185394E-01 -0.84657274E-07
 -0.20096252E-01 -0.50014826E-01 -0.10337764E-05
 -0.19827984E-01 -0.50152520E-01  0.23786536E-03
 -0.19488158E-01 -0.50104305E-01  0.47219531E-03
 -0.19080936E-01 -0.49872377E-01  0.69757928E-03
 -0.18609471E-01 -0.49463910E-01  0.91010450E-03
 -0.18077506E-01 -0.48889069E-01  0.11065065E-02
 -0.17490999E-01 -0.48158893E-01  0.12843022E-02
 -0.16859172E-01 -0.47283655E-01  0.14418652E-02
 -0.16194570E-01 -0.46272162E-01  0.15784404E-02
 -0.15512072E-01 -0.45132075E-01  0.16941061E-02
 -0.14827091E-01 -0.43871061E-01  0.17896891E-02
 -0.14153462E-01 -0.42498292E-01  0.18666485E-02
 -0.13501603E-01 -0.41025738E-01  0.19269412E-02
 -0.12877429E-01 -0.39468790E-01  0.19728813E-02
 -0.12282274E-01 -0.37845970E-01  0.20070069E-02
 -0.11713788E-01 -0.36177756E-01  0.20319616E-02
 -0.11167526E-01 -0.34484806E-01  0.20503975E-02
 -0.10638784E-01 -0.32786022E-01  0.20649004E-02
 -0.10124198E-01 -0.31096915E-01  0.20779378E-02
 -0.96227590E-02 -0.29428616E-01  0.20918267E-02
 -0.91360510E-02 -0.27787704E-01  0.21087156E-02
 -0.86677521E-02 -0.26176809E-01  0.21305776E-02
 -0.82226119E-02 -0.24595756E-01  0.21592083E-02
 -0.78052258E-02 -0.23042925E-01  0.21962244E-02
 -0.74189371E-02 -0.21516502E-01  0.22430619E-02
 -0.70651228E-02 -0.20015337E-01  0.23009689E-02
 -0.52912078E+00 -0.55145861E+00 -0.35972595E+00
 -0.50498950E+00 -0.52572737E+00 -0.34855586E+00
 -0.48233905E+00 -0.50148983E+00 -0.33744555E+00
 -0.46109467E+00 -0.47868039E+00 -0.32649290E+00
 -0.44117961E+00 -0.45723024E+00 -0.31577702E+00
 -0.42251724E+00 -0.43706870E+00 -0.30536047E+00
 -0.40503255E+00 -0.41812444E+00 -0.29529139E+00
 -0.38865312E+00 -0.40032659E+00 -0.28560549E+00
 -0.37330969E+00 -0.38360574E+00 -0.27632787E+00
 -0.35893641E+00 -0.36789472E+00 -0.26747468E+00
 -0.34547098E+00 -0.35312920E+00 -0.25905458E+00
 -0.33285460E+00 -0.33924807E+00 -0.25107001E+00
 -0.32103202E+00 -0.32619360E+00 -0.24351834E+00
 -0.30995145E+00 -0.31391138E+00 -0.23639277E+00
 -0.29956457E+00 -0.30235026E+00 -0.22968314E+00
 -0.28982639E+00 -0.29146216E+00 -0.22337666E+00
 -0.28069514E+00 -0.28120192E+00 -0.21745842E+00
 -0.27213201E+00 -0.27152719E+00 -0.21191196E+00
 -0.26410091E+00 -0.26239838E+00 -0.20671967E+00
 -0.25656820E+00 -0.25377855E+00 -0.20186315E+00
 -0.24950240E+00 -0.24563338E+00 -0.19732358E+00
 -0.24287404E+00 -0.23793100E+00 -0.19308197E+00
 -0.23665546E+00 -0.23064186E+00 -0.18911940E+00
 -0.23082075E+00 -0.22373844E+00 -0.18541714E+00
 -0.22534572E+00 -0.21719497E+00 -0.18195684E+00
 -0.22020785E+00 -0.21098714E+00 -0.17872047E+00
 -0.21538631E+00 -0.20509181E+00 -0.17569042E+00
 -0.21086180E+00 -0.19948682E+00 -0.17284935E+00
 -0.20661645E+00 -0.19415084E+00 -0.17018017E+00
 -0.20263358E+00 -0.18906334E+00 -0.16766594E+00
 -0.19889746E+00 -0.18420460E+00 -0.16528977E+00
 -0.19539304E+00 -0.17955580E+00 -0.16303477E+00
 -0.19210569E+00 -0.17509907E+00 -0.16088398E+00
 -0.18902108E+00 -0.17081757E+00 -0.15882037E+00
 -0.18612498E+00 -0.16669546E+00 -0.15682682E+00
 -0.18340333E+00 -0.16271783E+00 -0.15488607E+00
 -0.18084223E+00 -0.15887063E+00 -0.15298075E+00
 -0.17842804E+00 -0.15514048E+00 -0.15109329E+00
 -0.17614745E+00 -0.15151453E+00 -0.14920582E+00
 -0.17398760E+00 -0.14798034E+00 -0.14730008E+00
 -0.17193607E+00 -0.14452577E+00 -0.14535727E+00
 -0.16998086E+00 -0.14113892E+00 -0.14335786E+00
 -0.16811034E+00 -0.13780816E+00 -0.14128149E+00
 -0.16631313E+00 -0.13452215E+00 -0.13910687E+00
 -0.16457803E+00 -0.13126988E+00 -0.13681171E+00
 -0.16289390E+00 -0.12804079E+00 -0.13437279E+00
 -0.16124961E+00 -0.12482480E+00 -0.13176612E+00
 -0.15963405E+00 -0.12161250E+00 -0.12896722E+00
 -0.15803612E+00 -0.11839526E+00 -0.12595150E+00
 -0.15644482E+00 -0.11516550E+00 -0.12269480E+00
 -0.15484924E+00 -0.11191698E+00 -0.11917410E+00
 -0.15323867E+00 -0.10864528E+00 -0.11536830E+00
 -0.15160267E+00 -0.10534836E+00 -0.11125916E+00
 -0.14993110E+00 -0.10202724E+00 -0.10683239E+00
 -0.14821425E+00 -0.98686833E-01 -0.10207878E+00
 -0.14644303E+00 -0.95336802E-01 -0.96995379E-01
 -0.14460917E+00 -0.91992475E-01 -0.91586682E-01
 -0.14270564E+00 -0.88675708E-01 -0.85865596E-01
 -0.14072715E+00 -0.85415638E-01 -0.79854138E-01
 -0.13867077E+00 -0.82249198E-01 -0.73583629E-01
 -0.13653672E+00 -0.79221286E-01 -0.67094177E-01
 -0.13432916E+00 -0.76384406E-01 -0.60433272E-01
 -0.13205715E+00 -0.73797632E-01 -0.53653365E-01
 -0.12973538E+00 -0.71524715E-01 -0.46808426E-01
 -0.12738496E+00 -0.69631240E-01 -0.39949681E-01
 -0.12503382E+00 -0.68180809E-01 -0.33120945E-01
 -0.12271683E+00 -0.67230445E-01 -0.26354206E-01
 -0.12047540E+00 -0.66825569E-01 -0.19666259E-01
 -0.11835638E+00 -0.66995163E-01 -0.13057183E-01
 -0.11641031E+00 -0.67747838E-01 -0.65112272E-02
 -0.11468888E+00 -0.69069531E-01 -0.24665622E-06
 -0.18150321E-01 -0.45333491E-01 -0.10620554E-05
 -0.17870743E-01 -0.45491127E-01  0.96120617E-04
 -0.17531354E-01 -0.45468314E-01  0.19070338E-03
 -0.17135077E-01 -0.45268314E-01  0.28019674E-03
 -0.16683306E-01 -0.44899756E-01  0.36243003E-03
 -0.16177891E-01 -0.44374274E-01  0.43567588E-03
 -0.15623112E-01 -0.43704030E-01  0.49873666E-03
 -0.15026965E-01 -0.42899839E-01  0.55098822E-03
 -0.14401310E-01 -0.41970384E-01  0.59238080E-03
 -0.13760799E-01 -0.40922628E-01  0.62340150E-03
 -0.13120894E-01 -0.39763156E-01  0.64500617E-03
 -0.12495536E-01 -0.38499917E-01  0.65853055E-03
 -0.11895118E-01 -0.37143726E-01  0.66559132E-03
 -0.11325297E-01 -0.35709012E-01  0.66798672E-03
 -0.10786927E-01 -0.34213542E-01  0.66760520E-03
 -0.10277063E-01 -0.32677170E-01  0.66634767E-03
 -0.97906933E-02 -0.31119940E-01  0.66606689E-03
 -0.93227189E-02 -0.29560029E-01  0.66852465E-03
 -0.88696371E-02 -0.28012044E-01  0.67536548E-03
 -0.84305506E-02 -0.26486061E-01  0.68810405E-03
 -0.80073135E-02 -0.24987552E-01  0.70812233E-03
 -0.76038767E-02 -0.23518152E-01  0.73667259E-03
 -0.72250920E-02 -0.22076985E-01  0.77488217E-03
 -0.68753425E-02 -0.20662172E-01  0.82375692E-03
 -0.65573698E-02 -0.19272152E-01  0.88418112E-03
 -0.62715763E-02 -0.17906527E-01  0.95691261E-03
 -0.49558159E+00 -0.51690106E+00 -0.39921749E+00
 -0.47194732E+00 -0.49180481E+00 -0.38583976E+00
 -0.44982457E+00 -0.46823333E+00 -0.37262527E+00
 -0.42912944E+00 -0.44611324E+00 -0.35967638E+00
 -0.40977757E+00 -0.42536863E+00 -0.34707390E+00
 -0.39168626E+00 -0.40592234E+00 -0.33487994E+00
 -0.37477582E+00 -0.38769709E+00 -0.32314052E+00
 -0.35897027E+00 -0.37061672E+00 -0.31188802E+00
 -0.34419762E+00 -0.35460720E+00 -0.30114333E+00
 -0.33038984E+00 -0.33959764E+00 -0.29091786E+00
 -0.31748267E+00 -0.32552089E+00 -0.28121520E+00
 -0.30541550E+00 -0.31231392E+00 -0.27203263E+00
 -0.29413129E+00 -0.29991792E+00 -0.26336237E+00
 -0.28357656E+00 -0.28827806E+00 -0.25519259E+00
 -0.27370144E+00 -0.27734317E+00 -0.24750835E+00
 -0.26445969E+00 -0.26706538E+00 -0.24029227E+00
 -0.25580868E+00 -0.25739971E+00 -0.23352514E+00
 -0.24770919E+00 -0.24830387E+00 -0.22718646E+00
 -0.24012520E+00 -0.23973809E+00 -0.22125480E+00
 -0.23302348E+00 -0.23166511E+00 -0.21570824E+00
 -0.22637325E+00 -0.22405020E+00 -0.21052465E+00
 -0.22014582E+00 -0.21686112E+00 -0.20568199E+00
 -0.21431432E+00 -0.21006810E+00 -0.20115849E+00
 -0.20885349E+00 -0.20364364E+00 -0.19693283E+00
 -0.20373964E+00 -0.19756232E+00 -0.19298429E+00
 -0.19895062E+00 -0.19180043E+00 -0.18929269E+00
 -0.19446582E+00 -0.18633565E+00 -0.18583847E+00
 -0.19026618E+00 -0.18114677E+00 -0.18260258E+00
 -0.18633411E+00 -0.17621343E+00 -0.17956637E+00
 -0.18265333E+00 -0.17151602E+00 -0.17671152E+00
 -0.17920865E+00 -0.16703565E+00 -0.17401989E+00
 -0.17598573E+00 -0.16275416E+00 -0.17147345E+00
 -0.17297074E+00 -0.15865428E+00 -0.16905418E+00
 -0.17015019E+00 -0.15471963E+00 -0.16674405E+00
 -0.16751075E+00 -0.15093486E+00 -0.16452497E+00
 -0.16503915E+00 -0.14728558E+00 -0.16237872E+00
 -0.16272223E+00 -0.14375831E+00 -0.16028698E+00
 -0.16054703E+00 -0.14034039E+00 -0.15823118E+00
 -0.15850086E+00 -0.13701975E+00 -0.15619252E+00
 -0.15657143E+00 -0.13378486E+00 -0.15415173E+00
 -0.15474691E+00 -0.13062456E+00 -0.15208905E+00
 -0.15301593E+00 -0.12752799E+00 -0.14998398E+00
 -0.15136753E+00 -0.12448456E+00 -0.14781522E+00
 -0.14979106E+00 -0.12148398E+00 -0.14556051E+00
 -0.14827606E+00 -0.11851632E+00 -0.14319662E+00
 -0.14681214E+00 -0.11557202E+00 -0.14069934E+00
 -0.14538890E+00 -0.11264207E+00 -0.13804361E+00
 -0.14399586E+00 -0.10971804E+00 -0.13520378E+00
 -0.14262244E+00 -0.10679236E+00 -0.13215389E+00
 -0.14125798E+00 -0.10385845E+00 -0.12886822E+00
 -0.13989176E+00 -0.10091113E+00 -0.12532186E+00
 -0.13851304E+00 -0.97946983E-01 -0.12149145E+00
 -0.13711111E+00 -0.94964952E-01 -0.11735608E+00
 -0.13567535E+00 -0.91966941E-01 -0.11289824E+00
 -0.13419532E+00 -0.88958549E-01 -0.10810494E+00
 -0.13266096E+00 -0.85949844E-01 -0.10296883E+00
 -0.13106280E+00 -0.82956124E-01 -0.97489300E-01
 -0.12939235E+00 -0.79998630E-01 -0.91673459E-01
 -0.12764267E+00 -0.77105126E-01 -0.85536891E-01
 -0.12580895E+00 -0.74310257E-01 -0.79103940E-01
 -0.12388935E+00 -0.71655583E-01 -0.72407431E-01
 -0.12188584E+00 -0.69189144E-01 -0.65487616E-01
 -0.11980511E+00 -0.66964422E-01 -0.58390259E-01
 -0.11765943E+00 -0.65038537E-01 -0.51163838E-01
 -0.11546742E+00 -0.63469604E-01 -0.43856034E-01
 -0.11325461E+00 -0.62313229E-01 -0.36509838E-01
 -0.11105360E+00 -0.61618314E-01 -0.29159827E-01
 -0.10890379E+00 -0.61422522E-01 -0.21829247E-01
 -0.10685042E+00 -0.61747963E-01 -0.14528590E-01
 -0.10494293E+00 -0.62597770E-01 -0.72560995E-02
 -0.10323246E+00 -0.63954248E-01 -0.36017145E-06
 -0.15847144E-01 -0.39659106E-01 -0.10189707E-05
 -0.15558642E-01 -0.39838054E-01 -0.34145879E-04
 -0.15222357E-01 -0.39849146E-01 -0.67946453E-04
 -0.14840227E-01 -0.39696185E-01 -0.10306324E-03
 -0.14412412E-01 -0.39388316E-01 -0.13996989E-03
 -0.13939487E-01 -0.38937459E-01 -0.17890781E-03
 -0.13424582E-01 -0.38355694E-01 -0.21984613E-03
 -0.12874737E-01 -0.37653343E-01 -0.26246753E-03
 -0.12301044E-01 -0.36838224E-01 -0.30617929E-03
 -0.11717514E-01 -0.35916165E-01 -0.35014605E-03
 -0.11138993E-01 -0.34892489E-01 -0.39333868E-03
 -0.10578763E-01 -0.33773864E-01 -0.43459251E-03
 -0.10046485E-01 -0.32569884E-01 -0.47266824E-03
 -0.95470371E-02 -0.31293828E-01 -0.50630916E-03
 -0.90805284E-02 -0.29962350E-01 -0.53429015E-03
 -0.86433905E-02 -0.28594158E-01 -0.55545525E-03
 -0.82302015E-02 -0.27208067E-01 -0.56874253E-03
 -0.78356980E-02 -0.25820921E-01 -0.57319677E-03
 -0.74564429E-02 -0.24445928E-01 -0.56797149E-03
 -0.70917493E-02 -0.23091782E-01 -0.55232316E-03
 -0.67436981E-02 -0.21762737E-01 -0.52560062E-03
 -0.64163396E-02 -0.20459509E-01 -0.48723314E-03
 -0.61143720E-02 -0.19180726E-01 -0.43671972E-03
 -0.58416953E-02 -0.17924511E-01 -0.37362235E-03
 -0.56002316E-02 -0.16689797E-01 -0.29756430E-03
 -0.53892934E-02 -0.15477104E-01 -0.20823454E-03
 -0.44573266E+00 -0.46584243E+00 -0.43690642E+00
 -0.42364209E+00 -0.44244275E+00 -0.42132103E+00
 -0.40301579E+00 -0.42052088E+00 -0.40601215E+00
 -0.38376578E+00 -0.40000059E+00 -0.39108491E+00
 -0.36580514E+00 -0.38080380E+00 -0.37662034E+00
 -0.34904998E+00 -0.36285159E+00 -0.36267874E+00
 -0.33342055E+00 -0.34606538E+00 -0.34930284E+00
 -0.31884173E+00 -0.33036802E+00 -0.33652066E+00
 -0.30524295E+00 -0.31568503E+00 -0.32434804E+00
 -0.29255785E+00 -0.30194556E+00 -0.31279088E+00
 -0.28072388E+00 -0.28908315E+00 -0.30184710E+00
 -0.26968200E+00 -0.27703614E+00 -0.29150832E+00
 -0.25937649E+00 -0.26574760E+00 -0.28176117E+00
 -0.24975503E+00 -0.25516507E+00 -0.27258853E+00
 -0.24076878E+00 -0.24523998E+00 -0.26397038E+00
 -0.23237257E+00 -0.23592711E+00 -0.25588458E+00
 -0.22452496E+00 -0.22718402E+00 -0.24830748E+00
 -0.21718821E+00 -0.21897064E+00 -0.24121441E+00
 -0.21032800E+00 -0.21124912E+00 -0.23458011E+00
 -0.20391311E+00 -0.20398375E+00 -0.22837905E+00
 -0.19791491E+00 -0.19714106E+00 -0.22258577E+00
 -0.19230692E+00 -0.19068994E+00 -0.21717511E+00
 -0.18706445E+00 -0.18460170E+00 -0.21212246E+00
 -0.18216425E+00 -0.17884999E+00 -0.20740388E+00
 -0.17758442E+00 -0.17341066E+00 -0.20299621E+00
 -0.17330437E+00 -0.16826147E+00 -0.19887711E+00
 -0.16930486E+00 -0.16338173E+00 -0.19502505E+00
 -0.16556801E+00 -0.15875195E+00 -0.19141922E+00
 -0.16207736E+00 -0.15435352E+00 -0.18803943E+00
 -0.15881774E+00 -0.15016855E+00 -0.18486595E+00
 -0.15577512E+00 -0.14617974E+00 -0.18187943E+00
 -0.15293638E+00 -0.14237043E+00 -0.17906073E+00
 -0.15028899E+00 -0.13872463E+00 -0.17639083E+00
 -0.14782079E+00 -0.13522718E+00 -0.17385074E+00
 -0.14551980E+00 -0.13186384E+00 -0.17142144E+00
 -0.14337407E+00 -0.12862128E+00 -0.16908382E+00
 -0.14137170E+00 -0.12548711E+00 -0.16681861E+00
 -0.13950090E+00 -0.12244978E+00 -0.16460633E+00
 -0.13775010E+00 -0.11949844E+00 -0.16242721E+00
 -0.13610804E+00 -0.11662280E+00 -0.16026102E+00
 -0.13456392E+00 -0.11381301E+00 -0.15808704E+00
 -0.13310735E+00 -0.11105959E+00 -0.15588384E+00
 -0.13172838E+00 -0.10835332E+00 -0.15362918E+00
 -0.13041740E+00 -0.10568527E+00 -0.15129993E+00
 -0.12916499E+00 -0.10304683E+00 -0.14887197E+00
 -0.12796179E+00 -0.10042978E+00 -0.14632021E+00
 -0.12679840E+00 -0.97826385E-01 -0.14361867E+00
 -0.12566524E+00 -0.95229507E-01 -0.14074067E+00
 -0.12455252E+00 -0.92632826E-01 -0.13765909E+00
 -0.12345019E+00 -0.90031058E-01 -0.13434682E+00
 -0.12234793E+00 -0.87420286E-01 -0.13077729E+00
 -0.12123519E+00 -0.84798366E-01 -0.12692511E+00
 -0.12010117E+00 -0.82165419E-01 -0.12276695E+00
 -0.11893494E+00 -0.79524407E-01 -0.11828241E+00
 -0.11772546E+00 -0.76881755E-01 -0.11345508E+00
 -0.11646178E+00 -0.74248000E-01 -0.10827360E+00
 -0.11513331E+00 -0.71638414E-01 -0.10273276E+00
 -0.11373016E+00 -0.69073556E-01 -0.96834447E-01
 -0.11224364E+00 -0.66579690E-01 -0.90588453E-01
 -0.11066697E+00 -0.64188995E-01 -0.84012853E-01
 -0.10899600E+00 -0.61939472E-01 -0.77133922E-01
 -0.10723012E+00 -0.59874440E-01 -0.69985406E-01
 -0.10537317E+00 -0.58041481E-01 -0.62607040E-01
 -0.10343440E+00 -0.56490729E-01 -0.55042340E-01
 -0.10142932E+00 -0.55272400E-01 -0.47335758E-01
 -0.99380332E-01 -0.54433597E-01 -0.39529493E-01
 -0.97317147E-01 -0.54014529E-01 -0.31660389E-01
 -0.95276607E-01 -0.54044489E-01 -0.23757444E-01
 -0.93301917E-01 -0.54538117E-01 -0.15840464E-01
 -0.91441084E-01 -0.55492562E-01 -0.79202482E-02
 -0.89744533E-01 -0.56886155E-01 -0.40610811E-06
 -0.13192534E-01 -0.33045389E-01 -0.91285196E-06
 -0.12897508E-01 -0.33247003E-01 -0.14855653E-03
 -0.12566443E-01 -0.33301040E-01 -0.29509630E-03
 -0.12200754E-01 -0.33211115E-01 -0.43946820E-03
 -0.11800126E-01 -0.32985685E-01 -0.58058418E-03
 -0.11364701E-01 -0.32635528E-01 -0.71732703E-03
 -0.10897136E-01 -0.32171263E-01 -0.84855378E-03
 -0.10403853E-01 -0.31601589E-01 -0.97310805E-03
 -0.98950865E-02 -0.30932708E-01 -0.10898401E-02
 -0.93837080E-02 -0.30168943E-01 -0.11976327E-02
 -0.88831923E-02 -0.29314253E-01 -0.12954288E-02
 -0.84053198E-02 -0.28374049E-01 -0.13822591E-02
 -0.79582774E-02 -0.27356681E-01 -0.14572655E-02
 -0.75456632E-02 -0.26274090E-01 -0.15197175E-02
 -0.71666221E-02 -0.25141419E-01 -0.15690216E-02
 -0.68170069E-02 -0.23975670E-01 -0.16047214E-02
 -0.64911848E-02 -0.22793792E-01 -0.16264901E-02
 -0.61839634E-02 -0.21610716E-01 -0.16341160E-02
 -0.58921192E-02 -0.20437833E-01 -0.16274825E-02
 -0.56151637E-02 -0.19282279E-01 -0.16065470E-02
 -0.53552173E-02 -0.18147147E-01 -0.15713181E-02
 -0.51161080E-02 -0.17032483E-01 -0.15218365E-02
 -0.49020060E-02 -0.15936774E-01 -0.14581592E-02
 -0.47159984E-02 -0.14858487E-01 -0.13803504E-02
 -0.45589844E-02 -0.13797303E-01 -0.12884789E-02
 -0.44291584E-02 -0.12754753E-01 -0.11826225E-02
 -0.37963888E+00 -0.39835880E+00 -0.47107249E+00
 -0.36020625E+00 -0.37778518E+00 -0.45340608E+00
 -0.34210104E+00 -0.35855257E+00 -0.43613081E+00
 -0.32523805E+00 -0.34058826E+00 -0.41935305E+00
 -0.30953434E+00 -0.32381822E+00 -0.40315276E+00
 -0.29491096E+00 -0.30816784E+00 -0.38758748E+00
 -0.28129379E+00 -0.29356295E+00 -0.37269588E+00
 -0.26861381E+00 -0.27993091E+00 -0.35850106E+00
 -0.25680667E+00 -0.26720184E+00 -0.34501338E+00
 -0.24581217E+00 -0.25530965E+00 -0.33223299E+00
 -0.23557363E+00 -0.24419284E+00 -0.32015199E+00
 -0.22603742E+00 -0.23379490E+00 -0.30875622E+00
 -0.21715274E+00 -0.22406426E+00 -0.29802678E+00
 -0.20887173E+00 -0.21495391E+00 -0.28794125E+00
 -0.20114958E+00 -0.20642074E+00 -0.27847465E+00
 -0.19394492E+00 -0.19842479E+00 -0.26960022E+00
 -0.18721994E+00 -0.19092861E+00 -0.26128999E+00
 -0.18094046E+00 -0.18389669E+00 -0.25351533E+00
 -0.17507581E+00 -0.17729527E+00 -0.24624727E+00
 -0.16959844E+00 -0.17109223E+00 -0.23945685E+00
 -0.16448344E+00 -0.16525726E+00 -0.23311545E+00
 -0.15970802E+00 -0.15976201E+00 -0.22719497E+00
 -0.15525105E+00 -0.15458033E+00 -0.22166808E+00
 -0.15109266E+00 -0.14968826E+00 -0.21650834E+00
 -0.14721406E+00 -0.14506401E+00 -0.21169030E+00
 -0.14359744E+00 -0.14068773E+00 -0.20718956E+00
 -0.14022604E+00 -0.13654117E+00 -0.20298270E+00
 -0.13708423E+00 -0.13260735E+00 -0.19904724E+00
 -0.13415753E+00 -0.12887019E+00 -0.19536153E+00
 -0.13143264E+00 -0.12531425E+00 -0.19190455E+00
 -0.12889733E+00 -0.12192463E+00 -0.18865580E+00
 -0.12654023E+00 -0.11868688E+00 -0.18559512E+00
 -0.12435062E+00 -0.11558709E+00 -0.18270259E+00
 -0.12231814E+00 -0.11261200E+00 -0.17995835E+00
 -0.12043263E+00 -0.10974911E+00 -0.17734257E+00
 -0.11868397E+00 -0.10698674E+00 -0.17483531E+00
 -0.11706201E+00 -0.10431410E+00 -0.17241647E+00
 -0.11555665E+00 -0.10172116E+00 -0.17006571E+00
 -0.11415793E+00 -0.99198670E-01 -0.16776236E+00
 -0.11285610E+00 -0.96737940E-01 -0.16548532E+00
 -0.11164177E+00 -0.94330764E-01 -0.16321295E+00
 -0.11050595E+00 -0.91969302E-01 -0.16092296E+00
 -0.10944001E+00 -0.89646004E-01 -0.15859227E+00
 -0.10843564E+00 -0.87353591E-01 -0.15619695E+00
 -0.10748472E+00 -0.85085069E-01 -0.15371211E+00
 -0.10657917E+00 -0.82833792E-01 -0.15111192E+00
 -0.10571082E+00 -0.80593566E-01 -0.14836962E+00
 -0.10487123E+00 -0.78358797E-01 -0.14545768E+00
 -0.10405163E+00 -0.76124684E-01 -0.14234802E+00
 -0.10324281E+00 -0.73887471E-01 -0.13901236E+00
 -0.10243509E+00 -0.71644759E-01 -0.13542271E+00
 -0.10161831E+00 -0.69395886E-01 -0.13155198E+00
 -0.10078181E+00 -0.67142365E-01 -0.12737473E+00
 -0.99914487E-01 -0.64888376E-01 -0.12286804E+00
 -0.99004883E-01 -0.62641280E-01 -0.11801255E+00
 -0.98041318E-01 -0.60412139E-01 -0.11279342E+00
 -0.97012142E-01 -0.58216191E-01 -0.10720146E+00
 -0.95906086E-01 -0.56073251E-01 -0.10123406E+00
 -0.94712740E-01 -0.54007975E-01 -0.94896004E-01
 -0.93423184E-01 -0.52049932E-01 -0.88199980E-01
 -0.92030742E-01 -0.50233395E-01 -0.81166632E-01
 -0.90531869E-01 -0.48596759E-01 -0.73824100E-01
 -0.88927124E-01 -0.47181477E-01 -0.66206930E-01
 -0.87222187E-01 -0.46030401E-01 -0.58354347E-01
 -0.85428849E-01 -0.45185491E-01 -0.50307997E-01
 -0.83565860E-01 -0.44684900E-01 -0.42109361E-01
 -0.81659477E-01 -0.44559621E-01 -0.33797197E-01
 -0.79743535E-01 -0.44830011E-01 -0.25405412E-01
 -0.77858841E-01 -0.45502683E-01 -0.16961799E-01
 -0.76051730E-01 -0.46568333E-01 -0.84879427E-02
 -0.74371741E-01 -0.48001005E-01 -0.37234709E-06
 -0.10216368E-01 -0.25596932E-01 -0.76107284E-06
 -0.99171861E-02 -0.25822322E-01 -0.24285740E-03
 -0.95930817E-02 -0.25927921E-01 -0.48232831E-03
 -0.92455545E-02 -0.25916283E-01 -0.71664612E-03
 -0.88747058E-02 -0.25793859E-01 -0.94338754E-03
 -0.84811675E-02 -0.25568805E-01 -0.11602800E-02
 -0.80678300E-02 -0.25248894E-01 -0.13652424E-02
 -0.76408057E-02 -0.24840144E-01 -0.15564202E-02
 -0.72093193E-02 -0.24346488E-01 -0.17322109E-02
 -0.67845578E-02 -0.23770478E-01 -0.18912826E-02
 -0.63778310E-02 -0.23114703E-01 -0.20325816E-02
 -0.59985888E-02 -0.22383381E-01 -0.21553310E-02
 -0.56528649E-02 -0.21583592E-01 -0.22590207E-02
 -0.53425653E-02 -0.20725719E-01 -0.23433885E-02
 -0.50657619E-02 -0.19822952E-01 -0.24083938E-02
 -0.48178554E-02 -0.18889990E-01 -0.24541868E-02
 -0.45932451E-02 -0.17941294E-01 -0.24810729E-02
 -0.43870250E-02 -0.16989361E-01 -0.24894752E-02
 -0.41962560E-02 -0.16043467E-01 -0.24798977E-02
 -0.40205140E-02 -0.15109167E-01 -0.24528899E-02
 -0.38616296E-02 -0.14188623E-01 -0.24090154E-02
 -0.37227568E-02 -0.13281618E-01 -0.23488264E-02
 -0.36070760E-02 -0.12386952E-01 -0.22728446E-02
 -0.35165044E-02 -0.11503829E-01 -0.21815502E-02
 -0.34507571E-02 -0.10632896E-01 -0.20753784E-02
 -0.34069847E-02 -0.97767017E-02 -0.19547251E-02
 -0.33800518E-02 -0.89395206E-02 -0.18199583E-02
 -0.28281524E+00 -0.29902360E+00 -0.48048042E+00
 -0.26822435E+00 -0.28348834E+00 -0.46149507E+00
 -0.25465715E+00 -0.26900236E+00 -0.44311289E+00
 -0.24204200E+00 -0.25550253E+00 -0.42541204E+00
 -0.23031160E+00 -0.24292516E+00 -0.40844683E+00
 -0.21940357E+00 -0.23120682E+00 -0.39225175E+00
 -0.20926046E+00 -0.22028537E+00 -0.37684501E+00
 -0.19982916E+00 -0.21010109E+00 -0.36223171E+00
 -0.19106017E+00 -0.20059775E+00 -0.34840656E+00
 -0.18290687E+00 -0.19172335E+00 -0.33535622E+00
 -0.17532499E+00 -0.18343058E+00 -0.32306124E+00
 -0.16827236E+00 -0.17567678E+00 -0.31149765E+00
 -0.16170895E+00 -0.16842350E+00 -0.30063825E+00
 -0.15559722E+00 -0.16163584E+00 -0.29045359E+00
 -0.14990239E+00 -0.15528165E+00 -0.28091276E+00
 -0.14459283E+00 -0.14933079E+00 -0.27198398E+00
 -0.13964020E+00 -0.14375454E+00 -0.26363507E+00
 -0.13501938E+00 -0.13852531E+00 -0.25583381E+00
 -0.13070819E+00 -0.13361658E+00 -0.24854825E+00
 -0.12668696E+00 -0.12900302E+00 -0.24174696E+00
 -0.12293794E+00 -0.12466077E+00 -0.23539928E+00
 -0.11944486E+00 -0.12056767E+00 -0.22947550E+00
 -0.11619247E+00 -0.11670348E+00 -0.22394698E+00
 -0.11316624E+00 -0.11304984E+00 -0.21878627E+00
 -0.11035233E+00 -0.10959024E+00 -0.21396714E+00
 -0.10773751E+00 -0.10630967E+00 -0.20946454E+00
 -0.10530934E+00 -0.10319438E+00 -0.20525453E+00
 -0.10305620E+00 -0.10023150E+00 -0.20131417E+00
 -0.10096739E+00 -0.97408742E-01 -0.19762131E+00
 -0.99033078E-01 -0.94714255E-01 -0.19415448E+00
 -0.97244209E-01 -0.92136515E-01 -0.19089267E+00
 -0.95592314E-01 -0.89664356E-01 -0.18781516E+00
 -0.94069306E-01 -0.87287061E-01 -0.18490140E+00
 -0.92667282E-01 -0.84994473E-01 -0.18213085E+00
 -0.91378376E-01 -0.82777101E-01 -0.17948289E+00
 -0.90194685E-01 -0.80626184E-01 -0.17693673E+00
 -0.89108270E-01 -0.78533689E-01 -0.17447127E+00
 -0.88111219E-01 -0.76492263E-01 -0.17206510E+00
 -0.87195744E-01 -0.74495141E-01 -0.16969634E+00
 -0.86354271E-01 -0.72536031E-01 -0.16734257E+00
 -0.85579507E-01 -0.70609010E-01 -0.16498074E+00
 -0.84864449E-01 -0.68708441E-01 -0.16258707E+00
 -0.84202340E-01 -0.66828937E-01 -0.16013695E+00
 -0.83586564E-01 -0.64965362E-01 -0.15760487E+00
 -0.83010506E-01 -0.63112894E-01 -0.15496439E+00
 -0.82467390E-01 -0.61267130E-01 -0.15218815E+00
 -0.81950117E-01 -0.59424250E-01 -0.14924795E+00
 -0.81451119E-01 -0.57581217E-01 -0.14611496E+00
 -0.80962241E-01 -0.55736034E-01 -0.14275998E+00
 -0.80474650E-01 -0.53888042E-01 -0.13915388E+00
 -0.79978779E-01 -0.52038264E-01 -0.13526820E+00
 -0.79464306E-01 -0.50189774E-01 -0.13107578E+00
 -0.78920174E-01 -0.48348103E-01 -0.12655168E+00
 -0.78334658E-01 -0.46521633E-01 -0.12167408E+00
 -0.77695491E-01 -0.44721985E-01 -0.11642535E+00
 -0.76990082E-01 -0.42964349E-01 -0.11079303E+00
 -0.76205828E-01 -0.41267741E-01 -0.10477086E+00
 -0.75330558E-01 -0.39655126E-01 -0.98359581E-01
 -0.74353107E-01 -0.38153357E-01 -0.91567497E-01
 -0.73264057E-01 -0.36792861E-01 -0.84410698E-01
 -0.72056622E-01 -0.35606973E-01 -0.76912791E-01
 -0.70727672E-01 -0.34630841E-01 -0.69104111E-01
 -0.69278868E-01 -0.33899818E-01 -0.61020403E-01
 -0.67717811E-01 -0.33447308E-01 -0.52701023E-01
 -0.66059109E-01 -0.33302139E-01 -0.44186849E-01
 -0.64325159E-01 -0.33485631E-01 -0.35518162E-01
 -0.62546440E-01 -0.34008704E-01 -0.26732822E-01
 -0.60761088E-01 -0.34869462E-01 -0.17865075E-01
 -0.59013572E-01 -0.36051742E-01 -0.89452234E-02
 -0.57352421E-01 -0.37525038E-01 -0.25613483E-06
 -0.69726745E-02 -0.17468391E-01 -0.58730858E-06
 -0.66716846E-02 -0.17718134E-01 -0.31325267E-03
 -0.63561818E-02 -0.17882376E-01 -0.62212628E-03
 -0.60284172E-02 -0.17961713E-01 -0.92355444E-03
 -0.56897854E-02 -0.17959351E-01 -0.12140891E-02
 -0.53422533E-02 -0.17879486E-01 -0.14905746E-02
 -0.49895373E-02 -0.17725874E-01 -0.17502175E-02
 -0.46376356E-02 -0.17501007E-01 -0.19906381E-02
 -0.42945339E-02 -0.17206098E-01 -0.22099006E-02
 -0.39691651E-02 -0.16841801E-01 -0.24065235E-02
 -0.36699344E-02 -0.16409392E-01 -0.25794709E-02
 -0.34032458E-02 -0.15911974E-01 -0.27281283E-02
 -0.31724527E-02 -0.15355293E-01 -0.28522652E-02
 -0.29775201E-02 -0.14747894E-01 -0.29519881E-02
 -0.28154714E-02 -0.14100536E-01 -0.30276882E-02
 -0.26814685E-02 -0.13425019E-01 -0.30799849E-02
 -0.25702072E-02 -0.12732738E-01 -0.31096699E-02
 -0.24772431E-02 -0.12033342E-01 -0.31176527E-02
 -0.23999053E-02 -0.11333831E-01 -0.31049102E-02
 -0.23375889E-02 -0.10638300E-01 -0.30724418E-02
 -0.22913979E-02 -0.99483460E-02 -0.30212313E-02
 -0.22632818E-02 -0.92639937E-02 -0.29522167E-02
 -0.22549342E-02 -0.85848621E-02 -0.28662691E-02
 -0.22667633E-02 -0.79112653E-02 -0.27641800E-02
 -0.22972042E-02 -0.72449703E-02 -0.26466586E-02
 -0.23425404E-02 -0.65894449E-02 -0.25143369E-02
 -0.23972610E-02 -0.59495678E-02 -0.23677827E-02
 -0.19373150E+00 -0.20844088E+00 -0.50105658E+00
 -0.18351836E+00 -0.19748048E+00 -0.48074177E+00
 -0.17403425E+00 -0.18727238E+00 -0.46111519E+00
 -0.16522589E+00 -0.17777089E+00 -0.44225305E+00
 -0.15704398E+00 -0.16892951E+00 -0.42420669E+00
 -0.14944354E+00 -0.16070162E+00 -0.40700691E+00
 -0.14238370E+00 -0.15304127E+00 -0.39066777E+00
 -0.13582705E+00 -0.14590423E+00 -0.37518999E+00
 -0.12973885E+00 -0.13924895E+00 -0.36056380E+00
 -0.12408631E+00 -0.13303726E+00 -0.34677141E+00
 -0.11883801E+00 -0.12723480E+00 -0.33378910E+00
 -0.11396372E+00 -0.12181101E+00 -0.32158880E+00
 -0.10943446E+00 -0.11673878E+00 -0.31013949E+00
 -0.10522282E+00 -0.11199381E+00 -0.29940815E+00
 -0.10130334E+00 -0.10755388E+00 -0.28936059E+00
 -0.97652969E-01 -0.10339809E+00 -0.27996200E+00
 -0.94251247E-01 -0.99506380E-01 -0.27117743E+00
 -0.91080406E-01 -0.95859122E-01 -0.26297208E+00
 -0.88125155E-01 -0.92437104E-01 -0.25531165E+00
 -0.85372326E-01 -0.89221645E-01 -0.24816256E+00
 -0.82810388E-01 -0.86194876E-01 -0.24149211E+00
 -0.80428958E-01 -0.83340050E-01 -0.23526874E+00
 -0.78218362E-01 -0.80641794E-01 -0.22946210E+00
 -0.76169339E-01 -0.78086249E-01 -0.22404317E+00
 -0.74272879E-01 -0.75661055E-01 -0.21898430E+00
 -0.72520213E-01 -0.73355199E-01 -0.21425916E+00
 -0.70902889E-01 -0.71158767E-01 -0.20984267E+00
 -0.69412898E-01 -0.69062647E-01 -0.20571087E+00
 -0.68042781E-01 -0.67058257E-01 -0.20184076E+00
 -0.66785683E-01 -0.65137333E-01 -0.19821011E+00
 -0.65635331E-01 -0.63291811E-01 -0.19479725E+00
 -0.64585939E-01 -0.61513809E-01 -0.19158088E+00
 -0.63632064E-01 -0.59795678E-01 -0.18853991E+00
 -0.62768443E-01 -0.58130111E-01 -0.18565329E+00
 -0.61989852E-01 -0.56510251E-01 -0.18289987E+00
 -0.61291007E-01 -0.54929787E-01 -0.18025832E+00
 -0.60666527E-01 -0.53382999E-01 -0.17770699E+00
 -0.60110951E-01 -0.51864754E-01 -0.17522387E+00
 -0.59618800E-01 -0.50370449E-01 -0.17278649E+00
 -0.59184650E-01 -0.48895933E-01 -0.17037182E+00
 -0.58803198E-01 -0.47437408E-01 -0.16795624E+00
 -0.58469294E-01 -0.45991348E-01 -0.16551540E+00
 -0.58177921E-01 -0.44554454E-01 -0.16302421E+00
 -0.57924118E-01 -0.43123652E-01 -0.16045667E+00
 -0.57702862E-01 -0.41696152E-01 -0.15778590E+00
 -0.57508908E-01 -0.40269556E-01 -0.15498412E+00
 -0.57336613E-01 -0.38842029E-01 -0.15202266E+00
 -0.57179760E-01 -0.37412509E-01 -0.14887213E+00
 -0.57031398E-01 -0.35980959E-01 -0.14550268E+00
 -0.56883711E-01 -0.34548645E-01 -0.14188438E+00
 -0.56727923E-01 -0.33118432E-01 -0.13798771E+00
 -0.56554238E-01 -0.31695086E-01 -0.13378428E+00
 -0.56351829E-01 -0.30285576E-01 -0.12924764E+00
 -0.56108880E-01 -0.28899356E-01 -0.12435416E+00
 -0.55812680E-01 -0.27548616E-01 -0.11908412E+00
 -0.55449796E-01 -0.26248479E-01 -0.11342266E+00
 -0.55006336E-01 -0.25017120E-01 -0.10736081E+00
 -0.54468336E-01 -0.23875755E-01 -0.10089633E+00
 -0.53822285E-01 -0.22848461E-01 -0.94034302E-01
 -0.53055833E-01 -0.21961746E-01 -0.86787469E-01
 -0.52158687E-01 -0.21243806E-01 -0.79176093E-01
 -0.51123707E-01 -0.20723372E-01 -0.71227416E-01
 -0.49948171E-01 -0.20428134E-01 -0.62974611E-01
 -0.48635129E-01 -0.20382714E-01 -0.54455342E-01
 -0.47194704E-01 -0.20606303E-01 -0.45710032E-01
 -0.45645133E-01 -0.21110179E-01 -0.36780072E-01
 -0.44013298E-01 -0.21895419E-01 -0.27706220E-01
 -0.42334476E-01 -0.22951220E-01 -0.18527461E-01
 -0.40651128E-01 -0.24254241E-01 -0.92805149E-02
 -0.39010666E-01 -0.25769238E-01 -0.65300086E-07
 -0.35369651E-02 -0.88585582E-02 -0.41771117E-06
 -0.32365583E-02 -0.91323746E-02 -0.35673851E-03
 -0.29315192E-02 -0.93597133E-02 -0.70853650E-03
 -0.26254580E-02 -0.95384341E-02 -0.10514470E-02
 -0.23217722E-02 -0.96675153E-02 -0.13813761E-02
 -0.20243796E-02 -0.97462201E-02 -0.16946127E-02
 -0.17381822E-02 -0.97735001E-02 -0.19879176E-02
 -0.14690837E-02 -0.97478266E-02 -0.22585849E-02
 -0.12235245E-02 -0.96674929E-02 -0.25044742E-02
 -0.10076539E-02 -0.95312798E-02 -0.27240164E-02
 -0.82637545E-03 -0.93392556E-02 -0.29161934E-02
 -0.68254012E-03 -0.90934451E-02 -0.30804989E-02
 -0.57652138E-03 -0.87981363E-02 -0.32168837E-02
 -0.50629410E-03 -0.84597080E-02 -0.33256909E-02
 -0.46799748E-03 -0.80859971E-02 -0.34075859E-02
 -0.45682984E-03 -0.76853575E-02 -0.34634849E-02
 -0.46803955E-03 -0.72656442E-02 -0.34944860E-02
 -0.49776011E-03 -0.68333712E-02 -0.35018039E-02
 -0.54349072E-03 -0.63932383E-02 -0.34867116E-02
 -0.60412617E-03 -0.59481198E-02 -0.34504893E-02
 -0.67956173E-03 -0.54994861E-02 -0.33943825E-02
 -0.77000675E-03 -0.50481215E-02 -0.33195693E-02
 -0.87520716E-03 -0.45949367E-02 -0.32271378E-02
 -0.99378915E-03 -0.41416606E-02 -0.31180730E-02
 -0.11228943E-02 -0.36912413E-02 -0.29932536E-02
 -0.12581949E-02 -0.32478660E-02 -0.28534581E-02
 -0.13942819E-02 -0.28166078E-02 -0.26993785E-02
 -0.96212936E-01 -0.10931954E+00 -0.51392891E+00
 -0.91016286E-01 -0.10358501E+00 -0.49276970E+00
 -0.86196415E-01 -0.98246079E-01 -0.47235400E+00
 -0.81724046E-01 -0.93279575E-01 -0.45275653E+00
 -0.77572865E-01 -0.88661185E-01 -0.43402656E+00
 -0.73719612E-01 -0.84365862E-01 -0.41619235E+00
 -0.70143743E-01 -0.80368468E-01 -0.39926519E+00
 -0.66826831E-01 -0.76644551E-01 -0.38324286E+00
 -0.63751859E-01 -0.73171122E-01 -0.36811265E+00
 -0.60902582E-01 -0.69927269E-01 -0.35385388E+00
 -0.58263085E-01 -0.66894523E-01 -0.34043999E+00
 -0.55817614E-01 -0.64056897E-01 -0.32784030E+00
 -0.53550667E-01 -0.61400637E-01 -0.31602128E+00
 -0.51447304E-01 -0.58913740E-01 -0.30494762E+00
 -0.49493561E-01 -0.56585360E-01 -0.29458302E+00
 -0.47676868E-01 -0.54405215E-01 -0.28489072E+00
 -0.45986361E-01 -0.52363121E-01 -0.27583398E+00
 -0.44413012E-01 -0.50448696E-01 -0.26737638E+00
 -0.42949570E-01 -0.48651294E-01 -0.25948211E+00
 -0.41590316E-01 -0.46960127E-01 -0.25211618E+00
 -0.40330696E-01 -0.45364521E-01 -0.24524465E+00
 -0.39166901E-01 -0.43854241E-01 -0.23883476E+00
 -0.38095476E-01 -0.42419788E-01 -0.23285506E+00
 -0.37113017E-01 -0.41052619E-01 -0.22727555E+00
 -0.36215984E-01 -0.39745241E-01 -0.22206766E+00
 -0.35400658E-01 -0.38491173E-01 -0.21720424E+00
 -0.34663193E-01 -0.37284802E-01 -0.21265950E+00
 -0.33999743E-01 -0.36121170E-01 -0.20840883E+00
 -0.33406606E-01 -0.34995736E-01 -0.20442869E+00
 -0.32880348E-01 -0.33904173E-01 -0.20069638E+00
 -0.32417870E-01 -0.32842228E-01 -0.19718979E+00
 -0.32016405E-01 -0.31805657E-01 -0.19388729E+00
 -0.31673450E-01 -0.30790245E-01 -0.19076743E+00
 -0.31386664E-01 -0.29791885E-01 -0.18780886E+00
 -0.31153735E-01 -0.28806687E-01 -0.18499009E+00
 -0.30972274E-01 -0.27831089E-01 -0.18228947E+00
 -0.30839736E-01 -0.26861939E-01 -0.17968498E+00
 -0.30753386E-01 -0.25896539E-01 -0.17715425E+00
 -0.30710318E-01 -0.24932635E-01 -0.17467442E+00
 -0.30707500E-01 -0.23968368E-01 -0.17222208E+00
 -0.30741827E-01 -0.23002204E-01 -0.16977323E+00
 -0.30810167E-01 -0.22032866E-01 -0.16730320E+00
 -0.30909370E-01 -0.21059282E-01 -0.16478655E+00
 -0.31036227E-01 -0.20080591E-01 -0.16219702E+00
 -0.31187378E-01 -0.19096190E-01 -0.15950745E+00
 -0.31359170E-01 -0.18105858E-01 -0.15668980E+00
 -0.31547482E-01 -0.17109914E-01 -0.15371511E+00
 -0.31747527E-01 -0.16109439E-01 -0.15055369E+00
 -0.31953663E-01 -0.15106510E-01 -0.14717528E+00
 -0.32159217E-01 -0.14104447E-01 -0.14354946E+00
 -0.32356349E-01 -0.13108063E-01 -0.13964608E+00
 -0.32535950E-01 -0.12123886E-01 -0.13543598E+00
 -0.32687588E-01 -0.11160363E-01 -0.13089178E+00
 -0.32799510E-01 -0.10228030E-01 -0.12598875E+00
 -0.32858684E-01 -0.93396354E-02 -0.12070586E+00
 -0.32850921E-01 -0.85102111E-02 -0.11502680E+00
 -0.32761074E-01 -0.77570600E-02 -0.10894092E+00
 -0.32573356E-01 -0.70996240E-02 -0.10244416E+00
 -0.32271815E-01 -0.65591801E-02 -0.95539623E-01
 -0.31841016E-01 -0.61582989E-02 -0.88238000E-01
 -0.31266956E-01 -0.59199982E-02 -0.80557514E-01
 -0.30538249E-01 -0.58665369E-02 -0.72523508E-01
 -0.29647547E-01 -0.60178336E-02 -0.64167584E-01
 -0.28593108E-01 -0.63895591E-02 -0.55526366E-01
 -0.27380359E-01 -0.69910435E-02 -0.46639998E-01
 -0.26023206E-01 -0.78232421E-02 -0.37550544E-01
 -0.24544789E-01 -0.88770886E-02 -0.28300536E-01
 -0.22977412E-01 -0.10132599E-01 -0.18931856E-01
 -0.21361430E-01 -0.11559036E-01 -0.94851515E-02
 -0.19743053E-01 -0.13116305E-01  0.18204750E-06
 -0.88505551E-06  0.74403956E-06 -0.27657452E-06
  0.29640300E-03 -0.29571411E-03 -0.37138920E-03
  0.58861233E-03 -0.58709634E-03 -0.73773475E-03
  0.87033876E-03 -0.86800440E-03 -0.10947036E-02
  0.11357701E-02 -0.11326334E-02 -0.14379792E-02
  0.13787699E-02 -0.13748545E-02 -0.17636594E-02
  0.15931997E-02 -0.15885370E-02 -0.20683521E-02
  0.17734275E-02 -0.17680555E-02 -0.23492397E-02
  0.19149078E-02 -0.19088695E-02 -0.26041130E-02
  0.20146950E-02 -0.20080365E-02 -0.28313736E-02
  0.20717604E-02 -0.20645296E-02 -0.30300111E-02
  0.20870338E-02 -0.20792786E-02 -0.31995577E-02
  0.20631527E-02 -0.20549206E-02 -0.33400270E-02
  0.20039770E-02 -0.19953149E-02 -0.34518439E-02
  0.19139746E-02 -0.19049298E-02 -0.35357678E-02
  0.17976133E-02 -0.17882339E-02 -0.35928163E-02
  0.16588800E-02 -0.16492170E-02 -0.36241916E-02
  0.15010192E-02 -0.14911275E-02 -0.36312119E-02
  0.13265194E-02 -0.13164596E-02 -0.36152500E-02
  0.11373247E-02 -0.11271641E-02 -0.35776811E-02
  0.93519611E-03 -0.92500975E-03 -0.35198391E-02
  0.72211788E-03 -0.71198849E-03 -0.34429833E-02
  0.50064268E-03 -0.49066029E-03 -0.33482757E-02
  0.27408777E-03 -0.26434816E-03 -0.32367678E-02
  0.46532912E-04 -0.37135094E-04 -0.31093971E-02
 -0.17738221E-03  0.18633950E-03 -0.29669939E-02
 -0.39281919E-03  0.40124181E-03 -0.28102944E-02
  0.57191569E-02 -0.57090177E-02 -0.51831064E+00
  0.55605651E-02 -0.55484904E-02 -0.49686180E+00
  0.54080627E-02 -0.53940327E-02 -0.47617566E+00
  0.52637442E-02 -0.52477315E-02 -0.45632639E+00
  0.51282306E-02 -0.51102070E-02 -0.43736250E+00
  0.50008321E-02 -0.49807741E-02 -0.41931135E+00
  0.48799061E-02 -0.48578001E-02 -0.40218325E+00
  0.47633351E-02 -0.47391801E-02 -0.38597495E+00
  0.46490270E-02 -0.46228356E-02 -0.37067272E+00
  0.45353411E-02 -0.45071391E-02 -0.35625484E+00
  0.44213663E-02 -0.43911910E-02 -0.34269381E+00
  0.43070065E-02 -0.42749048E-02 -0.32995801E+00
  0.41928741E-02 -0.41589002E-02 -0.31801306E+00
  0.40800246E-02 -0.40442382E-02 -0.30682285E+00
  0.39695987E-02 -0.39320634E-02 -0.29635034E+00
  0.38624466E-02 -0.38232285E-02 -0.28655810E+00
  0.37588114E-02 -0.37179778E-02 -0.27740879E+00
  0.36581282E-02 -0.36157461E-02 -0.26886541E+00
  0.35589700E-02 -0.35151045E-02 -0.26089164E+00
  0.34591423E-02 -0.34138549E-02 -0.25345203E+00
  0.33558983E-02 -0.33092453E-02 -0.24651218E+00
  0.32462272E-02 -0.31982587E-02 -0.24003892E+00
  0.31271582E-02 -0.30779179E-02 -0.23400046E+00
  0.29960254E-02 -0.29455520E-02 -0.22836643E+00
  0.28506508E-02 -0.27989802E-02 -0.22310795E+00
  0.26894226E-02 -0.26365919E-02 -0.21819760E+00
  0.25112690E-02 -0.24573207E-02 -0.21360933E+00
  0.23155462E-02 -0.22605328E-02 -0.20931833E+00
  0.21018766E-02 -0.20458636E-02 -0.20530086E+00
  0.18699768E-02 -0.18130448E-02 -0.20153404E+00
  0.16195139E-02 -0.15617577E-02 -0.19799567E+00
  0.13500183E-02 -0.12915450E-02 -0.19466395E+00
  0.10608664E-02 -0.10017901E-02 -0.19151736E+00
  0.75132739E-03 -0.69176392E-03 -0.18853440E+00
  0.42065877E-03 -0.36072010E-03 -0.18569351E+00
  0.68222505E-04 -0.80123724E-05 -0.18297289E+00
 -0.30640599E-03  0.36679428E-03 -0.18035043E+00
 -0.70335946E-03  0.76384252E-03 -0.17780361E+00
 -0.11224438E-02  0.11829450E-02 -0.17530943E+00
 -0.15631466E-02  0.16235910E-02 -0.17284437E+00
 -0.20246762E-02  0.20849846E-02 -0.17038429E+00
 -0.25060104E-02  0.25660942E-02 -0.16790439E+00
 -0.30059301E-02  0.30656876E-02 -0.16537912E+00
 -0.35230139E-02  0.35823301E-02 -0.16278214E+00
 -0.40555812E-02  0.41143299E-02 -0.16008619E+00
 -0.46015763E-02  0.46596259E-02 -0.15726314E+00
 -0.51584031E-02  0.52156228E-02 -0.15428396E+00
 -0.57227238E-02  0.57789908E-02 -0.15111884E+00
 -0.62902433E-02  0.63454477E-02 -0.14773740E+00
 -0.68555007E-02  0.69095477E-02 -0.14410904E+00
 -0.74116845E-02  0.74644929E-02 -0.14020341E+00
 -0.79504852E-02  0.80019820E-02 -0.13599111E+00
 -0.84619896E-02  0.85121016E-02 -0.13144440E+00
 -0.89346200E-02  0.89832639E-02 -0.12653820E+00
 -0.93551215E-02  0.94021950E-02 -0.12125105E+00
 -0.97086094E-02  0.97539833E-02 -0.11556611E+00
 -0.99786977E-02  0.10022212E-01 -0.10947220E+00
 -0.10147748E-01  0.10189213E-01 -0.10296461E+00
 -0.10197297E-01  0.10236494E-01 -0.96045803E-01
 -0.10108712E-01  0.10145406E-01 -0.88725769E-01
 -0.98641531E-02  0.98980972E-02 -0.81022046E-01
 -0.94478560E-02  0.94788021E-02 -0.72959339E-01
 -0.88477200E-02  0.88754284E-02 -0.64568723E-01
 -0.80571116E-02  0.80813578E-02 -0.55886474E-01
 -0.70766863E-02  0.70972672E-02 -0.46952642E-01
 -0.59159569E-02  0.59326953E-02 -0.37809524E-01
 -0.45942780E-02  0.46070266E-02 -0.28500249E-01
 -0.31409333E-02  0.31495783E-02 -0.19067677E-01
 -0.15941120E-02  0.15985767E-02 -0.95537795E-02
  0.12548999E-05 -0.10059667E-05  0.45945849E-06
  
