 &plot nbnd=  34, nks=   361 /
            0.000000  0.490095  0.722518
  -60.795  -60.214  -31.201  -30.736  -30.625  -30.393  -30.286  -30.058   -6.208   -6.197
   -5.649   -5.643    5.279    5.469    6.185    6.197    7.731    7.745    8.188    8.457
    8.577    8.594    9.819    9.886   10.702   11.066   11.473   11.813   13.919   13.927
   14.646   14.890   17.831   17.890
            0.000000  0.490095  0.705315
  -60.795  -60.214  -31.201  -30.736  -30.625  -30.393  -30.286  -30.058   -6.208   -6.197
   -5.649   -5.644    5.282    5.471    6.184    6.197    7.727    7.741    8.183    8.450
    8.579    8.601    9.818    9.884   10.706   11.069   11.477   11.817   13.918   13.926
   14.647   14.891   17.829   17.888
            0.000000  0.490095  0.688113
  -60.795  -60.214  -31.201  -30.736  -30.625  -30.393  -30.285  -30.058   -6.207   -6.196
   -5.652   -5.647    5.289    5.479    6.183    6.195    7.714    7.729    8.171    8.431
    8.586    8.618    9.814    9.877   10.718   11.078   11.488   11.826   13.915   13.921
   14.650   14.894   17.824   17.884
            0.000000  0.490095  0.670910
  -60.795  -60.214  -31.201  -30.734  -30.625  -30.393  -30.284  -30.058   -6.206   -6.195
   -5.656   -5.651    5.302    5.491    6.181    6.192    7.693    7.709    8.153    8.407
    8.595    8.640    9.808    9.867   10.737   11.093   11.506   11.843   13.909   13.914
   14.656   14.899   17.816   17.876
            0.000000  0.490095  0.653707
  -60.795  -60.214  -31.202  -30.733  -30.626  -30.394  -30.283  -30.059   -6.204   -6.193
   -5.662   -5.657    5.320    5.509    6.179    6.188    7.664    7.681    8.130    8.381
    8.606    8.663    9.802    9.854   10.763   11.113   11.530   11.865   13.902   13.903
   14.664   14.907   17.804   17.866
            0.000000  0.490095  0.636504
  -60.795  -60.214  -31.202  -30.731  -30.626  -30.394  -30.281  -30.059   -6.202   -6.191
   -5.669   -5.664    5.343    5.531    6.176    6.184    7.626    7.646    8.105    8.354
    8.616    8.685    9.795    9.839   10.794   11.138   11.560   11.892   13.889   13.892
   14.674   14.917   17.790   17.852
            0.000000  0.490095  0.619301
  -60.796  -60.214  -31.202  -30.729  -30.626  -30.394  -30.278  -30.060   -6.200   -6.189
   -5.677   -5.672    5.370    5.558    6.173    6.178    7.582    7.604    8.077    8.328
    8.624    8.705    9.790    9.824   10.830   11.167   11.596   11.924   13.873   13.880
   14.687   14.929   17.773   17.837
            0.000000  0.490095  0.602099
  -60.796  -60.214  -31.202  -30.726  -30.627  -30.394  -30.275  -30.060   -6.197   -6.186
   -5.687   -5.682    5.402    5.589    6.169    6.172    7.530    7.556    8.049    8.302
    8.628    8.722    9.787    9.808   10.870   11.198   11.636   11.960   13.853   13.866
   14.703   14.943   17.753   17.818
            0.000000  0.490095  0.584896
  -60.796  -60.215  -31.202  -30.723  -30.627  -30.394  -30.272  -30.061   -6.195   -6.184
   -5.697   -5.693    5.439    5.624    6.166    6.166    7.473    7.502    8.020    8.276
    8.630    8.735    9.786    9.793   10.913   11.232   11.680   11.999   13.831   13.851
   14.721   14.961   17.730   17.797
            0.000000  0.490095  0.567693
  -60.796  -60.215  -31.202  -30.719  -30.628  -30.395  -30.269  -30.061   -6.192   -6.182
   -5.708   -5.704    5.480    5.663    6.160    6.164    7.410    7.443    7.990    8.251
    8.627    8.745    9.781    9.789   10.959   11.268   11.726   12.041   13.806   13.834
   14.743   14.982   17.705   17.774
            0.000000  0.490095  0.550490
  -60.796  -60.215  -31.203  -30.716  -30.629  -30.395  -30.265  -30.062   -6.190   -6.180
   -5.720   -5.716    5.525    5.705    6.153    6.162    7.344    7.380    7.960    8.226
    8.620    8.750    9.772    9.796   11.007   11.304   11.774   12.084   13.778   13.816
   14.768   15.005   17.678   17.749
            0.000000  0.490095  0.533287
  -60.797  -60.215  -31.203  -30.711  -30.629  -30.395  -30.261  -30.063   -6.188   -6.179
   -5.732   -5.728    5.574    5.749    6.147    6.161    7.275    7.314    7.930    8.201
    8.608    8.749    9.767    9.806   11.057   11.341   11.823   12.127   13.748   13.797
   14.796   15.032   17.649   17.722
            0.000000  0.490095  0.516084
  -60.797  -60.215  -31.203  -30.707  -30.630  -30.396  -30.256  -30.064   -6.187   -6.178
   -5.744   -5.740    5.625    5.795    6.142    6.163    7.203    7.245    7.899    8.175
    8.592    8.744    9.766    9.819   11.108   11.377   11.871   12.171   13.716   13.777
   14.828   15.063   17.618   17.694
            0.000000  0.490095  0.498882
  -60.797  -60.216  -31.203  -30.702  -30.631  -30.396  -30.251  -30.064   -6.187   -6.179
   -5.755   -5.751    5.680    5.841    6.138    6.168    7.131    7.175    7.869    8.149
    8.572    8.734    9.771    9.836   11.161   11.413   11.919   12.214   13.681   13.757
   14.864   15.097   17.586   17.664
            0.000000  0.490095  0.481679
  -60.797  -60.216  -31.204  -30.697  -30.632  -30.396  -30.246  -30.065   -6.189   -6.181
   -5.765   -5.762    5.735    5.885    6.135    6.177    7.059    7.105    7.839    8.123
    8.549    8.718    9.780    9.856   11.214   11.447   11.965   12.256   13.645   13.736
   14.904   15.135   17.552   17.633
            0.000000  0.490095  0.464476
  -60.798  -60.216  -31.204  -30.692  -30.633  -30.397  -30.241  -30.066   -6.192   -6.185
   -5.774   -5.771    5.792    5.925    6.135    6.192    6.989    7.034    7.809    8.095
    8.521    8.697    9.794    9.879   11.268   11.479   12.009   12.296   13.607   13.716
   14.947   15.176   17.518   17.601
            0.000000  0.490095  0.447273
  -60.798  -60.217  -31.204  -30.686  -30.634  -30.397  -30.235  -30.067   -6.197   -6.191
   -5.781   -5.779    5.847    5.959    6.139    6.213    6.921    6.965    7.780    8.067
    8.490    8.672    9.813    9.905   11.322   11.509   12.049   12.333   13.568   13.696
   14.994   15.222   17.483   17.569
            0.000000  0.490095  0.430070
  -60.798  -60.217  -31.205  -30.681  -30.634  -30.398  -30.230  -30.068   -6.204   -6.198
   -5.787   -5.786    5.898    5.987    6.148    6.238    6.859    6.899    7.752    8.039
    8.456    8.642    9.836    9.932   11.376   11.537   12.086   12.367   13.528   13.677
   15.046   15.271   17.447   17.536
            0.000000  0.490095  0.412868
  -60.798  -60.217  -31.205  -30.675  -30.635  -30.398  -30.224  -30.069   -6.213   -6.208
   -5.791   -5.790    5.943    6.008    6.165    6.265    6.806    6.837    7.725    8.009
    8.419    8.609    9.863    9.962   11.430   11.560   12.119   12.397   13.487   13.659
   15.101   15.324   17.411   17.503
            0.000000  0.490095  0.395665
  -60.799  -60.218  -31.205  -30.669  -30.636  -30.399  -30.218  -30.070   -6.224   -6.220
   -5.792   -5.792    5.977    6.024    6.188    6.286    6.766    6.782    7.701    7.979
    8.379    8.573    9.893    9.992   11.483   11.581   12.147   12.424   13.445   13.642
   15.160   15.381   17.375   17.470
            0.000000  0.490095  0.378462
  -60.799  -60.218  -31.206  -30.663  -30.637  -30.399  -30.212  -30.071   -6.237   -6.234
   -5.792   -5.792    6.002    6.037    6.216    6.294    6.738    6.746    7.679    7.949
    8.337    8.534    9.927   10.024   11.535   11.597   12.170   12.447   13.404   13.627
   15.222   15.441   17.340   17.437
            0.000000  0.490095  0.361259
  -60.799  -60.218  -31.206  -30.657  -30.638  -30.400  -30.206  -30.073   -6.252   -6.249
   -5.791   -5.790    6.019    6.049    6.238    6.282    6.711    6.748    7.660    7.918
    8.293    8.493    9.962   10.057   11.585   11.610   12.188   12.465   13.363   13.615
   15.288   15.505   17.305   17.405
            0.000000  0.490095  0.344056
  -60.800  -60.219  -31.207  -30.651  -30.639  -30.400  -30.200  -30.074   -6.268   -6.266
   -5.787   -5.786    6.032    6.060    6.246    6.254    6.707    6.770    7.646    7.886
    8.249    8.451   10.000   10.090   11.619   11.633   12.201   12.478   13.323   13.604
   15.357   15.571   17.270   17.373
            0.000000  0.490095  0.326854
  -60.800  -60.219  -31.207  -30.645  -30.640  -30.401  -30.194  -30.075   -6.285   -6.284
   -5.783   -5.782    6.042    6.070    6.214    6.237    6.728    6.803    7.637    7.854
    8.204    8.409   10.039   10.123   11.623   11.679   12.209   12.487   13.284   13.596
   15.428   15.641   17.236   17.342
            0.000000  0.490095  0.309651
  -60.800  -60.219  -31.207  -30.641  -30.640  -30.401  -30.188  -30.076   -6.304   -6.303
   -5.777   -5.775    6.050    6.077    6.171    6.212    6.770    6.842    7.633    7.821
    8.160    8.367   10.078   10.156   11.624   11.721   12.213   12.490   13.246   13.591
   15.502   15.712   17.204   17.312
            0.000000  0.490095  0.292448
  -60.801  -60.220  -31.208  -30.642  -30.634  -30.402  -30.182  -30.077   -6.323   -6.323
   -5.770   -5.768    6.055    6.071    6.139    6.181    6.826    6.879    7.635    7.788
    8.119    8.325   10.118   10.188   11.622   11.759   12.214   12.489   13.209   13.587
   15.578   15.786   17.172   17.283
            0.000000  0.490095  0.275245
  -60.801  -60.220  -31.208  -30.643  -30.628  -30.402  -30.176  -30.078   -6.343   -6.342
   -5.763   -5.761    6.038    6.053    6.136    6.151    6.890    6.913    7.640    7.754
    8.083    8.286   10.157   10.219   11.617   11.791   12.214   12.483   13.174   13.586
   15.656   15.862   17.142   17.255
            0.000000  0.490095  0.258042
  -60.801  -60.220  -31.208  -30.644  -30.622  -30.403  -30.171  -30.079   -6.362   -6.361
   -5.754   -5.753    5.991    6.036    6.136    6.148    6.940    6.958    7.646    7.719
    8.057    8.250   10.194   10.248   11.611   11.815   12.215   12.471   13.140   13.587
   15.734   15.938   17.114   17.228
            0.000000  0.490095  0.240839
  -60.802  -60.220  -31.209  -30.645  -30.617  -30.403  -30.165  -30.080   -6.382   -6.381
   -5.746   -5.744    5.942    6.003    6.138    6.164    6.959    7.026    7.646    7.685
    8.047    8.217   10.230   10.275   11.603   11.830   12.219   12.456   13.107   13.591
   15.814   16.015   17.087   17.202
            0.000000  0.490095  0.223637
  -60.802  -60.221  -31.209  -30.646  -30.612  -30.404  -30.160  -30.081   -6.401   -6.399
   -5.738   -5.736    5.895    5.964    6.148    6.184    6.972    7.093    7.636    7.650
    8.056    8.190   10.263   10.300   11.596   11.835   12.228   12.435   13.076   13.595
   15.893   16.092   17.061   17.178
            0.000000  0.490095  0.206434
  -60.802  -60.221  -31.209  -30.647  -30.607  -30.404  -30.155  -30.082   -6.419   -6.417
   -5.729   -5.728    5.849    5.924    6.162    6.206    6.979    7.154    7.613    7.615
    8.085    8.168   10.292   10.321   11.590   11.831   12.242   12.410   13.045   13.601
   15.971   16.168   17.037   17.155
            0.000000  0.490095  0.189231
  -60.802  -60.221  -31.209  -30.647  -30.602  -30.405  -30.151  -30.082   -6.436   -6.435
   -5.721   -5.720    5.806    5.885    6.179    6.230    6.980    7.209    7.581    7.582
    8.131    8.154   10.317   10.339   11.587   11.818   12.262   12.381   13.015   13.608
   16.048   16.242   17.015   17.133
            0.000000  0.490095  0.172028
  -60.803  -60.222  -31.210  -30.648  -30.598  -30.405  -30.146  -30.083   -6.453   -6.451
   -5.713   -5.712    5.766    5.848    6.198    6.255    6.978    7.254    7.541    7.552
    8.147    8.187   10.336   10.353   11.588   11.799   12.286   12.348   12.986   13.616
   16.123   16.314   16.994   17.112
            0.000000  0.490095  0.154825
  -60.803  -60.222  -31.210  -30.649  -30.594  -30.405  -30.142  -30.084   -6.468   -6.466
   -5.706   -5.704    5.729    5.813    6.218    6.282    6.973    7.285    7.497    7.528
    8.148    8.251   10.351   10.363   11.594   11.777   12.311   12.312   12.957   13.624
   16.196   16.384   16.975   17.093
            0.000000  0.490095  0.137623
  -60.803  -60.222  -31.210  -30.649  -30.590  -30.406  -30.139  -30.084   -6.482   -6.480
   -5.699   -5.697    5.696    5.782    6.238    6.309    6.966    7.299    7.453    7.514
    8.156    8.317   10.360   10.368   11.605   11.753   12.272   12.340   12.928   13.632
   16.264   16.450   16.957   17.074
            0.000000  0.490095  0.120420
  -60.803  -60.222  -31.210  -30.650  -30.587  -30.406  -30.136  -30.085   -6.494   -6.492
   -5.692   -5.691    5.667    5.753    6.259    6.337    6.957    7.297    7.409    7.509
    8.171    8.383   10.364   10.370   11.622   11.730   12.229   12.368   12.900   13.640
   16.329   16.512   16.941   17.057
            0.000000  0.490095  0.103217
  -60.803  -60.222  -31.210  -30.650  -30.584  -30.406  -30.133  -30.086   -6.505   -6.503
   -5.687   -5.686    5.641    5.729    6.279    6.365    6.948    7.283    7.368    7.511
    8.191    8.446   10.364   10.368   11.645   11.709   12.184   12.395   12.874   13.647
   16.388   16.568   16.926   17.040
            0.000000  0.490095  0.086014
  -60.804  -60.222  -31.211  -30.651  -30.582  -30.406  -30.130  -30.086   -6.515   -6.513
   -5.682   -5.681    5.619    5.708    6.299    6.392    6.938    7.262    7.330    7.516
    8.213    8.505   10.361   10.363   11.674   11.689   12.137   12.422   12.848   13.653
   16.442   16.619   16.912   17.025
            0.000000  0.490095  0.068811
  -60.804  -60.223  -31.211  -30.651  -30.580  -30.407  -30.128  -30.086   -6.523   -6.521
   -5.678   -5.677    5.601    5.690    6.316    6.417    6.927    7.241    7.297    7.521
    8.235    8.556   10.355   10.356   11.673   11.708   12.089   12.446   12.824   13.659
   16.488   16.664   16.898   17.011
            0.000000  0.490095  0.051608
  -60.804  -60.223  -31.211  -30.651  -30.578  -30.407  -30.127  -30.087   -6.529   -6.527
   -5.675   -5.674    5.586    5.676    6.331    6.439    6.918    7.222    7.270    7.525
    8.255    8.599   10.349   10.349   11.661   11.746   12.040   12.468   12.803   13.664
   16.526   16.701   16.886   16.999
            0.000000  0.490095  0.034406
  -60.804  -60.223  -31.211  -30.652  -30.577  -30.407  -30.125  -30.087   -6.533   -6.531
   -5.672   -5.671    5.576    5.667    6.342    6.456    6.910    7.206    7.251    7.527
    8.270    8.630   10.343   10.344   11.652   11.787   11.991   12.485   12.787   13.667
   16.554   16.731   16.875   16.989
            0.000000  0.490095  0.017203
  -60.804  -60.223  -31.211  -30.652  -30.576  -30.407  -30.125  -30.087   -6.536   -6.534
   -5.671   -5.670    5.570    5.661    6.349    6.467    6.905    7.197    7.238    7.529
    8.280    8.650   10.338   10.341   11.647   11.828   11.946   12.497   12.775   13.669
   16.572   16.751   16.866   16.983
            0.000000  0.490095  0.000000
  -60.804  -60.223  -31.211  -30.652  -30.576  -30.407  -30.124  -30.087   -6.537   -6.535
   -5.670   -5.670    5.568    5.659    6.352    6.471    6.903    7.193    7.234    7.529
    8.284    8.657   10.337   10.339   11.645   11.853   11.919   12.501   12.772   13.670
   16.578   16.758   16.863   16.981
            0.000000  0.473759  0.000000
  -60.804  -60.223  -31.211  -30.652  -30.576  -30.407  -30.124  -30.087   -6.576   -6.497
   -5.685   -5.654    5.563    5.653    6.351    6.471    6.900    7.198    7.214    7.563
    8.283    8.661   10.312   10.365   11.642   11.851   11.919   12.496   12.769   13.674
   16.580   16.713   16.864   17.025
            0.000000  0.457422  0.000000
  -60.804  -60.223  -31.211  -30.652  -30.576  -30.407  -30.124  -30.087   -6.615   -6.458
   -5.698   -5.638    5.549    5.636    6.348    6.470    6.886    7.173    7.219    7.641
    8.281    8.673   10.288   10.393   11.635   11.843   11.921   12.482   12.762   13.685
   16.585   16.621   16.869   17.111
            0.000000  0.441086  0.000000
  -60.804  -60.223  -31.211  -30.652  -30.576  -30.407  -30.124  -30.087   -6.655   -6.421
   -5.710   -5.621    5.526    5.609    6.344    6.470    6.851    7.153    7.247    7.740
    8.278    8.694   10.266   10.423   11.624   11.830   11.922   12.460   12.749   13.705
   16.518   16.594   16.876   17.207
            0.000000  0.424749  0.000000
  -60.804  -60.223  -31.211  -30.652  -30.576  -30.407  -30.124  -30.087   -6.694   -6.385
   -5.720   -5.603    5.495    5.572    6.339    6.469    6.792    7.162    7.286    7.848
    8.275    8.721   10.245   10.453   11.609   11.812   11.924   12.430   12.733   13.730
   16.409   16.607   16.886   17.305
            0.000000  0.408413  0.000000
  -60.804  -60.223  -31.211  -30.652  -30.576  -30.407  -30.124  -30.087   -6.734   -6.351
   -5.728   -5.585    5.458    5.529    6.332    6.467    6.718    7.194    7.334    7.962
    8.273    8.754   10.227   10.484   11.590   11.790   11.926   12.394   12.711   13.761
   16.298   16.622   16.898   17.403
            0.000000  0.392076  0.000000
  -60.804  -60.223  -31.211  -30.652  -30.576  -30.406  -30.124  -30.087   -6.772   -6.319
   -5.734   -5.567    5.415    5.481    6.324    6.465    6.637    7.241    7.390    8.079
    8.272    8.792   10.211   10.515   11.569   11.763   11.926   12.352   12.685   13.797
   16.187   16.641   16.913   17.498
            0.000000  0.375740  0.000000
  -60.804  -60.223  -31.211  -30.652  -30.576  -30.406  -30.124  -30.087   -6.810   -6.289
   -5.736   -5.548    5.367    5.428    6.316    6.463    6.554    7.298    7.453    8.198
    8.272    8.834   10.197   10.546   11.545   11.732   11.926   12.304   12.655   13.836
   16.074   16.662   16.929   17.591
            0.000000  0.359403  0.000000
  -60.804  -60.223  -31.211  -30.653  -30.576  -30.406  -30.124  -30.087   -6.847   -6.263
   -5.736   -5.530    5.317    5.372    6.307    6.459    6.472    7.361    7.521    8.275
    8.319    8.881   10.186   10.577   11.518   11.696   11.923   12.253   12.621   13.878
   15.962   16.686   16.948   17.682
            0.000000  0.343067  0.000000
  -60.804  -60.223  -31.211  -30.653  -30.576  -30.406  -30.124  -30.087   -6.883   -6.241
   -5.732   -5.511    5.264    5.314    6.297    6.392    6.455    7.429    7.593    8.280
    8.441    8.931   10.177   10.608   11.490   11.658   11.919   12.199   12.583   13.922
   15.851   16.712   16.969   17.769
            0.000000  0.326730  0.000000
  -60.804  -60.223  -31.211  -30.653  -30.576  -30.406  -30.124  -30.087   -6.918   -6.222
   -5.724   -5.493    5.210    5.255    6.287    6.314    6.450    7.500    7.667    8.287
    8.564    8.984   10.172   10.639   11.460   11.615   11.913   12.142   12.542   13.967
   15.740   16.739   16.991   17.854
            0.000000  0.310394  0.000000
  -60.804  -60.223  -31.211  -30.653  -30.576  -30.405  -30.124  -30.087   -6.952   -6.207
   -5.713   -5.475    5.155    5.195    6.240    6.277    6.444    7.574    7.744    8.297
    8.686    9.039   10.169   10.669   11.429   11.570   11.904   12.084   12.498   14.014
   15.631   16.768   17.014   17.934
            0.000000  0.294057  0.000000
  -60.804  -60.223  -31.211  -30.653  -30.576  -30.405  -30.124  -30.086   -6.985   -6.196
   -5.698   -5.457    5.101    5.135    6.169    6.267    6.438    7.650    7.822    8.308
    8.808    9.097   10.170   10.697   11.397   11.523   11.893   12.024   12.451   14.060
   15.524   16.798   17.038   18.012
            0.000000  0.277721  0.000000
  -60.804  -60.223  -31.211  -30.654  -30.576  -30.405  -30.124  -30.086   -7.016   -6.187
   -5.681   -5.440    5.047    5.076    6.102    6.257    6.431    7.727    7.900    8.322
    8.930    9.157   10.175   10.725   11.363   11.473   11.878   11.964   12.402   14.106
   15.418   16.829   17.062   18.085
            0.000000  0.261384  0.000000
  -60.804  -60.223  -31.211  -30.654  -30.576  -30.404  -30.124  -30.086   -7.046   -6.182
   -5.661   -5.423    4.994    5.018    6.039    6.248    6.423    7.804    7.977    8.337
    9.050    9.219   10.183   10.750   11.329   11.422   11.858   11.905   12.351   14.151
   15.316   16.860   17.088   18.154
            0.000000  0.245048  0.000000
  -60.804  -60.223  -31.211  -30.654  -30.576  -30.404  -30.124  -30.086   -7.074   -6.180
   -5.640   -5.407    4.943    4.962    5.979    6.238    6.416    7.882    8.052    8.355
    9.169    9.282   10.195   10.773   11.295   11.368   11.823   11.859   12.298   14.196
   15.216   16.891   17.113   18.218
            0.000000  0.228711  0.000000
  -60.804  -60.223  -31.211  -30.654  -30.576  -30.404  -30.124  -30.086   -7.101   -6.179
   -5.618   -5.392    4.893    4.908    5.924    6.229    6.408    7.959    8.125    8.373
    9.287    9.347   10.211   10.793   11.261   11.314   11.769   11.830   12.245   14.239
   15.121   16.921   17.138   18.278
            0.000000  0.212375  0.000000
  -60.804  -60.223  -31.211  -30.655  -30.576  -30.404  -30.124  -30.086   -7.126   -6.180
   -5.595   -5.377    4.845    4.857    5.872    6.220    6.400    8.035    8.195    8.392
    9.402    9.412   10.231   10.809   11.228   11.259   11.709   11.803   12.191   14.281
   15.029   16.951   17.163   18.332
            0.000000  0.196038  0.000000
  -60.804  -60.223  -31.211  -30.655  -30.576  -30.403  -30.124  -30.086   -7.150   -6.182
   -5.572   -5.363    4.797    4.811    5.824    6.212    6.393    8.111    8.262    8.412
    9.479    9.515   10.255   10.821   11.197   11.203   11.649   11.775   12.138   14.321
   14.942   16.979   17.187   18.381
            0.000000  0.179702  0.000000
  -60.804  -60.223  -31.211  -30.655  -30.576  -30.403  -30.124  -30.086   -7.172   -6.184
   -5.549   -5.350    4.750    4.768    5.781    6.204    6.385    8.184    8.324    8.433
    9.545    9.625   10.283   10.828   11.147   11.168   11.590   11.744   12.085   14.358
   14.859   17.006   17.211   18.423
            0.000000  0.163365  0.000000
  -60.804  -60.223  -31.211  -30.655  -30.576  -30.403  -30.124  -30.086   -7.192   -6.187
   -5.527   -5.338    4.707    4.730    5.741    6.197    6.378    8.255    8.383    8.453
    9.612    9.732   10.315   10.828   11.091   11.143   11.532   11.711   12.033   14.393
   14.783   17.032   17.233   18.457
            0.000000  0.147029  0.000000
  -60.804  -60.223  -31.211  -30.655  -30.576  -30.402  -30.124  -30.086   -7.210   -6.190
   -5.507   -5.327    4.666    4.695    5.705    6.190    6.371    8.322    8.436    8.473
    9.678    9.835   10.351   10.821   11.036   11.123   11.475   11.676   11.984   14.425
   14.713   17.055   17.255   18.482
            0.000000  0.130692  0.000000
  -60.804  -60.223  -31.211  -30.656  -30.576  -30.402  -30.124  -30.086   -7.227   -6.194
   -5.488   -5.316    4.628    4.663    5.673    6.184    6.364    8.386    8.484    8.493
    9.743    9.934   10.389   10.807   10.981   11.108   11.421   11.640   11.936   14.453
   14.649   17.077   17.274   18.497
            0.000000  0.114356  0.000000
  -60.804  -60.223  -31.211  -30.656  -30.576  -30.402  -30.124  -30.086   -7.241   -6.197
   -5.470   -5.307    4.595    4.635    5.645    6.179    6.359    8.444    8.511    8.528
    9.807   10.029   10.430   10.787   10.927   11.097   11.370   11.602   11.892   14.476
   14.595   17.096   17.292   18.500
            0.000000  0.098019  0.000000
  -60.804  -60.223  -31.211  -30.656  -30.576  -30.402  -30.124  -30.086   -7.254   -6.200
   -5.455   -5.299    4.565    4.610    5.620    6.174    6.353    8.497    8.527    8.566
    9.868   10.118   10.471   10.763   10.875   11.088   11.322   11.564   11.853   14.488
   14.556   17.113   17.309   18.495
            0.000000  0.081683  0.000000
  -60.804  -60.223  -31.211  -30.656  -30.576  -30.402  -30.124  -30.086   -7.265   -6.202
   -5.442   -5.293    4.540    4.589    5.600    6.170    6.349    8.542    8.542    8.600
    9.926   10.201   10.512   10.737   10.826   11.078   11.280   11.526   11.817   14.473
   14.547   17.127   17.323   18.483
            0.000000  0.065346  0.000000
  -60.804  -60.223  -31.212  -30.656  -30.576  -30.402  -30.124  -30.086   -7.274   -6.205
   -5.431   -5.287    4.519    4.572    5.583    6.166    6.345    8.555    8.578    8.630
    9.979   10.276   10.550   10.711   10.781   11.067   11.245   11.491   11.787   14.445
   14.556   17.139   17.334   18.468
            0.000000  0.049010  0.000000
  -60.804  -60.223  -31.212  -30.656  -30.576  -30.401  -30.124  -30.085   -7.281   -6.207
   -5.422   -5.283    4.503    4.559    5.570    6.164    6.342    8.565    8.605    8.655
   10.025   10.343   10.584   10.686   10.741   11.053   11.218   11.461   11.763   14.419
   14.567   17.149   17.343   18.454
            0.000000  0.032673  0.000000
  -60.804  -60.223  -31.212  -30.656  -30.576  -30.401  -30.124  -30.085   -7.286   -6.208
   -5.416   -5.279    4.491    4.549    5.560    6.162    6.340    8.572    8.623    8.675
   10.062   10.397   10.611   10.664   10.709   11.039   11.201   11.437   11.746   14.400
   14.575   17.155   17.350   18.442
            0.000000  0.016337  0.000000
  -60.804  -60.223  -31.212  -30.656  -30.576  -30.401  -30.124  -30.085   -7.289   -6.209
   -5.412   -5.278    4.484    4.543    5.555    6.161    6.339    8.577    8.634    8.688
   10.085   10.435   10.629   10.646   10.687   11.027   11.191   11.421   11.735   14.388
   14.580   17.159   17.354   18.435
            0.000000  0.000000  0.000000
  -60.804  -60.223  -31.212  -30.656  -30.576  -30.401  -30.124  -30.085   -7.290   -6.209
   -5.411   -5.277    4.481    4.541    5.553    6.161    6.338    8.578    8.638    8.692
   10.094   10.449   10.636   10.638   10.680   11.023   11.188   11.416   11.731   14.384
   14.582   17.161   17.356   18.432
            0.017182  0.000000  0.000000
  -60.804  -60.223  -31.212  -30.656  -30.576  -30.401  -30.124  -30.085   -7.289   -6.209
   -5.411   -5.278    4.484    4.543    5.555    6.161    6.338    8.577    8.633    8.689
   10.085   10.443   10.604   10.660   10.687   11.031   11.190   11.421   11.735   14.387
   14.581   17.159   17.354   18.435
            0.034364  0.000000  0.000000
  -60.804  -60.223  -31.212  -30.656  -30.576  -30.401  -30.124  -30.085   -7.286   -6.208
   -5.413   -5.283    4.491    4.549    5.560    6.163    6.339    8.572    8.620    8.681
   10.061   10.426   10.557   10.679   10.708   11.052   11.198   11.435   11.746   14.397
   14.578   17.155   17.351   18.444
            0.051546  0.000000  0.000000
  -60.804  -60.223  -31.212  -30.656  -30.576  -30.401  -30.124  -30.086   -7.280   -6.206
   -5.415   -5.290    4.503    4.558    5.570    6.166    6.340    8.565    8.598    8.668
   10.024   10.398   10.497   10.700   10.740   11.075   11.214   11.457   11.764   14.412
   14.576   17.147   17.345   18.457
            0.068729  0.000000  0.000000
  -60.804  -60.223  -31.212  -30.656  -30.576  -30.402  -30.124  -30.086   -7.273   -6.204
   -5.419   -5.301    4.520    4.571    5.583    6.170    6.341    8.556    8.567    8.651
    9.976   10.363   10.428   10.724   10.780   11.094   11.241   11.486   11.789   14.428
   14.576   17.137   17.337   18.474
            0.085911  0.000000  0.000000
  -60.804  -60.223  -31.212  -30.656  -30.576  -30.402  -30.124  -30.086   -7.263   -6.202
   -5.424   -5.314    4.541    4.588    5.600    6.175    6.343    8.528    8.544    8.629
    9.922   10.318   10.354   10.750   10.825   11.105   11.280   11.519   11.819   14.441
   14.584   17.124   17.327   18.492
            0.103093  0.000000  0.000000
  -60.804  -60.223  -31.211  -30.656  -30.576  -30.402  -30.124  -30.086   -7.251   -6.199
   -5.430   -5.330    4.566    4.609    5.621    6.181    6.346    8.481    8.529    8.603
    9.863   10.250   10.293   10.777   10.874   11.112   11.325   11.555   11.856   14.442
   14.608   17.108   17.315   18.508
            0.120275  0.000000  0.000000
  -60.804  -60.223  -31.211  -30.656  -30.576  -30.402  -30.124  -30.086   -7.237   -6.196
   -5.437   -5.349    4.596    4.632    5.646    6.187    6.348    8.428    8.513    8.572
    9.801   10.162   10.246   10.804   10.925   11.118   11.375   11.593   11.896   14.432
   14.647   17.090   17.300   18.516
            0.137457  0.000000  0.000000
  -60.804  -60.223  -31.211  -30.656  -30.576  -30.402  -30.124  -30.086   -7.221   -6.192
   -5.445   -5.370    4.630    4.660    5.675    6.195    6.352    8.369    8.496    8.536
    9.735   10.066   10.202   10.827   10.978   11.125   11.428   11.631   11.941   14.413
   14.700   17.070   17.284   18.515
            0.154639  0.000000  0.000000
  -60.804  -60.223  -31.211  -30.655  -30.576  -30.403  -30.124  -30.086   -7.203   -6.188
   -5.454   -5.393    4.667    4.691    5.708    6.204    6.355    8.307    8.477    8.494
    9.669    9.966   10.161   10.844   11.032   11.138   11.482   11.669   11.989   14.387
   14.762   17.047   17.266   18.502
            0.171821  0.000000  0.000000
  -60.804  -60.223  -31.211  -30.655  -30.576  -30.403  -30.124  -30.086   -7.183   -6.184
   -5.464   -5.418    4.708    4.725    5.744    6.213    6.359    8.241    8.447    8.458
    9.601    9.861   10.124   10.853   11.087   11.156   11.537   11.706   12.039   14.357
   14.833   17.023   17.247   18.479
            0.189003  0.000000  0.000000
  -60.804  -60.223  -31.211  -30.655  -30.576  -30.403  -30.124  -30.086   -7.161   -6.179
   -5.474   -5.446    4.751    4.763    5.785    6.223    6.363    8.172    8.395    8.438
    9.533    9.752   10.091   10.853   11.142   11.182   11.593   11.741   12.091   14.324
   14.910   16.996   17.226   18.446
            0.206186  0.000000  0.000000
  -60.804  -60.223  -31.211  -30.655  -30.576  -30.403  -30.124  -30.086   -7.138   -6.175
   -5.486   -5.474    4.795    4.806    5.830    6.233    6.368    8.101    8.337    8.418
    9.465    9.640   10.062   10.845   11.198   11.213   11.649   11.775   12.145   14.287
   14.994   16.969   17.204   18.406
            0.223368  0.000000  0.000000
  -60.804  -60.223  -31.211  -30.655  -30.576  -30.404  -30.124  -30.086   -7.112   -6.171
   -5.506   -5.497    4.839    4.854    5.880    6.244    6.374    8.029    8.275    8.398
    9.398    9.525   10.038   10.831   11.249   11.253   11.704   11.807   12.198   14.247
   15.082   16.940   17.181   18.359
            0.240550  0.000000  0.000000
  -60.804  -60.223  -31.211  -30.654  -30.576  -30.404  -30.124  -30.086   -7.084   -6.167
   -5.536   -5.510    4.885    4.905    5.933    6.255    6.379    7.955    8.209    8.379
    9.331    9.408   10.019   10.811   11.287   11.308   11.759   11.839   12.252   14.206
   15.175   16.911   17.157   18.306
            0.257732  0.000000  0.000000
  -60.804  -60.223  -31.211  -30.654  -30.576  -30.404  -30.124  -30.087   -7.055   -6.164
   -5.567   -5.523    4.932    4.959    5.991    6.265    6.386    7.882    8.139    8.360
    9.265    9.288   10.005   10.787   11.326   11.362   11.809   11.872   12.305   14.162
   15.273   16.881   17.132   18.248
            0.274914  0.000000  0.000000
  -60.804  -60.223  -31.211  -30.654  -30.576  -30.405  -30.124  -30.087   -7.024   -6.162
   -5.599   -5.537    4.981    5.013    6.053    6.276    6.392    7.809    8.066    8.343
    9.167    9.201    9.997   10.760   11.365   11.415   11.851   11.912   12.357   14.117
   15.373   16.851   17.108   18.186
            0.292096  0.000000  0.000000
  -60.804  -60.223  -31.211  -30.654  -30.576  -30.405  -30.124  -30.087   -6.992   -6.162
   -5.630   -5.552    5.031    5.069    6.120    6.286    6.399    7.737    7.991    8.327
    9.044    9.138    9.993   10.729   11.404   11.467   11.881   11.960   12.408   14.071
   15.477   16.821   17.083   18.119
            0.309278  0.000000  0.000000
  -60.804  -60.223  -31.211  -30.654  -30.576  -30.405  -30.124  -30.087   -6.958   -6.164
   -5.659   -5.567    5.082    5.125    6.191    6.296    6.407    7.665    7.914    8.312
    8.919    9.077    9.993   10.697   11.443   11.517   11.904   12.012   12.456   14.025
   15.583   16.791   17.058   18.048
            0.326460  0.000000  0.000000
  -60.804  -60.223  -31.211  -30.653  -30.576  -30.405  -30.124  -30.087   -6.922   -6.169
   -5.686   -5.582    5.133    5.182    6.266    6.305    6.414    7.596    7.837    8.299
    8.794    9.019    9.998   10.663   11.479   11.565   11.922   12.066   12.502   13.978
   15.691   16.763   17.033   17.973
            0.343643  0.000000  0.000000
  -60.804  -60.223  -31.211  -30.653  -30.576  -30.406  -30.124  -30.087   -6.885   -6.177
   -5.711   -5.597    5.185    5.238    6.314    6.345    6.422    7.529    7.761    8.288
    8.668    8.963   10.006   10.628   11.515   11.610   11.937   12.120   12.545   13.931
   15.801   16.736   17.010   17.894
            0.360825  0.000000  0.000000
  -60.804  -60.223  -31.211  -30.653  -30.576  -30.406  -30.124  -30.087   -6.847   -6.189
   -5.732   -5.613    5.235    5.293    6.321    6.428    6.430    7.465    7.686    8.280
    8.542    8.910   10.019   10.591   11.548   11.652   11.949   12.172   12.585   13.886
   15.912   16.710   16.987   17.812
            0.378007  0.000000  0.000000
  -60.804  -60.223  -31.211  -30.653  -30.576  -30.406  -30.124  -30.087   -6.808   -6.205
   -5.748   -5.629    5.284    5.346    6.328    6.438    6.514    7.404    7.614    8.273
    8.417    8.860   10.034   10.553   11.580   11.692   11.958   12.221   12.622   13.841
   16.024   16.686   16.966   17.726
            0.395189  0.000000  0.000000
  -60.804  -60.223  -31.211  -30.653  -30.576  -30.406  -30.124  -30.087   -6.768   -6.226
   -5.761   -5.644    5.330    5.397    6.335    6.445    6.604    7.348    7.545    8.268
    8.292    8.814   10.053   10.515   11.609   11.727   11.966   12.268   12.655   13.799
   16.136   16.665   16.946   17.637
            0.412371  0.000000  0.000000
  -60.804  -60.223  -31.211  -30.653  -30.576  -30.407  -30.124  -30.087   -6.727   -6.252
   -5.768   -5.660    5.373    5.444    6.340    6.452    6.696    7.297    7.482    8.169
    8.265    8.772   10.075   10.477   11.635   11.759   11.971   12.312   12.684   13.759
   16.248   16.645   16.928   17.546
            0.429553  0.000000  0.000000
  -60.804  -60.223  -31.211  -30.652  -30.576  -30.407  -30.124  -30.087   -6.685   -6.282
   -5.772   -5.675    5.412    5.488    6.344    6.458    6.790    7.253    7.424    8.048
    8.264    8.735   10.099   10.439   11.658   11.787   11.975   12.351   12.709   13.723
   16.360   16.629   16.913   17.452
            0.446735  0.000000  0.000000
  -60.804  -60.223  -31.211  -30.652  -30.576  -30.407  -30.124  -30.087   -6.643   -6.315
   -5.771   -5.690    5.445    5.526    6.348    6.463    6.882    7.218    7.375    7.930
    8.264    8.703   10.126   10.400   11.678   11.809   11.977   12.385   12.730   13.692
   16.470   16.615   16.899   17.357
            0.463918  0.000000  0.000000
  -60.804  -60.223  -31.211  -30.652  -30.576  -30.407  -30.124  -30.087   -6.600   -6.351
   -5.768   -5.704    5.472    5.557    6.351    6.468    6.967    7.195    7.335    7.818
    8.265    8.677   10.154   10.363   11.694   11.828   11.978   12.412   12.746   13.667
   16.578   16.604   16.889   17.261
            0.481100  0.000000  0.000000
  -60.804  -60.223  -31.211  -30.652  -30.576  -30.407  -30.124  -30.088   -6.557   -6.390
   -5.761   -5.718    5.492    5.581    6.353    6.471    7.033    7.196    7.305    7.716
    8.266    8.658   10.185   10.326   11.706   11.841   11.979   12.433   12.758   13.648
   16.596   16.681   16.881   17.166
            0.498282  0.000000  0.000000
  -60.804  -60.223  -31.211  -30.652  -30.576  -30.407  -30.124  -30.088   -6.514   -6.430
   -5.753   -5.731    5.505    5.596    6.354    6.473    7.064    7.223    7.286    7.637
    8.267    8.646   10.216   10.290   11.713   11.849   11.979   12.446   12.765   13.636
   16.591   16.771   16.877   17.081
            0.515464  0.000000  0.000000
  -60.804  -60.223  -31.211  -30.652  -30.576  -30.407  -30.124  -30.088   -6.474   -6.470
   -5.743   -5.742    5.509    5.601    6.355    6.473    7.070    7.244    7.278    7.604
    8.267    8.642   10.240   10.265   11.715   11.851   11.979   12.450   12.767   13.632
   16.589   16.816   16.875   17.038
            0.515464  0.016337  0.000000
  -60.804  -60.223  -31.211  -30.652  -30.576  -30.407  -30.124  -30.088   -6.474   -6.471
   -5.743   -5.741    5.505    5.596    6.354    6.472    7.069    7.229    7.305    7.609
    8.270    8.644   10.237   10.262   11.714   11.849   11.977   12.453   12.764   13.633
   16.591   16.814   16.877   17.036
            0.515464  0.032673  0.000000
  -60.804  -60.223  -31.211  -30.652  -30.576  -30.407  -30.124  -30.088   -6.476   -6.473
   -5.740   -5.739    5.492    5.580    6.352    6.469    7.064    7.217    7.352    7.624
    8.278    8.649   10.228   10.253   11.710   11.841   11.971   12.461   12.756   13.638
   16.597   16.808   16.881   17.029
            0.515464  0.049010  0.000000
  -60.804  -60.223  -31.211  -30.652  -30.576  -30.407  -30.124  -30.088   -6.479   -6.476
   -5.736   -5.734    5.472    5.556    6.348    6.463    7.057    7.217    7.409    7.648
    8.290    8.658   10.212   10.239   11.702   11.829   11.961   12.475   12.744   13.645
   16.605   16.798   16.887   17.019
            0.515464  0.065346  0.000000
  -60.804  -60.223  -31.211  -30.652  -30.576  -30.407  -30.124  -30.087   -6.483   -6.480
   -5.731   -5.729    5.444    5.523    6.343    6.456    7.051    7.228    7.474    7.682
    8.307    8.671   10.190   10.219   11.693   11.812   11.948   12.493   12.726   13.655
   16.617   16.785   16.897   17.005
            0.515464  0.081683  0.000000
  -60.804  -60.223  -31.211  -30.653  -30.576  -30.407  -30.124  -30.087   -6.488   -6.485
   -5.724   -5.722    5.410    5.483    6.337    6.446    7.046    7.245    7.544    7.726
    8.329    8.687   10.162   10.196   11.680   11.791   11.932   12.515   12.703   13.667
   16.632   16.768   16.909   16.986
            0.515464  0.098019  0.000000
  -60.804  -60.223  -31.211  -30.653  -30.576  -30.407  -30.124  -30.087   -6.494   -6.491
   -5.716   -5.714    5.370    5.437    6.330    6.435    7.046    7.267    7.620    7.778
    8.356    8.707   10.127   10.168   11.664   11.765   11.913   12.540   12.676   13.682
   16.651   16.749   16.923   16.965
            0.515464  0.114356  0.000000
  -60.804  -60.223  -31.211  -30.653  -30.576  -30.406  -30.124  -30.087   -6.501   -6.497
   -5.707   -5.704    5.326    5.387    6.322    6.423    7.049    7.293    7.699    7.838
    8.386    8.730   10.088   10.136   11.645   11.735   11.891   12.568   12.645   13.699
   16.671   16.726   16.939   16.940
            0.515464  0.130692  0.000000
  -60.804  -60.223  -31.211  -30.653  -30.576  -30.406  -30.124  -30.087   -6.508   -6.505
   -5.697   -5.694    5.279    5.335    6.313    6.409    7.058    7.321    7.781    7.905
    8.420    8.755   10.044   10.101   11.624   11.701   11.868   12.597   12.609   13.717
   16.694   16.701   16.913   16.957
            0.515464  0.147029  0.000000
  -60.804  -60.223  -31.212  -30.654  -30.576  -30.406  -30.124  -30.087   -6.516   -6.513
   -5.686   -5.683    5.229    5.280    6.303    6.394    7.071    7.351    7.866    7.978
    8.458    8.783    9.997   10.062   11.600   11.663   11.841   12.571   12.628   13.737
   16.673   16.719   16.883   16.976
            0.515464  0.163365  0.000000
  -60.804  -60.223  -31.212  -30.654  -30.576  -30.406  -30.124  -30.087   -6.525   -6.521
   -5.674   -5.671    5.177    5.224    6.293    6.378    7.088    7.383    7.951    8.055
    8.499    8.814    9.947   10.021   11.573   11.621   11.813   12.529   12.660   13.758
   16.644   16.745   16.851   16.997
            0.515464  0.179702  0.000000
  -60.804  -60.223  -31.212  -30.654  -30.576  -30.405  -30.124  -30.087   -6.534   -6.530
   -5.662   -5.658    5.124    5.167    6.282    6.362    7.110    7.417    8.037    8.136
    8.543    8.847    9.895    9.977   11.544   11.577   11.782   12.485   12.692   13.780
   16.613   16.773   16.817   17.020
            0.515464  0.196038  0.000000
  -60.804  -60.223  -31.212  -30.655  -30.576  -30.405  -30.124  -30.087   -6.542   -6.539
   -5.650   -5.646    5.071    5.111    6.270    6.346    7.135    7.453    8.122    8.219
    8.589    8.882    9.842    9.932   11.513   11.529   11.748   12.438   12.724   13.803
   16.581   16.783   16.802   17.043
            0.515464  0.212375  0.000000
  -60.804  -60.223  -31.212  -30.655  -30.576  -30.405  -30.124  -30.087   -6.551   -6.548
   -5.637   -5.633    5.018    5.056    6.259    6.329    7.165    7.490    8.206    8.303
    8.638    8.918    9.790    9.885   11.478   11.479   11.712   12.390   12.756   13.826
   16.548   16.747   16.831   17.066
            0.515464  0.228711  0.000000
  -60.804  -60.223  -31.212  -30.655  -30.576  -30.404  -30.124  -30.087   -6.560   -6.557
   -5.624   -5.620    4.966    5.002    6.247    6.313    7.197    7.530    8.286    8.386
    8.689    8.956    9.740    9.839   11.427   11.442   11.674   12.340   12.787   13.848
   16.515   16.712   16.861   17.090
            0.515464  0.245048  0.000000
  -60.804  -60.223  -31.212  -30.656  -30.576  -30.404  -30.124  -30.087   -6.569   -6.565
   -5.612   -5.607    4.915    4.950    6.236    6.297    7.233    7.571    8.361    8.468
    8.741    8.994    9.694    9.794   11.373   11.403   11.634   12.289   12.817   13.871
   16.482   16.676   16.890   17.114
            0.515464  0.261384  0.000000
  -60.804  -60.223  -31.212  -30.656  -30.576  -30.404  -30.124  -30.087   -6.578   -6.574
   -5.599   -5.594    4.866    4.900    6.225    6.281    7.273    7.614    8.429    8.546
    8.795    9.034    9.652    9.752   11.317   11.363   11.591   12.238   12.846   13.892
   16.450   16.641   16.919   17.138
            0.515464  0.277721  0.000000
  -60.804  -60.223  -31.212  -30.656  -30.576  -30.403  -30.124  -30.087   -6.586   -6.582
   -5.587   -5.582    4.819    4.852    6.214    6.266    7.315    7.659    8.487    8.618
    8.849    9.073    9.619    9.714   11.261   11.320   11.545   12.187   12.874   13.913
   16.418   16.607   16.947   17.162
            0.515464  0.294057  0.000000
  -60.804  -60.223  -31.212  -30.657  -30.576  -30.403  -30.124  -30.087   -6.594   -6.590
   -5.576   -5.570    4.775    4.807    6.203    6.251    7.359    7.706    8.533    8.681
    8.904    9.113    9.597    9.682   11.204   11.275   11.498   12.137   12.900   13.933
   16.387   16.574   16.975   17.184
            0.515464  0.310394  0.000000
  -60.804  -60.223  -31.212  -30.657  -30.576  -30.403  -30.124  -30.087   -6.601   -6.597
   -5.564   -5.559    4.733    4.765    6.193    6.238    7.407    7.754    8.564    8.734
    8.959    9.151    9.587    9.661   11.147   11.228   11.449   12.088   12.924   13.952
   16.358   16.542   17.001   17.206
            0.515464  0.326730  0.000000
  -60.804  -60.223  -31.212  -30.657  -30.576  -30.402  -30.124  -30.087   -6.608   -6.604
   -5.554   -5.548    4.694    4.726    6.183    6.225    7.456    7.804    8.579    8.772
    9.013    9.189    9.592    9.651   11.090   11.180   11.398   12.040   12.946   13.970
   16.331   16.512   17.026   17.227
            0.515464  0.343067  0.000000
  -60.804  -60.223  -31.213  -30.658  -30.576  -30.402  -30.124  -30.086   -6.615   -6.611
   -5.544   -5.538    4.658    4.690    6.175    6.213    7.507    7.855    8.578    8.794
    9.066    9.225    9.610    9.656   11.034   11.131   11.347   11.995   12.966   13.986
   16.305   16.485   17.049   17.246
            0.515464  0.359403  0.000000
  -60.804  -60.223  -31.213  -30.658  -30.576  -30.402  -30.124  -30.086   -6.621   -6.617
   -5.535   -5.529    4.625    4.657    6.166    6.202    7.560    7.907    8.562    8.799
    9.118    9.260    9.641    9.674   10.980   11.080   11.295   11.952   12.985   14.000
   16.282   16.460   17.070   17.264
            0.515464  0.375740  0.000000
  -60.804  -60.223  -31.213  -30.658  -30.576  -30.402  -30.124  -30.086   -6.626   -6.622
   -5.527   -5.521    4.596    4.628    6.159    6.192    7.615    7.959    8.533    8.789
    9.167    9.292    9.680    9.705   10.929   11.030   11.243   11.912   13.001   14.013
   16.261   16.437   17.089   17.280
            0.515464  0.392076  0.000000
  -60.804  -60.223  -31.213  -30.658  -30.576  -30.402  -30.124  -30.086   -6.630   -6.627
   -5.520   -5.514    4.571    4.603    6.153    6.184    7.669    8.012    8.496    8.766
    9.213    9.321    9.724    9.745   10.881   10.981   11.193   11.877   13.015   14.025
   16.243   16.417   17.106   17.294
            0.515464  0.408413  0.000000
  -60.804  -60.223  -31.213  -30.658  -30.576  -30.401  -30.124  -30.086   -6.634   -6.631
   -5.514   -5.507    4.549    4.581    6.147    6.177    7.724    8.064    8.452    8.734
    9.255    9.346    9.771    9.789   10.838   10.934   11.145   11.846   13.027   14.034
   16.227   16.399   17.120   17.307
            0.515464  0.424749  0.000000
  -60.804  -60.223  -31.213  -30.659  -30.576  -30.401  -30.124  -30.086   -6.638   -6.634
   -5.509   -5.502    4.531    4.563    6.143    6.171    7.778    8.114    8.406    8.698
    9.291    9.368    9.816    9.833   10.801   10.890   11.102   11.819   13.037   14.042
   16.214   16.385   17.132   17.317
            0.515464  0.441086  0.000000
  -60.804  -60.223  -31.213  -30.659  -30.576  -30.401  -30.124  -30.086   -6.640   -6.636
   -5.505   -5.498    4.517    4.549    6.139    6.166    7.828    8.160    8.361    8.660
    9.321    9.386    9.857    9.872   10.770   10.852   11.065   11.798   13.044   14.048
   16.204   16.374   17.142   17.325
            0.515464  0.457422  0.000000
  -60.804  -60.223  -31.213  -30.659  -30.576  -30.401  -30.124  -30.086   -6.642   -6.638
   -5.502   -5.495    4.507    4.539    6.136    6.163    7.871    8.199    8.322    8.625
    9.343    9.398    9.889    9.904   10.747   10.822   11.036   11.783   13.050   14.053
   16.196   16.366   17.149   17.331
            0.515464  0.473759  0.000000
  -60.804  -60.223  -31.213  -30.659  -30.576  -30.401  -30.124  -30.086   -6.643   -6.639
   -5.500   -5.493    4.501    4.533    6.135    6.161    7.903    8.223    8.296    8.600
    9.357    9.406    9.910    9.924   10.733   10.802   11.017   11.773   13.053   14.055
   16.192   16.361   17.153   17.334
            0.515464  0.490095  0.000000
  -60.804  -60.223  -31.213  -30.659  -30.576  -30.401  -30.124  -30.086   -6.644   -6.640
   -5.499   -5.493    4.499    4.531    6.134    6.160    7.914    8.229    8.289    8.590
    9.361    9.409    9.917    9.931   10.728   10.795   11.011   11.770   13.054   14.056
   16.190   16.359   17.154   17.335
            0.503191  0.478426  0.000000
  -60.804  -60.223  -31.213  -30.659  -30.576  -30.401  -30.124  -30.086   -6.644   -6.638
   -5.499   -5.494    4.501    4.534    6.134    6.161    7.896    8.229    8.302    8.594
    9.352    9.408    9.901    9.933   10.738   10.799   11.021   11.770   13.053   14.055
   16.193   16.360   17.154   17.333
            0.490918  0.466757  0.000000
  -60.804  -60.223  -31.213  -30.659  -30.576  -30.401  -30.124  -30.086   -6.646   -6.635
   -5.499   -5.498    4.506    4.541    6.135    6.165    7.849    8.227    8.335    8.607
    9.325    9.408    9.854    9.937   10.766   10.807   11.051   11.770   13.049   14.054
   16.199   16.362   17.154   17.326
            0.478645  0.455088  0.000000
  -60.804  -60.223  -31.213  -30.659  -30.576  -30.401  -30.124  -30.086   -6.650   -6.628
   -5.504   -5.497    4.510    4.558    6.136    6.171    7.783    8.223    8.373    8.630
    9.282    9.408    9.783    9.944   10.811   10.816   11.098   11.770   13.043   14.051
   16.206   16.369   17.154   17.314
            0.466372  0.443419  0.000000
  -60.804  -60.223  -31.213  -30.659  -30.576  -30.401  -30.124  -30.086   -6.654   -6.619
   -5.513   -5.496    4.513    4.585    6.136    6.179    7.709    8.217    8.407    8.666
    9.227    9.408    9.696    9.955   10.824   10.869   11.159   11.769   13.034   14.046
   16.211   16.384   17.154   17.297
            0.454099  0.431751  0.000000
  -60.804  -60.223  -31.213  -30.659  -30.576  -30.401  -30.124  -30.086   -6.660   -6.608
   -5.523   -5.494    4.514    4.620    6.138    6.190    7.629    8.207    8.434    8.714
    9.162    9.408    9.600    9.968   10.830   10.938   11.227   11.769   13.022   14.042
   16.208   16.412   17.155   17.277
            0.441826  0.420082  0.000000
  -60.804  -60.223  -31.213  -30.659  -30.576  -30.401  -30.124  -30.086   -6.667   -6.594
   -5.536   -5.492    4.515    4.664    6.139    6.203    7.546    8.192    8.453    8.771
    9.091    9.409    9.500    9.984   10.836   11.013   11.298   11.768   13.007   14.036
   16.197   16.452   17.155   17.252
            0.429553  0.408413  0.000000
  -60.804  -60.223  -31.213  -30.659  -30.576  -30.401  -30.124  -30.087   -6.676   -6.578
   -5.551   -5.489    4.516    4.715    6.140    6.218    7.461    8.171    8.466    8.833
    9.016    9.402    9.409   10.003   10.840   11.093   11.370   11.767   12.990   14.031
   16.179   16.504   17.155   17.225
            0.417280  0.396744  0.000000
  -60.804  -60.223  -31.212  -30.659  -30.576  -30.401  -30.124  -30.087   -6.686   -6.559
   -5.567   -5.486    4.516    4.774    6.142    6.235    7.375    8.141    8.477    8.896
    8.938    9.311    9.409   10.025   10.844   11.175   11.441   11.767   12.969   14.026
   16.154   16.566   17.155   17.195
            0.405007  0.385075  0.000000
  -60.804  -60.223  -31.212  -30.659  -30.576  -30.401  -30.124  -30.087   -6.697   -6.539
   -5.584   -5.483    4.516    4.839    6.144    6.254    7.289    8.100    8.486    8.859
    8.957    9.233    9.410   10.050   10.848   11.258   11.509   11.766   12.944   14.021
   16.124   16.636   17.153   17.164
            0.392734  0.373406  0.000000
  -60.804  -60.223  -31.212  -30.659  -30.576  -30.401  -30.124  -30.087   -6.710   -6.516
   -5.603   -5.479    4.517    4.910    6.146    6.274    7.203    8.045    8.493    8.781
    9.009    9.177    9.411   10.078   10.851   11.339   11.574   11.765   12.916   14.018
   16.089   16.713   17.126   17.157
            0.380461  0.361737  0.000000
  -60.804  -60.223  -31.212  -30.658  -30.576  -30.401  -30.124  -30.087   -6.724   -6.492
   -5.622   -5.475    4.517    4.986    6.149    6.295    7.118    7.977    8.500    8.704
    9.032    9.164    9.412   10.109   10.855   11.419   11.634   11.764   12.885   14.016
   16.050   16.795   17.092   17.157
            0.368189  0.350068  0.000000
  -60.804  -60.223  -31.212  -30.658  -30.576  -30.401  -30.124  -30.087   -6.739   -6.466
   -5.641   -5.471    4.517    5.066    6.151    6.317    7.033    7.895    8.507    8.630
    9.023    9.199    9.413   10.142   10.858   11.496   11.690   11.763   12.849   14.015
   16.008   16.883   17.057   17.157
            0.355916  0.338399  0.000000
  -60.804  -60.223  -31.212  -30.658  -30.576  -30.401  -30.124  -30.087   -6.756   -6.439
   -5.660   -5.466    4.517    5.150    6.154    6.340    6.949    7.803    8.513    8.559
    9.010    9.251    9.414   10.177   10.862   11.567   11.742   11.762   12.810   14.017
   15.962   16.974   17.022   17.158
            0.343643  0.326730  0.000000
  -60.804  -60.223  -31.212  -30.658  -30.576  -30.401  -30.124  -30.087   -6.774   -6.411
   -5.679   -5.461    4.518    5.235    6.156    6.362    6.866    7.702    8.492    8.520
    9.005    9.307    9.416   10.214   10.865   11.634   11.761   11.788   12.767   14.020
   15.912   16.990   17.068   17.158
            0.331370  0.315061  0.000000
  -60.804  -60.223  -31.212  -30.658  -30.576  -30.401  -30.124  -30.087   -6.793   -6.382
   -5.696   -5.456    4.518    5.321    6.159    6.384    6.784    7.598    8.429    8.526
    9.011    9.362    9.419   10.253   10.869   11.693   11.760   11.830   12.721   14.026
   15.860   16.959   17.159   17.164
            0.319097  0.303392  0.000000
  -60.804  -60.223  -31.212  -30.658  -30.576  -30.401  -30.124  -30.087   -6.814   -6.353
   -5.713   -5.451    4.518    5.405    6.162    6.405    6.704    7.495    8.372    8.533
    9.026    9.417    9.422   10.294   10.872   11.740   11.765   11.867   12.671   14.034
   15.805   16.932   17.160   17.261
            0.306824  0.291723  0.000000
  -60.804  -60.223  -31.211  -30.658  -30.576  -30.401  -30.124  -30.087   -6.835   -6.325
   -5.727   -5.445    4.518    5.484    6.165    6.425    6.625    7.396    8.322    8.539
    9.048    9.425    9.470   10.335   10.876   11.752   11.796   11.899   12.618   14.045
   15.747   16.908   17.160   17.358
            0.294551  0.280054  0.000000
  -60.804  -60.223  -31.211  -30.658  -30.576  -30.401  -30.124  -30.087   -6.857   -6.297
   -5.739   -5.439    4.518    5.554    6.168    6.443    6.549    7.307    8.277    8.546
    9.077    9.429    9.522   10.377   10.880   11.752   11.830   11.926   12.561   14.058
   15.687   16.889   17.161   17.455
            0.282278  0.268385  0.000000
  -60.804  -60.223  -31.211  -30.658  -30.576  -30.401  -30.124  -30.087   -6.881   -6.270
   -5.747   -5.433    4.518    5.612    6.170    6.458    6.473    7.234    8.241    8.554
    9.112    9.434    9.572   10.419   10.883   11.751   11.857   11.948   12.502   14.074
   15.625   16.875   17.161   17.551
            0.270005  0.256717  0.000000
  -60.804  -60.223  -31.211  -30.658  -30.576  -30.401  -30.124  -30.087   -6.905   -6.246
   -5.752   -5.427    4.518    5.652    6.173    6.400    6.471    7.182    8.211    8.561
    9.153    9.440    9.621   10.460   10.888   11.750   11.874   11.966   12.440   14.092
   15.561   16.867   17.162   17.645
            0.257732  0.245048  0.000000
  -60.804  -60.223  -31.211  -30.658  -30.576  -30.401  -30.124  -30.087   -6.929   -6.224
   -5.753   -5.421    4.518    5.670    6.176    6.329    6.480    7.155    8.190    8.569
    9.197    9.447    9.669   10.500   10.892   11.748   11.881   11.978   12.376   14.112
   15.495   16.864   17.163   17.737
            0.245459  0.233379  0.000000
  -60.804  -60.223  -31.211  -30.657  -30.576  -30.401  -30.124  -30.087   -6.954   -6.206
   -5.748   -5.415    4.518    5.664    6.178    6.261    6.486    7.157    8.177    8.577
    9.246    9.455    9.717   10.538   10.898   11.747   11.878   11.985   12.310   14.134
   15.429   16.867   17.164   17.827
            0.233186  0.221710  0.000000
  -60.804  -60.223  -31.211  -30.657  -30.576  -30.401  -30.124  -30.087   -6.980   -6.192
   -5.739   -5.408    4.518    5.633    6.181    6.195    6.488    7.187    8.172    8.585
    9.298    9.464    9.764   10.574   10.904   11.745   11.865   11.987   12.243   14.158
   15.361   16.875   17.165   17.913
            0.220913  0.210041  0.000000
  -60.804  -60.223  -31.211  -30.657  -30.576  -30.401  -30.124  -30.087   -7.005   -6.181
   -5.724   -5.402    4.518    5.582    6.132    6.183    6.486    7.241    8.175    8.593
    9.354    9.476    9.811   10.606   10.912   11.743   11.843   11.984   12.174   14.183
   15.292   16.889   17.165   17.995
            0.208640  0.198372  0.000000
  -60.804  -60.223  -31.211  -30.657  -30.576  -30.401  -30.124  -30.087   -7.030   -6.174
   -5.706   -5.395    4.517    5.514    6.071    6.185    6.481    7.315    8.184    8.601
    9.413    9.489    9.858   10.635   10.921   11.741   11.812   11.975   12.104   14.210
   15.223   16.908   17.166   18.073
            0.196367  0.186703  0.000000
  -60.804  -60.223  -31.211  -30.657  -30.576  -30.401  -30.124  -30.087   -7.056   -6.171
   -5.684   -5.389    4.517    5.436    6.014    6.186    6.474    7.404    8.201    8.609
    9.475    9.504    9.904   10.660   10.932   11.735   11.775   11.961   12.034   14.238
   15.154   16.931   17.168   18.147
            0.184094  0.175034  0.000000
  -60.804  -60.223  -31.211  -30.657  -30.576  -30.401  -30.124  -30.087   -7.080   -6.170
   -5.659   -5.382    4.517    5.352    5.960    6.187    6.464    7.502    8.222    8.617
    9.522    9.540    9.951   10.680   10.945   11.710   11.749   11.936   11.969   14.266
   15.086   16.958   17.169   18.216
            0.171821  0.163365  0.000000
  -60.804  -60.223  -31.211  -30.657  -30.576  -30.401  -30.124  -30.087   -7.104   -6.171
   -5.632   -5.375    4.517    5.264    5.909    6.188    6.452    7.607    8.249    8.625
    9.542    9.607    9.999   10.696   10.960   11.658   11.743   11.880   11.929   14.295
   15.017   16.988   17.170   18.280
            0.159548  0.151696  0.000000
  -60.804  -60.223  -31.211  -30.657  -30.576  -30.401  -30.124  -30.087   -7.127   -6.173
   -5.604   -5.368    4.516    5.176    5.861    6.188    6.439    7.716    8.279    8.633
    9.566    9.676   10.047   10.708   10.976   11.595   11.741   11.811   11.899   14.324
   14.950   17.020   17.173   18.338
            0.147275  0.140027  0.000000
  -60.804  -60.223  -31.211  -30.657  -30.576  -30.401  -30.124  -30.086   -7.149   -6.176
   -5.577   -5.361    4.516    5.089    5.817    6.188    6.426    7.825    8.311    8.641
    9.594    9.748   10.095   10.715   10.993   11.525   11.739   11.740   11.865   14.352
   14.885   17.052   17.176   18.390
            0.135002  0.128358  0.000000
  -60.804  -60.223  -31.211  -30.657  -30.576  -30.401  -30.124  -30.086   -7.170   -6.180
   -5.550   -5.354    4.515    5.005    5.775    6.187    6.413    7.934    8.345    8.648
    9.625    9.820   10.145   10.719   11.011   11.450   11.669   11.738   11.829   14.380
   14.821   17.084   17.180   18.434
            0.122730  0.116689  0.000000
  -60.804  -60.223  -31.211  -30.657  -30.576  -30.401  -30.124  -30.086   -7.190   -6.184
   -5.525   -5.346    4.515    4.926    5.737    6.185    6.400    8.040    8.379    8.654
    9.660    9.894   10.195   10.720   11.028   11.371   11.599   11.737   11.788   14.406
   14.761   17.112   17.189   18.470
            0.110457  0.105020  0.000000
  -60.804  -60.223  -31.211  -30.657  -30.576  -30.401  -30.124  -30.086   -7.208   -6.188
   -5.501   -5.337    4.514    4.852    5.703    6.183    6.388    8.141    8.413    8.661
    9.699    9.968   10.245   10.718   11.044   11.289   11.530   11.736   11.745   14.429
   14.704   17.132   17.204   18.497
            0.098184  0.093351  0.000000
  -60.804  -60.223  -31.211  -30.657  -30.576  -30.401  -30.124  -30.086   -7.224   -6.192
   -5.480   -5.329    4.513    4.784    5.672    6.180    6.377    8.236    8.445    8.667
    9.743   10.041   10.297   10.715   11.058   11.204   11.464   11.699   11.735   14.450
   14.652   17.144   17.225   18.512
            0.085911  0.081683  0.000000
  -60.804  -60.223  -31.211  -30.656  -30.576  -30.401  -30.124  -30.086   -7.239   -6.196
   -5.462   -5.320    4.512    4.723    5.644    6.177    6.367    8.324    8.474    8.672
    9.791   10.114   10.349   10.709   11.070   11.118   11.400   11.651   11.734   14.464
   14.609   17.151   17.250   18.514
            0.073638  0.070014  0.000000
  -60.804  -60.223  -31.211  -30.656  -30.576  -30.401  -30.124  -30.086   -7.252   -6.199
   -5.447   -5.311    4.510    4.670    5.620    6.174    6.359    8.403    8.501    8.677
    9.842   10.184   10.401   10.702   11.032   11.078   11.341   11.603   11.733   14.468
   14.578   17.155   17.275   18.506
            0.061365  0.058345  0.000000
  -60.804  -60.223  -31.211  -30.656  -30.576  -30.401  -30.124  -30.086   -7.264   -6.202
   -5.435   -5.302    4.507    4.625    5.599    6.170    6.352    8.473    8.524    8.681
    9.896   10.251   10.453   10.694   10.948   11.082   11.288   11.556   11.733   14.457
   14.566   17.157   17.298   18.491
            0.049092  0.046676  0.000000
  -60.804  -60.223  -31.211  -30.656  -30.576  -30.401  -30.124  -30.086   -7.273   -6.204
   -5.426   -5.294    4.503    4.590    5.583    6.167    6.347    8.531    8.543    8.684
    9.951   10.312   10.503   10.684   10.869   11.078   11.245   11.512   11.732   14.437
   14.566   17.159   17.318   18.473
            0.036819  0.035007  0.000000
  -60.804  -60.223  -31.211  -30.656  -30.576  -30.401  -30.124  -30.086   -7.280   -6.206
   -5.419   -5.287    4.497    4.565    5.570    6.164    6.343    8.558    8.577    8.687
   10.003   10.366   10.549   10.673   10.796   11.065   11.214   11.473   11.732   14.415
   14.572   17.160   17.334   18.457
            0.024546  0.023338  0.000000
  -60.804  -60.223  -31.212  -30.656  -30.576  -30.401  -30.124  -30.085   -7.286   -6.208
   -5.414   -5.281    4.490    4.550    5.560    6.162    6.340    8.569    8.611    8.690
   10.049   10.409   10.589   10.661   10.736   11.047   11.198   11.443   11.732   14.398
   14.577   17.160   17.346   18.444
            0.012273  0.011669  0.000000
  -60.804  -60.223  -31.212  -30.656  -30.576  -30.401  -30.124  -30.085   -7.289   -6.209
   -5.411   -5.278    4.484    4.543    5.555    6.161    6.339    8.576    8.631    8.691
   10.082   10.438   10.619   10.649   10.695   11.030   11.190   11.423   11.732   14.387
   14.581   17.160   17.353   18.435
            0.000000  0.000000  0.000000
  -60.804  -60.223  -31.212  -30.656  -30.576  -30.401  -30.124  -30.085   -7.290   -6.209
   -5.411   -5.277    4.481    4.541    5.553    6.161    6.338    8.578    8.638    8.692
   10.094   10.449   10.636   10.638   10.680   11.023   11.188   11.416   11.731   14.384
   14.582   17.161   17.356   18.432
           -0.012273  0.011669  0.000000
  -60.804  -60.223  -31.212  -30.656  -30.576  -30.401  -30.124  -30.085   -7.289   -6.209
   -5.411   -5.278    4.484    4.543    5.555    6.161    6.338    8.577    8.636    8.685
   10.089   10.439   10.611   10.660   10.680   11.029   11.191   11.419   11.739   14.388
   14.580   17.158   17.355   18.435
           -0.024546  0.023338  0.000000
  -60.804  -60.223  -31.212  -30.656  -30.576  -30.401  -30.124  -30.085   -7.286   -6.208
   -5.414   -5.281    4.490    4.550    5.561    6.163    6.339    8.575    8.631    8.667
   10.074   10.412   10.579   10.680   10.681   11.045   11.202   11.430   11.761   14.399
   14.576   17.149   17.355   18.443
           -0.036819  0.035007  0.000000
  -60.804  -60.223  -31.212  -30.656  -30.576  -30.402  -30.124  -30.085   -7.280   -6.206
   -5.420   -5.286    4.497    4.565    5.570    6.165    6.339    8.571    8.616    8.644
   10.050   10.371   10.540   10.681   10.702   11.064   11.222   11.447   11.795   14.416
   14.570   17.136   17.354   18.456
           -0.049092  0.046676  0.000000
  -60.804  -60.223  -31.212  -30.656  -30.576  -30.402  -30.124  -30.085   -7.273   -6.205
   -5.427   -5.292    4.503    4.588    5.584    6.168    6.340    8.565    8.575    8.631
   10.019   10.322   10.496   10.681   10.720   11.080   11.253   11.470   11.842   14.436
   14.564   17.117   17.354   18.471
           -0.061365  0.058345  0.000000
  -60.804  -60.223  -31.212  -30.656  -30.576  -30.402  -30.124  -30.085   -7.264   -6.202
   -5.437   -5.300    4.507    4.622    5.602    6.172    6.342    8.518    8.558    8.622
    9.983   10.266   10.449   10.682   10.737   11.091   11.296   11.498   11.898   14.455
   14.564   17.092   17.353   18.488
           -0.073638  0.070014  0.000000
  -60.804  -60.223  -31.212  -30.655  -30.576  -30.402  -30.124  -30.086   -7.252   -6.199
   -5.449   -5.308    4.509    4.665    5.623    6.176    6.343    8.449    8.550    8.613
    9.943   10.206   10.401   10.682   10.751   11.096   11.347   11.530   11.962   14.461
   14.579   17.064   17.352   18.502
           -0.085911  0.081683  0.000000
  -60.804  -60.223  -31.212  -30.655  -30.576  -30.403  -30.124  -30.086   -7.239   -6.196
   -5.465   -5.317    4.511    4.717    5.648    6.181    6.346    8.370    8.540    8.602
    9.900   10.141   10.352   10.683   10.762   11.096   11.405   11.564   12.032   14.452
   14.612   17.030   17.351   18.509
           -0.098184  0.093351  0.000000
  -60.804  -60.223  -31.212  -30.655  -30.576  -30.403  -30.124  -30.086   -7.224   -6.193
   -5.483   -5.325    4.512    4.775    5.677    6.186    6.348    8.284    8.529    8.590
    9.856   10.074   10.304   10.684   10.770   11.093   11.467   11.600   12.105   14.433
   14.657   16.994   17.350   18.506
           -0.110457  0.105020  0.000000
  -60.804  -60.223  -31.212  -30.654  -30.576  -30.404  -30.124  -30.086   -7.208   -6.189
   -5.505   -5.333    4.513    4.840    5.710    6.191    6.352    8.190    8.518    8.577
    9.813   10.005   10.257   10.685   10.775   11.088   11.530   11.639   12.181   14.408
   14.710   16.954   17.349   18.491
           -0.122730  0.116689  0.000000
  -60.804  -60.223  -31.212  -30.654  -30.576  -30.404  -30.124  -30.086   -7.189   -6.185
   -5.528   -5.341    4.514    4.911    5.746    6.195    6.355    8.092    8.507    8.562
    9.771    9.934   10.211   10.686   10.776   11.082   11.591   11.681   12.258   14.380
   14.767   16.912   17.349   18.466
           -0.135002  0.128358  0.000000
  -60.804  -60.223  -31.212  -30.654  -30.576  -30.404  -30.124  -30.086   -7.170   -6.181
   -5.554   -5.348    4.514    4.987    5.786    6.199    6.359    7.990    8.495    8.547
    9.730    9.864   10.167   10.687   10.772   11.075   11.644   11.730   12.334   14.349
   14.827   16.869   17.348   18.432
           -0.147275  0.140027  0.000000
  -60.804  -60.223  -31.212  -30.653  -30.576  -30.405  -30.124  -30.086   -7.149   -6.178
   -5.581   -5.356    4.515    5.066    5.829    6.202    6.364    7.885    8.484    8.530
    9.692    9.793   10.125   10.689   10.764   11.068   11.686   11.790   12.408   14.317
   14.890   16.826   17.347   18.390
           -0.159548  0.151696  0.000000
  -60.804  -60.223  -31.212  -30.653  -30.576  -30.405  -30.124  -30.086   -7.126   -6.175
   -5.608   -5.363    4.515    5.148    5.876    6.204    6.368    7.781    8.475    8.512
    9.656    9.724   10.084   10.690   10.751   11.062   11.719   11.857   12.479   14.285
   14.955   16.783   17.347   18.341
           -0.171821  0.163365  0.000000
  -60.804  -60.223  -31.212  -30.653  -30.576  -30.406  -30.124  -30.086   -7.103   -6.173
   -5.636   -5.370    4.516    5.231    5.926    6.206    6.372    7.679    8.467    8.494
    9.623    9.656   10.045   10.692   10.733   11.056   11.746   11.928   12.545   14.251
   15.020   16.741   17.346   18.285
           -0.184094  0.175034  0.000000
  -60.804  -60.223  -31.212  -30.652  -30.576  -30.406  -30.124  -30.086   -7.079   -6.172
   -5.662   -5.376    4.516    5.312    5.980    6.207    6.376    7.580    8.461    8.475
    9.590    9.593   10.007   10.693   10.711   11.050   11.767   12.000   12.605   14.218
   15.087   16.703   17.345   18.224
           -0.196367  0.186703  0.000000
  -60.804  -60.223  -31.212  -30.652  -30.576  -30.406  -30.124  -30.086   -7.055   -6.174
   -5.687   -5.383    4.516    5.390    6.036    6.207    6.379    7.489    8.456    8.458
    9.526    9.565    9.970   10.684   10.695   11.045   11.783   12.073   12.658   14.185
   15.154   16.668   17.345   18.158
           -0.208640  0.198372  0.000000
  -60.804  -60.223  -31.212  -30.652  -30.576  -30.407  -30.124  -30.086   -7.029   -6.178
   -5.709   -5.389    4.516    5.460    6.096    6.206    6.380    7.409    8.436    8.459
    9.464    9.540    9.935   10.653   10.696   11.041   11.795   12.146   12.703   14.154
   15.221   16.638   17.344   18.087
           -0.220913  0.210041  0.000000
  -60.804  -60.223  -31.212  -30.652  -30.576  -30.407  -30.124  -30.086   -7.004   -6.185
   -5.727   -5.396    4.517    5.520    6.159    6.205    6.380    7.343    8.416    8.464
    9.405    9.518    9.899   10.617   10.698   11.037   11.803   12.217   12.739   14.124
   15.288   16.613   17.344   18.012
           -0.233186  0.221710  0.000000
  -60.804  -60.223  -31.212  -30.652  -30.576  -30.407  -30.124  -30.086   -6.978   -6.195
   -5.741   -5.402    4.517    5.565    6.204    6.225    6.378    7.295    8.396    8.473
    9.349    9.498    9.865   10.579   10.700   11.033   11.806   12.288   12.765   14.095
   15.354   16.595   17.343   17.933
           -0.245459  0.233379  0.000000
  -60.804  -60.223  -31.212  -30.652  -30.576  -30.407  -30.124  -30.086   -6.953   -6.210
   -5.751   -5.409    4.517    5.592    6.202    6.294    6.374    7.270    8.376    8.487
    9.296    9.480    9.830   10.538   10.702   11.029   11.804   12.357   12.780   14.069
   15.419   16.584   17.342   17.850
           -0.257732  0.245048  0.000000
  -60.804  -60.223  -31.212  -30.652  -30.576  -30.407  -30.124  -30.086   -6.928   -6.228
   -5.755   -5.415    4.517    5.598    6.200    6.366    6.369    7.269    8.356    8.506
    9.247    9.464    9.795   10.494   10.703   11.025   11.798   12.424   12.785   14.045
   15.483   16.580   17.342   17.763
           -0.270005  0.256717  0.000000
  -60.804  -60.223  -31.212  -30.652  -30.576  -30.407  -30.124  -30.086   -6.903   -6.250
   -5.755   -5.421    4.517    5.583    6.198    6.361    6.440    7.294    8.337    8.530
    9.202    9.450    9.760   10.448   10.705   11.021   11.788   12.489   12.779   14.024
   15.546   16.583   17.341   17.674
           -0.282278  0.268385  0.000000
  -60.804  -60.223  -31.212  -30.652  -30.576  -30.407  -30.124  -30.086   -6.879   -6.274
   -5.750   -5.427    4.517    5.548    6.195    6.352    6.516    7.341    8.317    8.559
    9.162    9.438    9.724   10.401   10.707   11.017   11.773   12.551   12.762   14.005
   15.607   16.594   17.341   17.582
           -0.294551  0.280054  0.000000
  -60.804  -60.223  -31.212  -30.653  -30.576  -30.407  -30.124  -30.086   -6.855   -6.301
   -5.742   -5.433    4.517    5.497    6.193    6.341    6.595    7.407    8.299    8.594
    9.127    9.427    9.686   10.354   10.709   11.012   11.754   12.610   12.735   13.990
   15.666   16.612   17.340   17.489
           -0.306824  0.291723  0.000000
  -60.804  -60.223  -31.212  -30.653  -30.576  -30.406  -30.124  -30.086   -6.833   -6.329
   -5.730   -5.439    4.517    5.434    6.190    6.328    6.676    7.488    8.281    8.633
    9.098    9.417    9.645   10.307   10.710   11.008   11.730   12.665   12.698   13.979
   15.723   16.636   17.340   17.394
           -0.319097  0.303392  0.000000
  -60.804  -60.223  -31.212  -30.653  -30.576  -30.406  -30.124  -30.086   -6.811   -6.358
   -5.716   -5.444    4.516    5.362    6.187    6.314    6.758    7.579    8.264    8.677
    9.075    9.409    9.602   10.261   10.712   11.003   11.702   12.653   12.717   13.970
   15.778   16.666   17.299   17.339
           -0.331370  0.315061  0.000000
  -60.804  -60.223  -31.213  -30.654  -30.576  -30.406  -30.124  -30.086   -6.791   -6.387
   -5.700   -5.450    4.516    5.285    6.184    6.299    6.843    7.676    8.249    8.725
    9.060    9.402    9.556   10.216   10.714   10.997   11.670   12.599   12.765   13.965
   15.831   16.700   17.204   17.339
           -0.343643  0.326730  0.000000
  -60.804  -60.223  -31.213  -30.654  -30.576  -30.405  -30.124  -30.086   -6.771   -6.416
   -5.683   -5.455    4.516    5.205    6.182    6.283    6.928    7.773    8.234    8.777
    9.055    9.396    9.506   10.174   10.715   10.992   11.633   12.539   12.808   13.963
   15.881   16.738   17.110   17.339
           -0.355916  0.338399  0.000000
  -60.804  -60.223  -31.213  -30.655  -30.576  -30.405  -30.124  -30.086   -6.753   -6.444
   -5.664   -5.460    4.516    5.125    6.179    6.267    7.015    7.867    8.221    8.831
    9.061    9.390    9.452   10.135   10.717   10.986   11.591   12.474   12.848   13.964
   15.928   16.779   17.018   17.338
           -0.368189  0.350068  0.000000
  -60.804  -60.223  -31.213  -30.655  -30.576  -30.405  -30.124  -30.086   -6.736   -6.471
   -5.645   -5.464    4.515    5.046    6.176    6.251    7.103    7.952    8.210    8.888
    9.080    9.385    9.395   10.099   10.718   10.980   11.545   12.404   12.883   13.968
   15.971   16.821   16.928   17.338
           -0.380461  0.361737  0.000000
  -60.804  -60.223  -31.213  -30.656  -30.576  -30.404  -30.124  -30.086   -6.721   -6.496
   -5.626   -5.469    4.515    4.970    6.174    6.236    7.192    8.026    8.202    8.947
    9.111    9.336    9.381   10.067   10.720   10.974   11.495   12.332   12.915   13.974
   16.012   16.842   16.864   17.337
           -0.392734  0.373406  0.000000
  -60.804  -60.223  -31.213  -30.656  -30.576  -30.404  -30.124  -30.086   -6.707   -6.521
   -5.608   -5.473    4.515    4.898    6.171    6.220    7.281    8.083    8.200    9.007
    9.149    9.282    9.378   10.038   10.721   10.968   11.440   12.258   12.942   13.982
   16.049   16.760   16.907   17.337
           -0.405007  0.385075  0.000000
  -60.804  -60.223  -31.213  -30.656  -30.576  -30.403  -30.124  -30.086   -6.694   -6.543
   -5.590   -5.477    4.515    4.830    6.169    6.206    7.370    8.118    8.208    9.066
    9.151    9.276    9.375   10.013   10.722   10.961   11.382   12.184   12.966   13.991
   16.083   16.683   16.948   17.337
           -0.417280  0.396744  0.000000
  -60.804  -60.223  -31.213  -30.657  -30.576  -30.403  -30.124  -30.086   -6.682   -6.563
   -5.572   -5.480    4.514    4.767    6.167    6.192    7.459    8.133    8.226    9.095
    9.125    9.339    9.372    9.992   10.723   10.954   11.321   12.112   12.986   14.001
   16.112   16.613   16.987   17.337
           -0.429553  0.408413  0.000000
  -60.804  -60.223  -31.213  -30.657  -30.576  -30.402  -30.124  -30.086   -6.672   -6.582
   -5.556   -5.483    4.514    4.711    6.164    6.180    7.545    8.138    8.244    9.024
    9.181    9.370    9.424    9.973   10.724   10.945   11.257   12.043   13.004   14.012
   16.137   16.550   17.024   17.336
           -0.441826  0.420082  0.000000
  -60.804  -60.223  -31.213  -30.658  -30.576  -30.402  -30.124  -30.086   -6.664   -6.598
   -5.542   -5.485    4.513    4.661    6.161    6.170    7.629    8.142    8.260    8.947
    9.234    9.369    9.519    9.958   10.725   10.935   11.194   11.978   13.018   14.022
   16.158   16.495   17.056   17.336
           -0.454099  0.431751  0.000000
  -60.804  -60.223  -31.213  -30.658  -30.576  -30.402  -30.124  -30.086   -6.656   -6.612
   -5.529   -5.488    4.512    4.619    6.155    6.165    7.708    8.147    8.271    8.870
    9.282    9.368    9.616    9.945   10.726   10.920   11.135   11.919   13.029   14.031
   16.173   16.449   17.085   17.336
           -0.466372  0.443419  0.000000
  -60.804  -60.223  -31.213  -30.658  -30.576  -30.401  -30.124  -30.086   -6.650   -6.623
   -5.519   -5.490    4.511    4.585    6.148    6.163    7.778    8.157    8.278    8.793
    9.322    9.368    9.710    9.935   10.727   10.898   11.085   11.868   13.038   14.040
   16.184   16.413   17.109   17.336
           -0.478645  0.455088  0.000000
  -60.804  -60.223  -31.213  -30.659  -30.576  -30.401  -30.124  -30.086   -6.646   -6.632
   -5.510   -5.491    4.509    4.559    6.142    6.161    7.837    8.174    8.283    8.720
    9.351    9.372    9.796    9.927   10.727   10.867   11.048   11.827   13.045   14.047
   16.189   16.387   17.129   17.336
           -0.490918  0.466757  0.000000
  -60.804  -60.223  -31.213  -30.659  -30.576  -30.401  -30.124  -30.086   -6.642   -6.638
   -5.504   -5.492    4.505    4.542    6.138    6.161    7.880    8.197    8.286    8.656
    9.360    9.389    9.867    9.922   10.727   10.833   11.026   11.796   13.050   14.052
   16.191   16.371   17.143   17.336
           -0.503191  0.478426  0.000000
  -60.804  -60.223  -31.213  -30.659  -30.576  -30.401  -30.124  -30.086   -6.642   -6.640
   -5.501   -5.493    4.501    4.534    6.135    6.160    7.906    8.219    8.288    8.608
    9.361    9.403    9.913    9.919   10.728   10.806   11.015   11.777   13.053   14.055
   16.191   16.362   17.151   17.336
           -0.515464  0.490095  0.000000
  -60.804  -60.223  -31.213  -30.659  -30.576  -30.401  -30.124  -30.086   -6.644   -6.640
   -5.499   -5.493    4.499    4.531    6.134    6.160    7.914    8.229    8.289    8.590
    9.361    9.409    9.917    9.931   10.728   10.795   11.011   11.770   13.054   14.056
   16.190   16.359   17.154   17.335
           -0.515464  0.490095  0.017203
  -60.804  -60.223  -31.213  -30.659  -30.576  -30.401  -30.125  -30.086   -6.643   -6.639
   -5.500   -5.493    4.501    4.533    6.133    6.158    7.915    8.233    8.292    8.591
    9.354    9.401    9.911    9.928   10.734   10.800   11.015   11.774   13.053   14.055
   16.192   16.361   17.151   17.332
           -0.515464  0.490095  0.034406
  -60.804  -60.223  -31.213  -30.659  -30.577  -30.401  -30.125  -30.086   -6.640   -6.636
   -5.502   -5.495    4.506    4.538    6.129    6.153    7.918    8.244    8.302    8.593
    9.335    9.378    9.893    9.917   10.753   10.815   11.028   11.784   13.048   14.050
   16.196   16.365   17.141   17.323
           -0.515464  0.490095  0.051608
  -60.804  -60.223  -31.213  -30.658  -30.578  -30.401  -30.126  -30.086   -6.635   -6.631
   -5.505   -5.498    4.514    4.547    6.123    6.143    7.922    8.261    8.318    8.597
    9.302    9.342    9.865    9.900   10.782   10.839   11.048   11.800   13.041   14.043
   16.202   16.371   17.126   17.308
           -0.515464  0.490095  0.068811
  -60.804  -60.223  -31.213  -30.658  -30.580  -30.401  -30.128  -30.086   -6.629   -6.625
   -5.509   -5.502    4.526    4.558    6.115    6.131    7.928    8.285    8.341    8.602
    9.259    9.294    9.829    9.877   10.820   10.869   11.075   11.823   13.031   14.032
   16.211   16.380   17.104   17.287
           -0.515464  0.490095  0.086014
  -60.804  -60.222  -31.213  -30.658  -30.582  -30.401  -30.130  -30.085   -6.621   -6.617
   -5.514   -5.507    4.541    4.573    6.105    6.116    7.936    8.314    8.369    8.608
    9.205    9.235    9.788    9.849   10.864   10.906   11.107   11.851   13.018   14.019
   16.222   16.391   17.077   17.261
           -0.515464  0.490095  0.103217
  -60.803  -60.222  -31.212  -30.657  -30.584  -30.401  -30.133  -30.085   -6.611   -6.607
   -5.520   -5.513    4.559    4.592    6.092    6.098    7.945    8.349    8.402    8.615
    9.143    9.167    9.742    9.816   10.914   10.946   11.144   11.884   13.002   14.003
   16.235   16.405   17.045   17.230
           -0.515464  0.490095  0.120420
  -60.803  -60.222  -31.212  -30.657  -30.587  -30.401  -30.136  -30.084   -6.599   -6.595
   -5.527   -5.520    4.581    4.613    6.077    6.080    7.956    8.388    8.440    8.623
    9.075    9.093    9.694    9.779   10.967   10.988   11.183   11.921   12.984   13.984
   16.250   16.420   17.008   17.194
           -0.515464  0.490095  0.137623
  -60.803  -60.222  -31.212  -30.656  -30.590  -30.401  -30.139  -30.084   -6.586   -6.582
   -5.536   -5.528    4.605    4.638    6.056    6.065    7.969    8.431    8.481    8.631
    9.001    9.014    9.644    9.739   11.023   11.032   11.224   11.962   12.963   13.963
   16.267   16.437   16.966   17.154
           -0.515464  0.490095  0.154825
  -60.803  -60.222  -31.212  -30.655  -30.593  -30.400  -30.142  -30.083   -6.571   -6.567
   -5.545   -5.537    4.632    4.666    6.033    6.050    7.982    8.476    8.526    8.636
    8.922    8.935    9.595    9.697   11.076   11.080   11.267   12.006   12.940   13.939
   16.285   16.456   16.921   17.111
           -0.515464  0.490095  0.172028
  -60.803  -60.222  -31.211  -30.654  -30.597  -30.400  -30.147  -30.083   -6.554   -6.550
   -5.555   -5.547    4.663    4.697    6.009    6.035    7.997    8.523    8.573    8.635
    8.837    8.862    9.548    9.655   11.120   11.138   11.309   12.053   12.914   13.912
   16.304   16.476   16.872   17.064
           -0.515464  0.490095  0.189231
  -60.802  -60.221  -31.211  -30.654  -30.602  -30.400  -30.151  -30.082   -6.536   -6.533
   -5.566   -5.558    4.696    4.730    5.984    6.019    8.013    8.570    8.616    8.620
    8.748    8.807    9.504    9.613   11.163   11.197   11.351   12.101   12.885   13.883
   16.324   16.496   16.820   17.015
           -0.515464  0.490095  0.206434
  -60.802  -60.221  -31.211  -30.653  -30.606  -30.400  -30.156  -30.081   -6.517   -6.513
   -5.578   -5.569    4.732    4.767    5.959    6.004    8.029    8.567    8.615    8.658
    8.667    8.781    9.464    9.572   11.204   11.256   11.393   12.151   12.855   13.852
   16.345   16.517   16.766   16.964
           -0.515464  0.490095  0.223637
  -60.802  -60.221  -31.210  -30.652  -30.611  -30.400  -30.160  -30.080   -6.497   -6.493
   -5.590   -5.582    4.770    4.806    5.934    5.989    8.046    8.494    8.568    8.656
    8.711    8.779    9.430    9.535   11.243   11.315   11.433   12.203   12.822   13.819
   16.365   16.539   16.710   16.911
           -0.515464  0.490095  0.240839
  -60.802  -60.220  -31.210  -30.651  -30.616  -30.400  -30.166  -30.079   -6.475   -6.472
   -5.603   -5.594    4.811    4.847    5.909    5.975    8.060    8.410    8.480    8.691
    8.750    8.790    9.406    9.505   11.280   11.373   11.472   12.254   12.788   13.783
   16.386   16.560   16.653   16.858
           -0.515464  0.490095  0.258042
  -60.801  -60.220  -31.210  -30.650  -30.621  -30.400  -30.171  -30.079   -6.453   -6.449
   -5.617   -5.608    4.854    4.891    5.885    5.961    8.069    8.320    8.397    8.717
    8.781    8.806    9.392    9.483   11.315   11.431   11.508   12.307   12.751   13.746
   16.406   16.581   16.595   16.803
           -0.515464  0.490095  0.275245
  -60.801  -60.220  -31.209  -30.648  -30.627  -30.399  -30.177  -30.078   -6.429   -6.426
   -5.631   -5.621    4.900    4.937    5.861    5.949    8.067    8.228    8.328    8.732
    8.802    8.826    9.392    9.473   11.347   11.488   11.543   12.359   12.713   13.707
   16.425   16.536   16.602   16.749
           -0.515464  0.490095  0.292448
  -60.801  -60.220  -31.209  -30.647  -30.632  -30.399  -30.183  -30.077   -6.405   -6.402
   -5.645   -5.635    4.947    4.985    5.838    5.937    8.040    8.136    8.283    8.734
    8.810    8.848    9.406    9.476   11.376   11.543   11.576   12.412   12.674   13.666
   16.444   16.477   16.622   16.695
           -0.515464  0.490095  0.309651
  -60.800  -60.219  -31.208  -30.646  -30.638  -30.399  -30.188  -30.076   -6.380   -6.377
   -5.660   -5.650    4.996    5.035    5.815    5.926    7.984    8.044    8.270    8.725
    8.805    8.872    9.432    9.493   11.403   11.598   11.607   12.464   12.633   13.625
   16.419   16.461   16.641   16.641
           -0.515464  0.490095  0.326854
  -60.800  -60.219  -31.208  -30.645  -30.644  -30.399  -30.194  -30.075   -6.355   -6.351
   -5.675   -5.665    5.046    5.087    5.794    5.917    7.909    7.954    8.277    8.706
    8.787    8.897    9.470    9.523   11.427   11.635   11.651   12.515   12.591   13.582
   16.361   16.478   16.589   16.659
           -0.515464  0.490095  0.344056
  -60.800  -60.219  -31.207  -30.650  -30.644  -30.399  -30.201  -30.074   -6.329   -6.326
   -5.690   -5.679    5.097    5.139    5.774    5.909    7.825    7.864    8.295    8.681
    8.759    8.923    9.515    9.563   11.448   11.661   11.703   12.548   12.566   13.538
   16.305   16.492   16.538   16.675
           -0.515464  0.490095  0.361259
  -60.799  -60.218  -31.207  -30.655  -30.642  -30.399  -30.207  -30.073   -6.304   -6.300
   -5.705   -5.694    5.150    5.193    5.755    5.902    7.740    7.776    8.319    8.650
    8.725    8.950    9.565    9.611   11.467   11.685   11.753   12.504   12.615   13.493
   16.250   16.488   16.506   16.690
           -0.515464  0.490095  0.378462
  -60.799  -60.218  -31.207  -30.661  -30.641  -30.398  -30.213  -30.072   -6.278   -6.274
   -5.720   -5.709    5.203    5.248    5.737    5.896    7.654    7.690    8.345    8.617
    8.685    8.977    9.619    9.664   11.483   11.706   11.802   12.460   12.664   13.448
   16.196   16.441   16.517   16.704
           -0.515464  0.490095  0.395665
  -60.799  -60.218  -31.206  -30.667  -30.640  -30.398  -30.219  -30.071   -6.252   -6.248
   -5.735   -5.724    5.257    5.303    5.720    5.892    7.570    7.606    8.374    8.582
    8.642    9.005    9.675    9.720   11.496   11.725   11.849   12.416   12.711   13.402
   16.144   16.395   16.527   16.716
           -0.515464  0.490095  0.412868
  -60.798  -60.217  -31.206  -30.673  -30.639  -30.398  -30.225  -30.070   -6.226   -6.222
   -5.750   -5.738    5.311    5.359    5.704    5.888    7.487    7.524    8.404    8.546
    8.597    9.033    9.732    9.777   11.507   11.742   11.894   12.372   12.756   13.357
   16.095   16.352   16.535   16.727
           -0.515464  0.490095  0.430070
  -60.798  -60.217  -31.205  -30.679  -30.637  -30.398  -30.231  -30.069   -6.200   -6.197
   -5.765   -5.753    5.365    5.414    5.689    5.886    7.408    7.444    8.434    8.510
    8.552    9.061    9.788    9.835   11.516   11.756   11.937   12.327   12.800   13.311
   16.048   16.311   16.542   16.736
           -0.515464  0.490095  0.447273
  -60.798  -60.217  -31.205  -30.684  -30.636  -30.398  -30.236  -30.068   -6.176   -6.172
   -5.779   -5.766    5.419    5.469    5.675    5.885    7.331    7.368    8.465    8.475
    8.507    9.089    9.844    9.893   11.522   11.769   11.978   12.284   12.842   13.266
   16.003   16.273   16.547   16.743
           -0.515464  0.490095  0.464476
  -60.798  -60.216  -31.204  -30.689  -30.635  -30.398  -30.242  -30.067   -6.151   -6.148
   -5.793   -5.780    5.471    5.523    5.663    5.885    7.257    7.296    8.440    8.463
    8.496    9.117    9.897    9.949   11.527   11.779   12.017   12.241   12.883   13.222
   15.960   16.237   16.551   16.750
           -0.515464  0.490095  0.481679
  -60.797  -60.216  -31.204  -30.695  -30.634  -30.398  -30.247  -30.066   -6.128   -6.124
   -5.806   -5.793    5.523    5.576    5.651    5.885    7.188    7.227    8.405    8.421
    8.527    9.144    9.949   10.004   11.529   11.788   12.054   12.199   12.921   13.179
   15.921   16.204   16.554   16.755
           -0.515464  0.490095  0.498882
  -60.797  -60.216  -31.204  -30.700  -30.633  -30.397  -30.252  -30.065   -6.105   -6.102
   -5.818   -5.805    5.573    5.628    5.640    5.887    7.121    7.162    8.369    8.384
    8.557    9.171    9.998   10.056   11.530   11.795   12.089   12.159   12.957   13.137
   15.884   16.174   16.555   16.759
           -0.515464  0.490095  0.516084
  -60.797  -60.215  -31.203  -30.704  -30.632  -30.397  -30.257  -30.064   -6.084   -6.080
   -5.830   -5.817    5.622    5.631    5.678    5.889    7.059    7.101    8.331    8.352
    8.587    9.196   10.045   10.106   11.529   11.801   12.120   12.121   12.991   13.096
   15.850   16.146   16.555   16.761
           -0.515464  0.490095  0.533287
  -60.796  -60.215  -31.203  -30.709  -30.631  -30.397  -30.262  -30.063   -6.063   -6.060
   -5.842   -5.828    5.622    5.668    5.725    5.891    7.001    7.044    8.294    8.324
    8.615    9.221   10.088   10.153   11.527   11.805   12.083   12.152   13.022   13.058
   15.819   16.121   16.554   16.763
           -0.515464  0.490095  0.550490
  -60.796  -60.215  -31.203  -30.713  -30.630  -30.397  -30.266  -30.063   -6.044   -6.041
   -5.852   -5.838    5.614    5.712    5.770    5.894    6.948    6.992    8.258    8.298
    8.642    9.244   10.128   10.197   11.524   11.808   12.048   12.180   13.021   13.051
   15.791   16.098   16.553   16.764
           -0.515464  0.490095  0.567693
  -60.796  -60.215  -31.202  -30.717  -30.629  -30.397  -30.270  -30.062   -6.027   -6.024
   -5.862   -5.848    5.608    5.753    5.811    5.897    6.899    6.945    8.225    8.275
    8.668    9.265   10.164   10.237   11.520   11.810   12.015   12.205   12.987   13.078
   15.766   16.078   16.551   16.765
           -0.515464  0.490095  0.584896
  -60.796  -60.214  -31.202  -30.720  -30.628  -30.397  -30.274  -30.062   -6.011   -6.008
   -5.871   -5.856    5.602    5.791    5.850    5.900    6.854    6.902    8.195    8.254
    8.692    9.285   10.198   10.274   11.516   11.812   11.985   12.229   12.956   13.102
   15.743   16.060   16.549   16.765
           -0.515464  0.490095  0.602099
  -60.796  -60.214  -31.202  -30.723  -30.628  -30.397  -30.277  -30.061   -5.996   -5.993
   -5.878   -5.864    5.596    5.825    5.884    5.904    6.814    6.864    8.167    8.235
    8.714    9.303   10.227   10.306   11.511   11.813   11.957   12.249   12.927   13.123
   15.723   16.045   16.547   16.764
           -0.515464  0.490095  0.619301
  -60.796  -60.214  -31.202  -30.726  -30.627  -30.397  -30.280  -30.060   -5.984   -5.981
   -5.885   -5.871    5.592    5.855    5.907    5.915    6.780    6.832    8.143    8.219
    8.734    9.319   10.252   10.335   11.506   11.814   11.932   12.267   12.902   13.141
   15.706   16.032   16.545   16.764
           -0.515464  0.490095  0.636504
  -60.795  -60.214  -31.201  -30.728  -30.626  -30.397  -30.282  -30.060   -5.973   -5.970
   -5.891   -5.877    5.588    5.882    5.910    5.941    6.750    6.804    8.123    8.205
    8.751    9.333   10.274   10.359   11.502   11.815   11.910   12.283   12.880   13.157
   15.692   16.021   16.542   16.763
           -0.515464  0.490095  0.653707
  -60.795  -60.214  -31.201  -30.730  -30.626  -30.397  -30.284  -30.060   -5.964   -5.961
   -5.896   -5.881    5.585    5.904    5.912    5.963    6.725    6.782    8.106    8.193
    8.765    9.345   10.292   10.379   11.498   11.818   11.891   12.295   12.862   13.170
   15.681   16.012   16.540   16.762
           -0.515464  0.490095  0.670910
  -60.795  -60.214  -31.201  -30.732  -30.626  -30.397  -30.285  -30.059   -5.957   -5.954
   -5.900   -5.885    5.583    5.914    5.921    5.980    6.706    6.764    8.092    8.185
    8.777    9.354   10.306   10.395   11.494   11.820   11.874   12.305   12.848   13.180
   15.672   16.005   16.539   16.762
           -0.515464  0.490095  0.688113
  -60.795  -60.214  -31.201  -30.733  -30.625  -30.397  -30.287  -30.059   -5.952   -5.949
   -5.903   -5.888    5.581    5.916    5.933    5.992    6.692    6.752    8.083    8.178
    8.785    9.360   10.316   10.406   11.491   11.825   11.860   12.312   12.837   13.187
   15.665   16.000   16.537   16.761
           -0.515464  0.490095  0.705315
  -60.795  -60.214  -31.201  -30.733  -30.625  -30.397  -30.287  -30.059   -5.948   -5.946
   -5.904   -5.889    5.580    5.916    5.941    6.000    6.684    6.745    8.077    8.174
    8.790    9.364   10.322   10.413   11.490   11.830   11.849   12.316   12.831   13.192
   15.661   15.998   16.537   16.761
           -0.515464  0.490095  0.722518
  -60.795  -60.214  -31.201  -30.734  -30.625  -30.397  -30.287  -30.059   -5.947   -5.945
   -5.905   -5.890    5.580    5.917    5.943    6.002    6.681    6.742    8.075    8.173
    8.791    9.365   10.323   10.415   11.489   11.834   11.842   12.318   12.829   13.193
   15.660   15.997   16.536   16.761
           -0.503191  0.478426  0.722518
  -60.795  -60.214  -31.201  -30.734  -30.625  -30.397  -30.287  -30.059   -5.957   -5.945
   -5.896   -5.890    5.580    5.904    5.951    6.003    6.689    6.741    8.076    8.173
    8.790    9.366   10.324   10.413   11.489   11.834   11.843   12.300   12.846   13.192
   15.649   15.997   16.537   16.772
           -0.490918  0.466757  0.722518
  -60.795  -60.214  -31.201  -30.734  -30.625  -30.397  -30.287  -30.059   -5.975   -5.946
   -5.889   -5.878    5.582    5.878    5.962    6.007    6.714    6.735    8.078    8.173
    8.784    9.367   10.324   10.406   11.489   11.834   11.844   12.254   12.889   13.189
   15.618   15.997   16.539   16.804
           -0.478645  0.455088  0.722518
  -60.795  -60.214  -31.201  -30.734  -30.625  -30.396  -30.287  -30.059   -5.995   -5.947
   -5.888   -5.857    5.585    5.846    5.971    6.012    6.727    6.753    8.082    8.172
    8.776    9.369   10.324   10.394   11.489   11.834   11.846   12.189   12.950   13.184
   15.570   15.997   16.541   16.853
           -0.466372  0.443419  0.722518
  -60.795  -60.214  -31.201  -30.734  -30.625  -30.396  -30.287  -30.059   -6.015   -5.948
   -5.887   -5.837    5.589    5.812    5.977    6.020    6.716    6.804    8.087    8.172
    8.764    9.372   10.324   10.377   11.489   11.833   11.849   12.115   13.020   13.178
   15.509   15.998   16.545   16.915
           -0.454099  0.431751  0.722518
  -60.795  -60.214  -31.201  -30.734  -30.625  -30.396  -30.287  -30.059   -6.035   -5.950
   -5.886   -5.817    5.594    5.775    5.981    6.030    6.701    6.865    8.093    8.171
    8.749    9.376   10.323   10.355   11.490   11.832   11.853   12.036   13.093   13.170
   15.440   15.999   16.550   16.986
           -0.441826  0.420082  0.722518
  -60.795  -60.214  -31.201  -30.734  -30.625  -30.396  -30.287  -30.059   -6.055   -5.952
   -5.884   -5.797    5.600    5.737    5.984    6.043    6.684    6.934    8.100    8.170
    8.731    9.380   10.321   10.328   11.490   11.830   11.858   11.957   13.162   13.167
   15.367   15.999   16.555   17.061
           -0.429553  0.408413  0.722518
  -60.795  -60.214  -31.201  -30.734  -30.625  -30.396  -30.287  -30.059   -6.074   -5.955
   -5.882   -5.777    5.608    5.700    5.987    6.057    6.665    7.009    8.109    8.169
    8.709    9.385   10.296   10.317   11.490   11.824   11.863   11.882   13.153   13.241
   15.291   16.000   16.560   17.139
           -0.417280  0.396744  0.722518
  -60.795  -60.214  -31.201  -30.734  -30.625  -30.396  -30.287  -30.059   -6.093   -5.957
   -5.879   -5.759    5.616    5.664    5.989    6.073    6.643    7.089    8.117    8.167
    8.685    9.390   10.258   10.310   11.489   11.789   11.841   11.870   13.145   13.312
   15.214   16.002   16.565   17.217
           -0.405007  0.385075  0.722518
  -60.795  -60.214  -31.201  -30.734  -30.625  -30.395  -30.287  -30.059   -6.110   -5.961
   -5.877   -5.741    5.626    5.630    5.991    6.090    6.620    7.174    8.126    8.166
    8.659    9.396   10.215   10.298   11.489   11.724   11.834   11.877   13.138   13.382
   15.139   16.003   16.570   17.293
           -0.392734  0.373406  0.722518
  -60.795  -60.214  -31.201  -30.735  -30.625  -30.395  -30.287  -30.059   -6.127   -5.964
   -5.874   -5.724    5.598    5.637    5.992    6.109    6.595    7.263    8.135    8.164
    8.630    9.403   10.167   10.281   11.489   11.662   11.831   11.885   13.131   13.448
   15.067   16.004   16.574   17.366
           -0.380461  0.361737  0.722518
  -60.795  -60.214  -31.201  -30.735  -30.625  -30.395  -30.287  -30.059   -6.142   -5.968
   -5.871   -5.708    5.569    5.650    5.994    6.128    6.570    7.354    8.144    8.162
    8.599    9.409   10.114   10.257   11.488   11.609   11.829   11.893   13.127   13.511
   14.998   16.005   16.578   17.435
           -0.368189  0.350068  0.722518
  -60.795  -60.214  -31.201  -30.735  -30.625  -30.395  -30.287  -30.059   -6.157   -5.972
   -5.867   -5.694    5.542    5.663    5.996    6.148    6.545    7.447    8.153    8.160
    8.566    9.416   10.055   10.225   11.487   11.565   11.828   11.903   13.125   13.570
   14.932   16.007   16.580   17.498
           -0.355916  0.338399  0.722518
  -60.795  -60.214  -31.201  -30.735  -30.625  -30.395  -30.287  -30.059   -6.170   -5.976
   -5.864   -5.680    5.519    5.678    5.998    6.168    6.521    7.541    8.158    8.161
    8.531    9.423    9.991   10.184   11.486   11.533   11.826   11.913   13.126   13.625
   14.872   16.008   16.581   17.556
           -0.343643  0.326730  0.722518
  -60.795  -60.214  -31.201  -30.735  -30.625  -30.394  -30.287  -30.059   -6.183   -5.980
   -5.860   -5.668    5.499    5.695    6.000    6.185    6.499    7.636    8.155    8.169
    8.496    9.430    9.922   10.134   11.485   11.512   11.824   11.923   13.129   13.675
   14.818   16.010   16.580   17.607
           -0.331370  0.315061  0.722518
  -60.795  -60.214  -31.201  -30.736  -30.625  -30.394  -30.287  -30.059   -6.193   -5.985
   -5.857   -5.658    5.482    5.713    6.003    6.199    6.482    7.732    8.152    8.176
    8.459    9.436    9.849   10.076   11.484   11.504   11.822   11.934   13.135   13.721
   14.769   16.011   16.578   17.651
           -0.319097  0.303392  0.722518
  -60.795  -60.214  -31.201  -30.736  -30.625  -30.394  -30.287  -30.059   -6.203   -5.989
   -5.853   -5.648    5.469    5.732    6.006    6.207    6.471    7.827    8.149    8.182
    8.423    9.442    9.771   10.010   11.482   11.507   11.821   11.946   13.145   13.762
   14.726   16.013   16.574   17.686
           -0.306824  0.291723  0.722518
  -60.795  -60.214  -31.201  -30.736  -30.625  -30.394  -30.287  -30.059   -6.211   -5.994
   -5.849   -5.641    5.458    5.752    6.010    6.206    6.470    7.920    8.146    8.186
    8.388    9.448    9.688    9.938   11.481   11.520   11.819   11.958   13.157   13.798
   14.690   16.014   16.567   17.714
           -0.294551  0.280054  0.722518
  -60.795  -60.214  -31.201  -30.736  -30.625  -30.394  -30.287  -30.059   -6.218   -5.999
   -5.845   -5.634    5.452    5.774    6.014    6.197    6.478    8.008    8.141    8.190
    8.357    9.452    9.603    9.860   11.479   11.543   11.817   11.971   13.173   13.830
   14.661   16.016   16.559   17.733
           -0.282278  0.268385  0.722518
  -60.795  -60.214  -31.201  -30.736  -30.625  -30.394  -30.287  -30.059   -6.223   -6.004
   -5.841   -5.630    5.448    5.798    6.020    6.181    6.495    8.087    8.135    8.192
    8.334    9.454    9.515    9.780   11.478   11.575   11.815   11.984   13.192   13.856
   14.639   16.018   16.548   17.743
           -0.270005  0.256717  0.722518
  -60.795  -60.214  -31.201  -30.736  -30.625  -30.394  -30.287  -30.059   -6.227   -6.009
   -5.836   -5.626    5.448    5.823    6.026    6.158    6.518    8.127    8.143    8.193
    8.334    9.425    9.452    9.700   11.476   11.614   11.813   11.997   13.214   13.878
   14.624   16.019   16.535   17.744
           -0.257732  0.245048  0.722518
  -60.795  -60.214  -31.201  -30.736  -30.625  -30.394  -30.287  -30.059   -6.229   -6.014
   -5.832   -5.625    5.450    5.849    6.034    6.133    6.546    8.113    8.163    8.192
    8.370    9.335    9.440    9.627   11.475   11.659   11.811   12.010   13.239   13.895
   14.616   16.021   16.520   17.736
           -0.245459  0.233379  0.722518
  -60.795  -60.214  -31.201  -30.736  -30.625  -30.394  -30.287  -30.059   -6.230   -6.019
   -5.828   -5.625    5.456    5.876    6.043    6.105    6.576    8.093    8.162    8.190
    8.429    9.248    9.406    9.574   11.473   11.709   11.809   12.024   13.266   13.906
   14.616   16.022   16.502   17.719
           -0.233186  0.221710  0.722518
  -60.795  -60.214  -31.200  -30.736  -30.625  -30.394  -30.287  -30.059   -6.230   -6.024
   -5.824   -5.626    5.463    5.905    6.054    6.077    6.609    8.065    8.156    8.187
    8.488    9.168    9.343    9.549   11.472   11.763   11.810   12.038   13.296   13.913
   14.622   16.023   16.483   17.693
           -0.220913  0.210041  0.722518
  -60.795  -60.214  -31.200  -30.736  -30.625  -30.394  -30.287  -30.059   -6.228   -6.029
   -5.820   -5.629    5.473    5.934    6.048    6.067    6.644    8.033    8.150    8.183
    8.534    9.102    9.262    9.540   11.470   11.797   11.834   12.052   13.328   13.915
   14.636   16.025   16.461   17.658
           -0.208640  0.198372  0.722518
  -60.795  -60.214  -31.200  -30.736  -30.625  -30.394  -30.287  -30.059   -6.225   -6.034
   -5.816   -5.633    5.485    5.961    6.023    6.082    6.679    7.999    8.145    8.177
    8.552    9.062    9.175    9.539   11.468   11.799   11.893   12.065   13.362   13.913
   14.657   16.026   16.438   17.615
           -0.196367  0.186703  0.722518
  -60.795  -60.214  -31.200  -30.736  -30.625  -30.394  -30.287  -30.058   -6.220   -6.039
   -5.812   -5.639    5.499    5.971    6.017    6.100    6.714    7.965    8.141    8.170
    8.532    9.058    9.085    9.540   11.467   11.797   11.960   12.079   13.398   13.905
   14.685   16.027   16.413   17.564
           -0.184094  0.175034  0.722518
  -60.795  -60.214  -31.200  -30.736  -30.625  -30.394  -30.287  -30.058   -6.215   -6.043
   -5.808   -5.646    5.513    5.952    6.042    6.121    6.750    7.930    8.136    8.162
    8.478    8.995    9.085    9.543   11.465   11.796   12.029   12.092   13.434   13.893
   14.720   16.028   16.386   17.505
           -0.171821  0.163365  0.722518
  -60.795  -60.214  -31.200  -30.735  -30.625  -30.394  -30.287  -30.058   -6.208   -6.048
   -5.804   -5.654    5.528    5.927    6.074    6.146    6.785    7.896    8.131    8.153
    8.401    8.905    9.131    9.546   11.463   11.794   12.101   12.105   13.472   13.876
   14.762   16.029   16.358   17.439
           -0.159548  0.151696  0.722518
  -60.795  -60.214  -31.200  -30.735  -30.625  -30.394  -30.287  -30.058   -6.200   -6.052
   -5.801   -5.664    5.543    5.901    6.108    6.174    6.820    7.863    8.122    8.143
    8.315    8.818    9.188    9.549   11.461   11.792   12.117   12.175   13.511   13.854
   14.811   16.030   16.329   17.366
           -0.147275  0.140027  0.722518
  -60.795  -60.214  -31.200  -30.735  -30.625  -30.394  -30.287  -30.058   -6.191   -6.056
   -5.797   -5.674    5.558    5.877    6.143    6.207    6.853    7.832    8.104    8.132
    8.233    8.733    9.247    9.553   11.459   11.790   12.129   12.251   13.549   13.827
   14.866   16.031   16.300   17.288
           -0.135002  0.128358  0.722518
  -60.795  -60.214  -31.200  -30.735  -30.625  -30.394  -30.287  -30.058   -6.181   -6.060
   -5.794   -5.685    5.573    5.854    6.179    6.244    6.886    7.802    8.054    8.121
    8.177    8.651    9.306    9.556   11.457   11.788   12.141   12.327   13.588   13.796
   14.927   16.032   16.270   17.204
           -0.122730  0.116689  0.722518
  -60.795  -60.214  -31.200  -30.735  -30.625  -30.395  -30.287  -30.058   -6.170   -6.063
   -5.791   -5.697    5.586    5.832    6.214    6.286    6.917    7.774    7.970    8.109
    8.156    8.572    9.364    9.559   11.455   11.786   12.151   12.405   13.625   13.761
   14.993   16.033   16.241   17.115
           -0.110457  0.105020  0.722518
  -60.795  -60.214  -31.200  -30.735  -30.625  -30.395  -30.287  -30.058   -6.159   -6.067
   -5.788   -5.710    5.599    5.813    6.249    6.332    6.946    7.746    7.874    8.098
    8.147    8.498    9.418    9.562   11.453   11.785   12.161   12.483   13.662   13.722
   15.065   16.034   16.212   17.022
           -0.098184  0.093351  0.722518
  -60.795  -60.214  -31.200  -30.735  -30.625  -30.395  -30.288  -30.058   -6.148   -6.070
   -5.786   -5.722    5.610    5.795    6.283    6.384    6.974    7.713    7.782    8.087
    8.142    8.428    9.468    9.565   11.451   11.783   12.170   12.562   13.678   13.697
   15.142   16.034   16.184   16.926
           -0.085911  0.081683  0.722518
  -60.795  -60.214  -31.200  -30.734  -30.625  -30.395  -30.288  -30.058   -6.136   -6.072
   -5.783   -5.735    5.620    5.779    6.315    6.440    6.999    7.647    7.724    8.076
    8.139    8.364    9.514    9.568   11.449   11.782   12.178   12.640   13.631   13.729
   15.222   16.035   16.158   16.827
           -0.073638  0.070014  0.722518
  -60.795  -60.214  -31.200  -30.734  -30.625  -30.395  -30.288  -30.058   -6.125   -6.075
   -5.781   -5.747    5.628    5.765    6.345    6.501    7.021    7.552    7.699    8.066
    8.137    8.306    9.554    9.570   11.447   11.781   12.185   12.717   13.581   13.759
   15.306   16.035   16.134   16.728
           -0.061365  0.058345  0.722518
  -60.795  -60.214  -31.200  -30.734  -30.624  -30.395  -30.288  -30.058   -6.114   -6.077
   -5.780   -5.759    5.635    5.753    6.372    6.566    7.041    7.453    7.681    8.057
    8.135    8.255    9.572    9.588   11.445   11.780   12.192   12.793   13.528   13.786
   15.391   16.036   16.112   16.629
           -0.049092  0.046676  0.722518
  -60.795  -60.214  -31.200  -30.734  -30.624  -30.395  -30.288  -30.058   -6.105   -6.078
   -5.778   -5.769    5.641    5.743    6.395    6.635    7.057    7.356    7.668    8.049
    8.134    8.212    9.573    9.617   11.443   11.779   12.197   12.867   13.472   13.808
   15.475   16.036   16.094   16.534
           -0.036819  0.035007  0.722518
  -60.795  -60.214  -31.200  -30.734  -30.624  -30.395  -30.288  -30.058   -6.096   -6.080
   -5.778   -5.777    5.645    5.735    6.414    6.707    7.070    7.261    7.657    8.043
    8.133    8.177    9.574    9.640   11.442   11.778   12.201   12.938   13.416   13.826
   15.555   16.037   16.079   16.444
           -0.024546  0.023338  0.722518
  -60.795  -60.214  -31.200  -30.734  -30.624  -30.395  -30.288  -30.058   -6.090   -6.081
   -5.784   -5.776    5.648    5.729    6.428    6.781    7.080    7.171    7.650    8.039
    8.133    8.152    9.575    9.656   11.441   11.778   12.204   13.003   13.362   13.839
   15.626   16.037   16.068   16.367
           -0.012273  0.011669  0.722518
  -60.795  -60.214  -31.200  -30.734  -30.624  -30.396  -30.288  -30.058   -6.086   -6.081
   -5.789   -5.776    5.650    5.726    6.437    6.849    7.086    7.093    7.646    8.037
    8.132    8.136    9.576    9.666   11.440   11.777   12.205   13.055   13.316   13.847
   15.677   16.037   16.061   16.312
            0.000000  0.000000  0.722518
  -60.795  -60.214  -31.200  -30.734  -30.624  -30.396  -30.288  -30.058   -6.085   -6.081
   -5.790   -5.776    5.651    5.725    6.440    6.885    7.054    7.088    7.644    8.036
    8.131    8.132    9.576    9.669   11.440   11.777   12.206   13.077   13.296   13.850
   15.697   16.037   16.059   16.291
            0.017182  0.000000  0.722518
  -60.795  -60.214  -31.200  -30.734  -30.624  -30.396  -30.288  -30.058   -6.085   -6.082
   -5.789   -5.775    5.651    5.724    6.435    6.863    7.073    7.092    7.650    8.036
    8.133    8.135    9.574    9.668   11.440   11.777   12.204   13.067   13.304   13.849
   15.687   15.976   16.122   16.302
            0.034364  0.000000  0.722518
  -60.795  -60.214  -31.200  -30.734  -30.624  -30.396  -30.288  -30.058   -6.087   -6.084
   -5.787   -5.773    5.652    5.723    6.420    6.813    7.106    7.113    7.667    8.037
    8.134    8.147    9.569    9.662   11.441   11.778   12.198   13.038   13.326   13.848
   15.661   15.908   16.196   16.333
            0.051546  0.000000  0.722518
  -60.795  -60.214  -31.200  -30.734  -30.624  -30.395  -30.288  -30.058   -6.091   -6.087
   -5.784   -5.770    5.653    5.720    6.397    6.753    7.127    7.157    7.695    8.038
    8.136    8.168    9.560    9.653   11.441   11.778   12.188   12.998   13.353   13.845
   15.622   15.841   16.272   16.380
            0.068729  0.000000  0.722518
  -60.795  -60.214  -31.200  -30.734  -30.624  -30.395  -30.288  -30.058   -6.095   -6.091
   -5.779   -5.765    5.654    5.715    6.369    6.691    7.152    7.198    7.734    8.041
    8.141    8.197    9.548    9.641   11.442   11.779   12.174   12.951   13.384   13.841
   15.574   15.777   16.350   16.438
            0.085911  0.000000  0.722518
  -60.795  -60.214  -31.200  -30.734  -30.624  -30.395  -30.288  -30.058   -6.100   -6.096
   -5.773   -5.760    5.656    5.709    6.337    6.628    7.181    7.234    7.780    8.044
    8.147    8.234    9.533    9.626   11.444   11.781   12.157   12.898   13.415   13.836
   15.523   15.715   16.429   16.504
            0.103093  0.000000  0.722518
  -60.795  -60.214  -31.200  -30.734  -30.625  -30.395  -30.288  -30.058   -6.106   -6.101
   -5.766   -5.754    5.657    5.700    6.305    6.567    7.210    7.265    7.833    8.048
    8.158    8.278    9.515    9.607   11.445   11.782   12.135   12.842   13.445   13.831
   15.468   15.655   16.508   16.575
            0.120275  0.000000  0.722518
  -60.795  -60.214  -31.200  -30.734  -30.625  -30.395  -30.288  -30.058   -6.113   -6.108
   -5.759   -5.747    5.658    5.688    6.275    6.508    7.239    7.292    7.886    8.054
    8.176    8.330    9.493    9.586   11.447   11.784   12.109   12.781   13.474   13.825
   15.413   15.599   16.588   16.649
            0.137457  0.000000  0.722518
  -60.795  -60.214  -31.200  -30.734  -30.625  -30.395  -30.287  -30.058   -6.120   -6.114
   -5.751   -5.739    5.658    5.673    6.247    6.452    7.267    7.316    7.936    8.060
    8.204    8.388    9.469    9.563   11.448   11.786   12.078   12.718   13.502   13.819
   15.358   15.544   16.669   16.725
            0.154639  0.000000  0.722518
  -60.795  -60.214  -31.200  -30.734  -30.625  -30.395  -30.287  -30.058   -6.128   -6.122
   -5.742   -5.731    5.655    5.657    6.222    6.400    7.294    7.338    7.976    8.068
    8.246    8.453    9.441    9.537   11.450   11.788   12.044   12.651   13.529   13.813
   15.305   15.492   16.749   16.803
            0.171821  0.000000  0.722518
  -60.795  -60.214  -31.200  -30.734  -30.625  -30.395  -30.287  -30.058   -6.136   -6.129
   -5.733   -5.722    5.632    5.653    6.203    6.353    7.319    7.359    8.004    8.076
    8.303    8.524    9.412    9.509   11.452   11.790   12.006   12.582   13.554   13.806
   15.252   15.443   16.829   16.881
            0.189003  0.000000  0.722518
  -60.795  -60.214  -31.200  -30.734  -30.625  -30.395  -30.287  -30.058   -6.144   -6.137
   -5.724   -5.714    5.607    5.648    6.188    6.311    7.342    7.378    8.024    8.086
    8.372    8.599    9.380    9.481   11.454   11.792   11.963   12.511   13.578   13.800
   15.201   15.397   16.908   16.959
            0.206186  0.000000  0.722518
  -60.795  -60.214  -31.201  -30.735  -30.625  -30.395  -30.287  -30.058   -6.152   -6.144
   -5.715   -5.705    5.579    5.640    6.177    6.275    7.364    7.397    8.037    8.097
    8.448    8.679    9.346    9.452   11.455   11.794   11.916   12.436   13.601   13.794
   15.152   15.352   16.986   17.037
            0.223368  0.000000  0.722518
  -60.795  -60.214  -31.201  -30.735  -30.625  -30.395  -30.287  -30.058   -6.160   -6.152
   -5.705   -5.696    5.548    5.628    6.171    6.246    7.384    7.414    8.047    8.109
    8.527    8.763    9.311    9.424   11.456   11.796   11.866   12.360   13.622   13.789
   15.105   15.311   17.062   17.113
            0.240550  0.000000  0.722518
  -60.795  -60.214  -31.201  -30.735  -30.625  -30.395  -30.287  -30.058   -6.168   -6.160
   -5.696   -5.688    5.516    5.614    6.168    6.222    7.403    7.432    8.056    8.122
    8.607    8.848    9.275    9.398   11.457   11.798   11.812   12.282   13.641   13.784
   15.061   15.271   17.137   17.188
            0.257732  0.000000  0.722518
  -60.795  -60.214  -31.201  -30.735  -30.625  -30.395  -30.287  -30.058   -6.176   -6.167
   -5.687   -5.679    5.483    5.597    6.169    6.205    7.420    7.448    8.065    8.137
    8.682    8.934    9.240    9.378   11.458   11.755   11.800   12.201   13.659   13.779
   15.019   15.235   17.209   17.260
            0.274914  0.000000  0.722518
  -60.795  -60.214  -31.201  -30.735  -30.625  -30.395  -30.287  -30.058   -6.183   -6.174
   -5.679   -5.671    5.450    5.577    6.171    6.193    7.436    7.464    8.074    8.152
    8.749    9.013    9.213    9.367   11.457   11.695   11.802   12.119   13.676   13.775
   14.979   15.200   17.279   17.331
            0.292096  0.000000  0.722518
  -60.795  -60.214  -31.201  -30.735  -30.625  -30.394  -30.287  -30.058   -6.190   -6.181
   -5.670   -5.663    5.417    5.556    6.176    6.185    7.451    7.479    8.084    8.170
    8.803    9.063    9.215    9.369   11.454   11.633   11.803   12.036   13.691   13.772
   14.942   15.168   17.346   17.398
            0.309278  0.000000  0.722518
  -60.795  -60.214  -31.201  -30.735  -30.625  -30.394  -30.287  -30.058   -6.197   -6.187
   -5.662   -5.655    5.385    5.533    6.182    6.182    7.465    7.493    8.095    8.189
    8.838    9.058    9.273    9.389   11.446   11.574   11.804   11.951   13.706   13.769
   14.907   15.138   17.410   17.462
            0.326460  0.000000  0.722518
  -60.795  -60.214  -31.201  -30.735  -30.625  -30.394  -30.287  -30.058   -6.204   -6.193
   -5.655   -5.648    5.355    5.510    6.182    6.189    7.478    7.506    8.109    8.209
    8.853    9.025    9.357    9.431   11.423   11.527   11.803   11.868   13.718   13.767
   14.875   15.111   17.470   17.523
            0.343643  0.000000  0.722518
  -60.795  -60.214  -31.201  -30.735  -30.625  -30.394  -30.286  -30.058   -6.209   -6.199
   -5.648   -5.641    5.326    5.487    6.185    6.197    7.490    7.517    8.125    8.231
    8.849    8.985    9.449    9.490   11.373   11.502   11.768   11.818   13.730   13.765
   14.846   15.086   17.527   17.580
            0.360825  0.000000  0.722518
  -60.795  -60.214  -31.201  -30.736  -30.625  -30.394  -30.286  -30.058   -6.215   -6.204
   -5.641   -5.635    5.299    5.465    6.189    6.204    7.501    7.527    8.143    8.255
    8.831    8.941    9.544    9.563   11.306   11.493   11.687   11.814   13.740   13.764
   14.820   15.063   17.579   17.632
            0.378007  0.000000  0.722518
  -60.795  -60.214  -31.201  -30.736  -30.625  -30.394  -30.286  -30.058   -6.220   -6.209
   -5.635   -5.629    5.275    5.444    6.195    6.212    7.511    7.536    8.163    8.280
    8.804    8.897    9.638    9.644   11.232   11.489   11.602   11.814   13.750   13.762
   14.796   15.043   17.626   17.680
            0.395189  0.000000  0.722518
  -60.795  -60.214  -31.201  -30.736  -30.625  -30.394  -30.286  -30.058   -6.224   -6.213
   -5.630   -5.624    5.253    5.425    6.201    6.219    7.520    7.543    8.186    8.307
    8.772    8.851    9.730    9.731   11.154   11.488   11.517   11.814   13.758   13.762
   14.775   15.024   17.669   17.723
            0.412371  0.000000  0.722518
  -60.795  -60.214  -31.201  -30.736  -30.625  -30.394  -30.286  -30.058   -6.228   -6.217
   -5.625   -5.620    5.234    5.408    6.207    6.226    7.528    7.549    8.210    8.336
    8.736    8.806    9.819    9.821   11.074   11.434   11.487   11.815   13.761   13.765
   14.757   15.009   17.707   17.761
            0.429553  0.000000  0.722518
  -60.795  -60.214  -31.201  -30.736  -30.625  -30.394  -30.286  -30.058   -6.231   -6.220
   -5.621   -5.616    5.217    5.393    6.213    6.232    7.534    7.554    8.236    8.367
    8.699    8.761    9.906    9.908   10.993   11.355   11.487   11.816   13.761   13.770
   14.741   14.996   17.739   17.794
            0.446735  0.000000  0.722518
  -60.795  -60.214  -31.201  -30.736  -30.625  -30.394  -30.286  -30.058   -6.234   -6.223
   -5.618   -5.613    5.204    5.381    6.218    6.237    7.540    7.558    8.263    8.399
    8.663    8.716    9.985    9.995   10.914   11.282   11.487   11.816   13.760   13.775
   14.729   14.985   17.765   17.821
            0.463918  0.000000  0.722518
  -60.795  -60.214  -31.201  -30.736  -30.625  -30.394  -30.286  -30.058   -6.236   -6.225
   -5.616   -5.610    5.193    5.371    6.222    6.241    7.544    7.561    8.290    8.434
    8.629    8.672   10.053   10.076   10.838   11.218   11.487   11.817   13.760   13.779
   14.719   14.976   17.786   17.842
            0.481100  0.000000  0.722518
  -60.795  -60.214  -31.201  -30.736  -30.626  -30.394  -30.286  -30.058   -6.238   -6.227
   -5.614   -5.608    5.185    5.364    6.225    6.244    7.548    7.562    8.313    8.470
    8.599    8.629   10.107   10.147   10.772   11.168   11.487   11.817   13.760   13.781
   14.712   14.970   17.801   17.857
            0.498282  0.000000  0.722518
  -60.795  -60.214  -31.201  -30.736  -30.626  -30.394  -30.286  -30.058   -6.239   -6.227
   -5.613   -5.607    5.181    5.360    6.227    6.246    7.550    7.563    8.330    8.507
    8.578    8.587   10.142   10.199   10.723   11.134   11.487   11.817   13.760   13.783
   14.708   14.966   17.810   17.866
            0.515464  0.000000  0.722518
  -60.795  -60.214  -31.201  -30.736  -30.626  -30.394  -30.286  -30.058   -6.239   -6.228
   -5.612   -5.607    5.179    5.358    6.228    6.247    7.550    7.564    8.337    8.544
    8.549    8.571   10.154   10.218   10.704   11.122   11.487   11.817   13.760   13.783
   14.706   14.965   17.813   17.869
            0.515464  0.016337  0.722518
  -60.795  -60.214  -31.201  -30.736  -30.626  -30.394  -30.286  -30.058   -6.239   -6.227
   -5.613   -5.607    5.180    5.359    6.227    6.246    7.548    7.562    8.335    8.504
    8.572    8.591   10.154   10.218   10.708   11.125   11.487   11.817   13.759   13.782
   14.708   14.967   17.811   17.867
            0.515464  0.032673  0.722518
  -60.795  -60.214  -31.201  -30.736  -30.626  -30.394  -30.286  -30.058   -6.237   -6.226
   -5.614   -5.609    5.182    5.362    6.225    6.245    7.541    7.556    8.330    8.463
    8.577    8.635   10.155   10.218   10.719   11.132   11.487   11.818   13.756   13.778
   14.712   14.971   17.805   17.860
            0.515464  0.049010  0.722518
  -60.795  -60.214  -31.201  -30.736  -30.626  -30.394  -30.286  -30.058   -6.235   -6.224
   -5.616   -5.611    5.186    5.367    6.222    6.242    7.529    7.546    8.323    8.424
    8.584    8.681   10.155   10.217   10.736   11.144   11.487   11.818   13.751   13.771
   14.720   14.978   17.793   17.850
            0.515464  0.065346  0.722518
  -60.795  -60.214  -31.201  -30.736  -30.626  -30.394  -30.286  -30.059   -6.232   -6.221
   -5.619   -5.614    5.191    5.373    6.217    6.239    7.513    7.533    8.313    8.388
    8.594    8.727   10.156   10.217   10.760   11.160   11.488   11.818   13.744   13.761
   14.731   14.987   17.778   17.835
            0.515464  0.081683  0.722518
  -60.795  -60.214  -31.201  -30.736  -30.626  -30.394  -30.286  -30.059   -6.228   -6.217
   -5.623   -5.618    5.197    5.381    6.210    6.235    7.493    7.515    8.303    8.354
    8.605    8.772   10.158   10.217   10.789   11.181   11.488   11.819   13.735   13.748
   14.745   15.000   17.758   17.816
            0.515464  0.098019  0.722518
  -60.795  -60.214  -31.201  -30.736  -30.625  -30.394  -30.286  -30.059   -6.224   -6.213
   -5.628   -5.622    5.205    5.392    6.203    6.230    7.469    7.494    8.291    8.323
    8.617    8.817   10.160   10.218   10.824   11.207   11.489   11.819   13.724   13.732
   14.762   15.015   17.735   17.793
            0.515464  0.114356  0.722518
  -60.795  -60.214  -31.201  -30.736  -30.625  -30.394  -30.286  -30.059   -6.218   -6.207
   -5.633   -5.628    5.215    5.403    6.194    6.224    7.441    7.470    8.279    8.294
    8.629    8.861   10.162   10.220   10.863   11.236   11.490   11.820   13.711   13.714
   14.783   15.034   17.707   17.766
            0.515464  0.130692  0.722518
  -60.795  -60.214  -31.201  -30.736  -30.625  -30.394  -30.286  -30.059   -6.212   -6.201
   -5.639   -5.634    5.226    5.417    6.185    6.217    7.409    7.442    8.267    8.268
    8.643    8.905   10.165   10.223   10.905   11.269   11.491   11.821   13.692   13.696
   14.807   15.055   17.675   17.735
            0.515464  0.147029  0.722518
  -60.795  -60.214  -31.201  -30.736  -30.625  -30.394  -30.286  -30.059   -6.205   -6.194
   -5.646   -5.641    5.238    5.433    6.174    6.210    7.375    7.411    8.245    8.255
    8.656    8.947   10.169   10.228   10.951   11.306   11.492   11.822   13.668   13.678
   14.834   15.080   17.639   17.701
            0.515464  0.163365  0.722518
  -60.795  -60.214  -31.201  -30.735  -30.625  -30.394  -30.286  -30.059   -6.197   -6.186
   -5.654   -5.648    5.251    5.450    6.163    6.202    7.338    7.378    8.224    8.244
    8.669    8.987   10.174   10.234   11.000   11.346   11.493   11.822   13.640   13.659
   14.864   15.108   17.599   17.663
            0.515464  0.179702  0.722518
  -60.795  -60.214  -31.201  -30.735  -30.625  -30.395  -30.286  -30.059   -6.189   -6.178
   -5.663   -5.657    5.266    5.468    6.151    6.193    7.299    7.341    8.206    8.234
    8.681    9.026   10.179   10.241   11.050   11.389   11.495   11.823   13.610   13.638
   14.897   15.138   17.557   17.622
            0.515464  0.196038  0.722518
  -60.795  -60.214  -31.201  -30.735  -30.625  -30.395  -30.287  -30.059   -6.180   -6.169
   -5.672   -5.666    5.281    5.488    6.139    6.184    7.258    7.303    8.189    8.224
    8.694    9.063   10.185   10.249   11.102   11.435   11.496   11.824   13.577   13.615
   14.933   15.172   17.510   17.578
            0.515464  0.212375  0.722518
  -60.795  -60.214  -31.201  -30.735  -30.625  -30.395  -30.287  -30.059   -6.170   -6.159
   -5.682   -5.676    5.298    5.510    6.126    6.174    7.217    7.262    8.174    8.216
    8.705    9.098   10.193   10.259   11.155   11.483   11.498   11.825   13.541   13.590
   14.972   15.208   17.461   17.531
            0.515464  0.228711  0.722518
  -60.795  -60.214  -31.201  -30.735  -30.625  -30.395  -30.287  -30.059   -6.159   -6.149
   -5.693   -5.686    5.316    5.533    6.113    6.163    7.175    7.220    8.161    8.208
    8.716    9.130   10.201   10.269   11.209   11.501   11.534   11.826   13.503   13.564
   15.013   15.248   17.409   17.482
            0.515464  0.245048  0.722518
  -60.795  -60.214  -31.201  -30.735  -30.625  -30.395  -30.287  -30.059   -6.148   -6.137
   -5.704   -5.697    5.334    5.557    6.100    6.152    7.132    7.177    8.149    8.202
    8.726    9.161   10.209   10.281   11.262   11.504   11.586   11.827   13.462   13.536
   15.057   15.290   17.354   17.430
            0.515464  0.261384  0.722518
  -60.795  -60.214  -31.201  -30.735  -30.625  -30.395  -30.287  -30.059   -6.136   -6.126
   -5.716   -5.709    5.354    5.582    6.087    6.141    7.091    7.133    8.138    8.196
    8.736    9.189   10.219   10.293   11.314   11.508   11.641   11.828   13.420   13.507
   15.103   15.335   17.296   17.377
            0.515464  0.277721  0.722518
  -60.795  -60.214  -31.201  -30.735  -30.625  -30.395  -30.287  -30.059   -6.124   -6.114
   -5.728   -5.721    5.374    5.609    6.074    6.129    7.050    7.088    8.129    8.191
    8.744    9.215   10.229   10.305   11.363   11.514   11.697   11.829   13.375   13.478
   15.151   15.383   17.237   17.322
            0.515464  0.294057  0.722518
  -60.795  -60.214  -31.201  -30.734  -30.625  -30.396  -30.287  -30.059   -6.111   -6.101
   -5.741   -5.734    5.395    5.636    6.061    6.118    7.010    7.043    8.120    8.187
    8.752    9.238   10.239   10.318   11.407   11.525   11.753   11.831   13.328   13.447
   15.201   15.433   17.175   17.265
            0.515464  0.310394  0.722518
  -60.795  -60.214  -31.201  -30.734  -30.625  -30.396  -30.287  -30.059   -6.097   -6.088
   -5.755   -5.747    5.415    5.664    6.049    6.105    6.972    6.998    8.113    8.184
    8.759    9.260   10.249   10.330   11.440   11.545   11.808   11.834   13.280   13.417
   15.251   15.485   17.112   17.208
            0.515464  0.326730  0.722518
  -60.795  -60.214  -31.201  -30.734  -30.625  -30.396  -30.287  -30.059   -6.084   -6.074
   -5.768   -5.761    5.437    5.692    6.037    6.093    6.935    6.954    8.106    8.181
    8.765    9.279   10.260   10.343   11.461   11.576   11.829   11.873   13.231   13.386
   15.302   15.538   17.048   17.151
            0.515464  0.343067  0.722518
  -60.795  -60.214  -31.201  -30.734  -30.625  -30.396  -30.287  -30.059   -6.069   -6.060
   -5.783   -5.775    5.458    5.720    6.026    6.080    6.901    6.912    8.100    8.179
    8.771    9.296   10.270   10.355   11.472   11.614   11.831   11.930   13.181   13.356
   15.353   15.594   16.983   17.094
            0.515464  0.359403  0.722518
  -60.795  -60.214  -31.201  -30.734  -30.625  -30.396  -30.287  -30.059   -6.055   -6.046
   -5.797   -5.789    5.478    5.749    6.015    6.068    6.870    6.871    8.094    8.177
    8.775    9.311   10.280   10.366   11.478   11.654   11.832   11.988   13.130   13.327
   15.404   15.650   16.918   17.038
            0.515464  0.375740  0.722518
  -60.795  -60.214  -31.201  -30.734  -30.625  -30.396  -30.287  -30.059   -6.040   -6.031
   -5.812   -5.803    5.498    5.777    6.005    6.056    6.832    6.841    8.090    8.176
    8.779    9.324   10.289   10.377   11.482   11.693   11.832   12.046   13.079   13.300
   15.453   15.707   16.853   16.984
            0.515464  0.392076  0.722518
  -60.795  -60.214  -31.201  -30.734  -30.625  -30.396  -30.287  -30.059   -6.025   -6.017
   -5.827   -5.818    5.517    5.804    5.995    6.044    6.796    6.816    8.086    8.175
    8.783    9.335   10.298   10.386   11.484   11.729   11.833   12.102   13.029   13.274
   15.500   15.764   16.789   16.933
            0.515464  0.408413  0.722518
  -60.795  -60.214  -31.201  -30.734  -30.625  -30.396  -30.287  -30.059   -6.010   -6.002
   -5.843   -5.833    5.534    5.829    5.986    6.033    6.763    6.794    8.083    8.174
    8.785    9.345   10.305   10.395   11.486   11.762   11.833   12.156   12.980   13.251
   15.544   15.820   16.727   16.886
            0.515464  0.424749  0.722518
  -60.795  -60.214  -31.201  -30.734  -30.625  -30.396  -30.287  -30.059   -5.994   -5.987
   -5.858   -5.848    5.550    5.854    5.976    6.023    6.735    6.775    8.080    8.174
    8.788    9.352   10.312   10.402   11.487   11.790   11.834   12.206   12.934   13.231
   15.582   15.872   16.669   16.844
            0.515464  0.441086  0.722518
  -60.795  -60.214  -31.201  -30.734  -30.625  -30.396  -30.287  -30.059   -5.979   -5.973
   -5.873   -5.862    5.562    5.875    5.967    6.014    6.712    6.761    8.078    8.173
    8.789    9.358   10.317   10.408   11.488   11.812   11.834   12.250   12.893   13.215
   15.615   15.920   16.618   16.809
            0.515464  0.457422  0.722518
  -60.795  -60.214  -31.201  -30.734  -30.625  -30.397  -30.287  -30.059   -5.965   -5.960
   -5.887   -5.875    5.572    5.894    5.958    6.008    6.695    6.751    8.076    8.173
    8.790    9.362   10.320   10.412   11.489   11.829   11.834   12.286   12.859   13.203
   15.639   15.960   16.575   16.783
            0.515464  0.473759  0.722518
  -60.795  -60.214  -31.201  -30.734  -30.625  -30.397  -30.287  -30.059   -5.953   -5.949
   -5.899   -5.886    5.578    5.910    5.949    6.004    6.684    6.744    8.075    8.173
    8.791    9.364   10.323   10.414   11.489   11.834   11.839   12.309   12.837   13.196
   15.655   15.987   16.546   16.767
            0.515464  0.490095  0.722518
  -60.795  -60.214  -31.201  -30.734  -30.625  -30.397  -30.287  -30.059   -5.947   -5.945
   -5.905   -5.890    5.580    5.917    5.943    6.002    6.681    6.742    8.075    8.173
    8.791    9.365   10.323   10.415   11.489   11.834   11.842   12.318   12.829   13.193
   15.660   15.997   16.536   16.761
