 -0.62098911E+02  0.00000000E+00
 -0.62088910E+02  0.00000000E+00
 -0.62078910E+02  0.00000000E+00
 -0.62068910E+02  0.00000000E+00
 -0.62058910E+02  0.00000000E+00
 -0.62048910E+02  0.00000000E+00
 -0.62038910E+02  0.00000000E+00
 -0.62028910E+02  0.00000000E+00
 -0.62018910E+02  0.00000000E+00
 -0.62008910E+02  0.00000000E+00
 -0.61998909E+02  0.00000000E+00
 -0.61988909E+02  0.00000000E+00
 -0.61978909E+02  0.00000000E+00
 -0.61968909E+02  0.00000000E+00
 -0.61958909E+02  0.00000000E+00
 -0.61948909E+02  0.00000000E+00
 -0.61938909E+02  0.00000000E+00
 -0.61928909E+02  0.00000000E+00
 -0.61918908E+02  0.00000000E+00
 -0.61908908E+02  0.00000000E+00
 -0.61898908E+02  0.00000000E+00
 -0.61888908E+02  0.00000000E+00
 -0.61878908E+02  0.00000000E+00
 -0.61868908E+02  0.00000000E+00
 -0.61858908E+02  0.00000000E+00
 -0.61848908E+02  0.00000000E+00
 -0.61838908E+02  0.00000000E+00
 -0.61828907E+02  0.00000000E+00
 -0.61818907E+02  0.00000000E+00
 -0.61808907E+02  0.00000000E+00
 -0.61798907E+02  0.00000000E+00
 -0.61788907E+02  0.00000000E+00
 -0.61778907E+02  0.00000000E+00
 -0.61768907E+02  0.00000000E+00
 -0.61758907E+02  0.00000000E+00
 -0.61748907E+02  0.00000000E+00
 -0.61738906E+02  0.00000000E+00
 -0.61728906E+02  0.00000000E+00
 -0.61718906E+02  0.00000000E+00
 -0.61708906E+02  0.00000000E+00
 -0.61698906E+02  0.00000000E+00
 -0.61688906E+02  0.00000000E+00
 -0.61678906E+02  0.00000000E+00
 -0.61668906E+02  0.00000000E+00
 -0.61658905E+02  0.00000000E+00
 -0.61648905E+02  0.00000000E+00
 -0.61638905E+02  0.00000000E+00
 -0.61628905E+02  0.00000000E+00
 -0.61618905E+02  0.00000000E+00
 -0.61608905E+02  0.00000000E+00
 -0.61598905E+02  0.00000000E+00
 -0.61588905E+02  0.00000000E+00
 -0.61578905E+02  0.00000000E+00
 -0.61568904E+02  0.00000000E+00
 -0.61558904E+02  0.00000000E+00
 -0.61548904E+02  0.00000000E+00
 -0.61538904E+02  0.00000000E+00
 -0.61528904E+02  0.00000000E+00
 -0.61518904E+02  0.00000000E+00
 -0.61508904E+02  0.00000000E+00
 -0.61498904E+02  0.00000000E+00
 -0.61488903E+02  0.00000000E+00
 -0.61478903E+02  0.00000000E+00
 -0.61468903E+02  0.00000000E+00
 -0.61458903E+02  0.00000000E+00
 -0.61448903E+02  0.00000000E+00
 -0.61438903E+02  0.00000000E+00
 -0.61428903E+02  0.00000000E+00
 -0.61418903E+02  0.00000000E+00
 -0.61408903E+02  0.00000000E+00
 -0.61398902E+02  0.00000000E+00
 -0.61388902E+02  0.00000000E+00
 -0.61378902E+02  0.00000000E+00
 -0.61368902E+02  0.00000000E+00
 -0.61358902E+02  0.00000000E+00
 -0.61348902E+02  0.00000000E+00
 -0.61338902E+02  0.00000000E+00
 -0.61328902E+02  0.00000000E+00
 -0.61318901E+02  0.00000000E+00
 -0.61308901E+02  0.00000000E+00
 -0.61298901E+02  0.00000000E+00
 -0.61288901E+02  0.00000000E+00
 -0.61278901E+02  0.00000000E+00
 -0.61268901E+02  0.00000000E+00
 -0.61258901E+02  0.00000000E+00
 -0.61248901E+02  0.00000000E+00
 -0.61238901E+02  0.00000000E+00
 -0.61228900E+02  0.00000000E+00
 -0.61218900E+02  0.00000000E+00
 -0.61208900E+02  0.00000000E+00
 -0.61198900E+02  0.00000000E+00
 -0.61188900E+02  0.00000000E+00
 -0.61178900E+02  0.00000000E+00
 -0.61168900E+02  0.00000000E+00
 -0.61158900E+02  0.00000000E+00
 -0.61148900E+02  0.00000000E+00
 -0.61138899E+02  0.00000000E+00
 -0.61128899E+02  0.00000000E+00
 -0.61118899E+02  0.00000000E+00
 -0.61108899E+02  0.00000000E+00
 -0.61098899E+02  0.00000000E+00
 -0.61088899E+02  0.00000000E+00
 -0.61078899E+02  0.00000000E+00
 -0.61068899E+02  0.00000000E+00
 -0.61058898E+02  0.00000000E+00
 -0.61048898E+02  0.00000000E+00
 -0.61038898E+02  0.00000000E+00
 -0.61028898E+02  0.00000000E+00
 -0.61018898E+02  0.00000000E+00
 -0.61008898E+02  0.00000000E+00
 -0.60998898E+02  0.00000000E+00
 -0.60988898E+02  0.00000000E+00
 -0.60978898E+02  0.00000000E+00
 -0.60968897E+02  0.00000000E+00
 -0.60958897E+02  0.00000000E+00
 -0.60948897E+02  0.00000000E+00
 -0.60938897E+02  0.00000000E+00
 -0.60928897E+02  0.00000000E+00
 -0.60918897E+02  0.00000000E+00
 -0.60908897E+02  0.00000000E+00
 -0.60898897E+02  0.00000000E+00
 -0.60888896E+02  0.00000000E+00
 -0.60878896E+02  0.00000000E+00
 -0.60868896E+02  0.00000000E+00
 -0.60858896E+02  0.00000000E+00
 -0.60848896E+02  0.00000000E+00
 -0.60838896E+02  0.00000000E+00
 -0.60828896E+02  0.00000000E+00
 -0.60818896E+02  0.00000000E+00
 -0.60808896E+02  0.00000000E+00
 -0.60798895E+02  0.00000000E+00
 -0.60788895E+02  0.00000000E+00
 -0.60778895E+02  0.00000000E+00
 -0.60768895E+02  0.00000000E+00
 -0.60758895E+02  0.00000000E+00
 -0.60748895E+02  0.00000000E+00
 -0.60738895E+02  0.00000000E+00
 -0.60728895E+02  0.00000000E+00
 -0.60718894E+02  0.00000000E+00
 -0.60708894E+02  0.00000000E+00
 -0.60698894E+02  0.00000000E+00
 -0.60688894E+02  0.00000000E+00
 -0.60678894E+02  0.00000000E+00
 -0.60668894E+02  0.00000000E+00
 -0.60658894E+02  0.00000000E+00
 -0.60648894E+02  0.00000000E+00
 -0.60638894E+02  0.00000000E+00
 -0.60628893E+02  0.00000000E+00
 -0.60618893E+02  0.00000000E+00
 -0.60608893E+02  0.00000000E+00
 -0.60598893E+02  0.00000000E+00
 -0.60588893E+02  0.00000000E+00
 -0.60578893E+02  0.00000000E+00
 -0.60568893E+02  0.00000000E+00
 -0.60558893E+02  0.00000000E+00
 -0.60548893E+02  0.00000000E+00
 -0.60538892E+02  0.00000000E+00
 -0.60528892E+02  0.00000000E+00
 -0.60518892E+02  0.00000000E+00
 -0.60508892E+02  0.00000000E+00
 -0.60498892E+02  0.00000000E+00
 -0.60488892E+02  0.00000000E+00
 -0.60478892E+02  0.00000000E+00
 -0.60468892E+02  0.00000000E+00
 -0.60458891E+02  0.00000000E+00
 -0.60448891E+02  0.00000000E+00
 -0.60438891E+02  0.00000000E+00
 -0.60428891E+02  0.00000000E+00
 -0.60418891E+02  0.00000000E+00
 -0.60408891E+02  0.00000000E+00
 -0.60398891E+02  0.00000000E+00
 -0.60388891E+02  0.00000000E+00
 -0.60378891E+02  0.00000000E+00
 -0.60368890E+02  0.00000000E+00
 -0.60358890E+02  0.00000000E+00
 -0.60348890E+02  0.00000000E+00
 -0.60338890E+02  0.00000000E+00
 -0.60328890E+02  0.00000000E+00
 -0.60318890E+02  0.00000000E+00
 -0.60308890E+02  0.00000000E+00
 -0.60298890E+02  0.00000000E+00
 -0.60288889E+02  0.00000000E+00
 -0.60278889E+02  0.00000000E+00
 -0.60268889E+02  0.00000000E+00
 -0.60258889E+02  0.00000000E+00
 -0.60248889E+02  0.00000000E+00
 -0.60238889E+02  0.00000000E+00
 -0.60228889E+02  0.00000000E+00
 -0.60218889E+02  0.00000000E+00
 -0.60208889E+02  0.00000000E+00
 -0.60198888E+02  0.00000000E+00
 -0.60188888E+02  0.00000000E+00
 -0.60178888E+02  0.00000000E+00
 -0.60168888E+02  0.00000000E+00
 -0.60158888E+02  0.00000000E+00
 -0.60148888E+02  0.00000000E+00
 -0.60138888E+02  0.00000000E+00
 -0.60128888E+02  0.00000000E+00
 -0.60118887E+02  0.00000000E+00
 -0.60108887E+02  0.00000000E+00
 -0.60098887E+02  0.00000000E+00
 -0.60088887E+02  0.00000000E+00
 -0.60078887E+02  0.00000000E+00
 -0.60068887E+02  0.00000000E+00
 -0.60058887E+02  0.00000000E+00
 -0.60048887E+02  0.00000000E+00
 -0.60038887E+02  0.00000000E+00
 -0.60028886E+02  0.00000000E+00
 -0.60018886E+02  0.00000000E+00
 -0.60008886E+02  0.00000000E+00
 -0.59998886E+02  0.00000000E+00
 -0.59988886E+02  0.00000000E+00
 -0.59978886E+02  0.00000000E+00
 -0.59968886E+02  0.00000000E+00
 -0.59958886E+02  0.00000000E+00
 -0.59948886E+02  0.00000000E+00
 -0.59938885E+02  0.00000000E+00
 -0.59928885E+02  0.00000000E+00
 -0.59918885E+02  0.00000000E+00
 -0.59908885E+02  0.00000000E+00
 -0.59898885E+02  0.00000000E+00
 -0.59888885E+02  0.00000000E+00
 -0.59878885E+02  0.00000000E+00
 -0.59868885E+02  0.00000000E+00
 -0.59858884E+02  0.00000000E+00
 -0.59848884E+02  0.00000000E+00
 -0.59838884E+02  0.00000000E+00
 -0.59828884E+02  0.00000000E+00
 -0.59818884E+02  0.00000000E+00
 -0.59808884E+02  0.00000000E+00
 -0.59798884E+02  0.00000000E+00
 -0.59788884E+02  0.00000000E+00
 -0.59778884E+02  0.00000000E+00
 -0.59768883E+02  0.00000000E+00
 -0.59758883E+02  0.00000000E+00
 -0.59748883E+02  0.00000000E+00
 -0.59738883E+02  0.00000000E+00
 -0.59728883E+02  0.00000000E+00
 -0.59718883E+02  0.00000000E+00
 -0.59708883E+02  0.00000000E+00
 -0.59698883E+02  0.00000000E+00
 -0.59688882E+02  0.00000000E+00
 -0.59678882E+02  0.00000000E+00
 -0.59668882E+02  0.00000000E+00
 -0.59658882E+02  0.00000000E+00
 -0.59648882E+02  0.00000000E+00
 -0.59638882E+02  0.00000000E+00
 -0.59628882E+02  0.00000000E+00
 -0.59618882E+02  0.00000000E+00
 -0.59608882E+02  0.00000000E+00
 -0.59598881E+02  0.00000000E+00
 -0.59588881E+02  0.00000000E+00
 -0.59578881E+02  0.00000000E+00
 -0.59568881E+02  0.00000000E+00
 -0.59558881E+02  0.00000000E+00
 -0.59548881E+02  0.00000000E+00
 -0.59538881E+02  0.00000000E+00
 -0.59528881E+02  0.00000000E+00
 -0.59518880E+02  0.00000000E+00
 -0.59508880E+02  0.00000000E+00
 -0.59498880E+02  0.00000000E+00
 -0.59488880E+02  0.00000000E+00
 -0.59478880E+02  0.00000000E+00
 -0.59468880E+02  0.00000000E+00
 -0.59458880E+02  0.00000000E+00
 -0.59448880E+02  0.00000000E+00
 -0.59438880E+02  0.00000000E+00
 -0.59428879E+02  0.00000000E+00
 -0.59418879E+02  0.00000000E+00
 -0.59408879E+02  0.00000000E+00
 -0.59398879E+02  0.00000000E+00
 -0.59388879E+02  0.00000000E+00
 -0.59378879E+02  0.00000000E+00
 -0.59368879E+02  0.00000000E+00
 -0.59358879E+02  0.00000000E+00
 -0.59348879E+02  0.00000000E+00
 -0.59338878E+02  0.00000000E+00
 -0.59328878E+02  0.00000000E+00
 -0.59318878E+02  0.00000000E+00
 -0.59308878E+02  0.00000000E+00
 -0.59298878E+02  0.00000000E+00
 -0.59288878E+02  0.00000000E+00
 -0.59278878E+02  0.00000000E+00
 -0.59268878E+02  0.00000000E+00
 -0.59258877E+02  0.00000000E+00
 -0.59248877E+02  0.00000000E+00
 -0.59238877E+02  0.00000000E+00
 -0.59228877E+02  0.00000000E+00
 -0.59218877E+02  0.00000000E+00
 -0.59208877E+02  0.00000000E+00
 -0.59198877E+02  0.00000000E+00
 -0.59188877E+02  0.00000000E+00
 -0.59178877E+02  0.00000000E+00
 -0.59168876E+02  0.00000000E+00
 -0.59158876E+02  0.00000000E+00
 -0.59148876E+02  0.00000000E+00
 -0.59138876E+02  0.00000000E+00
 -0.59128876E+02  0.00000000E+00
 -0.59118876E+02  0.00000000E+00
 -0.59108876E+02  0.00000000E+00
 -0.59098876E+02  0.00000000E+00
 -0.59088875E+02  0.00000000E+00
 -0.59078875E+02  0.00000000E+00
 -0.59068875E+02  0.00000000E+00
 -0.59058875E+02  0.00000000E+00
 -0.59048875E+02  0.00000000E+00
 -0.59038875E+02  0.00000000E+00
 -0.59028875E+02  0.00000000E+00
 -0.59018875E+02  0.00000000E+00
 -0.59008875E+02  0.00000000E+00
 -0.58998874E+02  0.00000000E+00
 -0.58988874E+02  0.00000000E+00
 -0.58978874E+02  0.00000000E+00
 -0.58968874E+02  0.00000000E+00
 -0.58958874E+02  0.00000000E+00
 -0.58948874E+02  0.00000000E+00
 -0.58938874E+02  0.00000000E+00
 -0.58928874E+02  0.00000000E+00
 -0.58918873E+02  0.00000000E+00
 -0.58908873E+02  0.00000000E+00
 -0.58898873E+02  0.00000000E+00
 -0.58888873E+02  0.00000000E+00
 -0.58878873E+02  0.00000000E+00
 -0.58868873E+02  0.00000000E+00
 -0.58858873E+02  0.00000000E+00
 -0.58848873E+02  0.00000000E+00
 -0.58838873E+02  0.00000000E+00
 -0.58828872E+02  0.00000000E+00
 -0.58818872E+02  0.00000000E+00
 -0.58808872E+02  0.00000000E+00
 -0.58798872E+02  0.00000000E+00
 -0.58788872E+02  0.00000000E+00
 -0.58778872E+02  0.00000000E+00
 -0.58768872E+02  0.00000000E+00
 -0.58758872E+02  0.00000000E+00
 -0.58748872E+02  0.00000000E+00
 -0.58738871E+02  0.00000000E+00
 -0.58728871E+02  0.00000000E+00
 -0.58718871E+02  0.00000000E+00
 -0.58708871E+02  0.00000000E+00
 -0.58698871E+02  0.00000000E+00
 -0.58688871E+02  0.00000000E+00
 -0.58678871E+02  0.00000000E+00
 -0.58668871E+02  0.00000000E+00
 -0.58658870E+02  0.00000000E+00
 -0.58648870E+02  0.00000000E+00
 -0.58638870E+02  0.00000000E+00
 -0.58628870E+02  0.00000000E+00
 -0.58618870E+02  0.00000000E+00
 -0.58608870E+02  0.00000000E+00
 -0.58598870E+02  0.00000000E+00
 -0.58588870E+02  0.00000000E+00
 -0.58578870E+02  0.00000000E+00
 -0.58568869E+02  0.00000000E+00
 -0.58558869E+02  0.00000000E+00
 -0.58548869E+02  0.00000000E+00
 -0.58538869E+02  0.00000000E+00
 -0.58528869E+02  0.00000000E+00
 -0.58518869E+02  0.00000000E+00
 -0.58508869E+02  0.00000000E+00
 -0.58498869E+02  0.00000000E+00
 -0.58488868E+02  0.00000000E+00
 -0.58478868E+02  0.00000000E+00
 -0.58468868E+02  0.00000000E+00
 -0.58458868E+02  0.00000000E+00
 -0.58448868E+02  0.00000000E+00
 -0.58438868E+02  0.00000000E+00
 -0.58428868E+02  0.00000000E+00
 -0.58418868E+02  0.00000000E+00
 -0.58408868E+02  0.00000000E+00
 -0.58398867E+02  0.00000000E+00
 -0.58388867E+02  0.00000000E+00
 -0.58378867E+02  0.00000000E+00
 -0.58368867E+02  0.00000000E+00
 -0.58358867E+02  0.00000000E+00
 -0.58348867E+02  0.00000000E+00
 -0.58338867E+02  0.00000000E+00
 -0.58328867E+02  0.00000000E+00
 -0.58318866E+02  0.00000000E+00
 -0.58308866E+02  0.00000000E+00
 -0.58298866E+02  0.00000000E+00
 -0.58288866E+02  0.00000000E+00
 -0.58278866E+02  0.00000000E+00
 -0.58268866E+02  0.00000000E+00
 -0.58258866E+02  0.00000000E+00
 -0.58248866E+02  0.00000000E+00
 -0.58238866E+02  0.00000000E+00
 -0.58228865E+02  0.00000000E+00
 -0.58218865E+02  0.00000000E+00
 -0.58208865E+02  0.00000000E+00
 -0.58198865E+02  0.00000000E+00
 -0.58188865E+02  0.00000000E+00
 -0.58178865E+02  0.00000000E+00
 -0.58168865E+02  0.00000000E+00
 -0.58158865E+02  0.00000000E+00
 -0.58148864E+02  0.00000000E+00
 -0.58138864E+02  0.00000000E+00
 -0.58128864E+02  0.00000000E+00
 -0.58118864E+02  0.00000000E+00
 -0.58108864E+02  0.00000000E+00
 -0.58098864E+02  0.00000000E+00
 -0.58088864E+02  0.00000000E+00
 -0.58078864E+02  0.00000000E+00
 -0.58068864E+02  0.00000000E+00
 -0.58058863E+02  0.00000000E+00
 -0.58048863E+02  0.00000000E+00
 -0.58038863E+02  0.00000000E+00
 -0.58028863E+02  0.00000000E+00
 -0.58018863E+02  0.00000000E+00
 -0.58008863E+02  0.00000000E+00
 -0.57998863E+02  0.00000000E+00
 -0.57988863E+02  0.00000000E+00
 -0.57978863E+02  0.00000000E+00
 -0.57968862E+02  0.00000000E+00
 -0.57958862E+02  0.00000000E+00
 -0.57948862E+02  0.00000000E+00
 -0.57938862E+02  0.00000000E+00
 -0.57928862E+02  0.00000000E+00
 -0.57918862E+02  0.00000000E+00
 -0.57908862E+02  0.00000000E+00
 -0.57898862E+02  0.00000000E+00
 -0.57888861E+02  0.00000000E+00
 -0.57878861E+02  0.00000000E+00
 -0.57868861E+02  0.00000000E+00
 -0.57858861E+02  0.00000000E+00
 -0.57848861E+02  0.00000000E+00
 -0.57838861E+02  0.00000000E+00
 -0.57828861E+02  0.00000000E+00
 -0.57818861E+02  0.00000000E+00
 -0.57808861E+02  0.00000000E+00
 -0.57798860E+02  0.00000000E+00
 -0.57788860E+02  0.00000000E+00
 -0.57778860E+02  0.00000000E+00
 -0.57768860E+02  0.00000000E+00
 -0.57758860E+02  0.00000000E+00
 -0.57748860E+02  0.00000000E+00
 -0.57738860E+02  0.00000000E+00
 -0.57728860E+02  0.00000000E+00
 -0.57718859E+02  0.00000000E+00
 -0.57708859E+02  0.00000000E+00
 -0.57698859E+02  0.00000000E+00
 -0.57688859E+02  0.00000000E+00
 -0.57678859E+02  0.00000000E+00
 -0.57668859E+02  0.00000000E+00
 -0.57658859E+02  0.00000000E+00
 -0.57648859E+02  0.00000000E+00
 -0.57638859E+02  0.00000000E+00
 -0.57628858E+02  0.00000000E+00
 -0.57618858E+02  0.00000000E+00
 -0.57608858E+02  0.00000000E+00
 -0.57598858E+02  0.00000000E+00
 -0.57588858E+02  0.00000000E+00
 -0.57578858E+02  0.00000000E+00
 -0.57568858E+02  0.00000000E+00
 -0.57558858E+02  0.00000000E+00
 -0.57548857E+02  0.00000000E+00
 -0.57538857E+02  0.00000000E+00
 -0.57528857E+02  0.00000000E+00
 -0.57518857E+02  0.00000000E+00
 -0.57508857E+02  0.00000000E+00
 -0.57498857E+02  0.00000000E+00
 -0.57488857E+02  0.00000000E+00
 -0.57478857E+02  0.00000000E+00
 -0.57468857E+02  0.00000000E+00
 -0.57458856E+02  0.00000000E+00
 -0.57448856E+02  0.00000000E+00
 -0.57438856E+02  0.00000000E+00
 -0.57428856E+02  0.00000000E+00
 -0.57418856E+02  0.00000000E+00
 -0.57408856E+02  0.00000000E+00
 -0.57398856E+02  0.00000000E+00
 -0.57388856E+02  0.00000000E+00
 -0.57378856E+02  0.00000000E+00
 -0.57368855E+02  0.00000000E+00
 -0.57358855E+02  0.00000000E+00
 -0.57348855E+02  0.00000000E+00
 -0.57338855E+02  0.00000000E+00
 -0.57328855E+02  0.00000000E+00
 -0.57318855E+02  0.00000000E+00
 -0.57308855E+02  0.00000000E+00
 -0.57298855E+02  0.00000000E+00
 -0.57288854E+02  0.00000000E+00
 -0.57278854E+02  0.00000000E+00
 -0.57268854E+02  0.00000000E+00
 -0.57258854E+02  0.00000000E+00
 -0.57248854E+02  0.00000000E+00
 -0.57238854E+02  0.00000000E+00
 -0.57228854E+02  0.00000000E+00
 -0.57218854E+02  0.00000000E+00
 -0.57208854E+02  0.00000000E+00
 -0.57198853E+02  0.00000000E+00
 -0.57188853E+02  0.00000000E+00
 -0.57178853E+02  0.00000000E+00
 -0.57168853E+02  0.00000000E+00
 -0.57158853E+02  0.00000000E+00
 -0.57148853E+02  0.00000000E+00
 -0.57138853E+02  0.00000000E+00
 -0.57128853E+02  0.00000000E+00
 -0.57118852E+02  0.00000000E+00
 -0.57108852E+02  0.00000000E+00
 -0.57098852E+02  0.00000000E+00
 -0.57088852E+02  0.00000000E+00
 -0.57078852E+02  0.00000000E+00
 -0.57068852E+02  0.00000000E+00
 -0.57058852E+02  0.00000000E+00
 -0.57048852E+02  0.00000000E+00
 -0.57038852E+02  0.00000000E+00
 -0.57028851E+02  0.00000000E+00
 -0.57018851E+02  0.00000000E+00
 -0.57008851E+02  0.00000000E+00
 -0.56998851E+02  0.00000000E+00
 -0.56988851E+02  0.00000000E+00
 -0.56978851E+02  0.00000000E+00
 -0.56968851E+02  0.00000000E+00
 -0.56958851E+02  0.00000000E+00
 -0.56948850E+02  0.00000000E+00
 -0.56938850E+02  0.00000000E+00
 -0.56928850E+02  0.00000000E+00
 -0.56918850E+02  0.00000000E+00
 -0.56908850E+02  0.00000000E+00
 -0.56898850E+02  0.00000000E+00
 -0.56888850E+02  0.00000000E+00
 -0.56878850E+02  0.00000000E+00
 -0.56868850E+02  0.00000000E+00
 -0.56858849E+02  0.00000000E+00
 -0.56848849E+02  0.00000000E+00
 -0.56838849E+02  0.00000000E+00
 -0.56828849E+02  0.00000000E+00
 -0.56818849E+02  0.00000000E+00
 -0.56808849E+02  0.00000000E+00
 -0.56798849E+02  0.00000000E+00
 -0.56788849E+02  0.00000000E+00
 -0.56778849E+02  0.00000000E+00
 -0.56768848E+02  0.00000000E+00
 -0.56758848E+02  0.00000000E+00
 -0.56748848E+02  0.00000000E+00
 -0.56738848E+02  0.00000000E+00
 -0.56728848E+02  0.00000000E+00
 -0.56718848E+02  0.00000000E+00
 -0.56708848E+02  0.00000000E+00
 -0.56698848E+02  0.00000000E+00
 -0.56688847E+02  0.00000000E+00
 -0.56678847E+02  0.00000000E+00
 -0.56668847E+02  0.00000000E+00
 -0.56658847E+02  0.00000000E+00
 -0.56648847E+02  0.00000000E+00
 -0.56638847E+02  0.00000000E+00
 -0.56628847E+02  0.00000000E+00
 -0.56618847E+02  0.00000000E+00
 -0.56608847E+02  0.00000000E+00
 -0.56598846E+02  0.00000000E+00
 -0.56588846E+02  0.00000000E+00
 -0.56578846E+02  0.00000000E+00
 -0.56568846E+02  0.00000000E+00
 -0.56558846E+02  0.00000000E+00
 -0.56548846E+02  0.00000000E+00
 -0.56538846E+02  0.00000000E+00
 -0.56528846E+02  0.00000000E+00
 -0.56518845E+02  0.00000000E+00
 -0.56508845E+02  0.00000000E+00
 -0.56498845E+02  0.00000000E+00
 -0.56488845E+02  0.00000000E+00
 -0.56478845E+02  0.00000000E+00
 -0.56468845E+02  0.00000000E+00
 -0.56458845E+02  0.00000000E+00
 -0.56448845E+02  0.00000000E+00
 -0.56438845E+02  0.00000000E+00
 -0.56428844E+02  0.00000000E+00
 -0.56418844E+02  0.00000000E+00
 -0.56408844E+02  0.00000000E+00
 -0.56398844E+02  0.00000000E+00
 -0.56388844E+02  0.00000000E+00
 -0.56378844E+02  0.00000000E+00
 -0.56368844E+02  0.00000000E+00
 -0.56358844E+02  0.00000000E+00
 -0.56348843E+02  0.00000000E+00
 -0.56338843E+02  0.00000000E+00
 -0.56328843E+02  0.00000000E+00
 -0.56318843E+02  0.00000000E+00
 -0.56308843E+02  0.00000000E+00
 -0.56298843E+02  0.00000000E+00
 -0.56288843E+02  0.00000000E+00
 -0.56278843E+02  0.00000000E+00
 -0.56268843E+02  0.00000000E+00
 -0.56258842E+02  0.00000000E+00
 -0.56248842E+02  0.00000000E+00
 -0.56238842E+02  0.00000000E+00
 -0.56228842E+02  0.00000000E+00
 -0.56218842E+02  0.00000000E+00
 -0.56208842E+02  0.00000000E+00
 -0.56198842E+02  0.00000000E+00
 -0.56188842E+02  0.00000000E+00
 -0.56178842E+02  0.00000000E+00
 -0.56168841E+02  0.00000000E+00
 -0.56158841E+02  0.00000000E+00
 -0.56148841E+02  0.00000000E+00
 -0.56138841E+02  0.00000000E+00
 -0.56128841E+02  0.00000000E+00
 -0.56118841E+02  0.00000000E+00
 -0.56108841E+02  0.00000000E+00
 -0.56098841E+02  0.00000000E+00
 -0.56088840E+02  0.00000000E+00
 -0.56078840E+02  0.00000000E+00
 -0.56068840E+02  0.00000000E+00
 -0.56058840E+02  0.00000000E+00
 -0.56048840E+02  0.00000000E+00
 -0.56038840E+02  0.00000000E+00
 -0.56028840E+02  0.00000000E+00
 -0.56018840E+02  0.00000000E+00
 -0.56008840E+02  0.00000000E+00
 -0.55998839E+02  0.00000000E+00
 -0.55988839E+02  0.00000000E+00
 -0.55978839E+02  0.00000000E+00
 -0.55968839E+02  0.00000000E+00
 -0.55958839E+02  0.00000000E+00
 -0.55948839E+02  0.00000000E+00
 -0.55938839E+02  0.00000000E+00
 -0.55928839E+02  0.00000000E+00
 -0.55918838E+02  0.00000000E+00
 -0.55908838E+02  0.00000000E+00
 -0.55898838E+02  0.00000000E+00
 -0.55888838E+02  0.00000000E+00
 -0.55878838E+02  0.00000000E+00
 -0.55868838E+02  0.00000000E+00
 -0.55858838E+02  0.00000000E+00
 -0.55848838E+02  0.00000000E+00
 -0.55838838E+02  0.00000000E+00
 -0.55828837E+02  0.00000000E+00
 -0.55818837E+02  0.00000000E+00
 -0.55808837E+02  0.00000000E+00
 -0.55798837E+02  0.00000000E+00
 -0.55788837E+02  0.00000000E+00
 -0.55778837E+02  0.00000000E+00
 -0.55768837E+02  0.00000000E+00
 -0.55758837E+02  0.00000000E+00
 -0.55748836E+02  0.00000000E+00
 -0.55738836E+02  0.00000000E+00
 -0.55728836E+02  0.00000000E+00
 -0.55718836E+02  0.00000000E+00
 -0.55708836E+02  0.00000000E+00
 -0.55698836E+02  0.00000000E+00
 -0.55688836E+02  0.00000000E+00
 -0.55678836E+02  0.00000000E+00
 -0.55668836E+02  0.00000000E+00
 -0.55658835E+02  0.00000000E+00
 -0.55648835E+02  0.00000000E+00
 -0.55638835E+02  0.00000000E+00
 -0.55628835E+02  0.00000000E+00
 -0.55618835E+02  0.00000000E+00
 -0.55608835E+02  0.00000000E+00
 -0.55598835E+02  0.00000000E+00
 -0.55588835E+02  0.00000000E+00
 -0.55578835E+02  0.00000000E+00
 -0.55568834E+02  0.00000000E+00
 -0.55558834E+02  0.00000000E+00
 -0.55548834E+02  0.00000000E+00
 -0.55538834E+02  0.00000000E+00
 -0.55528834E+02  0.00000000E+00
 -0.55518834E+02  0.00000000E+00
 -0.55508834E+02  0.00000000E+00
 -0.55498834E+02  0.00000000E+00
 -0.55488833E+02  0.00000000E+00
 -0.55478833E+02  0.00000000E+00
 -0.55468833E+02  0.00000000E+00
 -0.55458833E+02  0.00000000E+00
 -0.55448833E+02  0.00000000E+00
 -0.55438833E+02  0.00000000E+00
 -0.55428833E+02  0.00000000E+00
 -0.55418833E+02  0.00000000E+00
 -0.55408833E+02  0.00000000E+00
 -0.55398832E+02  0.00000000E+00
 -0.55388832E+02  0.00000000E+00
 -0.55378832E+02  0.00000000E+00
 -0.55368832E+02  0.00000000E+00
 -0.55358832E+02  0.00000000E+00
 -0.55348832E+02  0.00000000E+00
 -0.55338832E+02  0.00000000E+00
 -0.55328832E+02  0.00000000E+00
 -0.55318831E+02  0.00000000E+00
 -0.55308831E+02  0.00000000E+00
 -0.55298831E+02  0.00000000E+00
 -0.55288831E+02  0.00000000E+00
 -0.55278831E+02  0.00000000E+00
 -0.55268831E+02  0.00000000E+00
 -0.55258831E+02  0.00000000E+00
 -0.55248831E+02  0.00000000E+00
 -0.55238831E+02  0.00000000E+00
 -0.55228830E+02  0.00000000E+00
 -0.55218830E+02  0.00000000E+00
 -0.55208830E+02  0.00000000E+00
 -0.55198830E+02  0.00000000E+00
 -0.55188830E+02  0.00000000E+00
 -0.55178830E+02  0.00000000E+00
 -0.55168830E+02  0.00000000E+00
 -0.55158830E+02  0.00000000E+00
 -0.55148829E+02  0.00000000E+00
 -0.55138829E+02  0.00000000E+00
 -0.55128829E+02  0.00000000E+00
 -0.55118829E+02  0.00000000E+00
 -0.55108829E+02  0.00000000E+00
 -0.55098829E+02  0.00000000E+00
 -0.55088829E+02  0.00000000E+00
 -0.55078829E+02  0.00000000E+00
 -0.55068829E+02  0.00000000E+00
 -0.55058828E+02  0.00000000E+00
 -0.55048828E+02  0.00000000E+00
 -0.55038828E+02  0.00000000E+00
 -0.55028828E+02  0.00000000E+00
 -0.55018828E+02  0.00000000E+00
 -0.55008828E+02  0.00000000E+00
 -0.54998828E+02  0.00000000E+00
 -0.54988828E+02  0.00000000E+00
 -0.54978828E+02  0.00000000E+00
 -0.54968827E+02  0.00000000E+00
 -0.54958827E+02  0.00000000E+00
 -0.54948827E+02  0.00000000E+00
 -0.54938827E+02  0.00000000E+00
 -0.54928827E+02  0.00000000E+00
 -0.54918827E+02  0.00000000E+00
 -0.54908827E+02  0.00000000E+00
 -0.54898827E+02  0.00000000E+00
 -0.54888826E+02  0.00000000E+00
 -0.54878826E+02  0.00000000E+00
 -0.54868826E+02  0.00000000E+00
 -0.54858826E+02  0.00000000E+00
 -0.54848826E+02  0.00000000E+00
 -0.54838826E+02  0.00000000E+00
 -0.54828826E+02  0.00000000E+00
 -0.54818826E+02  0.00000000E+00
 -0.54808826E+02  0.00000000E+00
 -0.54798825E+02  0.00000000E+00
 -0.54788825E+02  0.00000000E+00
 -0.54778825E+02  0.00000000E+00
 -0.54768825E+02  0.00000000E+00
 -0.54758825E+02  0.00000000E+00
 -0.54748825E+02  0.00000000E+00
 -0.54738825E+02  0.00000000E+00
 -0.54728825E+02  0.00000000E+00
 -0.54718824E+02  0.00000000E+00
 -0.54708824E+02  0.00000000E+00
 -0.54698824E+02  0.00000000E+00
 -0.54688824E+02  0.00000000E+00
 -0.54678824E+02  0.00000000E+00
 -0.54668824E+02  0.00000000E+00
 -0.54658824E+02  0.00000000E+00
 -0.54648824E+02  0.00000000E+00
 -0.54638824E+02  0.00000000E+00
 -0.54628823E+02  0.00000000E+00
 -0.54618823E+02  0.00000000E+00
 -0.54608823E+02  0.00000000E+00
 -0.54598823E+02  0.00000000E+00
 -0.54588823E+02  0.00000000E+00
 -0.54578823E+02  0.00000000E+00
 -0.54568823E+02  0.00000000E+00
 -0.54558823E+02  0.00000000E+00
 -0.54548822E+02  0.00000000E+00
 -0.54538822E+02  0.00000000E+00
 -0.54528822E+02  0.00000000E+00
 -0.54518822E+02  0.00000000E+00
 -0.54508822E+02  0.00000000E+00
 -0.54498822E+02  0.00000000E+00
 -0.54488822E+02  0.00000000E+00
 -0.54478822E+02  0.00000000E+00
 -0.54468822E+02  0.00000000E+00
 -0.54458821E+02  0.00000000E+00
 -0.54448821E+02  0.00000000E+00
 -0.54438821E+02  0.00000000E+00
 -0.54428821E+02  0.00000000E+00
 -0.54418821E+02  0.00000000E+00
 -0.54408821E+02  0.00000000E+00
 -0.54398821E+02  0.00000000E+00
 -0.54388821E+02  0.00000000E+00
 -0.54378821E+02  0.00000000E+00
 -0.54368820E+02  0.00000000E+00
 -0.54358820E+02  0.00000000E+00
 -0.54348820E+02  0.00000000E+00
 -0.54338820E+02  0.00000000E+00
 -0.54328820E+02  0.00000000E+00
 -0.54318820E+02  0.00000000E+00
 -0.54308820E+02  0.00000000E+00
 -0.54298820E+02  0.00000000E+00
 -0.54288819E+02  0.00000000E+00
 -0.54278819E+02  0.00000000E+00
 -0.54268819E+02  0.00000000E+00
 -0.54258819E+02  0.00000000E+00
 -0.54248819E+02  0.00000000E+00
 -0.54238819E+02  0.00000000E+00
 -0.54228819E+02  0.00000000E+00
 -0.54218819E+02  0.00000000E+00
 -0.54208819E+02  0.00000000E+00
 -0.54198818E+02  0.00000000E+00
 -0.54188818E+02  0.00000000E+00
 -0.54178818E+02  0.00000000E+00
 -0.54168818E+02  0.00000000E+00
 -0.54158818E+02  0.00000000E+00
 -0.54148818E+02  0.00000000E+00
 -0.54138818E+02  0.00000000E+00
 -0.54128818E+02  0.00000000E+00
 -0.54118817E+02  0.00000000E+00
 -0.54108817E+02  0.00000000E+00
 -0.54098817E+02  0.00000000E+00
 -0.54088817E+02  0.00000000E+00
 -0.54078817E+02  0.00000000E+00
 -0.54068817E+02  0.00000000E+00
 -0.54058817E+02  0.00000000E+00
 -0.54048817E+02  0.00000000E+00
 -0.54038817E+02  0.00000000E+00
 -0.54028816E+02  0.00000000E+00
 -0.54018816E+02  0.00000000E+00
 -0.54008816E+02  0.00000000E+00
 -0.53998816E+02  0.00000000E+00
 -0.53988816E+02  0.00000000E+00
 -0.53978816E+02  0.00000000E+00
 -0.53968816E+02  0.00000000E+00
 -0.53958816E+02  0.00000000E+00
 -0.53948815E+02  0.00000000E+00
 -0.53938815E+02  0.00000000E+00
 -0.53928815E+02  0.00000000E+00
 -0.53918815E+02  0.00000000E+00
 -0.53908815E+02  0.00000000E+00
 -0.53898815E+02  0.00000000E+00
 -0.53888815E+02  0.00000000E+00
 -0.53878815E+02  0.00000000E+00
 -0.53868815E+02  0.00000000E+00
 -0.53858814E+02  0.00000000E+00
 -0.53848814E+02  0.00000000E+00
 -0.53838814E+02  0.00000000E+00
 -0.53828814E+02  0.00000000E+00
 -0.53818814E+02  0.00000000E+00
 -0.53808814E+02  0.00000000E+00
 -0.53798814E+02  0.00000000E+00
 -0.53788814E+02  0.00000000E+00
 -0.53778814E+02  0.00000000E+00
 -0.53768813E+02  0.00000000E+00
 -0.53758813E+02  0.00000000E+00
 -0.53748813E+02  0.00000000E+00
 -0.53738813E+02  0.00000000E+00
 -0.53728813E+02  0.00000000E+00
 -0.53718813E+02  0.00000000E+00
 -0.53708813E+02  0.00000000E+00
 -0.53698813E+02  0.00000000E+00
 -0.53688812E+02  0.00000000E+00
 -0.53678812E+02  0.00000000E+00
 -0.53668812E+02  0.00000000E+00
 -0.53658812E+02  0.00000000E+00
 -0.53648812E+02  0.00000000E+00
 -0.53638812E+02  0.00000000E+00
 -0.53628812E+02  0.00000000E+00
 -0.53618812E+02  0.00000000E+00
 -0.53608812E+02  0.00000000E+00
 -0.53598811E+02  0.00000000E+00
 -0.53588811E+02  0.00000000E+00
 -0.53578811E+02  0.00000000E+00
 -0.53568811E+02  0.00000000E+00
 -0.53558811E+02  0.00000000E+00
 -0.53548811E+02  0.00000000E+00
 -0.53538811E+02  0.00000000E+00
 -0.53528811E+02  0.00000000E+00
 -0.53518810E+02  0.00000000E+00
 -0.53508810E+02  0.00000000E+00
 -0.53498810E+02  0.00000000E+00
 -0.53488810E+02  0.00000000E+00
 -0.53478810E+02  0.00000000E+00
 -0.53468810E+02  0.00000000E+00
 -0.53458810E+02  0.00000000E+00
 -0.53448810E+02  0.00000000E+00
 -0.53438810E+02  0.00000000E+00
 -0.53428809E+02  0.00000000E+00
 -0.53418809E+02  0.00000000E+00
 -0.53408809E+02  0.00000000E+00
 -0.53398809E+02  0.00000000E+00
 -0.53388809E+02  0.00000000E+00
 -0.53378809E+02  0.00000000E+00
 -0.53368809E+02  0.00000000E+00
 -0.53358809E+02  0.00000000E+00
 -0.53348808E+02  0.00000000E+00
 -0.53338808E+02  0.00000000E+00
 -0.53328808E+02  0.00000000E+00
 -0.53318808E+02  0.00000000E+00
 -0.53308808E+02  0.00000000E+00
 -0.53298808E+02  0.00000000E+00
 -0.53288808E+02  0.00000000E+00
 -0.53278808E+02  0.00000000E+00
 -0.53268808E+02  0.00000000E+00
 -0.53258807E+02  0.00000000E+00
 -0.53248807E+02  0.00000000E+00
 -0.53238807E+02  0.00000000E+00
 -0.53228807E+02  0.00000000E+00
 -0.53218807E+02  0.00000000E+00
 -0.53208807E+02  0.00000000E+00
 -0.53198807E+02  0.00000000E+00
 -0.53188807E+02  0.00000000E+00
 -0.53178807E+02  0.00000000E+00
 -0.53168806E+02  0.00000000E+00
 -0.53158806E+02  0.00000000E+00
 -0.53148806E+02  0.00000000E+00
 -0.53138806E+02  0.00000000E+00
 -0.53128806E+02  0.00000000E+00
 -0.53118806E+02  0.00000000E+00
 -0.53108806E+02  0.00000000E+00
 -0.53098806E+02  0.00000000E+00
 -0.53088805E+02  0.00000000E+00
 -0.53078805E+02  0.00000000E+00
 -0.53068805E+02  0.00000000E+00
 -0.53058805E+02  0.00000000E+00
 -0.53048805E+02  0.00000000E+00
 -0.53038805E+02  0.00000000E+00
 -0.53028805E+02  0.00000000E+00
 -0.53018805E+02  0.00000000E+00
 -0.53008805E+02  0.00000000E+00
 -0.52998804E+02  0.00000000E+00
 -0.52988804E+02  0.00000000E+00
 -0.52978804E+02  0.00000000E+00
 -0.52968804E+02  0.00000000E+00
 -0.52958804E+02  0.00000000E+00
 -0.52948804E+02  0.00000000E+00
 -0.52938804E+02  0.00000000E+00
 -0.52928804E+02  0.00000000E+00
 -0.52918803E+02  0.00000000E+00
 -0.52908803E+02  0.00000000E+00
 -0.52898803E+02  0.00000000E+00
 -0.52888803E+02  0.00000000E+00
 -0.52878803E+02  0.00000000E+00
 -0.52868803E+02  0.00000000E+00
 -0.52858803E+02  0.00000000E+00
 -0.52848803E+02  0.00000000E+00
 -0.52838803E+02  0.00000000E+00
 -0.52828802E+02  0.00000000E+00
 -0.52818802E+02  0.00000000E+00
 -0.52808802E+02  0.00000000E+00
 -0.52798802E+02  0.00000000E+00
 -0.52788802E+02  0.00000000E+00
 -0.52778802E+02  0.00000000E+00
 -0.52768802E+02  0.00000000E+00
 -0.52758802E+02  0.00000000E+00
 -0.52748801E+02  0.00000000E+00
 -0.52738801E+02  0.00000000E+00
 -0.52728801E+02  0.00000000E+00
 -0.52718801E+02  0.00000000E+00
 -0.52708801E+02  0.00000000E+00
 -0.52698801E+02  0.00000000E+00
 -0.52688801E+02  0.00000000E+00
 -0.52678801E+02  0.00000000E+00
 -0.52668801E+02  0.00000000E+00
 -0.52658800E+02  0.00000000E+00
 -0.52648800E+02  0.00000000E+00
 -0.52638800E+02  0.00000000E+00
 -0.52628800E+02  0.00000000E+00
 -0.52618800E+02  0.00000000E+00
 -0.52608800E+02  0.00000000E+00
 -0.52598800E+02  0.00000000E+00
 -0.52588800E+02  0.00000000E+00
 -0.52578800E+02  0.00000000E+00
 -0.52568799E+02  0.00000000E+00
 -0.52558799E+02  0.00000000E+00
 -0.52548799E+02  0.00000000E+00
 -0.52538799E+02  0.00000000E+00
 -0.52528799E+02  0.00000000E+00
 -0.52518799E+02  0.00000000E+00
 -0.52508799E+02  0.00000000E+00
 -0.52498799E+02  0.00000000E+00
 -0.52488798E+02  0.00000000E+00
 -0.52478798E+02  0.00000000E+00
 -0.52468798E+02  0.00000000E+00
 -0.52458798E+02  0.00000000E+00
 -0.52448798E+02  0.00000000E+00
 -0.52438798E+02  0.00000000E+00
 -0.52428798E+02  0.00000000E+00
 -0.52418798E+02  0.00000000E+00
 -0.52408798E+02  0.00000000E+00
 -0.52398797E+02  0.00000000E+00
 -0.52388797E+02  0.00000000E+00
 -0.52378797E+02  0.00000000E+00
 -0.52368797E+02  0.00000000E+00
 -0.52358797E+02  0.00000000E+00
 -0.52348797E+02  0.00000000E+00
 -0.52338797E+02  0.00000000E+00
 -0.52328797E+02  0.00000000E+00
 -0.52318796E+02  0.00000000E+00
 -0.52308796E+02  0.00000000E+00
 -0.52298796E+02  0.00000000E+00
 -0.52288796E+02  0.00000000E+00
 -0.52278796E+02  0.00000000E+00
 -0.52268796E+02  0.00000000E+00
 -0.52258796E+02  0.00000000E+00
 -0.52248796E+02  0.00000000E+00
 -0.52238796E+02  0.00000000E+00
 -0.52228795E+02  0.00000000E+00
 -0.52218795E+02  0.00000000E+00
 -0.52208795E+02  0.00000000E+00
 -0.52198795E+02  0.00000000E+00
 -0.52188795E+02  0.00000000E+00
 -0.52178795E+02  0.00000000E+00
 -0.52168795E+02  0.00000000E+00
 -0.52158795E+02  0.00000000E+00
 -0.52148794E+02  0.00000000E+00
 -0.52138794E+02  0.00000000E+00
 -0.52128794E+02  0.00000000E+00
 -0.52118794E+02  0.00000000E+00
 -0.52108794E+02  0.00000000E+00
 -0.52098794E+02  0.00000000E+00
 -0.52088794E+02  0.00000000E+00
 -0.52078794E+02  0.00000000E+00
 -0.52068794E+02  0.00000000E+00
 -0.52058793E+02  0.00000000E+00
 -0.52048793E+02  0.00000000E+00
 -0.52038793E+02  0.00000000E+00
 -0.52028793E+02  0.00000000E+00
 -0.52018793E+02  0.00000000E+00
 -0.52008793E+02  0.00000000E+00
 -0.51998793E+02  0.00000000E+00
 -0.51988793E+02  0.00000000E+00
 -0.51978793E+02  0.00000000E+00
 -0.51968792E+02  0.00000000E+00
 -0.51958792E+02  0.00000000E+00
 -0.51948792E+02  0.00000000E+00
 -0.51938792E+02  0.00000000E+00
 -0.51928792E+02  0.00000000E+00
 -0.51918792E+02  0.00000000E+00
 -0.51908792E+02  0.00000000E+00
 -0.51898792E+02  0.00000000E+00
 -0.51888791E+02  0.00000000E+00
 -0.51878791E+02  0.00000000E+00
 -0.51868791E+02  0.00000000E+00
 -0.51858791E+02  0.00000000E+00
 -0.51848791E+02  0.00000000E+00
 -0.51838791E+02  0.00000000E+00
 -0.51828791E+02  0.00000000E+00
 -0.51818791E+02  0.00000000E+00
 -0.51808791E+02  0.00000000E+00
 -0.51798790E+02  0.00000000E+00
 -0.51788790E+02  0.00000000E+00
 -0.51778790E+02  0.00000000E+00
 -0.51768790E+02  0.00000000E+00
 -0.51758790E+02  0.00000000E+00
 -0.51748790E+02  0.00000000E+00
 -0.51738790E+02  0.00000000E+00
 -0.51728790E+02  0.00000000E+00
 -0.51718789E+02  0.00000000E+00
 -0.51708789E+02  0.00000000E+00
 -0.51698789E+02  0.00000000E+00
 -0.51688789E+02  0.00000000E+00
 -0.51678789E+02  0.00000000E+00
 -0.51668789E+02  0.00000000E+00
 -0.51658789E+02  0.00000000E+00
 -0.51648789E+02  0.00000000E+00
 -0.51638789E+02  0.00000000E+00
 -0.51628788E+02  0.00000000E+00
 -0.51618788E+02  0.00000000E+00
 -0.51608788E+02  0.00000000E+00
 -0.51598788E+02  0.00000000E+00
 -0.51588788E+02  0.00000000E+00
 -0.51578788E+02  0.00000000E+00
 -0.51568788E+02  0.00000000E+00
 -0.51558788E+02  0.00000000E+00
 -0.51548787E+02  0.00000000E+00
 -0.51538787E+02  0.00000000E+00
 -0.51528787E+02  0.00000000E+00
 -0.51518787E+02  0.00000000E+00
 -0.51508787E+02  0.00000000E+00
 -0.51498787E+02  0.00000000E+00
 -0.51488787E+02  0.00000000E+00
 -0.51478787E+02  0.00000000E+00
 -0.51468787E+02  0.00000000E+00
 -0.51458786E+02  0.00000000E+00
 -0.51448786E+02  0.00000000E+00
 -0.51438786E+02  0.00000000E+00
 -0.51428786E+02  0.00000000E+00
 -0.51418786E+02  0.00000000E+00
 -0.51408786E+02  0.00000000E+00
 -0.51398786E+02  0.00000000E+00
 -0.51388786E+02  0.00000000E+00
 -0.51378786E+02  0.00000000E+00
 -0.51368785E+02  0.00000000E+00
 -0.51358785E+02  0.00000000E+00
 -0.51348785E+02  0.00000000E+00
 -0.51338785E+02  0.00000000E+00
 -0.51328785E+02  0.00000000E+00
 -0.51318785E+02  0.00000000E+00
 -0.51308785E+02  0.00000000E+00
 -0.51298785E+02  0.00000000E+00
 -0.51288784E+02  0.00000000E+00
 -0.51278784E+02  0.00000000E+00
 -0.51268784E+02  0.00000000E+00
 -0.51258784E+02  0.00000000E+00
 -0.51248784E+02  0.00000000E+00
 -0.51238784E+02  0.00000000E+00
 -0.51228784E+02  0.00000000E+00
 -0.51218784E+02  0.00000000E+00
 -0.51208784E+02  0.00000000E+00
 -0.51198783E+02  0.00000000E+00
 -0.51188783E+02  0.00000000E+00
 -0.51178783E+02  0.00000000E+00
 -0.51168783E+02  0.00000000E+00
 -0.51158783E+02  0.00000000E+00
 -0.51148783E+02  0.00000000E+00
 -0.51138783E+02  0.00000000E+00
 -0.51128783E+02  0.00000000E+00
 -0.51118782E+02  0.00000000E+00
 -0.51108782E+02  0.00000000E+00
 -0.51098782E+02  0.00000000E+00
 -0.51088782E+02  0.00000000E+00
 -0.51078782E+02  0.00000000E+00
 -0.51068782E+02  0.00000000E+00
 -0.51058782E+02  0.00000000E+00
 -0.51048782E+02  0.00000000E+00
 -0.51038782E+02  0.00000000E+00
 -0.51028781E+02  0.00000000E+00
 -0.51018781E+02  0.00000000E+00
 -0.51008781E+02  0.00000000E+00
 -0.50998781E+02  0.00000000E+00
 -0.50988781E+02  0.00000000E+00
 -0.50978781E+02  0.00000000E+00
 -0.50968781E+02  0.00000000E+00
 -0.50958781E+02  0.00000000E+00
 -0.50948780E+02  0.00000000E+00
 -0.50938780E+02  0.00000000E+00
 -0.50928780E+02  0.00000000E+00
 -0.50918780E+02  0.00000000E+00
 -0.50908780E+02  0.00000000E+00
 -0.50898780E+02  0.00000000E+00
 -0.50888780E+02  0.00000000E+00
 -0.50878780E+02  0.00000000E+00
 -0.50868780E+02  0.00000000E+00
 -0.50858779E+02  0.00000000E+00
 -0.50848779E+02  0.00000000E+00
 -0.50838779E+02  0.00000000E+00
 -0.50828779E+02  0.00000000E+00
 -0.50818779E+02  0.00000000E+00
 -0.50808779E+02  0.00000000E+00
 -0.50798779E+02  0.00000000E+00
 -0.50788779E+02  0.00000000E+00
 -0.50778778E+02  0.00000000E+00
 -0.50768778E+02  0.00000000E+00
 -0.50758778E+02  0.00000000E+00
 -0.50748778E+02  0.00000000E+00
 -0.50738778E+02  0.00000000E+00
 -0.50728778E+02  0.00000000E+00
 -0.50718778E+02  0.00000000E+00
 -0.50708778E+02  0.00000000E+00
 -0.50698778E+02  0.00000000E+00
 -0.50688777E+02  0.00000000E+00
 -0.50678777E+02  0.00000000E+00
 -0.50668777E+02  0.00000000E+00
 -0.50658777E+02  0.00000000E+00
 -0.50648777E+02  0.00000000E+00
 -0.50638777E+02  0.00000000E+00
 -0.50628777E+02  0.00000000E+00
 -0.50618777E+02  0.00000000E+00
 -0.50608777E+02  0.00000000E+00
 -0.50598776E+02  0.00000000E+00
 -0.50588776E+02  0.00000000E+00
 -0.50578776E+02  0.00000000E+00
 -0.50568776E+02  0.00000000E+00
 -0.50558776E+02  0.00000000E+00
 -0.50548776E+02  0.00000000E+00
 -0.50538776E+02  0.00000000E+00
 -0.50528776E+02  0.00000000E+00
 -0.50518775E+02  0.00000000E+00
 -0.50508775E+02  0.00000000E+00
 -0.50498775E+02  0.00000000E+00
 -0.50488775E+02  0.00000000E+00
 -0.50478775E+02  0.00000000E+00
 -0.50468775E+02  0.00000000E+00
 -0.50458775E+02  0.00000000E+00
 -0.50448775E+02  0.00000000E+00
 -0.50438775E+02  0.00000000E+00
 -0.50428774E+02  0.00000000E+00
 -0.50418774E+02  0.00000000E+00
 -0.50408774E+02  0.00000000E+00
 -0.50398774E+02  0.00000000E+00
 -0.50388774E+02  0.00000000E+00
 -0.50378774E+02  0.00000000E+00
 -0.50368774E+02  0.00000000E+00
 -0.50358774E+02  0.00000000E+00
 -0.50348773E+02  0.00000000E+00
 -0.50338773E+02  0.00000000E+00
 -0.50328773E+02  0.00000000E+00
 -0.50318773E+02  0.00000000E+00
 -0.50308773E+02  0.00000000E+00
 -0.50298773E+02  0.00000000E+00
 -0.50288773E+02  0.00000000E+00
 -0.50278773E+02  0.00000000E+00
 -0.50268773E+02  0.00000000E+00
 -0.50258772E+02  0.00000000E+00
 -0.50248772E+02  0.00000000E+00
 -0.50238772E+02  0.00000000E+00
 -0.50228772E+02  0.00000000E+00
 -0.50218772E+02  0.00000000E+00
 -0.50208772E+02  0.00000000E+00
 -0.50198772E+02  0.00000000E+00
 -0.50188772E+02  0.00000000E+00
 -0.50178771E+02  0.00000000E+00
 -0.50168771E+02  0.00000000E+00
 -0.50158771E+02  0.00000000E+00
 -0.50148771E+02  0.00000000E+00
 -0.50138771E+02  0.00000000E+00
 -0.50128771E+02  0.00000000E+00
 -0.50118771E+02  0.00000000E+00
 -0.50108771E+02  0.00000000E+00
 -0.50098771E+02  0.00000000E+00
 -0.50088770E+02  0.00000000E+00
 -0.50078770E+02  0.00000000E+00
 -0.50068770E+02  0.00000000E+00
 -0.50058770E+02  0.00000000E+00
 -0.50048770E+02  0.00000000E+00
 -0.50038770E+02  0.00000000E+00
 -0.50028770E+02  0.00000000E+00
 -0.50018770E+02  0.00000000E+00
 -0.50008770E+02  0.00000000E+00
 -0.49998769E+02  0.00000000E+00
 -0.49988769E+02  0.00000000E+00
 -0.49978769E+02  0.00000000E+00
 -0.49968769E+02  0.00000000E+00
 -0.49958769E+02  0.00000000E+00
 -0.49948769E+02  0.00000000E+00
 -0.49938769E+02  0.00000000E+00
 -0.49928769E+02  0.00000000E+00
 -0.49918768E+02  0.00000000E+00
 -0.49908768E+02  0.00000000E+00
 -0.49898768E+02  0.00000000E+00
 -0.49888768E+02  0.00000000E+00
 -0.49878768E+02  0.00000000E+00
 -0.49868768E+02  0.00000000E+00
 -0.49858768E+02  0.00000000E+00
 -0.49848768E+02  0.00000000E+00
 -0.49838768E+02  0.00000000E+00
 -0.49828767E+02  0.00000000E+00
 -0.49818767E+02  0.00000000E+00
 -0.49808767E+02  0.00000000E+00
 -0.49798767E+02  0.00000000E+00
 -0.49788767E+02  0.00000000E+00
 -0.49778767E+02  0.00000000E+00
 -0.49768767E+02  0.00000000E+00
 -0.49758767E+02  0.00000000E+00
 -0.49748766E+02  0.00000000E+00
 -0.49738766E+02  0.00000000E+00
 -0.49728766E+02  0.00000000E+00
 -0.49718766E+02  0.00000000E+00
 -0.49708766E+02  0.00000000E+00
 -0.49698766E+02  0.00000000E+00
 -0.49688766E+02  0.00000000E+00
 -0.49678766E+02  0.00000000E+00
 -0.49668766E+02  0.00000000E+00
 -0.49658765E+02  0.00000000E+00
 -0.49648765E+02  0.00000000E+00
 -0.49638765E+02  0.00000000E+00
 -0.49628765E+02  0.00000000E+00
 -0.49618765E+02  0.00000000E+00
 -0.49608765E+02  0.00000000E+00
 -0.49598765E+02  0.00000000E+00
 -0.49588765E+02  0.00000000E+00
 -0.49578764E+02  0.00000000E+00
 -0.49568764E+02  0.00000000E+00
 -0.49558764E+02  0.00000000E+00
 -0.49548764E+02  0.00000000E+00
 -0.49538764E+02  0.00000000E+00
 -0.49528764E+02  0.00000000E+00
 -0.49518764E+02  0.00000000E+00
 -0.49508764E+02  0.00000000E+00
 -0.49498764E+02  0.00000000E+00
 -0.49488763E+02  0.00000000E+00
 -0.49478763E+02  0.00000000E+00
 -0.49468763E+02  0.00000000E+00
 -0.49458763E+02  0.00000000E+00
 -0.49448763E+02  0.00000000E+00
 -0.49438763E+02  0.00000000E+00
 -0.49428763E+02  0.00000000E+00
 -0.49418763E+02  0.00000000E+00
 -0.49408763E+02  0.00000000E+00
 -0.49398762E+02  0.00000000E+00
 -0.49388762E+02  0.00000000E+00
 -0.49378762E+02  0.00000000E+00
 -0.49368762E+02  0.00000000E+00
 -0.49358762E+02  0.00000000E+00
 -0.49348762E+02  0.00000000E+00
 -0.49338762E+02  0.00000000E+00
 -0.49328762E+02  0.00000000E+00
 -0.49318761E+02  0.00000000E+00
 -0.49308761E+02  0.00000000E+00
 -0.49298761E+02  0.00000000E+00
 -0.49288761E+02  0.00000000E+00
 -0.49278761E+02  0.00000000E+00
 -0.49268761E+02  0.00000000E+00
 -0.49258761E+02  0.00000000E+00
 -0.49248761E+02  0.00000000E+00
 -0.49238761E+02  0.00000000E+00
 -0.49228760E+02  0.00000000E+00
 -0.49218760E+02  0.00000000E+00
 -0.49208760E+02  0.00000000E+00
 -0.49198760E+02  0.00000000E+00
 -0.49188760E+02  0.00000000E+00
 -0.49178760E+02  0.00000000E+00
 -0.49168760E+02  0.00000000E+00
 -0.49158760E+02  0.00000000E+00
 -0.49148759E+02  0.00000000E+00
 -0.49138759E+02  0.00000000E+00
 -0.49128759E+02  0.00000000E+00
 -0.49118759E+02  0.00000000E+00
 -0.49108759E+02  0.00000000E+00
 -0.49098759E+02  0.00000000E+00
 -0.49088759E+02  0.00000000E+00
 -0.49078759E+02  0.00000000E+00
 -0.49068759E+02  0.00000000E+00
 -0.49058758E+02  0.00000000E+00
 -0.49048758E+02  0.00000000E+00
 -0.49038758E+02  0.00000000E+00
 -0.49028758E+02  0.00000000E+00
 -0.49018758E+02  0.00000000E+00
 -0.49008758E+02  0.00000000E+00
 -0.48998758E+02  0.00000000E+00
 -0.48988758E+02  0.00000000E+00
 -0.48978757E+02  0.00000000E+00
 -0.48968757E+02  0.00000000E+00
 -0.48958757E+02  0.00000000E+00
 -0.48948757E+02  0.00000000E+00
 -0.48938757E+02  0.00000000E+00
 -0.48928757E+02  0.00000000E+00
 -0.48918757E+02  0.00000000E+00
 -0.48908757E+02  0.00000000E+00
 -0.48898757E+02  0.00000000E+00
 -0.48888756E+02  0.00000000E+00
 -0.48878756E+02  0.00000000E+00
 -0.48868756E+02  0.00000000E+00
 -0.48858756E+02  0.00000000E+00
 -0.48848756E+02  0.00000000E+00
 -0.48838756E+02  0.00000000E+00
 -0.48828756E+02  0.00000000E+00
 -0.48818756E+02  0.00000000E+00
 -0.48808756E+02  0.00000000E+00
 -0.48798755E+02  0.00000000E+00
 -0.48788755E+02  0.00000000E+00
 -0.48778755E+02  0.00000000E+00
 -0.48768755E+02  0.00000000E+00
 -0.48758755E+02  0.00000000E+00
 -0.48748755E+02  0.00000000E+00
 -0.48738755E+02  0.00000000E+00
 -0.48728755E+02  0.00000000E+00
 -0.48718754E+02  0.00000000E+00
 -0.48708754E+02  0.00000000E+00
 -0.48698754E+02  0.00000000E+00
 -0.48688754E+02  0.00000000E+00
 -0.48678754E+02  0.00000000E+00
 -0.48668754E+02  0.00000000E+00
 -0.48658754E+02  0.00000000E+00
 -0.48648754E+02  0.00000000E+00
 -0.48638754E+02  0.00000000E+00
 -0.48628753E+02  0.00000000E+00
 -0.48618753E+02  0.00000000E+00
 -0.48608753E+02  0.00000000E+00
 -0.48598753E+02  0.00000000E+00
 -0.48588753E+02  0.00000000E+00
 -0.48578753E+02  0.00000000E+00
 -0.48568753E+02  0.00000000E+00
 -0.48558753E+02  0.00000000E+00
 -0.48548752E+02  0.00000000E+00
 -0.48538752E+02  0.00000000E+00
 -0.48528752E+02  0.00000000E+00
 -0.48518752E+02  0.00000000E+00
 -0.48508752E+02  0.00000000E+00
 -0.48498752E+02  0.00000000E+00
 -0.48488752E+02  0.00000000E+00
 -0.48478752E+02  0.00000000E+00
 -0.48468752E+02  0.00000000E+00
 -0.48458751E+02  0.00000000E+00
 -0.48448751E+02  0.00000000E+00
 -0.48438751E+02  0.00000000E+00
 -0.48428751E+02  0.00000000E+00
 -0.48418751E+02  0.00000000E+00
 -0.48408751E+02  0.00000000E+00
 -0.48398751E+02  0.00000000E+00
 -0.48388751E+02  0.00000000E+00
 -0.48378750E+02  0.00000000E+00
 -0.48368750E+02  0.00000000E+00
 -0.48358750E+02  0.00000000E+00
 -0.48348750E+02  0.00000000E+00
 -0.48338750E+02  0.00000000E+00
 -0.48328750E+02  0.00000000E+00
 -0.48318750E+02  0.00000000E+00
 -0.48308750E+02  0.00000000E+00
 -0.48298750E+02  0.00000000E+00
 -0.48288749E+02  0.00000000E+00
 -0.48278749E+02  0.00000000E+00
 -0.48268749E+02  0.00000000E+00
 -0.48258749E+02  0.00000000E+00
 -0.48248749E+02  0.00000000E+00
 -0.48238749E+02  0.00000000E+00
 -0.48228749E+02  0.00000000E+00
 -0.48218749E+02  0.00000000E+00
 -0.48208749E+02  0.00000000E+00
 -0.48198748E+02  0.00000000E+00
 -0.48188748E+02  0.00000000E+00
 -0.48178748E+02  0.00000000E+00
 -0.48168748E+02  0.00000000E+00
 -0.48158748E+02  0.00000000E+00
 -0.48148748E+02  0.00000000E+00
 -0.48138748E+02  0.00000000E+00
 -0.48128748E+02  0.00000000E+00
 -0.48118747E+02  0.00000000E+00
 -0.48108747E+02  0.00000000E+00
 -0.48098747E+02  0.00000000E+00
 -0.48088747E+02  0.00000000E+00
 -0.48078747E+02  0.00000000E+00
 -0.48068747E+02  0.00000000E+00
 -0.48058747E+02  0.00000000E+00
 -0.48048747E+02  0.00000000E+00
 -0.48038747E+02  0.00000000E+00
 -0.48028746E+02  0.00000000E+00
 -0.48018746E+02  0.00000000E+00
 -0.48008746E+02  0.00000000E+00
 -0.47998746E+02  0.00000000E+00
 -0.47988746E+02  0.00000000E+00
 -0.47978746E+02  0.00000000E+00
 -0.47968746E+02  0.00000000E+00
 -0.47958746E+02  0.00000000E+00
 -0.47948745E+02  0.00000000E+00
 -0.47938745E+02  0.00000000E+00
 -0.47928745E+02  0.00000000E+00
 -0.47918745E+02  0.00000000E+00
 -0.47908745E+02  0.00000000E+00
 -0.47898745E+02  0.00000000E+00
 -0.47888745E+02  0.00000000E+00
 -0.47878745E+02  0.00000000E+00
 -0.47868745E+02  0.00000000E+00
 -0.47858744E+02  0.00000000E+00
 -0.47848744E+02  0.00000000E+00
 -0.47838744E+02  0.00000000E+00
 -0.47828744E+02  0.00000000E+00
 -0.47818744E+02  0.00000000E+00
 -0.47808744E+02  0.00000000E+00
 -0.47798744E+02  0.00000000E+00
 -0.47788744E+02  0.00000000E+00
 -0.47778743E+02  0.00000000E+00
 -0.47768743E+02  0.00000000E+00
 -0.47758743E+02  0.00000000E+00
 -0.47748743E+02  0.00000000E+00
 -0.47738743E+02  0.00000000E+00
 -0.47728743E+02  0.00000000E+00
 -0.47718743E+02  0.00000000E+00
 -0.47708743E+02  0.00000000E+00
 -0.47698743E+02  0.00000000E+00
 -0.47688742E+02  0.00000000E+00
 -0.47678742E+02  0.00000000E+00
 -0.47668742E+02  0.00000000E+00
 -0.47658742E+02  0.00000000E+00
 -0.47648742E+02  0.00000000E+00
 -0.47638742E+02  0.00000000E+00
 -0.47628742E+02  0.00000000E+00
 -0.47618742E+02  0.00000000E+00
 -0.47608742E+02  0.00000000E+00
 -0.47598741E+02  0.00000000E+00
 -0.47588741E+02  0.00000000E+00
 -0.47578741E+02  0.00000000E+00
 -0.47568741E+02  0.00000000E+00
 -0.47558741E+02  0.00000000E+00
 -0.47548741E+02  0.00000000E+00
 -0.47538741E+02  0.00000000E+00
 -0.47528741E+02  0.00000000E+00
 -0.47518740E+02  0.00000000E+00
 -0.47508740E+02  0.00000000E+00
 -0.47498740E+02  0.00000000E+00
 -0.47488740E+02  0.00000000E+00
 -0.47478740E+02  0.00000000E+00
 -0.47468740E+02  0.00000000E+00
 -0.47458740E+02  0.00000000E+00
 -0.47448740E+02  0.00000000E+00
 -0.47438740E+02  0.00000000E+00
 -0.47428739E+02  0.00000000E+00
 -0.47418739E+02  0.00000000E+00
 -0.47408739E+02  0.00000000E+00
 -0.47398739E+02  0.00000000E+00
 -0.47388739E+02  0.00000000E+00
 -0.47378739E+02  0.00000000E+00
 -0.47368739E+02  0.00000000E+00
 -0.47358739E+02  0.00000000E+00
 -0.47348738E+02  0.00000000E+00
 -0.47338738E+02  0.00000000E+00
 -0.47328738E+02  0.00000000E+00
 -0.47318738E+02  0.00000000E+00
 -0.47308738E+02  0.00000000E+00
 -0.47298738E+02  0.00000000E+00
 -0.47288738E+02  0.00000000E+00
 -0.47278738E+02  0.00000000E+00
 -0.47268738E+02  0.00000000E+00
 -0.47258737E+02  0.00000000E+00
 -0.47248737E+02  0.00000000E+00
 -0.47238737E+02  0.00000000E+00
 -0.47228737E+02  0.00000000E+00
 -0.47218737E+02  0.00000000E+00
 -0.47208737E+02  0.00000000E+00
 -0.47198737E+02  0.00000000E+00
 -0.47188737E+02  0.00000000E+00
 -0.47178736E+02  0.00000000E+00
 -0.47168736E+02  0.00000000E+00
 -0.47158736E+02  0.00000000E+00
 -0.47148736E+02  0.00000000E+00
 -0.47138736E+02  0.00000000E+00
 -0.47128736E+02  0.00000000E+00
 -0.47118736E+02  0.00000000E+00
 -0.47108736E+02  0.00000000E+00
 -0.47098736E+02  0.00000000E+00
 -0.47088735E+02  0.00000000E+00
 -0.47078735E+02  0.00000000E+00
 -0.47068735E+02  0.00000000E+00
 -0.47058735E+02  0.00000000E+00
 -0.47048735E+02  0.00000000E+00
 -0.47038735E+02  0.00000000E+00
 -0.47028735E+02  0.00000000E+00
 -0.47018735E+02  0.00000000E+00
 -0.47008735E+02  0.00000000E+00
 -0.46998734E+02  0.00000000E+00
 -0.46988734E+02  0.00000000E+00
 -0.46978734E+02  0.00000000E+00
 -0.46968734E+02  0.00000000E+00
 -0.46958734E+02  0.00000000E+00
 -0.46948734E+02  0.00000000E+00
 -0.46938734E+02  0.00000000E+00
 -0.46928734E+02  0.00000000E+00
 -0.46918733E+02  0.00000000E+00
 -0.46908733E+02  0.00000000E+00
 -0.46898733E+02  0.00000000E+00
 -0.46888733E+02  0.00000000E+00
 -0.46878733E+02  0.00000000E+00
 -0.46868733E+02  0.00000000E+00
 -0.46858733E+02  0.00000000E+00
 -0.46848733E+02  0.00000000E+00
 -0.46838733E+02  0.00000000E+00
 -0.46828732E+02  0.00000000E+00
 -0.46818732E+02  0.00000000E+00
 -0.46808732E+02  0.00000000E+00
 -0.46798732E+02  0.00000000E+00
 -0.46788732E+02  0.00000000E+00
 -0.46778732E+02  0.00000000E+00
 -0.46768732E+02  0.00000000E+00
 -0.46758732E+02  0.00000000E+00
 -0.46748731E+02  0.00000000E+00
 -0.46738731E+02  0.00000000E+00
 -0.46728731E+02  0.00000000E+00
 -0.46718731E+02  0.00000000E+00
 -0.46708731E+02  0.00000000E+00
 -0.46698731E+02  0.00000000E+00
 -0.46688731E+02  0.00000000E+00
 -0.46678731E+02  0.00000000E+00
 -0.46668731E+02  0.00000000E+00
 -0.46658730E+02  0.00000000E+00
 -0.46648730E+02  0.00000000E+00
 -0.46638730E+02  0.00000000E+00
 -0.46628730E+02  0.00000000E+00
 -0.46618730E+02  0.00000000E+00
 -0.46608730E+02  0.00000000E+00
 -0.46598730E+02  0.00000000E+00
 -0.46588730E+02  0.00000000E+00
 -0.46578729E+02  0.00000000E+00
 -0.46568729E+02  0.00000000E+00
 -0.46558729E+02  0.00000000E+00
 -0.46548729E+02  0.00000000E+00
 -0.46538729E+02  0.00000000E+00
 -0.46528729E+02  0.00000000E+00
 -0.46518729E+02  0.00000000E+00
 -0.46508729E+02  0.00000000E+00
 -0.46498729E+02  0.00000000E+00
 -0.46488728E+02  0.00000000E+00
 -0.46478728E+02  0.00000000E+00
 -0.46468728E+02  0.00000000E+00
 -0.46458728E+02  0.00000000E+00
 -0.46448728E+02  0.00000000E+00
 -0.46438728E+02  0.00000000E+00
 -0.46428728E+02  0.00000000E+00
 -0.46418728E+02  0.00000000E+00
 -0.46408728E+02  0.00000000E+00
 -0.46398727E+02  0.00000000E+00
 -0.46388727E+02  0.00000000E+00
 -0.46378727E+02  0.00000000E+00
 -0.46368727E+02  0.00000000E+00
 -0.46358727E+02  0.00000000E+00
 -0.46348727E+02  0.00000000E+00
 -0.46338727E+02  0.00000000E+00
 -0.46328727E+02  0.00000000E+00
 -0.46318726E+02  0.00000000E+00
 -0.46308726E+02  0.00000000E+00
 -0.46298726E+02  0.00000000E+00
 -0.46288726E+02  0.00000000E+00
 -0.46278726E+02  0.00000000E+00
 -0.46268726E+02  0.00000000E+00
 -0.46258726E+02  0.00000000E+00
 -0.46248726E+02  0.00000000E+00
 -0.46238726E+02  0.00000000E+00
 -0.46228725E+02  0.00000000E+00
 -0.46218725E+02  0.00000000E+00
 -0.46208725E+02  0.00000000E+00
 -0.46198725E+02  0.00000000E+00
 -0.46188725E+02  0.00000000E+00
 -0.46178725E+02  0.00000000E+00
 -0.46168725E+02  0.00000000E+00
 -0.46158725E+02  0.00000000E+00
 -0.46148724E+02  0.00000000E+00
 -0.46138724E+02  0.00000000E+00
 -0.46128724E+02  0.00000000E+00
 -0.46118724E+02  0.00000000E+00
 -0.46108724E+02  0.00000000E+00
 -0.46098724E+02  0.00000000E+00
 -0.46088724E+02  0.00000000E+00
 -0.46078724E+02  0.00000000E+00
 -0.46068724E+02  0.00000000E+00
 -0.46058723E+02  0.00000000E+00
 -0.46048723E+02  0.00000000E+00
 -0.46038723E+02  0.00000000E+00
 -0.46028723E+02  0.00000000E+00
 -0.46018723E+02  0.00000000E+00
 -0.46008723E+02  0.00000000E+00
 -0.45998723E+02  0.00000000E+00
 -0.45988723E+02  0.00000000E+00
 -0.45978722E+02  0.00000000E+00
 -0.45968722E+02  0.00000000E+00
 -0.45958722E+02  0.00000000E+00
 -0.45948722E+02  0.00000000E+00
 -0.45938722E+02  0.00000000E+00
 -0.45928722E+02  0.00000000E+00
 -0.45918722E+02  0.00000000E+00
 -0.45908722E+02  0.00000000E+00
 -0.45898722E+02  0.00000000E+00
 -0.45888721E+02  0.00000000E+00
 -0.45878721E+02  0.00000000E+00
 -0.45868721E+02  0.00000000E+00
 -0.45858721E+02  0.00000000E+00
 -0.45848721E+02  0.00000000E+00
 -0.45838721E+02  0.00000000E+00
 -0.45828721E+02  0.00000000E+00
 -0.45818721E+02  0.00000000E+00
 -0.45808721E+02  0.00000000E+00
 -0.45798720E+02  0.00000000E+00
 -0.45788720E+02  0.00000000E+00
 -0.45778720E+02  0.00000000E+00
 -0.45768720E+02  0.00000000E+00
 -0.45758720E+02  0.00000000E+00
 -0.45748720E+02  0.00000000E+00
 -0.45738720E+02  0.00000000E+00
 -0.45728720E+02  0.00000000E+00
 -0.45718719E+02  0.00000000E+00
 -0.45708719E+02  0.00000000E+00
 -0.45698719E+02  0.00000000E+00
 -0.45688719E+02  0.00000000E+00
 -0.45678719E+02  0.00000000E+00
 -0.45668719E+02  0.00000000E+00
 -0.45658719E+02  0.00000000E+00
 -0.45648719E+02  0.00000000E+00
 -0.45638719E+02  0.00000000E+00
 -0.45628718E+02  0.00000000E+00
 -0.45618718E+02  0.00000000E+00
 -0.45608718E+02  0.00000000E+00
 -0.45598718E+02  0.00000000E+00
 -0.45588718E+02  0.00000000E+00
 -0.45578718E+02  0.00000000E+00
 -0.45568718E+02  0.00000000E+00
 -0.45558718E+02  0.00000000E+00
 -0.45548717E+02  0.00000000E+00
 -0.45538717E+02  0.00000000E+00
 -0.45528717E+02  0.00000000E+00
 -0.45518717E+02  0.00000000E+00
 -0.45508717E+02  0.00000000E+00
 -0.45498717E+02  0.00000000E+00
 -0.45488717E+02  0.00000000E+00
 -0.45478717E+02  0.00000000E+00
 -0.45468717E+02  0.00000000E+00
 -0.45458716E+02  0.00000000E+00
 -0.45448716E+02  0.00000000E+00
 -0.45438716E+02  0.00000000E+00
 -0.45428716E+02  0.00000000E+00
 -0.45418716E+02  0.00000000E+00
 -0.45408716E+02  0.00000000E+00
 -0.45398716E+02  0.00000000E+00
 -0.45388716E+02  0.00000000E+00
 -0.45378715E+02  0.00000000E+00
 -0.45368715E+02  0.00000000E+00
 -0.45358715E+02  0.00000000E+00
 -0.45348715E+02  0.00000000E+00
 -0.45338715E+02  0.00000000E+00
 -0.45328715E+02  0.00000000E+00
 -0.45318715E+02  0.00000000E+00
 -0.45308715E+02  0.00000000E+00
 -0.45298715E+02  0.00000000E+00
 -0.45288714E+02  0.00000000E+00
 -0.45278714E+02  0.00000000E+00
 -0.45268714E+02  0.00000000E+00
 -0.45258714E+02  0.00000000E+00
 -0.45248714E+02  0.00000000E+00
 -0.45238714E+02  0.00000000E+00
 -0.45228714E+02  0.00000000E+00
 -0.45218714E+02  0.00000000E+00
 -0.45208714E+02  0.00000000E+00
 -0.45198713E+02  0.00000000E+00
 -0.45188713E+02  0.00000000E+00
 -0.45178713E+02  0.00000000E+00
 -0.45168713E+02  0.00000000E+00
 -0.45158713E+02  0.00000000E+00
 -0.45148713E+02  0.00000000E+00
 -0.45138713E+02  0.00000000E+00
 -0.45128713E+02  0.00000000E+00
 -0.45118712E+02  0.00000000E+00
 -0.45108712E+02  0.00000000E+00
 -0.45098712E+02  0.00000000E+00
 -0.45088712E+02  0.00000000E+00
 -0.45078712E+02  0.00000000E+00
 -0.45068712E+02  0.00000000E+00
 -0.45058712E+02  0.00000000E+00
 -0.45048712E+02  0.00000000E+00
 -0.45038712E+02  0.00000000E+00
 -0.45028711E+02  0.00000000E+00
 -0.45018711E+02  0.00000000E+00
 -0.45008711E+02  0.00000000E+00
 -0.44998711E+02  0.00000000E+00
 -0.44988711E+02  0.00000000E+00
 -0.44978711E+02  0.00000000E+00
 -0.44968711E+02  0.00000000E+00
 -0.44958711E+02  0.00000000E+00
 -0.44948710E+02  0.00000000E+00
 -0.44938710E+02  0.00000000E+00
 -0.44928710E+02  0.00000000E+00
 -0.44918710E+02  0.00000000E+00
 -0.44908710E+02  0.00000000E+00
 -0.44898710E+02  0.00000000E+00
 -0.44888710E+02  0.00000000E+00
 -0.44878710E+02  0.00000000E+00
 -0.44868710E+02  0.00000000E+00
 -0.44858709E+02  0.00000000E+00
 -0.44848709E+02  0.00000000E+00
 -0.44838709E+02  0.00000000E+00
 -0.44828709E+02  0.00000000E+00
 -0.44818709E+02  0.00000000E+00
 -0.44808709E+02  0.00000000E+00
 -0.44798709E+02  0.00000000E+00
 -0.44788709E+02  0.00000000E+00
 -0.44778708E+02  0.00000000E+00
 -0.44768708E+02  0.00000000E+00
 -0.44758708E+02  0.00000000E+00
 -0.44748708E+02  0.00000000E+00
 -0.44738708E+02  0.00000000E+00
 -0.44728708E+02  0.00000000E+00
 -0.44718708E+02  0.00000000E+00
 -0.44708708E+02  0.00000000E+00
 -0.44698708E+02  0.00000000E+00
 -0.44688707E+02  0.00000000E+00
 -0.44678707E+02  0.00000000E+00
 -0.44668707E+02  0.00000000E+00
 -0.44658707E+02  0.00000000E+00
 -0.44648707E+02  0.00000000E+00
 -0.44638707E+02  0.00000000E+00
 -0.44628707E+02  0.00000000E+00
 -0.44618707E+02  0.00000000E+00
 -0.44608707E+02  0.00000000E+00
 -0.44598706E+02  0.00000000E+00
 -0.44588706E+02  0.00000000E+00
 -0.44578706E+02  0.00000000E+00
 -0.44568706E+02  0.00000000E+00
 -0.44558706E+02  0.00000000E+00
 -0.44548706E+02  0.00000000E+00
 -0.44538706E+02  0.00000000E+00
 -0.44528706E+02  0.00000000E+00
 -0.44518705E+02  0.00000000E+00
 -0.44508705E+02  0.00000000E+00
 -0.44498705E+02  0.00000000E+00
 -0.44488705E+02  0.00000000E+00
 -0.44478705E+02  0.00000000E+00
 -0.44468705E+02  0.00000000E+00
 -0.44458705E+02  0.00000000E+00
 -0.44448705E+02  0.00000000E+00
 -0.44438705E+02  0.00000000E+00
 -0.44428704E+02  0.00000000E+00
 -0.44418704E+02  0.00000000E+00
 -0.44408704E+02  0.00000000E+00
 -0.44398704E+02  0.00000000E+00
 -0.44388704E+02  0.00000000E+00
 -0.44378704E+02  0.00000000E+00
 -0.44368704E+02  0.00000000E+00
 -0.44358704E+02  0.00000000E+00
 -0.44348703E+02  0.00000000E+00
 -0.44338703E+02  0.00000000E+00
 -0.44328703E+02  0.00000000E+00
 -0.44318703E+02  0.00000000E+00
 -0.44308703E+02  0.00000000E+00
 -0.44298703E+02  0.00000000E+00
 -0.44288703E+02  0.00000000E+00
 -0.44278703E+02  0.00000000E+00
 -0.44268703E+02  0.00000000E+00
 -0.44258702E+02  0.00000000E+00
 -0.44248702E+02  0.00000000E+00
 -0.44238702E+02  0.00000000E+00
 -0.44228702E+02  0.00000000E+00
 -0.44218702E+02  0.00000000E+00
 -0.44208702E+02  0.00000000E+00
 -0.44198702E+02  0.00000000E+00
 -0.44188702E+02  0.00000000E+00
 -0.44178701E+02  0.00000000E+00
 -0.44168701E+02  0.00000000E+00
 -0.44158701E+02  0.00000000E+00
 -0.44148701E+02  0.00000000E+00
 -0.44138701E+02  0.00000000E+00
 -0.44128701E+02  0.00000000E+00
 -0.44118701E+02  0.00000000E+00
 -0.44108701E+02  0.00000000E+00
 -0.44098701E+02  0.00000000E+00
 -0.44088700E+02  0.00000000E+00
 -0.44078700E+02  0.00000000E+00
 -0.44068700E+02  0.00000000E+00
 -0.44058700E+02  0.00000000E+00
 -0.44048700E+02  0.00000000E+00
 -0.44038700E+02  0.00000000E+00
 -0.44028700E+02  0.00000000E+00
 -0.44018700E+02  0.00000000E+00
 -0.44008700E+02  0.00000000E+00
 -0.43998699E+02  0.00000000E+00
 -0.43988699E+02  0.00000000E+00
 -0.43978699E+02  0.00000000E+00
 -0.43968699E+02  0.00000000E+00
 -0.43958699E+02  0.00000000E+00
 -0.43948699E+02  0.00000000E+00
 -0.43938699E+02  0.00000000E+00
 -0.43928699E+02  0.00000000E+00
 -0.43918698E+02  0.00000000E+00
 -0.43908698E+02  0.00000000E+00
 -0.43898698E+02  0.00000000E+00
 -0.43888698E+02  0.00000000E+00
 -0.43878698E+02  0.00000000E+00
 -0.43868698E+02  0.00000000E+00
 -0.43858698E+02  0.00000000E+00
 -0.43848698E+02  0.00000000E+00
 -0.43838698E+02  0.00000000E+00
 -0.43828697E+02  0.00000000E+00
 -0.43818697E+02  0.00000000E+00
 -0.43808697E+02  0.00000000E+00
 -0.43798697E+02  0.00000000E+00
 -0.43788697E+02  0.00000000E+00
 -0.43778697E+02  0.00000000E+00
 -0.43768697E+02  0.00000000E+00
 -0.43758697E+02  0.00000000E+00
 -0.43748696E+02  0.00000000E+00
 -0.43738696E+02  0.00000000E+00
 -0.43728696E+02  0.00000000E+00
 -0.43718696E+02  0.00000000E+00
 -0.43708696E+02  0.00000000E+00
 -0.43698696E+02  0.00000000E+00
 -0.43688696E+02  0.00000000E+00
 -0.43678696E+02  0.00000000E+00
 -0.43668696E+02  0.00000000E+00
 -0.43658695E+02  0.00000000E+00
 -0.43648695E+02  0.00000000E+00
 -0.43638695E+02  0.00000000E+00
 -0.43628695E+02  0.00000000E+00
 -0.43618695E+02  0.00000000E+00
 -0.43608695E+02  0.00000000E+00
 -0.43598695E+02  0.00000000E+00
 -0.43588695E+02  0.00000000E+00
 -0.43578694E+02  0.00000000E+00
 -0.43568694E+02  0.00000000E+00
 -0.43558694E+02  0.00000000E+00
 -0.43548694E+02  0.00000000E+00
 -0.43538694E+02  0.00000000E+00
 -0.43528694E+02  0.00000000E+00
 -0.43518694E+02  0.00000000E+00
 -0.43508694E+02  0.00000000E+00
 -0.43498694E+02  0.00000000E+00
 -0.43488693E+02  0.00000000E+00
 -0.43478693E+02  0.00000000E+00
 -0.43468693E+02  0.00000000E+00
 -0.43458693E+02  0.00000000E+00
 -0.43448693E+02  0.00000000E+00
 -0.43438693E+02  0.00000000E+00
 -0.43428693E+02  0.00000000E+00
 -0.43418693E+02  0.00000000E+00
 -0.43408693E+02  0.00000000E+00
 -0.43398692E+02  0.00000000E+00
 -0.43388692E+02  0.00000000E+00
 -0.43378692E+02  0.00000000E+00
 -0.43368692E+02  0.00000000E+00
 -0.43358692E+02  0.00000000E+00
 -0.43348692E+02  0.00000000E+00
 -0.43338692E+02  0.00000000E+00
 -0.43328692E+02  0.00000000E+00
 -0.43318691E+02  0.00000000E+00
 -0.43308691E+02  0.00000000E+00
 -0.43298691E+02  0.00000000E+00
 -0.43288691E+02  0.00000000E+00
 -0.43278691E+02  0.00000000E+00
 -0.43268691E+02  0.00000000E+00
 -0.43258691E+02  0.00000000E+00
 -0.43248691E+02  0.00000000E+00
 -0.43238691E+02  0.00000000E+00
 -0.43228690E+02  0.00000000E+00
 -0.43218690E+02  0.00000000E+00
 -0.43208690E+02  0.00000000E+00
 -0.43198690E+02  0.00000000E+00
 -0.43188690E+02  0.00000000E+00
 -0.43178690E+02  0.00000000E+00
 -0.43168690E+02  0.00000000E+00
 -0.43158690E+02  0.00000000E+00
 -0.43148689E+02  0.00000000E+00
 -0.43138689E+02  0.00000000E+00
 -0.43128689E+02  0.00000000E+00
 -0.43118689E+02  0.00000000E+00
 -0.43108689E+02  0.00000000E+00
 -0.43098689E+02  0.00000000E+00
 -0.43088689E+02  0.00000000E+00
 -0.43078689E+02  0.00000000E+00
 -0.43068689E+02  0.00000000E+00
 -0.43058688E+02  0.00000000E+00
 -0.43048688E+02  0.00000000E+00
 -0.43038688E+02  0.00000000E+00
 -0.43028688E+02  0.00000000E+00
 -0.43018688E+02  0.00000000E+00
 -0.43008688E+02  0.00000000E+00
 -0.42998688E+02  0.00000000E+00
 -0.42988688E+02  0.00000000E+00
 -0.42978687E+02  0.00000000E+00
 -0.42968687E+02  0.00000000E+00
 -0.42958687E+02  0.00000000E+00
 -0.42948687E+02  0.00000000E+00
 -0.42938687E+02  0.00000000E+00
 -0.42928687E+02  0.00000000E+00
 -0.42918687E+02  0.00000000E+00
 -0.42908687E+02  0.00000000E+00
 -0.42898687E+02  0.00000000E+00
 -0.42888686E+02  0.00000000E+00
 -0.42878686E+02  0.00000000E+00
 -0.42868686E+02  0.00000000E+00
 -0.42858686E+02  0.00000000E+00
 -0.42848686E+02  0.00000000E+00
 -0.42838686E+02  0.00000000E+00
 -0.42828686E+02  0.00000000E+00
 -0.42818686E+02  0.00000000E+00
 -0.42808685E+02  0.00000000E+00
 -0.42798685E+02  0.00000000E+00
 -0.42788685E+02  0.00000000E+00
 -0.42778685E+02  0.00000000E+00
 -0.42768685E+02  0.00000000E+00
 -0.42758685E+02  0.00000000E+00
 -0.42748685E+02  0.00000000E+00
 -0.42738685E+02  0.00000000E+00
 -0.42728685E+02  0.00000000E+00
 -0.42718684E+02  0.00000000E+00
 -0.42708684E+02  0.00000000E+00
 -0.42698684E+02  0.00000000E+00
 -0.42688684E+02  0.00000000E+00
 -0.42678684E+02  0.00000000E+00
 -0.42668684E+02  0.00000000E+00
 -0.42658684E+02  0.00000000E+00
 -0.42648684E+02  0.00000000E+00
 -0.42638684E+02  0.00000000E+00
 -0.42628683E+02  0.00000000E+00
 -0.42618683E+02  0.00000000E+00
 -0.42608683E+02  0.00000000E+00
 -0.42598683E+02  0.00000000E+00
 -0.42588683E+02  0.00000000E+00
 -0.42578683E+02  0.00000000E+00
 -0.42568683E+02  0.00000000E+00
 -0.42558683E+02  0.00000000E+00
 -0.42548682E+02  0.00000000E+00
 -0.42538682E+02  0.00000000E+00
 -0.42528682E+02  0.00000000E+00
 -0.42518682E+02  0.00000000E+00
 -0.42508682E+02  0.00000000E+00
 -0.42498682E+02  0.00000000E+00
 -0.42488682E+02  0.00000000E+00
 -0.42478682E+02  0.00000000E+00
 -0.42468682E+02  0.00000000E+00
 -0.42458681E+02  0.00000000E+00
 -0.42448681E+02  0.00000000E+00
 -0.42438681E+02  0.00000000E+00
 -0.42428681E+02  0.00000000E+00
 -0.42418681E+02  0.00000000E+00
 -0.42408681E+02  0.00000000E+00
 -0.42398681E+02  0.00000000E+00
 -0.42388681E+02  0.00000000E+00
 -0.42378680E+02  0.00000000E+00
 -0.42368680E+02  0.00000000E+00
 -0.42358680E+02  0.00000000E+00
 -0.42348680E+02  0.00000000E+00
 -0.42338680E+02  0.00000000E+00
 -0.42328680E+02  0.00000000E+00
 -0.42318680E+02  0.00000000E+00
 -0.42308680E+02  0.00000000E+00
 -0.42298680E+02  0.00000000E+00
 -0.42288679E+02  0.00000000E+00
 -0.42278679E+02  0.00000000E+00
 -0.42268679E+02  0.00000000E+00
 -0.42258679E+02  0.00000000E+00
 -0.42248679E+02  0.00000000E+00
 -0.42238679E+02  0.00000000E+00
 -0.42228679E+02  0.00000000E+00
 -0.42218679E+02  0.00000000E+00
 -0.42208678E+02  0.00000000E+00
 -0.42198678E+02  0.00000000E+00
 -0.42188678E+02  0.00000000E+00
 -0.42178678E+02  0.00000000E+00
 -0.42168678E+02  0.00000000E+00
 -0.42158678E+02  0.00000000E+00
 -0.42148678E+02  0.00000000E+00
 -0.42138678E+02  0.00000000E+00
 -0.42128678E+02  0.00000000E+00
 -0.42118677E+02  0.00000000E+00
 -0.42108677E+02  0.00000000E+00
 -0.42098677E+02  0.00000000E+00
 -0.42088677E+02  0.00000000E+00
 -0.42078677E+02  0.00000000E+00
 -0.42068677E+02  0.00000000E+00
 -0.42058677E+02  0.00000000E+00
 -0.42048677E+02  0.00000000E+00
 -0.42038677E+02  0.00000000E+00
 -0.42028676E+02  0.00000000E+00
 -0.42018676E+02  0.00000000E+00
 -0.42008676E+02  0.00000000E+00
 -0.41998676E+02  0.00000000E+00
 -0.41988676E+02  0.00000000E+00
 -0.41978676E+02  0.00000000E+00
 -0.41968676E+02  0.00000000E+00
 -0.41958676E+02  0.00000000E+00
 -0.41948675E+02  0.00000000E+00
 -0.41938675E+02  0.00000000E+00
 -0.41928675E+02  0.00000000E+00
 -0.41918675E+02  0.00000000E+00
 -0.41908675E+02  0.00000000E+00
 -0.41898675E+02  0.00000000E+00
 -0.41888675E+02  0.00000000E+00
 -0.41878675E+02  0.00000000E+00
 -0.41868675E+02  0.00000000E+00
 -0.41858674E+02  0.00000000E+00
 -0.41848674E+02  0.00000000E+00
 -0.41838674E+02  0.00000000E+00
 -0.41828674E+02  0.00000000E+00
 -0.41818674E+02  0.00000000E+00
 -0.41808674E+02  0.00000000E+00
 -0.41798674E+02  0.00000000E+00
 -0.41788674E+02  0.00000000E+00
 -0.41778673E+02  0.00000000E+00
 -0.41768673E+02  0.00000000E+00
 -0.41758673E+02  0.00000000E+00
 -0.41748673E+02  0.00000000E+00
 -0.41738673E+02  0.00000000E+00
 -0.41728673E+02  0.00000000E+00
 -0.41718673E+02  0.00000000E+00
 -0.41708673E+02  0.00000000E+00
 -0.41698673E+02  0.00000000E+00
 -0.41688672E+02  0.00000000E+00
 -0.41678672E+02  0.00000000E+00
 -0.41668672E+02  0.00000000E+00
 -0.41658672E+02  0.00000000E+00
 -0.41648672E+02  0.00000000E+00
 -0.41638672E+02  0.00000000E+00
 -0.41628672E+02  0.00000000E+00
 -0.41618672E+02  0.00000000E+00
 -0.41608671E+02  0.00000000E+00
 -0.41598671E+02  0.00000000E+00
 -0.41588671E+02  0.00000000E+00
 -0.41578671E+02  0.00000000E+00
 -0.41568671E+02  0.00000000E+00
 -0.41558671E+02  0.00000000E+00
 -0.41548671E+02  0.00000000E+00
 -0.41538671E+02  0.00000000E+00
 -0.41528671E+02  0.00000000E+00
 -0.41518670E+02  0.00000000E+00
 -0.41508670E+02  0.00000000E+00
 -0.41498670E+02  0.00000000E+00
 -0.41488670E+02  0.00000000E+00
 -0.41478670E+02  0.00000000E+00
 -0.41468670E+02  0.00000000E+00
 -0.41458670E+02  0.00000000E+00
 -0.41448670E+02  0.00000000E+00
 -0.41438670E+02  0.00000000E+00
 -0.41428669E+02  0.00000000E+00
 -0.41418669E+02  0.00000000E+00
 -0.41408669E+02  0.00000000E+00
 -0.41398669E+02  0.00000000E+00
 -0.41388669E+02  0.00000000E+00
 -0.41378669E+02  0.00000000E+00
 -0.41368669E+02  0.00000000E+00
 -0.41358669E+02  0.00000000E+00
 -0.41348668E+02  0.00000000E+00
 -0.41338668E+02  0.00000000E+00
 -0.41328668E+02  0.00000000E+00
 -0.41318668E+02  0.00000000E+00
 -0.41308668E+02  0.00000000E+00
 -0.41298668E+02  0.00000000E+00
 -0.41288668E+02  0.00000000E+00
 -0.41278668E+02  0.00000000E+00
 -0.41268668E+02  0.00000000E+00
 -0.41258667E+02  0.00000000E+00
 -0.41248667E+02  0.00000000E+00
 -0.41238667E+02  0.00000000E+00
 -0.41228667E+02  0.00000000E+00
 -0.41218667E+02  0.00000000E+00
 -0.41208667E+02  0.00000000E+00
 -0.41198667E+02  0.00000000E+00
 -0.41188667E+02  0.00000000E+00
 -0.41178666E+02  0.00000000E+00
 -0.41168666E+02  0.00000000E+00
 -0.41158666E+02  0.00000000E+00
 -0.41148666E+02  0.00000000E+00
 -0.41138666E+02  0.00000000E+00
 -0.41128666E+02  0.00000000E+00
 -0.41118666E+02  0.00000000E+00
 -0.41108666E+02  0.00000000E+00
 -0.41098666E+02  0.00000000E+00
 -0.41088665E+02  0.00000000E+00
 -0.41078665E+02  0.00000000E+00
 -0.41068665E+02  0.00000000E+00
 -0.41058665E+02  0.00000000E+00
 -0.41048665E+02  0.00000000E+00
 -0.41038665E+02  0.00000000E+00
 -0.41028665E+02  0.00000000E+00
 -0.41018665E+02  0.00000000E+00
 -0.41008664E+02  0.00000000E+00
 -0.40998664E+02  0.00000000E+00
 -0.40988664E+02  0.00000000E+00
 -0.40978664E+02  0.00000000E+00
 -0.40968664E+02  0.00000000E+00
 -0.40958664E+02  0.00000000E+00
 -0.40948664E+02  0.00000000E+00
 -0.40938664E+02  0.00000000E+00
 -0.40928664E+02  0.00000000E+00
 -0.40918663E+02  0.00000000E+00
 -0.40908663E+02  0.00000000E+00
 -0.40898663E+02  0.00000000E+00
 -0.40888663E+02  0.00000000E+00
 -0.40878663E+02  0.00000000E+00
 -0.40868663E+02  0.00000000E+00
 -0.40858663E+02  0.00000000E+00
 -0.40848663E+02  0.00000000E+00
 -0.40838663E+02  0.00000000E+00
 -0.40828662E+02  0.00000000E+00
 -0.40818662E+02  0.00000000E+00
 -0.40808662E+02  0.00000000E+00
 -0.40798662E+02  0.00000000E+00
 -0.40788662E+02  0.00000000E+00
 -0.40778662E+02  0.00000000E+00
 -0.40768662E+02  0.00000000E+00
 -0.40758662E+02  0.00000000E+00
 -0.40748661E+02  0.00000000E+00
 -0.40738661E+02  0.00000000E+00
 -0.40728661E+02  0.00000000E+00
 -0.40718661E+02  0.00000000E+00
 -0.40708661E+02  0.00000000E+00
 -0.40698661E+02  0.00000000E+00
 -0.40688661E+02  0.00000000E+00
 -0.40678661E+02  0.00000000E+00
 -0.40668661E+02  0.00000000E+00
 -0.40658660E+02  0.00000000E+00
 -0.40648660E+02  0.00000000E+00
 -0.40638660E+02  0.00000000E+00
 -0.40628660E+02  0.00000000E+00
 -0.40618660E+02  0.00000000E+00
 -0.40608660E+02  0.00000000E+00
 -0.40598660E+02  0.00000000E+00
 -0.40588660E+02  0.00000000E+00
 -0.40578659E+02  0.00000000E+00
 -0.40568659E+02  0.00000000E+00
 -0.40558659E+02  0.00000000E+00
 -0.40548659E+02  0.00000000E+00
 -0.40538659E+02  0.00000000E+00
 -0.40528659E+02  0.00000000E+00
 -0.40518659E+02  0.00000000E+00
 -0.40508659E+02  0.00000000E+00
 -0.40498659E+02  0.00000000E+00
 -0.40488658E+02  0.00000000E+00
 -0.40478658E+02  0.00000000E+00
 -0.40468658E+02  0.00000000E+00
 -0.40458658E+02  0.00000000E+00
 -0.40448658E+02  0.00000000E+00
 -0.40438658E+02  0.00000000E+00
 -0.40428658E+02  0.00000000E+00
 -0.40418658E+02  0.00000000E+00
 -0.40408657E+02  0.00000000E+00
 -0.40398657E+02  0.00000000E+00
 -0.40388657E+02  0.00000000E+00
 -0.40378657E+02  0.00000000E+00
 -0.40368657E+02  0.00000000E+00
 -0.40358657E+02  0.00000000E+00
 -0.40348657E+02  0.00000000E+00
 -0.40338657E+02  0.00000000E+00
 -0.40328657E+02  0.00000000E+00
 -0.40318656E+02  0.00000000E+00
 -0.40308656E+02  0.00000000E+00
 -0.40298656E+02  0.00000000E+00
 -0.40288656E+02  0.00000000E+00
 -0.40278656E+02  0.00000000E+00
 -0.40268656E+02  0.00000000E+00
 -0.40258656E+02  0.00000000E+00
 -0.40248656E+02  0.00000000E+00
 -0.40238656E+02  0.00000000E+00
 -0.40228655E+02  0.00000000E+00
 -0.40218655E+02  0.00000000E+00
 -0.40208655E+02  0.00000000E+00
 -0.40198655E+02  0.00000000E+00
 -0.40188655E+02  0.00000000E+00
 -0.40178655E+02  0.00000000E+00
 -0.40168655E+02  0.00000000E+00
 -0.40158655E+02  0.00000000E+00
 -0.40148654E+02  0.00000000E+00
 -0.40138654E+02  0.00000000E+00
 -0.40128654E+02  0.00000000E+00
 -0.40118654E+02  0.00000000E+00
 -0.40108654E+02  0.00000000E+00
 -0.40098654E+02  0.00000000E+00
 -0.40088654E+02  0.00000000E+00
 -0.40078654E+02  0.00000000E+00
 -0.40068654E+02  0.00000000E+00
 -0.40058653E+02  0.00000000E+00
 -0.40048653E+02  0.00000000E+00
 -0.40038653E+02  0.00000000E+00
 -0.40028653E+02  0.00000000E+00
 -0.40018653E+02  0.00000000E+00
 -0.40008653E+02  0.00000000E+00
 -0.39998653E+02  0.00000000E+00
 -0.39988653E+02  0.00000000E+00
 -0.39978652E+02  0.00000000E+00
 -0.39968652E+02  0.00000000E+00
 -0.39958652E+02  0.00000000E+00
 -0.39948652E+02  0.00000000E+00
 -0.39938652E+02  0.00000000E+00
 -0.39928652E+02  0.00000000E+00
 -0.39918652E+02  0.00000000E+00
 -0.39908652E+02  0.00000000E+00
 -0.39898652E+02  0.00000000E+00
 -0.39888651E+02  0.00000000E+00
 -0.39878651E+02  0.00000000E+00
 -0.39868651E+02  0.00000000E+00
 -0.39858651E+02  0.00000000E+00
 -0.39848651E+02  0.00000000E+00
 -0.39838651E+02  0.00000000E+00
 -0.39828651E+02  0.00000000E+00
 -0.39818651E+02  0.00000000E+00
 -0.39808650E+02  0.00000000E+00
 -0.39798650E+02  0.00000000E+00
 -0.39788650E+02  0.00000000E+00
 -0.39778650E+02  0.00000000E+00
 -0.39768650E+02  0.00000000E+00
 -0.39758650E+02  0.00000000E+00
 -0.39748650E+02  0.00000000E+00
 -0.39738650E+02  0.00000000E+00
 -0.39728650E+02  0.00000000E+00
 -0.39718649E+02  0.00000000E+00
 -0.39708649E+02  0.00000000E+00
 -0.39698649E+02  0.00000000E+00
 -0.39688649E+02  0.00000000E+00
 -0.39678649E+02  0.00000000E+00
 -0.39668649E+02  0.00000000E+00
 -0.39658649E+02  0.00000000E+00
 -0.39648649E+02  0.00000000E+00
 -0.39638649E+02  0.00000000E+00
 -0.39628648E+02  0.00000000E+00
 -0.39618648E+02  0.00000000E+00
 -0.39608648E+02  0.00000000E+00
 -0.39598648E+02  0.00000000E+00
 -0.39588648E+02  0.00000000E+00
 -0.39578648E+02  0.00000000E+00
 -0.39568648E+02  0.00000000E+00
 -0.39558648E+02  0.00000000E+00
 -0.39548647E+02  0.00000000E+00
 -0.39538647E+02  0.00000000E+00
 -0.39528647E+02  0.00000000E+00
 -0.39518647E+02  0.00000000E+00
 -0.39508647E+02  0.00000000E+00
 -0.39498647E+02  0.00000000E+00
 -0.39488647E+02  0.00000000E+00
 -0.39478647E+02  0.00000000E+00
 -0.39468647E+02  0.00000000E+00
 -0.39458646E+02  0.00000000E+00
 -0.39448646E+02  0.00000000E+00
 -0.39438646E+02  0.00000000E+00
 -0.39428646E+02  0.00000000E+00
 -0.39418646E+02  0.00000000E+00
 -0.39408646E+02  0.00000000E+00
 -0.39398646E+02  0.00000000E+00
 -0.39388646E+02  0.00000000E+00
 -0.39378645E+02  0.00000000E+00
 -0.39368645E+02  0.00000000E+00
 -0.39358645E+02  0.00000000E+00
 -0.39348645E+02  0.00000000E+00
 -0.39338645E+02  0.00000000E+00
 -0.39328645E+02  0.00000000E+00
 -0.39318645E+02  0.00000000E+00
 -0.39308645E+02  0.00000000E+00
 -0.39298645E+02  0.00000000E+00
 -0.39288644E+02  0.00000000E+00
 -0.39278644E+02  0.00000000E+00
 -0.39268644E+02  0.00000000E+00
 -0.39258644E+02  0.00000000E+00
 -0.39248644E+02  0.00000000E+00
 -0.39238644E+02  0.00000000E+00
 -0.39228644E+02  0.00000000E+00
 -0.39218644E+02  0.00000000E+00
 -0.39208643E+02  0.00000000E+00
 -0.39198643E+02  0.00000000E+00
 -0.39188643E+02  0.00000000E+00
 -0.39178643E+02  0.00000000E+00
 -0.39168643E+02  0.00000000E+00
 -0.39158643E+02  0.00000000E+00
 -0.39148643E+02  0.00000000E+00
 -0.39138643E+02  0.00000000E+00
 -0.39128643E+02  0.00000000E+00
 -0.39118642E+02  0.00000000E+00
 -0.39108642E+02  0.00000000E+00
 -0.39098642E+02  0.00000000E+00
 -0.39088642E+02  0.00000000E+00
 -0.39078642E+02  0.00000000E+00
 -0.39068642E+02  0.00000000E+00
 -0.39058642E+02  0.00000000E+00
 -0.39048642E+02  0.00000000E+00
 -0.39038642E+02  0.00000000E+00
 -0.39028641E+02  0.00000000E+00
 -0.39018641E+02  0.00000000E+00
 -0.39008641E+02  0.00000000E+00
 -0.38998641E+02  0.00000000E+00
 -0.38988641E+02  0.00000000E+00
 -0.38978641E+02  0.00000000E+00
 -0.38968641E+02  0.00000000E+00
 -0.38958641E+02  0.00000000E+00
 -0.38948640E+02  0.00000000E+00
 -0.38938640E+02  0.00000000E+00
 -0.38928640E+02  0.00000000E+00
 -0.38918640E+02  0.00000000E+00
 -0.38908640E+02  0.00000000E+00
 -0.38898640E+02  0.00000000E+00
 -0.38888640E+02  0.00000000E+00
 -0.38878640E+02  0.00000000E+00
 -0.38868640E+02  0.00000000E+00
 -0.38858639E+02  0.00000000E+00
 -0.38848639E+02  0.00000000E+00
 -0.38838639E+02  0.00000000E+00
 -0.38828639E+02  0.00000000E+00
 -0.38818639E+02  0.00000000E+00
 -0.38808639E+02  0.00000000E+00
 -0.38798639E+02  0.00000000E+00
 -0.38788639E+02  0.00000000E+00
 -0.38778638E+02  0.00000000E+00
 -0.38768638E+02  0.00000000E+00
 -0.38758638E+02  0.00000000E+00
 -0.38748638E+02  0.00000000E+00
 -0.38738638E+02  0.00000000E+00
 -0.38728638E+02  0.00000000E+00
 -0.38718638E+02  0.00000000E+00
 -0.38708638E+02  0.00000000E+00
 -0.38698638E+02  0.00000000E+00
 -0.38688637E+02  0.00000000E+00
 -0.38678637E+02  0.00000000E+00
 -0.38668637E+02  0.00000000E+00
 -0.38658637E+02  0.00000000E+00
 -0.38648637E+02  0.00000000E+00
 -0.38638637E+02  0.00000000E+00
 -0.38628637E+02  0.00000000E+00
 -0.38618637E+02  0.00000000E+00
 -0.38608636E+02  0.00000000E+00
 -0.38598636E+02  0.00000000E+00
 -0.38588636E+02  0.00000000E+00
 -0.38578636E+02  0.00000000E+00
 -0.38568636E+02  0.00000000E+00
 -0.38558636E+02  0.00000000E+00
 -0.38548636E+02  0.00000000E+00
 -0.38538636E+02  0.00000000E+00
 -0.38528636E+02  0.00000000E+00
 -0.38518635E+02  0.00000000E+00
 -0.38508635E+02  0.00000000E+00
 -0.38498635E+02  0.00000000E+00
 -0.38488635E+02  0.00000000E+00
 -0.38478635E+02  0.00000000E+00
 -0.38468635E+02  0.00000000E+00
 -0.38458635E+02  0.00000000E+00
 -0.38448635E+02  0.00000000E+00
 -0.38438635E+02  0.00000000E+00
 -0.38428634E+02  0.00000000E+00
 -0.38418634E+02  0.00000000E+00
 -0.38408634E+02  0.00000000E+00
 -0.38398634E+02  0.00000000E+00
 -0.38388634E+02  0.00000000E+00
 -0.38378634E+02  0.00000000E+00
 -0.38368634E+02  0.00000000E+00
 -0.38358634E+02  0.00000000E+00
 -0.38348633E+02  0.00000000E+00
 -0.38338633E+02  0.00000000E+00
 -0.38328633E+02  0.00000000E+00
 -0.38318633E+02  0.00000000E+00
 -0.38308633E+02  0.00000000E+00
 -0.38298633E+02  0.00000000E+00
 -0.38288633E+02  0.00000000E+00
 -0.38278633E+02  0.00000000E+00
 -0.38268633E+02  0.00000000E+00
 -0.38258632E+02  0.00000000E+00
 -0.38248632E+02  0.00000000E+00
 -0.38238632E+02  0.00000000E+00
 -0.38228632E+02  0.00000000E+00
 -0.38218632E+02  0.00000000E+00
 -0.38208632E+02  0.00000000E+00
 -0.38198632E+02  0.00000000E+00
 -0.38188632E+02  0.00000000E+00
 -0.38178631E+02  0.00000000E+00
 -0.38168631E+02  0.00000000E+00
 -0.38158631E+02  0.00000000E+00
 -0.38148631E+02  0.00000000E+00
 -0.38138631E+02  0.00000000E+00
 -0.38128631E+02  0.00000000E+00
 -0.38118631E+02  0.00000000E+00
 -0.38108631E+02  0.00000000E+00
 -0.38098631E+02  0.00000000E+00
 -0.38088630E+02  0.00000000E+00
 -0.38078630E+02  0.00000000E+00
 -0.38068630E+02  0.00000000E+00
 -0.38058630E+02  0.00000000E+00
 -0.38048630E+02  0.00000000E+00
 -0.38038630E+02  0.00000000E+00
 -0.38028630E+02  0.00000000E+00
 -0.38018630E+02  0.00000000E+00
 -0.38008629E+02  0.00000000E+00
 -0.37998629E+02  0.00000000E+00
 -0.37988629E+02  0.00000000E+00
 -0.37978629E+02  0.00000000E+00
 -0.37968629E+02  0.00000000E+00
 -0.37958629E+02  0.00000000E+00
 -0.37948629E+02  0.00000000E+00
 -0.37938629E+02  0.00000000E+00
 -0.37928629E+02  0.00000000E+00
 -0.37918628E+02  0.00000000E+00
 -0.37908628E+02  0.00000000E+00
 -0.37898628E+02  0.00000000E+00
 -0.37888628E+02  0.00000000E+00
 -0.37878628E+02  0.00000000E+00
 -0.37868628E+02  0.00000000E+00
 -0.37858628E+02  0.00000000E+00
 -0.37848628E+02  0.00000000E+00
 -0.37838628E+02  0.00000000E+00
 -0.37828627E+02  0.00000000E+00
 -0.37818627E+02  0.00000000E+00
 -0.37808627E+02  0.00000000E+00
 -0.37798627E+02  0.00000000E+00
 -0.37788627E+02  0.00000000E+00
 -0.37778627E+02  0.00000000E+00
 -0.37768627E+02  0.00000000E+00
 -0.37758627E+02  0.00000000E+00
 -0.37748626E+02  0.00000000E+00
 -0.37738626E+02  0.00000000E+00
 -0.37728626E+02  0.00000000E+00
 -0.37718626E+02  0.00000000E+00
 -0.37708626E+02  0.00000000E+00
 -0.37698626E+02  0.00000000E+00
 -0.37688626E+02  0.00000000E+00
 -0.37678626E+02  0.00000000E+00
 -0.37668626E+02  0.00000000E+00
 -0.37658625E+02  0.00000000E+00
 -0.37648625E+02  0.00000000E+00
 -0.37638625E+02  0.00000000E+00
 -0.37628625E+02  0.00000000E+00
 -0.37618625E+02  0.00000000E+00
 -0.37608625E+02  0.00000000E+00
 -0.37598625E+02  0.00000000E+00
 -0.37588625E+02  0.00000000E+00
 -0.37578624E+02  0.00000000E+00
 -0.37568624E+02  0.00000000E+00
 -0.37558624E+02  0.00000000E+00
 -0.37548624E+02  0.00000000E+00
 -0.37538624E+02  0.00000000E+00
 -0.37528624E+02  0.00000000E+00
 -0.37518624E+02  0.00000000E+00
 -0.37508624E+02  0.00000000E+00
 -0.37498624E+02  0.00000000E+00
 -0.37488623E+02  0.00000000E+00
 -0.37478623E+02  0.00000000E+00
 -0.37468623E+02  0.00000000E+00
 -0.37458623E+02  0.00000000E+00
 -0.37448623E+02  0.00000000E+00
 -0.37438623E+02  0.00000000E+00
 -0.37428623E+02  0.00000000E+00
 -0.37418623E+02  0.00000000E+00
 -0.37408622E+02  0.00000000E+00
 -0.37398622E+02  0.00000000E+00
 -0.37388622E+02  0.00000000E+00
 -0.37378622E+02  0.00000000E+00
 -0.37368622E+02  0.00000000E+00
 -0.37358622E+02  0.00000000E+00
 -0.37348622E+02  0.00000000E+00
 -0.37338622E+02  0.00000000E+00
 -0.37328622E+02  0.00000000E+00
 -0.37318621E+02  0.00000000E+00
 -0.37308621E+02  0.00000000E+00
 -0.37298621E+02  0.00000000E+00
 -0.37288621E+02  0.00000000E+00
 -0.37278621E+02  0.00000000E+00
 -0.37268621E+02  0.00000000E+00
 -0.37258621E+02  0.00000000E+00
 -0.37248621E+02  0.00000000E+00
 -0.37238621E+02  0.00000000E+00
 -0.37228620E+02  0.00000000E+00
 -0.37218620E+02  0.00000000E+00
 -0.37208620E+02  0.00000000E+00
 -0.37198620E+02  0.00000000E+00
 -0.37188620E+02  0.00000000E+00
 -0.37178620E+02  0.00000000E+00
 -0.37168620E+02  0.00000000E+00
 -0.37158620E+02  0.00000000E+00
 -0.37148619E+02  0.00000000E+00
 -0.37138619E+02  0.00000000E+00
 -0.37128619E+02  0.00000000E+00
 -0.37118619E+02  0.00000000E+00
 -0.37108619E+02  0.00000000E+00
 -0.37098619E+02  0.00000000E+00
 -0.37088619E+02  0.00000000E+00
 -0.37078619E+02  0.00000000E+00
 -0.37068619E+02  0.00000000E+00
 -0.37058618E+02  0.00000000E+00
 -0.37048618E+02  0.00000000E+00
 -0.37038618E+02  0.00000000E+00
 -0.37028618E+02  0.00000000E+00
 -0.37018618E+02  0.00000000E+00
 -0.37008618E+02  0.00000000E+00
 -0.36998618E+02  0.00000000E+00
 -0.36988618E+02  0.00000000E+00
 -0.36978617E+02  0.00000000E+00
 -0.36968617E+02  0.00000000E+00
 -0.36958617E+02  0.00000000E+00
 -0.36948617E+02  0.00000000E+00
 -0.36938617E+02  0.00000000E+00
 -0.36928617E+02  0.00000000E+00
 -0.36918617E+02  0.00000000E+00
 -0.36908617E+02  0.00000000E+00
 -0.36898617E+02  0.00000000E+00
 -0.36888616E+02  0.00000000E+00
 -0.36878616E+02  0.00000000E+00
 -0.36868616E+02  0.00000000E+00
 -0.36858616E+02  0.00000000E+00
 -0.36848616E+02  0.00000000E+00
 -0.36838616E+02  0.00000000E+00
 -0.36828616E+02  0.00000000E+00
 -0.36818616E+02  0.00000000E+00
 -0.36808615E+02  0.00000000E+00
 -0.36798615E+02  0.00000000E+00
 -0.36788615E+02  0.00000000E+00
 -0.36778615E+02  0.00000000E+00
 -0.36768615E+02  0.00000000E+00
 -0.36758615E+02  0.00000000E+00
 -0.36748615E+02  0.00000000E+00
 -0.36738615E+02  0.00000000E+00
 -0.36728615E+02  0.00000000E+00
 -0.36718614E+02  0.00000000E+00
 -0.36708614E+02  0.00000000E+00
 -0.36698614E+02  0.00000000E+00
 -0.36688614E+02  0.00000000E+00
 -0.36678614E+02  0.00000000E+00
 -0.36668614E+02  0.00000000E+00
 -0.36658614E+02  0.00000000E+00
 -0.36648614E+02  0.00000000E+00
 -0.36638614E+02  0.00000000E+00
 -0.36628613E+02  0.00000000E+00
 -0.36618613E+02  0.00000000E+00
 -0.36608613E+02  0.00000000E+00
 -0.36598613E+02  0.00000000E+00
 -0.36588613E+02  0.00000000E+00
 -0.36578613E+02  0.00000000E+00
 -0.36568613E+02  0.00000000E+00
 -0.36558613E+02  0.00000000E+00
 -0.36548612E+02  0.00000000E+00
 -0.36538612E+02  0.00000000E+00
 -0.36528612E+02  0.00000000E+00
 -0.36518612E+02  0.00000000E+00
 -0.36508612E+02  0.00000000E+00
 -0.36498612E+02  0.00000000E+00
 -0.36488612E+02  0.00000000E+00
 -0.36478612E+02  0.00000000E+00
 -0.36468612E+02  0.00000000E+00
 -0.36458611E+02  0.00000000E+00
 -0.36448611E+02  0.00000000E+00
 -0.36438611E+02  0.00000000E+00
 -0.36428611E+02  0.00000000E+00
 -0.36418611E+02  0.00000000E+00
 -0.36408611E+02  0.00000000E+00
 -0.36398611E+02  0.00000000E+00
 -0.36388611E+02  0.00000000E+00
 -0.36378610E+02  0.00000000E+00
 -0.36368610E+02  0.00000000E+00
 -0.36358610E+02  0.00000000E+00
 -0.36348610E+02  0.00000000E+00
 -0.36338610E+02  0.00000000E+00
 -0.36328610E+02  0.00000000E+00
 -0.36318610E+02  0.00000000E+00
 -0.36308610E+02  0.00000000E+00
 -0.36298610E+02  0.00000000E+00
 -0.36288609E+02  0.00000000E+00
 -0.36278609E+02  0.00000000E+00
 -0.36268609E+02  0.00000000E+00
 -0.36258609E+02  0.00000000E+00
 -0.36248609E+02  0.00000000E+00
 -0.36238609E+02  0.00000000E+00
 -0.36228609E+02  0.00000000E+00
 -0.36218609E+02  0.00000000E+00
 -0.36208608E+02  0.00000000E+00
 -0.36198608E+02  0.00000000E+00
 -0.36188608E+02  0.00000000E+00
 -0.36178608E+02  0.00000000E+00
 -0.36168608E+02  0.00000000E+00
 -0.36158608E+02  0.00000000E+00
 -0.36148608E+02  0.00000000E+00
 -0.36138608E+02  0.00000000E+00
 -0.36128608E+02  0.00000000E+00
 -0.36118607E+02  0.00000000E+00
 -0.36108607E+02  0.00000000E+00
 -0.36098607E+02  0.00000000E+00
 -0.36088607E+02  0.00000000E+00
 -0.36078607E+02  0.00000000E+00
 -0.36068607E+02  0.00000000E+00
 -0.36058607E+02  0.00000000E+00
 -0.36048607E+02  0.00000000E+00
 -0.36038607E+02  0.00000000E+00
 -0.36028606E+02  0.00000000E+00
 -0.36018606E+02  0.00000000E+00
 -0.36008606E+02  0.00000000E+00
 -0.35998606E+02  0.00000000E+00
 -0.35988606E+02  0.00000000E+00
 -0.35978606E+02  0.00000000E+00
 -0.35968606E+02  0.00000000E+00
 -0.35958606E+02  0.00000000E+00
 -0.35948605E+02  0.00000000E+00
 -0.35938605E+02  0.00000000E+00
 -0.35928605E+02  0.00000000E+00
 -0.35918605E+02  0.00000000E+00
 -0.35908605E+02  0.00000000E+00
 -0.35898605E+02  0.00000000E+00
 -0.35888605E+02  0.00000000E+00
 -0.35878605E+02  0.00000000E+00
 -0.35868605E+02  0.00000000E+00
 -0.35858604E+02  0.00000000E+00
 -0.35848604E+02  0.00000000E+00
 -0.35838604E+02  0.00000000E+00
 -0.35828604E+02  0.00000000E+00
 -0.35818604E+02  0.00000000E+00
 -0.35808604E+02  0.00000000E+00
 -0.35798604E+02  0.00000000E+00
 -0.35788604E+02  0.00000000E+00
 -0.35778603E+02  0.00000000E+00
 -0.35768603E+02  0.00000000E+00
 -0.35758603E+02  0.00000000E+00
 -0.35748603E+02  0.00000000E+00
 -0.35738603E+02  0.00000000E+00
 -0.35728603E+02  0.00000000E+00
 -0.35718603E+02  0.00000000E+00
 -0.35708603E+02  0.00000000E+00
 -0.35698603E+02  0.00000000E+00
 -0.35688602E+02  0.00000000E+00
 -0.35678602E+02  0.00000000E+00
 -0.35668602E+02  0.00000000E+00
 -0.35658602E+02  0.00000000E+00
 -0.35648602E+02  0.00000000E+00
 -0.35638602E+02  0.00000000E+00
 -0.35628602E+02  0.00000000E+00
 -0.35618602E+02  0.00000000E+00
 -0.35608601E+02  0.00000000E+00
 -0.35598601E+02  0.00000000E+00
 -0.35588601E+02  0.00000000E+00
 -0.35578601E+02  0.00000000E+00
 -0.35568601E+02  0.00000000E+00
 -0.35558601E+02  0.00000000E+00
 -0.35548601E+02  0.00000000E+00
 -0.35538601E+02  0.00000000E+00
 -0.35528601E+02  0.00000000E+00
 -0.35518600E+02  0.00000000E+00
 -0.35508600E+02  0.00000000E+00
 -0.35498600E+02  0.00000000E+00
 -0.35488600E+02  0.00000000E+00
 -0.35478600E+02  0.00000000E+00
 -0.35468600E+02  0.00000000E+00
 -0.35458600E+02  0.00000000E+00
 -0.35448600E+02  0.00000000E+00
 -0.35438599E+02  0.00000000E+00
 -0.35428599E+02  0.00000000E+00
 -0.35418599E+02  0.00000000E+00
 -0.35408599E+02  0.00000000E+00
 -0.35398599E+02  0.00000000E+00
 -0.35388599E+02  0.00000000E+00
 -0.35378599E+02  0.00000000E+00
 -0.35368599E+02  0.00000000E+00
 -0.35358599E+02  0.00000000E+00
 -0.35348598E+02  0.00000000E+00
 -0.35338598E+02  0.00000000E+00
 -0.35328598E+02  0.00000000E+00
 -0.35318598E+02  0.00000000E+00
 -0.35308598E+02  0.00000000E+00
 -0.35298598E+02  0.00000000E+00
 -0.35288598E+02  0.00000000E+00
 -0.35278598E+02  0.00000000E+00
 -0.35268598E+02  0.00000000E+00
 -0.35258597E+02  0.00000000E+00
 -0.35248597E+02  0.00000000E+00
 -0.35238597E+02  0.00000000E+00
 -0.35228597E+02  0.00000000E+00
 -0.35218597E+02  0.00000000E+00
 -0.35208597E+02  0.00000000E+00
 -0.35198597E+02  0.00000000E+00
 -0.35188597E+02  0.00000000E+00
 -0.35178596E+02  0.00000000E+00
 -0.35168596E+02  0.00000000E+00
 -0.35158596E+02  0.00000000E+00
 -0.35148596E+02  0.00000000E+00
 -0.35138596E+02  0.00000000E+00
 -0.35128596E+02  0.00000000E+00
 -0.35118596E+02  0.00000000E+00
 -0.35108596E+02  0.00000000E+00
 -0.35098596E+02  0.00000000E+00
 -0.35088595E+02  0.00000000E+00
 -0.35078595E+02  0.00000000E+00
 -0.35068595E+02  0.00000000E+00
 -0.35058595E+02  0.00000000E+00
 -0.35048595E+02  0.00000000E+00
 -0.35038595E+02  0.00000000E+00
 -0.35028595E+02  0.00000000E+00
 -0.35018595E+02  0.00000000E+00
 -0.35008594E+02  0.00000000E+00
 -0.34998594E+02  0.00000000E+00
 -0.34988594E+02  0.00000000E+00
 -0.34978594E+02  0.00000000E+00
 -0.34968594E+02  0.00000000E+00
 -0.34958594E+02  0.00000000E+00
 -0.34948594E+02  0.00000000E+00
 -0.34938594E+02  0.00000000E+00
 -0.34928594E+02  0.00000000E+00
 -0.34918593E+02  0.00000000E+00
 -0.34908593E+02  0.00000000E+00
 -0.34898593E+02  0.00000000E+00
 -0.34888593E+02  0.00000000E+00
 -0.34878593E+02  0.00000000E+00
 -0.34868593E+02  0.00000000E+00
 -0.34858593E+02  0.00000000E+00
 -0.34848593E+02  0.00000000E+00
 -0.34838592E+02  0.00000000E+00
 -0.34828592E+02  0.00000000E+00
 -0.34818592E+02  0.00000000E+00
 -0.34808592E+02  0.00000000E+00
 -0.34798592E+02  0.00000000E+00
 -0.34788592E+02  0.00000000E+00
 -0.34778592E+02  0.00000000E+00
 -0.34768592E+02  0.00000000E+00
 -0.34758592E+02  0.00000000E+00
 -0.34748591E+02  0.00000000E+00
 -0.34738591E+02  0.00000000E+00
 -0.34728591E+02  0.00000000E+00
 -0.34718591E+02  0.00000000E+00
 -0.34708591E+02  0.00000000E+00
 -0.34698591E+02  0.00000000E+00
 -0.34688591E+02  0.00000000E+00
 -0.34678591E+02  0.00000000E+00
 -0.34668591E+02  0.00000000E+00
 -0.34658590E+02  0.00000000E+00
 -0.34648590E+02  0.00000000E+00
 -0.34638590E+02  0.00000000E+00
 -0.34628590E+02  0.00000000E+00
 -0.34618590E+02  0.00000000E+00
 -0.34608590E+02  0.00000000E+00
 -0.34598590E+02  0.00000000E+00
 -0.34588590E+02  0.00000000E+00
 -0.34578589E+02  0.00000000E+00
 -0.34568589E+02  0.00000000E+00
 -0.34558589E+02  0.00000000E+00
 -0.34548589E+02  0.00000000E+00
 -0.34538589E+02  0.00000000E+00
 -0.34528589E+02  0.00000000E+00
 -0.34518589E+02  0.00000000E+00
 -0.34508589E+02  0.00000000E+00
 -0.34498589E+02  0.00000000E+00
 -0.34488588E+02  0.00000000E+00
 -0.34478588E+02  0.00000000E+00
 -0.34468588E+02  0.00000000E+00
 -0.34458588E+02  0.00000000E+00
 -0.34448588E+02  0.00000000E+00
 -0.34438588E+02  0.00000000E+00
 -0.34428588E+02  0.00000000E+00
 -0.34418588E+02  0.00000000E+00
 -0.34408587E+02  0.00000000E+00
 -0.34398587E+02  0.00000000E+00
 -0.34388587E+02  0.00000000E+00
 -0.34378587E+02  0.00000000E+00
 -0.34368587E+02  0.00000000E+00
 -0.34358587E+02  0.00000000E+00
 -0.34348587E+02  0.00000000E+00
 -0.34338587E+02  0.00000000E+00
 -0.34328587E+02  0.00000000E+00
 -0.34318586E+02  0.00000000E+00
 -0.34308586E+02  0.00000000E+00
 -0.34298586E+02  0.00000000E+00
 -0.34288586E+02  0.00000000E+00
 -0.34278586E+02  0.00000000E+00
 -0.34268586E+02  0.00000000E+00
 -0.34258586E+02  0.00000000E+00
 -0.34248586E+02  0.00000000E+00
 -0.34238585E+02  0.00000000E+00
 -0.34228585E+02  0.00000000E+00
 -0.34218585E+02  0.00000000E+00
 -0.34208585E+02  0.00000000E+00
 -0.34198585E+02  0.00000000E+00
 -0.34188585E+02  0.00000000E+00
 -0.34178585E+02  0.00000000E+00
 -0.34168585E+02  0.00000000E+00
 -0.34158585E+02  0.00000000E+00
 -0.34148584E+02  0.00000000E+00
 -0.34138584E+02  0.00000000E+00
 -0.34128584E+02  0.00000000E+00
 -0.34118584E+02  0.00000000E+00
 -0.34108584E+02  0.00000000E+00
 -0.34098584E+02  0.00000000E+00
 -0.34088584E+02  0.00000000E+00
 -0.34078584E+02  0.00000000E+00
 -0.34068584E+02  0.00000000E+00
 -0.34058583E+02  0.00000000E+00
 -0.34048583E+02  0.00000000E+00
 -0.34038583E+02  0.00000000E+00
 -0.34028583E+02  0.00000000E+00
 -0.34018583E+02  0.00000000E+00
 -0.34008583E+02  0.00000000E+00
 -0.33998583E+02  0.00000000E+00
 -0.33988583E+02  0.00000000E+00
 -0.33978582E+02  0.00000000E+00
 -0.33968582E+02  0.00000000E+00
 -0.33958582E+02  0.00000000E+00
 -0.33948582E+02  0.00000000E+00
 -0.33938582E+02  0.00000000E+00
 -0.33928582E+02  0.00000000E+00
 -0.33918582E+02  0.00000000E+00
 -0.33908582E+02  0.00000000E+00
 -0.33898582E+02  0.00000000E+00
 -0.33888581E+02  0.00000000E+00
 -0.33878581E+02  0.00000000E+00
 -0.33868581E+02  0.00000000E+00
 -0.33858581E+02  0.00000000E+00
 -0.33848581E+02  0.00000000E+00
 -0.33838581E+02  0.00000000E+00
 -0.33828581E+02  0.00000000E+00
 -0.33818581E+02  0.00000000E+00
 -0.33808580E+02  0.00000000E+00
 -0.33798580E+02  0.00000000E+00
 -0.33788580E+02  0.00000000E+00
 -0.33778580E+02  0.00000000E+00
 -0.33768580E+02  0.00000000E+00
 -0.33758580E+02  0.00000000E+00
 -0.33748580E+02  0.00000000E+00
 -0.33738580E+02  0.00000000E+00
 -0.33728580E+02  0.00000000E+00
 -0.33718579E+02  0.00000000E+00
 -0.33708579E+02  0.00000000E+00
 -0.33698579E+02  0.00000000E+00
 -0.33688579E+02  0.00000000E+00
 -0.33678579E+02  0.00000000E+00
 -0.33668579E+02  0.00000000E+00
 -0.33658579E+02  0.00000000E+00
 -0.33648579E+02  0.00000000E+00
 -0.33638578E+02  0.00000000E+00
 -0.33628578E+02  0.00000000E+00
 -0.33618578E+02  0.00000000E+00
 -0.33608578E+02  0.00000000E+00
 -0.33598578E+02  0.00000000E+00
 -0.33588578E+02  0.00000000E+00
 -0.33578578E+02  0.00000000E+00
 -0.33568578E+02  0.00000000E+00
 -0.33558578E+02  0.00000000E+00
 -0.33548577E+02  0.00000000E+00
 -0.33538577E+02  0.00000000E+00
 -0.33528577E+02  0.00000000E+00
 -0.33518577E+02  0.00000000E+00
 -0.33508577E+02  0.00000000E+00
 -0.33498577E+02  0.00000000E+00
 -0.33488577E+02  0.00000000E+00
 -0.33478577E+02  0.00000000E+00
 -0.33468577E+02  0.00000000E+00
 -0.33458576E+02  0.00000000E+00
 -0.33448576E+02  0.00000000E+00
 -0.33438576E+02  0.00000000E+00
 -0.33428576E+02  0.00000000E+00
 -0.33418576E+02  0.00000000E+00
 -0.33408576E+02  0.00000000E+00
 -0.33398576E+02  0.00000000E+00
 -0.33388576E+02  0.00000000E+00
 -0.33378575E+02  0.00000000E+00
 -0.33368575E+02  0.00000000E+00
 -0.33358575E+02  0.00000000E+00
 -0.33348575E+02  0.00000000E+00
 -0.33338575E+02  0.00000000E+00
 -0.33328575E+02  0.00000000E+00
 -0.33318575E+02  0.00000000E+00
 -0.33308575E+02  0.00000000E+00
 -0.33298575E+02  0.00000000E+00
 -0.33288574E+02  0.00000000E+00
 -0.33278574E+02  0.00000000E+00
 -0.33268574E+02  0.00000000E+00
 -0.33258574E+02  0.00000000E+00
 -0.33248574E+02  0.00000000E+00
 -0.33238574E+02  0.00000000E+00
 -0.33228574E+02  0.00000000E+00
 -0.33218574E+02  0.00000000E+00
 -0.33208573E+02  0.00000000E+00
 -0.33198573E+02  0.00000000E+00
 -0.33188573E+02  0.00000000E+00
 -0.33178573E+02  0.00000000E+00
 -0.33168573E+02  0.00000000E+00
 -0.33158573E+02  0.00000000E+00
 -0.33148573E+02  0.00000000E+00
 -0.33138573E+02  0.00000000E+00
 -0.33128573E+02  0.00000000E+00
 -0.33118572E+02  0.00000000E+00
 -0.33108572E+02  0.00000000E+00
 -0.33098572E+02  0.00000000E+00
 -0.33088572E+02  0.00000000E+00
 -0.33078572E+02  0.00000000E+00
 -0.33068572E+02  0.00000000E+00
 -0.33058572E+02  0.00000000E+00
 -0.33048572E+02  0.00000000E+00
 -0.33038571E+02  0.00000000E+00
 -0.33028571E+02  0.00000000E+00
 -0.33018571E+02  0.00000000E+00
 -0.33008571E+02  0.00000000E+00
 -0.32998571E+02  0.00000000E+00
 -0.32988571E+02  0.00000000E+00
 -0.32978571E+02  0.00000000E+00
 -0.32968571E+02  0.00000000E+00
 -0.32958571E+02  0.00000000E+00
 -0.32948570E+02  0.00000000E+00
 -0.32938570E+02  0.00000000E+00
 -0.32928570E+02  0.00000000E+00
 -0.32918570E+02  0.00000000E+00
 -0.32908570E+02  0.00000000E+00
 -0.32898570E+02  0.00000000E+00
 -0.32888570E+02  0.00000000E+00
 -0.32878570E+02  0.00000000E+00
 -0.32868570E+02  0.00000000E+00
 -0.32858569E+02  0.00000000E+00
 -0.32848569E+02  0.00000000E+00
 -0.32838569E+02  0.00000000E+00
 -0.32828569E+02  0.00000000E+00
 -0.32818569E+02  0.00000000E+00
 -0.32808569E+02  0.00000000E+00
 -0.32798569E+02  0.00000000E+00
 -0.32788569E+02  0.00000000E+00
 -0.32778568E+02  0.00000000E+00
 -0.32768568E+02  0.00000000E+00
 -0.32758568E+02  0.00000000E+00
 -0.32748568E+02  0.00000000E+00
 -0.32738568E+02  0.00000000E+00
 -0.32728568E+02  0.00000000E+00
 -0.32718568E+02  0.00000000E+00
 -0.32708568E+02  0.00000000E+00
 -0.32698568E+02  0.00000000E+00
 -0.32688567E+02  0.00000000E+00
 -0.32678567E+02  0.00000000E+00
 -0.32668567E+02  0.00000000E+00
 -0.32658567E+02  0.00000000E+00
 -0.32648567E+02  0.00000000E+00
 -0.32638567E+02  0.00000000E+00
 -0.32628567E+02  0.00000000E+00
 -0.32618567E+02  0.00000000E+00
 -0.32608566E+02  0.00000000E+00
 -0.32598566E+02  0.00000000E+00
 -0.32588566E+02  0.00000000E+00
 -0.32578566E+02  0.00000000E+00
 -0.32568566E+02  0.00000000E+00
 -0.32558566E+02  0.00000000E+00
 -0.32548566E+02  0.00000000E+00
 -0.32538566E+02  0.00000000E+00
 -0.32528566E+02  0.00000000E+00
 -0.32518565E+02  0.00000000E+00
 -0.32508565E+02  0.00000000E+00
 -0.32498565E+02  0.00000000E+00
 -0.32488565E+02  0.00000000E+00
 -0.32478565E+02  0.00000000E+00
 -0.32468565E+02  0.00000000E+00
 -0.32458565E+02  0.00000000E+00
 -0.32448565E+02  0.00000000E+00
 -0.32438564E+02  0.00000000E+00
 -0.32428564E+02  0.00000000E+00
 -0.32418564E+02  0.00000000E+00
 -0.32408564E+02  0.00000000E+00
 -0.32398564E+02  0.00000000E+00
 -0.32388564E+02  0.00000000E+00
 -0.32378564E+02  0.00000000E+00
 -0.32368564E+02  0.00000000E+00
 -0.32358564E+02  0.00000000E+00
 -0.32348563E+02  0.00000000E+00
 -0.32338563E+02  0.00000000E+00
 -0.32328563E+02  0.00000000E+00
 -0.32318563E+02  0.00000000E+00
 -0.32308563E+02  0.00000000E+00
 -0.32298563E+02  0.00000000E+00
 -0.32288563E+02  0.00000000E+00
 -0.32278563E+02  0.00000000E+00
 -0.32268563E+02  0.00000000E+00
 -0.32258562E+02  0.00000000E+00
 -0.32248562E+02  0.00000000E+00
 -0.32238562E+02  0.00000000E+00
 -0.32228562E+02  0.00000000E+00
 -0.32218562E+02  0.00000000E+00
 -0.32208562E+02  0.00000000E+00
 -0.32198562E+02  0.00000000E+00
 -0.32188562E+02  0.00000000E+00
 -0.32178561E+02  0.00000000E+00
 -0.32168561E+02  0.00000000E+00
 -0.32158561E+02  0.00000000E+00
 -0.32148561E+02  0.00000000E+00
 -0.32138561E+02  0.00000000E+00
 -0.32128561E+02  0.00000000E+00
 -0.32118561E+02  0.00000000E+00
 -0.32108561E+02  0.00000000E+00
 -0.32098561E+02  0.00000000E+00
 -0.32088560E+02  0.00000000E+00
 -0.32078560E+02  0.00000000E+00
 -0.32068560E+02  0.00000000E+00
 -0.32058560E+02  0.00000000E+00
 -0.32048560E+02  0.00000000E+00
 -0.32038560E+02  0.00000000E+00
 -0.32028560E+02  0.00000000E+00
 -0.32018560E+02  0.00000000E+00
 -0.32008559E+02  0.00000000E+00
 -0.31998559E+02  0.00000000E+00
 -0.31988559E+02  0.00000000E+00
 -0.31978559E+02  0.00000000E+00
 -0.31968559E+02  0.00000000E+00
 -0.31958559E+02  0.00000000E+00
 -0.31948559E+02  0.00000000E+00
 -0.31938559E+02  0.00000000E+00
 -0.31928559E+02  0.00000000E+00
 -0.31918558E+02  0.00000000E+00
 -0.31908558E+02  0.00000000E+00
 -0.31898558E+02  0.00000000E+00
 -0.31888558E+02  0.00000000E+00
 -0.31878558E+02  0.00000000E+00
 -0.31868558E+02  0.00000000E+00
 -0.31858558E+02  0.00000000E+00
 -0.31848558E+02  0.00000000E+00
 -0.31838557E+02  0.00000000E+00
 -0.31828557E+02  0.00000000E+00
 -0.31818557E+02  0.00000000E+00
 -0.31808557E+02  0.00000000E+00
 -0.31798557E+02  0.00000000E+00
 -0.31788557E+02  0.00000000E+00
 -0.31778557E+02  0.00000000E+00
 -0.31768557E+02  0.00000000E+00
 -0.31758557E+02  0.00000000E+00
 -0.31748556E+02  0.00000000E+00
 -0.31738556E+02  0.00000000E+00
 -0.31728556E+02  0.00000000E+00
 -0.31718556E+02  0.00000000E+00
 -0.31708556E+02  0.00000000E+00
 -0.31698556E+02  0.00000000E+00
 -0.31688556E+02  0.00000000E+00
 -0.31678556E+02  0.00000000E+00
 -0.31668556E+02  0.00000000E+00
 -0.31658555E+02  0.00000000E+00
 -0.31648555E+02  0.00000000E+00
 -0.31638555E+02  0.00000000E+00
 -0.31628555E+02  0.00000000E+00
 -0.31618555E+02  0.00000000E+00
 -0.31608555E+02  0.00000000E+00
 -0.31598555E+02  0.00000000E+00
 -0.31588555E+02  0.00000000E+00
 -0.31578554E+02  0.00000000E+00
 -0.31568554E+02  0.00000000E+00
 -0.31558554E+02  0.00000000E+00
 -0.31548554E+02  0.00000000E+00
 -0.31538554E+02  0.00000000E+00
 -0.31528554E+02  0.00000000E+00
 -0.31518554E+02  0.00000000E+00
 -0.31508554E+02  0.00000000E+00
 -0.31498554E+02  0.00000000E+00
 -0.31488553E+02  0.00000000E+00
 -0.31478553E+02  0.00000000E+00
 -0.31468553E+02  0.00000000E+00
 -0.31458553E+02  0.00000000E+00
 -0.31448553E+02  0.00000000E+00
 -0.31438553E+02  0.00000000E+00
 -0.31428553E+02  0.00000000E+00
 -0.31418553E+02  0.00000000E+00
 -0.31408552E+02  0.00000000E+00
 -0.31398552E+02  0.00000000E+00
 -0.31388552E+02  0.00000000E+00
 -0.31378552E+02  0.00000000E+00
 -0.31368552E+02  0.00000000E+00
 -0.31358552E+02  0.00000000E+00
 -0.31348552E+02  0.00000000E+00
 -0.31338552E+02  0.00000000E+00
 -0.31328552E+02  0.00000000E+00
 -0.31318551E+02  0.00000000E+00
 -0.31308551E+02  0.00000000E+00
 -0.31298551E+02  0.00000000E+00
 -0.31288551E+02  0.00000000E+00
 -0.31278551E+02  0.00000000E+00
 -0.31268551E+02  0.00000000E+00
 -0.31258551E+02  0.00000000E+00
 -0.31248551E+02  0.00000000E+00
 -0.31238550E+02  0.00000000E+00
 -0.31228550E+02  0.00000000E+00
 -0.31218550E+02  0.00000000E+00
 -0.31208550E+02  0.00000000E+00
 -0.31198550E+02  0.00000000E+00
 -0.31188550E+02  0.00000000E+00
 -0.31178550E+02  0.00000000E+00
 -0.31168550E+02  0.00000000E+00
 -0.31158550E+02  0.00000000E+00
 -0.31148549E+02  0.00000000E+00
 -0.31138549E+02  0.00000000E+00
 -0.31128549E+02  0.00000000E+00
 -0.31118549E+02  0.00000000E+00
 -0.31108549E+02  0.00000000E+00
 -0.31098549E+02  0.00000000E+00
 -0.31088549E+02  0.00000000E+00
 -0.31078549E+02  0.00000000E+00
 -0.31068549E+02  0.00000000E+00
 -0.31058548E+02  0.00000000E+00
 -0.31048548E+02  0.00000000E+00
 -0.31038548E+02  0.00000000E+00
 -0.31028548E+02  0.00000000E+00
 -0.31018548E+02  0.00000000E+00
 -0.31008548E+02  0.00000000E+00
 -0.30998548E+02  0.00000000E+00
 -0.30988548E+02  0.00000000E+00
 -0.30978547E+02  0.00000000E+00
 -0.30968547E+02  0.00000000E+00
 -0.30958547E+02  0.00000000E+00
 -0.30948547E+02  0.00000000E+00
 -0.30938547E+02  0.00000000E+00
 -0.30928547E+02  0.00000000E+00
 -0.30918547E+02  0.00000000E+00
 -0.30908547E+02  0.00000000E+00
 -0.30898547E+02  0.00000000E+00
 -0.30888546E+02  0.00000000E+00
 -0.30878546E+02  0.00000000E+00
 -0.30868546E+02  0.00000000E+00
 -0.30858546E+02  0.00000000E+00
 -0.30848546E+02  0.00000000E+00
 -0.30838546E+02  0.00000000E+00
 -0.30828546E+02  0.00000000E+00
 -0.30818546E+02  0.00000000E+00
 -0.30808545E+02  0.00000000E+00
 -0.30798545E+02  0.00000000E+00
 -0.30788545E+02  0.00000000E+00
 -0.30778545E+02  0.00000000E+00
 -0.30768545E+02  0.00000000E+00
 -0.30758545E+02  0.00000000E+00
 -0.30748545E+02  0.00000000E+00
 -0.30738545E+02  0.00000000E+00
 -0.30728545E+02  0.00000000E+00
 -0.30718544E+02  0.00000000E+00
 -0.30708544E+02  0.00000000E+00
 -0.30698544E+02  0.00000000E+00
 -0.30688544E+02  0.00000000E+00
 -0.30678544E+02  0.00000000E+00
 -0.30668544E+02  0.00000000E+00
 -0.30658544E+02  0.00000000E+00
 -0.30648544E+02  0.00000000E+00
 -0.30638543E+02  0.00000000E+00
 -0.30628543E+02  0.00000000E+00
 -0.30618543E+02  0.00000000E+00
 -0.30608543E+02  0.00000000E+00
 -0.30598543E+02  0.00000000E+00
 -0.30588543E+02  0.00000000E+00
 -0.30578543E+02  0.00000000E+00
 -0.30568543E+02  0.00000000E+00
 -0.30558543E+02  0.00000000E+00
 -0.30548542E+02  0.00000000E+00
 -0.30538542E+02  0.00000000E+00
 -0.30528542E+02  0.00000000E+00
 -0.30518542E+02  0.00000000E+00
 -0.30508542E+02  0.00000000E+00
 -0.30498542E+02  0.00000000E+00
 -0.30488542E+02  0.00000000E+00
 -0.30478542E+02  0.00000000E+00
 -0.30468542E+02  0.00000000E+00
 -0.30458541E+02  0.00000000E+00
 -0.30448541E+02  0.00000000E+00
 -0.30438541E+02  0.00000000E+00
 -0.30428541E+02  0.00000000E+00
 -0.30418541E+02  0.00000000E+00
 -0.30408541E+02  0.00000000E+00
 -0.30398541E+02  0.00000000E+00
 -0.30388541E+02  0.00000000E+00
 -0.30378540E+02  0.00000000E+00
 -0.30368540E+02  0.00000000E+00
 -0.30358540E+02  0.00000000E+00
 -0.30348540E+02  0.00000000E+00
 -0.30338540E+02  0.00000000E+00
 -0.30328540E+02  0.00000000E+00
 -0.30318540E+02  0.00000000E+00
 -0.30308540E+02  0.00000000E+00
 -0.30298540E+02  0.00000000E+00
 -0.30288539E+02  0.00000000E+00
 -0.30278539E+02  0.00000000E+00
 -0.30268539E+02  0.00000000E+00
 -0.30258539E+02  0.00000000E+00
 -0.30248539E+02  0.00000000E+00
 -0.30238539E+02  0.00000000E+00
 -0.30228539E+02  0.00000000E+00
 -0.30218539E+02  0.00000000E+00
 -0.30208538E+02  0.00000000E+00
 -0.30198538E+02  0.00000000E+00
 -0.30188538E+02  0.00000000E+00
 -0.30178538E+02  0.00000000E+00
 -0.30168538E+02  0.00000000E+00
 -0.30158538E+02  0.00000000E+00
 -0.30148538E+02  0.00000000E+00
 -0.30138538E+02  0.00000000E+00
 -0.30128538E+02  0.00000000E+00
 -0.30118537E+02  0.00000000E+00
 -0.30108537E+02  0.00000000E+00
 -0.30098537E+02  0.00000000E+00
 -0.30088537E+02  0.00000000E+00
 -0.30078537E+02  0.00000000E+00
 -0.30068537E+02  0.00000000E+00
 -0.30058537E+02  0.00000000E+00
 -0.30048537E+02  0.00000000E+00
 -0.30038536E+02  0.00000000E+00
 -0.30028536E+02  0.00000000E+00
 -0.30018536E+02  0.00000000E+00
 -0.30008536E+02  0.00000000E+00
 -0.29998536E+02  0.00000000E+00
 -0.29988536E+02  0.00000000E+00
 -0.29978536E+02  0.00000000E+00
 -0.29968536E+02  0.00000000E+00
 -0.29958536E+02  0.00000000E+00
 -0.29948535E+02  0.00000000E+00
 -0.29938535E+02  0.00000000E+00
 -0.29928535E+02  0.00000000E+00
 -0.29918535E+02  0.00000000E+00
 -0.29908535E+02  0.00000000E+00
 -0.29898535E+02  0.00000000E+00
 -0.29888535E+02  0.00000000E+00
 -0.29878535E+02  0.00000000E+00
 -0.29868535E+02  0.00000000E+00
 -0.29858534E+02  0.00000000E+00
 -0.29848534E+02  0.00000000E+00
 -0.29838534E+02  0.00000000E+00
 -0.29828534E+02  0.00000000E+00
 -0.29818534E+02  0.00000000E+00
 -0.29808534E+02  0.00000000E+00
 -0.29798534E+02  0.00000000E+00
 -0.29788534E+02  0.00000000E+00
 -0.29778533E+02  0.00000000E+00
 -0.29768533E+02  0.00000000E+00
 -0.29758533E+02  0.00000000E+00
 -0.29748533E+02  0.00000000E+00
 -0.29738533E+02  0.00000000E+00
 -0.29728533E+02  0.00000000E+00
 -0.29718533E+02  0.00000000E+00
 -0.29708533E+02  0.00000000E+00
 -0.29698533E+02  0.00000000E+00
 -0.29688532E+02  0.00000000E+00
 -0.29678532E+02  0.00000000E+00
 -0.29668532E+02  0.00000000E+00
 -0.29658532E+02  0.00000000E+00
 -0.29648532E+02  0.00000000E+00
 -0.29638532E+02  0.00000000E+00
 -0.29628532E+02  0.00000000E+00
 -0.29618532E+02  0.00000000E+00
 -0.29608531E+02  0.00000000E+00
 -0.29598531E+02  0.00000000E+00
 -0.29588531E+02  0.00000000E+00
 -0.29578531E+02  0.00000000E+00
 -0.29568531E+02  0.00000000E+00
 -0.29558531E+02  0.00000000E+00
 -0.29548531E+02  0.00000000E+00
 -0.29538531E+02  0.00000000E+00
 -0.29528531E+02  0.00000000E+00
 -0.29518530E+02  0.00000000E+00
 -0.29508530E+02  0.00000000E+00
 -0.29498530E+02  0.00000000E+00
 -0.29488530E+02  0.00000000E+00
 -0.29478530E+02  0.00000000E+00
 -0.29468530E+02  0.00000000E+00
 -0.29458530E+02  0.00000000E+00
 -0.29448530E+02  0.00000000E+00
 -0.29438529E+02  0.00000000E+00
 -0.29428529E+02  0.00000000E+00
 -0.29418529E+02  0.00000000E+00
 -0.29408529E+02  0.00000000E+00
 -0.29398529E+02  0.00000000E+00
 -0.29388529E+02  0.00000000E+00
 -0.29378529E+02  0.00000000E+00
 -0.29368529E+02  0.00000000E+00
 -0.29358529E+02  0.00000000E+00
 -0.29348528E+02  0.00000000E+00
 -0.29338528E+02  0.00000000E+00
 -0.29328528E+02  0.00000000E+00
 -0.29318528E+02  0.00000000E+00
 -0.29308528E+02  0.00000000E+00
 -0.29298528E+02  0.00000000E+00
 -0.29288528E+02  0.00000000E+00
 -0.29278528E+02  0.00000000E+00
 -0.29268528E+02  0.00000000E+00
 -0.29258527E+02  0.00000000E+00
 -0.29248527E+02  0.00000000E+00
 -0.29238527E+02  0.00000000E+00
 -0.29228527E+02  0.00000000E+00
 -0.29218527E+02  0.00000000E+00
 -0.29208527E+02  0.00000000E+00
 -0.29198527E+02  0.00000000E+00
 -0.29188527E+02  0.00000000E+00
 -0.29178526E+02  0.00000000E+00
 -0.29168526E+02  0.00000000E+00
 -0.29158526E+02  0.00000000E+00
 -0.29148526E+02  0.00000000E+00
 -0.29138526E+02  0.00000000E+00
 -0.29128526E+02  0.00000000E+00
 -0.29118526E+02  0.00000000E+00
 -0.29108526E+02  0.00000000E+00
 -0.29098526E+02  0.00000000E+00
 -0.29088525E+02  0.00000000E+00
 -0.29078525E+02  0.00000000E+00
 -0.29068525E+02  0.00000000E+00
 -0.29058525E+02  0.00000000E+00
 -0.29048525E+02  0.00000000E+00
 -0.29038525E+02  0.00000000E+00
 -0.29028525E+02  0.00000000E+00
 -0.29018525E+02  0.00000000E+00
 -0.29008524E+02  0.00000000E+00
 -0.28998524E+02  0.00000000E+00
 -0.28988524E+02  0.00000000E+00
 -0.28978524E+02  0.00000000E+00
 -0.28968524E+02  0.00000000E+00
 -0.28958524E+02  0.00000000E+00
 -0.28948524E+02  0.00000000E+00
 -0.28938524E+02  0.00000000E+00
 -0.28928524E+02  0.00000000E+00
 -0.28918523E+02  0.00000000E+00
 -0.28908523E+02  0.00000000E+00
 -0.28898523E+02  0.00000000E+00
 -0.28888523E+02  0.00000000E+00
 -0.28878523E+02  0.00000000E+00
 -0.28868523E+02  0.00000000E+00
 -0.28858523E+02  0.00000000E+00
 -0.28848523E+02  0.00000000E+00
 -0.28838522E+02  0.00000000E+00
 -0.28828522E+02  0.00000000E+00
 -0.28818522E+02  0.00000000E+00
 -0.28808522E+02  0.00000000E+00
 -0.28798522E+02  0.00000000E+00
 -0.28788522E+02  0.00000000E+00
 -0.28778522E+02  0.00000000E+00
 -0.28768522E+02  0.00000000E+00
 -0.28758522E+02  0.00000000E+00
 -0.28748521E+02  0.00000000E+00
 -0.28738521E+02  0.00000000E+00
 -0.28728521E+02  0.00000000E+00
 -0.28718521E+02  0.00000000E+00
 -0.28708521E+02  0.00000000E+00
 -0.28698521E+02  0.00000000E+00
 -0.28688521E+02  0.00000000E+00
 -0.28678521E+02  0.00000000E+00
 -0.28668521E+02  0.00000000E+00
 -0.28658520E+02  0.00000000E+00
 -0.28648520E+02  0.00000000E+00
 -0.28638520E+02  0.00000000E+00
 -0.28628520E+02  0.00000000E+00
 -0.28618520E+02  0.00000000E+00
 -0.28608520E+02  0.00000000E+00
 -0.28598520E+02  0.00000000E+00
 -0.28588520E+02  0.00000000E+00
 -0.28578519E+02  0.00000000E+00
 -0.28568519E+02  0.00000000E+00
 -0.28558519E+02  0.00000000E+00
 -0.28548519E+02  0.00000000E+00
 -0.28538519E+02  0.00000000E+00
 -0.28528519E+02  0.00000000E+00
 -0.28518519E+02  0.00000000E+00
 -0.28508519E+02  0.00000000E+00
 -0.28498519E+02  0.00000000E+00
 -0.28488518E+02  0.00000000E+00
 -0.28478518E+02  0.00000000E+00
 -0.28468518E+02  0.00000000E+00
 -0.28458518E+02  0.00000000E+00
 -0.28448518E+02  0.00000000E+00
 -0.28438518E+02  0.00000000E+00
 -0.28428518E+02  0.00000000E+00
 -0.28418518E+02  0.00000000E+00
 -0.28408517E+02  0.00000000E+00
 -0.28398517E+02  0.00000000E+00
 -0.28388517E+02  0.00000000E+00
 -0.28378517E+02  0.00000000E+00
 -0.28368517E+02  0.00000000E+00
 -0.28358517E+02  0.00000000E+00
 -0.28348517E+02  0.00000000E+00
 -0.28338517E+02  0.00000000E+00
 -0.28328517E+02  0.00000000E+00
 -0.28318516E+02  0.00000000E+00
 -0.28308516E+02  0.00000000E+00
 -0.28298516E+02  0.00000000E+00
 -0.28288516E+02  0.00000000E+00
 -0.28278516E+02  0.00000000E+00
 -0.28268516E+02  0.00000000E+00
 -0.28258516E+02  0.00000000E+00
 -0.28248516E+02  0.00000000E+00
 -0.28238515E+02  0.00000000E+00
 -0.28228515E+02  0.00000000E+00
 -0.28218515E+02  0.00000000E+00
 -0.28208515E+02  0.00000000E+00
 -0.28198515E+02  0.00000000E+00
 -0.28188515E+02  0.00000000E+00
 -0.28178515E+02  0.00000000E+00
 -0.28168515E+02  0.00000000E+00
 -0.28158515E+02  0.00000000E+00
 -0.28148514E+02  0.00000000E+00
 -0.28138514E+02  0.00000000E+00
 -0.28128514E+02  0.00000000E+00
 -0.28118514E+02  0.00000000E+00
 -0.28108514E+02  0.00000000E+00
 -0.28098514E+02  0.00000000E+00
 -0.28088514E+02  0.00000000E+00
 -0.28078514E+02  0.00000000E+00
 -0.28068514E+02  0.00000000E+00
 -0.28058513E+02  0.00000000E+00
 -0.28048513E+02  0.00000000E+00
 -0.28038513E+02  0.00000000E+00
 -0.28028513E+02  0.00000000E+00
 -0.28018513E+02  0.00000000E+00
 -0.28008513E+02  0.00000000E+00
 -0.27998513E+02  0.00000000E+00
 -0.27988513E+02  0.00000000E+00
 -0.27978512E+02  0.00000000E+00
 -0.27968512E+02  0.00000000E+00
 -0.27958512E+02  0.00000000E+00
 -0.27948512E+02  0.00000000E+00
 -0.27938512E+02  0.00000000E+00
 -0.27928512E+02  0.00000000E+00
 -0.27918512E+02  0.00000000E+00
 -0.27908512E+02  0.00000000E+00
 -0.27898512E+02  0.00000000E+00
 -0.27888511E+02  0.00000000E+00
 -0.27878511E+02  0.00000000E+00
 -0.27868511E+02  0.00000000E+00
 -0.27858511E+02  0.00000000E+00
 -0.27848511E+02  0.00000000E+00
 -0.27838511E+02  0.00000000E+00
 -0.27828511E+02  0.00000000E+00
 -0.27818511E+02  0.00000000E+00
 -0.27808510E+02  0.00000000E+00
 -0.27798510E+02  0.00000000E+00
 -0.27788510E+02  0.00000000E+00
 -0.27778510E+02  0.00000000E+00
 -0.27768510E+02  0.00000000E+00
 -0.27758510E+02  0.00000000E+00
 -0.27748510E+02  0.00000000E+00
 -0.27738510E+02  0.00000000E+00
 -0.27728510E+02  0.00000000E+00
 -0.27718509E+02  0.00000000E+00
 -0.27708509E+02  0.00000000E+00
 -0.27698509E+02  0.00000000E+00
 -0.27688509E+02  0.00000000E+00
 -0.27678509E+02  0.00000000E+00
 -0.27668509E+02  0.00000000E+00
 -0.27658509E+02  0.00000000E+00
 -0.27648509E+02  0.00000000E+00
 -0.27638508E+02  0.00000000E+00
 -0.27628508E+02  0.00000000E+00
 -0.27618508E+02  0.00000000E+00
 -0.27608508E+02  0.00000000E+00
 -0.27598508E+02  0.00000000E+00
 -0.27588508E+02  0.00000000E+00
 -0.27578508E+02  0.00000000E+00
 -0.27568508E+02  0.00000000E+00
 -0.27558508E+02  0.00000000E+00
 -0.27548507E+02  0.00000000E+00
 -0.27538507E+02  0.00000000E+00
 -0.27528507E+02  0.00000000E+00
 -0.27518507E+02  0.00000000E+00
 -0.27508507E+02  0.00000000E+00
 -0.27498507E+02  0.00000000E+00
 -0.27488507E+02  0.00000000E+00
 -0.27478507E+02  0.00000000E+00
 -0.27468506E+02  0.00000000E+00
 -0.27458506E+02  0.00000000E+00
 -0.27448506E+02  0.00000000E+00
 -0.27438506E+02  0.00000000E+00
 -0.27428506E+02  0.00000000E+00
 -0.27418506E+02  0.00000000E+00
 -0.27408506E+02  0.00000000E+00
 -0.27398506E+02  0.00000000E+00
 -0.27388506E+02  0.00000000E+00
 -0.27378505E+02  0.00000000E+00
 -0.27368505E+02  0.00000000E+00
 -0.27358505E+02  0.00000000E+00
 -0.27348505E+02  0.00000000E+00
 -0.27338505E+02  0.00000000E+00
 -0.27328505E+02  0.00000000E+00
 -0.27318505E+02  0.00000000E+00
 -0.27308505E+02  0.00000000E+00
 -0.27298505E+02  0.00000000E+00
 -0.27288504E+02  0.00000000E+00
 -0.27278504E+02  0.00000000E+00
 -0.27268504E+02  0.00000000E+00
 -0.27258504E+02  0.00000000E+00
 -0.27248504E+02  0.00000000E+00
 -0.27238504E+02  0.00000000E+00
 -0.27228504E+02  0.00000000E+00
 -0.27218504E+02  0.00000000E+00
 -0.27208503E+02  0.00000000E+00
 -0.27198503E+02  0.00000000E+00
 -0.27188503E+02  0.00000000E+00
 -0.27178503E+02  0.00000000E+00
 -0.27168503E+02  0.00000000E+00
 -0.27158503E+02  0.00000000E+00
 -0.27148503E+02  0.00000000E+00
 -0.27138503E+02  0.00000000E+00
 -0.27128503E+02  0.00000000E+00
 -0.27118502E+02  0.00000000E+00
 -0.27108502E+02  0.00000000E+00
 -0.27098502E+02  0.00000000E+00
 -0.27088502E+02  0.00000000E+00
 -0.27078502E+02  0.00000000E+00
 -0.27068502E+02  0.00000000E+00
 -0.27058502E+02  0.00000000E+00
 -0.27048502E+02  0.00000000E+00
 -0.27038501E+02  0.00000000E+00
 -0.27028501E+02  0.00000000E+00
 -0.27018501E+02  0.00000000E+00
 -0.27008501E+02  0.00000000E+00
 -0.26998501E+02  0.00000000E+00
 -0.26988501E+02  0.00000000E+00
 -0.26978501E+02  0.00000000E+00
 -0.26968501E+02  0.00000000E+00
 -0.26958501E+02  0.00000000E+00
 -0.26948500E+02  0.00000000E+00
 -0.26938500E+02  0.00000000E+00
 -0.26928500E+02  0.00000000E+00
 -0.26918500E+02  0.00000000E+00
 -0.26908500E+02  0.00000000E+00
 -0.26898500E+02  0.00000000E+00
 -0.26888500E+02  0.00000000E+00
 -0.26878500E+02  0.00000000E+00
 -0.26868499E+02  0.00000000E+00
 -0.26858499E+02  0.00000000E+00
 -0.26848499E+02  0.00000000E+00
 -0.26838499E+02  0.00000000E+00
 -0.26828499E+02  0.00000000E+00
 -0.26818499E+02  0.00000000E+00
 -0.26808499E+02  0.00000000E+00
 -0.26798499E+02  0.00000000E+00
 -0.26788499E+02  0.00000000E+00
 -0.26778498E+02  0.00000000E+00
 -0.26768498E+02  0.00000000E+00
 -0.26758498E+02  0.00000000E+00
 -0.26748498E+02  0.00000000E+00
 -0.26738498E+02  0.00000000E+00
 -0.26728498E+02  0.00000000E+00
 -0.26718498E+02  0.00000000E+00
 -0.26708498E+02  0.00000000E+00
 -0.26698498E+02  0.00000000E+00
 -0.26688497E+02  0.00000000E+00
 -0.26678497E+02  0.00000000E+00
 -0.26668497E+02  0.00000000E+00
 -0.26658497E+02  0.00000000E+00
 -0.26648497E+02  0.00000000E+00
 -0.26638497E+02  0.00000000E+00
 -0.26628497E+02  0.00000000E+00
 -0.26618497E+02  0.00000000E+00
 -0.26608496E+02  0.00000000E+00
 -0.26598496E+02  0.00000000E+00
 -0.26588496E+02  0.00000000E+00
 -0.26578496E+02  0.00000000E+00
 -0.26568496E+02  0.00000000E+00
 -0.26558496E+02  0.00000000E+00
 -0.26548496E+02  0.00000000E+00
 -0.26538496E+02  0.00000000E+00
 -0.26528496E+02  0.00000000E+00
 -0.26518495E+02  0.00000000E+00
 -0.26508495E+02  0.00000000E+00
 -0.26498495E+02  0.00000000E+00
 -0.26488495E+02  0.00000000E+00
 -0.26478495E+02  0.00000000E+00
 -0.26468495E+02  0.00000000E+00
 -0.26458495E+02  0.00000000E+00
 -0.26448495E+02  0.00000000E+00
 -0.26438494E+02  0.00000000E+00
 -0.26428494E+02  0.00000000E+00
 -0.26418494E+02  0.00000000E+00
 -0.26408494E+02  0.00000000E+00
 -0.26398494E+02  0.00000000E+00
 -0.26388494E+02  0.00000000E+00
 -0.26378494E+02  0.00000000E+00
 -0.26368494E+02  0.00000000E+00
 -0.26358494E+02  0.00000000E+00
 -0.26348493E+02  0.00000000E+00
 -0.26338493E+02  0.00000000E+00
 -0.26328493E+02  0.00000000E+00
 -0.26318493E+02  0.00000000E+00
 -0.26308493E+02  0.00000000E+00
 -0.26298493E+02  0.00000000E+00
 -0.26288493E+02  0.00000000E+00
 -0.26278493E+02  0.00000000E+00
 -0.26268492E+02  0.00000000E+00
 -0.26258492E+02  0.00000000E+00
 -0.26248492E+02  0.00000000E+00
 -0.26238492E+02  0.00000000E+00
 -0.26228492E+02  0.00000000E+00
 -0.26218492E+02  0.00000000E+00
 -0.26208492E+02  0.00000000E+00
 -0.26198492E+02  0.00000000E+00
 -0.26188492E+02  0.00000000E+00
 -0.26178491E+02  0.00000000E+00
 -0.26168491E+02  0.00000000E+00
 -0.26158491E+02  0.00000000E+00
 -0.26148491E+02  0.00000000E+00
 -0.26138491E+02  0.00000000E+00
 -0.26128491E+02  0.00000000E+00
 -0.26118491E+02  0.00000000E+00
 -0.26108491E+02  0.00000000E+00
 -0.26098491E+02  0.00000000E+00
 -0.26088490E+02  0.00000000E+00
 -0.26078490E+02  0.00000000E+00
 -0.26068490E+02  0.00000000E+00
 -0.26058490E+02  0.00000000E+00
 -0.26048490E+02  0.00000000E+00
 -0.26038490E+02  0.00000000E+00
 -0.26028490E+02  0.00000000E+00
 -0.26018490E+02  0.00000000E+00
 -0.26008489E+02  0.00000000E+00
 -0.25998489E+02  0.00000000E+00
 -0.25988489E+02  0.00000000E+00
 -0.25978489E+02  0.00000000E+00
 -0.25968489E+02  0.00000000E+00
 -0.25958489E+02  0.00000000E+00
 -0.25948489E+02  0.00000000E+00
 -0.25938489E+02  0.00000000E+00
 -0.25928489E+02  0.00000000E+00
 -0.25918488E+02  0.00000000E+00
 -0.25908488E+02  0.00000000E+00
 -0.25898488E+02  0.00000000E+00
 -0.25888488E+02  0.00000000E+00
 -0.25878488E+02  0.00000000E+00
 -0.25868488E+02  0.00000000E+00
 -0.25858488E+02  0.00000000E+00
 -0.25848488E+02  0.00000000E+00
 -0.25838487E+02  0.00000000E+00
 -0.25828487E+02  0.00000000E+00
 -0.25818487E+02  0.00000000E+00
 -0.25808487E+02  0.00000000E+00
 -0.25798487E+02  0.00000000E+00
 -0.25788487E+02  0.00000000E+00
 -0.25778487E+02  0.00000000E+00
 -0.25768487E+02  0.00000000E+00
 -0.25758487E+02  0.00000000E+00
 -0.25748486E+02  0.00000000E+00
 -0.25738486E+02  0.00000000E+00
 -0.25728486E+02  0.00000000E+00
 -0.25718486E+02  0.00000000E+00
 -0.25708486E+02  0.00000000E+00
 -0.25698486E+02  0.00000000E+00
 -0.25688486E+02  0.00000000E+00
 -0.25678486E+02  0.00000000E+00
 -0.25668485E+02  0.00000000E+00
 -0.25658485E+02  0.00000000E+00
 -0.25648485E+02  0.00000000E+00
 -0.25638485E+02  0.00000000E+00
 -0.25628485E+02  0.00000000E+00
 -0.25618485E+02  0.00000000E+00
 -0.25608485E+02  0.00000000E+00
 -0.25598485E+02  0.00000000E+00
 -0.25588485E+02  0.00000000E+00
 -0.25578484E+02  0.00000000E+00
 -0.25568484E+02  0.00000000E+00
 -0.25558484E+02  0.00000000E+00
 -0.25548484E+02  0.00000000E+00
 -0.25538484E+02  0.00000000E+00
 -0.25528484E+02  0.00000000E+00
 -0.25518484E+02  0.00000000E+00
 -0.25508484E+02  0.00000000E+00
 -0.25498484E+02  0.00000000E+00
 -0.25488483E+02  0.00000000E+00
 -0.25478483E+02  0.00000000E+00
 -0.25468483E+02  0.00000000E+00
 -0.25458483E+02  0.00000000E+00
 -0.25448483E+02  0.00000000E+00
 -0.25438483E+02  0.00000000E+00
 -0.25428483E+02  0.00000000E+00
 -0.25418483E+02  0.00000000E+00
 -0.25408482E+02  0.00000000E+00
 -0.25398482E+02  0.00000000E+00
 -0.25388482E+02  0.00000000E+00
 -0.25378482E+02  0.00000000E+00
 -0.25368482E+02  0.00000000E+00
 -0.25358482E+02  0.00000000E+00
 -0.25348482E+02  0.00000000E+00
 -0.25338482E+02  0.00000000E+00
 -0.25328482E+02  0.00000000E+00
 -0.25318481E+02  0.00000000E+00
 -0.25308481E+02  0.00000000E+00
 -0.25298481E+02  0.00000000E+00
 -0.25288481E+02  0.00000000E+00
 -0.25278481E+02  0.00000000E+00
 -0.25268481E+02  0.00000000E+00
 -0.25258481E+02  0.00000000E+00
 -0.25248481E+02  0.00000000E+00
 -0.25238480E+02  0.00000000E+00
 -0.25228480E+02  0.00000000E+00
 -0.25218480E+02  0.00000000E+00
 -0.25208480E+02  0.00000000E+00
 -0.25198480E+02  0.00000000E+00
 -0.25188480E+02  0.00000000E+00
 -0.25178480E+02  0.00000000E+00
 -0.25168480E+02  0.00000000E+00
 -0.25158480E+02  0.00000000E+00
 -0.25148479E+02  0.00000000E+00
 -0.25138479E+02  0.00000000E+00
 -0.25128479E+02  0.00000000E+00
 -0.25118479E+02  0.00000000E+00
 -0.25108479E+02  0.00000000E+00
 -0.25098479E+02  0.00000000E+00
 -0.25088479E+02  0.00000000E+00
 -0.25078479E+02  0.00000000E+00
 -0.25068478E+02  0.00000000E+00
 -0.25058478E+02  0.00000000E+00
 -0.25048478E+02  0.00000000E+00
 -0.25038478E+02  0.00000000E+00
 -0.25028478E+02  0.00000000E+00
 -0.25018478E+02  0.00000000E+00
 -0.25008478E+02  0.00000000E+00
 -0.24998478E+02  0.00000000E+00
 -0.24988478E+02  0.00000000E+00
 -0.24978477E+02  0.00000000E+00
 -0.24968477E+02  0.00000000E+00
 -0.24958477E+02  0.00000000E+00
 -0.24948477E+02  0.00000000E+00
 -0.24938477E+02  0.00000000E+00
 -0.24928477E+02  0.00000000E+00
 -0.24918477E+02  0.00000000E+00
 -0.24908477E+02  0.00000000E+00
 -0.24898477E+02  0.00000000E+00
 -0.24888476E+02  0.00000000E+00
 -0.24878476E+02  0.00000000E+00
 -0.24868476E+02  0.00000000E+00
 -0.24858476E+02  0.00000000E+00
 -0.24848476E+02  0.00000000E+00
 -0.24838476E+02  0.00000000E+00
 -0.24828476E+02  0.00000000E+00
 -0.24818476E+02  0.00000000E+00
 -0.24808475E+02  0.00000000E+00
 -0.24798475E+02  0.00000000E+00
 -0.24788475E+02  0.00000000E+00
 -0.24778475E+02  0.00000000E+00
 -0.24768475E+02  0.00000000E+00
 -0.24758475E+02  0.00000000E+00
 -0.24748475E+02  0.00000000E+00
 -0.24738475E+02  0.00000000E+00
 -0.24728475E+02  0.00000000E+00
 -0.24718474E+02  0.00000000E+00
 -0.24708474E+02  0.00000000E+00
 -0.24698474E+02  0.00000000E+00
 -0.24688474E+02  0.00000000E+00
 -0.24678474E+02  0.00000000E+00
 -0.24668474E+02  0.00000000E+00
 -0.24658474E+02  0.00000000E+00
 -0.24648474E+02  0.00000000E+00
 -0.24638473E+02  0.00000000E+00
 -0.24628473E+02  0.00000000E+00
 -0.24618473E+02  0.00000000E+00
 -0.24608473E+02  0.00000000E+00
 -0.24598473E+02  0.00000000E+00
 -0.24588473E+02  0.00000000E+00
 -0.24578473E+02  0.00000000E+00
 -0.24568473E+02  0.00000000E+00
 -0.24558473E+02  0.00000000E+00
 -0.24548472E+02  0.00000000E+00
 -0.24538472E+02  0.00000000E+00
 -0.24528472E+02  0.00000000E+00
 -0.24518472E+02  0.00000000E+00
 -0.24508472E+02  0.00000000E+00
 -0.24498472E+02  0.00000000E+00
 -0.24488472E+02  0.00000000E+00
 -0.24478472E+02  0.00000000E+00
 -0.24468471E+02  0.00000000E+00
 -0.24458471E+02  0.00000000E+00
 -0.24448471E+02  0.00000000E+00
 -0.24438471E+02  0.00000000E+00
 -0.24428471E+02  0.00000000E+00
 -0.24418471E+02  0.00000000E+00
 -0.24408471E+02  0.00000000E+00
 -0.24398471E+02  0.00000000E+00
 -0.24388471E+02  0.00000000E+00
 -0.24378470E+02  0.00000000E+00
 -0.24368470E+02  0.00000000E+00
 -0.24358470E+02  0.00000000E+00
 -0.24348470E+02  0.00000000E+00
 -0.24338470E+02  0.00000000E+00
 -0.24328470E+02  0.00000000E+00
 -0.24318470E+02  0.00000000E+00
 -0.24308470E+02  0.00000000E+00
 -0.24298470E+02  0.00000000E+00
 -0.24288469E+02  0.00000000E+00
 -0.24278469E+02  0.00000000E+00
 -0.24268469E+02  0.00000000E+00
 -0.24258469E+02  0.00000000E+00
 -0.24248469E+02  0.00000000E+00
 -0.24238469E+02  0.00000000E+00
 -0.24228469E+02  0.00000000E+00
 -0.24218469E+02  0.00000000E+00
 -0.24208468E+02  0.00000000E+00
 -0.24198468E+02  0.00000000E+00
 -0.24188468E+02  0.00000000E+00
 -0.24178468E+02  0.00000000E+00
 -0.24168468E+02  0.00000000E+00
 -0.24158468E+02  0.00000000E+00
 -0.24148468E+02  0.00000000E+00
 -0.24138468E+02  0.00000000E+00
 -0.24128468E+02  0.00000000E+00
 -0.24118467E+02  0.00000000E+00
 -0.24108467E+02  0.00000000E+00
 -0.24098467E+02  0.00000000E+00
 -0.24088467E+02  0.00000000E+00
 -0.24078467E+02  0.00000000E+00
 -0.24068467E+02  0.00000000E+00
 -0.24058467E+02  0.00000000E+00
 -0.24048467E+02  0.00000000E+00
 -0.24038466E+02  0.00000000E+00
 -0.24028466E+02  0.00000000E+00
 -0.24018466E+02  0.00000000E+00
 -0.24008466E+02  0.00000000E+00
 -0.23998466E+02  0.00000000E+00
 -0.23988466E+02  0.00000000E+00
 -0.23978466E+02  0.00000000E+00
 -0.23968466E+02  0.00000000E+00
 -0.23958466E+02  0.00000000E+00
 -0.23948465E+02  0.00000000E+00
 -0.23938465E+02  0.00000000E+00
 -0.23928465E+02  0.00000000E+00
 -0.23918465E+02  0.00000000E+00
 -0.23908465E+02  0.00000000E+00
 -0.23898465E+02  0.00000000E+00
 -0.23888465E+02  0.00000000E+00
 -0.23878465E+02  0.00000000E+00
 -0.23868464E+02  0.00000000E+00
 -0.23858464E+02  0.00000000E+00
 -0.23848464E+02  0.00000000E+00
 -0.23838464E+02  0.00000000E+00
 -0.23828464E+02  0.00000000E+00
 -0.23818464E+02  0.00000000E+00
 -0.23808464E+02  0.00000000E+00
 -0.23798464E+02  0.00000000E+00
 -0.23788464E+02  0.00000000E+00
 -0.23778463E+02  0.00000000E+00
 -0.23768463E+02  0.00000000E+00
 -0.23758463E+02  0.00000000E+00
 -0.23748463E+02  0.00000000E+00
 -0.23738463E+02  0.00000000E+00
 -0.23728463E+02  0.00000000E+00
 -0.23718463E+02  0.00000000E+00
 -0.23708463E+02  0.00000000E+00
 -0.23698463E+02  0.00000000E+00
 -0.23688462E+02  0.00000000E+00
 -0.23678462E+02  0.00000000E+00
 -0.23668462E+02  0.00000000E+00
 -0.23658462E+02  0.00000000E+00
 -0.23648462E+02  0.00000000E+00
 -0.23638462E+02  0.00000000E+00
 -0.23628462E+02  0.00000000E+00
 -0.23618462E+02  0.00000000E+00
 -0.23608461E+02  0.00000000E+00
 -0.23598461E+02  0.00000000E+00
 -0.23588461E+02  0.00000000E+00
 -0.23578461E+02  0.00000000E+00
 -0.23568461E+02  0.00000000E+00
 -0.23558461E+02  0.00000000E+00
 -0.23548461E+02  0.00000000E+00
 -0.23538461E+02  0.00000000E+00
 -0.23528461E+02  0.00000000E+00
 -0.23518460E+02  0.00000000E+00
 -0.23508460E+02  0.00000000E+00
 -0.23498460E+02  0.00000000E+00
 -0.23488460E+02  0.00000000E+00
 -0.23478460E+02  0.00000000E+00
 -0.23468460E+02  0.00000000E+00
 -0.23458460E+02  0.00000000E+00
 -0.23448460E+02  0.00000000E+00
 -0.23438459E+02  0.00000000E+00
 -0.23428459E+02  0.00000000E+00
 -0.23418459E+02  0.00000000E+00
 -0.23408459E+02  0.00000000E+00
 -0.23398459E+02  0.00000000E+00
 -0.23388459E+02  0.00000000E+00
 -0.23378459E+02  0.00000000E+00
 -0.23368459E+02  0.00000000E+00
 -0.23358459E+02  0.00000000E+00
 -0.23348458E+02  0.00000000E+00
 -0.23338458E+02  0.00000000E+00
 -0.23328458E+02  0.00000000E+00
 -0.23318458E+02  0.00000000E+00
 -0.23308458E+02  0.00000000E+00
 -0.23298458E+02  0.00000000E+00
 -0.23288458E+02  0.00000000E+00
 -0.23278458E+02  0.00000000E+00
 -0.23268457E+02  0.00000000E+00
 -0.23258457E+02  0.00000000E+00
 -0.23248457E+02  0.00000000E+00
 -0.23238457E+02  0.00000000E+00
 -0.23228457E+02  0.00000000E+00
 -0.23218457E+02  0.00000000E+00
 -0.23208457E+02  0.00000000E+00
 -0.23198457E+02  0.00000000E+00
 -0.23188457E+02  0.00000000E+00
 -0.23178456E+02  0.00000000E+00
 -0.23168456E+02  0.00000000E+00
 -0.23158456E+02  0.00000000E+00
 -0.23148456E+02  0.00000000E+00
 -0.23138456E+02  0.00000000E+00
 -0.23128456E+02  0.00000000E+00
 -0.23118456E+02  0.00000000E+00
 -0.23108456E+02  0.00000000E+00
 -0.23098456E+02  0.00000000E+00
 -0.23088455E+02  0.00000000E+00
 -0.23078455E+02  0.00000000E+00
 -0.23068455E+02  0.00000000E+00
 -0.23058455E+02  0.00000000E+00
 -0.23048455E+02  0.00000000E+00
 -0.23038455E+02  0.00000000E+00
 -0.23028455E+02  0.00000000E+00
 -0.23018455E+02  0.00000000E+00
 -0.23008454E+02  0.00000000E+00
 -0.22998454E+02  0.00000000E+00
 -0.22988454E+02  0.00000000E+00
 -0.22978454E+02  0.00000000E+00
 -0.22968454E+02  0.00000000E+00
 -0.22958454E+02  0.00000000E+00
 -0.22948454E+02  0.00000000E+00
 -0.22938454E+02  0.00000000E+00
 -0.22928454E+02  0.00000000E+00
 -0.22918453E+02  0.00000000E+00
 -0.22908453E+02  0.00000000E+00
 -0.22898453E+02  0.00000000E+00
 -0.22888453E+02  0.00000000E+00
 -0.22878453E+02  0.00000000E+00
 -0.22868453E+02  0.00000000E+00
 -0.22858453E+02  0.00000000E+00
 -0.22848453E+02  0.00000000E+00
 -0.22838452E+02  0.00000000E+00
 -0.22828452E+02  0.00000000E+00
 -0.22818452E+02  0.00000000E+00
 -0.22808452E+02  0.00000000E+00
 -0.22798452E+02  0.00000000E+00
 -0.22788452E+02  0.00000000E+00
 -0.22778452E+02  0.00000000E+00
 -0.22768452E+02  0.00000000E+00
 -0.22758452E+02  0.00000000E+00
 -0.22748451E+02  0.00000000E+00
 -0.22738451E+02  0.00000000E+00
 -0.22728451E+02  0.00000000E+00
 -0.22718451E+02  0.00000000E+00
 -0.22708451E+02  0.00000000E+00
 -0.22698451E+02  0.00000000E+00
 -0.22688451E+02  0.00000000E+00
 -0.22678451E+02  0.00000000E+00
 -0.22668450E+02  0.00000000E+00
 -0.22658450E+02  0.00000000E+00
 -0.22648450E+02  0.00000000E+00
 -0.22638450E+02  0.00000000E+00
 -0.22628450E+02  0.00000000E+00
 -0.22618450E+02  0.00000000E+00
 -0.22608450E+02  0.00000000E+00
 -0.22598450E+02  0.00000000E+00
 -0.22588450E+02  0.00000000E+00
 -0.22578449E+02  0.00000000E+00
 -0.22568449E+02  0.00000000E+00
 -0.22558449E+02  0.00000000E+00
 -0.22548449E+02  0.00000000E+00
 -0.22538449E+02  0.00000000E+00
 -0.22528449E+02  0.00000000E+00
 -0.22518449E+02  0.00000000E+00
 -0.22508449E+02  0.00000000E+00
 -0.22498449E+02  0.00000000E+00
 -0.22488448E+02  0.00000000E+00
 -0.22478448E+02  0.00000000E+00
 -0.22468448E+02  0.00000000E+00
 -0.22458448E+02  0.00000000E+00
 -0.22448448E+02  0.00000000E+00
 -0.22438448E+02  0.00000000E+00
 -0.22428448E+02  0.00000000E+00
 -0.22418448E+02  0.00000000E+00
 -0.22408447E+02  0.00000000E+00
 -0.22398447E+02  0.00000000E+00
 -0.22388447E+02  0.00000000E+00
 -0.22378447E+02  0.00000000E+00
 -0.22368447E+02  0.00000000E+00
 -0.22358447E+02  0.00000000E+00
 -0.22348447E+02  0.00000000E+00
 -0.22338447E+02  0.00000000E+00
 -0.22328447E+02  0.00000000E+00
 -0.22318446E+02  0.00000000E+00
 -0.22308446E+02  0.00000000E+00
 -0.22298446E+02  0.00000000E+00
 -0.22288446E+02  0.00000000E+00
 -0.22278446E+02  0.00000000E+00
 -0.22268446E+02  0.00000000E+00
 -0.22258446E+02  0.00000000E+00
 -0.22248446E+02  0.00000000E+00
 -0.22238445E+02  0.00000000E+00
 -0.22228445E+02  0.00000000E+00
 -0.22218445E+02  0.00000000E+00
 -0.22208445E+02  0.00000000E+00
 -0.22198445E+02  0.00000000E+00
 -0.22188445E+02  0.00000000E+00
 -0.22178445E+02  0.00000000E+00
 -0.22168445E+02  0.00000000E+00
 -0.22158445E+02  0.00000000E+00
 -0.22148444E+02  0.00000000E+00
 -0.22138444E+02  0.00000000E+00
 -0.22128444E+02  0.00000000E+00
 -0.22118444E+02  0.00000000E+00
 -0.22108444E+02  0.00000000E+00
 -0.22098444E+02  0.00000000E+00
 -0.22088444E+02  0.00000000E+00
 -0.22078444E+02  0.00000000E+00
 -0.22068443E+02  0.00000000E+00
 -0.22058443E+02  0.00000000E+00
 -0.22048443E+02  0.00000000E+00
 -0.22038443E+02  0.00000000E+00
 -0.22028443E+02  0.00000000E+00
 -0.22018443E+02  0.00000000E+00
 -0.22008443E+02  0.00000000E+00
 -0.21998443E+02  0.00000000E+00
 -0.21988443E+02  0.00000000E+00
 -0.21978442E+02  0.00000000E+00
 -0.21968442E+02  0.00000000E+00
 -0.21958442E+02  0.00000000E+00
 -0.21948442E+02  0.00000000E+00
 -0.21938442E+02  0.00000000E+00
 -0.21928442E+02  0.00000000E+00
 -0.21918442E+02  0.00000000E+00
 -0.21908442E+02  0.00000000E+00
 -0.21898442E+02  0.00000000E+00
 -0.21888441E+02  0.00000000E+00
 -0.21878441E+02  0.00000000E+00
 -0.21868441E+02  0.00000000E+00
 -0.21858441E+02  0.00000000E+00
 -0.21848441E+02  0.00000000E+00
 -0.21838441E+02  0.00000000E+00
 -0.21828441E+02  0.00000000E+00
 -0.21818441E+02  0.00000000E+00
 -0.21808440E+02  0.00000000E+00
 -0.21798440E+02  0.00000000E+00
 -0.21788440E+02  0.00000000E+00
 -0.21778440E+02  0.00000000E+00
 -0.21768440E+02  0.00000000E+00
 -0.21758440E+02  0.00000000E+00
 -0.21748440E+02  0.00000000E+00
 -0.21738440E+02  0.00000000E+00
 -0.21728440E+02  0.00000000E+00
 -0.21718439E+02  0.00000000E+00
 -0.21708439E+02  0.00000000E+00
 -0.21698439E+02  0.00000000E+00
 -0.21688439E+02  0.00000000E+00
 -0.21678439E+02  0.00000000E+00
 -0.21668439E+02  0.00000000E+00
 -0.21658439E+02  0.00000000E+00
 -0.21648439E+02  0.00000000E+00
 -0.21638438E+02  0.00000000E+00
 -0.21628438E+02  0.00000000E+00
 -0.21618438E+02  0.00000000E+00
 -0.21608438E+02  0.00000000E+00
 -0.21598438E+02  0.00000000E+00
 -0.21588438E+02  0.00000000E+00
 -0.21578438E+02  0.00000000E+00
 -0.21568438E+02  0.00000000E+00
 -0.21558438E+02  0.00000000E+00
 -0.21548437E+02  0.00000000E+00
 -0.21538437E+02  0.00000000E+00
 -0.21528437E+02  0.00000000E+00
 -0.21518437E+02  0.00000000E+00
 -0.21508437E+02  0.00000000E+00
 -0.21498437E+02  0.00000000E+00
 -0.21488437E+02  0.00000000E+00
 -0.21478437E+02  0.00000000E+00
 -0.21468436E+02  0.00000000E+00
 -0.21458436E+02  0.00000000E+00
 -0.21448436E+02  0.00000000E+00
 -0.21438436E+02  0.00000000E+00
 -0.21428436E+02  0.00000000E+00
 -0.21418436E+02  0.00000000E+00
 -0.21408436E+02  0.00000000E+00
 -0.21398436E+02  0.00000000E+00
 -0.21388436E+02  0.00000000E+00
 -0.21378435E+02  0.00000000E+00
 -0.21368435E+02  0.00000000E+00
 -0.21358435E+02  0.00000000E+00
 -0.21348435E+02  0.00000000E+00
 -0.21338435E+02  0.00000000E+00
 -0.21328435E+02  0.00000000E+00
 -0.21318435E+02  0.00000000E+00
 -0.21308435E+02  0.00000000E+00
 -0.21298435E+02  0.00000000E+00
 -0.21288434E+02  0.00000000E+00
 -0.21278434E+02  0.00000000E+00
 -0.21268434E+02  0.00000000E+00
 -0.21258434E+02  0.00000000E+00
 -0.21248434E+02  0.00000000E+00
 -0.21238434E+02  0.00000000E+00
 -0.21228434E+02  0.00000000E+00
 -0.21218434E+02  0.00000000E+00
 -0.21208433E+02  0.00000000E+00
 -0.21198433E+02  0.00000000E+00
 -0.21188433E+02  0.00000000E+00
 -0.21178433E+02  0.00000000E+00
 -0.21168433E+02  0.00000000E+00
 -0.21158433E+02  0.00000000E+00
 -0.21148433E+02  0.00000000E+00
 -0.21138433E+02  0.00000000E+00
 -0.21128433E+02  0.00000000E+00
 -0.21118432E+02  0.00000000E+00
 -0.21108432E+02  0.00000000E+00
 -0.21098432E+02  0.00000000E+00
 -0.21088432E+02  0.00000000E+00
 -0.21078432E+02  0.00000000E+00
 -0.21068432E+02  0.00000000E+00
 -0.21058432E+02  0.00000000E+00
 -0.21048432E+02  0.00000000E+00
 -0.21038431E+02  0.00000000E+00
 -0.21028431E+02  0.00000000E+00
 -0.21018431E+02  0.00000000E+00
 -0.21008431E+02  0.00000000E+00
 -0.20998431E+02  0.00000000E+00
 -0.20988431E+02  0.00000000E+00
 -0.20978431E+02  0.00000000E+00
 -0.20968431E+02  0.00000000E+00
 -0.20958431E+02  0.00000000E+00
 -0.20948430E+02  0.00000000E+00
 -0.20938430E+02  0.00000000E+00
 -0.20928430E+02  0.00000000E+00
 -0.20918430E+02  0.00000000E+00
 -0.20908430E+02  0.00000000E+00
 -0.20898430E+02  0.00000000E+00
 -0.20888430E+02  0.00000000E+00
 -0.20878430E+02  0.00000000E+00
 -0.20868429E+02  0.00000000E+00
 -0.20858429E+02  0.00000000E+00
 -0.20848429E+02  0.00000000E+00
 -0.20838429E+02  0.00000000E+00
 -0.20828429E+02  0.00000000E+00
 -0.20818429E+02  0.00000000E+00
 -0.20808429E+02  0.00000000E+00
 -0.20798429E+02  0.00000000E+00
 -0.20788429E+02  0.00000000E+00
 -0.20778428E+02  0.00000000E+00
 -0.20768428E+02  0.00000000E+00
 -0.20758428E+02  0.00000000E+00
 -0.20748428E+02  0.00000000E+00
 -0.20738428E+02  0.00000000E+00
 -0.20728428E+02  0.00000000E+00
 -0.20718428E+02  0.00000000E+00
 -0.20708428E+02  0.00000000E+00
 -0.20698428E+02  0.00000000E+00
 -0.20688427E+02  0.00000000E+00
 -0.20678427E+02  0.00000000E+00
 -0.20668427E+02  0.00000000E+00
 -0.20658427E+02  0.00000000E+00
 -0.20648427E+02  0.00000000E+00
 -0.20638427E+02  0.00000000E+00
 -0.20628427E+02  0.00000000E+00
 -0.20618427E+02  0.00000000E+00
 -0.20608426E+02  0.00000000E+00
 -0.20598426E+02  0.00000000E+00
 -0.20588426E+02  0.00000000E+00
 -0.20578426E+02  0.00000000E+00
 -0.20568426E+02  0.00000000E+00
 -0.20558426E+02  0.00000000E+00
 -0.20548426E+02  0.00000000E+00
 -0.20538426E+02  0.00000000E+00
 -0.20528426E+02  0.00000000E+00
 -0.20518425E+02  0.00000000E+00
 -0.20508425E+02  0.00000000E+00
 -0.20498425E+02  0.00000000E+00
 -0.20488425E+02  0.00000000E+00
 -0.20478425E+02  0.00000000E+00
 -0.20468425E+02  0.00000000E+00
 -0.20458425E+02  0.00000000E+00
 -0.20448425E+02  0.00000000E+00
 -0.20438424E+02  0.00000000E+00
 -0.20428424E+02  0.00000000E+00
 -0.20418424E+02  0.00000000E+00
 -0.20408424E+02  0.00000000E+00
 -0.20398424E+02  0.00000000E+00
 -0.20388424E+02  0.00000000E+00
 -0.20378424E+02  0.00000000E+00
 -0.20368424E+02  0.00000000E+00
 -0.20358424E+02  0.00000000E+00
 -0.20348423E+02  0.00000000E+00
 -0.20338423E+02  0.00000000E+00
 -0.20328423E+02  0.00000000E+00
 -0.20318423E+02  0.00000000E+00
 -0.20308423E+02  0.00000000E+00
 -0.20298423E+02  0.00000000E+00
 -0.20288423E+02  0.00000000E+00
 -0.20278423E+02  0.00000000E+00
 -0.20268422E+02  0.00000000E+00
 -0.20258422E+02  0.00000000E+00
 -0.20248422E+02  0.00000000E+00
 -0.20238422E+02  0.00000000E+00
 -0.20228422E+02  0.00000000E+00
 -0.20218422E+02  0.00000000E+00
 -0.20208422E+02  0.00000000E+00
 -0.20198422E+02  0.00000000E+00
 -0.20188422E+02  0.00000000E+00
 -0.20178421E+02  0.00000000E+00
 -0.20168421E+02  0.00000000E+00
 -0.20158421E+02  0.00000000E+00
 -0.20148421E+02  0.00000000E+00
 -0.20138421E+02  0.00000000E+00
 -0.20128421E+02  0.00000000E+00
 -0.20118421E+02  0.00000000E+00
 -0.20108421E+02  0.00000000E+00
 -0.20098420E+02  0.00000000E+00
 -0.20088420E+02  0.00000000E+00
 -0.20078420E+02  0.00000000E+00
 -0.20068420E+02  0.00000000E+00
 -0.20058420E+02  0.00000000E+00
 -0.20048420E+02  0.00000000E+00
 -0.20038420E+02  0.00000000E+00
 -0.20028420E+02  0.00000000E+00
 -0.20018420E+02  0.00000000E+00
 -0.20008419E+02  0.00000000E+00
 -0.19998419E+02  0.00000000E+00
 -0.19988419E+02  0.00000000E+00
 -0.19978419E+02  0.00000000E+00
 -0.19968419E+02  0.00000000E+00
 -0.19958419E+02  0.00000000E+00
 -0.19948419E+02  0.00000000E+00
 -0.19938419E+02  0.00000000E+00
 -0.19928419E+02  0.00000000E+00
 -0.19918418E+02  0.00000000E+00
 -0.19908418E+02  0.00000000E+00
 -0.19898418E+02  0.00000000E+00
 -0.19888418E+02  0.00000000E+00
 -0.19878418E+02  0.00000000E+00
 -0.19868418E+02  0.00000000E+00
 -0.19858418E+02  0.00000000E+00
 -0.19848418E+02  0.00000000E+00
 -0.19838417E+02  0.00000000E+00
 -0.19828417E+02  0.00000000E+00
 -0.19818417E+02  0.00000000E+00
 -0.19808417E+02  0.00000000E+00
 -0.19798417E+02  0.00000000E+00
 -0.19788417E+02  0.00000000E+00
 -0.19778417E+02  0.00000000E+00
 -0.19768417E+02  0.00000000E+00
 -0.19758417E+02  0.00000000E+00
 -0.19748416E+02  0.00000000E+00
 -0.19738416E+02  0.00000000E+00
 -0.19728416E+02  0.00000000E+00
 -0.19718416E+02  0.00000000E+00
 -0.19708416E+02  0.00000000E+00
 -0.19698416E+02  0.00000000E+00
 -0.19688416E+02  0.00000000E+00
 -0.19678416E+02  0.00000000E+00
 -0.19668415E+02  0.00000000E+00
 -0.19658415E+02  0.00000000E+00
 -0.19648415E+02  0.00000000E+00
 -0.19638415E+02  0.00000000E+00
 -0.19628415E+02  0.00000000E+00
 -0.19618415E+02  0.00000000E+00
 -0.19608415E+02  0.00000000E+00
 -0.19598415E+02  0.00000000E+00
 -0.19588415E+02  0.00000000E+00
 -0.19578414E+02  0.00000000E+00
 -0.19568414E+02  0.00000000E+00
 -0.19558414E+02  0.00000000E+00
 -0.19548414E+02  0.00000000E+00
 -0.19538414E+02  0.00000000E+00
 -0.19528414E+02  0.00000000E+00
 -0.19518414E+02  0.00000000E+00
 -0.19508414E+02  0.00000000E+00
 -0.19498413E+02  0.00000000E+00
 -0.19488413E+02  0.00000000E+00
 -0.19478413E+02  0.00000000E+00
 -0.19468413E+02  0.00000000E+00
 -0.19458413E+02  0.00000000E+00
 -0.19448413E+02  0.00000000E+00
 -0.19438413E+02  0.00000000E+00
 -0.19428413E+02  0.00000000E+00
 -0.19418413E+02  0.00000000E+00
 -0.19408412E+02  0.00000000E+00
 -0.19398412E+02  0.00000000E+00
 -0.19388412E+02  0.00000000E+00
 -0.19378412E+02  0.00000000E+00
 -0.19368412E+02  0.00000000E+00
 -0.19358412E+02  0.00000000E+00
 -0.19348412E+02  0.00000000E+00
 -0.19338412E+02  0.00000000E+00
 -0.19328412E+02  0.00000000E+00
 -0.19318411E+02  0.00000000E+00
 -0.19308411E+02  0.00000000E+00
 -0.19298411E+02  0.00000000E+00
 -0.19288411E+02  0.00000000E+00
 -0.19278411E+02  0.00000000E+00
 -0.19268411E+02  0.00000000E+00
 -0.19258411E+02  0.00000000E+00
 -0.19248411E+02  0.00000000E+00
 -0.19238410E+02  0.00000000E+00
 -0.19228410E+02  0.00000000E+00
 -0.19218410E+02  0.00000000E+00
 -0.19208410E+02  0.00000000E+00
 -0.19198410E+02  0.00000000E+00
 -0.19188410E+02  0.00000000E+00
 -0.19178410E+02  0.00000000E+00
 -0.19168410E+02  0.00000000E+00
 -0.19158410E+02  0.00000000E+00
 -0.19148409E+02  0.00000000E+00
 -0.19138409E+02  0.00000000E+00
 -0.19128409E+02  0.00000000E+00
 -0.19118409E+02  0.00000000E+00
 -0.19108409E+02  0.00000000E+00
 -0.19098409E+02  0.00000000E+00
 -0.19088409E+02  0.00000000E+00
 -0.19078409E+02  0.00000000E+00
 -0.19068408E+02  0.00000000E+00
 -0.19058408E+02  0.00000000E+00
 -0.19048408E+02  0.00000000E+00
 -0.19038408E+02  0.00000000E+00
 -0.19028408E+02  0.00000000E+00
 -0.19018408E+02  0.00000000E+00
 -0.19008408E+02  0.00000000E+00
 -0.18998408E+02  0.00000000E+00
 -0.18988408E+02  0.00000000E+00
 -0.18978407E+02  0.00000000E+00
 -0.18968407E+02  0.00000000E+00
 -0.18958407E+02  0.00000000E+00
 -0.18948407E+02  0.00000000E+00
 -0.18938407E+02  0.00000000E+00
 -0.18928407E+02  0.00000000E+00
 -0.18918407E+02  0.00000000E+00
 -0.18908407E+02  0.00000000E+00
 -0.18898406E+02  0.00000000E+00
 -0.18888406E+02  0.00000000E+00
 -0.18878406E+02  0.00000000E+00
 -0.18868406E+02  0.00000000E+00
 -0.18858406E+02  0.00000000E+00
 -0.18848406E+02  0.00000000E+00
 -0.18838406E+02  0.00000000E+00
 -0.18828406E+02  0.00000000E+00
 -0.18818406E+02  0.00000000E+00
 -0.18808405E+02  0.00000000E+00
 -0.18798405E+02  0.00000000E+00
 -0.18788405E+02  0.00000000E+00
 -0.18778405E+02  0.00000000E+00
 -0.18768405E+02  0.00000000E+00
 -0.18758405E+02  0.00000000E+00
 -0.18748405E+02  0.00000000E+00
 -0.18738405E+02  0.00000000E+00
 -0.18728405E+02  0.00000000E+00
 -0.18718404E+02  0.00000000E+00
 -0.18708404E+02  0.00000000E+00
 -0.18698404E+02  0.00000000E+00
 -0.18688404E+02  0.00000000E+00
 -0.18678404E+02  0.00000000E+00
 -0.18668404E+02  0.00000000E+00
 -0.18658404E+02  0.00000000E+00
 -0.18648404E+02  0.00000000E+00
 -0.18638403E+02  0.00000000E+00
 -0.18628403E+02  0.00000000E+00
 -0.18618403E+02  0.00000000E+00
 -0.18608403E+02  0.00000000E+00
 -0.18598403E+02  0.00000000E+00
 -0.18588403E+02  0.00000000E+00
 -0.18578403E+02  0.00000000E+00
 -0.18568403E+02  0.00000000E+00
 -0.18558403E+02  0.00000000E+00
 -0.18548402E+02  0.00000000E+00
 -0.18538402E+02  0.00000000E+00
 -0.18528402E+02  0.00000000E+00
 -0.18518402E+02  0.00000000E+00
 -0.18508402E+02  0.00000000E+00
 -0.18498402E+02  0.00000000E+00
 -0.18488402E+02  0.00000000E+00
 -0.18478402E+02  0.00000000E+00
 -0.18468401E+02  0.00000000E+00
 -0.18458401E+02  0.00000000E+00
 -0.18448401E+02  0.00000000E+00
 -0.18438401E+02  0.00000000E+00
 -0.18428401E+02  0.00000000E+00
 -0.18418401E+02  0.00000000E+00
 -0.18408401E+02  0.00000000E+00
 -0.18398401E+02  0.00000000E+00
 -0.18388401E+02  0.00000000E+00
 -0.18378400E+02  0.00000000E+00
 -0.18368400E+02  0.00000000E+00
 -0.18358400E+02  0.00000000E+00
 -0.18348400E+02  0.00000000E+00
 -0.18338400E+02  0.00000000E+00
 -0.18328400E+02  0.00000000E+00
 -0.18318400E+02  0.00000000E+00
 -0.18308400E+02  0.00000000E+00
 -0.18298399E+02  0.00000000E+00
 -0.18288399E+02  0.00000000E+00
 -0.18278399E+02  0.00000000E+00
 -0.18268399E+02  0.00000000E+00
 -0.18258399E+02  0.00000000E+00
 -0.18248399E+02  0.00000000E+00
 -0.18238399E+02  0.00000000E+00
 -0.18228399E+02  0.00000000E+00
 -0.18218399E+02  0.00000000E+00
 -0.18208398E+02  0.00000000E+00
 -0.18198398E+02  0.00000000E+00
 -0.18188398E+02  0.00000000E+00
 -0.18178398E+02  0.00000000E+00
 -0.18168398E+02  0.00000000E+00
 -0.18158398E+02  0.00000000E+00
 -0.18148398E+02  0.00000000E+00
 -0.18138398E+02  0.00000000E+00
 -0.18128398E+02  0.00000000E+00
 -0.18118397E+02  0.00000000E+00
 -0.18108397E+02  0.00000000E+00
 -0.18098397E+02  0.00000000E+00
 -0.18088397E+02  0.00000000E+00
 -0.18078397E+02  0.00000000E+00
 -0.18068397E+02  0.00000000E+00
 -0.18058397E+02  0.00000000E+00
 -0.18048397E+02  0.00000000E+00
 -0.18038396E+02  0.00000000E+00
 -0.18028396E+02  0.00000000E+00
 -0.18018396E+02  0.00000000E+00
 -0.18008396E+02  0.00000000E+00
 -0.17998396E+02  0.00000000E+00
 -0.17988396E+02  0.00000000E+00
 -0.17978396E+02  0.00000000E+00
 -0.17968396E+02  0.00000000E+00
 -0.17958396E+02  0.00000000E+00
 -0.17948395E+02  0.00000000E+00
 -0.17938395E+02  0.00000000E+00
 -0.17928395E+02  0.00000000E+00
 -0.17918395E+02  0.00000000E+00
 -0.17908395E+02  0.00000000E+00
 -0.17898395E+02  0.00000000E+00
 -0.17888395E+02  0.00000000E+00
 -0.17878395E+02  0.00000000E+00
 -0.17868394E+02  0.00000000E+00
 -0.17858394E+02  0.00000000E+00
 -0.17848394E+02  0.00000000E+00
 -0.17838394E+02  0.00000000E+00
 -0.17828394E+02  0.00000000E+00
 -0.17818394E+02  0.00000000E+00
 -0.17808394E+02  0.00000000E+00
 -0.17798394E+02  0.00000000E+00
 -0.17788394E+02  0.00000000E+00
 -0.17778393E+02  0.00000000E+00
 -0.17768393E+02  0.00000000E+00
 -0.17758393E+02  0.00000000E+00
 -0.17748393E+02  0.00000000E+00
 -0.17738393E+02  0.00000000E+00
 -0.17728393E+02  0.00000000E+00
 -0.17718393E+02  0.00000000E+00
 -0.17708393E+02  0.00000000E+00
 -0.17698392E+02  0.00000000E+00
 -0.17688392E+02  0.00000000E+00
 -0.17678392E+02  0.00000000E+00
 -0.17668392E+02  0.00000000E+00
 -0.17658392E+02  0.00000000E+00
 -0.17648392E+02  0.00000000E+00
 -0.17638392E+02  0.00000000E+00
 -0.17628392E+02  0.00000000E+00
 -0.17618392E+02  0.00000000E+00
 -0.17608391E+02  0.00000000E+00
 -0.17598391E+02  0.00000000E+00
 -0.17588391E+02  0.00000000E+00
 -0.17578391E+02  0.00000000E+00
 -0.17568391E+02  0.00000000E+00
 -0.17558391E+02  0.00000000E+00
 -0.17548391E+02  0.00000000E+00
 -0.17538391E+02  0.00000000E+00
 -0.17528391E+02  0.00000000E+00
 -0.17518390E+02  0.00000000E+00
 -0.17508390E+02  0.00000000E+00
 -0.17498390E+02  0.00000000E+00
 -0.17488390E+02  0.00000000E+00
 -0.17478390E+02  0.00000000E+00
 -0.17468390E+02  0.00000000E+00
 -0.17458390E+02  0.00000000E+00
 -0.17448390E+02  0.00000000E+00
 -0.17438389E+02  0.00000000E+00
 -0.17428389E+02  0.00000000E+00
 -0.17418389E+02  0.00000000E+00
 -0.17408389E+02  0.00000000E+00
 -0.17398389E+02  0.00000000E+00
 -0.17388389E+02  0.00000000E+00
 -0.17378389E+02  0.00000000E+00
 -0.17368389E+02  0.00000000E+00
 -0.17358389E+02  0.00000000E+00
 -0.17348388E+02  0.00000000E+00
 -0.17338388E+02  0.00000000E+00
 -0.17328388E+02  0.00000000E+00
 -0.17318388E+02  0.00000000E+00
 -0.17308388E+02  0.00000000E+00
 -0.17298388E+02  0.00000000E+00
 -0.17288388E+02  0.00000000E+00
 -0.17278388E+02  0.00000000E+00
 -0.17268387E+02  0.00000000E+00
 -0.17258387E+02  0.00000000E+00
 -0.17248387E+02  0.00000000E+00
 -0.17238387E+02  0.00000000E+00
 -0.17228387E+02  0.00000000E+00
 -0.17218387E+02  0.00000000E+00
 -0.17208387E+02  0.00000000E+00
 -0.17198387E+02  0.00000000E+00
 -0.17188387E+02  0.00000000E+00
 -0.17178386E+02  0.00000000E+00
 -0.17168386E+02  0.00000000E+00
 -0.17158386E+02  0.00000000E+00
 -0.17148386E+02  0.00000000E+00
 -0.17138386E+02  0.00000000E+00
 -0.17128386E+02  0.00000000E+00
 -0.17118386E+02  0.00000000E+00
 -0.17108386E+02  0.00000000E+00
 -0.17098385E+02  0.00000000E+00
 -0.17088385E+02  0.00000000E+00
 -0.17078385E+02  0.00000000E+00
 -0.17068385E+02  0.00000000E+00
 -0.17058385E+02  0.00000000E+00
 -0.17048385E+02  0.00000000E+00
 -0.17038385E+02  0.00000000E+00
 -0.17028385E+02  0.00000000E+00
 -0.17018385E+02  0.00000000E+00
 -0.17008384E+02  0.00000000E+00
 -0.16998384E+02  0.00000000E+00
 -0.16988384E+02  0.00000000E+00
 -0.16978384E+02  0.00000000E+00
 -0.16968384E+02  0.00000000E+00
 -0.16958384E+02  0.00000000E+00
 -0.16948384E+02  0.00000000E+00
 -0.16938384E+02  0.00000000E+00
 -0.16928384E+02  0.00000000E+00
 -0.16918383E+02  0.00000000E+00
 -0.16908383E+02  0.00000000E+00
 -0.16898383E+02  0.00000000E+00
 -0.16888383E+02  0.00000000E+00
 -0.16878383E+02  0.00000000E+00
 -0.16868383E+02  0.00000000E+00
 -0.16858383E+02  0.00000000E+00
 -0.16848383E+02  0.00000000E+00
 -0.16838382E+02  0.00000000E+00
 -0.16828382E+02  0.00000000E+00
 -0.16818382E+02  0.00000000E+00
 -0.16808382E+02  0.00000000E+00
 -0.16798382E+02  0.00000000E+00
 -0.16788382E+02  0.00000000E+00
 -0.16778382E+02  0.00000000E+00
 -0.16768382E+02  0.00000000E+00
 -0.16758382E+02  0.00000000E+00
 -0.16748381E+02  0.00000000E+00
 -0.16738381E+02  0.00000000E+00
 -0.16728381E+02  0.00000000E+00
 -0.16718381E+02  0.00000000E+00
 -0.16708381E+02  0.00000000E+00
 -0.16698381E+02  0.00000000E+00
 -0.16688381E+02  0.00000000E+00
 -0.16678381E+02  0.00000000E+00
 -0.16668380E+02  0.00000000E+00
 -0.16658380E+02  0.00000000E+00
 -0.16648380E+02  0.00000000E+00
 -0.16638380E+02  0.00000000E+00
 -0.16628380E+02  0.00000000E+00
 -0.16618380E+02  0.00000000E+00
 -0.16608380E+02  0.00000000E+00
 -0.16598380E+02  0.00000000E+00
 -0.16588380E+02  0.00000000E+00
 -0.16578379E+02  0.00000000E+00
 -0.16568379E+02  0.00000000E+00
 -0.16558379E+02  0.00000000E+00
 -0.16548379E+02  0.00000000E+00
 -0.16538379E+02  0.00000000E+00
 -0.16528379E+02  0.00000000E+00
 -0.16518379E+02  0.00000000E+00
 -0.16508379E+02  0.00000000E+00
 -0.16498378E+02  0.00000000E+00
 -0.16488378E+02  0.00000000E+00
 -0.16478378E+02  0.00000000E+00
 -0.16468378E+02  0.00000000E+00
 -0.16458378E+02  0.00000000E+00
 -0.16448378E+02  0.00000000E+00
 -0.16438378E+02  0.00000000E+00
 -0.16428378E+02  0.00000000E+00
 -0.16418378E+02  0.00000000E+00
 -0.16408377E+02  0.00000000E+00
 -0.16398377E+02  0.00000000E+00
 -0.16388377E+02  0.00000000E+00
 -0.16378377E+02  0.00000000E+00
 -0.16368377E+02  0.00000000E+00
 -0.16358377E+02  0.00000000E+00
 -0.16348377E+02  0.00000000E+00
 -0.16338377E+02  0.00000000E+00
 -0.16328377E+02  0.00000000E+00
 -0.16318376E+02  0.00000000E+00
 -0.16308376E+02  0.00000000E+00
 -0.16298376E+02  0.00000000E+00
 -0.16288376E+02  0.00000000E+00
 -0.16278376E+02  0.00000000E+00
 -0.16268376E+02  0.00000000E+00
 -0.16258376E+02  0.00000000E+00
 -0.16248376E+02  0.00000000E+00
 -0.16238375E+02  0.00000000E+00
 -0.16228375E+02  0.00000000E+00
 -0.16218375E+02  0.00000000E+00
 -0.16208375E+02  0.00000000E+00
 -0.16198375E+02  0.00000000E+00
 -0.16188375E+02  0.00000000E+00
 -0.16178375E+02  0.00000000E+00
 -0.16168375E+02  0.00000000E+00
 -0.16158375E+02  0.00000000E+00
 -0.16148374E+02  0.00000000E+00
 -0.16138374E+02  0.00000000E+00
 -0.16128374E+02  0.00000000E+00
 -0.16118374E+02  0.00000000E+00
 -0.16108374E+02  0.00000000E+00
 -0.16098374E+02  0.00000000E+00
 -0.16088374E+02  0.00000000E+00
 -0.16078374E+02  0.00000000E+00
 -0.16068373E+02  0.00000000E+00
 -0.16058373E+02  0.00000000E+00
 -0.16048373E+02  0.00000000E+00
 -0.16038373E+02  0.00000000E+00
 -0.16028373E+02  0.00000000E+00
 -0.16018373E+02  0.00000000E+00
 -0.16008373E+02  0.00000000E+00
 -0.15998373E+02  0.00000000E+00
 -0.15988373E+02  0.00000000E+00
 -0.15978372E+02  0.00000000E+00
 -0.15968372E+02  0.00000000E+00
 -0.15958372E+02  0.00000000E+00
 -0.15948372E+02  0.00000000E+00
 -0.15938372E+02  0.00000000E+00
 -0.15928372E+02  0.00000000E+00
 -0.15918372E+02  0.00000000E+00
 -0.15908372E+02  0.00000000E+00
 -0.15898371E+02  0.00000000E+00
 -0.15888371E+02  0.00000000E+00
 -0.15878371E+02  0.00000000E+00
 -0.15868371E+02  0.00000000E+00
 -0.15858371E+02  0.00000000E+00
 -0.15848371E+02  0.00000000E+00
 -0.15838371E+02  0.00000000E+00
 -0.15828371E+02  0.00000000E+00
 -0.15818371E+02  0.00000000E+00
 -0.15808370E+02  0.00000000E+00
 -0.15798370E+02  0.00000000E+00
 -0.15788370E+02  0.00000000E+00
 -0.15778370E+02  0.00000000E+00
 -0.15768370E+02  0.00000000E+00
 -0.15758370E+02  0.00000000E+00
 -0.15748370E+02  0.00000000E+00
 -0.15738370E+02  0.00000000E+00
 -0.15728370E+02  0.00000000E+00
 -0.15718369E+02  0.00000000E+00
 -0.15708369E+02  0.00000000E+00
 -0.15698369E+02  0.00000000E+00
 -0.15688369E+02  0.00000000E+00
 -0.15678369E+02  0.00000000E+00
 -0.15668369E+02  0.00000000E+00
 -0.15658369E+02  0.00000000E+00
 -0.15648369E+02  0.00000000E+00
 -0.15638368E+02  0.00000000E+00
 -0.15628368E+02  0.00000000E+00
 -0.15618368E+02  0.00000000E+00
 -0.15608368E+02  0.00000000E+00
 -0.15598368E+02  0.00000000E+00
 -0.15588368E+02  0.00000000E+00
 -0.15578368E+02  0.00000000E+00
 -0.15568368E+02  0.00000000E+00
 -0.15558368E+02  0.00000000E+00
 -0.15548367E+02  0.00000000E+00
 -0.15538367E+02  0.00000000E+00
 -0.15528367E+02  0.00000000E+00
 -0.15518367E+02  0.00000000E+00
 -0.15508367E+02  0.00000000E+00
 -0.15498367E+02  0.00000000E+00
 -0.15488367E+02  0.00000000E+00
 -0.15478367E+02  0.00000000E+00
 -0.15468366E+02  0.00000000E+00
 -0.15458366E+02  0.00000000E+00
 -0.15448366E+02  0.00000000E+00
 -0.15438366E+02  0.00000000E+00
 -0.15428366E+02  0.00000000E+00
 -0.15418366E+02  0.00000000E+00
 -0.15408366E+02  0.00000000E+00
 -0.15398366E+02  0.00000000E+00
 -0.15388366E+02  0.00000000E+00
 -0.15378365E+02  0.00000000E+00
 -0.15368365E+02  0.00000000E+00
 -0.15358365E+02  0.00000000E+00
 -0.15348365E+02  0.00000000E+00
 -0.15338365E+02  0.00000000E+00
 -0.15328365E+02  0.00000000E+00
 -0.15318365E+02  0.00000000E+00
 -0.15308365E+02  0.00000000E+00
 -0.15298364E+02  0.00000000E+00
 -0.15288364E+02  0.00000000E+00
 -0.15278364E+02  0.00000000E+00
 -0.15268364E+02  0.00000000E+00
 -0.15258364E+02  0.00000000E+00
 -0.15248364E+02  0.00000000E+00
 -0.15238364E+02  0.00000000E+00
 -0.15228364E+02  0.00000000E+00
 -0.15218364E+02  0.00000000E+00
 -0.15208363E+02  0.00000000E+00
 -0.15198363E+02  0.00000000E+00
 -0.15188363E+02  0.00000000E+00
 -0.15178363E+02  0.00000000E+00
 -0.15168363E+02  0.00000000E+00
 -0.15158363E+02  0.00000000E+00
 -0.15148363E+02  0.00000000E+00
 -0.15138363E+02  0.00000000E+00
 -0.15128363E+02  0.00000000E+00
 -0.15118362E+02  0.00000000E+00
 -0.15108362E+02  0.00000000E+00
 -0.15098362E+02  0.00000000E+00
 -0.15088362E+02  0.00000000E+00
 -0.15078362E+02  0.00000000E+00
 -0.15068362E+02  0.00000000E+00
 -0.15058362E+02  0.00000000E+00
 -0.15048362E+02  0.00000000E+00
 -0.15038361E+02  0.00000000E+00
 -0.15028361E+02  0.00000000E+00
 -0.15018361E+02  0.00000000E+00
 -0.15008361E+02  0.00000000E+00
 -0.14998361E+02  0.00000000E+00
 -0.14988361E+02  0.00000000E+00
 -0.14978361E+02  0.00000000E+00
 -0.14968361E+02  0.00000000E+00
 -0.14958361E+02  0.00000000E+00
 -0.14948360E+02  0.00000000E+00
 -0.14938360E+02  0.00000000E+00
 -0.14928360E+02  0.00000000E+00
 -0.14918360E+02  0.00000000E+00
 -0.14908360E+02  0.00000000E+00
 -0.14898360E+02  0.00000000E+00
 -0.14888360E+02  0.00000000E+00
 -0.14878360E+02  0.00000000E+00
 -0.14868359E+02  0.00000000E+00
 -0.14858359E+02  0.00000000E+00
 -0.14848359E+02  0.00000000E+00
 -0.14838359E+02  0.00000000E+00
 -0.14828359E+02  0.00000000E+00
 -0.14818359E+02  0.00000000E+00
 -0.14808359E+02  0.00000000E+00
 -0.14798359E+02  0.00000000E+00
 -0.14788359E+02  0.00000000E+00
 -0.14778358E+02  0.00000000E+00
 -0.14768358E+02  0.00000000E+00
 -0.14758358E+02  0.00000000E+00
 -0.14748358E+02  0.00000000E+00
 -0.14738358E+02  0.00000000E+00
 -0.14728358E+02  0.00000000E+00
 -0.14718358E+02  0.00000000E+00
 -0.14708358E+02  0.00000000E+00
 -0.14698357E+02  0.00000000E+00
 -0.14688357E+02  0.00000000E+00
 -0.14678357E+02  0.00000000E+00
 -0.14668357E+02  0.00000000E+00
 -0.14658357E+02  0.00000000E+00
 -0.14648357E+02  0.00000000E+00
 -0.14638357E+02  0.00000000E+00
 -0.14628357E+02  0.00000000E+00
 -0.14618357E+02  0.00000000E+00
 -0.14608356E+02  0.00000000E+00
 -0.14598356E+02  0.00000000E+00
 -0.14588356E+02  0.00000000E+00
 -0.14578356E+02  0.00000000E+00
 -0.14568356E+02  0.00000000E+00
 -0.14558356E+02  0.00000000E+00
 -0.14548356E+02  0.00000000E+00
 -0.14538356E+02  0.00000000E+00
 -0.14528356E+02  0.00000000E+00
 -0.14518355E+02  0.00000000E+00
 -0.14508355E+02  0.00000000E+00
 -0.14498355E+02  0.00000000E+00
 -0.14488355E+02  0.00000000E+00
 -0.14478355E+02  0.00000000E+00
 -0.14468355E+02  0.00000000E+00
 -0.14458355E+02  0.00000000E+00
 -0.14448355E+02  0.00000000E+00
 -0.14438354E+02  0.00000000E+00
 -0.14428354E+02  0.00000000E+00
 -0.14418354E+02  0.00000000E+00
 -0.14408354E+02  0.00000000E+00
 -0.14398354E+02  0.00000000E+00
 -0.14388354E+02  0.00000000E+00
 -0.14378354E+02  0.00000000E+00
 -0.14368354E+02  0.00000000E+00
 -0.14358354E+02  0.00000000E+00
 -0.14348353E+02  0.00000000E+00
 -0.14338353E+02  0.00000000E+00
 -0.14328353E+02  0.00000000E+00
 -0.14318353E+02  0.00000000E+00
 -0.14308353E+02  0.00000000E+00
 -0.14298353E+02  0.00000000E+00
 -0.14288353E+02  0.00000000E+00
 -0.14278353E+02  0.00000000E+00
 -0.14268352E+02  0.00000000E+00
 -0.14258352E+02  0.00000000E+00
 -0.14248352E+02  0.00000000E+00
 -0.14238352E+02  0.00000000E+00
 -0.14228352E+02  0.00000000E+00
 -0.14218352E+02  0.00000000E+00
 -0.14208352E+02  0.00000000E+00
 -0.14198352E+02  0.00000000E+00
 -0.14188352E+02  0.00000000E+00
 -0.14178351E+02  0.00000000E+00
 -0.14168351E+02  0.00000000E+00
 -0.14158351E+02  0.00000000E+00
 -0.14148351E+02  0.00000000E+00
 -0.14138351E+02  0.00000000E+00
 -0.14128351E+02  0.00000000E+00
 -0.14118351E+02  0.00000000E+00
 -0.14108351E+02  0.00000000E+00
 -0.14098350E+02  0.00000000E+00
 -0.14088350E+02  0.00000000E+00
 -0.14078350E+02  0.00000000E+00
 -0.14068350E+02  0.00000000E+00
 -0.14058350E+02  0.00000000E+00
 -0.14048350E+02  0.00000000E+00
 -0.14038350E+02  0.00000000E+00
 -0.14028350E+02  0.00000000E+00
 -0.14018350E+02  0.00000000E+00
 -0.14008349E+02  0.00000000E+00
 -0.13998349E+02  0.00000000E+00
 -0.13988349E+02  0.00000000E+00
 -0.13978349E+02  0.00000000E+00
 -0.13968349E+02  0.00000000E+00
 -0.13958349E+02  0.00000000E+00
 -0.13948349E+02  0.00000000E+00
 -0.13938349E+02  0.00000000E+00
 -0.13928349E+02  0.00000000E+00
 -0.13918348E+02  0.00000000E+00
 -0.13908348E+02  0.00000000E+00
 -0.13898348E+02  0.00000000E+00
 -0.13888348E+02  0.00000000E+00
 -0.13878348E+02  0.00000000E+00
 -0.13868348E+02  0.00000000E+00
 -0.13858348E+02  0.00000000E+00
 -0.13848348E+02  0.00000000E+00
 -0.13838347E+02  0.00000000E+00
 -0.13828347E+02  0.00000000E+00
 -0.13818347E+02  0.00000000E+00
 -0.13808347E+02  0.00000000E+00
 -0.13798347E+02  0.00000000E+00
 -0.13788347E+02  0.00000000E+00
 -0.13778347E+02  0.00000000E+00
 -0.13768347E+02  0.00000000E+00
 -0.13758347E+02  0.00000000E+00
 -0.13748346E+02  0.00000000E+00
 -0.13738346E+02  0.00000000E+00
 -0.13728346E+02  0.00000000E+00
 -0.13718346E+02  0.00000000E+00
 -0.13708346E+02  0.00000000E+00
 -0.13698346E+02  0.00000000E+00
 -0.13688346E+02  0.00000000E+00
 -0.13678346E+02  0.00000000E+00
 -0.13668345E+02  0.00000000E+00
 -0.13658345E+02  0.00000000E+00
 -0.13648345E+02  0.00000000E+00
 -0.13638345E+02  0.00000000E+00
 -0.13628345E+02  0.00000000E+00
 -0.13618345E+02  0.00000000E+00
 -0.13608345E+02  0.00000000E+00
 -0.13598345E+02  0.00000000E+00
 -0.13588345E+02  0.00000000E+00
 -0.13578344E+02  0.00000000E+00
 -0.13568344E+02  0.00000000E+00
 -0.13558344E+02  0.00000000E+00
 -0.13548344E+02  0.00000000E+00
 -0.13538344E+02  0.00000000E+00
 -0.13528344E+02  0.00000000E+00
 -0.13518344E+02  0.00000000E+00
 -0.13508344E+02  0.00000000E+00
 -0.13498343E+02  0.00000000E+00
 -0.13488343E+02  0.00000000E+00
 -0.13478343E+02  0.00000000E+00
 -0.13468343E+02  0.00000000E+00
 -0.13458343E+02  0.00000000E+00
 -0.13448343E+02  0.00000000E+00
 -0.13438343E+02  0.00000000E+00
 -0.13428343E+02  0.00000000E+00
 -0.13418343E+02  0.00000000E+00
 -0.13408342E+02  0.00000000E+00
 -0.13398342E+02  0.00000000E+00
 -0.13388342E+02  0.00000000E+00
 -0.13378342E+02  0.00000000E+00
 -0.13368342E+02  0.00000000E+00
 -0.13358342E+02  0.00000000E+00
 -0.13348342E+02  0.00000000E+00
 -0.13338342E+02  0.00000000E+00
 -0.13328342E+02  0.00000000E+00
 -0.13318341E+02  0.00000000E+00
 -0.13308341E+02  0.00000000E+00
 -0.13298341E+02  0.00000000E+00
 -0.13288341E+02  0.00000000E+00
 -0.13278341E+02  0.00000000E+00
 -0.13268341E+02  0.00000000E+00
 -0.13258341E+02  0.00000000E+00
 -0.13248341E+02  0.00000000E+00
 -0.13238340E+02  0.00000000E+00
 -0.13228340E+02  0.00000000E+00
 -0.13218340E+02  0.00000000E+00
 -0.13208340E+02  0.00000000E+00
 -0.13198340E+02  0.00000000E+00
 -0.13188340E+02  0.00000000E+00
 -0.13178340E+02  0.00000000E+00
 -0.13168340E+02  0.00000000E+00
 -0.13158340E+02  0.00000000E+00
 -0.13148339E+02  0.00000000E+00
 -0.13138339E+02  0.00000000E+00
 -0.13128339E+02  0.00000000E+00
 -0.13118339E+02  0.00000000E+00
 -0.13108339E+02  0.00000000E+00
 -0.13098339E+02  0.00000000E+00
 -0.13088339E+02  0.00000000E+00
 -0.13078339E+02  0.00000000E+00
 -0.13068338E+02  0.00000000E+00
 -0.13058338E+02  0.00000000E+00
 -0.13048338E+02  0.00000000E+00
 -0.13038338E+02  0.00000000E+00
 -0.13028338E+02  0.00000000E+00
 -0.13018338E+02  0.00000000E+00
 -0.13008338E+02  0.00000000E+00
 -0.12998338E+02  0.00000000E+00
 -0.12988338E+02  0.00000000E+00
 -0.12978337E+02  0.00000000E+00
 -0.12968337E+02  0.00000000E+00
 -0.12958337E+02  0.00000000E+00
 -0.12948337E+02  0.00000000E+00
 -0.12938337E+02  0.00000000E+00
 -0.12928337E+02  0.00000000E+00
 -0.12918337E+02  0.00000000E+00
 -0.12908337E+02  0.00000000E+00
 -0.12898336E+02  0.00000000E+00
 -0.12888336E+02  0.00000000E+00
 -0.12878336E+02  0.00000000E+00
 -0.12868336E+02  0.00000000E+00
 -0.12858336E+02  0.00000000E+00
 -0.12848336E+02  0.00000000E+00
 -0.12838336E+02  0.00000000E+00
 -0.12828336E+02  0.00000000E+00
 -0.12818336E+02  0.00000000E+00
 -0.12808335E+02  0.00000000E+00
 -0.12798335E+02  0.00000000E+00
 -0.12788335E+02  0.00000000E+00
 -0.12778335E+02  0.00000000E+00
 -0.12768335E+02  0.00000000E+00
 -0.12758335E+02  0.00000000E+00
 -0.12748335E+02  0.00000000E+00
 -0.12738335E+02  0.00000000E+00
 -0.12728335E+02  0.00000000E+00
 -0.12718334E+02  0.00000000E+00
 -0.12708334E+02  0.00000000E+00
 -0.12698334E+02  0.00000000E+00
 -0.12688334E+02  0.00000000E+00
 -0.12678334E+02  0.00000000E+00
 -0.12668334E+02  0.00000000E+00
 -0.12658334E+02  0.00000000E+00
 -0.12648334E+02  0.00000000E+00
 -0.12638333E+02  0.00000000E+00
 -0.12628333E+02  0.00000000E+00
 -0.12618333E+02  0.00000000E+00
 -0.12608333E+02  0.00000000E+00
 -0.12598333E+02  0.00000000E+00
 -0.12588333E+02  0.00000000E+00
 -0.12578333E+02  0.00000000E+00
 -0.12568333E+02  0.00000000E+00
 -0.12558333E+02  0.00000000E+00
 -0.12548332E+02  0.00000000E+00
 -0.12538332E+02  0.00000000E+00
 -0.12528332E+02  0.00000000E+00
 -0.12518332E+02  0.00000000E+00
 -0.12508332E+02  0.00000000E+00
 -0.12498332E+02  0.00000000E+00
 -0.12488332E+02  0.00000000E+00
 -0.12478332E+02  0.00000000E+00
 -0.12468331E+02  0.00000000E+00
 -0.12458331E+02  0.00000000E+00
 -0.12448331E+02  0.00000000E+00
 -0.12438331E+02  0.00000000E+00
 -0.12428331E+02  0.00000000E+00
 -0.12418331E+02  0.00000000E+00
 -0.12408331E+02  0.00000000E+00
 -0.12398331E+02  0.00000000E+00
 -0.12388331E+02  0.00000000E+00
 -0.12378330E+02  0.00000000E+00
 -0.12368330E+02  0.00000000E+00
 -0.12358330E+02  0.00000000E+00
 -0.12348330E+02  0.00000000E+00
 -0.12338330E+02  0.00000000E+00
 -0.12328330E+02  0.00000000E+00
 -0.12318330E+02  0.00000000E+00
 -0.12308330E+02  0.00000000E+00
 -0.12298329E+02  0.00000000E+00
 -0.12288329E+02  0.00000000E+00
 -0.12278329E+02  0.00000000E+00
 -0.12268329E+02  0.00000000E+00
 -0.12258329E+02  0.00000000E+00
 -0.12248329E+02  0.00000000E+00
 -0.12238329E+02  0.00000000E+00
 -0.12228329E+02  0.00000000E+00
 -0.12218329E+02  0.00000000E+00
 -0.12208328E+02  0.00000000E+00
 -0.12198328E+02  0.00000000E+00
 -0.12188328E+02  0.00000000E+00
 -0.12178328E+02  0.00000000E+00
 -0.12168328E+02  0.00000000E+00
 -0.12158328E+02  0.00000000E+00
 -0.12148328E+02  0.00000000E+00
 -0.12138328E+02  0.00000000E+00
 -0.12128327E+02  0.00000000E+00
 -0.12118327E+02  0.00000000E+00
 -0.12108327E+02  0.00000000E+00
 -0.12098327E+02  0.00000000E+00
 -0.12088327E+02  0.00000000E+00
 -0.12078327E+02  0.00000000E+00
 -0.12068327E+02  0.00000000E+00
 -0.12058327E+02  0.00000000E+00
 -0.12048327E+02  0.00000000E+00
 -0.12038326E+02  0.00000000E+00
 -0.12028326E+02  0.00000000E+00
 -0.12018326E+02  0.00000000E+00
 -0.12008326E+02  0.00000000E+00
 -0.11998326E+02  0.00000000E+00
 -0.11988326E+02  0.00000000E+00
 -0.11978326E+02  0.00000000E+00
 -0.11968326E+02  0.00000000E+00
 -0.11958326E+02  0.00000000E+00
 -0.11948325E+02  0.00000000E+00
 -0.11938325E+02  0.00000000E+00
 -0.11928325E+02  0.00000000E+00
 -0.11918325E+02  0.00000000E+00
 -0.11908325E+02  0.00000000E+00
 -0.11898325E+02  0.00000000E+00
 -0.11888325E+02  0.00000000E+00
 -0.11878325E+02  0.00000000E+00
 -0.11868324E+02  0.00000000E+00
 -0.11858324E+02  0.00000000E+00
 -0.11848324E+02  0.00000000E+00
 -0.11838324E+02  0.00000000E+00
 -0.11828324E+02  0.00000000E+00
 -0.11818324E+02  0.00000000E+00
 -0.11808324E+02  0.00000000E+00
 -0.11798324E+02  0.00000000E+00
 -0.11788324E+02  0.00000000E+00
 -0.11778323E+02  0.00000000E+00
 -0.11768323E+02  0.00000000E+00
 -0.11758323E+02  0.00000000E+00
 -0.11748323E+02  0.00000000E+00
 -0.11738323E+02  0.00000000E+00
 -0.11728323E+02  0.00000000E+00
 -0.11718323E+02  0.00000000E+00
 -0.11708323E+02  0.00000000E+00
 -0.11698322E+02  0.00000000E+00
 -0.11688322E+02  0.00000000E+00
 -0.11678322E+02  0.00000000E+00
 -0.11668322E+02  0.00000000E+00
 -0.11658322E+02  0.00000000E+00
 -0.11648322E+02  0.00000000E+00
 -0.11638322E+02  0.00000000E+00
 -0.11628322E+02  0.00000000E+00
 -0.11618322E+02  0.00000000E+00
 -0.11608321E+02  0.00000000E+00
 -0.11598321E+02  0.00000000E+00
 -0.11588321E+02  0.00000000E+00
 -0.11578321E+02  0.00000000E+00
 -0.11568321E+02  0.00000000E+00
 -0.11558321E+02  0.00000000E+00
 -0.11548321E+02  0.00000000E+00
 -0.11538321E+02  0.00000000E+00
 -0.11528320E+02  0.00000000E+00
 -0.11518320E+02  0.00000000E+00
 -0.11508320E+02  0.00000000E+00
 -0.11498320E+02  0.00000000E+00
 -0.11488320E+02  0.00000000E+00
 -0.11478320E+02  0.00000000E+00
 -0.11468320E+02  0.00000000E+00
 -0.11458320E+02  0.00000000E+00
 -0.11448320E+02  0.00000000E+00
 -0.11438319E+02  0.00000000E+00
 -0.11428319E+02  0.00000000E+00
 -0.11418319E+02  0.00000000E+00
 -0.11408319E+02  0.00000000E+00
 -0.11398319E+02  0.00000000E+00
 -0.11388319E+02  0.00000000E+00
 -0.11378319E+02  0.00000000E+00
 -0.11368319E+02  0.00000000E+00
 -0.11358319E+02  0.00000000E+00
 -0.11348318E+02  0.00000000E+00
 -0.11338318E+02  0.00000000E+00
 -0.11328318E+02  0.00000000E+00
 -0.11318318E+02  0.00000000E+00
 -0.11308318E+02  0.00000000E+00
 -0.11298318E+02  0.00000000E+00
 -0.11288318E+02  0.00000000E+00
 -0.11278318E+02  0.00000000E+00
 -0.11268317E+02  0.00000000E+00
 -0.11258317E+02  0.00000000E+00
 -0.11248317E+02  0.00000000E+00
 -0.11238317E+02  0.00000000E+00
 -0.11228317E+02  0.00000000E+00
 -0.11218317E+02  0.00000000E+00
 -0.11208317E+02  0.00000000E+00
 -0.11198317E+02  0.00000000E+00
 -0.11188317E+02  0.00000000E+00
 -0.11178316E+02  0.00000000E+00
 -0.11168316E+02  0.00000000E+00
 -0.11158316E+02  0.00000000E+00
 -0.11148316E+02  0.00000000E+00
 -0.11138316E+02  0.00000000E+00
 -0.11128316E+02  0.00000000E+00
 -0.11118316E+02  0.00000000E+00
 -0.11108316E+02  0.00000000E+00
 -0.11098315E+02  0.00000000E+00
 -0.11088315E+02  0.00000000E+00
 -0.11078315E+02  0.00000000E+00
 -0.11068315E+02  0.00000000E+00
 -0.11058315E+02  0.00000000E+00
 -0.11048315E+02  0.00000000E+00
 -0.11038315E+02  0.00000000E+00
 -0.11028315E+02  0.00000000E+00
 -0.11018315E+02  0.00000000E+00
 -0.11008314E+02  0.00000000E+00
 -0.10998314E+02  0.00000000E+00
 -0.10988314E+02  0.00000000E+00
 -0.10978314E+02  0.00000000E+00
 -0.10968314E+02  0.00000000E+00
 -0.10958314E+02  0.00000000E+00
 -0.10948314E+02  0.00000000E+00
 -0.10938314E+02  0.00000000E+00
 -0.10928313E+02  0.00000000E+00
 -0.10918313E+02  0.00000000E+00
 -0.10908313E+02  0.00000000E+00
 -0.10898313E+02  0.00000000E+00
 -0.10888313E+02  0.00000000E+00
 -0.10878313E+02  0.00000000E+00
 -0.10868313E+02  0.00000000E+00
 -0.10858313E+02  0.00000000E+00
 -0.10848313E+02  0.00000000E+00
 -0.10838312E+02  0.00000000E+00
 -0.10828312E+02  0.00000000E+00
 -0.10818312E+02  0.00000000E+00
 -0.10808312E+02  0.00000000E+00
 -0.10798312E+02  0.00000000E+00
 -0.10788312E+02  0.00000000E+00
 -0.10778312E+02  0.00000000E+00
 -0.10768312E+02  0.00000000E+00
 -0.10758312E+02  0.00000000E+00
 -0.10748311E+02  0.00000000E+00
 -0.10738311E+02  0.00000000E+00
 -0.10728311E+02  0.00000000E+00
 -0.10718311E+02  0.00000000E+00
 -0.10708311E+02  0.00000000E+00
 -0.10698311E+02  0.00000000E+00
 -0.10688311E+02  0.00000000E+00
 -0.10678311E+02  0.00000000E+00
 -0.10668310E+02  0.00000000E+00
 -0.10658310E+02  0.00000000E+00
 -0.10648310E+02  0.00000000E+00
 -0.10638310E+02  0.00000000E+00
 -0.10628310E+02  0.00000000E+00
 -0.10618310E+02  0.00000000E+00
 -0.10608310E+02  0.00000000E+00
 -0.10598310E+02  0.00000000E+00
 -0.10588310E+02  0.00000000E+00
 -0.10578309E+02  0.00000000E+00
 -0.10568309E+02  0.00000000E+00
 -0.10558309E+02  0.00000000E+00
 -0.10548309E+02  0.00000000E+00
 -0.10538309E+02  0.00000000E+00
 -0.10528309E+02  0.00000000E+00
 -0.10518309E+02  0.00000000E+00
 -0.10508309E+02  0.00000000E+00
 -0.10498308E+02  0.00000000E+00
 -0.10488308E+02  0.00000000E+00
 -0.10478308E+02  0.00000000E+00
 -0.10468308E+02  0.00000000E+00
 -0.10458308E+02  0.00000000E+00
 -0.10448308E+02  0.00000000E+00
 -0.10438308E+02  0.00000000E+00
 -0.10428308E+02  0.00000000E+00
 -0.10418308E+02  0.00000000E+00
 -0.10408307E+02  0.00000000E+00
 -0.10398307E+02  0.00000000E+00
 -0.10388307E+02  0.00000000E+00
 -0.10378307E+02  0.00000000E+00
 -0.10368307E+02  0.00000000E+00
 -0.10358307E+02  0.00000000E+00
 -0.10348307E+02  0.00000000E+00
 -0.10338307E+02  0.00000000E+00
 -0.10328306E+02  0.00000000E+00
 -0.10318306E+02  0.00000000E+00
 -0.10308306E+02  0.00000000E+00
 -0.10298306E+02  0.00000000E+00
 -0.10288306E+02  0.00000000E+00
 -0.10278306E+02  0.00000000E+00
 -0.10268306E+02  0.00000000E+00
 -0.10258306E+02  0.00000000E+00
 -0.10248306E+02  0.00000000E+00
 -0.10238305E+02  0.00000000E+00
 -0.10228305E+02  0.00000000E+00
 -0.10218305E+02  0.00000000E+00
 -0.10208305E+02  0.00000000E+00
 -0.10198305E+02  0.00000000E+00
 -0.10188305E+02  0.00000000E+00
 -0.10178305E+02  0.00000000E+00
 -0.10168305E+02  0.00000000E+00
 -0.10158305E+02  0.00000000E+00
 -0.10148304E+02  0.00000000E+00
 -0.10138304E+02  0.00000000E+00
 -0.10128304E+02  0.00000000E+00
 -0.10118304E+02  0.00000000E+00
 -0.10108304E+02  0.00000000E+00
 -0.10098304E+02  0.00000000E+00
 -0.10088304E+02  0.00000000E+00
 -0.10078304E+02  0.00000000E+00
 -0.10068303E+02  0.00000000E+00
 -0.10058303E+02  0.00000000E+00
 -0.10048303E+02  0.00000000E+00
 -0.10038303E+02  0.00000000E+00
 -0.10028303E+02  0.00000000E+00
 -0.10018303E+02  0.00000000E+00
 -0.10008303E+02  0.00000000E+00
 -0.99983026E+01  0.00000000E+00
 -0.99883025E+01  0.00000000E+00
 -0.99783024E+01  0.00000000E+00
 -0.99683023E+01  0.00000000E+00
 -0.99583022E+01  0.00000000E+00
 -0.99483021E+01  0.00000000E+00
 -0.99383019E+01  0.00000000E+00
 -0.99283018E+01  0.00000000E+00
 -0.99183017E+01  0.00000000E+00
 -0.99083016E+01  0.00000000E+00
 -0.98983015E+01  0.00000000E+00
 -0.98883014E+01  0.00000000E+00
 -0.98783012E+01  0.00000000E+00
 -0.98683011E+01  0.00000000E+00
 -0.98583010E+01  0.00000000E+00
 -0.98483009E+01  0.00000000E+00
 -0.98383008E+01  0.00000000E+00
 -0.98283007E+01  0.00000000E+00
 -0.98183005E+01  0.00000000E+00
 -0.98083004E+01  0.00000000E+00
 -0.97983003E+01  0.00000000E+00
 -0.97883002E+01  0.00000000E+00
 -0.97783001E+01  0.00000000E+00
 -0.97683000E+01  0.00000000E+00
 -0.97582998E+01  0.00000000E+00
 -0.97482997E+01  0.00000000E+00
 -0.97382996E+01  0.00000000E+00
 -0.97282995E+01  0.00000000E+00
 -0.97182994E+01  0.00000000E+00
 -0.97082993E+01  0.00000000E+00
 -0.96982991E+01  0.00000000E+00
 -0.96882990E+01  0.00000000E+00
 -0.96782989E+01  0.00000000E+00
 -0.96682988E+01  0.00000000E+00
 -0.96582987E+01  0.00000000E+00
 -0.96482986E+01  0.00000000E+00
 -0.96382984E+01  0.00000000E+00
 -0.96282983E+01  0.00000000E+00
 -0.96182982E+01  0.00000000E+00
 -0.96082981E+01  0.00000000E+00
 -0.95982980E+01  0.00000000E+00
 -0.95882979E+01  0.00000000E+00
 -0.95782977E+01  0.00000000E+00
 -0.95682976E+01  0.00000000E+00
 -0.95582975E+01  0.00000000E+00
 -0.95482974E+01  0.00000000E+00
 -0.95382973E+01  0.00000000E+00
 -0.95282972E+01  0.00000000E+00
 -0.95182970E+01  0.00000000E+00
 -0.95082969E+01  0.00000000E+00
 -0.94982968E+01  0.00000000E+00
 -0.94882967E+01  0.00000000E+00
 -0.94782966E+01  0.00000000E+00
 -0.94682965E+01  0.00000000E+00
 -0.94582963E+01  0.00000000E+00
 -0.94482962E+01  0.00000000E+00
 -0.94382961E+01  0.00000000E+00
 -0.94282960E+01  0.00000000E+00
 -0.94182959E+01  0.00000000E+00
 -0.94082958E+01  0.00000000E+00
 -0.93982956E+01  0.00000000E+00
 -0.93882955E+01  0.00000000E+00
 -0.93782954E+01  0.00000000E+00
 -0.93682953E+01  0.00000000E+00
 -0.93582952E+01  0.00000000E+00
 -0.93482951E+01  0.00000000E+00
 -0.93382949E+01  0.00000000E+00
 -0.93282948E+01  0.00000000E+00
 -0.93182947E+01  0.00000000E+00
 -0.93082946E+01  0.00000000E+00
 -0.92982945E+01  0.00000000E+00
 -0.92882944E+01  0.00000000E+00
 -0.92782942E+01  0.00000000E+00
 -0.92682941E+01  0.00000000E+00
 -0.92582940E+01  0.00000000E+00
 -0.92482939E+01  0.00000000E+00
 -0.92382938E+01  0.00000000E+00
 -0.92282937E+01  0.00000000E+00
 -0.92182935E+01  0.00000000E+00
 -0.92082934E+01  0.00000000E+00
 -0.91982933E+01  0.00000000E+00
 -0.91882932E+01  0.00000000E+00
 -0.91782931E+01  0.00000000E+00
 -0.91682930E+01  0.00000000E+00
 -0.91582928E+01  0.00000000E+00
 -0.91482927E+01  0.00000000E+00
 -0.91382926E+01  0.00000000E+00
 -0.91282925E+01  0.00000000E+00
 -0.91182924E+01  0.00000000E+00
 -0.91082923E+01  0.00000000E+00
 -0.90982921E+01  0.00000000E+00
 -0.90882920E+01  0.00000000E+00
 -0.90782919E+01  0.00000000E+00
 -0.90682918E+01  0.00000000E+00
 -0.90582917E+01  0.00000000E+00
 -0.90482916E+01  0.00000000E+00
 -0.90382914E+01  0.00000000E+00
 -0.90282913E+01  0.00000000E+00
 -0.90182912E+01  0.00000000E+00
 -0.90082911E+01  0.00000000E+00
 -0.89982910E+01  0.00000000E+00
 -0.89882909E+01  0.00000000E+00
 -0.89782907E+01  0.00000000E+00
 -0.89682906E+01  0.00000000E+00
 -0.89582905E+01  0.00000000E+00
 -0.89482904E+01  0.00000000E+00
 -0.89382903E+01  0.00000000E+00
 -0.89282902E+01  0.00000000E+00
 -0.89182900E+01  0.00000000E+00
 -0.89082899E+01  0.00000000E+00
 -0.88982898E+01  0.00000000E+00
 -0.88882897E+01  0.00000000E+00
 -0.88782896E+01  0.00000000E+00
 -0.88682895E+01  0.00000000E+00
 -0.88582893E+01  0.00000000E+00
 -0.88482892E+01  0.00000000E+00
 -0.88382891E+01  0.00000000E+00
 -0.88282890E+01  0.00000000E+00
 -0.88182889E+01  0.00000000E+00
 -0.88082888E+01  0.00000000E+00
 -0.87982886E+01  0.00000000E+00
 -0.87882885E+01  0.00000000E+00
 -0.87782884E+01  0.00000000E+00
 -0.87682883E+01  0.00000000E+00
 -0.87582882E+01  0.00000000E+00
 -0.87482881E+01  0.00000000E+00
 -0.87382879E+01  0.00000000E+00
 -0.87282878E+01  0.00000000E+00
 -0.87182877E+01  0.00000000E+00
 -0.87082876E+01  0.00000000E+00
 -0.86982875E+01  0.00000000E+00
 -0.86882874E+01  0.00000000E+00
 -0.86782872E+01  0.00000000E+00
 -0.86682871E+01  0.00000000E+00
 -0.86582870E+01  0.00000000E+00
 -0.86482869E+01  0.00000000E+00
 -0.86382868E+01  0.00000000E+00
 -0.86282867E+01  0.00000000E+00
 -0.86182865E+01  0.00000000E+00
 -0.86082864E+01  0.00000000E+00
 -0.85982863E+01  0.00000000E+00
 -0.85882862E+01  0.00000000E+00
 -0.85782861E+01  0.00000000E+00
 -0.85682860E+01  0.00000000E+00
 -0.85582858E+01  0.00000000E+00
 -0.85482857E+01  0.00000000E+00
 -0.85382856E+01  0.00000000E+00
 -0.85282855E+01  0.00000000E+00
 -0.85182854E+01  0.00000000E+00
 -0.85082853E+01  0.00000000E+00
 -0.84982851E+01  0.00000000E+00
 -0.84882850E+01  0.00000000E+00
 -0.84782849E+01  0.00000000E+00
 -0.84682848E+01  0.00000000E+00
 -0.84582847E+01  0.00000000E+00
 -0.84482846E+01  0.00000000E+00
 -0.84382844E+01  0.00000000E+00
 -0.84282843E+01  0.00000000E+00
 -0.84182842E+01  0.00000000E+00
 -0.84082841E+01  0.00000000E+00
 -0.83982840E+01  0.00000000E+00
 -0.83882839E+01  0.00000000E+00
 -0.83782837E+01  0.00000000E+00
 -0.83682836E+01  0.00000000E+00
 -0.83582835E+01  0.00000000E+00
 -0.83482834E+01  0.00000000E+00
 -0.83382833E+01  0.00000000E+00
 -0.83282832E+01  0.00000000E+00
 -0.83182830E+01  0.00000000E+00
 -0.83082829E+01  0.00000000E+00
 -0.82982828E+01  0.00000000E+00
 -0.82882827E+01  0.00000000E+00
 -0.82782826E+01  0.00000000E+00
 -0.82682825E+01  0.00000000E+00
 -0.82582823E+01  0.00000000E+00
 -0.82482822E+01  0.00000000E+00
 -0.82382821E+01  0.00000000E+00
 -0.82282820E+01  0.00000000E+00
 -0.82182819E+01  0.00000000E+00
 -0.82082818E+01  0.00000000E+00
 -0.81982816E+01  0.00000000E+00
 -0.81882815E+01  0.00000000E+00
 -0.81782814E+01  0.00000000E+00
 -0.81682813E+01  0.00000000E+00
 -0.81582812E+01  0.00000000E+00
 -0.81482811E+01  0.00000000E+00
 -0.81382809E+01  0.00000000E+00
 -0.81282808E+01  0.00000000E+00
 -0.81182807E+01  0.00000000E+00
 -0.81082806E+01  0.00000000E+00
 -0.80982805E+01  0.00000000E+00
 -0.80882804E+01  0.00000000E+00
 -0.80782802E+01  0.00000000E+00
 -0.80682801E+01  0.00000000E+00
 -0.80582800E+01  0.00000000E+00
 -0.80482799E+01  0.00000000E+00
 -0.80382798E+01  0.00000000E+00
 -0.80282797E+01  0.00000000E+00
 -0.80182795E+01  0.00000000E+00
 -0.80082794E+01  0.00000000E+00
 -0.79982793E+01  0.00000000E+00
 -0.79882792E+01  0.00000000E+00
 -0.79782791E+01  0.00000000E+00
 -0.79682790E+01  0.00000000E+00
 -0.79582788E+01  0.00000000E+00
 -0.79482787E+01  0.00000000E+00
 -0.79382786E+01  0.00000000E+00
 -0.79282785E+01  0.00000000E+00
 -0.79182784E+01  0.00000000E+00
 -0.79082783E+01  0.00000000E+00
 -0.78982781E+01  0.00000000E+00
 -0.78882780E+01  0.00000000E+00
 -0.78782779E+01  0.00000000E+00
 -0.78682778E+01  0.00000000E+00
 -0.78582777E+01  0.00000000E+00
 -0.78482776E+01  0.00000000E+00
 -0.78382774E+01  0.00000000E+00
 -0.78282773E+01  0.00000000E+00
 -0.78182772E+01  0.00000000E+00
 -0.78082771E+01  0.00000000E+00
 -0.77982770E+01  0.00000000E+00
 -0.77882769E+01  0.00000000E+00
 -0.77782767E+01  0.00000000E+00
 -0.77682766E+01  0.00000000E+00
 -0.77582765E+01  0.00000000E+00
 -0.77482764E+01  0.00000000E+00
 -0.77382763E+01  0.00000000E+00
 -0.77282762E+01  0.00000000E+00
 -0.77182760E+01  0.00000000E+00
 -0.77082759E+01  0.00000000E+00
 -0.76982758E+01  0.00000000E+00
 -0.76882757E+01  0.00000000E+00
 -0.76782756E+01  0.00000000E+00
 -0.76682755E+01  0.00000000E+00
 -0.76582753E+01  0.00000000E+00
 -0.76482752E+01  0.00000000E+00
 -0.76382751E+01  0.00000000E+00
 -0.76282750E+01  0.00000000E+00
 -0.76182749E+01  0.00000000E+00
 -0.76082748E+01  0.00000000E+00
 -0.75982746E+01  0.00000000E+00
 -0.75882745E+01  0.00000000E+00
 -0.75782744E+01  0.00000000E+00
 -0.75682743E+01  0.00000000E+00
 -0.75582742E+01  0.00000000E+00
 -0.75482741E+01  0.00000000E+00
 -0.75382739E+01  0.00000000E+00
 -0.75282738E+01  0.00000000E+00
 -0.75182737E+01  0.00000000E+00
 -0.75082736E+01  0.00000000E+00
 -0.74982735E+01  0.00000000E+00
 -0.74882734E+01  0.00000000E+00
 -0.74782732E+01  0.00000000E+00
 -0.74682731E+01  0.00000000E+00
 -0.74582730E+01  0.00000000E+00
 -0.74482729E+01  0.00000000E+00
 -0.74382728E+01  0.00000000E+00
 -0.74282727E+01  0.00000000E+00
 -0.74182725E+01  0.00000000E+00
 -0.74082724E+01  0.00000000E+00
 -0.73982723E+01  0.00000000E+00
 -0.73882722E+01  0.00000000E+00
 -0.73782721E+01  0.00000000E+00
 -0.73682720E+01  0.00000000E+00
 -0.73582718E+01  0.00000000E+00
 -0.73482717E+01  0.00000000E+00
 -0.73382716E+01  0.00000000E+00
 -0.73282715E+01  0.00000000E+00
 -0.73182714E+01  0.00000000E+00
 -0.73082713E+01  0.00000000E+00
 -0.72982711E+01  0.00000000E+00
 -0.72882710E+01  0.00000000E+00
 -0.72782709E+01  0.00000000E+00
 -0.72682708E+01  0.00000000E+00
 -0.72582707E+01  0.00000000E+00
 -0.72482706E+01  0.00000000E+00
 -0.72382704E+01  0.00000000E+00
 -0.72282703E+01  0.00000000E+00
 -0.72182702E+01  0.00000000E+00
 -0.72082701E+01  0.00000000E+00
 -0.71982700E+01  0.00000000E+00
 -0.71882699E+01  0.00000000E+00
 -0.71782697E+01  0.00000000E+00
 -0.71682696E+01  0.00000000E+00
 -0.71582695E+01  0.00000000E+00
 -0.71482694E+01  0.00000000E+00
 -0.71382693E+01  0.00000000E+00
 -0.71282692E+01  0.00000000E+00
 -0.71182690E+01  0.00000000E+00
 -0.71082689E+01  0.00000000E+00
 -0.70982688E+01  0.00000000E+00
 -0.70882687E+01  0.00000000E+00
 -0.70782686E+01  0.00000000E+00
 -0.70682685E+01  0.00000000E+00
 -0.70582683E+01  0.00000000E+00
 -0.70482682E+01  0.00000000E+00
 -0.70382681E+01  0.00000000E+00
 -0.70282680E+01  0.00000000E+00
 -0.70182679E+01  0.00000000E+00
 -0.70082678E+01  0.00000000E+00
 -0.69982676E+01  0.00000000E+00
 -0.69882675E+01  0.00000000E+00
 -0.69782674E+01  0.00000000E+00
 -0.69682673E+01  0.00000000E+00
 -0.69582672E+01  0.00000000E+00
 -0.69482671E+01  0.00000000E+00
 -0.69382669E+01  0.00000000E+00
 -0.69282668E+01  0.00000000E+00
 -0.69182667E+01  0.00000000E+00
 -0.69082666E+01  0.00000000E+00
 -0.68982665E+01  0.00000000E+00
 -0.68882664E+01  0.00000000E+00
 -0.68782662E+01  0.00000000E+00
 -0.68682661E+01  0.00000000E+00
 -0.68582660E+01  0.00000000E+00
 -0.68482659E+01  0.00000000E+00
 -0.68382658E+01  0.00000000E+00
 -0.68282657E+01  0.00000000E+00
 -0.68182655E+01  0.00000000E+00
 -0.68082654E+01  0.00000000E+00
 -0.67982653E+01  0.00000000E+00
 -0.67882652E+01  0.00000000E+00
 -0.67782651E+01  0.00000000E+00
 -0.67682650E+01  0.00000000E+00
 -0.67582648E+01  0.00000000E+00
 -0.67482647E+01  0.00000000E+00
 -0.67382646E+01  0.00000000E+00
 -0.67282645E+01  0.00000000E+00
 -0.67182644E+01  0.00000000E+00
 -0.67082643E+01  0.00000000E+00
 -0.66982641E+01  0.00000000E+00
 -0.66882640E+01  0.00000000E+00
 -0.66782639E+01  0.00000000E+00
 -0.66682638E+01  0.00000000E+00
 -0.66582637E+01  0.00000000E+00
 -0.66482636E+01  0.00000000E+00
 -0.66382634E+01  0.00000000E+00
 -0.66282633E+01  0.00000000E+00
 -0.66182632E+01  0.00000000E+00
 -0.66082631E+01  0.00000000E+00
 -0.65982630E+01  0.00000000E+00
 -0.65882629E+01  0.00000000E+00
 -0.65782627E+01  0.00000000E+00
 -0.65682626E+01  0.00000000E+00
 -0.65582625E+01  0.00000000E+00
 -0.65482624E+01  0.00000000E+00
 -0.65382623E+01  0.00000000E+00
 -0.65282622E+01  0.00000000E+00
 -0.65182620E+01  0.00000000E+00
 -0.65082619E+01  0.00000000E+00
 -0.64982618E+01  0.00000000E+00
 -0.64882617E+01  0.00000000E+00
 -0.64782616E+01  0.00000000E+00
 -0.64682615E+01  0.00000000E+00
 -0.64582613E+01  0.00000000E+00
 -0.64482612E+01  0.00000000E+00
 -0.64382611E+01  0.00000000E+00
 -0.64282610E+01  0.00000000E+00
 -0.64182609E+01  0.00000000E+00
 -0.64082608E+01  0.00000000E+00
 -0.63982606E+01  0.00000000E+00
 -0.63882605E+01  0.00000000E+00
 -0.63782604E+01  0.00000000E+00
 -0.63682603E+01  0.00000000E+00
 -0.63582602E+01  0.00000000E+00
 -0.63482601E+01  0.00000000E+00
 -0.63382599E+01  0.00000000E+00
 -0.63282598E+01  0.00000000E+00
 -0.63182597E+01  0.00000000E+00
 -0.63082596E+01  0.00000000E+00
 -0.62982595E+01  0.00000000E+00
 -0.62882594E+01  0.00000000E+00
 -0.62782592E+01  0.00000000E+00
 -0.62682591E+01  0.00000000E+00
 -0.62582590E+01  0.00000000E+00
 -0.62482589E+01  0.00000000E+00
 -0.62382588E+01  0.00000000E+00
 -0.62282587E+01  0.00000000E+00
 -0.62182585E+01  0.00000000E+00
 -0.62082584E+01  0.00000000E+00
 -0.61982583E+01  0.00000000E+00
 -0.61882582E+01  0.00000000E+00
 -0.61782581E+01  0.00000000E+00
 -0.61682580E+01  0.00000000E+00
 -0.61582578E+01  0.00000000E+00
 -0.61482577E+01  0.00000000E+00
 -0.61382576E+01  0.00000000E+00
 -0.61282575E+01  0.00000000E+00
 -0.61182574E+01  0.00000000E+00
 -0.61082573E+01  0.00000000E+00
 -0.60982571E+01  0.00000000E+00
 -0.60882570E+01  0.00000000E+00
 -0.60782569E+01  0.00000000E+00
 -0.60682568E+01  0.00000000E+00
 -0.60582567E+01  0.00000000E+00
 -0.60482566E+01  0.00000000E+00
 -0.60382564E+01  0.00000000E+00
 -0.60282563E+01  0.00000000E+00
 -0.60182562E+01  0.00000000E+00
 -0.60082561E+01  0.00000000E+00
 -0.59982560E+01  0.00000000E+00
 -0.59882559E+01  0.00000000E+00
 -0.59782557E+01  0.00000000E+00
 -0.59682556E+01  0.00000000E+00
 -0.59582555E+01  0.00000000E+00
 -0.59482554E+01  0.00000000E+00
 -0.59382553E+01  0.00000000E+00
 -0.59282552E+01  0.00000000E+00
 -0.59182550E+01  0.00000000E+00
 -0.59082549E+01  0.00000000E+00
 -0.58982548E+01  0.00000000E+00
 -0.58882547E+01  0.00000000E+00
 -0.58782546E+01  0.00000000E+00
 -0.58682545E+01  0.00000000E+00
 -0.58582543E+01  0.00000000E+00
 -0.58482542E+01  0.00000000E+00
 -0.58382541E+01  0.00000000E+00
 -0.58282540E+01  0.00000000E+00
 -0.58182539E+01  0.00000000E+00
 -0.58082538E+01  0.00000000E+00
 -0.57982536E+01  0.00000000E+00
 -0.57882535E+01  0.00000000E+00
 -0.57782534E+01  0.00000000E+00
 -0.57682533E+01  0.00000000E+00
 -0.57582532E+01  0.00000000E+00
 -0.57482531E+01  0.00000000E+00
 -0.57382529E+01  0.00000000E+00
 -0.57282528E+01  0.00000000E+00
 -0.57182527E+01  0.00000000E+00
 -0.57082526E+01  0.00000000E+00
 -0.56982525E+01  0.00000000E+00
 -0.56882524E+01  0.00000000E+00
 -0.56782522E+01  0.00000000E+00
 -0.56682521E+01  0.00000000E+00
 -0.56582520E+01  0.00000000E+00
 -0.56482519E+01  0.00000000E+00
 -0.56382518E+01  0.00000000E+00
 -0.56282517E+01  0.00000000E+00
 -0.56182515E+01  0.00000000E+00
 -0.56082514E+01  0.00000000E+00
 -0.55982513E+01  0.00000000E+00
 -0.55882512E+01  0.00000000E+00
 -0.55782511E+01  0.00000000E+00
 -0.55682510E+01  0.00000000E+00
 -0.55582508E+01  0.00000000E+00
 -0.55482507E+01  0.00000000E+00
 -0.55382506E+01  0.00000000E+00
 -0.55282505E+01  0.00000000E+00
 -0.55182504E+01  0.00000000E+00
 -0.55082503E+01  0.00000000E+00
 -0.54982501E+01  0.00000000E+00
 -0.54882500E+01  0.00000000E+00
 -0.54782499E+01  0.00000000E+00
 -0.54682498E+01  0.00000000E+00
 -0.54582497E+01  0.00000000E+00
 -0.54482496E+01  0.00000000E+00
 -0.54382494E+01  0.00000000E+00
 -0.54282493E+01  0.00000000E+00
 -0.54182492E+01  0.00000000E+00
 -0.54082491E+01  0.00000000E+00
 -0.53982490E+01  0.00000000E+00
 -0.53882489E+01  0.00000000E+00
 -0.53782487E+01  0.00000000E+00
 -0.53682486E+01  0.00000000E+00
 -0.53582485E+01  0.00000000E+00
 -0.53482484E+01  0.00000000E+00
 -0.53382483E+01  0.00000000E+00
 -0.53282482E+01  0.00000000E+00
 -0.53182480E+01  0.00000000E+00
 -0.53082479E+01  0.00000000E+00
 -0.52982478E+01  0.00000000E+00
 -0.52882477E+01  0.00000000E+00
 -0.52782476E+01  0.00000000E+00
 -0.52682475E+01  0.00000000E+00
 -0.52582473E+01  0.00000000E+00
 -0.52482472E+01  0.00000000E+00
 -0.52382471E+01  0.00000000E+00
 -0.52282470E+01  0.00000000E+00
 -0.52182469E+01  0.00000000E+00
 -0.52082468E+01  0.00000000E+00
 -0.51982466E+01  0.00000000E+00
 -0.51882465E+01  0.00000000E+00
 -0.51782464E+01  0.00000000E+00
 -0.51682463E+01  0.00000000E+00
 -0.51582462E+01  0.00000000E+00
 -0.51482461E+01  0.00000000E+00
 -0.51382459E+01  0.00000000E+00
 -0.51282458E+01  0.00000000E+00
 -0.51182457E+01  0.00000000E+00
 -0.51082456E+01  0.00000000E+00
 -0.50982455E+01  0.00000000E+00
 -0.50882454E+01  0.00000000E+00
 -0.50782452E+01  0.00000000E+00
 -0.50682451E+01  0.00000000E+00
 -0.50582450E+01  0.00000000E+00
 -0.50482449E+01  0.00000000E+00
 -0.50382448E+01  0.00000000E+00
 -0.50282447E+01  0.00000000E+00
 -0.50182445E+01  0.00000000E+00
 -0.50082444E+01  0.00000000E+00
 -0.49982443E+01  0.00000000E+00
 -0.49882442E+01  0.00000000E+00
 -0.49782441E+01  0.00000000E+00
 -0.49682440E+01  0.00000000E+00
 -0.49582438E+01  0.00000000E+00
 -0.49482437E+01  0.00000000E+00
 -0.49382436E+01  0.00000000E+00
 -0.49282435E+01  0.00000000E+00
 -0.49182434E+01  0.00000000E+00
 -0.49082432E+01  0.00000000E+00
 -0.48982431E+01  0.00000000E+00
 -0.48882430E+01  0.00000000E+00
 -0.48782429E+01  0.00000000E+00
 -0.48682428E+01  0.00000000E+00
 -0.48582427E+01  0.00000000E+00
 -0.48482425E+01  0.00000000E+00
 -0.48382424E+01  0.00000000E+00
 -0.48282423E+01  0.00000000E+00
 -0.48182422E+01  0.00000000E+00
 -0.48082421E+01  0.00000000E+00
 -0.47982420E+01  0.00000000E+00
 -0.47882418E+01  0.00000000E+00
 -0.47782417E+01  0.00000000E+00
 -0.47682416E+01  0.00000000E+00
 -0.47582415E+01  0.00000000E+00
 -0.47482414E+01  0.00000000E+00
 -0.47382413E+01  0.00000000E+00
 -0.47282411E+01  0.00000000E+00
 -0.47182410E+01  0.00000000E+00
 -0.47082409E+01  0.00000000E+00
 -0.46982408E+01  0.00000000E+00
 -0.46882407E+01  0.00000000E+00
 -0.46782406E+01  0.00000000E+00
 -0.46682404E+01  0.00000000E+00
 -0.46582403E+01  0.00000000E+00
 -0.46482402E+01  0.00000000E+00
 -0.46382401E+01  0.00000000E+00
 -0.46282400E+01  0.00000000E+00
 -0.46182399E+01  0.00000000E+00
 -0.46082397E+01  0.00000000E+00
 -0.45982396E+01  0.00000000E+00
 -0.45882395E+01  0.00000000E+00
 -0.45782394E+01  0.00000000E+00
 -0.45682393E+01  0.00000000E+00
 -0.45582392E+01  0.00000000E+00
 -0.45482390E+01  0.00000000E+00
 -0.45382389E+01  0.00000000E+00
 -0.45282388E+01  0.00000000E+00
 -0.45182387E+01  0.00000000E+00
 -0.45082386E+01  0.00000000E+00
 -0.44982385E+01  0.00000000E+00
 -0.44882383E+01  0.00000000E+00
 -0.44782382E+01  0.00000000E+00
 -0.44682381E+01  0.00000000E+00
 -0.44582380E+01  0.00000000E+00
 -0.44482379E+01  0.00000000E+00
 -0.44382378E+01  0.00000000E+00
 -0.44282376E+01  0.00000000E+00
 -0.44182375E+01  0.00000000E+00
 -0.44082374E+01  0.00000000E+00
 -0.43982373E+01  0.00000000E+00
 -0.43882372E+01  0.00000000E+00
 -0.43782371E+01  0.00000000E+00
 -0.43682369E+01  0.00000000E+00
 -0.43582368E+01  0.00000000E+00
 -0.43482367E+01  0.00000000E+00
 -0.43382366E+01  0.00000000E+00
 -0.43282365E+01  0.00000000E+00
 -0.43182364E+01  0.00000000E+00
 -0.43082362E+01  0.00000000E+00
 -0.42982361E+01  0.00000000E+00
 -0.42882360E+01  0.00000000E+00
 -0.42782359E+01  0.00000000E+00
 -0.42682358E+01  0.00000000E+00
 -0.42582357E+01  0.00000000E+00
 -0.42482355E+01  0.00000000E+00
 -0.42382354E+01  0.00000000E+00
 -0.42282353E+01  0.00000000E+00
 -0.42182352E+01  0.00000000E+00
 -0.42082351E+01  0.00000000E+00
 -0.41982350E+01  0.00000000E+00
 -0.41882348E+01  0.00000000E+00
 -0.41782347E+01  0.00000000E+00
 -0.41682346E+01  0.00000000E+00
 -0.41582345E+01  0.00000000E+00
 -0.41482344E+01  0.00000000E+00
 -0.41382343E+01  0.00000000E+00
 -0.41282341E+01  0.00000000E+00
 -0.41182340E+01  0.00000000E+00
 -0.41082339E+01  0.00000000E+00
 -0.40982338E+01  0.00000000E+00
 -0.40882337E+01  0.00000000E+00
 -0.40782336E+01  0.00000000E+00
 -0.40682334E+01  0.00000000E+00
 -0.40582333E+01  0.00000000E+00
 -0.40482332E+01  0.00000000E+00
 -0.40382331E+01  0.00000000E+00
 -0.40282330E+01  0.00000000E+00
 -0.40182329E+01  0.00000000E+00
 -0.40082327E+01  0.00000000E+00
 -0.39982326E+01  0.00000000E+00
 -0.39882325E+01  0.00000000E+00
 -0.39782324E+01  0.00000000E+00
 -0.39682323E+01  0.00000000E+00
 -0.39582322E+01  0.00000000E+00
 -0.39482320E+01  0.00000000E+00
 -0.39382319E+01  0.00000000E+00
 -0.39282318E+01  0.00000000E+00
 -0.39182317E+01  0.00000000E+00
 -0.39082316E+01  0.00000000E+00
 -0.38982315E+01  0.00000000E+00
 -0.38882313E+01  0.00000000E+00
 -0.38782312E+01  0.00000000E+00
 -0.38682311E+01  0.00000000E+00
 -0.38582310E+01  0.00000000E+00
 -0.38482309E+01  0.00000000E+00
 -0.38382308E+01  0.00000000E+00
 -0.38282306E+01  0.00000000E+00
 -0.38182305E+01  0.00000000E+00
 -0.38082304E+01  0.00000000E+00
 -0.37982303E+01  0.00000000E+00
 -0.37882302E+01  0.00000000E+00
 -0.37782301E+01  0.00000000E+00
 -0.37682299E+01  0.00000000E+00
 -0.37582298E+01  0.00000000E+00
 -0.37482297E+01  0.00000000E+00
 -0.37382296E+01  0.00000000E+00
 -0.37282295E+01  0.00000000E+00
 -0.37182294E+01  0.00000000E+00
 -0.37082292E+01  0.00000000E+00
 -0.36982291E+01  0.00000000E+00
 -0.36882290E+01  0.00000000E+00
 -0.36782289E+01  0.00000000E+00
 -0.36682288E+01  0.00000000E+00
 -0.36582287E+01  0.00000000E+00
 -0.36482285E+01  0.00000000E+00
 -0.36382284E+01  0.00000000E+00
 -0.36282283E+01  0.00000000E+00
 -0.36182282E+01  0.00000000E+00
 -0.36082281E+01  0.00000000E+00
 -0.35982280E+01  0.00000000E+00
 -0.35882278E+01  0.00000000E+00
 -0.35782277E+01  0.00000000E+00
 -0.35682276E+01  0.00000000E+00
 -0.35582275E+01  0.00000000E+00
 -0.35482274E+01  0.00000000E+00
 -0.35382273E+01  0.00000000E+00
 -0.35282271E+01  0.00000000E+00
 -0.35182270E+01  0.00000000E+00
 -0.35082269E+01  0.00000000E+00
 -0.34982268E+01  0.00000000E+00
 -0.34882267E+01  0.00000000E+00
 -0.34782266E+01  0.00000000E+00
 -0.34682264E+01  0.00000000E+00
 -0.34582263E+01  0.00000000E+00
 -0.34482262E+01  0.00000000E+00
 -0.34382261E+01  0.00000000E+00
 -0.34282260E+01  0.00000000E+00
 -0.34182259E+01  0.00000000E+00
 -0.34082257E+01  0.00000000E+00
 -0.33982256E+01  0.00000000E+00
 -0.33882255E+01  0.00000000E+00
 -0.33782254E+01  0.00000000E+00
 -0.33682253E+01  0.00000000E+00
 -0.33582252E+01  0.00000000E+00
 -0.33482250E+01  0.00000000E+00
 -0.33382249E+01  0.00000000E+00
 -0.33282248E+01  0.00000000E+00
 -0.33182247E+01  0.00000000E+00
 -0.33082246E+01  0.00000000E+00
 -0.32982245E+01  0.00000000E+00
 -0.32882243E+01  0.00000000E+00
 -0.32782242E+01  0.00000000E+00
 -0.32682241E+01  0.00000000E+00
 -0.32582240E+01  0.00000000E+00
 -0.32482239E+01  0.00000000E+00
 -0.32382238E+01  0.00000000E+00
 -0.32282236E+01  0.00000000E+00
 -0.32182235E+01  0.00000000E+00
 -0.32082234E+01  0.00000000E+00
 -0.31982233E+01  0.00000000E+00
 -0.31882232E+01  0.00000000E+00
 -0.31782231E+01  0.00000000E+00
 -0.31682229E+01  0.00000000E+00
 -0.31582228E+01  0.00000000E+00
 -0.31482227E+01  0.00000000E+00
 -0.31382226E+01  0.00000000E+00
 -0.31282225E+01  0.00000000E+00
 -0.31182224E+01  0.00000000E+00
 -0.31082222E+01  0.00000000E+00
 -0.30982221E+01  0.00000000E+00
 -0.30882220E+01  0.00000000E+00
 -0.30782219E+01  0.00000000E+00
 -0.30682218E+01  0.00000000E+00
 -0.30582217E+01  0.00000000E+00
 -0.30482215E+01  0.00000000E+00
 -0.30382214E+01  0.00000000E+00
 -0.30282213E+01  0.00000000E+00
 -0.30182212E+01  0.00000000E+00
 -0.30082211E+01  0.00000000E+00
 -0.29982210E+01  0.00000000E+00
 -0.29882208E+01  0.00000000E+00
 -0.29782207E+01  0.00000000E+00
 -0.29682206E+01  0.00000000E+00
 -0.29582205E+01  0.00000000E+00
 -0.29482204E+01  0.00000000E+00
 -0.29382203E+01  0.00000000E+00
 -0.29282201E+01  0.00000000E+00
 -0.29182200E+01  0.00000000E+00
 -0.29082199E+01  0.00000000E+00
 -0.28982198E+01  0.00000000E+00
 -0.28882197E+01  0.00000000E+00
 -0.28782196E+01  0.00000000E+00
 -0.28682194E+01  0.00000000E+00
 -0.28582193E+01  0.00000000E+00
 -0.28482192E+01  0.00000000E+00
 -0.28382191E+01  0.00000000E+00
 -0.28282190E+01  0.00000000E+00
 -0.28182189E+01  0.00000000E+00
 -0.28082187E+01  0.00000000E+00
 -0.27982186E+01  0.00000000E+00
 -0.27882185E+01  0.00000000E+00
 -0.27782184E+01  0.00000000E+00
 -0.27682183E+01  0.00000000E+00
 -0.27582182E+01  0.00000000E+00
 -0.27482180E+01  0.00000000E+00
 -0.27382179E+01  0.00000000E+00
 -0.27282178E+01  0.00000000E+00
 -0.27182177E+01  0.00000000E+00
 -0.27082176E+01  0.00000000E+00
 -0.26982175E+01  0.00000000E+00
 -0.26882173E+01  0.00000000E+00
 -0.26782172E+01  0.00000000E+00
 -0.26682171E+01  0.00000000E+00
 -0.26582170E+01  0.00000000E+00
 -0.26482169E+01  0.00000000E+00
 -0.26382168E+01  0.00000000E+00
 -0.26282166E+01  0.00000000E+00
 -0.26182165E+01  0.00000000E+00
 -0.26082164E+01  0.00000000E+00
 -0.25982163E+01  0.00000000E+00
 -0.25882162E+01  0.00000000E+00
 -0.25782161E+01  0.00000000E+00
 -0.25682159E+01  0.00000000E+00
 -0.25582158E+01  0.00000000E+00
 -0.25482157E+01  0.00000000E+00
 -0.25382156E+01  0.00000000E+00
 -0.25282155E+01  0.00000000E+00
 -0.25182154E+01  0.00000000E+00
 -0.25082152E+01  0.00000000E+00
 -0.24982151E+01  0.00000000E+00
 -0.24882150E+01  0.00000000E+00
 -0.24782149E+01  0.00000000E+00
 -0.24682148E+01  0.00000000E+00
 -0.24582147E+01  0.00000000E+00
 -0.24482145E+01  0.00000000E+00
 -0.24382144E+01  0.00000000E+00
 -0.24282143E+01  0.00000000E+00
 -0.24182142E+01  0.00000000E+00
 -0.24082141E+01  0.00000000E+00
 -0.23982140E+01  0.00000000E+00
 -0.23882138E+01  0.00000000E+00
 -0.23782137E+01  0.00000000E+00
 -0.23682136E+01  0.00000000E+00
 -0.23582135E+01  0.00000000E+00
 -0.23482134E+01  0.00000000E+00
 -0.23382133E+01  0.00000000E+00
 -0.23282131E+01  0.00000000E+00
 -0.23182130E+01  0.00000000E+00
 -0.23082129E+01  0.00000000E+00
 -0.22982128E+01  0.00000000E+00
 -0.22882127E+01  0.00000000E+00
 -0.22782126E+01  0.00000000E+00
 -0.22682124E+01  0.00000000E+00
 -0.22582123E+01  0.00000000E+00
 -0.22482122E+01  0.00000000E+00
 -0.22382121E+01  0.00000000E+00
 -0.22282120E+01  0.00000000E+00
 -0.22182119E+01  0.00000000E+00
 -0.22082117E+01  0.00000000E+00
 -0.21982116E+01  0.00000000E+00
 -0.21882115E+01  0.00000000E+00
 -0.21782114E+01  0.00000000E+00
 -0.21682113E+01  0.00000000E+00
 -0.21582112E+01  0.00000000E+00
 -0.21482110E+01  0.00000000E+00
 -0.21382109E+01  0.00000000E+00
 -0.21282108E+01  0.00000000E+00
 -0.21182107E+01  0.00000000E+00
 -0.21082106E+01  0.00000000E+00
 -0.20982105E+01  0.00000000E+00
 -0.20882103E+01  0.00000000E+00
 -0.20782102E+01  0.00000000E+00
 -0.20682101E+01  0.00000000E+00
 -0.20582100E+01  0.00000000E+00
 -0.20482099E+01  0.00000000E+00
 -0.20382098E+01  0.00000000E+00
 -0.20282096E+01  0.00000000E+00
 -0.20182095E+01  0.00000000E+00
 -0.20082094E+01  0.00000000E+00
 -0.19982093E+01  0.00000000E+00
 -0.19882092E+01  0.00000000E+00
 -0.19782091E+01  0.00000000E+00
 -0.19682089E+01  0.00000000E+00
 -0.19582088E+01  0.00000000E+00
 -0.19482087E+01  0.00000000E+00
 -0.19382086E+01  0.00000000E+00
 -0.19282085E+01  0.00000000E+00
 -0.19182084E+01  0.00000000E+00
 -0.19082082E+01  0.00000000E+00
 -0.18982081E+01  0.00000000E+00
 -0.18882080E+01  0.00000000E+00
 -0.18782079E+01  0.00000000E+00
 -0.18682078E+01  0.00000000E+00
 -0.18582077E+01  0.00000000E+00
 -0.18482075E+01  0.00000000E+00
 -0.18382074E+01  0.00000000E+00
 -0.18282073E+01  0.00000000E+00
 -0.18182072E+01  0.00000000E+00
 -0.18082071E+01  0.00000000E+00
 -0.17982070E+01  0.00000000E+00
 -0.17882068E+01  0.00000000E+00
 -0.17782067E+01  0.00000000E+00
 -0.17682066E+01  0.00000000E+00
 -0.17582065E+01  0.00000000E+00
 -0.17482064E+01  0.00000000E+00
 -0.17382063E+01  0.00000000E+00
 -0.17282061E+01  0.00000000E+00
 -0.17182060E+01  0.00000000E+00
 -0.17082059E+01  0.00000000E+00
 -0.16982058E+01  0.00000000E+00
 -0.16882057E+01  0.00000000E+00
 -0.16782056E+01  0.00000000E+00
 -0.16682054E+01  0.00000000E+00
 -0.16582053E+01  0.00000000E+00
 -0.16482052E+01  0.00000000E+00
 -0.16382051E+01  0.00000000E+00
 -0.16282050E+01  0.00000000E+00
 -0.16182049E+01  0.00000000E+00
 -0.16082047E+01  0.00000000E+00
 -0.15982046E+01  0.00000000E+00
 -0.15882045E+01  0.00000000E+00
 -0.15782044E+01  0.00000000E+00
 -0.15682043E+01  0.00000000E+00
 -0.15582042E+01  0.00000000E+00
 -0.15482040E+01  0.00000000E+00
 -0.15382039E+01  0.00000000E+00
 -0.15282038E+01  0.00000000E+00
 -0.15182037E+01  0.00000000E+00
 -0.15082036E+01  0.00000000E+00
 -0.14982035E+01  0.00000000E+00
 -0.14882033E+01  0.00000000E+00
 -0.14782032E+01  0.00000000E+00
 -0.14682031E+01  0.00000000E+00
 -0.14582030E+01  0.00000000E+00
 -0.14482029E+01  0.00000000E+00
 -0.14382028E+01  0.00000000E+00
 -0.14282026E+01  0.00000000E+00
 -0.14182025E+01  0.00000000E+00
 -0.14082024E+01  0.00000000E+00
 -0.13982023E+01  0.00000000E+00
 -0.13882022E+01  0.00000000E+00
 -0.13782021E+01  0.00000000E+00
 -0.13682019E+01  0.00000000E+00
 -0.13582018E+01  0.00000000E+00
 -0.13482017E+01  0.00000000E+00
 -0.13382016E+01  0.00000000E+00
 -0.13282015E+01  0.00000000E+00
 -0.13182014E+01  0.00000000E+00
 -0.13082012E+01  0.00000000E+00
 -0.12982011E+01  0.00000000E+00
 -0.12882010E+01  0.00000000E+00
 -0.12782009E+01  0.00000000E+00
 -0.12682008E+01  0.00000000E+00
 -0.12582007E+01  0.00000000E+00
 -0.12482005E+01  0.00000000E+00
 -0.12382004E+01  0.00000000E+00
 -0.12282003E+01  0.00000000E+00
 -0.12182002E+01  0.00000000E+00
 -0.12082001E+01  0.00000000E+00
 -0.11982000E+01  0.00000000E+00
 -0.11881998E+01  0.00000000E+00
 -0.11781997E+01  0.00000000E+00
 -0.11681996E+01  0.00000000E+00
 -0.11581995E+01  0.00000000E+00
 -0.11481994E+01  0.00000000E+00
 -0.11381993E+01  0.00000000E+00
 -0.11281991E+01  0.00000000E+00
 -0.11181990E+01  0.00000000E+00
 -0.11081989E+01  0.00000000E+00
 -0.10981988E+01  0.00000000E+00
 -0.10881987E+01  0.00000000E+00
 -0.10781986E+01  0.00000000E+00
 -0.10681984E+01  0.00000000E+00
 -0.10581983E+01  0.00000000E+00
 -0.10481982E+01  0.00000000E+00
 -0.10381981E+01  0.00000000E+00
 -0.10281980E+01  0.00000000E+00
 -0.10181979E+01  0.00000000E+00
 -0.10081977E+01  0.00000000E+00
 -0.99819762E+00  0.00000000E+00
 -0.98819751E+00  0.00000000E+00
 -0.97819739E+00  0.00000000E+00
 -0.96819727E+00  0.00000000E+00
 -0.95819716E+00  0.00000000E+00
 -0.94819704E+00  0.00000000E+00
 -0.93819692E+00  0.00000000E+00
 -0.92819681E+00  0.00000000E+00
 -0.91819669E+00  0.00000000E+00
 -0.90819657E+00  0.00000000E+00
 -0.89819646E+00  0.00000000E+00
 -0.88819634E+00  0.00000000E+00
 -0.87819622E+00  0.00000000E+00
 -0.86819611E+00  0.00000000E+00
 -0.85819599E+00  0.00000000E+00
 -0.84819587E+00  0.00000000E+00
 -0.83819576E+00  0.00000000E+00
 -0.82819564E+00  0.00000000E+00
 -0.81819552E+00  0.00000000E+00
 -0.80819541E+00  0.00000000E+00
 -0.79819529E+00  0.00000000E+00
 -0.78819517E+00  0.00000000E+00
 -0.77819506E+00  0.00000000E+00
 -0.76819494E+00  0.00000000E+00
 -0.75819482E+00  0.00000000E+00
 -0.74819471E+00  0.00000000E+00
 -0.73819459E+00  0.00000000E+00
 -0.72819447E+00  0.00000000E+00
 -0.71819436E+00  0.00000000E+00
 -0.70819424E+00  0.00000000E+00
 -0.69819412E+00  0.00000000E+00
 -0.68819401E+00  0.00000000E+00
 -0.67819389E+00  0.00000000E+00
 -0.66819377E+00  0.00000000E+00
 -0.65819366E+00  0.00000000E+00
 -0.64819354E+00  0.00000000E+00
 -0.63819342E+00  0.00000000E+00
 -0.62819331E+00  0.00000000E+00
 -0.61819319E+00  0.00000000E+00
 -0.60819307E+00  0.00000000E+00
 -0.59819296E+00  0.00000000E+00
 -0.58819284E+00  0.00000000E+00
 -0.57819272E+00  0.00000000E+00
 -0.56819261E+00  0.00000000E+00
 -0.55819249E+00  0.00000000E+00
 -0.54819237E+00  0.00000000E+00
 -0.53819226E+00  0.00000000E+00
 -0.52819214E+00  0.00000000E+00
 -0.51819202E+00  0.00000000E+00
 -0.50819191E+00  0.00000000E+00
 -0.49819179E+00  0.00000000E+00
 -0.48819167E+00  0.00000000E+00
 -0.47819156E+00  0.00000000E+00
 -0.46819144E+00  0.00000000E+00
 -0.45819132E+00  0.00000000E+00
 -0.44819121E+00  0.00000000E+00
 -0.43819109E+00  0.00000000E+00
 -0.42819097E+00  0.00000000E+00
 -0.41819086E+00  0.00000000E+00
 -0.40819074E+00  0.00000000E+00
 -0.39819062E+00  0.00000000E+00
 -0.38819051E+00  0.00000000E+00
 -0.37819039E+00  0.00000000E+00
 -0.36819027E+00  0.00000000E+00
 -0.35819016E+00  0.00000000E+00
 -0.34819004E+00  0.00000000E+00
 -0.33818992E+00  0.00000000E+00
 -0.32818981E+00  0.00000000E+00
 -0.31818969E+00  0.00000000E+00
 -0.30818957E+00  0.00000000E+00
 -0.29818946E+00  0.00000000E+00
 -0.28818934E+00  0.00000000E+00
 -0.27818922E+00  0.00000000E+00
 -0.26818911E+00  0.00000000E+00
 -0.25818899E+00  0.00000000E+00
 -0.24818887E+00  0.00000000E+00
 -0.23818876E+00  0.00000000E+00
 -0.22818864E+00  0.00000000E+00
 -0.21818852E+00  0.00000000E+00
 -0.20818841E+00  0.00000000E+00
 -0.19818829E+00  0.00000000E+00
 -0.18818817E+00  0.00000000E+00
 -0.17818806E+00  0.00000000E+00
 -0.16818794E+00  0.00000000E+00
 -0.15818782E+00  0.00000000E+00
 -0.14818771E+00  0.00000000E+00
 -0.13818759E+00  0.00000000E+00
 -0.12818747E+00  0.00000000E+00
 -0.11818736E+00  0.00000000E+00
 -0.10818724E+00  0.00000000E+00
 -0.98187123E-01  0.00000000E+00
 -0.88187006E-01  0.00000000E+00
 -0.78186889E-01  0.00000000E+00
 -0.68186773E-01  0.00000000E+00
 -0.58186656E-01  0.00000000E+00
 -0.48186539E-01  0.00000000E+00
 -0.38186423E-01  0.00000000E+00
 -0.28186306E-01  0.00000000E+00
 -0.18186189E-01  0.00000000E+00
 -0.81860726E-02  0.00000000E+00
  0.18140441E-02  0.00000000E+00
  0.11814161E-01  0.00000000E+00
  0.21814277E-01  0.00000000E+00
  0.31814394E-01  0.00000000E+00
  0.41814511E-01  0.00000000E+00
  0.51814628E-01  0.00000000E+00
  0.61814744E-01  0.00000000E+00
  0.71814861E-01  0.00000000E+00
  0.81814978E-01  0.00000000E+00
  0.91815094E-01  0.00000000E+00
  0.10181521E+00  0.00000000E+00
  0.11181533E+00  0.00000000E+00
  0.12181544E+00  0.00000000E+00
  0.13181556E+00  0.00000000E+00
  0.14181568E+00  0.00000000E+00
  0.15181579E+00  0.00000000E+00
  0.16181591E+00  0.00000000E+00
  0.17181603E+00  0.00000000E+00
  0.18181614E+00  0.00000000E+00
  0.19181626E+00  0.00000000E+00
  0.20181638E+00  0.00000000E+00
  0.21181649E+00  0.00000000E+00
  0.22181661E+00  0.00000000E+00
  0.23181673E+00  0.00000000E+00
  0.24181684E+00  0.00000000E+00
  0.25181696E+00  0.00000000E+00
  0.26181708E+00  0.00000000E+00
  0.27181719E+00  0.00000000E+00
  0.28181731E+00  0.00000000E+00
  0.29181743E+00  0.00000000E+00
  0.30181754E+00  0.00000000E+00
  0.31181766E+00  0.00000000E+00
  0.32181778E+00  0.00000000E+00
  0.33181789E+00  0.00000000E+00
  0.34181801E+00  0.00000000E+00
  0.35181813E+00  0.00000000E+00
  0.36181824E+00  0.00000000E+00
  0.37181836E+00  0.00000000E+00
  0.38181848E+00  0.00000000E+00
  0.39181859E+00  0.00000000E+00
  0.40181871E+00  0.68620336E-48
  0.41181883E+00  0.11133864E-47
  0.42181895E+00  0.27155731E-47
  0.43181906E+00  0.47310532E-47
  0.44181918E+00  0.77031883E-47
  0.45181930E+00  0.12439832E-46
  0.46181941E+00  0.20255996E-46
  0.47181953E+00  0.30796522E-46
  0.48181965E+00  0.47227592E-46
  0.49181976E+00  0.72154248E-46
  0.50181988E+00  0.10947586E-45
  0.51182000E+00  0.16655195E-45
  0.52182011E+00  0.25234634E-45
  0.53182023E+00  0.38277371E-45
  0.54182035E+00  0.58131953E-45
  0.55182046E+00  0.87905302E-45
  0.56182058E+00  0.13275034E-44
  0.57182070E+00  0.20033259E-44
  0.58182081E+00  0.30208375E-44
  0.59182093E+00  0.45521508E-44
  0.60182105E+00  0.68522382E-44
  0.61182116E+00  0.10305991E-43
  0.62182128E+00  0.15488975E-43
  0.63182140E+00  0.23260033E-43
  0.64182151E+00  0.34897949E-43
  0.65182163E+00  0.52316538E-43
  0.66182175E+00  0.78363789E-43
  0.67182186E+00  0.11728148E-42
  0.68182198E+00  0.17538360E-42
  0.69182210E+00  0.26205438E-42
  0.70182221E+00  0.39122320E-42
  0.71182233E+00  0.58357413E-42
  0.72182245E+00  0.86977580E-42
  0.73182256E+00  0.12952532E-41
  0.74182268E+00  0.19272510E-41
  0.75182280E+00  0.28652208E-41
  0.76182291E+00  0.42561141E-41
  0.77182303E+00  0.63168940E-41
  0.78182315E+00  0.93676056E-41
  0.79182326E+00  0.13879940E-40
  0.80182338E+00  0.20548503E-40
  0.81182350E+00  0.30395272E-40
  0.82182361E+00  0.44922563E-40
  0.83182373E+00  0.66336914E-40
  0.84182385E+00  0.97876369E-40
  0.85182396E+00  0.14428853E-39
  0.86182408E+00  0.21252828E-39
  0.87182420E+00  0.31277513E-39
  0.88182431E+00  0.45991529E-39
  0.89182443E+00  0.67569895E-39
  0.90182455E+00  0.99187744E-39
  0.91182466E+00  0.14547614E-38
  0.92182478E+00  0.21318379E-38
  0.93182490E+00  0.31213671E-38
  0.94182501E+00  0.45662894E-38
  0.95182513E+00  0.66743594E-38
  0.96182525E+00  0.97472699E-38
  0.97182536E+00  0.14222741E-37
  0.98182548E+00  0.20735295E-37
  0.99182560E+00  0.30203926E-37
  0.10018257E+01  0.43958469E-37
  0.10118258E+01  0.63921566E-37
  0.10218259E+01  0.92870469E-37
  0.10318261E+01  0.13481337E-36
  0.10418262E+01  0.19552989E-36
  0.10518263E+01  0.28334653E-36
  0.10618264E+01  0.41024844E-36
  0.10718265E+01  0.59347173E-36
  0.10818266E+01  0.85778200E-36
  0.10918268E+01  0.12387321E-35
  0.11018269E+01  0.17873153E-35
  0.11118270E+01  0.25766064E-35
  0.11218271E+01  0.37112298E-35
  0.11318272E+01  0.53408489E-35
  0.11418273E+01  0.76793630E-35
  0.11518275E+01  0.11032206E-34
  0.11618276E+01  0.15835129E-34
  0.11718277E+01  0.22709246E-34
  0.11818278E+01  0.32539099E-34
  0.11918279E+01  0.46583257E-34
  0.12018280E+01  0.66630878E-34
  0.12118282E+01  0.95223121E-34
  0.12218283E+01  0.13596600E-33
  0.12318284E+01  0.19397204E-33
  0.12418285E+01  0.27648315E-33
  0.12518286E+01  0.39374841E-33
  0.12618287E+01  0.56025977E-33
  0.12718289E+01  0.79649016E-33
  0.12818290E+01  0.11313360E-32
  0.12918291E+01  0.16055467E-32
  0.13018292E+01  0.22765348E-32
  0.13118293E+01  0.32251177E-32
  0.13218294E+01  0.45649567E-32
  0.13318296E+01  0.64557618E-32
  0.13418297E+01  0.91217465E-32
  0.13518298E+01  0.12877397E-31
  0.13618299E+01  0.18163424E-31
  0.13718300E+01  0.25596866E-31
  0.13818301E+01  0.36040873E-31
  0.13918303E+01  0.50701778E-31
  0.14018304E+01  0.71264034E-31
  0.14118305E+01  0.10007761E-30
  0.14218306E+01  0.14041798E-30
  0.14318307E+01  0.19684655E-30
  0.14418308E+01  0.27570976E-30
  0.14518310E+01  0.38582978E-30
  0.14618311E+01  0.53945921E-30
  0.14718312E+01  0.75359977E-30
  0.14818313E+01  0.10518219E-29
  0.14918314E+01  0.14667733E-29
  0.15018315E+01  0.20436343E-29
  0.15118317E+01  0.28448723E-29
  0.15218318E+01  0.39567795E-29
  0.15318319E+01  0.54984523E-29
  0.15418320E+01  0.76341151E-29
  0.15518321E+01  0.10590017E-28
  0.15618322E+01  0.14677577E-28
  0.15718324E+01  0.20325067E-28
  0.15818325E+01  0.28120926E-28
  0.15918326E+01  0.38872938E-28
  0.16018327E+01  0.53689005E-28
  0.16118328E+01  0.74087294E-28
  0.16218329E+01  0.10214630E-27
  0.16318331E+01  0.14070912E-27
  0.16418332E+01  0.19366125E-27
  0.16518333E+01  0.26630802E-27
  0.16618334E+01  0.36588701E-27
  0.16718335E+01  0.50226297E-27
  0.16818336E+01  0.68886953E-27
  0.16918338E+01  0.94398405E-27
  0.17018339E+01  0.12924520E-26
  0.17118340E+01  0.17680174E-26
  0.17218341E+01  0.24164691E-26
  0.17318342E+01  0.32998851E-26
  0.17418343E+01  0.45023529E-26
  0.17518345E+01  0.61376721E-26
  0.17618346E+01  0.83597168E-26
  0.17718347E+01  0.11376364E-25
  0.17818348E+01  0.15468201E-25
  0.17918349E+01  0.21013617E-25
  0.18018350E+01  0.28522455E-25
  0.18118352E+01  0.38681066E-25
  0.18218353E+01  0.52412606E-25
  0.18318354E+01  0.70957658E-25
  0.18418355E+01  0.95981911E-25
  0.18518356E+01  0.12971987E-24
  0.18618357E+01  0.17516651E-24
  0.18718359E+01  0.23633254E-24
  0.18818360E+01  0.31858425E-24
  0.18918361E+01  0.42909541E-24
  0.19018362E+01  0.57744776E-24
  0.19118363E+01  0.77642819E-24
  0.19218364E+01  0.10430861E-23
  0.19318366E+01  0.14001346E-23
  0.19418367E+01  0.18778060E-23
  0.19518368E+01  0.25163063E-23
  0.19618369E+01  0.33690594E-23
  0.19718370E+01  0.45069920E-23
  0.19818371E+01  0.60241869E-23
  0.19918373E+01  0.80453363E-23
  0.20018374E+01  0.10735559E-22
  0.20118375E+01  0.14313323E-22
  0.20218376E+01  0.19067431E-22
  0.20318377E+01  0.25379348E-22
  0.20418378E+01  0.33752498E-22
  0.20518380E+01  0.44850700E-22
  0.20618381E+01  0.59548527E-22
  0.20718382E+01  0.78997251E-22
  0.20818383E+01  0.10471111E-21
  0.20918384E+01  0.13868006E-21
  0.21018385E+01  0.18351708E-21
  0.21118387E+01  0.24265029E-21
  0.21218388E+01  0.32057358E-21
  0.21318389E+01  0.42317294E-21
  0.21418390E+01  0.55815140E-21
  0.21518391E+01  0.73558155E-21
  0.21618392E+01  0.96862353E-21
  0.21718394E+01  0.12744573E-20
  0.21818395E+01  0.16754921E-20
  0.21918396E+01  0.22009337E-20
  0.22018397E+01  0.28888152E-20
  0.22118398E+01  0.37886239E-20
  0.22218399E+01  0.49646982E-20
  0.22318401E+01  0.65006163E-20
  0.22418402E+01  0.85048611E-20
  0.22518403E+01  0.11118127E-19
  0.22618404E+01  0.14522735E-19
  0.22718405E+01  0.18954758E-19
  0.22818406E+01  0.24719621E-19
  0.22918408E+01  0.32212151E-19
  0.23018409E+01  0.41942339E-19
  0.23118410E+01  0.54568398E-19
  0.23218411E+01  0.70939152E-19
  0.23318412E+01  0.92148362E-19
  0.23418413E+01  0.11960426E-18
  0.23518415E+01  0.15511853E-18
  0.23618416E+01  0.20101997E-18
  0.23718417E+01  0.26029976E-18
  0.23818418E+01  0.33679673E-18
  0.23918419E+01  0.43543364E-18
  0.24018420E+01  0.56251817E-18
  0.24118422E+01  0.72612608E-18
  0.24218423E+01  0.93658847E-18
  0.24318424E+01  0.12071111E-17
  0.24418425E+01  0.15545608E-17
  0.24518426E+01  0.20004630E-17
  0.24618427E+01  0.25722666E-17
  0.24718429E+01  0.33049455E-17
  0.24818430E+01  0.42430264E-17
  0.24918431E+01  0.54431523E-17
  0.25018432E+01  0.69773210E-17
  0.25118433E+01  0.89369745E-17
  0.25218434E+01  0.11438156E-16
  0.25318436E+01  0.14628011E-16
  0.25418437E+01  0.18692970E-16
  0.25518438E+01  0.23869048E-16
  0.25618439E+01  0.30454789E-16
  0.25718440E+01  0.38827527E-16
  0.25818441E+01  0.49463787E-16
  0.25918443E+01  0.62964877E-16
  0.26018444E+01  0.80088933E-16
  0.26118445E+01  0.10179105E-15
  0.26218446E+01  0.12927345E-15
  0.26318447E+01  0.16404820E-15
  0.26418448E+01  0.20801548E-15
  0.26518450E+01  0.26356121E-15
  0.26618451E+01  0.33367879E-15
  0.26718452E+01  0.42212060E-15
  0.26818453E+01  0.53358656E-15
  0.26918454E+01  0.67395841E-15
  0.27018455E+01  0.85059077E-15
  0.27118457E+01  0.10726723E-14
  0.27218458E+01  0.13516731E-14
  0.27318459E+01  0.17018994E-14
  0.27418460E+01  0.21411797E-14
  0.27518461E+01  0.26917126E-14
  0.27618463E+01  0.33811150E-14
  0.27718464E+01  0.42437146E-14
  0.27818465E+01  0.53221447E-14
  0.27918466E+01  0.66693075E-14
  0.28018467E+01  0.83507912E-14
  0.28118468E+01  0.10447842E-13
  0.28218470E+01  0.13061013E-13
  0.28318471E+01  0.16314647E-13
  0.28418472E+01  0.20362368E-13
  0.28518473E+01  0.25393812E-13
  0.28618474E+01  0.31642863E-13
  0.28718475E+01  0.39397723E-13
  0.28818477E+01  0.49013214E-13
  0.28918478E+01  0.60925795E-13
  0.29018479E+01  0.75671866E-13
  0.29118480E+01  0.93910068E-13
  0.29218481E+01  0.11644843E-12
  0.29318482E+01  0.14427735E-12
  0.29418484E+01  0.17860969E-12
  0.29518485E+01  0.22092945E-12
  0.29618486E+01  0.27305066E-12
  0.29718487E+01  0.33718892E-12
  0.29818488E+01  0.41604778E-12
  0.29918489E+01  0.51292326E-12
  0.30018491E+01  0.63183011E-12
  0.30118492E+01  0.77765414E-12
  0.30218493E+01  0.95633584E-12
  0.30318494E+01  0.11750916E-11
  0.30418495E+01  0.14426798E-11
  0.30518496E+01  0.17697208E-11
  0.30618498E+01  0.21690812E-11
  0.30718499E+01  0.26563350E-11
  0.30818500E+01  0.32503162E-11
  0.30918501E+01  0.39737807E-11
  0.31018502E+01  0.48541984E-11
  0.31118503E+01  0.59247001E-11
  0.31218505E+01  0.72252079E-11
  0.31318506E+01  0.88037842E-11
  0.31418507E+01  0.10718240E-10
  0.31518508E+01  0.13038050E-10
  0.31618509E+01  0.15846629E-10
  0.31718510E+01  0.19244044E-10
  0.31818512E+01  0.23350225E-10
  0.31918513E+01  0.28308785E-10
  0.32018514E+01  0.34291538E-10
  0.32118515E+01  0.41503857E-10
  0.32218516E+01  0.50191006E-10
  0.32318517E+01  0.60645626E-10
  0.32418519E+01  0.73216581E-10
  0.32518520E+01  0.88319375E-10
  0.32618521E+01  0.10644845E-09
  0.32718522E+01  0.12819165E-09
  0.32818523E+01  0.15424722E-09
  0.32918524E+01  0.18544385E-09
  0.33018526E+01  0.22276407E-09
  0.33118527E+01  0.26737183E-09
  0.33218528E+01  0.32064473E-09
  0.33318529E+01  0.38421172E-09
  0.33418530E+01  0.45999727E-09
  0.33518531E+01  0.55027285E-09
  0.33618533E+01  0.65771704E-09
  0.33718534E+01  0.78548566E-09
  0.33818535E+01  0.93729325E-09
  0.33918536E+01  0.11175080E-08
  0.34018537E+01  0.13312621E-08
  0.34118538E+01  0.15845793E-08
  0.34218540E+01  0.18845239E-08
  0.34318541E+01  0.22393719E-08
  0.34418542E+01  0.26588099E-08
  0.34518543E+01  0.31541651E-08
  0.34618544E+01  0.37386702E-08
  0.34718545E+01  0.44277689E-08
  0.34818547E+01  0.52394684E-08
  0.34918548E+01  0.61947445E-08
  0.35018549E+01  0.73180072E-08
  0.35118550E+01  0.86376352E-08
  0.35218551E+01  0.10186590E-07
  0.35318552E+01  0.12003116E-07
  0.35418554E+01  0.14131549E-07
  0.35518555E+01  0.16623231E-07
  0.35618556E+01  0.19537560E-07
  0.35718557E+01  0.22943190E-07
  0.35818558E+01  0.26919394E-07
  0.35918559E+01  0.31557619E-07
  0.36018561E+01  0.36963248E-07
  0.36118562E+01  0.43257614E-07
  0.36218563E+01  0.50580272E-07
  0.36318564E+01  0.59091587E-07
  0.36418565E+01  0.68975655E-07
  0.36518566E+01  0.80443621E-07
  0.36618568E+01  0.93737416E-07
  0.36718569E+01  0.10913399E-06
  0.36818570E+01  0.12695006E-06
  0.36918571E+01  0.14754755E-06
  0.37018572E+01  0.17133954E-06
  0.37118573E+01  0.19879718E-06
  0.37218575E+01  0.23045728E-06
  0.37318576E+01  0.26693091E-06
  0.37418577E+01  0.30891303E-06
  0.37518578E+01  0.35719327E-06
  0.37618579E+01  0.41266800E-06
  0.37718580E+01  0.47635379E-06
  0.37818582E+01  0.54940245E-06
  0.37918583E+01  0.63311780E-06
  0.38018584E+01  0.72897432E-06
  0.38118585E+01  0.83863786E-06
  0.38218586E+01  0.96398868E-06
  0.38318587E+01  0.11071470E-05
  0.38418589E+01  0.12705012E-05
  0.38518590E+01  0.14567391E-05
  0.38618591E+01  0.16688824E-05
  0.38718592E+01  0.19103250E-05
  0.38818593E+01  0.21848746E-05
  0.38918594E+01  0.24967990E-05
  0.39018596E+01  0.28508769E-05
  0.39118597E+01  0.32524533E-05
  0.39218598E+01  0.37075011E-05
  0.39318599E+01  0.42226873E-05
  0.39418600E+01  0.48054470E-05
  0.39518601E+01  0.54640627E-05
  0.39618603E+01  0.62077520E-05
  0.39718604E+01  0.70467630E-05
  0.39818605E+01  0.79924770E-05
  0.39918606E+01  0.90575210E-05
  0.40018607E+01  0.10255889E-04
  0.40118608E+01  0.11603070E-04
  0.40218610E+01  0.13116191E-04
  0.40318611E+01  0.14814157E-04
  0.40418612E+01  0.16717812E-04
  0.40518613E+01  0.18850090E-04
  0.40618614E+01  0.21236180E-04
  0.40718615E+01  0.23903683E-04
  0.40818617E+01  0.26882759E-04
  0.40918618E+01  0.30206266E-04
  0.41018619E+01  0.33909866E-04
  0.41118620E+01  0.38032110E-04
  0.41218621E+01  0.42614466E-04
  0.41318622E+01  0.47701305E-04
  0.41418624E+01  0.53339819E-04
  0.41518625E+01  0.59579891E-04
  0.41618626E+01  0.66473901E-04
  0.41718627E+01  0.74076505E-04
  0.41818628E+01  0.82444384E-04
  0.41918629E+01  0.91635942E-04
  0.42018631E+01  0.10171089E-03
  0.42118632E+01  0.11272955E-03
  0.42218633E+01  0.12475168E-03
  0.42318634E+01  0.13783458E-03
  0.42418635E+01  0.15203057E-03
  0.42518636E+01  0.16738390E-03
  0.42618638E+01  0.18392813E-03
  0.42718639E+01  0.20168477E-03
  0.42818640E+01  0.22066412E-03
  0.42918641E+01  0.24086889E-03
  0.43018642E+01  0.26229981E-03
  0.43118643E+01  0.28496187E-03
  0.43218645E+01  0.30886931E-03
  0.43318646E+01  0.33404775E-03
  0.43418647E+01  0.36053307E-03
  0.43518648E+01  0.38836777E-03
  0.43618649E+01  0.41759642E-03
  0.43718650E+01  0.44826196E-03
  0.43818652E+01  0.48040376E-03
  0.43918653E+01  0.51405779E-03
  0.44018654E+01  0.54925823E-03
  0.44118655E+01  0.58603958E-03
  0.44218656E+01  0.62443845E-03
  0.44318657E+01  0.66449473E-03
  0.44418659E+01  0.70625185E-03
  0.44518660E+01  0.74975659E-03
  0.44618661E+01  0.79505856E-03
  0.44718662E+01  0.84220971E-03
  0.44818663E+01  0.89126391E-03
  0.44918664E+01  0.94227680E-03
  0.45018666E+01  0.99530581E-03
  0.45118667E+01  0.10504104E-02
  0.45218668E+01  0.11076524E-02
  0.45318669E+01  0.11670966E-02
  0.45418670E+01  0.12288112E-02
  0.45518671E+01  0.12928689E-02
  0.45618673E+01  0.13593474E-02
  0.45718674E+01  0.14283308E-02
  0.45818675E+01  0.14999106E-02
  0.45918676E+01  0.15741879E-02
  0.46018677E+01  0.16512746E-02
  0.46118678E+01  0.17312967E-02
  0.46218680E+01  0.18143973E-02
  0.46318681E+01  0.19007406E-02
  0.46418682E+01  0.19905178E-02
  0.46518683E+01  0.20839532E-02
  0.46618684E+01  0.21813136E-02
  0.46718685E+01  0.22829199E-02
  0.46818687E+01  0.23891610E-02
  0.46918688E+01  0.25005135E-02
  0.47018689E+01  0.26175654E-02
  0.47118690E+01  0.27410473E-02
  0.47218691E+01  0.28718721E-02
  0.47318692E+01  0.30111851E-02
  0.47418694E+01  0.31604279E-02
  0.47518695E+01  0.33214176E-02
  0.47618696E+01  0.34964464E-02
  0.47718697E+01  0.36884036E-02
  0.47818698E+01  0.39009263E-02
  0.47918699E+01  0.41385796E-02
  0.48018701E+01  0.44070749E-02
  0.48118702E+01  0.47135271E-02
  0.48218703E+01  0.50667564E-02
  0.48318704E+01  0.54776404E-02
  0.48418705E+01  0.59595203E-02
  0.48518706E+01  0.65286738E-02
  0.48618708E+01  0.72048731E-02
  0.48718709E+01  0.80120694E-02
  0.48818710E+01  0.89792817E-02
  0.48918711E+01  0.10141830E-01
  0.49018712E+01  0.11543158E-01
  0.49118713E+01  0.13237635E-01
  0.49218715E+01  0.15294902E-01
  0.49318716E+01  0.17806353E-01
  0.49418717E+01  0.20893783E-01
  0.49518718E+01  0.24718234E-01
  0.49618719E+01  0.29482529E-01
  0.49718720E+01  0.35414501E-01
  0.49818722E+01  0.42713786E-01
  0.49918723E+01  0.51452624E-01
  0.50018724E+01  0.61448642E-01
  0.50118725E+01  0.72168659E-01
  0.50218726E+01  0.82746730E-01
  0.50318727E+01  0.92167890E-01
  0.50418729E+01  0.99575766E-01
  0.50518730E+01  0.10456404E+00
  0.50618731E+01  0.10729399E+00
  0.50718732E+01  0.10837561E+00
  0.50818733E+01  0.10859148E+00
  0.50918734E+01  0.10862173E+00
  0.51018736E+01  0.10889349E+00
  0.51118737E+01  0.10957695E+00
  0.51218738E+01  0.11066901E+00
  0.51318739E+01  0.11208999E+00
  0.51418740E+01  0.11374984E+00
  0.51518741E+01  0.11557837E+00
  0.51618743E+01  0.11753235E+00
  0.51718744E+01  0.11959352E+00
  0.51818745E+01  0.12176501E+00
  0.51918746E+01  0.12406848E+00
  0.52018747E+01  0.12654235E+00
  0.52118748E+01  0.12924077E+00
  0.52218750E+01  0.13223347E+00
  0.52318751E+01  0.13560624E+00
  0.52418752E+01  0.13946190E+00
  0.52518753E+01  0.14392153E+00
  0.52618754E+01  0.14912523E+00
  0.52718755E+01  0.15523025E+00
  0.52818757E+01  0.16240090E+00
  0.52918758E+01  0.17078079E+00
  0.53018759E+01  0.18043809E+00
  0.53118760E+01  0.19128959E+00
  0.53218761E+01  0.20304036E+00
  0.53318762E+01  0.21517647E+00
  0.53418764E+01  0.22697561E+00
  0.53518765E+01  0.23754078E+00
  0.53618766E+01  0.24610751E+00
  0.53718767E+01  0.25263927E+00
  0.53818768E+01  0.25792541E+00
  0.53918769E+01  0.28256193E+00
  0.54018771E+01  0.26785932E+00
  0.54118772E+01  0.26658697E+00
  0.54218773E+01  0.26379822E+00
  0.54318774E+01  0.25873421E+00
  0.54418775E+01  0.26943709E+00
  0.54518776E+01  0.24905912E+00
  0.54618778E+01  0.24645045E+00
  0.54718779E+01  0.24549807E+00
  0.54818780E+01  0.24604324E+00
  0.54918781E+01  0.24796559E+00
  0.55018782E+01  0.25120988E+00
  0.55118783E+01  0.25576643E+00
  0.55218785E+01  0.26163452E+00
  0.55318786E+01  0.26877221E+00
  0.55418787E+01  0.27704177E+00
  0.55518788E+01  0.28612181E+00
  0.55618789E+01  0.29641253E+00
  0.55718790E+01  0.30365641E+00
  0.55818792E+01  0.31002612E+00
  0.55918793E+01  0.31419958E+00
  0.56018794E+01  0.31684224E+00
  0.56118795E+01  0.31886536E+00
  0.56218796E+01  0.32080613E+00
  0.56318797E+01  0.32286594E+00
  0.56418799E+01  0.32523346E+00
  0.56518800E+01  0.32821278E+00
  0.56618801E+01  0.33212388E+00
  0.56718802E+01  0.33715020E+00
  0.56818803E+01  0.34328212E+00
  0.56918804E+01  0.35043506E+00
  0.57018806E+01  0.35869843E+00
  0.57118807E+01  0.36854276E+00
  0.57218808E+01  0.38083734E+00
  0.57318809E+01  0.39675058E+00
  0.57418810E+01  0.41779987E+00
  0.57518811E+01  0.44619365E+00
  0.57618813E+01  0.48504667E+00
  0.57718814E+01  0.53712485E+00
  0.57818815E+01  0.60072299E+00
  0.57918816E+01  0.74864370E+00
  0.58018817E+01  0.73333631E+00
  0.58118818E+01  0.75673302E+00
  0.58218820E+01  0.78364198E+00
  0.58318821E+01  0.80863333E+00
  0.58418822E+01  0.83671296E+00
  0.58518823E+01  0.87996107E+00
  0.58618824E+01  0.90604120E+00
  0.58718825E+01  0.94701056E+00
  0.58818827E+01  0.99145580E+00
  0.58918828E+01  0.10718114E+01
  0.59018829E+01  0.10808543E+01
  0.59118830E+01  0.11548196E+01
  0.59218831E+01  0.11821213E+01
  0.59318832E+01  0.11860093E+01
  0.59418834E+01  0.11678404E+01
  0.59518835E+01  0.11646287E+01
  0.59618836E+01  0.11736871E+01
  0.59718837E+01  0.12163517E+01
  0.59818838E+01  0.12460629E+01
  0.59918839E+01  0.13495242E+01
  0.60018841E+01  0.12255527E+01
  0.60118842E+01  0.12819148E+01
  0.60218843E+01  0.12112009E+01
  0.60318844E+01  0.11718515E+01
  0.60418845E+01  0.12036978E+01
  0.60518846E+01  0.10246761E+01
  0.60618848E+01  0.96139268E+00
  0.60718849E+01  0.89681661E+00
  0.60818850E+01  0.91059390E+00
  0.60918851E+01  0.82183680E+00
  0.61018852E+01  0.72601894E+00
  0.61118853E+01  0.60786690E+00
  0.61218855E+01  0.54569483E+00
  0.61318856E+01  0.49447552E+00
  0.61418857E+01  0.46546189E+00
  0.61518858E+01  0.43014006E+00
  0.61618859E+01  0.38547289E+00
  0.61718860E+01  0.35773004E+00
  0.61818862E+01  0.33307164E+00
  0.61918863E+01  0.31203404E+00
  0.62018864E+01  0.29510991E+00
  0.62118865E+01  0.28056938E+00
  0.62218866E+01  0.29561179E+00
  0.62318867E+01  0.24005569E+00
  0.62418869E+01  0.21266158E+00
  0.62518870E+01  0.18715010E+00
  0.62618871E+01  0.16676307E+00
  0.62718872E+01  0.15122916E+00
  0.62818873E+01  0.13917136E+00
  0.62918874E+01  0.12944579E+00
  0.63018876E+01  0.12123741E+00
  0.63118877E+01  0.11400909E+00
  0.63218878E+01  0.10754384E+00
  0.63318879E+01  0.10188390E+00
  0.63418880E+01  0.97134034E-01
  0.63518881E+01  0.93302303E-01
  0.63618883E+01  0.90291994E-01
  0.63718884E+01  0.87986010E-01
  0.63818885E+01  0.86315514E-01
  0.63918886E+01  0.85265873E-01
  0.64018887E+01  0.84823350E-01
  0.64118888E+01  0.84888941E-01
  0.64218890E+01  0.85223348E-01
  0.64318891E+01  0.85503793E-01
  0.64418892E+01  0.85490580E-01
  0.64518893E+01  0.85170676E-01
  0.64618894E+01  0.84742806E-01
  0.64718895E+01  0.84466467E-01
  0.64818897E+01  0.84519008E-01
  0.64918898E+01  0.84954926E-01
  0.65018899E+01  0.85742525E-01
  0.65118900E+01  0.86810191E-01
  0.65218901E+01  0.88071057E-01
  0.65318902E+01  0.89435975E-01
  0.65418904E+01  0.90830815E-01
  0.65518905E+01  0.92216383E-01
  0.65618906E+01  0.93595790E-01
  0.65718907E+01  0.95000779E-01
  0.65818908E+01  0.96466526E-01
  0.65918909E+01  0.98012642E-01
  0.66018911E+01  0.99639493E-01
  0.66118912E+01  0.10133555E+00
  0.66218913E+01  0.10308644E+00
  0.66318914E+01  0.10487996E+00
  0.66418915E+01  0.10670666E+00
  0.66518916E+01  0.10855781E+00
  0.66618918E+01  0.11042258E+00
  0.66718919E+01  0.11228593E+00
  0.66818920E+01  0.11412807E+00
  0.66918921E+01  0.11592609E+00
  0.67018922E+01  0.11765750E+00
  0.67118923E+01  0.11930484E+00
  0.67218925E+01  0.12085957E+00
  0.67318926E+01  0.12232413E+00
  0.67418927E+01  0.12371156E+00
  0.67518928E+01  0.12504344E+00
  0.67618929E+01  0.12634752E+00
  0.67718930E+01  0.12765560E+00
  0.67818932E+01  0.12900049E+00
  0.67918933E+01  0.13040983E+00
  0.68018934E+01  0.13189397E+00
  0.68118935E+01  0.13342486E+00
  0.68218936E+01  0.13491396E+00
  0.68318937E+01  0.13622964E+00
  0.68418939E+01  0.13889375E+00
  0.68518940E+01  0.13816348E+00
  0.68618941E+01  0.13903022E+00
  0.68718942E+01  0.13997344E+00
  0.68818943E+01  0.14080411E+00
  0.68918944E+01  0.14119124E+00
  0.69018946E+01  0.14103428E+00
  0.69118947E+01  0.14066029E+00
  0.69218948E+01  0.14061455E+00
  0.69318949E+01  0.14106888E+00
  0.69418950E+01  0.14128578E+00
  0.69518951E+01  0.14035007E+00
  0.69618953E+01  0.13854906E+00
  0.69718954E+01  0.13690612E+00
  0.69818955E+01  0.13582686E+00
  0.69918956E+01  0.13510886E+00
  0.70018957E+01  0.13453646E+00
  0.70118958E+01  0.13402980E+00
  0.70218960E+01  0.13356689E+00
  0.70318961E+01  0.13313762E+00
  0.70418962E+01  0.13273416E+00
  0.70518963E+01  0.13234980E+00
  0.70618964E+01  0.13197853E+00
  0.70718965E+01  0.13161533E+00
  0.70818967E+01  0.13125769E+00
  0.70918968E+01  0.13091028E+00
  0.71018969E+01  0.13059192E+00
  0.71118970E+01  0.13033621E+00
  0.71218971E+01  0.13016807E+00
  0.71318972E+01  0.13005549E+00
  0.71418974E+01  0.12988457E+00
  0.71518975E+01  0.13313582E+00
  0.71618976E+01  0.12890928E+00
  0.71718977E+01  0.12814469E+00
  0.71818978E+01  0.12736918E+00
  0.71918979E+01  0.12667727E+00
  0.72018981E+01  0.12608177E+00
  0.72118982E+01  0.12555290E+00
  0.72218983E+01  0.12506161E+00
  0.72318984E+01  0.12459405E+00
  0.72418985E+01  0.12414747E+00
  0.72518986E+01  0.12372381E+00
  0.72618988E+01  0.12332694E+00
  0.72718989E+01  0.12296323E+00
  0.72818990E+01  0.12264434E+00
  0.72918991E+01  0.12239103E+00
  0.73018992E+01  0.12223585E+00
  0.73118993E+01  0.12221978E+00
  0.73218995E+01  0.12237826E+00
  0.73318996E+01  0.12271733E+00
  0.73418997E+01  0.12319131E+00
  0.73518998E+01  0.12370003E+00
  0.73618999E+01  0.12411489E+00
  0.73719000E+01  0.12432305E+00
  0.73819002E+01  0.12426439E+00
  0.73919003E+01  0.12394327E+00
  0.74019004E+01  0.12341664E+00
  0.74119005E+01  0.12277230E+00
  0.74219006E+01  0.12210785E+00
  0.74319007E+01  0.12151296E+00
  0.74419009E+01  0.12105531E+00
  0.74519010E+01  0.12077262E+00
  0.74619011E+01  0.12067318E+00
  0.74719012E+01  0.12074364E+00
  0.74819013E+01  0.12095971E+00
  0.74919014E+01  0.12129532E+00
  0.75019016E+01  0.12172794E+00
  0.75119017E+01  0.12224049E+00
  0.75219018E+01  0.12282134E+00
  0.75319019E+01  0.12346415E+00
  0.75419020E+01  0.12416864E+00
  0.75519021E+01  0.12494091E+00
  0.75619023E+01  0.12578986E+00
  0.75719024E+01  0.12671694E+00
  0.75819025E+01  0.12770579E+00
  0.75919026E+01  0.13245355E+00
  0.76019027E+01  0.12976086E+00
  0.76119028E+01  0.13082331E+00
  0.76219030E+01  0.13196060E+00
  0.76319031E+01  0.13322561E+00
  0.76419032E+01  0.13465775E+00
  0.76519033E+01  0.13628450E+00
  0.76619034E+01  0.13813550E+00
  0.76719035E+01  0.14025394E+00
  0.76819037E+01  0.14270062E+00
  0.76919038E+01  0.14555427E+00
  0.77019039E+01  0.14891718E+00
  0.77119040E+01  0.15294228E+00
  0.77219041E+01  0.15790181E+00
  0.77319042E+01  0.16425988E+00
  0.77419044E+01  0.17255732E+00
  0.77519045E+01  0.18291125E+00
  0.77619046E+01  0.20954345E+00
  0.77719047E+01  0.20567556E+00
  0.77819048E+01  0.21530494E+00
  0.77919049E+01  0.22312157E+00
  0.78019051E+01  0.22946921E+00
  0.78119052E+01  0.23466706E+00
  0.78219053E+01  0.23892129E+00
  0.78319054E+01  0.24258264E+00
  0.78419055E+01  0.24634499E+00
  0.78519056E+01  0.25120114E+00
  0.78619058E+01  0.25817104E+00
  0.78719059E+01  0.26805193E+00
  0.78819060E+01  0.29581239E+00
  0.78919061E+01  0.31358560E+00
  0.79019062E+01  0.32217748E+00
  0.79119063E+01  0.34382718E+00
  0.79219065E+01  0.37855517E+00
  0.79319066E+01  0.36116648E+00
  0.79419067E+01  0.35794315E+00
  0.79519068E+01  0.35200317E+00
  0.79619069E+01  0.34911400E+00
  0.79719070E+01  0.34692134E+00
  0.79819072E+01  0.32649542E+00
  0.79919073E+01  0.32903853E+00
  0.80019074E+01  0.30654523E+00
  0.80119075E+01  0.29700741E+00
  0.80219076E+01  0.28813575E+00
  0.80319077E+01  0.28015550E+00
  0.80419079E+01  0.27317778E+00
  0.80519080E+01  0.26718830E+00
  0.80619081E+01  0.26209123E+00
  0.80719082E+01  0.25775652E+00
  0.80819083E+01  0.25405090E+00
  0.80919084E+01  0.25086012E+00
  0.81019086E+01  0.24811839E+00
  0.81119087E+01  0.24583450E+00
  0.81219088E+01  0.24401482E+00
  0.81319089E+01  0.24243831E+00
  0.81419090E+01  0.24064511E+00
  0.81519091E+01  0.23841405E+00
  0.81619093E+01  0.23604354E+00
  0.81719094E+01  0.23393102E+00
  0.81819095E+01  0.23216844E+00
  0.81919096E+01  0.23062350E+00
  0.82019097E+01  0.22914684E+00
  0.82119098E+01  0.22767346E+00
  0.82219100E+01  0.22623010E+00
  0.82319101E+01  0.22481925E+00
  0.82419102E+01  0.22329290E+00
  0.82519103E+01  0.22147946E+00
  0.82619104E+01  0.21947021E+00
  0.82719105E+01  0.21761414E+00
  0.82819107E+01  0.21619752E+00
  0.82919108E+01  0.21525726E+00
  0.83019109E+01  0.21467605E+00
  0.83119110E+01  0.22832958E+00
  0.83219111E+01  0.21402664E+00
  0.83319112E+01  0.21359605E+00
  0.83419114E+01  0.21274010E+00
  0.83519115E+01  0.21121119E+00
  0.83619116E+01  0.20894837E+00
  0.83719117E+01  0.20613273E+00
  0.83819118E+01  0.20667118E+00
  0.83919119E+01  0.20007021E+00
  0.84019121E+01  0.19723557E+00
  0.84119122E+01  0.19459783E+00
  0.84219123E+01  0.19214056E+00
  0.84319124E+01  0.18985643E+00
  0.84419125E+01  0.18774054E+00
  0.84519126E+01  0.18693683E+00
  0.84619128E+01  0.18862526E+00
  0.84719129E+01  0.18193468E+00
  0.84819130E+01  0.17992708E+00
  0.84919131E+01  0.17783385E+00
  0.85019132E+01  0.17573631E+00
  0.85119133E+01  0.17376901E+00
  0.85219135E+01  0.17206603E+00
  0.85319136E+01  0.17072425E+00
  0.85419137E+01  0.16982466E+00
  0.85519138E+01  0.16949580E+00
  0.85619139E+01  0.16982556E+00
  0.85719140E+01  0.17047325E+00
  0.85819142E+01  0.17485731E+00
  0.85919143E+01  0.17565787E+00
  0.86019144E+01  0.16698083E+00
  0.86119145E+01  0.16426934E+00
  0.86219146E+01  0.16173301E+00
  0.86319147E+01  0.15945395E+00
  0.86419149E+01  0.15732854E+00
  0.86519150E+01  0.15530247E+00
  0.86619151E+01  0.16007089E+00
  0.86719152E+01  0.15158627E+00
  0.86819153E+01  0.14992825E+00
  0.86919154E+01  0.14841520E+00
  0.87019156E+01  0.14705030E+00
  0.87119157E+01  0.14583277E+00
  0.87219158E+01  0.14475666E+00
  0.87319159E+01  0.14380986E+00
  0.87419160E+01  0.14297454E+00
  0.87519161E+01  0.14223002E+00
  0.87619163E+01  0.14155773E+00
  0.87719164E+01  0.14094654E+00
  0.87819165E+01  0.14039648E+00
  0.87919166E+01  0.13991921E+00
  0.88019167E+01  0.13953493E+00
  0.88119168E+01  0.13926680E+00
  0.88219170E+01  0.13913490E+00
  0.88319171E+01  0.13915163E+00
  0.88419172E+01  0.13931965E+00
  0.88519173E+01  0.13963256E+00
  0.88619174E+01  0.14007719E+00
  0.88719175E+01  0.14063616E+00
  0.88819177E+01  0.14128946E+00
  0.88919178E+01  0.14201502E+00
  0.89019179E+01  0.14278992E+00
  0.89119180E+01  0.14359415E+00
  0.89219181E+01  0.14441753E+00
  0.89319182E+01  0.14526719E+00
  0.89419184E+01  0.14617117E+00
  0.89519185E+01  0.14717477E+00
  0.89619186E+01  0.14833016E+00
  0.89719187E+01  0.14968456E+00
  0.89819188E+01  0.15127559E+00
  0.89919189E+01  0.15314381E+00
  0.90019191E+01  0.15536549E+00
  0.90119192E+01  0.15806860E+00
  0.90219193E+01  0.16133609E+00
  0.90319194E+01  0.16496031E+00
  0.90419195E+01  0.16829193E+00
  0.90519196E+01  0.17054155E+00
  0.90619198E+01  0.18416608E+00
  0.90719199E+01  0.17114153E+00
  0.90819200E+01  0.17045154E+00
  0.90919201E+01  0.16973840E+00
  0.91019202E+01  0.16915584E+00
  0.91119203E+01  0.16872206E+00
  0.91219205E+01  0.16842530E+00
  0.91319206E+01  0.16824779E+00
  0.91419207E+01  0.16816643E+00
  0.91519208E+01  0.16815566E+00
  0.91619209E+01  0.16818909E+00
  0.91719210E+01  0.16824038E+00
  0.91819212E+01  0.17756770E+00
  0.91919213E+01  0.16866431E+00
  0.92019214E+01  0.16907640E+00
  0.92119215E+01  0.16798752E+00
  0.92219216E+01  0.16770103E+00
  0.92319217E+01  0.16746586E+00
  0.92419219E+01  0.16738868E+00
  0.92519220E+01  0.16754988E+00
  0.92619221E+01  0.16915797E+00
  0.92719222E+01  0.16862239E+00
  0.92819223E+01  0.16926981E+00
  0.92919224E+01  0.16983681E+00
  0.93019226E+01  0.17035293E+00
  0.93119227E+01  0.17081277E+00
  0.93219228E+01  0.17455349E+00
  0.93319229E+01  0.17736825E+00
  0.93419230E+01  0.17299509E+00
  0.93519231E+01  0.17167621E+00
  0.93619233E+01  0.17198794E+00
  0.93719234E+01  0.17237641E+00
  0.93819235E+01  0.17273653E+00
  0.93919236E+01  0.17295809E+00
  0.94019237E+01  0.17297146E+00
  0.94119238E+01  0.17275887E+00
  0.94219240E+01  0.17232911E+00
  0.94319241E+01  0.17166880E+00
  0.94419242E+01  0.17072175E+00
  0.94519243E+01  0.16945011E+00
  0.94619244E+01  0.17081677E+00
  0.94719245E+01  0.16611024E+00
  0.94819247E+01  0.16402074E+00
  0.94919248E+01  0.16302064E+00
  0.95019249E+01  0.15922536E+00
  0.95119250E+01  0.15700035E+00
  0.95219251E+01  0.15503706E+00
  0.95319252E+01  0.15330481E+00
  0.95419254E+01  0.15177387E+00
  0.95519255E+01  0.15041831E+00
  0.95619256E+01  0.14919495E+00
  0.95719257E+01  0.14803622E+00
  0.95819258E+01  0.14685537E+00
  0.95919259E+01  0.14556022E+00
  0.96019261E+01  0.15582547E+00
  0.96119262E+01  0.14234355E+00
  0.96219263E+01  0.14037250E+00
  0.96319264E+01  0.13820119E+00
  0.96419265E+01  0.13590704E+00
  0.96519266E+01  0.13358575E+00
  0.96619268E+01  0.13133564E+00
  0.96719269E+01  0.12924839E+00
  0.96819270E+01  0.12740474E+00
  0.96919271E+01  0.12586402E+00
  0.97019272E+01  0.12463687E+00
  0.97119273E+01  0.12365068E+00
  0.97219275E+01  0.12274574E+00
  0.97319276E+01  0.12173433E+00
  0.97419277E+01  0.12049703E+00
  0.97519278E+01  0.11903923E+00
  0.97619279E+01  0.11745995E+00
  0.97719280E+01  0.11586980E+00
  0.97819282E+01  0.11433338E+00
  0.97919283E+01  0.11286798E+00
  0.98019284E+01  0.11147249E+00
  0.98119285E+01  0.11014958E+00
  0.98219286E+01  0.10890965E+00
  0.98319287E+01  0.10776492E+00
  0.98419289E+01  0.10672365E+00
  0.98519290E+01  0.10578823E+00
  0.98619291E+01  0.10495571E+00
  0.98719292E+01  0.10421940E+00
  0.98819293E+01  0.10357039E+00
  0.98919294E+01  0.10299914E+00
  0.99019296E+01  0.10252446E+00
  0.99119297E+01  0.10205781E+00
  0.99219298E+01  0.10167826E+00
  0.99319299E+01  0.10135811E+00
  0.99419300E+01  0.10109881E+00
  0.99519301E+01  0.10090192E+00
  0.99619303E+01  0.10076757E+00
  0.99719304E+01  0.10069354E+00
  0.99819305E+01  0.10067514E+00
  0.99919306E+01  0.10070588E+00
  0.10001931E+02  0.10077895E+00
  0.10011931E+02  0.10088996E+00
  0.10021931E+02  0.10103932E+00
  0.10031931E+02  0.10122765E+00
  0.10041931E+02  0.10143786E+00
  0.10051931E+02  0.14785145E+00
  0.10061931E+02  0.13252307E+00
  0.10071932E+02  0.16320671E+00
  0.10081932E+02  0.13202070E+00
  0.10091932E+02  0.13153640E+00
  0.10101932E+02  0.14638116E+00
  0.10111932E+02  0.99982089E-01
  0.10121932E+02  0.99153187E-01
  0.10131932E+02  0.98698822E-01
  0.10141932E+02  0.98312657E-01
  0.10151932E+02  0.98001010E-01
  0.10161933E+02  0.97765752E-01
  0.10171933E+02  0.97987264E-01
  0.10181933E+02  0.97531384E-01
  0.10191933E+02  0.97548407E-01
  0.10201933E+02  0.97662513E-01
  0.10211933E+02  0.97860489E-01
  0.10221933E+02  0.98121514E-01
  0.10231933E+02  0.98439938E-01
  0.10241934E+02  0.98837417E-01
  0.10251934E+02  0.99353044E-01
  0.10261934E+02  0.10002283E+00
  0.10271934E+02  0.10086679E+00
  0.10281934E+02  0.10189003E+00
  0.10291934E+02  0.10309080E+00
  0.10301934E+02  0.10446715E+00
  0.10311934E+02  0.10601939E+00
  0.10321934E+02  0.10774993E+00
  0.10331935E+02  0.10966239E+00
  0.10341935E+02  0.11176109E+00
  0.10351935E+02  0.11405093E+00
  0.10361935E+02  0.11653753E+00
  0.10371935E+02  0.11922763E+00
  0.10381935E+02  0.12212958E+00
  0.10391935E+02  0.12525399E+00
  0.10401935E+02  0.12861436E+00
  0.10411936E+02  0.13222765E+00
  0.10421936E+02  0.13611463E+00
  0.10431936E+02  0.14029976E+00
  0.10441936E+02  0.14481029E+00
  0.10451936E+02  0.14967424E+00
  0.10461936E+02  0.15491736E+00
  0.10471936E+02  0.16055947E+00
  0.10481936E+02  0.16661147E+00
  0.10491936E+02  0.17307436E+00
  0.10501937E+02  0.17994136E+00
  0.10511937E+02  0.18720304E+00
  0.10521937E+02  0.19485370E+00
  0.10531937E+02  0.20289679E+00
  0.10541937E+02  0.21134736E+00
  0.10551937E+02  0.22023084E+00
  0.10561937E+02  0.22957915E+00
  0.10571937E+02  0.23942590E+00
  0.10581938E+02  0.24980185E+00
  0.10591938E+02  0.26073155E+00
  0.10601938E+02  0.27223093E+00
  0.10611938E+02  0.28430584E+00
  0.10621938E+02  0.29695107E+00
  0.10631938E+02  0.31014897E+00
  0.10641938E+02  0.32386493E+00
  0.10651938E+02  0.33803789E+00
  0.10661938E+02  0.35257347E+00
  0.10671939E+02  0.36738025E+00
  0.10681939E+02  0.38247904E+00
  0.10691939E+02  0.39791547E+00
  0.10701939E+02  0.41306123E+00
  0.10711939E+02  0.42635658E+00
  0.10721939E+02  0.43691705E+00
  0.10731939E+02  0.44556207E+00
  0.10741939E+02  0.45332605E+00
  0.10751939E+02  0.46037835E+00
  0.10761940E+02  0.46645397E+00
  0.10771940E+02  0.47108831E+00
  0.10781940E+02  0.47386401E+00
  0.10791940E+02  0.47504416E+00
  0.10801940E+02  0.47568239E+00
  0.10811940E+02  0.47682501E+00
  0.10821940E+02  0.47884753E+00
  0.10831940E+02  0.48158740E+00
  0.10841941E+02  0.48477153E+00
  0.10851941E+02  0.48821002E+00
  0.10861941E+02  0.49177822E+00
  0.10871941E+02  0.49537372E+00
  0.10881941E+02  0.49890297E+00
  0.10891941E+02  0.50232598E+00
  0.10901941E+02  0.51694779E+00
  0.10911941E+02  0.50896389E+00
  0.10921941E+02  0.51234559E+00
  0.10931942E+02  0.51588223E+00
  0.10941942E+02  0.51961532E+00
  0.10951942E+02  0.52354457E+00
  0.10961942E+02  0.52764341E+00
  0.10971942E+02  0.53188184E+00
  0.10981942E+02  0.53624967E+00
  0.10991942E+02  0.54077466E+00
  0.11001942E+02  0.54551861E+00
  0.11011943E+02  0.55051612E+00
  0.11021943E+02  0.55563104E+00
  0.11031943E+02  0.56042726E+00
  0.11041943E+02  0.56435299E+00
  0.11051943E+02  0.56636276E+00
  0.11061943E+02  0.56383064E+00
  0.11071943E+02  0.59330643E+00
  0.11081943E+02  0.55201982E+00
  0.11091943E+02  0.54239676E+00
  0.11101944E+02  0.53253752E+00
  0.11111944E+02  0.52338166E+00
  0.11121944E+02  0.51525244E+00
  0.11131944E+02  0.50849517E+00
  0.11141944E+02  0.50353326E+00
  0.11151944E+02  0.49516076E+00
  0.11161944E+02  0.48959286E+00
  0.11171944E+02  0.48489604E+00
  0.11181945E+02  0.49719064E+00
  0.11191945E+02  0.48941707E+00
  0.11201945E+02  0.47585395E+00
  0.11211945E+02  0.47377010E+00
  0.11221945E+02  0.47140955E+00
  0.11231945E+02  0.46832227E+00
  0.11241945E+02  0.46427076E+00
  0.11251945E+02  0.45904267E+00
  0.11261945E+02  0.45213578E+00
  0.11271946E+02  0.44299129E+00
  0.11281946E+02  0.48871613E+00
  0.11291946E+02  0.45786559E+00
  0.11301946E+02  0.44650674E+00
  0.11311946E+02  0.39965220E+00
  0.11321946E+02  0.41054401E+00
  0.11331946E+02  0.38609976E+00
  0.11341946E+02  0.38093387E+00
  0.11351946E+02  0.37649679E+00
  0.11361947E+02  0.37268492E+00
  0.11371947E+02  0.36943174E+00
  0.11381947E+02  0.36668090E+00
  0.11391947E+02  0.36438591E+00
  0.11401947E+02  0.36251369E+00
  0.11411947E+02  0.36104327E+00
  0.11421947E+02  0.35996134E+00
  0.11431947E+02  0.35925931E+00
  0.11441948E+02  0.35893335E+00
  0.11451948E+02  0.35898425E+00
  0.11461948E+02  0.35942217E+00
  0.11471948E+02  0.36074990E+00
  0.11481948E+02  0.36316476E+00
  0.11491948E+02  0.36282606E+00
  0.11501948E+02  0.36429166E+00
  0.11511948E+02  0.36379755E+00
  0.11521948E+02  0.36034801E+00
  0.11531949E+02  0.36692515E+00
  0.11541949E+02  0.35559736E+00
  0.11551949E+02  0.35316349E+00
  0.11561949E+02  0.35157387E+00
  0.11571949E+02  0.35074130E+00
  0.11581949E+02  0.34965158E+00
  0.11591949E+02  0.34741013E+00
  0.11601949E+02  0.34428162E+00
  0.11611950E+02  0.34135813E+00
  0.11621950E+02  0.33946428E+00
  0.11631950E+02  0.33872530E+00
  0.11641950E+02  0.33892270E+00
  0.11651950E+02  0.33987791E+00
  0.11661950E+02  0.34153097E+00
  0.11671950E+02  0.34387051E+00
  0.11681950E+02  0.34687342E+00
  0.11691950E+02  0.35048063E+00
  0.11701951E+02  0.43285032E+00
  0.11711951E+02  0.39034963E+00
  0.11721951E+02  0.42621164E+00
  0.11731951E+02  0.44622564E+00
  0.11741951E+02  0.37166950E+00
  0.11751951E+02  0.37428674E+00
  0.11761951E+02  0.37564511E+00
  0.11771951E+02  0.37592970E+00
  0.11781952E+02  0.37559310E+00
  0.11791952E+02  0.37513268E+00
  0.11801952E+02  0.37499542E+00
  0.11811952E+02  0.37566047E+00
  0.11821952E+02  0.37756209E+00
  0.11831952E+02  0.38050769E+00
  0.11841952E+02  0.38310108E+00
  0.11851952E+02  0.38339973E+00
  0.11861952E+02  0.38068591E+00
  0.11871953E+02  0.37621013E+00
  0.11881953E+02  0.37187609E+00
  0.11891953E+02  0.36866525E+00
  0.11901953E+02  0.36709142E+00
  0.11911953E+02  0.36485944E+00
  0.11921953E+02  0.36350261E+00
  0.11931953E+02  0.36228553E+00
  0.11941953E+02  0.36116666E+00
  0.11951953E+02  0.36011333E+00
  0.11961954E+02  0.35908306E+00
  0.11971954E+02  0.35802800E+00
  0.11981954E+02  0.35690478E+00
  0.11991954E+02  0.35568280E+00
  0.12001954E+02  0.35434887E+00
  0.12011954E+02  0.35290791E+00
  0.12021954E+02  0.35138017E+00
  0.12031954E+02  0.34979653E+00
  0.12041955E+02  0.34819330E+00
  0.12051955E+02  0.34660792E+00
  0.12061955E+02  0.34507646E+00
  0.12071955E+02  0.34363287E+00
  0.12081955E+02  0.34230843E+00
  0.12091955E+02  0.34112915E+00
  0.12101955E+02  0.34010863E+00
  0.12111955E+02  0.33923641E+00
  0.12121955E+02  0.33846576E+00
  0.12131956E+02  0.33770916E+00
  0.12141956E+02  0.33684976E+00
  0.12151956E+02  0.33577176E+00
  0.12161956E+02  0.33440057E+00
  0.12171956E+02  0.33272417E+00
  0.12181956E+02  0.33075138E+00
  0.12191956E+02  0.32840392E+00
  0.12201956E+02  0.32546149E+00
  0.12211957E+02  0.32171401E+00
  0.12221957E+02  0.31722838E+00
  0.12231957E+02  0.31240726E+00
  0.12241957E+02  0.30774860E+00
  0.12251957E+02  0.30358699E+00
  0.12261957E+02  0.30004227E+00
  0.12271957E+02  0.29710959E+00
  0.12281957E+02  0.29474632E+00
  0.12291957E+02  0.29290981E+00
  0.12301958E+02  0.29156660E+00
  0.12311958E+02  0.29069285E+00
  0.12321958E+02  0.29027284E+00
  0.12331958E+02  0.29029706E+00
  0.12341958E+02  0.29076098E+00
  0.12351958E+02  0.29166531E+00
  0.12361958E+02  0.29301831E+00
  0.12371958E+02  0.29484069E+00
  0.12381959E+02  0.29717322E+00
  0.12391959E+02  0.30008615E+00
  0.12401959E+02  0.30368491E+00
  0.12411959E+02  0.30809996E+00
  0.12421959E+02  0.31344450E+00
  0.12431959E+02  0.31973510E+00
  0.12441959E+02  0.32680536E+00
  0.12451959E+02  0.33428108E+00
  0.12461959E+02  0.34168055E+00
  0.12471960E+02  0.34862467E+00
  0.12481960E+02  0.35503380E+00
  0.12491960E+02  0.36115426E+00
  0.12501960E+02  0.36736100E+00
  0.12511960E+02  0.37386469E+00
  0.12521960E+02  0.38055011E+00
  0.12531960E+02  0.38707161E+00
  0.12541960E+02  0.39311431E+00
  0.12551960E+02  0.39861843E+00
  0.12561961E+02  0.40383558E+00
  0.12571961E+02  0.40920108E+00
  0.12581961E+02  0.41507793E+00
  0.12591961E+02  0.42151867E+00
  0.12601961E+02  0.42825934E+00
  0.12611961E+02  0.43501587E+00
  0.12621961E+02  0.44184212E+00
  0.12631961E+02  0.44922877E+00
  0.12641962E+02  0.45795568E+00
  0.12651962E+02  0.46907617E+00
  0.12661962E+02  0.48433913E+00
  0.12671962E+02  0.50628187E+00
  0.12681962E+02  0.66120539E+00
  0.12691962E+02  0.63864832E+00
  0.12701962E+02  0.57815973E+00
  0.12711962E+02  0.57618623E+00
  0.12721962E+02  0.56675659E+00
  0.12731963E+02  0.55804837E+00
  0.12741963E+02  0.55117535E+00
  0.12751963E+02  0.54467874E+00
  0.12761963E+02  0.53771407E+00
  0.12771963E+02  0.53008459E+00
  0.12781963E+02  0.52182719E+00
  0.12791963E+02  0.51309786E+00
  0.12801963E+02  0.50412686E+00
  0.12811964E+02  0.49515030E+00
  0.12821964E+02  0.48635719E+00
  0.12831964E+02  0.47787304E+00
  0.12841964E+02  0.46976670E+00
  0.12851964E+02  0.46206520E+00
  0.12861964E+02  0.45477175E+00
  0.12871964E+02  0.44788419E+00
  0.12881964E+02  0.44140840E+00
  0.12891964E+02  0.43536303E+00
  0.12901965E+02  0.42977620E+00
  0.12911965E+02  0.42467881E+00
  0.12921965E+02  0.42009861E+00
  0.12931965E+02  0.41605698E+00
  0.12941965E+02  0.41256808E+00
  0.12951965E+02  0.40963922E+00
  0.12961965E+02  0.40727116E+00
  0.12971965E+02  0.40545789E+00
  0.12981966E+02  0.40418664E+00
  0.12991966E+02  0.40343983E+00
  0.13001966E+02  0.40320251E+00
  0.13011966E+02  0.40347910E+00
  0.13021966E+02  0.40431748E+00
  0.13031966E+02  0.40582119E+00
  0.13041966E+02  0.40810620E+00
  0.13051966E+02  0.41116581E+00
  0.13061966E+02  0.41469089E+00
  0.13071967E+02  0.41801089E+00
  0.13081967E+02  0.42031379E+00
  0.13091967E+02  0.42108020E+00
  0.13101967E+02  0.42043058E+00
  0.13111967E+02  0.41911882E+00
  0.13121967E+02  0.41812050E+00
  0.13131967E+02  0.41794937E+00
  0.13141967E+02  0.41819893E+00
  0.13151967E+02  0.41804387E+00
  0.13161968E+02  0.41739763E+00
  0.13171968E+02  0.41718867E+00
  0.13181968E+02  0.41837726E+00
  0.13191968E+02  0.42116706E+00
  0.13201968E+02  0.42520928E+00
  0.13211968E+02  0.43012277E+00
  0.13221968E+02  0.43568994E+00
  0.13231968E+02  0.47054577E+00
  0.13241969E+02  0.44742801E+00
  0.13251969E+02  0.45617811E+00
  0.13261969E+02  0.45341517E+00
  0.13271969E+02  0.45255339E+00
  0.13281969E+02  0.45014350E+00
  0.13291969E+02  0.44726628E+00
  0.13301969E+02  0.44453371E+00
  0.13311969E+02  0.44219987E+00
  0.13321969E+02  0.44036503E+00
  0.13331970E+02  0.43906612E+00
  0.13341970E+02  0.43832126E+00
  0.13351970E+02  0.43816200E+00
  0.13361970E+02  0.43864386E+00
  0.13371970E+02  0.43982901E+00
  0.13381970E+02  0.44174364E+00
  0.13391970E+02  0.44432080E+00
  0.13401970E+02  0.44735341E+00
  0.13411971E+02  0.45048055E+00
  0.13421971E+02  0.45319823E+00
  0.13431971E+02  0.47649464E+00
  0.13441971E+02  0.45481611E+00
  0.13451971E+02  0.45240855E+00
  0.13461971E+02  0.45664507E+00
  0.13471971E+02  0.45127174E+00
  0.13481971E+02  0.42939731E+00
  0.13491971E+02  0.41704107E+00
  0.13501972E+02  0.40226061E+00
  0.13511972E+02  0.38500200E+00
  0.13521972E+02  0.39347744E+00
  0.13531972E+02  0.34888774E+00
  0.13541972E+02  0.33397540E+00
  0.13551972E+02  0.32210148E+00
  0.13561972E+02  0.31281828E+00
  0.13571972E+02  0.30555139E+00
  0.13581973E+02  0.29983975E+00
  0.13591973E+02  0.29532367E+00
  0.13601973E+02  0.29170272E+00
  0.13611973E+02  0.28870950E+00
  0.13621973E+02  0.28611374E+00
  0.13631973E+02  0.28380801E+00
  0.13641973E+02  0.28195511E+00
  0.13651973E+02  0.28078213E+00
  0.13661973E+02  0.27960518E+00
  0.13671974E+02  0.27639833E+00
  0.13681974E+02  0.26971919E+00
  0.13691974E+02  0.26061566E+00
  0.13701974E+02  0.25121471E+00
  0.13711974E+02  0.24246865E+00
  0.13721974E+02  0.23418927E+00
  0.13731974E+02  0.22605438E+00
  0.13741974E+02  0.21793250E+00
  0.13751974E+02  0.20977138E+00
  0.13761975E+02  0.20153663E+00
  0.13771975E+02  0.19323652E+00
  0.13781975E+02  0.18494162E+00
  0.13791975E+02  0.17676205E+00
  0.13801975E+02  0.16879946E+00
  0.13811975E+02  0.16110861E+00
  0.13821975E+02  0.15368881E+00
  0.13831975E+02  0.14650041E+00
  0.13841976E+02  0.13948839E+00
  0.13851976E+02  0.13260085E+00
  0.13861976E+02  0.12580166E+00
  0.13871976E+02  0.11908348E+00
  0.13881976E+02  0.11247999E+00
  0.13891976E+02  0.10606051E+00
  0.13901976E+02  0.99882650E-01
  0.13911976E+02  0.93905543E-01
  0.13921976E+02  0.87926056E-01
  0.13931977E+02  0.81630008E-01
  0.13941977E+02  0.74779074E-01
  0.13951977E+02  0.67414976E-01
  0.13961977E+02  0.59908332E-01
  0.13971977E+02  0.52800009E-01
  0.13981977E+02  0.46561925E-01
  0.13991977E+02  0.41450777E-01
  0.14001977E+02  0.37515434E-01
  0.14011978E+02  0.34691403E-01
  0.14021978E+02  0.32889576E-01
  0.14031978E+02  0.32038887E-01
  0.14041978E+02  0.32093290E-01
  0.14051978E+02  0.33026489E-01
  0.14061978E+02  0.34827586E-01
  0.14071978E+02  0.37499907E-01
  0.14081978E+02  0.41061152E-01
  0.14091978E+02  0.45543738E-01
  0.14101979E+02  0.50996754E-01
  0.14111979E+02  0.57494604E-01
  0.14121979E+02  0.65159980E-01
  0.14131979E+02  0.74202893E-01
  0.14141979E+02  0.84952783E-01
  0.14151979E+02  0.97823528E-01
  0.14161979E+02  0.11314624E+00
  0.14171979E+02  0.13088749E+00
  0.14181980E+02  0.15041815E+00
  0.14191980E+02  0.17058144E+00
  0.14201980E+02  0.19019624E+00
  0.14211980E+02  0.20870373E+00
  0.14221980E+02  0.22603710E+00
  0.14231980E+02  0.24121587E+00
  0.14241980E+02  0.25161663E+00
  0.14251980E+02  0.29951736E+00
  0.14261980E+02  0.25432532E+00
  0.14271981E+02  0.25266259E+00
  0.14281981E+02  0.25299640E+00
  0.14291981E+02  0.25516375E+00
  0.14301981E+02  0.25798216E+00
  0.14311981E+02  0.26075376E+00
  0.14321981E+02  0.26343199E+00
  0.14331981E+02  0.26627662E+00
  0.14341981E+02  0.26960968E+00
  0.14351981E+02  0.27372472E+00
  0.14361982E+02  0.27885928E+00
  0.14371982E+02  0.28517583E+00
  0.14381982E+02  0.29273417E+00
  0.14391982E+02  0.30146280E+00
  0.14401982E+02  0.31115350E+00
  0.14411982E+02  0.32150284E+00
  0.14421982E+02  0.33220093E+00
  0.14431982E+02  0.34303248E+00
  0.14441983E+02  0.35393502E+00
  0.14451983E+02  0.36497507E+00
  0.14461983E+02  0.37625111E+00
  0.14471983E+02  0.38778324E+00
  0.14481983E+02  0.39946957E+00
  0.14491983E+02  0.41115134E+00
  0.14501983E+02  0.42273022E+00
  0.14511983E+02  0.43417676E+00
  0.14521983E+02  0.44530523E+00
  0.14531984E+02  0.45546077E+00
  0.14541984E+02  0.46353931E+00
  0.14551984E+02  0.46857045E+00
  0.14561984E+02  0.51326480E+00
  0.14571984E+02  0.47005394E+00
  0.14581984E+02  0.46866196E+00
  0.14591984E+02  0.46714187E+00
  0.14601984E+02  0.46571212E+00
  0.14611985E+02  0.46420004E+00
  0.14621985E+02  0.46241125E+00
  0.14631985E+02  0.46030290E+00
  0.14641985E+02  0.45796133E+00
  0.14651985E+02  0.45551577E+00
  0.14661985E+02  0.45307702E+00
  0.14671985E+02  0.45071750E+00
  0.14681985E+02  0.44847642E+00
  0.14691985E+02  0.44637228E+00
  0.14701986E+02  0.44441343E+00
  0.14711986E+02  0.44260399E+00
  0.14721986E+02  0.44094597E+00
  0.14731986E+02  0.43943937E+00
  0.14741986E+02  0.43808175E+00
  0.14751986E+02  0.43686812E+00
  0.14761986E+02  0.43579118E+00
  0.14771986E+02  0.43484209E+00
  0.14781987E+02  0.43401129E+00
  0.14791987E+02  0.43328934E+00
  0.14801987E+02  0.43266768E+00
  0.14811987E+02  0.43213906E+00
  0.14821987E+02  0.43169788E+00
  0.14831987E+02  0.43134028E+00
  0.14841987E+02  0.43106410E+00
  0.14851987E+02  0.43086868E+00
  0.14861987E+02  0.43075466E+00
  0.14871988E+02  0.43072369E+00
  0.14881988E+02  0.43077819E+00
  0.14891988E+02  0.43092097E+00
  0.14901988E+02  0.43115502E+00
  0.14911988E+02  0.43148318E+00
  0.14921988E+02  0.43190783E+00
  0.14931988E+02  0.43243061E+00
  0.14941988E+02  0.43305216E+00
  0.14951988E+02  0.43377200E+00
  0.14961989E+02  0.43458883E+00
  0.14971989E+02  0.43550230E+00
  0.14981989E+02  0.43651789E+00
  0.14991989E+02  0.43765717E+00
  0.15001989E+02  0.43896855E+00
  0.15011989E+02  0.44051939E+00
  0.15021989E+02  0.44234373E+00
  0.15031989E+02  0.44435852E+00
  0.15041990E+02  0.44633262E+00
  0.15051990E+02  0.44799061E+00
  0.15061990E+02  0.44919328E+00
  0.15071990E+02  0.45001435E+00
  0.15081990E+02  0.45062999E+00
  0.15091990E+02  0.45114853E+00
  0.15101990E+02  0.45154787E+00
  0.15111990E+02  0.45173687E+00
  0.15121990E+02  0.45164161E+00
  0.15131991E+02  0.45124451E+00
  0.15141991E+02  0.45057702E+00
  0.15151991E+02  0.44969543E+00
  0.15161991E+02  0.44865967E+00
  0.15171991E+02  0.44752105E+00
  0.15181991E+02  0.44631872E+00
  0.15191991E+02  0.44508270E+00
  0.15201991E+02  0.44384095E+00
  0.15211992E+02  0.44262762E+00
  0.15221992E+02  0.44149027E+00
  0.15231992E+02  0.44049458E+00
  0.15241992E+02  0.43972543E+00
  0.15251992E+02  0.43928461E+00
  0.15261992E+02  0.43929516E+00
  0.15271992E+02  0.43998063E+00
  0.15281992E+02  0.44204936E+00
  0.15291992E+02  0.44754930E+00
  0.15301993E+02  0.45999913E+00
  0.15311993E+02  0.48114604E+00
  0.15321993E+02  0.50598186E+00
  0.15331993E+02  0.52397618E+00
  0.15341993E+02  0.52735095E+00
  0.15351993E+02  0.51649903E+00
  0.15361993E+02  0.49829714E+00
  0.15371993E+02  0.48090234E+00
  0.15381994E+02  0.46886293E+00
  0.15391994E+02  0.46196544E+00
  0.15401994E+02  0.45782527E+00
  0.15411994E+02  0.45453354E+00
  0.15421994E+02  0.45131780E+00
  0.15431994E+02  0.44806780E+00
  0.15441994E+02  0.44485572E+00
  0.15451994E+02  0.44172997E+00
  0.15461994E+02  0.43867375E+00
  0.15471995E+02  0.45506003E+00
  0.15481995E+02  0.43253117E+00
  0.15491995E+02  0.42935379E+00
  0.15501995E+02  0.42610777E+00
  0.15511995E+02  0.42283558E+00
  0.15521995E+02  0.41958756E+00
  0.15531995E+02  0.41640334E+00
  0.15541995E+02  0.41330546E+00
  0.15551995E+02  0.41030389E+00
  0.15561996E+02  0.40740490E+00
  0.15571996E+02  0.40461814E+00
  0.15581996E+02  0.40195943E+00
  0.15591996E+02  0.39945021E+00
  0.15601996E+02  0.39711574E+00
  0.15611996E+02  0.39498390E+00
  0.15621996E+02  0.39308549E+00
  0.15631996E+02  0.39145674E+00
  0.15641997E+02  0.39014477E+00
  0.15651997E+02  0.38921736E+00
  0.15661997E+02  0.38877834E+00
  0.15671997E+02  0.38898868E+00
  0.15681997E+02  0.39008939E+00
  0.15691997E+02  0.39241656E+00
  0.15701997E+02  0.39639413E+00
  0.15711997E+02  0.40249054E+00
  0.15721997E+02  0.41112938E+00
  0.15731998E+02  0.49511547E+00
  0.15741998E+02  0.48482011E+00
  0.15751998E+02  0.54839931E+00
  0.15761998E+02  0.56109177E+00
  0.15771998E+02  0.54856932E+00
  0.15781998E+02  0.48054214E+00
  0.15791998E+02  0.47927842E+00
  0.15801998E+02  0.47416470E+00
  0.15811999E+02  0.46763707E+00
  0.15821999E+02  0.46160942E+00
  0.15831999E+02  0.45706685E+00
  0.15841999E+02  0.45416739E+00
  0.15851999E+02  0.45257104E+00
  0.15861999E+02  0.45178581E+00
  0.15871999E+02  0.45139569E+00
  0.15881999E+02  0.45114412E+00
  0.15891999E+02  0.45092644E+00
  0.15902000E+02  0.45074720E+00
  0.15912000E+02  0.45066967E+00
  0.15922000E+02  0.45077045E+00
  0.15932000E+02  0.45111170E+00
  0.15942000E+02  0.45173558E+00
  0.15952000E+02  0.45267350E+00
  0.15962000E+02  0.45395721E+00
  0.15972000E+02  0.45562411E+00
  0.15982001E+02  0.45771564E+00
  0.15992001E+02  0.46027084E+00
  0.16002001E+02  0.46335146E+00
  0.16012001E+02  0.46691496E+00
  0.16022001E+02  0.47106437E+00
  0.16032001E+02  0.47618376E+00
  0.16042001E+02  0.48081870E+00
  0.16052001E+02  0.48598529E+00
  0.16062001E+02  0.48709382E+00
  0.16072002E+02  0.49109758E+00
  0.16082002E+02  0.49540077E+00
  0.16092002E+02  0.49990479E+00
  0.16102002E+02  0.50451420E+00
  0.16112002E+02  0.50918050E+00
  0.16122002E+02  0.51388878E+00
  0.16132002E+02  0.51864232E+00
  0.16142002E+02  0.52345361E+00
  0.16152002E+02  0.52833913E+00
  0.16162003E+02  0.53331554E+00
  0.16172003E+02  0.53839626E+00
  0.16182003E+02  0.54358815E+00
  0.16192003E+02  0.54888828E+00
  0.16202003E+02  0.55428144E+00
  0.16212003E+02  0.55973877E+00
  0.16222003E+02  0.56521746E+00
  0.16232003E+02  0.57066137E+00
  0.16242004E+02  0.57600274E+00
  0.16252004E+02  0.58116522E+00
  0.16262004E+02  0.58606553E+00
  0.16272004E+02  0.74571045E+00
  0.16282004E+02  0.59470306E+00
  0.16292004E+02  0.59826008E+00
  0.16302004E+02  0.60381065E+00
  0.16312004E+02  0.60497883E+00
  0.16322004E+02  0.60600572E+00
  0.16332005E+02  0.60802417E+00
  0.16342005E+02  0.60997119E+00
  0.16352005E+02  0.61193193E+00
  0.16362005E+02  0.61397898E+00
  0.16372005E+02  0.61617872E+00
  0.16382005E+02  0.61858657E+00
  0.16392005E+02  0.62123890E+00
  0.16402005E+02  0.62414736E+00
  0.16412006E+02  0.62729816E+00
  0.16422006E+02  0.63065718E+00
  0.16432006E+02  0.63418000E+00
  0.16442006E+02  0.63782366E+00
  0.16452006E+02  0.64155312E+00
  0.16462006E+02  0.64533463E+00
  0.16472006E+02  0.64911320E+00
  0.16482006E+02  0.65278362E+00
  0.16492006E+02  0.65617834E+00
  0.16502007E+02  0.65909652E+00
  0.16512007E+02  0.66137968E+00
  0.16522007E+02  0.66300626E+00
  0.16532007E+02  0.66415409E+00
  0.16542007E+02  0.66518906E+00
  0.16552007E+02  0.66658117E+00
  0.16562007E+02  0.66881288E+00
  0.16572007E+02  0.67239111E+00
  0.16582008E+02  0.67793925E+00
  0.16592008E+02  0.68588764E+00
  0.16602008E+02  0.72353754E+00
  0.16612008E+02  0.70349455E+00
  0.16622008E+02  0.82857152E+00
  0.16632008E+02  0.70597438E+00
  0.16642008E+02  0.70097297E+00
  0.16652008E+02  0.69413206E+00
  0.16662008E+02  0.68668580E+00
  0.16672009E+02  0.67918871E+00
  0.16682009E+02  0.67174774E+00
  0.16692009E+02  0.66431686E+00
  0.16702009E+02  0.65687535E+00
  0.16712009E+02  0.64943692E+00
  0.16722009E+02  0.64200226E+00
  0.16732009E+02  0.63453568E+00
  0.16742009E+02  0.62696573E+00
  0.16752009E+02  0.61919075E+00
  0.16762010E+02  0.61108268E+00
  0.16772010E+02  0.60249187E+00
  0.16782010E+02  0.59325749E+00
  0.16792010E+02  0.58322563E+00
  0.16802010E+02  0.57227409E+00
  0.16812010E+02  0.56033911E+00
  0.16822010E+02  0.54743768E+00
  0.16832010E+02  0.62163524E+00
  0.16842011E+02  0.56752091E+00
  0.16852011E+02  0.50445448E+00
  0.16862011E+02  0.48956524E+00
  0.16872011E+02  0.47490576E+00
  0.16882011E+02  0.46075706E+00
  0.16892011E+02  0.44734452E+00
  0.16902011E+02  0.43482636E+00
  0.16912011E+02  0.42329583E+00
  0.16922011E+02  0.41279359E+00
  0.16932012E+02  0.40332285E+00
  0.16942012E+02  0.39485823E+00
  0.16952012E+02  0.38734058E+00
  0.16962012E+02  0.38065510E+00
  0.16972012E+02  0.37459874E+00
  0.16982012E+02  0.36885177E+00
  0.16992012E+02  0.36297372E+00
  0.17002012E+02  0.35644044E+00
  0.17012013E+02  0.34872575E+00
  0.17022013E+02  0.33941247E+00
  0.17032013E+02  0.32830052E+00
  0.17042013E+02  0.42465789E+00
  0.17052013E+02  0.35088324E+00
  0.17062013E+02  0.28639552E+00
  0.17072013E+02  0.27143164E+00
  0.17082013E+02  0.25709287E+00
  0.17092013E+02  0.24393062E+00
  0.17102014E+02  0.23231857E+00
  0.17112014E+02  0.22245059E+00
  0.17122014E+02  0.21437824E+00
  0.17132014E+02  0.20806865E+00
  0.17142014E+02  0.20346264E+00
  0.17152014E+02  0.20051406E+00
  0.17162014E+02  0.19919324E+00
  0.17172014E+02  0.19944381E+00
  0.17182015E+02  0.20110255E+00
  0.17192015E+02  0.20382883E+00
  0.17202015E+02  0.20712208E+00
  0.17212015E+02  0.21047043E+00
  0.17222015E+02  0.21354595E+00
  0.17232015E+02  0.21626781E+00
  0.17242015E+02  0.21865985E+00
  0.17252015E+02  0.22065354E+00
  0.17262015E+02  0.22204207E+00
  0.17272016E+02  0.22260240E+00
  0.17282016E+02  0.22222365E+00
  0.17292016E+02  0.22091134E+00
  0.17302016E+02  0.21868343E+00
  0.17312016E+02  0.21545585E+00
  0.17322016E+02  0.21100278E+00
  0.17332016E+02  0.20503796E+00
  0.17342016E+02  0.19740123E+00
  0.17352016E+02  0.18821471E+00
  0.17362017E+02  0.17781321E+00
  0.17372017E+02  0.16648210E+00
  0.17382017E+02  0.15437082E+00
  0.17392017E+02  0.14175338E+00
  0.17402017E+02  0.12921534E+00
  0.17412017E+02  0.11741642E+00
  0.17422017E+02  0.10671546E+00
  0.17432017E+02  0.97010327E-01
  0.17442018E+02  0.87845374E-01
  0.17452018E+02  0.78825314E-01
  0.17462018E+02  0.70065776E-01
  0.17472018E+02  0.62086281E-01
  0.17482018E+02  0.55261107E-01
  0.17492018E+02  0.49564441E-01
  0.17502018E+02  0.44758823E-01
  0.17512018E+02  0.40618179E-01
  0.17522018E+02  0.36989973E-01
  0.17532019E+02  0.33775774E-01
  0.17542019E+02  0.30908180E-01
  0.17552019E+02  0.28338028E-01
  0.17562019E+02  0.26027391E-01
  0.17572019E+02  0.23945481E-01
  0.17582019E+02  0.22066323E-01
  0.17592019E+02  0.20367434E-01
  0.17602019E+02  0.18829066E-01
  0.17612020E+02  0.17433736E-01
  0.17622020E+02  0.16165905E-01
  0.17632020E+02  0.15011757E-01
  0.17642020E+02  0.13959017E-01
  0.17652020E+02  0.12996802E-01
  0.17662020E+02  0.12115489E-01
  0.17672020E+02  0.11306582E-01
  0.17682020E+02  0.10562597E-01
  0.17692020E+02  0.98769462E-02
  0.17702021E+02  0.92438327E-02
  0.17712021E+02  0.86581509E-02
  0.17722021E+02  0.81153985E-02
  0.17732021E+02  0.76115972E-02
  0.17742021E+02  0.71432224E-02
  0.17752021E+02  0.67071431E-02
  0.17762021E+02  0.63005692E-02
  0.17772021E+02  0.59210070E-02
  0.17782022E+02  0.55662210E-02
  0.17792022E+02  0.52342025E-02
  0.17802022E+02  0.49231414E-02
  0.17812022E+02  0.46314041E-02
  0.17822022E+02  0.43575132E-02
  0.17832022E+02  0.41001307E-02
  0.17842022E+02  0.38580436E-02
  0.17852022E+02  0.36301509E-02
  0.17862022E+02  0.34154521E-02
  0.17872023E+02  0.32130375E-02
  0.17882023E+02  0.30220792E-02
  0.17892023E+02  0.28418222E-02
  0.17902023E+02  0.26715781E-02
  0.17912023E+02  0.25107175E-02
  0.17922023E+02  0.23586644E-02
  0.17932023E+02  0.22148907E-02
  0.17942023E+02  0.20789112E-02
  0.17952023E+02  0.19502791E-02
  0.17962024E+02  0.18285821E-02
  0.17972024E+02  0.17134389E-02
  0.17982024E+02  0.16044963E-02
  0.17992024E+02  0.15014260E-02
  0.18002024E+02  0.14039226E-02
  0.18012024E+02  0.13117014E-02
  0.18022024E+02  0.12244961E-02
  0.18032024E+02  0.11420580E-02
  0.18042025E+02  0.10641534E-02
  0.18052025E+02  0.99056312E-03
  0.18062025E+02  0.92108090E-03
  0.18072025E+02  0.85551223E-03
  0.18082025E+02  0.79367337E-03
  0.18092025E+02  0.73539035E-03
  0.18102025E+02  0.68049812E-03
  0.18112025E+02  0.62883969E-03
  0.18122025E+02  0.58026554E-03
  0.18132026E+02  0.53463294E-03
  0.18142026E+02  0.49180553E-03
  0.18152026E+02  0.45165291E-03
  0.18162026E+02  0.41405039E-03
  0.18172026E+02  0.37887875E-03
  0.18182026E+02  0.34602403E-03
  0.18192026E+02  0.31537740E-03
  0.18202026E+02  0.28683489E-03
  0.18212027E+02  0.26029720E-03
  0.18222027E+02  0.23566927E-03
  0.18232027E+02  0.21285997E-03
  0.18242027E+02  0.19178153E-03
  0.18252027E+02  0.17234904E-03
  0.18262027E+02  0.15447992E-03
  0.18272027E+02  0.13809341E-03
  0.18282027E+02  0.12311005E-03
  0.18292027E+02  0.10945140E-03
  0.18302028E+02  0.97039765E-04
  0.18312028E+02  0.85798121E-04
  0.18322028E+02  0.75650162E-04
  0.18332028E+02  0.66520487E-04
  0.18342028E+02  0.58334883E-04
  0.18352028E+02  0.51020695E-04
  0.18362028E+02  0.44507230E-04
  0.18372028E+02  0.38726179E-04
  0.18382029E+02  0.33612009E-04
  0.18392029E+02  0.29102317E-04
  0.18402029E+02  0.25138121E-04
  0.18412029E+02  0.21664073E-04
  0.18422029E+02  0.18628602E-04
  0.18432029E+02  0.15983976E-04
  0.18442029E+02  0.13686300E-04
  0.18452029E+02  0.11695451E-04
  0.18462029E+02  0.99749630E-05
  0.18472030E+02  0.84918704E-05
  0.18482030E+02  0.72165262E-05
  0.18492030E+02  0.61223957E-05
  0.18502030E+02  0.51858385E-05
  0.18512030E+02  0.43858855E-05
  0.18522030E+02  0.37040145E-05
  0.18532030E+02  0.31239309E-05
  0.18542030E+02  0.26313542E-05
  0.18552031E+02  0.22138159E-05
  0.18562031E+02  0.18604680E-05
  0.18572031E+02  0.15619039E-05
  0.18582031E+02  0.13099940E-05
  0.18592031E+02  0.10977334E-05
  0.18602031E+02  0.91910448E-06
  0.18612031E+02  0.76895158E-06
  0.18622031E+02  0.64286932E-06
  0.18632031E+02  0.53710253E-06
  0.18642032E+02  0.44845752E-06
  0.18652032E+02  0.37422392E-06
  0.18662032E+02  0.31210596E-06
  0.18672032E+02  0.26016257E-06
  0.18682032E+02  0.21675526E-06
  0.18692032E+02  0.18050297E-06
  0.18702032E+02  0.15024324E-06
  0.18712032E+02  0.12499877E-06
  0.18722032E+02  0.10394881E-06
  0.18732033E+02  0.86404788E-07
  0.18742033E+02  0.71789503E-07
  0.18752033E+02  0.59619497E-07
  0.18762033E+02  0.49490113E-07
  0.18772033E+02  0.41062866E-07
  0.18782033E+02  0.34054781E-07
  0.18792033E+02  0.28229417E-07
  0.18802033E+02  0.23389305E-07
  0.18812034E+02  0.19369603E-07
  0.18822034E+02  0.16032764E-07
  0.18832034E+02  0.13264059E-07
  0.18842034E+02  0.10967838E-07
  0.18852034E+02  0.90643826E-08
  0.18862034E+02  0.74872810E-08
  0.18872034E+02  0.61812302E-08
  0.18882034E+02  0.51001951E-08
  0.18892034E+02  0.42058716E-08
  0.18902035E+02  0.34664021E-08
  0.18912035E+02  0.28553016E-08
  0.18922035E+02  0.23505617E-08
