 -0.67642273E-06 -0.92164779E-07 -0.76172432E-06
  0.11919077E-02  0.26388257E-03 -0.68536333E-02
  0.23388505E-02  0.52547499E-03 -0.13338945E-01
  0.33971640E-02  0.78284937E-03 -0.19126511E-01
  0.43289716E-02  0.10352027E-02 -0.23957235E-01
  0.51036121E-02  0.12831469E-02 -0.27670029E-01
  0.56992417E-02  0.15289408E-02 -0.30219279E-01
  0.61038269E-02  0.17765384E-02 -0.31681107E-01
  0.63154683E-02  0.20314345E-02 -0.32247753E-01
  0.63420472E-02  0.23003076E-02 -0.32210475E-01
  0.62002320E-02  0.25904774E-02 -0.31932455E-01
  0.59139335E-02  0.29092159E-02 -0.31814170E-01
  0.55123323E-02  0.32629669E-02 -0.32254373E-01
  0.50276322E-02  0.36565469E-02 -0.33610301E-01
  0.44927094E-02  0.40924045E-02 -0.36160839E-01
  0.39388285E-02  0.45700228E-02 -0.40076130E-01
  0.33935893E-02  0.50855363E-02 -0.45396574E-01
  0.28792432E-02  0.56316233E-02 -0.52023353E-01
  0.24114874E-02  0.61977093E-02 -0.59721574E-01
  0.19988070E-02  0.67704895E-02 -0.68135981E-01
  0.16423886E-02  0.73347469E-02 -0.76818085E-01
  0.13365890E-02  0.78744126E-02 -0.85262447E-01
  0.10698996E-02  0.83737849E-02 -0.92949051E-01
  0.82631064E-03  0.88188071E-02 -0.99388090E-01
  0.58695625E-03  0.91982907E-02 -0.10416321E+00
  0.33190188E-03  0.95049688E-02 -0.10696939E+00
  0.41930714E-04  0.97362782E-02 -0.10764204E+00
 -0.29980745E-03  0.98947872E-02 -0.10617456E+00
 -0.70640607E-03  0.99882155E-02 -0.10272289E+00
 -0.11861666E-02  0.10029029E-01 -0.97596133E-01
 -0.17419822E-02  0.10033632E-01 -0.91234269E-01
 -0.23711708E-02  0.10021205E-01 -0.84174442E-01
 -0.30657494E-02  0.10012286E-01 -0.77008716E-01
 -0.38131097E-02  0.10027209E-01 -0.70336765E-01
 -0.45970256E-02  0.10084516E-01 -0.64717446E-01
 -0.53988974E-02  0.10199486E-01 -0.60623311E-01
 -0.61991287E-02  0.10382906E-01 -0.58401870E-01
 -0.69785207E-02  0.10640176E-01 -0.58246840E-01
 -0.77195777E-02  0.10970841E-01 -0.60181803E-01
 -0.84076256E-02  0.11368583E-01 -0.64057611E-01
 -0.90316677E-02  0.11821677E-01 -0.69563776E-01
 -0.95849237E-02  0.12313880E-01 -0.76252884E-01
 -0.10065028E-01  0.12825673E-01 -0.83576028E-01
 -0.10473888E-01  0.13335767E-01 -0.90926330E-01
 -0.10817232E-01  0.13822744E-01 -0.97687010E-01
 -0.11103902E-01  0.14266692E-01 -0.10328007E+00
 -0.11344950E-01  0.14650722E-01 -0.10721170E+00
 -0.11552629E-01  0.14962223E-01 -0.10911072E+00
 -0.11739358E-01  0.15193776E-01 -0.10875712E+00
 -0.11916743E-01  0.15343643E-01 -0.10609846E+00
 -0.26256149E-02  0.20197964E-01 -0.16813928E+00
 -0.28100489E-02  0.20142972E-01 -0.16082898E+00
 -0.30208675E-02  0.20031340E-01 -0.15200802E+00
 -0.32598772E-02  0.19880378E-01 -0.14219510E+00
 -0.35259033E-02  0.19709261E-01 -0.13197212E+00
 -0.38150584E-02  0.19537515E-01 -0.12193908E+00
 -0.41212000E-02  0.19383504E-01 -0.11266830E+00
 -0.44365275E-02  0.19263035E-01 -0.10466157E+00
 -0.47522621E-02  0.19188194E-01 -0.98313753E-01
 -0.50593504E-02  0.19166490E-01 -0.93885264E-01
 -0.53491331E-02  0.19200372E-01 -0.91485767E-01
 -0.56139296E-02  0.19287145E-01 -0.91069865E-01
 -0.58474980E-02  0.19419281E-01 -0.92444982E-01
 -0.60453431E-02  0.19585082E-01 -0.95290470E-01
 -0.62048604E-02  0.19769640E-01 -0.99186150E-01
 -0.63253174E-02  0.19956003E-01 -0.10364778E+00
 -0.64076882E-02  0.20126446E-01 -0.10816640E+00
 -0.64543666E-02  0.20263745E-01 -0.11224837E+00
 -0.64687932E-02  0.20352355E-01 -0.11545280E+00
 -0.64550351E-02  0.20379390E-01 -0.11742347E+00
 -0.64173573E-02  0.20335347E-01 -0.11791284E+00
 -0.63598251E-02  0.20214514E-01 -0.11679646E+00
 -0.62859673E-02  0.20015052E-01 -0.11407684E+00
 -0.61985257E-02  0.19738740E-01 -0.10987691E+00
 -0.60993039E-02  0.19390446E-01 -0.10442383E+00
 -0.59891207E-02  0.18977345E-01 -0.98024890E-01
 -0.58678621E-02  0.18507991E-01 -0.91037745E-01
 -0.57346188E-02  0.17991308E-01 -0.83837594E-01
 -0.55878878E-02  0.17435606E-01 -0.76784264E-01
 -0.54258141E-02  0.16847695E-01 -0.70191914E-01
 -0.52464466E-02  0.16232187E-01 -0.64303892E-01
 -0.50479813E-02  0.15591038E-01 -0.59274737E-01
 -0.48289723E-02  0.14923370E-01 -0.55160656E-01
 -0.45884906E-02  0.14225588E-01 -0.51919066E-01
 -0.43262224E-02  0.13491778E-01 -0.49416976E-01
 -0.40425029E-02  0.12714357E-01 -0.47447250E-01
 -0.37382872E-02  0.11884900E-01 -0.45751103E-01
 -0.34150689E-02  0.10995098E-01 -0.44044678E-01
 -0.30747600E-02  0.10037735E-01 -0.42047248E-01
 -0.27195479E-02  0.90076188E-02 -0.39508474E-01
 -0.23517480E-02  0.79023622E-02 -0.36232257E-01
 -0.19736683E-02  0.67229645E-02 -0.32095102E-01
 -0.15875000E-02  0.54741209E-02 -0.27057384E-01
 -0.11952452E-02  0.41642386E-02 -0.21166581E-01
 -0.79868580E-03  0.28051483E-02 -0.14552267E-01
 -0.39939374E-03  0.14115350E-02 -0.74133958E-02
  0.12216609E-05  0.12984412E-06  0.89432579E-06
  0.36634067E-02 -0.26575605E-03 -0.73612901E-05
  0.47655871E-02 -0.17104529E-04 -0.67943538E-02
  0.57533996E-02  0.23229499E-03 -0.13179352E-01
  0.66022616E-02  0.48001231E-03 -0.18844008E-01
  0.73009191E-02  0.72408621E-03 -0.23542176E-01
  0.78507397E-02  0.96356586E-03 -0.27125664E-01
  0.82638520E-02  0.11989476E-02 -0.29560587E-01
  0.85603601E-02  0.14324507E-02 -0.30932684E-01
  0.87649509E-02  0.16680888E-02 -0.31440975E-01
  0.89032548E-02  0.19115103E-02 -0.31380233E-01
  0.89983391E-02  0.21696055E-02 -0.31113777E-01
  0.90676905E-02  0.24499035E-02 -0.31039035E-01
  0.91209869E-02  0.27598061E-02 -0.31549010E-01
  0.91588769E-02  0.31057299E-02 -0.32993197E-01
  0.91728798E-02  0.34922450E-02 -0.35641609E-01
  0.91464061E-02  0.39213040E-02 -0.39655313E-01
  0.90567864E-02  0.43916563E-02 -0.45066346E-01
  0.88780934E-02  0.48985268E-02 -0.51769032E-01
  0.85844627E-02  0.54336182E-02 -0.59523747E-01
  0.81535667E-02  0.59854628E-02 -0.67973019E-01
  0.75698777E-02  0.65401158E-02 -0.76668771E-01
  0.68273728E-02  0.70821458E-02 -0.85108457E-01
  0.59313859E-02  0.75958427E-02 -0.92777037E-01
  0.48993897E-02  0.80665406E-02 -0.99191151E-01
  0.37605950E-02  0.84819317E-02 -0.10394163E+00
  0.25543635E-02  0.88332476E-02 -0.10673054E+00
  0.13275495E-02  0.91161884E-02 -0.10739952E+00
  0.13098517E-03  0.93315028E-02 -0.10594665E+00
 -0.98458432E-03  0.94851517E-02 -0.10253036E+00
 -0.19727580E-02  0.95880253E-02 -0.97459890E-01
 -0.27955403E-02  0.96552248E-02 -0.91172816E-01
 -0.34268323E-02  0.97049604E-02 -0.84201547E-01
 -0.38550204E-02  0.97571532E-02 -0.77131503E-01
 -0.40844095E-02  0.98318570E-02 -0.70554408E-01
 -0.41353418E-02  0.99476337E-02 -0.65020615E-01
 -0.40429610E-02  0.10120021E-01 -0.60994441E-01
 -0.38546978E-02  0.10360224E-01 -0.58816227E-01
 -0.36266655E-02  0.10674151E-01 -0.58674326E-01
 -0.34192533E-02  0.11061863E-01 -0.60589317E-01
 -0.32922752E-02  0.11517503E-01 -0.64411782E-01
 -0.33000754E-02  0.12029704E-01 -0.69833808E-01
 -0.34869990E-02  0.12582443E-01 -0.76413272E-01
 -0.38836072E-02  0.13156272E-01 -0.83608886E-01
 -0.45039591E-02  0.13729823E-01 -0.90823130E-01
 -0.53441909E-02  0.14281469E-01 -0.97449559E-01
 -0.63825204E-02  0.14790995E-01 -0.10292064E+00
 -0.75806819E-02  0.15241142E-01 -0.10675227E+00
 -0.88866835E-02  0.15618912E-01 -0.10858143E+00
 -0.10238664E-01  0.15916518E-01 -0.10819398E+00
 -0.11569545E-01  0.16131911E-01 -0.10554058E+00
 -0.15809300E-01  0.14880864E-01 -0.16757306E+00
 -0.16505809E-01  0.15483123E-01 -0.16036430E+00
 -0.17016490E-01  0.16001128E-01 -0.15167312E+00
 -0.17303224E-01  0.16455425E-01 -0.14201009E+00
 -0.17344149E-01  0.16869158E-01 -0.13194730E+00
 -0.17135225E-01  0.17266246E-01 -0.12207406E+00
 -0.16690376E-01  0.17669542E-01 -0.11295194E+00
 -0.16040229E-01  0.18099127E-01 -0.10507287E+00
 -0.15229562E-01  0.18570875E-01 -0.98823399E-01
 -0.14313673E-01  0.19095378E-01 -0.94457958E-01
 -0.13354000E-01  0.19677323E-01 -0.92082922E-01
 -0.12413323E-01  0.20315338E-01 -0.91652571E-01
 -0.11550962E-01  0.21002310E-01 -0.92976954E-01
 -0.10818334E-01  0.21726131E-01 -0.95740747E-01
 -0.10255228E-01  0.22470793E-01 -0.99531328E-01
 -0.98870702E-02  0.23217743E-01 -0.10387360E+00
 -0.97233770E-02  0.23947361E-01 -0.10826861E+00
 -0.97574965E-02  0.24640457E-01 -0.11223271E+00
 -0.99676194E-02  0.25279660E-01 -0.11533426E+00
 -0.10318952E-01  0.25850581E-01 -0.11722477E+00
 -0.10766841E-01  0.26342682E-01 -0.11766239E+00
 -0.11260578E-01  0.26749782E-01 -0.11652586E+00
 -0.11747551E-01  0.27070172E-01 -0.11381822E+00
 -0.12177397E-01  0.27306341E-01 -0.10966031E+00
 -0.12505825E-01  0.27464364E-01 -0.10427486E+00
 -0.12697802E-01  0.27552996E-01 -0.97962766E-01
 -0.12729857E-01  0.27582569E-01 -0.91073983E-01
 -0.12591360E-01  0.27563783E-01 -0.83975359E-01
 -0.12284685E-01  0.27506511E-01 -0.77018443E-01
 -0.11824303E-01  0.27418705E-01 -0.70509886E-01
 -0.11234906E-01  0.27305498E-01 -0.64686899E-01
 -0.10548764E-01  0.27168588E-01 -0.59699729E-01
 -0.98025757E-02  0.27005935E-01 -0.55602423E-01
 -0.90340860E-02  0.26811815E-01 -0.52352469E-01
 -0.82787958E-02  0.26577204E-01 -0.49819081E-01
 -0.75670329E-02  0.26290470E-01 -0.47799167E-01
 -0.69216396E-02  0.25938314E-01 -0.46039381E-01
 -0.63564601E-02  0.25506870E-01 -0.44262145E-01
 -0.58757384E-02  0.24982883E-01 -0.42193228E-01
 -0.54744510E-02  0.24354860E-01 -0.39588381E-01
 -0.51395168E-02  0.23614096E-01 -0.36256626E-01
 -0.48517461E-02  0.22755499E-01 -0.32078150E-01
 -0.45883260E-02  0.21778139E-01 -0.27015258E-01
 -0.43255944E-02  0.20685486E-01 -0.21115466E-01
 -0.40418314E-02  0.19485311E-01 -0.14506536E-01
 -0.37197973E-02  0.18189277E-01 -0.73839858E-02
 -0.33487730E-02  0.16812243E-01  0.77192256E-05
  0.74628460E-02 -0.71243831E-03 -0.12862902E-04
  0.83806547E-02 -0.51082982E-03 -0.66529524E-02
  0.91250062E-02 -0.30567062E-03 -0.12879039E-01
  0.96933310E-02 -0.99062632E-04 -0.18397477E-01
  0.10103222E-01  0.10684099E-03 -0.22984336E-01
  0.10388866E-01  0.31047615E-03 -0.26508892E-01
  0.10595800E-01  0.51144936E-03 -0.28948229E-01
  0.10774539E-01  0.71098624E-03 -0.30391478E-01
  0.10973750E-01  0.91218250E-03 -0.31033164E-01
  0.11233673E-01  0.11200108E-02 -0.31156162E-01
  0.11580462E-01  0.13410620E-02 -0.31105726E-01
  0.12022058E-01  0.15830294E-02 -0.31256899E-01
  0.12546009E-01  0.18539746E-02 -0.31978278E-01
  0.13119514E-01  0.21614445E-02 -0.33595456E-01
  0.13691716E-01  0.25115300E-02 -0.36357538E-01
  0.14198066E-01  0.29079725E-02 -0.40409927E-01
  0.14566370E-01  0.33514251E-02 -0.45775983E-01
  0.14723954E-01  0.38389666E-02 -0.52349458E-01
  0.14605282E-01  0.43639423E-02 -0.59898587E-01
  0.14159282E-01  0.49161771E-02 -0.68081721E-01
  0.13355659E-01  0.54825624E-02 -0.76473319E-01
  0.12189557E-01  0.60479839E-02 -0.84598165E-01
  0.10684058E-01  0.65965139E-02 -0.91970920E-01
  0.88902203E-02  0.71127631E-02 -0.98137594E-01
  0.68845514E-02  0.75832651E-02 -0.10271531E+00
  0.47640659E-02  0.79977575E-02 -0.10542684E+00
  0.26392993E-02  0.83502315E-02 -0.10612683E+00
  0.62583374E-03  0.86396394E-02 -0.10481725E+00
 -0.11649534E-02  0.88701806E-02 -0.10165070E+00
 -0.26351267E-02  0.90511270E-02 -0.96921020E-01
 -0.37086095E-02  0.91961900E-02 -0.91041896E-01
 -0.43380314E-02  0.93224771E-02 -0.84515197E-01
 -0.45093818E-02  0.94491242E-02 -0.77891583E-01
 -0.42440245E-02  0.95957189E-02 -0.71726654E-01
 -0.35978505E-02  0.97806544E-02 -0.66536297E-01
 -0.26575868E-02  0.10019556E-01 -0.62754940E-01
 -0.15345220E-02  0.10323919E-01 -0.60700202E-01
 -0.35613063E-03  0.10700082E-01 -0.60546888E-01
  0.74374156E-03  0.11148615E-01 -0.62312474E-01
  0.16353417E-02  0.11664191E-01 -0.65855299E-01
  0.22032762E-02  0.12235944E-01 -0.70885590E-01
  0.23557426E-02  0.12848283E-01 -0.76988407E-01
  0.20319735E-02  0.13482094E-01 -0.83656606E-01
  0.12072821E-02  0.14116241E-01 -0.90331108E-01
 -0.10470443E-03  0.14729215E-01 -0.96445191E-01
 -0.18528084E-02  0.15300814E-01 -0.10146920E+00
 -0.39520040E-02  0.15813713E-01 -0.10495206E+00
 -0.62897610E-02  0.16254782E-01 -0.10655639E+00
 -0.87345206E-02  0.16616067E-01 -0.10608427E+00
 -0.11145625E-01  0.16895338E-01 -0.10349190E+00
 -0.28422209E-01  0.96986152E-02 -0.16556971E+00
 -0.29588498E-01  0.10943832E-01 -0.15874912E+00
 -0.30369584E-01  0.12079406E-01 -0.15053931E+00
 -0.30690728E-01  0.13128686E-01 -0.14141884E+00
 -0.30511411E-01  0.14118282E-01 -0.13192333E+00
 -0.29828044E-01  0.15075969E-01 -0.12260401E+00
 -0.28673770E-01  0.16028552E-01 -0.11398578E+00
 -0.27115416E-01  0.16999891E-01 -0.10652808E+00
 -0.25247894E-01  0.18009219E-01 -0.10059160E+00
 -0.23186525E-01  0.19069884E-01 -0.96413418E-01
 -0.21057943E-01  0.20188595E-01 -0.94092249E-01
 -0.18990311E-01  0.21365208E-01 -0.93584757E-01
 -0.17103646E-01  0.22593053E-01 -0.94713018E-01
 -0.15501000E-01  0.23859749E-01 -0.97182211E-01
 -0.14261178E-01  0.25148422E-01 -0.10060689E+00
 -0.13433530E-01  0.26439218E-01 -0.10454350E+00
 -0.13035171E-01  0.27710971E-01 -0.10852643E+00
 -0.13050784E-01  0.28942887E-01 -0.11210454E+00
 -0.13434957E-01  0.30116114E-01 -0.11487531E+00
 -0.14116779E-01  0.31215070E-01 -0.11651386E+00
 -0.15006274E-01  0.32228433E-01 -0.11679475E+00
 -0.16002102E-01  0.33149723E-01 -0.11560488E+00
 -0.16999850E-01  0.33977448E-01 -0.11294694E+00
 -0.17900254E-01  0.34714805E-01 -0.10893318E+00
 -0.18616664E-01  0.35368994E-01 -0.10377057E+00
 -0.19081187E-01  0.35950189E-01 -0.97738678E-01
 -0.19249051E-01  0.36470283E-01 -0.91162447E-01
 -0.19100894E-01  0.36941505E-01 -0.84382320E-01
 -0.18642878E-01  0.37375023E-01 -0.77724243E-01
 -0.17904683E-01  0.37779670E-01 -0.71472164E-01
 -0.16935661E-01  0.38160870E-01 -0.65845253E-01
 -0.15799522E-01  0.38519882E-01 -0.60981675E-01
 -0.14568076E-01  0.38853389E-01 -0.56930094E-01
 -0.13314609E-01  0.39153497E-01 -0.53649444E-01
 -0.12107474E-01  0.39408109E-01 -0.51016746E-01
 -0.11004456E-01  0.39601670E-01 -0.48842063E-01
 -0.10048379E-01  0.39716199E-01 -0.46889101E-01
 -0.92642934E-02  0.39732537E-01 -0.44899489E-01
 -0.86584558E-02  0.39631700E-01 -0.42618479E-01
 -0.82191119E-02  0.39396236E-01 -0.39819738E-01
 -0.79189681E-02  0.39011479E-01 -0.36327000E-01
 -0.77190614E-02  0.38466595E-01 -0.32030677E-01
 -0.75736294E-02  0.37755351E-01 -0.26897985E-01
 -0.74354933E-02  0.36876556E-01 -0.20975734E-01
 -0.72614292E-02  0.35834139E-01 -0.14385622E-01
 -0.70170116E-02  0.34636887E-01 -0.73125110E-02
 -0.66804660E-02  0.33297855E-01  0.13167288E-04
  0.11498581E-01 -0.14803891E-02 -0.16366001E-04
  0.12161237E-01 -0.13505836E-02 -0.64404175E-02
  0.12603853E-01 -0.12155996E-02 -0.12464821E-01
  0.12847100E-01 -0.10762766E-02 -0.17831103E-01
  0.12936802E-01 -0.93388263E-03 -0.22344453E-01
  0.12937733E-01 -0.78945213E-03 -0.25894088E-01
  0.12925368E-01 -0.64314427E-03 -0.28465660E-01
  0.12976441E-01 -0.49370576E-03 -0.30144437E-01
  0.13159252E-01 -0.33811584E-03 -0.31108832E-01
  0.13524723E-01 -0.17147368E-03 -0.31614770E-01
  0.14099121E-01  0.12836805E-04 -0.31972235E-01
  0.14879218E-01  0.22270182E-03 -0.32516065E-01
  0.15830439E-01  0.46658358E-03 -0.33573660E-01
  0.16888241E-01  0.75264167E-03 -0.35432544E-01
  0.17962697E-01  0.10877618E-02 -0.38310807E-01
  0.18945908E-01  0.14766017E-02 -0.42333218E-01
  0.19721623E-01  0.19207688E-02 -0.47515318E-01
  0.20176197E-01  0.24182388E-02 -0.53757126E-01
  0.20209878E-01  0.29630993E-02 -0.60847216E-01
  0.19747373E-01  0.35456747E-02 -0.68477011E-01
  0.18746662E-01  0.41530445E-02 -0.76264228E-01
  0.17205175E-01  0.47699279E-02 -0.83783525E-01
  0.15162687E-01  0.53798626E-02 -0.90601797E-01
  0.12700528E-01  0.59665730E-02 -0.96315051E-01
  0.99370826E-02  0.65153990E-02 -0.10058366E+00
  0.70198399E-02  0.70146441E-02 -0.10316287E+00
  0.41146084E-02  0.74567067E-02 -0.10392587E+00
  0.13927461E-02  0.78388777E-02 -0.10287720E+00
 -0.98252984E-03  0.81637171E-02 -0.10015541E+00
 -0.28696006E-02  0.84389612E-02 -0.96024389E-01
 -0.41605086E-02  0.86769609E-02 -0.90854153E-01
 -0.47905693E-02  0.88936913E-02 -0.85092496E-01
 -0.47446692E-02  0.91074189E-02 -0.79229895E-01
 -0.40596550E-02  0.93371412E-02 -0.73760532E-01
 -0.28225477E-02  0.96009378E-02 -0.69142675E-01
 -0.11646627E-02  0.99143797E-02 -0.65761729E-01
  0.74793796E-03  0.10289137E-01 -0.63899010E-01
  0.27269236E-02  0.10731911E-01 -0.63708860E-01
  0.45761171E-02  0.11243778E-01 -0.65205981E-01
  0.61067079E-02  0.11820015E-01 -0.68264035E-01
  0.71520301E-02  0.12450408E-01 -0.72625618E-01
  0.75807140E-02  0.13120022E-01 -0.77922755E-01
  0.73071468E-02  0.13810370E-01 -0.83706239E-01
  0.62983975E-02  0.14500876E-01 -0.89481385E-01
  0.45770485E-02  0.15170503E-01 -0.94747286E-01
  0.22197072E-02  0.15799424E-01 -0.99036378E-01
 -0.64867867E-03  0.16370572E-01 -0.10195115E+00
 -0.38642412E-02  0.16870973E-01 -0.10319505E+00
 -0.72365900E-02  0.17292723E-01 -0.10259523E+00
 -0.10563196E-01  0.17633554E-01 -0.10011534E+00
 -0.40042807E-01  0.48167615E-02 -0.16228607E+00
 -0.41580034E-01  0.66762550E-02 -0.15611065E+00
 -0.42563018E-01  0.84045866E-02 -0.14869608E+00
 -0.42887016E-01  0.10027189E-01 -0.14046770E+00
 -0.42496561E-01  0.11573313E-01 -0.13190102E+00
 -0.41389086E-01  0.13073705E-01 -0.12348505E+00
 -0.39614391E-01  0.14558252E-01 -0.11568517E+00
 -0.37270063E-01  0.16053789E-01 -0.10890850E+00
 -0.34493299E-01  0.17582223E-01 -0.10347455E+00
 -0.31449826E-01  0.19159130E-01 -0.99593232E-01
 -0.28320859E-01  0.20792895E-01 -0.97351903E-01
 -0.25289159E-01  0.22484451E-01 -0.96712176E-01
 -0.22525300E-01  0.24227613E-01 -0.97516588E-01
 -0.20175228E-01  0.26009944E-01 -0.99504300E-01
 -0.18350047E-01  0.27814068E-01 -0.10233436E+00
 -0.17118785E-01  0.29619306E-01 -0.10561450E+00
 -0.16504627E-01  0.31403479E-01 -0.10893295E+00
 -0.16484809E-01  0.33144747E-01 -0.11189078E+00
 -0.16994083E-01  0.34823308E-01 -0.11413197E+00
 -0.17931365E-01  0.36422849E-01 -0.11536907E+00
 -0.19168938E-01  0.37931623E-01 -0.11540232E+00
 -0.20563389E-01  0.39343085E-01 -0.11413107E+00
 -0.21967359E-01  0.40656050E-01 -0.11155671E+00
 -0.23241117E-01  0.41874372E-01 -0.10777713E+00
 -0.24263039E-01  0.43006184E-01 -0.10297358E+00
 -0.24938186E-01  0.44062775E-01 -0.97391115E-01
 -0.25204345E-01  0.45057203E-01 -0.91314568E-01
 -0.25035134E-01  0.46002767E-01 -0.85042182E-01
 -0.24440044E-01  0.46911461E-01 -0.78859197E-01
 -0.23461511E-01  0.47792544E-01 -0.73013640E-01
 -0.22169413E-01  0.48651339E-01 -0.67696316E-01
 -0.20653537E-01  0.49488360E-01 -0.63026588E-01
 -0.19014748E-01  0.50298831E-01 -0.59045003E-01
 -0.17355682E-01  0.51072637E-01 -0.55713211E-01
 -0.15771768E-01  0.51794714E-01 -0.52920982E-01
 -0.14343370E-01  0.52445828E-01 -0.50499514E-01
 -0.13129690E-01  0.53003704E-01 -0.48239705E-01
 -0.12164902E-01  0.53444389E-01 -0.45913654E-01
 -0.11456797E-01  0.53743768E-01 -0.43297383E-01
 -0.10987964E-01  0.53879088E-01 -0.40192728E-01
 -0.10719304E-01  0.53830398E-01 -0.36446441E-01
 -0.10595500E-01  0.53581789E-01 -0.31964796E-01
 -0.10551856E-01  0.53122344E-01 -0.26722453E-01
 -0.10521824E-01  0.52446750E-01 -0.20764832E-01
 -0.10444500E-01  0.51555524E-01 -0.14203836E-01
 -0.10271350E-01  0.50454873E-01 -0.72073848E-02
 -0.99715469E-02  0.49156200E-01  0.16249888E-04
  0.15810450E-01 -0.26374519E-02 -0.17287642E-04
  0.16180095E-01 -0.25933771E-02 -0.61722722E-02
  0.16297427E-01 -0.25439455E-02 -0.11968950E-01
  0.16204882E-01 -0.24879512E-02 -0.17191381E-01
  0.15972946E-01 -0.24247986E-02 -0.21678064E-01
  0.15691803E-01 -0.23538982E-02 -0.25338613E-01
  0.15460755E-01 -0.22740561E-02 -0.28163738E-01
  0.15376466E-01 -0.21829426E-02 -0.30227502E-01
  0.15521215E-01 -0.20767208E-02 -0.31681548E-01
  0.15952335E-01 -0.19499026E-02 -0.32741710E-01
  0.16693927E-01 -0.17954721E-02 -0.33668175E-01
  0.17731745E-01 -0.16052872E-02 -0.34740936E-01
  0.19011827E-01 -0.13707331E-02 -0.36232751E-01
  0.20443137E-01 -0.10835697E-02 -0.38382099E-01
  0.21904070E-01 -0.73688330E-03 -0.41368614E-01
  0.23252319E-01 -0.32603457E-03 -0.45293340E-01
  0.24337285E-01  0.15051282E-03 -0.50165700E-01
  0.25013907E-01  0.69059319E-03 -0.55898519E-01
  0.25156697E-01  0.12880591E-02 -0.62311702E-01
  0.24672649E-01  0.19328793E-02 -0.69144432E-01
  0.23511803E-01  0.26116337E-02 -0.76074942E-01
  0.21674413E-01  0.33083791E-02 -0.82746254E-01
  0.19213965E-01  0.40058200E-02 -0.88795711E-01
  0.16235615E-01  0.46866805E-02 -0.93885766E-01
  0.12890063E-01  0.53351476E-02 -0.97733330E-01
  0.93632503E-02  0.59382475E-02 -0.10013512E+00
  0.58626587E-02  0.64870137E-02 -0.10098670E+00
  0.26013111E-02  0.69773302E-02 -0.10029356E+00
 -0.21921513E-03  0.74103573E-02 -0.98173045E-01
 -0.24253326E-02  0.77924900E-02 -0.94847011E-01
 -0.38861348E-02  0.81348457E-02 -0.90625605E-01
 -0.45249552E-02  0.84523191E-02 -0.85883543E-01
 -0.43267668E-02  0.87622868E-02 -0.81030776E-01
 -0.33407318E-02  0.90830764E-02 -0.76479984E-01
 -0.16776139E-02  0.94323372E-02 -0.72613603E-01
  0.49780818E-03  0.98254564E-02 -0.69753097E-01
  0.29787676E-02  0.10274165E-01 -0.68133066E-01
  0.55320460E-02  0.10785452E-01 -0.67882303E-01
  0.79157921E-02  0.11360891E-01 -0.69013387E-01
  0.98982005E-02  0.11996420E-01 -0.71421646E-01
  0.11275553E-01  0.12682620E-01 -0.74893575E-01
  0.11888175E-01  0.13405429E-01 -0.79123987E-01
  0.11633021E-01  0.14147272E-01 -0.83740483E-01
  0.10471883E-01  0.14888463E-01 -0.88333219E-01
  0.84345753E-02  0.15608799E-01 -0.92487541E-01
  0.56168324E-02  0.16289180E-01 -0.95816846E-01
  0.21731163E-02  0.16913136E-01 -0.97993020E-01
 -0.16950918E-02  0.17468130E-01 -0.98772041E-01
 -0.57545671E-02  0.17946525E-01 -0.98012750E-01
 -0.97579633E-02  0.18346152E-01 -0.95687363E-01
 -0.50308981E-01  0.38941227E-03 -0.15798467E+00
 -0.52074078E-01  0.28213965E-02 -0.15266026E+00
 -0.53160417E-01  0.51058897E-02 -0.14629050E+00
 -0.53442464E-01  0.72694694E-02 -0.13923085E+00
 -0.52854786E-01  0.93429458E-02 -0.13187831E+00
 -0.51396302E-01  0.11358899E-01 -0.12464087E+00
 -0.49129467E-01  0.13349175E-01 -0.11790666E+00
 -0.46174562E-01  0.15342548E-01 -0.11201519E+00
 -0.42699632E-01  0.17362723E-01 -0.10723299E+00
 -0.38906944E-01  0.19426826E-01 -0.10373534E+00
 -0.35017107E-01  0.21544480E-01 -0.10159552E+00
 -0.31252144E-01  0.23717509E-01 -0.10078226E+00
 -0.27818869E-01  0.25940270E-01 -0.10116522E+00
 -0.24893865E-01  0.28200548E-01 -0.10252809E+00
 -0.22611208E-01  0.30480929E-01 -0.10458793E+00
 -0.21053811E-01  0.32760503E-01 -0.10701904E+00
 -0.20248987E-01  0.35016759E-01 -0.10947940E+00
 -0.20168447E-01  0.37227499E-01 -0.11163745E+00
 -0.20732602E-01  0.39372627E-01 -0.11319707E+00
 -0.21818705E-01  0.41435656E-01 -0.11391879E+00
 -0.23272042E-01  0.43404838E-01 -0.11363565E+00
 -0.24919203E-01  0.45273821E-01 -0.11226261E+00
 -0.26582280E-01  0.47041802E-01 -0.10979895E+00
 -0.28092838E-01  0.48713178E-01 -0.10632367E+00
 -0.29304523E-01  0.50296732E-01 -0.10198454E+00
 -0.30103351E-01  0.51804435E-01 -0.96981938E-01
 -0.30414918E-01  0.53249968E-01 -0.91548907E-01
 -0.30208066E-01  0.54647094E-01 -0.85929361E-01
 -0.29494844E-01  0.56008006E-01 -0.80356246E-01
 -0.28326910E-01  0.57341806E-01 -0.75031558E-01
 -0.26788830E-01  0.58653214E-01 -0.70109860E-01
 -0.24988959E-01  0.59941628E-01 -0.65686623E-01
 -0.23048787E-01  0.61200601E-01 -0.61792248E-01
 -0.21091722E-01  0.62417780E-01 -0.58392137E-01
 -0.19232305E-01  0.63575302E-01 -0.55392652E-01
 -0.17566790E-01  0.64650630E-01 -0.52652284E-01
 -0.16165845E-01  0.65617741E-01 -0.49996917E-01
 -0.15069973E-01  0.66448596E-01 -0.47237748E-01
 -0.14287927E-01  0.67114766E-01 -0.44190199E-01
 -0.13798186E-01  0.67589090E-01 -0.40692105E-01
 -0.13553229E-01  0.67847253E-01 -0.36619544E-01
 -0.13486136E-01  0.67869166E-01 -0.31898922E-01
 -0.13518817E-01  0.67640056E-01 -0.26514247E-01
 -0.13571060E-01  0.67151199E-01 -0.20508983E-01
 -0.13569514E-01  0.66400265E-01 -0.13982368E-01
 -0.13455737E-01  0.65391274E-01 -0.70805697E-02
 -0.13192558E-01  0.64134177E-01  0.16486031E-04
  0.20364003E-01 -0.41635928E-02 -0.15457406E-04
  0.20440137E-01 -0.42061985E-02 -0.58675199E-02
  0.20246784E-01 -0.42443252E-02 -0.11426604E-01
  0.19844027E-01 -0.42742316E-02 -0.16523173E-01
  0.19320785E-01 -0.42927782E-02 -0.21030485E-01
  0.18784999E-01 -0.42969477E-02 -0.24877318E-01
  0.18351597E-01 -0.42833447E-02 -0.28055500E-01
  0.18129391E-01 -0.42477541E-02 -0.30621469E-01
  0.18208216E-01 -0.41848347E-02 -0.32691640E-01
  0.18647594E-01 -0.40880118E-02 -0.34431924E-01
  0.19468093E-01 -0.39496103E-02 -0.36042300E-01
  0.20646311E-01 -0.37612388E-02 -0.37737797E-01
  0.22114072E-01 -0.35144059E-02 -0.39727600E-01
  0.23762063E-01 -0.32013123E-02 -0.42194194E-01
  0.25447693E-01 -0.28157385E-02 -0.45274464E-01
  0.27006575E-01 -0.23539247E-02 -0.49044547E-01
  0.28266665E-01 -0.18153349E-02 -0.53509878E-01
  0.29063828E-01 -0.12031990E-02 -0.58601463E-01
  0.29257438E-01 -0.52474766E-03 -0.64178823E-01
  0.28744575E-01  0.20891725E-03 -0.70039484E-01
  0.27471477E-01  0.98333414E-03 -0.75934301E-01
  0.25441120E-01  0.17815521E-02 -0.81587328E-01
  0.22716130E-01  0.25852954E-02 -0.86718599E-01
  0.19416607E-01  0.33763217E-02 -0.91067829E-01
  0.15712905E-01  0.41378505E-02 -0.94416983E-01
  0.11813845E-01  0.48559232E-02 -0.96609736E-01
  0.79512684E-02  0.55205630E-02 -0.97566075E-01
  0.43621447E-02  0.61266139E-02 -0.97290721E-01
  0.12697096E-02  0.66741752E-02 -0.95874576E-01
 -0.11347885E-02  0.71685773E-02 -0.93488983E-01
 -0.27081878E-02  0.76198974E-02 -0.90373211E-01
 -0.33679652E-02  0.80420504E-02 -0.86816175E-01
 -0.31001343E-02  0.84515355E-02 -0.83133870E-01
 -0.19617576E-02  0.88659491E-02 -0.79644395E-01
 -0.77787648E-04  0.93023971E-02 -0.76642631E-01
  0.23675791E-02  0.97759475E-02 -0.74376674E-01
  0.51443933E-02  0.10298261E-01 -0.73027989E-01
  0.79942433E-02  0.10876522E-01 -0.72696921E-01
  0.10649978E-01  0.11512755E-01 -0.73394753E-01
  0.12856292E-01  0.12203596E-01 -0.75042959E-01
  0.14389528E-01  0.12940527E-01 -0.77479699E-01
  0.15075112E-01  0.13710550E-01 -0.80473010E-01
  0.14801219E-01  0.14497251E-01 -0.83739581E-01
  0.13527595E-01  0.15282141E-01 -0.86967579E-01
  0.11288830E-01  0.16046178E-01 -0.89841654E-01
  0.81918337E-02  0.16771323E-01 -0.92068083E-01
  0.44077402E-02  0.17442008E-01 -0.93398056E-01
  0.15889256E-03  0.18046392E-01 -0.93647234E-01
 -0.42980314E-02  0.18577296E-01 -0.92710062E-01
 -0.86914093E-02  0.19032754E-01 -0.90567756E-01
 -0.58940995E-01 -0.34456188E-02 -0.15300485E+00
 -0.60764787E-01 -0.49421966E-03 -0.14867015E+00
 -0.61839047E-01  0.22994154E-02 -0.14351082E+00
 -0.62028252E-01  0.49619422E-02 -0.13780188E+00
 -0.61262731E-01  0.75245097E-02 -0.13185010E+00
 -0.59543207E-01  0.10020243E-01 -0.12597058E+00
 -0.56939799E-01  0.12481682E-01 -0.12046309E+00
 -0.53585675E-01  0.14938379E-01 -0.11558998E+00
 -0.49665956E-01  0.17414850E-01 -0.11155749E+00
 -0.45402854E-01  0.19929020E-01 -0.10850170E+00
 -0.41038265E-01  0.22491264E-01 -0.10648031E+00
 -0.36815260E-01  0.25104092E-01 -0.10547061E+00
 -0.32959949E-01  0.27762471E-01 -0.10537373E+00
 -0.29665116E-01  0.30454725E-01 -0.10602464E+00
 -0.27076871E-01  0.33163917E-01 -0.10720693E+00
 -0.25285299E-01  0.35869568E-01 -0.10867110E+00
 -0.24319693E-01  0.38549573E-01 -0.11015481E+00
 -0.24148660E-01  0.41182132E-01 -0.11140339E+00
 -0.24684895E-01  0.43747551E-01 -0.11218888E+00
 -0.25794135E-01  0.46229761E-01 -0.11232632E+00
 -0.27307429E-01  0.48617443E-01 -0.11168588E+00
 -0.29035637E-01  0.50904679E-01 -0.11020001E+00
 -0.30784923E-01  0.53091081E-01 -0.10786528E+00
 -0.32371971E-01  0.55181418E-01 -0.10473887E+00
 -0.33637690E-01  0.57184763E-01 -0.10093023E+00
 -0.34458384E-01  0.59113249E-01 -0.96588663E-01
 -0.34753540E-01  0.60980547E-01 -0.91888172E-01
 -0.34489762E-01  0.62800191E-01 -0.87010820E-01
 -0.33680661E-01  0.64583880E-01 -0.82130104E-01
 -0.32382885E-01  0.66339915E-01 -0.77395769E-01
 -0.30688778E-01  0.68071879E-01 -0.72921327E-01
 -0.28716423E-01  0.69777678E-01 -0.68775276E-01
 -0.26598034E-01  0.71449012E-01 -0.64976679E-01
 -0.24467755E-01  0.73071321E-01 -0.61495398E-01
 -0.22449945E-01  0.74624204E-01 -0.58256815E-01
 -0.20648958E-01  0.76082293E-01 -0.55150548E-01
 -0.19141252E-01  0.77416496E-01 -0.52042296E-01
 -0.17970446E-01  0.78595526E-01 -0.48787677E-01
 -0.17145651E-01  0.79587602E-01 -0.45246816E-01
 -0.16643104E-01  0.80362186E-01 -0.41298332E-01
 -0.16410852E-01  0.80891649E-01 -0.36851484E-01
 -0.16375942E-01  0.81152732E-01 -0.31855395E-01
 -0.16453374E-01  0.81127726E-01 -0.26304550E-01
 -0.16555924E-01  0.80805283E-01 -0.20240085E-01
 -0.16603880E-01  0.80180844E-01 -0.13746799E-01
 -0.16533755E-01  0.79256657E-01 -0.69461685E-02
 -0.16305163E-01  0.78041422E-01  0.13989254E-04
  0.25053552E-01 -0.59547617E-02 -0.11147372E-04
  0.24871470E-01 -0.60719288E-02 -0.55473605E-02
  0.24417658E-01 -0.61856103E-02 -0.10873557E-01
  0.23763575E-01 -0.62894229E-02 -0.15866961E-01
  0.23008342E-01 -0.63774423E-02 -0.20434537E-01
  0.22268327E-01 -0.64438894E-02 -0.24521806E-01
  0.21664627E-01 -0.64827938E-02 -0.28118071E-01
  0.21309677E-01 -0.64876981E-02 -0.31257535E-01
  0.21294262E-01 -0.64514725E-02 -0.34016143E-01
  0.21676268E-01 -0.63662922E-02 -0.36504401E-01
  0.22472289E-01 -0.62238138E-02 -0.38856777E-01
  0.23653021E-01 -0.60155617E-02 -0.41218626E-01
  0.25142994E-01 -0.57335048E-02 -0.43731816E-01
  0.26824810E-01 -0.53707741E-02 -0.46520361E-01
  0.28547640E-01 -0.49224504E-02 -0.49677401E-01
  0.30139318E-01 -0.43863274E-02 -0.53254735E-01
  0.31421027E-01 -0.37635558E-02 -0.57255925E-01
  0.32223313E-01 -0.30590712E-02 -0.61633665E-01
  0.32401991E-01 -0.22817323E-02 -0.66291734E-01
  0.31852498E-01 -0.14441183E-02 -0.71091434E-01
  0.30521349E-01 -0.56197275E-03 -0.75862045E-01
  0.28413570E-01  0.34668244E-03 -0.80414401E-01
  0.25595329E-01  0.12626990E-02 -0.84556476E-01
  0.22191382E-01  0.21671266E-02 -0.88109605E-01
  0.18377406E-01  0.30425911E-02 -0.90923954E-01
  0.14367748E-01  0.38745979E-02 -0.92891863E-01
  0.10399509E-01  0.46526356E-02 -0.93957880E-01
  0.67142435E-02  0.53709693E-02 -0.94124567E-01
  0.35387605E-02  0.60290426E-02 -0.93453549E-01
  0.10666377E-02  0.66314435E-02 -0.92061638E-01
 -0.55800157E-03  0.71874290E-02 -0.90112338E-01
 -0.12530455E-02  0.77100472E-02 -0.87803390E-01
 -0.10061870E-02  0.82149323E-02 -0.85351399E-01
  0.12276401E-03  0.87188786E-02 -0.82974792E-01
  0.20053138E-02  0.92383185E-02 -0.80876539E-01
  0.44532526E-02  0.97878409E-02 -0.79228065E-01
  0.72324875E-02  0.10378878E-01 -0.78155690E-01
  0.10080665E-01  0.11018675E-01 -0.77730712E-01
  0.12727191E-01  0.11709631E-01 -0.77963962E-01
  0.14914056E-01  0.12449067E-01 -0.78805246E-01
  0.16415807E-01  0.13229428E-01 -0.80147739E-01
  0.17057062E-01  0.14038919E-01 -0.81836921E-01
  0.16726187E-01  0.14862487E-01 -0.83683332E-01
  0.15384032E-01  0.15683090E-01 -0.85478083E-01
  0.13067067E-01  0.16483124E-01 -0.87009842E-01
  0.98846595E-02  0.17245887E-01 -0.88081932E-01
  0.60107507E-02  0.17956967E-01 -0.88528150E-01
  0.16706064E-02  0.18605427E-01 -0.88226056E-01
 -0.28762887E-02  0.19184689E-01 -0.87106696E-01
 -0.63474227E-01 -0.10160023E-01 -0.15025721E+00
 -0.65755662E-01 -0.65708572E-02 -0.14772526E+00
 -0.67464418E-01 -0.31621599E-02 -0.14444320E+00
 -0.68409813E-01  0.84904480E-04 -0.14056557E+00
 -0.68457572E-01  0.31959839E-02 -0.13628311E+00
 -0.67539651E-01  0.62013227E-02 -0.13180825E+00
 -0.65658745E-01  0.91332809E-02 -0.12735910E+00
 -0.62887220E-01  0.12023803E-01 -0.12314328E+00
 -0.59360670E-01  0.14902042E-01 -0.11934280E+00
 -0.55266701E-01  0.17792332E-01 -0.11610121E+00
 -0.50829939E-01  0.20712638E-01 -0.11351405E+00
 -0.46294506E-01  0.23673601E-01 -0.11162308E+00
 -0.41905402E-01  0.26678219E-01 -0.11041489E+00
 -0.37890287E-01  0.29722142E-01 -0.10982373E+00
 -0.34443062E-01  0.32794554E-01 -0.10973825E+00
 -0.31710511E-01  0.35879511E-01 -0.11001159E+00
 -0.29782954E-01  0.38957623E-01 -0.11047377E+00
 -0.28689541E-01  0.42007919E-01 -0.11094550E+00
 -0.28398417E-01  0.45009727E-01 -0.11125209E+00
 -0.28821594E-01  0.47944424E-01 -0.11123650E+00
 -0.29823998E-01  0.50796906E-01 -0.11077036E+00
 -0.31235835E-01  0.53556668E-01 -0.10976225E+00
 -0.32867182E-01  0.56218410E-01 -0.10816261E+00
 -0.34523550E-01  0.58782140E-01 -0.10596499E+00
 -0.36021153E-01  0.61252774E-01 -0.10320372E+00
 -0.37200646E-01  0.63639262E-01 -0.99948168E-01
 -0.37938293E-01  0.65953345E-01 -0.96294470E-01
 -0.38153746E-01  0.68208028E-01 -0.92355186E-01
 -0.37813944E-01  0.70415909E-01 -0.88248085E-01
 -0.36932954E-01  0.72587507E-01 -0.84084931E-01
 -0.35567947E-01  0.74729704E-01 -0.79961274E-01
 -0.33811799E-01  0.76844461E-01 -0.75948102E-01
 -0.31783092E-01  0.78927873E-01 -0.72086035E-01
 -0.29614454E-01  0.80969675E-01 -0.68382517E-01
 -0.27440331E-01  0.82953210E-01 -0.64812174E-01
 -0.25385258E-01  0.84855880E-01 -0.61320254E-01
 -0.23553638E-01  0.86650043E-01 -0.57828783E-01
 -0.22021860E-01  0.88304284E-01 -0.54244829E-01
 -0.20833384E-01  0.89784969E-01 -0.50470128E-01
 -0.19997095E-01  0.91057974E-01 -0.46411170E-01
 -0.19488980E-01  0.92090449E-01 -0.41988835E-01
 -0.19256834E-01  0.92852510E-01 -0.37146731E-01
 -0.19227482E-01  0.93318738E-01 -0.31857464E-01
 -0.19315753E-01  0.93469392E-01 -0.26126306E-01
 -0.19434304E-01  0.93291262E-01 -0.19991927E-01
 -0.19503362E-01  0.92778139E-01 -0.13524132E-01
 -0.19459418E-01  0.91930882E-01 -0.68188170E-02
 -0.19262083E-01  0.90757110E-01  0.94135497E-05
  0.29720555E-01 -0.78448752E-02 -0.50320593E-05
  0.29344146E-01 -0.80133298E-02 -0.52336763E-02
  0.28707647E-01 -0.81782138E-02 -0.10344009E-01
  0.27886269E-01 -0.83307963E-02 -0.15257163E-01
  0.26980096E-01 -0.84626165E-02 -0.19910712E-01
  0.26103940E-01 -0.85653470E-02 -0.24263871E-01
  0.25375361E-01 -0.86306366E-02 -0.28300707E-01
  0.24901986E-01 -0.86499828E-02 -0.32031036E-01
  0.24769361E-01 -0.86146867E-02 -0.35488925E-01
  0.25030546E-01 -0.85159325E-02 -0.38728883E-01
  0.25698512E-01 -0.83450191E-02 -0.41820102E-01
  0.26742153E-01 -0.80937502E-02 -0.44839246E-01
  0.28086429E-01 -0.77549638E-02 -0.47862445E-01
  0.29616742E-01 -0.73231593E-02 -0.50957219E-01
  0.31187289E-01 -0.67951585E-02 -0.54175085E-01
  0.32632740E-01 -0.61707224E-02 -0.57545537E-01
  0.33782272E-01 -0.54530400E-02 -0.61071970E-01
  0.34474756E-01 -0.46490115E-02 -0.64729950E-01
  0.34573751E-01 -0.37692622E-02 -0.68468042E-01
  0.33980941E-01 -0.28278485E-02 -0.72211134E-01
  0.32646766E-01 -0.18416498E-02 -0.75866034E-01
  0.30577221E-01 -0.82947250E-03 -0.79328843E-01
  0.27836094E-01  0.18907403E-03 -0.82493499E-01
  0.24542328E-01  0.11948394E-02 -0.85260735E-01
  0.20862593E-01  0.21704255E-02 -0.87546679E-01
  0.16999575E-01  0.31013933E-02 -0.89290335E-01
  0.13176893E-01  0.39772705E-02 -0.90459266E-01
  0.96218280E-02  0.47922609E-02 -0.91052986E-01
  0.65472817E-02  0.55455852E-02 -0.91103722E-01
  0.41344653E-02  0.62414140E-02 -0.90674471E-01
  0.25177742E-02  0.68883920E-02 -0.89854482E-01
  0.17731438E-02  0.74987915E-02 -0.88752537E-01
  0.19109024E-02  0.80873672E-02 -0.87488580E-01
  0.28737749E-02  0.86700098E-02 -0.86184393E-01
  0.45402647E-02  0.92623173E-02 -0.84954093E-01
  0.67332012E-02  0.98782068E-02 -0.83895247E-01
  0.92328086E-02  0.10528688E-01 -0.83081336E-01
  0.11793280E-01  0.11220898E-01 -0.82556206E-01
  0.14161544E-01  0.11957490E-01 -0.82330941E-01
  0.16096743E-01  0.12736408E-01 -0.82383425E-01
  0.17388851E-01  0.13551072E-01 -0.82660610E-01
  0.17874970E-01  0.14390964E-01 -0.83083299E-01
  0.17451996E-01  0.15242530E-01 -0.83553021E-01
  0.16084658E-01  0.16090353E-01 -0.83960455E-01
  0.13808308E-01  0.16918468E-01 -0.84194673E-01
  0.10726254E-01  0.17711716E-01 -0.84152469E-01
  0.70018802E-02  0.18457024E-01 -0.83747010E-01
  0.28461880E-02  0.19144500E-01 -0.82915124E-01
 -0.14982178E-02  0.19768250E-01 -0.81622645E-01
 -0.68684378E-01 -0.12865912E-01 -0.14429898E+00
 -0.70670367E-01 -0.88922495E-02 -0.14252243E+00
 -0.72107953E-01 -0.50948447E-02 -0.14027978E+00
 -0.72822222E-01 -0.14567111E-02 -0.13766049E+00
 -0.72690645E-01  0.20457892E-02 -0.13477404E+00
 -0.71652216E-01  0.54408458E-02 -0.13174196E+00
 -0.69711627E-01  0.87588401E-02 -0.12868896E+00
 -0.66938263E-01  0.12029931E-01 -0.12573402E+00
 -0.63460165E-01  0.15281789E-01 -0.12298192E+00
 -0.59453575E-01  0.18537645E-01 -0.12051608E+00
 -0.55128956E-01  0.21814813E-01 -0.11839320E+00
 -0.50714661E-01  0.25123763E-01 -0.11663994E+00
 -0.46439608E-01  0.28467796E-01 -0.11525207E+00
 -0.42516324E-01  0.31843325E-01 -0.11419588E+00
 -0.39125692E-01  0.35240685E-01 -0.11341187E+00
 -0.36404546E-01  0.38645395E-01 -0.11282019E+00
 -0.34437014E-01  0.42039743E-01 -0.11232742E+00
 -0.33250196E-01  0.45404534E-01 -0.11183414E+00
 -0.32814355E-01  0.48720860E-01 -0.11124256E+00
 -0.33047515E-01  0.51971736E-01 -0.11046372E+00
 -0.33823913E-01  0.55143471E-01 -0.10942354E+00
 -0.34985547E-01  0.58226661E-01 -0.10806740E+00
 -0.36355767E-01  0.61216732E-01 -0.10636288E+00
 -0.37753777E-01  0.64114006E-01 -0.10430052E+00
 -0.39008830E-01  0.66923275E-01 -0.10189252E+00
 -0.39972994E-01  0.69652946E-01 -0.99169733E-01
 -0.40531525E-01  0.72313821E-01 -0.96177125E-01
 -0.40610066E-01  0.74917618E-01 -0.92968238E-01
 -0.40178245E-01  0.77475366E-01 -0.89599124E-01
 -0.39249493E-01  0.79995791E-01 -0.86122327E-01
 -0.37877275E-01  0.82483846E-01 -0.82581442E-01
 -0.36148191E-01  0.84939481E-01 -0.79006734E-01
 -0.34172654E-01  0.87356776E-01 -0.75412174E-01
 -0.32074057E-01  0.89723489E-01 -0.71794153E-01
 -0.29977399E-01  0.92021068E-01 -0.68131971E-01
 -0.27998403E-01  0.94225125E-01 -0.64390014E-01
 -0.26234023E-01  0.96306346E-01 -0.60521453E-01
 -0.24755155E-01  0.98231756E-01 -0.56473078E-01
 -0.23602082E-01  0.99966264E-01 -0.52190866E-01
 -0.22782973E-01  0.10147437E+00 -0.47625758E-01
 -0.22275460E-01  0.10272190E+00 -0.42739137E-01
 -0.22031030E-01  0.10367769E+00 -0.37507505E-01
 -0.21981735E-01  0.10431507E+00 -0.31925948E-01
 -0.22048530E-01  0.10461306E+00 -0.26010058E-01
 -0.22150393E-01  0.10455725E+00 -0.19796137E-01
 -0.22213351E-01  0.10414025E+00 -0.13339651E-01
 -0.22178542E-01  0.10336184E+00 -0.67120491E-02
 -0.22008544E-01  0.10222868E+00  0.37788821E-05
  0.34183121E-01 -0.96407997E-02  0.19159604E-05
  0.33693386E-01 -0.98296277E-02 -0.49473278E-02
  0.32967223E-01 -0.10012643E-01 -0.98685212E-02
  0.32075656E-01 -0.10179408E-01 -0.14721226E-01
  0.31110611E-01 -0.10319617E-01 -0.19469064E-01
  0.30175875E-01 -0.10423109E-01 -0.24081811E-01
  0.29376542E-01 -0.10479879E-01 -0.28536943E-01
  0.28807944E-01 -0.10480102E-01 -0.32820508E-01
  0.28545136E-01 -0.10414205E-01 -0.36927230E-01
  0.28633973E-01 -0.10273043E-01 -0.40859882E-01
  0.29084685E-01 -0.10048165E-01 -0.44627948E-01
  0.29868637E-01 -0.97321941E-02 -0.48245743E-01
  0.30918690E-01 -0.93192968E-02 -0.51730135E-01
  0.32133243E-01 -0.88057026E-02 -0.55098100E-01
  0.33383703E-01 -0.81902250E-02 -0.58364333E-01
  0.34524795E-01 -0.74747188E-02 -0.61539124E-01
  0.35406877E-01 -0.66644049E-02 -0.64626720E-01
  0.35889183E-01 -0.57680025E-02 -0.67624297E-01
  0.35852846E-01 -0.47976202E-02 -0.70521657E-01
  0.35212504E-01 -0.37683776E-02 -0.73301676E-01
  0.33925442E-01 -0.26977601E-02 -0.75941451E-01
  0.31997357E-01 -0.16047338E-02 -0.78414065E-01
  0.29484172E-01 -0.50867851E-03 -0.80690787E-01
  0.26489605E-01  0.57178005E-03 -0.82743528E-01
  0.23158610E-01  0.16199436E-02 -0.84547312E-01
  0.19667136E-01  0.26221167E-02 -0.86082553E-01
  0.16208998E-01  0.35684860E-02 -0.87336921E-01
  0.12980896E-01  0.44537199E-02 -0.88306633E-01
  0.10166812E-01  0.52772279E-02 -0.88997053E-01
  0.79230815E-02  0.60430504E-02 -0.89422535E-01
  0.63653864E-02  0.67593810E-02 -0.89605533E-01
  0.55587823E-02  0.74377599E-02 -0.89575052E-01
  0.55116301E-02  0.80920023E-02 -0.89364562E-01
  0.61739788E-02  0.87369561E-02 -0.89009575E-01
  0.74405868E-02  0.93871902E-02 -0.88545072E-01
  0.91583840E-02  0.10055729E-01 -0.88003022E-01
  0.11137812E-01  0.10752939E-01 -0.87410184E-01
  0.13167157E-01  0.11485653E-01 -0.86786392E-01
  0.15028743E-01  0.12256623E-01 -0.86143448E-01
  0.16515697E-01  0.13064313E-01 -0.85484730E-01
  0.17447953E-01  0.13903083E-01 -0.84805519E-01
  0.17686224E-01  0.14763704E-01 -0.84094028E-01
  0.17142826E-01  0.15634191E-01 -0.83333024E-01
  0.15788510E-01  0.16500855E-01 -0.82501908E-01
  0.13654773E-01  0.17349490E-01 -0.81579069E-01
  0.10831478E-01  0.18166601E-01 -0.80544312E-01
  0.74599955E-02  0.18940558E-01 -0.79381153E-01
  0.37224402E-02  0.19662578E-01 -0.78078799E-01
 -0.17214105E-03  0.20327473E-01 -0.76633643E-01
 -0.72157870E-01 -0.14620819E-01 -0.13879973E+00
 -0.73696986E-01 -0.10341197E-01 -0.13773056E+00
 -0.74744680E-01 -0.62274022E-02 -0.13644554E+00
 -0.75154185E-01 -0.22649312E-02 -0.13497632E+00
 -0.74823415E-01  0.15670153E-02 -0.13336023E+00
 -0.73702829E-01  0.52936133E-02 -0.13163807E+00
 -0.71799043E-01  0.89422522E-02 -0.12985169E+00
 -0.69173970E-01  0.12540312E-01 -0.12804135E+00
 -0.65939661E-01  0.16113071E-01 -0.12624336E+00
 -0.62249327E-01  0.19681901E-01 -0.12448784E+00
 -0.58285331E-01  0.23262890E-01 -0.12279712E+00
 -0.54245174E-01  0.26865973E-01 -0.12118458E+00
 -0.50326615E-01  0.30494620E-01 -0.11965425E+00
 -0.46713119E-01  0.34146064E-01 -0.11820103E+00
 -0.43560767E-01  0.37812036E-01 -0.11681152E+00
 -0.40987623E-01  0.41479900E-01 -0.11546546E+00
 -0.39066331E-01  0.45134090E-01 -0.11413742E+00
 -0.37820419E-01  0.48757688E-01 -0.11279892E+00
 -0.37224517E-01  0.52334035E-01 -0.11142043E+00
 -0.37208323E-01  0.55848197E-01 -0.10997335E+00
 -0.37663906E-01  0.59288202E-01 -0.10843173E+00
 -0.38455650E-01  0.62645911E-01 -0.10677358E+00
 -0.39431952E-01  0.65917491E-01 -0.10498162E+00
 -0.40437687E-01  0.69103431E-01 -0.10304363E+00
 -0.41326410E-01  0.72208116E-01 -0.10095215E+00
 -0.41971321E-01  0.75239006E-01 -0.98703799E-01
 -0.42274158E-01  0.78205475E-01 -0.96298160E-01
 -0.42171377E-01  0.81117430E-01 -0.93736419E-01
 -0.41637210E-01  0.83983808E-01 -0.91019909E-01
 -0.40683505E-01  0.86811084E-01 -0.88148689E-01
 -0.39356465E-01  0.89601909E-01 -0.85120337E-01
 -0.37730707E-01  0.92353995E-01 -0.81929066E-01
 -0.35901258E-01  0.95059331E-01 -0.78565283E-01
 -0.33974237E-01  0.97703804E-01 -0.75015648E-01
 -0.32057103E-01  0.10026725E+00 -0.71263656E-01
 -0.30249307E-01  0.10272395E+00 -0.67290715E-01
 -0.28634163E-01  0.10504352E+00 -0.63077637E-01
 -0.27272596E-01  0.10719215E+00 -0.58606448E-01
 -0.26199251E-01  0.10913410E+00 -0.53862349E-01
 -0.25421220E-01  0.11083334E+00 -0.48835686E-01
 -0.24919401E-01  0.11225524E+00 -0.43523734E-01
 -0.24652274E-01  0.11336815E+00 -0.37932153E-01
 -0.24561670E-01  0.11414489E+00 -0.32075961E-01
 -0.24579913E-01  0.11456386E+00 -0.25979928E-01
 -0.24637644E-01  0.11460993E+00 -0.19678314E-01
 -0.24671551E-01  0.11427491E+00 -0.13213966E-01
 -0.24631265E-01  0.11355768E+00 -0.66368009E-02
 -0.24484784E-01  0.11246398E+00 -0.17737225E-05
  0.38270253E-01 -0.11162637E-01  0.85789803E-05
  0.37751632E-01 -0.11337740E-01 -0.47063656E-02
  0.37029681E-01 -0.11501999E-01 -0.94720661E-02
  0.36164070E-01 -0.11644151E-01 -0.14279166E-01
  0.35230717E-01 -0.11753040E-01 -0.19111949E-01
  0.34314517E-01 -0.11817752E-01 -0.23947960E-01
  0.33500913E-01 -0.11827738E-01 -0.28758274E-01
  0.32867115E-01 -0.11772939E-01 -0.33508420E-01
  0.32473806E-01 -0.11643949E-01 -0.38159903E-01
  0.32358130E-01 -0.11432228E-01 -0.42672232E-01
  0.32528691E-01 -0.11130374E-01 -0.47005275E-01
  0.32963088E-01 -0.10732468E-01 -0.51121772E-01
  0.33608296E-01 -0.10234455E-01 -0.54989774E-01
  0.34383949E-01 -0.96345502E-02 -0.58584793E-01
  0.35188317E-01 -0.89336118E-02 -0.61891487E-01
  0.35906510E-01 -0.81354449E-02 -0.64904699E-01
  0.36420226E-01 -0.72469736E-02 -0.67629742E-01
  0.36618215E-01 -0.62782412E-02 -0.70081900E-01
  0.36406537E-01 -0.52422023E-02 -0.72285148E-01
  0.35717694E-01 -0.41542908E-02 -0.74270180E-01
  0.34517786E-01 -0.30317700E-02 -0.76071895E-01
  0.32811015E-01 -0.18928945E-02 -0.77726530E-01
  0.30641066E-01 -0.75593573E-03 -0.79268683E-01
  0.28089160E-01  0.36185636E-03 -0.80728435E-01
  0.25268866E-01  0.14452749E-02 -0.82128850E-01
  0.22318042E-01  0.24820725E-02 -0.83484022E-01
  0.19388512E-01  0.34636903E-02 -0.84797862E-01
  0.16634320E-01  0.43857331E-02 -0.86063718E-01
  0.14199514E-01  0.52481404E-02 -0.87264879E-01
  0.12206464E-01  0.60550329E-02 -0.88375917E-01
  0.10745713E-01  0.68142417E-02 -0.89364787E-01
  0.98682085E-02  0.75365544E-02 -0.90195500E-01
  0.95805949E-02  0.82347390E-02 -0.90831184E-01
  0.98439940E-02  0.89224254E-02 -0.91237266E-01
  0.10576407E-01  0.96129384E-02 -0.91384541E-01
  0.11658583E-01  0.10318177E-01 -0.91251877E-01
  0.12942903E-01  0.11047635E-01 -0.90828330E-01
  0.14264596E-01  0.11807640E-01 -0.90114519E-01
  0.15454381E-01  0.12600870E-01 -0.89123128E-01
  0.16351548E-01  0.13426194E-01 -0.87878514E-01
  0.16816428E-01  0.14278830E-01 -0.86415430E-01
  0.16741258E-01  0.15150814E-01 -0.84776984E-01
  0.16058584E-01  0.16031733E-01 -0.83011970E-01
  0.14746543E-01  0.16909655E-01 -0.81171803E-01
  0.12830614E-01  0.17772181E-01 -0.79307272E-01
  0.10381715E-01  0.18607519E-01 -0.77465383E-01
  0.75108178E-02  0.19405501E-01 -0.75686514E-01
  0.43605198E-02  0.20158455E-01 -0.74002117E-01
 -0.72645626E-01 -0.20045014E-01 -0.13449332E+00
 -0.73924350E-01 -0.15382810E-01 -0.13405496E+00
 -0.74927011E-01 -0.10875509E-01 -0.13360751E+00
 -0.75518381E-01 -0.65185986E-02 -0.13314418E+00
 -0.75588539E-01 -0.23004956E-02 -0.13264998E+00
 -0.75061925E-01  0.17961657E-02 -0.13210391E+00
 -0.73903514E-01  0.57928518E-02 -0.13148151E+00
 -0.72121689E-01  0.97132190E-02 -0.13075756E+00
 -0.69767619E-01  0.13581140E-01 -0.12990866E+00
 -0.66931275E-01  0.17418839E-01 -0.12891569E+00
 -0.63734468E-01  0.21245273E-01 -0.12776564E+00
 -0.60321509E-01  0.25074890E-01 -0.12645304E+00
 -0.56848288E-01  0.28916837E-01 -0.12498056E+00
 -0.53470682E-01  0.32774648E-01 -0.12335898E+00
 -0.50333205E-01  0.36646432E-01 -0.12160641E+00
 -0.47558801E-01  0.40525488E-01 -0.11974687E+00
 -0.45240555E-01  0.44401289E-01 -0.11780838E+00
 -0.43435928E-01  0.48260727E-01 -0.11582069E+00
 -0.42163888E-01  0.52089494E-01 -0.11381278E+00
 -0.41405094E-01  0.55873471E-01 -0.11181045E+00
 -0.41105024E-01  0.59600015E-01 -0.10983407E+00
 -0.41179696E-01  0.63259009E-01 -0.10789668E+00
 -0.41523455E-01  0.66843620E-01 -0.10600270E+00
 -0.42018133E-01  0.70350672E-01 -0.10414714E+00
 -0.42542801E-01  0.73780633E-01 -0.10231554E+00
 -0.42983310E-01  0.77137197E-01 -0.10048453E+00
 -0.43240871E-01  0.80426521E-01 -0.98622997E-01
 -0.43238997E-01  0.83656161E-01 -0.96693758E-01
 -0.42928336E-01  0.86833821E-01 -0.94655605E-01
 -0.42289057E-01  0.89965985E-01 -0.92465556E-01
 -0.41330716E-01  0.93056586E-01 -0.90081181E-01
 -0.40089706E-01  0.96105785E-01 -0.87462802E-01
 -0.38624610E-01  0.99108987E-01 -0.84575456E-01
 -0.37009942E-01  0.10205616E+00 -0.81390491E-01
 -0.35328871E-01  0.10493154E+00 -0.77886714E-01
 -0.33665598E-01  0.10771369E+00 -0.74051049E-01
 -0.32098063E-01  0.11037603E+00 -0.69878714E-01
 -0.30691592E-01  0.11288769E+00 -0.65372943E-01
 -0.29494024E-01  0.11521466E+00 -0.60544328E-01
 -0.28532673E-01  0.11732123E+00 -0.55409871E-01
 -0.27813339E-01  0.11917152E+00 -0.49991866E-01
 -0.27321370E-01  0.12073110E+00 -0.44316706E-01
 -0.27024611E-01  0.12196846E+00 -0.38413720E-01
 -0.26877901E-01  0.12285640E+00 -0.32314144E-01
 -0.26828645E-01  0.12337314E+00 -0.26050271E-01
 -0.26822917E-01  0.12350317E+00 -0.19654830E-01
 -0.26811477E-01  0.12323767E+00 -0.13160593E-01
 -0.26755154E-01  0.12257475E+00 -0.66002153E-02
 -0.26629061E-01  0.12151920E+00 -0.62336999E-05
  0.41853720E-01 -0.12280834E-01  0.13872061E-04
  0.41380630E-01 -0.12409549E-01 -0.45243263E-02
  0.40743573E-01 -0.12519622E-01 -0.91722528E-02
  0.39985448E-01 -0.12599936E-01 -0.13943283E-01
  0.39160548E-01 -0.12639615E-01 -0.18836753E-01
  0.38329499E-01 -0.12628220E-01 -0.23835797E-01
  0.37553394E-01 -0.12555924E-01 -0.28906703E-01
  0.36887698E-01 -0.12413685E-01 -0.33999896E-01
  0.36376474E-01 -0.12193417E-01 -0.39052505E-01
  0.36047513E-01 -0.11888203E-01 -0.43992342E-01
  0.35908842E-01 -0.11492522E-01 -0.48742955E-01
  0.35946982E-01 -0.11002518E-01 -0.53229343E-01
  0.36127168E-01 -0.10416280E-01 -0.57383821E-01
  0.36395573E-01 -0.97341161E-02 -0.61151529E-01
  0.36683386E-01 -0.89587937E-02 -0.64495055E-01
  0.36912429E-01 -0.80956994E-02 -0.67397771E-01
  0.37001846E-01 -0.71528897E-02 -0.69865520E-01
  0.36875288E-01 -0.61409945E-02 -0.71926486E-01
  0.36467966E-01 -0.50729524E-02 -0.73629198E-01
  0.35732942E-01 -0.39635689E-02 -0.75038812E-01
  0.34646073E-01 -0.28289067E-02 -0.76231935E-01
  0.33209146E-01 -0.16855378E-02 -0.77290418E-01
  0.31450876E-01 -0.54970000E-03 -0.78294612E-01
  0.29425633E-01  0.56357936E-03 -0.79316668E-01
  0.27209950E-01  0.16413272E-02 -0.80414423E-01
  0.24897063E-01  0.26733638E-02 -0.81626414E-01
  0.22589913E-01  0.36528722E-02 -0.82968439E-01
  0.20393159E-01  0.45767455E-02 -0.84431983E-01
  0.18404862E-01  0.54456742E-02 -0.85984653E-01
  0.16708545E-01  0.62639615E-02 -0.87572609E-01
  0.15366265E-01  0.70390733E-02 -0.89124811E-01
  0.14413326E-01  0.77809573E-02 -0.90558744E-01
  0.13855051E-01  0.85011825E-02 -0.91787168E-01
  0.13665941E-01  0.92119678E-02 -0.92725338E-01
  0.13791283E-01  0.99251783E-02 -0.93298119E-01
  0.14151119E-01  0.10651369E-01 -0.93446407E-01
  0.14646268E-01  0.11398957E-01 -0.93132340E-01
  0.15165918E-01  0.12173577E-01 -0.92342877E-01
  0.15596206E-01  0.12977687E-01 -0.91091448E-01
  0.15829082E-01  0.13810438E-01 -0.89417544E-01
  0.15770757E-01  0.14667824E-01 -0.87384290E-01
  0.15349069E-01  0.15543084E-01 -0.85074185E-01
  0.14519172E-01  0.16427343E-01 -0.82583360E-01
  0.13267110E-01  0.17310403E-01 -0.80014812E-01
  0.11610991E-01  0.18181645E-01 -0.77471156E-01
  0.95996858E-02  0.19030951E-01 -0.75047463E-01
  0.73091700E-02  0.19849575E-01 -0.72824744E-01
  0.48368018E-02  0.20630889E-01 -0.70864593E-01
 -0.73379293E-01 -0.19932709E-01 -0.13033552E+00
 -0.74061916E-01 -0.15139187E-01 -0.13024705E+00
 -0.74510321E-01 -0.10479315E-01 -0.13031093E+00
 -0.74639233E-01 -0.59508785E-02 -0.13049841E+00
 -0.74379894E-01 -0.15454324E-02 -0.13076141E+00
 -0.73686260E-01  0.27506297E-02 -0.13103744E+00
 -0.72539268E-01  0.69546678E-02 -0.13125548E+00
 -0.70948866E-01  0.11086174E-01 -0.13134241E+00
 -0.68953683E-01  0.15165090E-01 -0.13122931E+00
 -0.66618383E-01  0.19210195E-01 -0.13085736E+00
 -0.64028987E-01  0.23237714E-01 -0.13018268E+00
 -0.61286564E-01  0.27260219E-01 -0.12917985E+00
 -0.58499817E-01  0.31285921E-01 -0.12784385E+00
 -0.55777205E-01  0.35318374E-01 -0.12619028E+00
 -0.53219212E-01  0.39356589E-01 -0.12425388E+00
 -0.50911393E-01  0.43395530E-01 -0.12208550E+00
 -0.48918719E-01  0.47426913E-01 -0.11974785E+00
 -0.47281641E-01  0.51440243E-01 -0.11731024E+00
 -0.46014144E-01  0.55423957E-01 -0.11484296E+00
 -0.45103875E-01  0.59366584E-01 -0.11241156E+00
 -0.44514294E-01  0.63257815E-01 -0.11007158E+00
 -0.44188598E-01  0.67089379E-01 -0.10786413E+00
 -0.44055063E-01  0.70855656E-01 -0.10581267E+00
 -0.44033325E-01  0.74553972E-01 -0.10392108E+00
 -0.44041067E-01  0.78184554E-01 -0.10217337E+00
 -0.44000564E-01  0.81750149E-01 -0.10053479E+00
 -0.43844568E-01  0.85255333E-01 -0.98954364E-01
 -0.43521073E-01  0.88705573E-01 -0.97368562E-01
 -0.42996630E-01  0.92106124E-01 -0.95705750E-01
 -0.42257998E-01  0.95460839E-01 -0.93891148E-01
 -0.41312049E-01  0.98770999E-01 -0.91851818E-01
 -0.40184036E-01  0.10203426E+00 -0.89521330E-01
 -0.38914413E-01  0.10524382E+00 -0.86843768E-01
 -0.37554556E-01  0.10838783E+00 -0.83776787E-01
 -0.36161784E-01  0.11144914E+00 -0.80293554E-01
 -0.34794142E-01  0.11440545E+00 -0.76383464E-01
 -0.33505410E-01  0.11722978E+00 -0.72051673E-01
 -0.32340752E-01  0.11989125E+00 -0.67317548E-01
 -0.31333379E-01  0.12235619E+00 -0.62212244E-01
 -0.30502467E-01  0.12458943E+00 -0.56775672E-01
 -0.29852467E-01  0.12655577E+00 -0.51053156E-01
 -0.29373828E-01  0.12822140E+00 -0.45092106E-01
 -0.29045001E-01  0.12955533E+00 -0.38938978E-01
 -0.28835507E-01  0.13053067E+00 -0.32636802E-01
 -0.28709735E-01  0.13112571E+00 -0.26223444E-01
 -0.28631104E-01  0.13132465E+00 -0.19730718E-01
 -0.28566173E-01  0.13111819E+00 -0.13184369E-01
 -0.28488318E-01  0.13050364E+00 -0.66048774E-02
 -0.28380609E-01  0.12948484E+00 -0.89192924E-05
  0.44871181E-01 -0.12942617E-01  0.16918149E-04
  0.44497076E-01 -0.12997774E-01 -0.44088221E-02
  0.44001065E-01 -0.13024412E-01 -0.89778952E-02
  0.43406310E-01 -0.13012491E-01 -0.13717915E-01
  0.42742756E-01 -0.12952488E-01 -0.18637950E-01
  0.42044433E-01 -0.12835603E-01 -0.23725247E-01
  0.41346297E-01 -0.12653920E-01 -0.28943993E-01
  0.40680895E-01 -0.12400557E-01 -0.34236281E-01
  0.40075168E-01 -0.12069801E-01 -0.39525259E-01
  0.39547700E-01 -0.11657240E-01 -0.44720225E-01
  0.39106683E-01 -0.11159917E-01 -0.49723270E-01
  0.38748795E-01 -0.10576480E-01 -0.54436873E-01
  0.38459138E-01 -0.99073477E-02 -0.58771819E-01
  0.38212249E-01 -0.91548529E-02 -0.62654698E-01
  0.37974123E-01 -0.83233544E-02 -0.66034319E-01
  0.37705091E-01 -0.74192879E-02 -0.68886434E-01
  0.37363314E-01 -0.64511297E-02 -0.71216307E-01
  0.36908578E-01 -0.54292488E-02 -0.73058847E-01
  0.36306072E-01 -0.43656351E-02 -0.74476245E-01
  0.35529794E-01 -0.32734981E-02 -0.75553261E-01
  0.34565293E-01 -0.21667449E-02 -0.76390520E-01
  0.33411462E-01 -0.10593642E-02 -0.77096352E-01
  0.32081230E-01  0.35251502E-04 -0.77777867E-01
  0.30601048E-01  0.11049952E-02 -0.78531982E-01
  0.29009208E-01  0.21396949E-02 -0.79437194E-01
  0.27353094E-01  0.31316691E-02 -0.80546787E-01
  0.25685602E-01  0.40761385E-02 -0.81884064E-01
  0.24061018E-01  0.49714553E-02 -0.83440042E-01
  0.22530678E-01  0.58191218E-02 -0.85173815E-01
  0.21138800E-01  0.66235925E-02 -0.87015585E-01
  0.19918821E-01  0.73918672E-02 -0.88872147E-01
  0.18890561E-01  0.81329036E-02 -0.90634362E-01
  0.18058467E-01  0.88568923E-02 -0.92186051E-01
  0.17411076E-01  0.95744506E-02 -0.93413561E-01
  0.16921776E-01  0.10295796E-01 -0.94215225E-01
  0.16550800E-01  0.11029966E-01 -0.94509964E-01
  0.16248294E-01  0.11784145E-01 -0.94244298E-01
  0.15958239E-01  0.12563148E-01 -0.93397218E-01
  0.15622885E-01  0.13369104E-01 -0.91982515E-01
  0.15187355E-01  0.14201362E-01 -0.90048378E-01
  0.14604059E-01  0.15056618E-01 -0.87674300E-01
  0.13836536E-01  0.15929258E-01 -0.84965545E-01
  0.12862444E-01  0.16811881E-01 -0.82045625E-01
  0.11675448E-01  0.17695964E-01 -0.79047396E-01
  0.10285859E-01  0.18572600E-01 -0.76103481E-01
  0.87199864E-02  0.19433265E-01 -0.73336797E-01
  0.70182472E-02  0.20270543E-01 -0.70851903E-01
 -0.72247140E-01 -0.23716891E-01 -0.12725580E+00
 -0.72541091E-01 -0.18758552E-01 -0.12721885E+00
 -0.72682056E-01 -0.13905006E-01 -0.12743286E+00
 -0.72630713E-01 -0.91620168E-02 -0.12788726E+00
 -0.72351487E-01 -0.45295918E-02 -0.12854108E+00
 -0.71816564E-01 -0.24251722E-05 -0.12932748E+00
 -0.71009209E-01  0.44292777E-02 -0.13016024E+00
 -0.69926110E-01  0.87786763E-02 -0.13094158E+00
 -0.68578566E-01  0.13060984E-01 -0.13157071E+00
 -0.66992420E-01  0.17292087E-01 -0.13195235E+00
 -0.65206779E-01  0.21487217E-01 -0.13200463E+00
 -0.63271627E-01  0.25659775E-01 -0.13166563E+00
 -0.61244546E-01  0.29820397E-01 -0.13089830E+00
 -0.59186847E-01  0.33976332E-01 -0.12969306E+00
 -0.57159399E-01  0.38131144E-01 -0.12806826E+00
 -0.55218549E-01  0.42284760E-01 -0.12606828E+00
 -0.53412413E-01  0.46433823E-01 -0.12375962E+00
 -0.51777867E-01  0.50572308E-01 -0.12122523E+00
 -0.50338439E-01  0.54692319E-01 -0.11855758E+00
 -0.49103271E-01  0.58785002E-01 -0.11585117E+00
 -0.48067185E-01  0.62841460E-01 -0.11319487E+00
 -0.47211840E-01  0.66853605E-01 -0.11066492E+00
 -0.46507844E-01  0.70814854E-01 -0.10831899E+00
 -0.45917631E-01  0.74720612E-01 -0.10619179E+00
 -0.45398852E-01  0.78568496E-01 -0.10429256E+00
 -0.44907979E-01  0.82358275E-01 -0.10260452E+00
 -0.44403851E-01  0.86091534E-01 -0.10108637E+00
 -0.43850855E-01  0.89771080E-01 -0.99675604E-01
 -0.43221515E-01  0.93400150E-01 -0.98293285E-01
 -0.42498297E-01  0.96981465E-01 -0.96849999E-01
 -0.41674520E-01  0.10051623E+00 -0.95252335E-01
 -0.40754327E-01  0.10400314E+00 -0.93409458E-01
 -0.39751770E-01  0.10743750E+00 -0.91239229E-01
 -0.38689114E-01  0.11081050E+00 -0.88673409E-01
 -0.37594546E-01  0.11410877E+00 -0.85661595E-01
 -0.36499499E-01  0.11731415E+00 -0.82173623E-01
 -0.35435856E-01  0.12040386E+00 -0.78200334E-01
 -0.34433250E-01  0.12335090E+00 -0.73752736E-01
 -0.33516729E-01  0.12612480E+00 -0.68859715E-01
 -0.32704941E-01  0.12869263E+00 -0.63564579E-01
 -0.32009001E-01  0.13102013E+00 -0.57920804E-01
 -0.31432099E-01  0.13307304E+00 -0.51987390E-01
 -0.30969872E-01  0.13481845E+00 -0.45824268E-01
 -0.30611453E-01  0.13622606E+00 -0.39488169E-01
 -0.30341103E-01  0.13726945E+00 -0.33029289E-01
 -0.30140232E-01  0.13792698E+00 -0.26489024E-01
 -0.29989620E-01  0.13818268E+00 -0.19898927E-01
 -0.29871620E-01  0.13802668E+00 -0.13280902E-01
 -0.29772127E-01  0.13745547E+00 -0.66485692E-02
 -0.29682138E-01  0.13647188E+00 -0.95817999E-05
  0.47336146E-01 -0.13182672E-01  0.17192602E-04
  0.47086856E-01 -0.13145511E-01 -0.43606411E-02
  0.46756709E-01 -0.13069093E-01 -0.88881256E-02
  0.46348953E-01 -0.12945217E-01 -0.13599248E-01
  0.45869585E-01 -0.12766578E-01 -0.18508154E-01
  0.45326910E-01 -0.12526923E-01 -0.23605365E-01
  0.44730917E-01 -0.12221157E-01 -0.28856187E-01
  0.44092502E-01 -0.11845406E-01 -0.34201543E-01
  0.43422623E-01 -0.11397055E-01 -0.39561191E-01
  0.42731466E-01 -0.10874775E-01 -0.44839114E-01
  0.42027681E-01 -0.10278547E-01 -0.49930621E-01
  0.41317771E-01 -0.96096895E-02 -0.54730567E-01
  0.40605680E-01 -0.88708876E-02 -0.59141952E-01
  0.39892613E-01 -0.80662203E-02 -0.63084150E-01
  0.39177108E-01 -0.72011659E-02 -0.66499991E-01
  0.38455344E-01 -0.62825743E-02 -0.69361047E-01
  0.37721660E-01 -0.53185850E-02 -0.71670610E-01
  0.36969223E-01 -0.43184768E-02 -0.73464035E-01
  0.36190801E-01 -0.32924365E-02 -0.74806368E-01
  0.35379552E-01 -0.22512442E-02 -0.75787404E-01
  0.34529764E-01 -0.12058825E-02 -0.76514560E-01
  0.33637481E-01 -0.16708329E-03 -0.77104140E-01
  0.32700947E-01  0.85515941E-03 -0.77671702E-01
  0.31720849E-01  0.18520784E-02 -0.78322360E-01
  0.30700318E-01  0.28165864E-02 -0.79141828E-01
  0.29644709E-01  0.37436546E-02 -0.80188995E-01
  0.28561166E-01  0.46305815E-02 -0.81490657E-01
  0.27458027E-01  0.54771229E-02 -0.83038898E-01
  0.26344126E-01  0.62854667E-02 -0.84791351E-01
  0.25228043E-01  0.70600456E-02 -0.86674350E-01
  0.24117388E-01  0.78071961E-02 -0.88588734E-01
  0.23018182E-01  0.85346852E-02 -0.90417841E-01
  0.21934380E-01  0.92511378E-02 -0.92037042E-01
  0.20867597E-01  0.99654051E-02 -0.93324033E-01
  0.19817044E-01  0.10685923E-01 -0.94169048E-01
  0.18779698E-01  0.11420109E-01 -0.94484159E-01
  0.17750674E-01  0.12173842E-01 -0.94210886E-01
  0.16723779E-01  0.12951063E-01 -0.93325509E-01
  0.15692189E-01  0.13753538E-01 -0.91841655E-01
  0.14649194E-01  0.14580781E-01 -0.89809929E-01
  0.13588951E-01  0.15430157E-01 -0.87314650E-01
  0.12507167E-01  0.16297155E-01 -0.84467948E-01
  0.11401659E-01  0.17175794E-01 -0.81401699E-01
  0.10272751E-01  0.18059147E-01 -0.78257968E-01
  0.91234548E-02  0.18939927E-01 -0.75178711E-01
  0.79594367E-02  0.19811097E-01 -0.72295563E-01
 -0.70238573E-01 -0.26506067E-01 -0.12492927E+00
 -0.70303332E-01 -0.21504475E-01 -0.12488036E+00
 -0.70191700E-01 -0.16572247E-01 -0.12507826E+00
 -0.69914607E-01 -0.11720664E-01 -0.12554672E+00
 -0.69481577E-01 -0.69564138E-02 -0.12627446E+00
 -0.68901392E-01 -0.22815172E-02 -0.12721740E+00
 -0.68182816E-01  0.23063983E-02 -0.12830347E+00
 -0.67335302E-01  0.68135093E-02 -0.12943952E+00
 -0.66369571E-01  0.11248959E-01 -0.13051970E+00
 -0.65298026E-01  0.15623854E-01 -0.13143471E+00
 -0.64134916E-01  0.19950188E-01 -0.13208101E+00
 -0.62896266E-01  0.24239786E-01 -0.13236938E+00
 -0.61599548E-01  0.28503351E-01 -0.13223212E+00
 -0.60263150E-01  0.32749685E-01 -0.13162830E+00
 -0.58905670E-01  0.36985142E-01 -0.13054677E+00
 -0.57545126E-01  0.41213331E-01 -0.12900665E+00
 -0.56198134E-01  0.45435088E-01 -0.12705538E+00
 -0.54879153E-01  0.49648684E-01 -0.12476449E+00
 -0.53599843E-01  0.53850247E-01 -0.12222353E+00
 -0.52368617E-01  0.58034343E-01 -0.11953262E+00
 -0.51190406E-01  0.62194636E-01 -0.11679427E+00
 -0.50066670E-01  0.66324581E-01 -0.11410517E+00
 -0.48995654E-01  0.70418065E-01 -0.11154858E+00
 -0.47972853E-01  0.74469934E-01 -0.10918784E+00
 -0.46991665E-01  0.78476367E-01 -0.10706162E+00
 -0.46044164E-01  0.82435033E-01 -0.10518116E+00
 -0.45121926E-01  0.86345043E-01 -0.10352963E+00
 -0.44216862E-01  0.90206668E-01 -0.10206377E+00
 -0.43321961E-01  0.94020860E-01 -0.10071736E+00
 -0.42431923E-01  0.97788603E-01 -0.99406483E-01
 -0.41543598E-01  0.10151015E+00 -0.98035859E-01
 -0.40656242E-01  0.10518417E+00 -0.96505892E-01
 -0.39771548E-01  0.10880701E+00 -0.94719766E-01
 -0.38893475E-01  0.11237186E+00 -0.92590056E-01
 -0.38027898E-01  0.11586824E+00 -0.90044356E-01
 -0.37182112E-01  0.11928160E+00 -0.87029516E-01
 -0.36364243E-01  0.12259313E+00 -0.83514224E-01
 -0.35582624E-01  0.12577991E+00 -0.79489804E-01
 -0.34845178E-01  0.12881529E+00 -0.74969264E-01
 -0.34158883E-01  0.13166952E+00 -0.69984774E-01
 -0.33529332E-01  0.13431062E+00 -0.64583871E-01
 -0.32960452E-01  0.13670545E+00 -0.58824793E-01
 -0.32454377E-01  0.13882084E+00 -0.52771402E-01
 -0.32011486E-01  0.14062483E+00 -0.46488159E-01
 -0.31630601E-01  0.14208788E+00 -0.40035610E-01
 -0.31309310E-01  0.14318396E+00 -0.33466758E-01
 -0.31044386E-01  0.14389153E+00 -0.26824608E-01
 -0.30832260E-01  0.14419430E+00 -0.20141052E-01
 -0.30669505E-01  0.14408180E+00 -0.13437130E-01
 -0.30553276E-01  0.14354966E+00 -0.67245737E-02
 -0.30481678E-01  0.14259962E+00 -0.84019661E-05
  0.49333018E-01 -0.13116192E-01  0.14613580E-04
  0.49205296E-01 -0.12977836E-01 -0.43735373E-02
  0.49033209E-01 -0.12790088E-01 -0.88922737E-02
  0.48802605E-01 -0.12547109E-01 -0.13575328E-01
  0.48498857E-01 -0.12244363E-01 -0.18438172E-01
  0.48108328E-01 -0.11878691E-01 -0.23474205E-01
  0.47619845E-01 -0.11448310E-01 -0.28653002E-01
  0.47026034E-01 -0.10952764E-01 -0.33920864E-01
  0.46324402E-01 -0.10392828E-01 -0.39203644E-01
  0.45518043E-01 -0.97703975E-02 -0.44411678E-01
  0.44615896E-01 -0.90883772E-02 -0.49446379E-01
  0.43632511E-01 -0.83505704E-02 -0.54207948E-01
  0.42587316E-01 -0.75615873E-02 -0.58603521E-01
  0.41503428E-01 -0.67267669E-02 -0.62555002E-01
  0.40406095E-01 -0.58521068E-02 -0.66005883E-01
  0.39320882E-01 -0.49441927E-02 -0.68926396E-01
  0.38271746E-01 -0.40101131E-02 -0.71316519E-01
  0.37279152E-01 -0.30573481E-02 -0.73206490E-01
  0.36358393E-01 -0.20936211E-02 -0.74654771E-01
  0.35518257E-01 -0.11267071E-02 -0.75743550E-01
  0.34760163E-01 -0.16419937E-03 -0.76572161E-01
  0.34077845E-01  0.78675939E-03 -0.77248934E-01
  0.33457629E-01  0.17197671E-02 -0.77882174E-01
  0.32879304E-01  0.26294533E-02 -0.78571012E-01
  0.32317518E-01  0.35117488E-02 -0.79396928E-01
  0.31743607E-01  0.43641067E-02 -0.80416670E-01
  0.31127735E-01  0.51856547E-02 -0.81657196E-01
  0.30441154E-01  0.59772560E-02 -0.83113068E-01
  0.29658444E-01  0.67414681E-02 -0.84746579E-01
  0.28759527E-01  0.74823935E-02 -0.86490588E-01
  0.27731321E-01  0.82054274E-02 -0.88253871E-01
  0.26568880E-01  0.89169150E-02 -0.89928552E-01
  0.25275948E-01  0.96237397E-02 -0.91399006E-01
  0.23864857E-01  0.10332871E-01 -0.92551503E-01
  0.22355795E-01  0.11050904E-01 -0.93283806E-01
  0.20775475E-01  0.11783621E-01 -0.93513924E-01
  0.19155325E-01  0.12535617E-01 -0.93187307E-01
  0.17529318E-01  0.13310004E-01 -0.92281888E-01
  0.15931623E-01  0.14108226E-01 -0.90810571E-01
  0.14394245E-01  0.14930002E-01 -0.88820945E-01
  0.12944839E-01  0.15773385E-01 -0.86392273E-01
  0.11604861E-01  0.16634954E-01 -0.83629993E-01
  0.10388199E-01  0.17510107E-01 -0.80658181E-01
  0.93003769E-02  0.18393441E-01 -0.77610588E-01
  0.83383943E-02  0.19279193E-01 -0.74620986E-01
 -0.66715079E-01 -0.28143679E-01 -0.12294578E+00
 -0.66874684E-01 -0.23206682E-01 -0.12304241E+00
 -0.66758359E-01 -0.18303104E-01 -0.12328805E+00
 -0.66415082E-01 -0.13446854E-01 -0.12373862E+00
 -0.65894598E-01 -0.86487650E-02 -0.12441800E+00
 -0.65244824E-01 -0.39161808E-02 -0.12531740E+00
 -0.64509529E-01  0.74718899E-03 -0.12639727E+00
 -0.63726405E-01  0.53411507E-02 -0.12759164E+00
 -0.62925640E-01  0.98686618E-02 -0.12881455E+00
 -0.62129072E-01  0.14335264E-01 -0.12996788E+00
 -0.61349930E-01  0.18748371E-01 -0.13094999E+00
 -0.60593178E-01  0.23116476E-01 -0.13166440E+00
 -0.59856380E-01  0.27448352E-01 -0.13202787E+00
 -0.59131017E-01  0.31752303E-01 -0.13197720E+00
 -0.58404133E-01  0.36035526E-01 -0.13147425E+00
 -0.57660177E-01  0.40303630E-01 -0.13050883E+00
 -0.56882905E-01  0.44560336E-01 -0.12909917E+00
 -0.56057189E-01  0.48807361E-01 -0.12729018E+00
 -0.55170619E-01  0.53044496E-01 -0.12514949E+00
 -0.54214772E-01  0.57269841E-01 -0.12276172E+00
 -0.53186091E-01  0.61480168E-01 -0.12022145E+00
 -0.52086301E-01  0.65671365E-01 -0.11762558E+00
 -0.50922375E-01  0.69838912E-01 -0.11506549E+00
 -0.49706058E-01  0.73978335E-01 -0.11261984E+00
 -0.48453018E-01  0.78085594E-01 -0.11034845E+00
 -0.47181699E-01  0.82157350E-01 -0.10828776E+00
 -0.45911994E-01  0.86191099E-01 -0.10644816E+00
 -0.44663837E-01  0.90185129E-01 -0.10481343E+00
 -0.43455846E-01  0.94138318E-01 -0.10334216E+00
 -0.42304119E-01  0.98049768E-01 -0.10197114E+00
 -0.41221278E-01  0.10191830E+00 -0.10062022E+00
 -0.40215826E-01  0.10574187E+00 -0.99198367E-01
 -0.39291868E-01  0.10951690E+00 -0.97610340E-01
 -0.38449197E-01  0.11323762E+00 -0.95763434E-01
 -0.37683722E-01  0.11689550E+00 -0.93573777E-01
 -0.36988205E-01  0.12047876E+00 -0.90971706E-01
 -0.36353210E-01  0.12397200E+00 -0.87905842E-01
 -0.35768191E-01  0.12735613E+00 -0.84345589E-01
 -0.35222620E-01  0.13060840E+00 -0.80281957E-01
 -0.34707042E-01  0.13370274E+00 -0.75726721E-01
 -0.34213981E-01  0.13661031E+00 -0.70710082E-01
 -0.33738618E-01  0.13930023E+00 -0.65277121E-01
 -0.33279176E-01  0.14174052E+00 -0.59483417E-01
 -0.32837008E-01  0.14389909E+00 -0.53390250E-01
 -0.32416369E-01  0.14574490E+00 -0.47059860E-01
 -0.32023916E-01  0.14724905E+00 -0.40551153E-01
 -0.31667985E-01  0.14838581E+00 -0.33916247E-01
 -0.31357717E-01  0.14913359E+00 -0.27198106E-01
 -0.31102128E-01  0.14947572E+00 -0.20429445E-01
 -0.30909209E-01  0.14940102E+00 -0.13632912E-01
 -0.30785145E-01  0.14890418E+00 -0.68224888E-02
 -0.30733727E-01  0.14798589E+00 -0.58922010E-05
  0.50998318E-01 -0.12915834E-01  0.95627602E-05
  0.50963554E-01 -0.12677266E-01 -0.44348224E-02
  0.50913310E-01 -0.12381170E-01 -0.89706854E-02
  0.50820741E-01 -0.12024327E-01 -0.13626523E-01
  0.50656239E-01 -0.11605178E-01 -0.18416371E-01
  0.50390252E-01 -0.11123787E-01 -0.23336311E-01
  0.49996238E-01 -0.10581726E-01 -0.28362687E-01
  0.49453499E-01 -0.99818857E-02 -0.33452242E-01
  0.48749607E-01 -0.93282453E-02 -0.38544201E-01
  0.47882201E-01 -0.86256198E-02 -0.43564154E-01
  0.46859958E-01 -0.78794112E-02 -0.48429409E-01
  0.45702618E-01 -0.70953797E-02 -0.53055359E-01
  0.44440029E-01 -0.62794495E-02 -0.57362283E-01
  0.43110258E-01 -0.54375557E-02 -0.61281980E-01
  0.41756895E-01 -0.45755327E-02 -0.64763614E-01
  0.40425765E-01 -0.36990376E-02 -0.67778227E-01
  0.39161302E-01 -0.28135000E-02 -0.70321480E-01
  0.38002897E-01 -0.19240848E-02 -0.72414346E-01
  0.36981517E-01 -0.10356561E-02 -0.74101645E-01
  0.36116904E-01 -0.15273075E-03 -0.75448521E-01
  0.35415595E-01  0.72058562E-03 -0.76535124E-01
  0.34869956E-01  0.15806827E-02 -0.77449938E-01
  0.34458347E-01  0.24245478E-02 -0.78282319E-01
  0.34146416E-01  0.32498788E-02 -0.79114873E-01
  0.33889450E-01  0.40551964E-02 -0.80016340E-01
  0.33635630E-01  0.48399436E-02 -0.81035590E-01
  0.33329916E-01  0.56045545E-02 -0.82197268E-01
  0.32918280E-01  0.63504830E-02 -0.83499479E-01
  0.32351955E-01  0.70801772E-02 -0.84913711E-01
  0.31591343E-01  0.77969953E-02 -0.86387045E-01
  0.30609282E-01  0.85050600E-02 -0.87846468E-01
  0.29393400E-01  0.92090574E-02 -0.89204940E-01
  0.27947353E-01  0.99139883E-02 -0.90368718E-01
  0.26290851E-01  0.10624889E-01 -0.91245340E-01
  0.24458448E-01  0.11346535E-01 -0.91751592E-01
  0.22497195E-01  0.12083160E-01 -0.91820811E-01
  0.20463325E-01  0.12838191E-01 -0.91408909E-01
  0.18418225E-01  0.13614043E-01 -0.90498630E-01
  0.16424021E-01  0.14411968E-01 -0.89101686E-01
  0.14539093E-01  0.15231992E-01 -0.87258595E-01
  0.12813897E-01  0.16072924E-01 -0.85036238E-01
  0.11287391E-01  0.16932458E-01 -0.82523344E-01
  0.99843508E-02  0.17807353E-01 -0.79824262E-01
  0.89137775E-02  0.18693672E-01 -0.77051533E-01
  0.80685068E-02  0.19587084E-01 -0.74317861E-01
 -0.61578439E-01 -0.23775056E-01 -0.12111971E+00
 -0.61801060E-01 -0.18987988E-01 -0.12164077E+00
 -0.61689101E-01 -0.14217024E-01 -0.12223302E+00
 -0.61314584E-01 -0.94744657E-02 -0.12294522E+00
 -0.60752387E-01 -0.47705098E-02 -0.12380010E+00
 -0.60075553E-01 -0.11286097E-03 -0.12479352E+00
 -0.59350920E-01  0.44934805E-02 -0.12589585E+00
 -0.58635355E-01  0.90462394E-02 -0.12705546E+00
 -0.57972845E-01  0.13545703E-01 -0.12820388E+00
 -0.57392626E-01  0.17994397E-01 -0.12926224E+00
 -0.56908446E-01  0.22396631E-01 -0.13014841E+00
 -0.56518972E-01  0.26757964E-01 -0.13078423E+00
 -0.56209274E-01  0.31084621E-01 -0.13110224E+00
 -0.55953232E-01  0.35382935E-01 -0.13105137E+00
 -0.55716653E-01  0.39658819E-01 -0.13060121E+00
 -0.55460836E-01  0.43917346E-01 -0.12974439E+00
 -0.55146310E-01  0.48162427E-01 -0.12849712E+00
 -0.54736436E-01  0.52396628E-01 -0.12689772E+00
 -0.54200620E-01  0.56621110E-01 -0.12500331E+00
 -0.53516901E-01  0.60835699E-01 -0.12288511E+00
 -0.52673729E-01  0.65039057E-01 -0.12062254E+00
 -0.51670845E-01  0.69228929E-01 -0.11829678E+00
 -0.50519209E-01  0.73402436E-01 -0.11598420E+00
 -0.49240033E-01  0.77556368E-01 -0.11375033E+00
 -0.47863026E-01  0.81687456E-01 -0.11164467E+00
 -0.46424021E-01  0.85792569E-01 -0.10969683E+00
 -0.44962200E-01  0.89868823E-01 -0.10791427E+00
 -0.43517153E-01  0.93913579E-01 -0.10628178E+00
 -0.42126021E-01  0.97924312E-01 -0.10476271E+00
 -0.40820947E-01  0.10189836E+00 -0.10330169E+00
 -0.39627027E-01  0.10583258E+00 -0.10182886E+00
 -0.38560926E-01  0.10972288E+00 -0.10026488E+00
 -0.37630230E-01  0.11356373E+00 -0.98526680E-01
 -0.36833561E-01  0.11734767E+00 -0.96533119E-01
 -0.36161429E-01  0.12106480E+00 -0.94210431E-01
 -0.35597705E-01  0.12470238E+00 -0.91496837E-01
 -0.35121566E-01  0.12824456E+00 -0.88346096E-01
 -0.34709744E-01  0.13167223E+00 -0.84729749E-01
 -0.34338846E-01  0.13496304E+00 -0.80637947E-01
 -0.33987570E-01  0.13809168E+00 -0.76078882E-01
 -0.33638596E-01  0.14103031E+00 -0.71076946E-01
 -0.33280030E-01  0.14374914E+00 -0.65669864E-01
 -0.32906252E-01  0.14621731E+00 -0.59905096E-01
 -0.32518146E-01  0.14840372E+00 -0.53835869E-01
 -0.32122691E-01  0.15027811E+00 -0.47517216E-01
 -0.31731978E-01  0.15181205E+00 -0.41002369E-01
 -0.31361764E-01  0.15297996E+00 -0.34339811E-01
 -0.31029716E-01  0.15376007E+00 -0.27571216E-01
 -0.30753510E-01  0.15413519E+00 -0.20730416E-01
 -0.30548986E-01  0.15409339E+00 -0.13843424E-01
 -0.30428522E-01  0.15362840E+00 -0.69294495E-02
 -0.30399801E-01  0.15273985E+00 -0.27392215E-05
  0.52491787E-01 -0.12777098E-01  0.28315199E-05
  0.52503912E-01 -0.12447837E-01 -0.45267618E-02
  0.52519597E-01 -0.12055967E-01 -0.90965575E-02
  0.52505406E-01 -0.11600890E-01 -0.13726667E-01
  0.52423792E-01 -0.11083900E-01 -0.18427888E-01
  0.52236613E-01 -0.10508039E-01 -0.23198747E-01
  0.51908871E-01 -0.98778592E-02 -0.28023760E-01
  0.51412328E-01 -0.91991044E-02 -0.32873089E-01
  0.50728655E-01 -0.84783504E-02 -0.37703655E-01
  0.49851824E-01 -0.77226312E-02 -0.42461642E-01
  0.48789475E-01 -0.69390793E-02 -0.47086154E-01
  0.47563119E-01 -0.61346053E-02 -0.51513731E-01
  0.46207105E-01 -0.53156380E-02 -0.55683289E-01
  0.44766404E-01 -0.44879331E-02 -0.59541051E-01
  0.43293367E-01 -0.36564579E-02 -0.63044996E-01
  0.41843702E-01 -0.28253460E-02 -0.66168415E-01
  0.40472005E-01 -0.19979131E-02 -0.68902229E-01
  0.39227208E-01 -0.11767196E-02 -0.71255837E-01
  0.38148332E-01 -0.36366286E-03 -0.73256381E-01
  0.37260933E-01  0.43991900E-03 -0.74946487E-01
  0.36574534E-01  0.12331464E-02 -0.76380643E-01
  0.36081314E-01  0.20155145E-02 -0.77620522E-01
  0.35756180E-01  0.27868342E-02 -0.78729651E-01
  0.35558248E-01  0.35472013E-02 -0.79767889E-01
  0.35433655E-01  0.42969931E-02 -0.80786182E-01
  0.35319487E-01  0.50368865E-02 -0.81822081E-01
  0.35148534E-01  0.57678880E-02 -0.82896395E-01
  0.34854490E-01  0.64913666E-02 -0.84011294E-01
  0.34377191E-01  0.72090771E-02 -0.85150032E-01
  0.33667471E-01  0.79231628E-02 -0.86278335E-01
  0.32691234E-01  0.86361318E-02 -0.87347326E-01
  0.31432409E-01  0.93507994E-02 -0.88297772E-01
  0.29894550E-01  0.10070196E-01 -0.89065279E-01
  0.28100920E-01  0.10797445E-01 -0.89586012E-01
  0.26093069E-01  0.11535614E-01 -0.89802448E-01
  0.23927984E-01  0.12287551E-01 -0.89668697E-01
  0.21674039E-01  0.13055720E-01 -0.89154917E-01
  0.19406064E-01  0.13842044E-01 -0.88250487E-01
  0.17199898E-01  0.14647774E-01 -0.86965645E-01
  0.15126877E-01  0.15473395E-01 -0.85331465E-01
  0.13248660E-01  0.16318576E-01 -0.83398181E-01
  0.11612805E-01  0.17182178E-01 -0.81231983E-01
  0.10249446E-01  0.18062316E-01 -0.78910560E-01
  0.91692956E-02  0.18956476E-01 -0.76517745E-01
 -0.53828880E-01 -0.23209862E-01 -0.11840679E+00
 -0.54701220E-01 -0.18599604E-01 -0.11947754E+00
 -0.55139648E-01 -0.13980630E-01 -0.12046675E+00
 -0.55215432E-01 -0.93644347E-02 -0.12142860E+00
 -0.55009713E-01 -0.47616938E-02 -0.12240170E+00
 -0.54607898E-01 -0.18181414E-03 -0.12340656E+00
 -0.54093945E-01  0.43674394E-02 -0.12444467E+00
 -0.53544964E-01  0.88802111E-02 -0.12549927E+00
 -0.53026504E-01  0.13352696E-01 -0.12653762E+00
 -0.52588861E-01  0.17783150E-01 -0.12751456E+00
 -0.52264651E-01  0.22171769E-01 -0.12837709E+00
 -0.52067764E-01  0.26520460E-01 -0.12906945E+00
 -0.51993763E-01  0.30832511E-01 -0.12953834E+00
 -0.52021620E-01  0.35112204E-01 -0.12973780E+00
 -0.52116624E-01  0.39364396E-01 -0.12963340E+00
 -0.52234205E-01  0.43594095E-01 -0.12920534E+00
 -0.52324340E-01  0.47806069E-01 -0.12845031E+00
 -0.52336189E-01  0.52004516E-01 -0.12738185E+00
 -0.52222598E-01  0.56192797E-01 -0.12602933E+00
 -0.51944117E-01  0.60373274E-01 -0.12443563E+00
 -0.51472251E-01  0.64547223E-01 -0.12265360E+00
 -0.50791707E-01  0.68714847E-01 -0.12074186E+00
 -0.49901505E-01  0.72875358E-01 -0.11875995E+00
 -0.48814900E-01  0.77027116E-01 -0.11676358E+00
 -0.47558172E-01  0.81167802E-01 -0.11480010E+00
 -0.46168421E-01  0.85294594E-01 -0.11290464E+00
 -0.44690570E-01  0.89404325E-01 -0.11109727E+00
 -0.43173866E-01  0.93493582E-01 -0.10938124E+00
 -0.41668155E-01  0.97558751E-01 -0.10774260E+00
 -0.40220265E-01  0.10159597E+00 -0.10615106E+00
 -0.38870763E-01  0.10560097E+00 -0.10456203E+00
 -0.37651361E-01  0.10956887E+00 -0.10291970E+00
 -0.36583136E-01  0.11349388E+00 -0.10116087E+00
 -0.35675690E-01  0.11736888E+00 -0.99219214E-01
 -0.34927290E-01  0.12118506E+00 -0.97029623E-01
 -0.34325915E-01  0.12493155E+00 -0.94532341E-01
 -0.33851109E-01  0.12859502E+00 -0.91676561E-01
 -0.33476438E-01  0.13215942E+00 -0.88423236E-01
 -0.33172313E-01  0.13560587E+00 -0.84746948E-01
 -0.32908939E-01  0.13891259E+00 -0.80636737E-01
 -0.32659104E-01  0.14205508E+00 -0.76095890E-01
 -0.32400591E-01  0.14500649E+00 -0.71140782E-01
 -0.32117999E-01  0.14773809E+00 -0.65798933E-01
 -0.31803842E-01  0.15021998E+00 -0.60106495E-01
 -0.31458843E-01  0.15242191E+00 -0.54105421E-01
 -0.31091436E-01  0.15431420E+00 -0.47840594E-01
 -0.30716538E-01  0.15586873E+00 -0.41357162E-01
 -0.30353740E-01  0.15705992E+00 -0.34698303E-01
 -0.30025091E-01  0.15786567E+00 -0.27903593E-01
 -0.29752708E-01  0.15826823E+00 -0.21008074E-01
 -0.29556449E-01  0.15825485E+00 -0.14042053E-01
 -0.29451856E-01  0.15781836E+00 -0.70316009E-02
 -0.29448588E-01  0.15695742E+00  0.36838255E-06
  0.53962861E-01 -0.12878747E-01 -0.45005115E-05
  0.53968767E-01 -0.12474598E-01 -0.46286678E-02
  0.53986282E-01 -0.12006337E-01 -0.92387288E-02
  0.53981885E-01 -0.11475766E-01 -0.13845060E-01
  0.53917448E-01 -0.10886649E-01 -0.18454265E-01
  0.53753798E-01 -0.10244466E-01 -0.23066851E-01
  0.53454530E-01 -0.95560640E-02 -0.27675578E-01
  0.52989713E-01 -0.88292313E-02 -0.32264636E-01
  0.52339166E-01 -0.80722403E-02 -0.36809749E-01
  0.51494960E-01 -0.72933826E-02 -0.41279194E-01
  0.50462915E-01 -0.65005385E-02 -0.45635646E-01
  0.49262908E-01 -0.57008084E-02 -0.49838679E-01
  0.47927930E-01 -0.49002276E-02 -0.53847686E-01
  0.46501937E-01 -0.41035811E-02 -0.57624938E-01
  0.45036645E-01 -0.33143220E-02 -0.61138497E-01
  0.43587518E-01 -0.25345895E-02 -0.64364706E-01
  0.42209275E-01 -0.17653157E-02 -0.67290002E-01
  0.40951297E-01 -0.10064015E-02 -0.69911894E-01
  0.39853315E-01 -0.25693999E-03 -0.72238990E-01
  0.38941780E-01  0.48453774E-03 -0.74290070E-01
  0.38227215E-01  0.12198187E-02 -0.76092269E-01
  0.37702821E-01  0.19507869E-02 -0.77678547E-01
  0.37344472E-01  0.26792423E-02 -0.79084651E-01
  0.37112143E-01  0.34067722E-02 -0.80345853E-01
  0.36952670E-01  0.41346790E-02 -0.81493751E-01
  0.36803659E-01  0.48639655E-02 -0.82553428E-01
  0.36598226E-01  0.55953691E-02 -0.83541216E-01
  0.36270212E-01  0.63294367E-02 -0.84463280E-01
  0.35759446E-01  0.70666234E-02 -0.85315143E-01
  0.35016632E-01  0.78074015E-02 -0.86082203E-01
  0.34007466E-01  0.85523625E-02 -0.86741200E-01
  0.32715634E-01  0.93022994E-02 -0.87262506E-01
  0.31144451E-01  0.10058257E-01 -0.87613041E-01
  0.29316982E-01  0.10821542E-01 -0.87759568E-01
  0.27274647E-01  0.11593693E-01 -0.87672068E-01
  0.25074381E-01  0.12376412E-01 -0.87326916E-01
  0.22784596E-01  0.13171451E-01 -0.86709579E-01
  0.20480233E-01  0.13980495E-01 -0.85816599E-01
  0.18237312E-01  0.14805008E-01 -0.84656694E-01
  0.16127387E-01  0.15646107E-01 -0.83250880E-01
  0.14212346E-01  0.16504434E-01 -0.81631600E-01
  0.12539971E-01  0.17380069E-01 -0.79840930E-01
  0.11140570E-01  0.18272485E-01 -0.77928012E-01
 -0.43394335E-01 -0.21599435E-01 -0.11436531E+00
 -0.45083388E-01 -0.17195405E-01 -0.11618783E+00
 -0.46293348E-01 -0.12766785E-01 -0.11780643E+00
 -0.47075423E-01 -0.83227142E-02 -0.11926099E+00
 -0.47496368E-01 -0.38724931E-02 -0.12058645E+00
 -0.47633492E-01  0.57478856E-03 -0.12180998E+00
 -0.47569097E-01  0.50106331E-02 -0.12294915E+00
 -0.47384736E-01  0.94274976E-02 -0.12401095E+00
 -0.47155754E-01  0.13819108E-01 -0.12499189E+00
 -0.46946477E-01  0.18180699E-01 -0.12587908E+00
 -0.46806408E-01  0.22509163E-01 -0.12665208E+00
 -0.46767679E-01  0.26803096E-01 -0.12728544E+00
 -0.46843896E-01  0.31062738E-01 -0.12775158E+00
 -0.47030433E-01  0.35289815E-01 -0.12802389E+00
 -0.47306101E-01  0.39487296E-01 -0.12807955E+00
 -0.47636008E-01  0.43659087E-01 -0.12790210E+00
 -0.47975364E-01  0.47809675E-01 -0.12748331E+00
 -0.48273896E-01  0.51943767E-01 -0.12682431E+00
 -0.48480513E-01  0.56065931E-01 -0.12593590E+00
 -0.48547847E-01  0.60180272E-01 -0.12483795E+00
 -0.48436331E-01  0.64290166E-01 -0.12355802E+00
 -0.48117497E-01  0.68398061E-01 -0.12212926E+00
 -0.47576263E-01  0.72505351E-01 -0.12058781E+00
 -0.46812078E-01  0.76612336E-01 -0.11896990E+00
 -0.45838860E-01  0.80718239E-01 -0.11730885E+00
 -0.44683774E-01  0.84821291E-01 -0.11563229E+00
 -0.43385006E-01  0.88918845E-01 -0.11395978E+00
 -0.41988725E-01  0.93007505E-01 -0.11230095E+00
 -0.40545519E-01  0.97083246E-01 -0.11065442E+00
 -0.39106616E-01  0.10114150E+00 -0.10900751E+00
 -0.37720185E-01  0.10517717E+00 -0.10733675E+00
 -0.36428041E-01  0.10918462E+00 -0.10560914E+00
 -0.35262981E-01  0.11315753E+00 -0.10378409E+00
 -0.34246966E-01  0.11708870E+00 -0.10181588E+00
 -0.33390257E-01  0.12096980E+00 -0.99656380E-01
 -0.32691535E-01  0.12479108E+00 -0.97257904E-01
 -0.32138970E-01  0.12854098E+00 -0.94575990E-01
 -0.31712097E-01  0.13220589E+00 -0.91571840E-01
 -0.31384313E-01  0.13576981E+00 -0.88214342E-01
 -0.31125755E-01  0.13921422E+00 -0.84481515E-01
 -0.30906307E-01  0.14251797E+00 -0.80361327E-01
 -0.30698442E-01  0.14565741E+00 -0.75851866E-01
 -0.30479689E-01  0.14860658E+00 -0.70960907E-01
 -0.30234489E-01  0.15133769E+00 -0.65704968E-01
 -0.29955329E-01  0.15382165E+00 -0.60107958E-01
 -0.29643040E-01  0.15602886E+00 -0.54199587E-01
 -0.29306302E-01  0.15793007E+00 -0.48013664E-01
 -0.28960390E-01  0.15949729E+00 -0.41586462E-01
 -0.28625335E-01  0.16070481E+00 -0.34955257E-01
 -0.28323666E-01  0.16153015E+00 -0.28157156E-01
 -0.28077975E-01  0.16195493E+00 -0.21228287E-01
 -0.27908539E-01  0.16196565E+00 -0.14203365E-01
 -0.27831226E-01  0.16155429E+00 -0.71156324E-02
 -0.27855884E-01  0.16071866E+00  0.28853045E-05
  0.55518911E-01 -0.13345779E-01 -0.11236494E-04
  0.55469365E-01 -0.12886113E-01 -0.47194634E-02
  0.55428593E-01 -0.12364325E-01 -0.93652044E-02
  0.55368897E-01 -0.11784237E-01 -0.13949335E-01
  0.55258180E-01 -0.11151524E-01 -0.18473993E-01
  0.55062977E-01 -0.10473383E-01 -0.22940883E-01
  0.54751721E-01 -0.97580961E-02 -0.27349752E-01
  0.54297971E-01 -0.90145356E-02 -0.31697170E-01
  0.53683274E-01 -0.82516392E-02 -0.35975733E-01
  0.52899411E-01 -0.74779025E-02 -0.40173755E-01
  0.51949781E-01 -0.67009228E-02 -0.44275449E-01
  0.50849776E-01 -0.59270268E-02 -0.48261594E-01
  0.49626088E-01 -0.51610079E-02 -0.52110582E-01
  0.48314967E-01 -0.44059854E-02 -0.55799749E-01
  0.46959561E-01 -0.36633912E-02 -0.59306850E-01
  0.45606543E-01 -0.29330764E-02 -0.62611536E-01
  0.44302304E-01 -0.22135233E-02 -0.65696675E-01
  0.43089033E-01 -0.15021379E-02 -0.68549414E-01
  0.42001018E-01 -0.79559488E-03 -0.71161869E-01
  0.41061500E-01 -0.90204233E-04 -0.73531389E-01
  0.40280359E-01  0.61773268E-03 -0.75660385E-01
  0.39652859E-01  0.13316052E-02 -0.77555736E-01
  0.39159569E-01  0.20542370E-02 -0.79227855E-01
  0.38767516E-01  0.27877087E-02 -0.80689494E-01
  0.38432473E-01  0.35332669E-02 -0.81954429E-01
  0.38102246E-01  0.42913221E-02 -0.83036133E-01
  0.37720677E-01  0.50615272E-02 -0.83946578E-01
  0.37232069E-01  0.58429250E-02 -0.84695274E-01
  0.36585669E-01  0.66341431E-02 -0.85288639E-01
  0.35739837E-01  0.74336178E-02 -0.85729737E-01
  0.34665577E-01  0.82398201E-02 -0.86018430E-01
  0.33349119E-01  0.90514653E-02 -0.86151894E-01
  0.31793347E-01  0.98676827E-02 -0.86125462E-01
  0.30017939E-01  0.10688133E-01 -0.85933707E-01
  0.28058205E-01  0.11513064E-01 -0.85571646E-01
  0.25962701E-01  0.12343297E-01 -0.85035959E-01
  0.23789809E-01  0.13180153E-01 -0.84326105E-01
  0.21603536E-01  0.14025322E-01 -0.83445215E-01
  0.19468873E-01  0.14880694E-01 -0.82400697E-01
  0.17447078E-01  0.15748163E-01 -0.81204473E-01
  0.15591232E-01  0.16629430E-01 -0.79872839E-01
  0.13942448E-01  0.17525823E-01 -0.78425949E-01
 -0.30532406E-01 -0.19106606E-01 -0.10881538E+00
 -0.33007059E-01 -0.14908666E-01 -0.11144343E+00
 -0.35033236E-01 -0.10679909E-01 -0.11380682E+00
 -0.36632839E-01 -0.64263803E-02 -0.11591870E+00
 -0.37845083E-01 -0.21548749E-02 -0.11779494E+00
 -0.38723190E-01  0.21272738E-02 -0.11945229E+00
 -0.39330198E-01  0.64124754E-02 -0.12090688E+00
 -0.39734219E-01  0.10693218E-01 -0.12217291E+00
 -0.40003522E-01  0.14962429E-01 -0.12326177E+00
 -0.40201800E-01  0.19213821E-01 -0.12418156E+00
 -0.40383978E-01  0.23442216E-01 -0.12493705E+00
 -0.40592849E-01  0.27643790E-01 -0.12553002E+00
 -0.40856777E-01  0.31816244E-01 -0.12595993E+00
 -0.41188598E-01  0.35958872E-01 -0.12622485E+00
 -0.41585762E-01  0.40072523E-01 -0.12632248E+00
 -0.42031659E-01  0.44159465E-01 -0.12625122E+00
 -0.42497993E-01  0.48223152E-01 -0.12601112E+00
 -0.42947982E-01  0.52267921E-01 -0.12560465E+00
 -0.43340091E-01  0.56298634E-01 -0.12503717E+00
 -0.43632019E-01  0.60320304E-01 -0.12431710E+00
 -0.43784578E-01  0.64337716E-01 -0.12345574E+00
 -0.43765196E-01  0.68355081E-01 -0.12246672E+00
 -0.43550761E-01  0.72375751E-01 -0.12136520E+00
 -0.43129608E-01  0.76401993E-01 -0.12016675E+00
 -0.42502518E-01  0.80434850E-01 -0.11888619E+00
 -0.41682687E-01  0.84474086E-01 -0.11753628E+00
 -0.40694696E-01  0.88518202E-01 -0.11612651E+00
 -0.39572600E-01  0.92564518E-01 -0.11466204E+00
 -0.38357331E-01  0.96609294E-01 -0.11314285E+00
 -0.37093625E-01  0.10064787E+00 -0.11156323E+00
 -0.35826767E-01  0.10467480E+00 -0.10991158E+00
 -0.34599396E-01  0.10868395E+00 -0.10817067E+00
 -0.33448652E-01  0.11266854E+00 -0.10631814E+00
 -0.32403868E-01  0.11662110E+00 -0.10432745E+00
 -0.31484989E-01  0.12053338E+00 -0.10216899E+00
 -0.30701811E-01  0.12439620E+00 -0.99811479E-01
 -0.30054081E-01  0.12819913E+00 -0.97223436E-01
 -0.29532406E-01  0.13193026E+00 -0.94374635E-01
 -0.29119868E-01  0.13557589E+00 -0.91237535E-01
 -0.28794186E-01  0.13912022E+00 -0.87788543E-01
 -0.28530203E-01  0.14254518E+00 -0.84009059E-01
 -0.28302486E-01  0.14583027E+00 -0.79886275E-01
 -0.28087795E-01  0.14895259E+00 -0.75413681E-01
 -0.27867216E-01  0.15188699E+00 -0.70591294E-01
 -0.27627783E-01  0.15460643E+00 -0.65425618E-01
 -0.27363453E-01  0.15708249E+00 -0.59929364E-01
 -0.27075380E-01  0.15928605E+00 -0.54120987E-01
 -0.26771477E-01  0.16118812E+00 -0.48024071E-01
 -0.26465339E-01  0.16276074E+00 -0.41666629E-01
 -0.26174642E-01  0.16397801E+00 -0.35080364E-01
 -0.25919185E-01  0.16481702E+00 -0.28299931E-01
 -0.25718777E-01  0.16525885E+00 -0.21362235E-01
 -0.25591165E-01  0.16528929E+00 -0.14305794E-01
 -0.25550218E-01  0.16489962E+00 -0.71701749E-02
 -0.25604525E-01  0.16408694E+00  0.44973053E-05
  0.57201337E-01 -0.14222048E-01 -0.16256366E-04
  0.57060378E-01 -0.13727067E-01 -0.47804010E-02
  0.56915879E-01 -0.13174803E-01 -0.94470398E-02
  0.56750410E-01 -0.12570616E-01 -0.14009009E-01
  0.56542864E-01 -0.11921452E-01 -0.18464212E-01
  0.56270525E-01 -0.11235446E-01 -0.22814472E-01
  0.55911350E-01 -0.10521433E-01 -0.27064172E-01
  0.55446283E-01 -0.97884132E-02 -0.31218788E-01
  0.54861354E-01 -0.90450046E-02 -0.35283446E-01
  0.54149372E-01 -0.82989375E-02 -0.39261611E-01
  0.53311049E-01 -0.75566161E-02 -0.43154016E-01
  0.52355419E-01 -0.68227878E-02 -0.46957896E-01
  0.51299499E-01 -0.61003400E-02 -0.50666580E-01
  0.50167210E-01 -0.53902379E-02 -0.54269456E-01
  0.48987620E-01 -0.46916036E-02 -0.57752297E-01
  0.47792660E-01 -0.40019260E-02 -0.61097906E-01
  0.46614501E-01 -0.33173806E-02 -0.64287012E-01
  0.45482808E-01 -0.26332311E-02 -0.67299351E-01
  0.44422125E-01 -0.19442771E-02 -0.70114821E-01
  0.43449616E-01 -0.12453117E-02 -0.72714644E-01
  0.42573360E-01 -0.53155264E-03 -0.75082432E-01
  0.41791389E-01  0.20098677E-03 -0.77205085E-01
  0.41091534E-01  0.95521236E-03 -0.79073479E-01
  0.40452145E-01  0.17327693E-02 -0.80682884E-01
  0.39843617E-01  0.25339767E-02 -0.82033111E-01
  0.39230626E-01  0.33578761E-02 -0.83128392E-01
  0.38574899E-01  0.42023844E-02 -0.83977005E-01
  0.37838291E-01  0.50645339E-02 -0.84590703E-01
  0.36985928E-01  0.59407743E-02 -0.84983980E-01
  0.35989148E-01  0.68273091E-02 -0.85173247E-01
  0.34828016E-01  0.77204359E-02 -0.85175973E-01
  0.33493169E-01  0.86168622E-02 -0.85009855E-01
  0.31986875E-01  0.95139698E-02 -0.84692058E-01
  0.30323176E-01  0.10410008E-01 -0.84238592E-01
  0.28527119E-01  0.11304203E-01 -0.83663831E-01
  0.26633117E-01  0.12196771E-01 -0.82980208E-01
  0.24682577E-01  0.13088853E-01 -0.82198090E-01
  0.22720964E-01  0.13982356E-01 -0.81325825E-01
  0.20794549E-01  0.14879743E-01 -0.80369930E-01
  0.18947079E-01  0.15783774E-01 -0.79335414E-01
 -0.12577032E-01 -0.19933489E-01 -0.98405497E-01
 -0.15954496E-01 -0.15947131E-01 -0.10197149E+00
 -0.19002301E-01 -0.11930566E-01 -0.10529944E+00
 -0.21700576E-01 -0.78857940E-02 -0.10836822E+00
 -0.24044432E-01 -0.38157149E-02 -0.11116253E+00
 -0.26043561E-01  0.27579752E-03 -0.11367304E+00
 -0.27720850E-01  0.43839229E-02 -0.11589621E+00
 -0.29110131E-01  0.85030275E-02 -0.11783390E+00
 -0.30253256E-01  0.12626895E-01 -0.11949279E+00
 -0.31196728E-01  0.16749033E-01 -0.12088366E+00
 -0.31988169E-01  0.20863035E-01 -0.12202053E+00
 -0.32672868E-01  0.24962961E-01 -0.12291982E+00
 -0.33290691E-01  0.29043700E-01 -0.12359946E+00
 -0.33873560E-01  0.33101297E-01 -0.12407809E+00
 -0.34443678E-01  0.37133198E-01 -0.12437424E+00
 -0.35012598E-01  0.41138400E-01 -0.12450575E+00
 -0.35581194E-01  0.45117496E-01 -0.12448921E+00
 -0.36140482E-01  0.49072594E-01 -0.12433955E+00
 -0.36673205E-01  0.53007143E-01 -0.12406978E+00
 -0.37156035E-01  0.56925644E-01 -0.12369086E+00
 -0.37562172E-01  0.60833301E-01 -0.12321161E+00
 -0.37864146E-01  0.64735621E-01 -0.12263878E+00
 -0.38036569E-01  0.68637998E-01 -0.12197711E+00
 -0.38058634E-01  0.72545314E-01 -0.12122951E+00
 -0.37916156E-01  0.76461584E-01 -0.12039714E+00
 -0.37603009E-01  0.80389668E-01 -0.11947956E+00
 -0.37121870E-01  0.84331076E-01 -0.11847486E+00
 -0.36484220E-01  0.88285854E-01 -0.11737967E+00
 -0.35709634E-01  0.92252573E-01 -0.11618922E+00
 -0.34824434E-01  0.96228390E-01 -0.11489732E+00
 -0.33859837E-01  0.10020918E+00 -0.11349630E+00
 -0.32849773E-01  0.10418970E+00 -0.11197697E+00
 -0.31828538E-01  0.10816375E+00 -0.11032854E+00
 -0.30828506E-01  0.11212437E+00 -0.10853862E+00
 -0.29878067E-01  0.11606388E+00 -0.10659325E+00
 -0.28999957E-01  0.11997400E+00 -0.10447694E+00
 -0.28210106E-01  0.12384575E+00 -0.10217288E+00
 -0.27517076E-01  0.12766933E+00 -0.99663196E-01
 -0.26922120E-01  0.13143396E+00 -0.96929345E-01
 -0.26419824E-01  0.13512755E+00 -0.93952560E-01
 -0.25999269E-01  0.13873648E+00 -0.90714449E-01
 -0.25645582E-01  0.14224523E+00 -0.87197647E-01
 -0.25341732E-01  0.14563618E+00 -0.83386538E-01
 -0.25070410E-01  0.14888942E+00 -0.79268017E-01
 -0.24815818E-01  0.15198270E+00 -0.74832243E-01
 -0.24565221E-01  0.15489154E+00 -0.70073376E-01
 -0.24310122E-01  0.15758952E+00 -0.64990236E-01
 -0.24046979E-01  0.16004871E+00 -0.59586856E-01
 -0.23777402E-01  0.16224034E+00 -0.53872892E-01
 -0.23507842E-01  0.16413558E+00 -0.47863866E-01
 -0.23248807E-01  0.16570646E+00 -0.41581205E-01
 -0.23013699E-01  0.16692687E+00 -0.35052066E-01
 -0.22817386E-01  0.16777355E+00 -0.28308946E-01
 -0.22674660E-01  0.16822709E+00 -0.21389085E-01
 -0.22598729E-01  0.16827276E+00 -0.14333669E-01
 -0.22599878E-01  0.16790127E+00 -0.71868852E-02
 -0.22684455E-01  0.16710922E+00  0.51397419E-05
  0.58974259E-01 -0.15457956E-01 -0.18702502E-04
  0.58725492E-01 -0.14946331E-01 -0.47975665E-02
  0.58453965E-01 -0.14384041E-01 -0.94620919E-02
  0.58154909E-01 -0.13777462E-01 -0.13999330E-01
  0.57820900E-01 -0.13134177E-01 -0.18403504E-01
  0.57442738E-01 -0.12462536E-01 -0.22675302E-01
  0.57010519E-01 -0.11771147E-01 -0.26820718E-01
  0.56514806E-01 -0.11068335E-01 -0.30849529E-01
  0.55947770E-01 -0.10361613E-01 -0.34773546E-01
  0.55304196E-01 -0.96572140E-02 -0.38604764E-01
  0.54582252E-01 -0.89597090E-02 -0.42353559E-01
  0.53783930E-01 -0.82717486E-02 -0.46027074E-01
  0.52915134E-01 -0.75939483E-02 -0.49627913E-01
  0.51985363E-01 -0.69249239E-02 -0.53153245E-01
  0.51007048E-01 -0.62614734E-02 -0.56594377E-01
  0.49994571E-01 -0.55988915E-02 -0.59936830E-01
  0.48963070E-01 -0.49313895E-02 -0.63160906E-01
  0.47927120E-01 -0.42525864E-02 -0.66242704E-01
  0.46899426E-01 -0.35560334E-02 -0.69155496E-01
  0.45889644E-01 -0.28357287E-02 -0.71871374E-01
  0.44903440E-01 -0.20865858E-02 -0.74363030E-01
  0.43941872E-01 -0.13048168E-02 -0.76605534E-01
  0.43001185E-01 -0.48820648E-03 -0.78578001E-01
  0.42073006E-01  0.36374317E-03 -0.80264999E-01
  0.41144980E-01  0.12498042E-02 -0.81657612E-01
  0.40201752E-01  0.21671472E-02 -0.82754084E-01
  0.39226262E-01  0.31115839E-02 -0.83559996E-01
  0.38201216E-01  0.40779070E-02 -0.84087964E-01
  0.37110621E-01  0.50602950E-02 -0.84356906E-01
  0.35941265E-01  0.60527501E-02 -0.84390901E-01
  0.34683995E-01  0.70495324E-02 -0.84217754E-01
  0.33334702E-01  0.80455577E-02 -0.83867369E-01
  0.31894914E-01  0.90367269E-02 -0.83370028E-01
  0.30371954E-01  0.10020166E-01 -0.82754723E-01
  0.28778627E-01  0.10994357E-01 -0.82047647E-01
  0.27132483E-01  0.11959165E-01 -0.81270943E-01
  0.25454684E-01  0.12915740E-01 -0.80441798E-01
  0.23768583E-01  0.13866340E-01 -0.79571943E-01
  0.22098122E-01  0.14814058E-01 -0.78667571E-01
  0.28414204E-02 -0.16223191E-01 -0.90351036E-01
 -0.64411703E-03 -0.12364108E-01 -0.94329154E-01
 -0.39457585E-02 -0.84869323E-02 -0.98140676E-01
 -0.70351144E-02 -0.45911516E-02 -0.10174557E+00
 -0.98918204E-02 -0.67694919E-03 -0.10510769E+00
 -0.12504140E-01  0.32545676E-02 -0.10819628E+00
 -0.14868990E-01  0.72012353E-02 -0.11098726E+00
 -0.16991409E-01  0.11159813E-01 -0.11346407E+00
 -0.18883520E-01  0.15126078E-01 -0.11561822E+00
 -0.20563069E-01  0.19095031E-01 -0.11744940E+00
 -0.22051692E-01  0.23061192E-01 -0.11896512E+00
 -0.23373012E-01  0.27018964E-01 -0.12018000E+00
 -0.24550754E-01  0.30963033E-01 -0.12111468E+00
 -0.25606988E-01  0.34888762E-01 -0.12179449E+00
 -0.26560651E-01  0.38792550E-01 -0.12224788E+00
 -0.27426433E-01  0.42672126E-01 -0.12250482E+00
 -0.28214106E-01  0.46526736E-01 -0.12259514E+00
 -0.28928314E-01  0.50357228E-01 -0.12254706E+00
 -0.29568838E-01  0.54166006E-01 -0.12238578E+00
 -0.30131264E-01  0.57956864E-01 -0.12213250E+00
 -0.30608007E-01  0.61734722E-01 -0.12180361E+00
 -0.30989577E-01  0.65505257E-01 -0.12141030E+00
 -0.31265964E-01  0.69274495E-01 -0.12095848E+00
 -0.31428045E-01  0.73048365E-01 -0.12044901E+00
 -0.31468867E-01  0.76832266E-01 -0.11987822E+00
 -0.31384724E-01  0.80630675E-01 -0.11923866E+00
 -0.31175931E-01  0.84446830E-01 -0.11851993E+00
 -0.30847240E-01  0.88282489E-01 -0.11770963E+00
 -0.30407879E-01  0.92137806E-01 -0.11679425E+00
 -0.29871216E-01  0.96011300E-01 -0.11576000E+00
 -0.29254081E-01  0.99899917E-01 -0.11459346E+00
 -0.28575822E-01  0.10379917E+00 -0.11328205E+00
 -0.27857168E-01  0.10770335E+00 -0.11181429E+00
 -0.27119005E-01  0.11160568E+00 -0.11017984E+00
 -0.26381165E-01  0.11549858E+00 -0.10836938E+00
 -0.25661324E-01  0.11937380E+00 -0.10637424E+00
 -0.24974110E-01  0.12322246E+00 -0.10418606E+00
 -0.24330470E-01  0.12703514E+00 -0.10179630E+00
 -0.23737350E-01  0.13080170E+00 -0.99195834E-01
 -0.23197709E-01  0.13451117E+00 -0.96374622E-01
 -0.22710845E-01  0.13815147E+00 -0.93321558E-01
 -0.22272998E-01  0.14170909E+00 -0.90024487E-01
 -0.21878172E-01  0.14516882E+00 -0.86470462E-01
 -0.21519095E-01  0.14851344E+00 -0.82646240E-01
 -0.21188222E-01  0.15172355E+00 -0.78538989E-01
 -0.20878710E-01  0.15477741E+00 -0.74137186E-01
 -0.20585248E-01  0.15765109E+00 -0.69431643E-01
 -0.20304709E-01  0.16031861E+00 -0.64416592E-01
 -0.20036537E-01  0.16275244E+00 -0.59090755E-01
 -0.19782864E-01  0.16492407E+00 -0.53458298E-01
 -0.19548347E-01  0.16680481E+00 -0.47529612E-01
 -0.19339736E-01  0.16836667E+00 -0.41321814E-01
 -0.19165246E-01  0.16958341E+00 -0.34858948E-01
 -0.19033769E-01  0.17043152E+00 -0.28171825E-01
 -0.18954027E-01  0.17089127E+00 -0.21297492E-01
 -0.18933734E-01  0.17094758E+00 -0.14278372E-01
 -0.18978856E-01  0.17059077E+00 -0.71610850E-02
 -0.19093039E-01  0.16981712E+00  0.49539118E-05
  0.60728327E-01 -0.16915990E-01 -0.18126125E-04
  0.60377186E-01 -0.16403143E-01 -0.47638012E-02
  0.59980609E-01 -0.15846730E-01 -0.93980934E-02
  0.59546585E-01 -0.15253636E-01 -0.13904851E-01
  0.59081569E-01 -0.14631522E-01 -0.18275351E-01
  0.58590163E-01 -0.13988372E-01 -0.22507900E-01
  0.58074964E-01 -0.13331991E-01 -0.26606918E-01
  0.57536578E-01 -0.12669486E-01 -0.30581579E-01
  0.56973796E-01 -0.12006789E-01 -0.34444107E-01
  0.56383887E-01 -0.11348250E-01 -0.38207883E-01
  0.55763001E-01 -0.10696330E-01 -0.41885491E-01
  0.55106627E-01 -0.10051443E-01 -0.45486878E-01
  0.54410068E-01 -0.94119304E-02 -0.49017754E-01
  0.53668892E-01 -0.87742011E-02 -0.52478376E-01
  0.52879335E-01 -0.81330106E-02 -0.55862804E-01
  0.52038609E-01 -0.74818665E-02 -0.59158690E-01
  0.51145119E-01 -0.68135272E-02 -0.62347620E-01
  0.50198562E-01 -0.61205572E-02 -0.65405983E-01
  0.49199918E-01 -0.53958958E-02 -0.68306306E-01
  0.48151343E-01 -0.46333967E-02 -0.71018949E-01
  0.47055979E-01 -0.38282974E-02 -0.73514030E-01
  0.45917712E-01 -0.29775835E-02 -0.75763449E-01
  0.44740888E-01 -0.20802225E-02 -0.77742831E-01
  0.43530035E-01 -0.11372504E-02 -0.79433267E-01
  0.42289596E-01 -0.15170775E-03 -0.80822708E-01
  0.41023708E-01  0.87156788E-03 -0.81906904E-01
  0.39736033E-01  0.19262738E-02 -0.82689831E-01
  0.38429656E-01  0.30050714E-02 -0.83183559E-01
  0.37107051E-01  0.41000784E-02 -0.83407587E-01
  0.35770104E-01  0.52033844E-02 -0.83387680E-01
  0.34420203E-01  0.63075535E-02 -0.83154309E-01
  0.33058358E-01  0.74060732E-02 -0.82740802E-01
  0.31685351E-01  0.84937212E-02 -0.82181346E-01
  0.30301893E-01  0.95668243E-02 -0.81508989E-01
  0.28908779E-01  0.10623394E-01 -0.80753777E-01
  0.27507011E-01  0.11663133E-01 -0.79941178E-01
  0.26097903E-01  0.12687321E-01 -0.79090887E-01
  0.20982951E-01 -0.16174660E-01 -0.78135361E-01
  0.17673880E-01 -0.12388404E-01 -0.82324678E-01
  0.14393724E-01 -0.86020364E-02 -0.86465920E-01
  0.11165855E-01 -0.48133923E-02 -0.90514594E-01
  0.80130861E-02 -0.10202930E-02 -0.94425025E-01
  0.49570173E-02  0.27790775E-02 -0.98152367E-01
  0.20174206E-02  0.65858414E-02 -0.10165465E+00
 -0.78828215E-03  0.10400174E-01 -0.10489473E+00
 -0.34454233E-02  0.14221149E-01 -0.10784201E+00
 -0.59423543E-02  0.18046705E-01 -0.11047380E+00
 -0.82705619E-02  0.21873730E-01 -0.11277626E+00
 -0.10424639E-01  0.25698261E-01 -0.11474482E+00
 -0.12402121E-01  0.29515781E-01 -0.11638410E+00
 -0.14203213E-01  0.33321588E-01 -0.11770731E+00
 -0.15830426E-01  0.37111197E-01 -0.11873513E+00
 -0.17288170E-01  0.40880746E-01 -0.11949428E+00
 -0.18582314E-01  0.44627365E-01 -0.12001574E+00
 -0.19719757E-01  0.48349476E-01 -0.12033283E+00
 -0.20708037E-01  0.52046991E-01 -0.12047920E+00
 -0.21554987E-01  0.55721403E-01 -0.12048696E+00
 -0.22268465E-01  0.59375744E-01 -0.12038498E+00
 -0.22856158E-01  0.63014417E-01 -0.12019749E+00
 -0.23325472E-01  0.66642924E-01 -0.11994304E+00
 -0.23683478E-01  0.70267498E-01 -0.11963396E+00
 -0.23936943E-01  0.73894675E-01 -0.11927613E+00
 -0.24092394E-01  0.77530840E-01 -0.11886927E+00
 -0.24156218E-01  0.81181781E-01 -0.11840756E+00
 -0.24134782E-01  0.84852281E-01 -0.11788055E+00
 -0.24034541E-01  0.88545788E-01 -0.11727429E+00
 -0.23862132E-01  0.92264175E-01 -0.11657251E+00
 -0.23624440E-01  0.96007601E-01 -0.11575793E+00
 -0.23328613E-01  0.99774491E-01 -0.11481330E+00
 -0.22982050E-01  0.10356160E+00 -0.11372237E+00
 -0.22592327E-01  0.10736419E+00 -0.11247059E+00
 -0.22167103E-01  0.11117620E+00 -0.11104552E+00
 -0.21713989E-01  0.11499052E+00 -0.10943691E+00
 -0.21240396E-01  0.11879919E+00 -0.10763659E+00
 -0.20753396E-01  0.12259360E+00 -0.10563800E+00
 -0.20259575E-01  0.12636459E+00 -0.10343568E+00
 -0.19764929E-01  0.13010248E+00 -0.10102454E+00
 -0.19274783E-01  0.13379701E+00 -0.98399246E-01
 -0.18793758E-01  0.13743715E+00 -0.95553551E-01
 -0.18325786E-01  0.14101088E+00 -0.92479924E-01
 -0.17874165E-01  0.14450486E+00 -0.89169316E-01
 -0.17441660E-01  0.14790414E+00 -0.85611237E-01
 -0.17030636E-01  0.15119182E+00 -0.81794127E-01
 -0.16643195E-01  0.15434887E+00 -0.77706000E-01
 -0.16281339E-01  0.15735397E+00 -0.73335366E-01
 -0.15947099E-01  0.16018355E+00 -0.68672329E-01
 -0.15642656E-01  0.16281204E+00 -0.63709808E-01
 -0.15370413E-01  0.16521219E+00 -0.58444776E-01
 -0.15133026E-01  0.16735573E+00 -0.52879421E-01
 -0.14933382E-01  0.16921412E+00 -0.47022109E-01
 -0.14774531E-01  0.17075946E+00 -0.40888085E-01
 -0.14659575E-01  0.17196548E+00 -0.34499815E-01
 -0.14591517E-01  0.17280860E+00 -0.27886934E-01
 -0.14573098E-01  0.17326896E+00 -0.21085775E-01
 -0.14606624E-01  0.17333130E+00 -0.14138505E-01
 -0.14693814E-01  0.17298579E+00 -0.70918896E-02
 -0.14835669E-01  0.17222856E+00  0.42031512E-05
  0.62299444E-01 -0.18393694E-01 -0.14569133E-04
  0.61871288E-01 -0.17890851E-01 -0.46797309E-02
  0.61375457E-01 -0.17350725E-01 -0.92545412E-02
  0.60830633E-01 -0.16780252E-01 -0.13722126E-01
  0.60255008E-01 -0.16186740E-01 -0.18071600E-01
  0.59664951E-01 -0.15577423E-01 -0.22297861E-01
  0.59073825E-01 -0.14958986E-01 -0.26400953E-01
  0.58491017E-01 -0.14337095E-01 -0.30385045E-01
  0.57921283E-01 -0.13715984E-01 -0.34257124E-01
  0.57364436E-01 -0.13098121E-01 -0.38025490E-01
  0.56815425E-01 -0.12483990E-01 -0.41698189E-01
  0.56264780E-01 -0.11872020E-01 -0.45281493E-01
  0.55699401E-01 -0.11258650E-01 -0.48778574E-01
  0.55103638E-01 -0.10638557E-01 -0.52188456E-01
  0.54460564E-01 -0.10005008E-01 -0.55505344E-01
  0.53753353E-01 -0.93503322E-02 -0.58718391E-01
  0.52966668E-01 -0.86664688E-02 -0.61811906E-01
  0.52087933E-01 -0.79455506E-02 -0.64766009E-01
  0.51108405E-01 -0.71804867E-02 -0.67557684E-01
  0.50023969E-01 -0.63654943E-02 -0.70162133E-01
  0.48835571E-01 -0.54965432E-02 -0.72554352E-01
  0.47549291E-01 -0.45716798E-02 -0.74710798E-01
  0.46176018E-01 -0.35912056E-02 -0.76611007E-01
  0.44730769E-01 -0.25577006E-02 -0.78239070E-01
  0.43231703E-01 -0.14758882E-02 -0.79584821E-01
  0.41698896E-01 -0.35235593E-03 -0.80644667E-01
  0.40152980E-01  0.80484795E-03 -0.81421989E-01
  0.38613741E-01  0.19867090E-02 -0.81927076E-01
  0.37098792E-01  0.31837963E-02 -0.82176613E-01
  0.35622406E-01  0.43868254E-02 -0.82192741E-01
  0.34194613E-01  0.55871945E-02 -0.82001772E-01
  0.32820614E-01  0.67774570E-02 -0.81632651E-01
  0.31500565E-01  0.79516965E-02 -0.81115274E-01
  0.30229736E-01  0.91057833E-02 -0.80478792E-01
  0.28999035E-01  0.10237497E-01 -0.79750021E-01
  0.36810243E-01 -0.16232911E-01 -0.66491107E-01
  0.34039030E-01 -0.12431717E-01 -0.70589045E-01
  0.31220190E-01 -0.86490917E-02 -0.74718592E-01
  0.28356863E-01 -0.48833750E-02 -0.78845369E-01
  0.25454478E-01 -0.11320827E-02 -0.82930843E-01
  0.22521398E-01  0.26077050E-02 -0.86933650E-01
  0.19569322E-01  0.63389356E-02 -0.90811216E-01
  0.16613433E-01  0.10064194E-01 -0.94521532E-01
  0.13672252E-01  0.13785369E-01 -0.98025008E-01
  0.10767208E-01  0.17503397E-01 -0.10128623E+00
  0.79219600E-02  0.21218121E-01 -0.10427558E+00
  0.51614937E-02  0.24928262E-01 -0.10697046E+00
  0.25110740E-02  0.28631517E-01 -0.10935626E+00
 -0.48900089E-05  0.32324764E-01 -0.11142677E+00
 -0.23639840E-02  0.36004369E-01 -0.11318419E+00
 -0.45468543E-02  0.39666544E-01 -0.11463866E+00
 -0.65381287E-02  0.43307757E-01 -0.11580729E+00
 -0.83271269E-02  0.46925118E-01 -0.11671296E+00
 -0.99083142E-02  0.50516738E-01 -0.11738271E+00
 -0.11281465E-01  0.54082011E-01 -0.11784605E+00
 -0.12451531E-01  0.57621799E-01 -0.11813316E+00
 -0.13428214E-01  0.61138493E-01 -0.11827319E+00
 -0.14225290E-01  0.64635965E-01 -0.11829266E+00
 -0.14859718E-01  0.68119378E-01 -0.11821420E+00
 -0.15350605E-01  0.71594907E-01 -0.11805558E+00
 -0.15718102E-01  0.75069362E-01 -0.11782904E+00
 -0.15982297E-01  0.78549755E-01 -0.11754112E+00
 -0.16162194E-01  0.82042849E-01 -0.11719280E+00
 -0.16274827E-01  0.85554711E-01 -0.11677996E+00
 -0.16334583E-01  0.89090317E-01 -0.11629414E+00
 -0.16352758E-01  0.92653224E-01 -0.11572351E+00
 -0.16337375E-01  0.96245344E-01 -0.11505391E+00
 -0.16293251E-01  0.99866817E-01 -0.11426988E+00
 -0.16222311E-01  0.10351600E+00 -0.11335574E+00
 -0.16124091E-01  0.10718955E+00 -0.11229639E+00
 -0.15996402E-01  0.11088259E+00 -0.11107795E+00
 -0.15836071E-01  0.11458893E+00 -0.10968821E+00
 -0.15639715E-01  0.11830131E+00 -0.10811675E+00
 -0.15404473E-01  0.12201165E+00 -0.10635486E+00
 -0.15128641E-01  0.12571122E+00 -0.10439526E+00
 -0.14812164E-01  0.12939078E+00 -0.10223163E+00
 -0.14456955E-01  0.13304060E+00 -0.99858049E-01
 -0.14067018E-01  0.13665042E+00 -0.97268493E-01
 -0.13648380E-01  0.14020924E+00 -0.94456303E-01
 -0.13208844E-01  0.14370514E+00 -0.91413848E-01
 -0.12757597E-01  0.14712492E+00 -0.88132364E-01
 -0.12304707E-01  0.15045380E+00 -0.84602039E-01
 -0.11860569E-01  0.15367512E+00 -0.80812346E-01
 -0.11435334E-01  0.15677010E+00 -0.76752638E-01
 -0.11038382E-01  0.15971771E+00 -0.72412962E-01
 -0.10677880E-01  0.16249467E+00 -0.67785056E-01
 -0.10360458E-01  0.16507570E+00 -0.62863432E-01
 -0.10091013E-01  0.16743384E+00 -0.57646494E-01
 -0.98726761E-02  0.16954110E+00 -0.52137570E-01
 -0.97069081E-02  0.17136915E+00 -0.46345782E-01
 -0.95937253E-02  0.17289029E+00 -0.40286669E-01
 -0.95320209E-02  0.17407842E+00 -0.33982489E-01
 -0.95199457E-02  0.17491008E+00 -0.27462163E-01
 -0.95553104E-02  0.17536548E+00 -0.20760842E-01
 -0.96359679E-02  0.17542943E+00 -0.13919106E-01
 -0.97601393E-02  0.17509210E+00 -0.69818346E-02
 -0.99266540E-02  0.17434959E+00  0.31779984E-05
  0.63499455E-01 -0.19660456E-01 -0.85660218E-05
  0.63034133E-01 -0.19174473E-01 -0.45537049E-02
  0.62483138E-01 -0.18655583E-01 -0.90430138E-02
  0.61872086E-01 -0.18110400E-01 -0.13460919E-01
  0.61226929E-01 -0.17545600E-01 -0.17795120E-01
  0.60571959E-01 -0.16967496E-01 -0.22036478E-01
  0.59927913E-01 -0.16381608E-01 -0.26178674E-01
  0.59310349E-01 -0.15792257E-01 -0.30217679E-01
  0.58728409E-01 -0.15202209E-01 -0.34151072E-01
  0.58184088E-01 -0.14612422E-01 -0.37977265E-01
  0.57672068E-01 -0.14021903E-01 -0.41694710E-01
  0.57180129E-01 -0.13427699E-01 -0.45301134E-01
  0.56690124E-01 -0.12825042E-01 -0.48792886E-01
  0.56179446E-01 -0.12207617E-01 -0.52164442E-01
  0.55622862E-01 -0.11567968E-01 -0.55408104E-01
  0.54994589E-01 -0.10897990E-01 -0.58513935E-01
  0.54270435E-01 -0.10189491E-01 -0.61469916E-01
  0.53429852E-01 -0.94347682E-02 -0.64262345E-01
  0.52457720E-01 -0.86271752E-02 -0.66876421E-01
  0.51345734E-01 -0.77616180E-02 -0.69296987E-01
  0.50093274E-01 -0.68349586E-02 -0.71509374E-01
  0.48707681E-01 -0.58462883E-02 -0.73500279E-01
  0.47203927E-01 -0.47970537E-02 -0.75258612E-01
  0.45603687E-01 -0.36910250E-02 -0.76776254E-01
  0.43933884E-01 -0.25341102E-02 -0.78048651E-01
  0.42224832E-01 -0.13340294E-02 -0.79075227E-01
  0.40508091E-01 -0.99873329E-04 -0.79859551E-01
  0.38814235E-01  0.11584201E-02 -0.80409268E-01
  0.37170671E-01  0.24306347E-02 -0.80735790E-01
  0.35599702E-01  0.37068485E-02 -0.80853758E-01
  0.34116975E-01  0.49779697E-02 -0.80780337E-01
  0.32730431E-01  0.62362006E-02 -0.80534363E-01
  0.31439843E-01  0.74753995E-02 -0.80135424E-01
  0.49816612E-01 -0.16724190E-01 -0.55741801E-01
  0.47640324E-01 -0.12843641E-01 -0.59662048E-01
  0.45415156E-01 -0.89941098E-02 -0.63645735E-01
  0.43129048E-01 -0.51763711E-02 -0.67667825E-01
  0.40769764E-01 -0.13897149E-02 -0.71699841E-01
  0.38326682E-01  0.23677602E-02 -0.75710410E-01
  0.35792510E-01  0.60987813E-02 -0.79666038E-01
  0.33164767E-01  0.98064962E-02 -0.83532084E-01
  0.30446928E-01  0.13494063E-01 -0.87273885E-01
  0.27649123E-01  0.17164271E-01 -0.90857957E-01
  0.24788325E-01  0.20819221E-01 -0.94253207E-01
  0.21888021E-01  0.24460102E-01 -0.97432073E-01
  0.18977364E-01  0.28087072E-01 -0.10037152E+00
  0.16089881E-01  0.31699255E-01 -0.10305384E+00
  0.13261823E-01  0.35294864E-01 -0.10546718E+00
  0.10530269E-01  0.38871418E-01 -0.10760577E+00
  0.79311253E-02  0.42426048E-01 -0.10946991E+00
  0.54971704E-02  0.45955856E-01 -0.11106556E+00
  0.32562697E-02  0.49458299E-01 -0.11240374E+00
  0.12299001E-02  0.52931557E-01 -0.11349969E+00
 -0.56791828E-03  0.56374854E-01 -0.11437179E+00
 -0.21312113E-02  0.59788705E-01 -0.11504051E+00
 -0.34621226E-02  0.63175061E-01 -0.11552716E+00
 -0.45704717E-02  0.66537342E-01 -0.11585280E+00
 -0.54728371E-02  0.69880348E-01 -0.11603717E+00
 -0.61912395E-02  0.73210059E-01 -0.11609782E+00
 -0.67515279E-02  0.76533334E-01 -0.11604940E+00
 -0.71815898E-02  0.79857531E-01 -0.11590315E+00
 -0.75095207E-02  0.83190081E-01 -0.11566668E+00
 -0.77618836E-02  0.86538044E-01 -0.11534390E+00
 -0.79621831E-02  0.89907686E-01 -0.11493518E+00
 -0.81296559E-02  0.93304100E-01 -0.11443772E+00
 -0.82784539E-02  0.96730906E-01 -0.11384596E+00
 -0.84172644E-02  0.10019004E+00 -0.11315217E+00
 -0.85493742E-02  0.10368166E+00 -0.11234697E+00
 -0.86731530E-02  0.10720414E+00 -0.11141993E+00
 -0.87828975E-02  0.11075415E+00 -0.11036005E+00
 -0.88699522E-02  0.11432686E+00 -0.10915614E+00
 -0.89240045E-02  0.11791614E+00 -0.10779713E+00
 -0.89344414E-02  0.12151483E+00 -0.10627227E+00
 -0.88916547E-02  0.12511492E+00 -0.10457113E+00
 -0.87881912E-02  0.12870779E+00 -0.10268360E+00
 -0.86196594E-02  0.13228429E+00 -0.10059973E+00
 -0.83853301E-02  0.13583479E+00 -0.98309641E-01
 -0.80883941E-02  0.13934912E+00 -0.95803313E-01
 -0.77358712E-02  0.14281637E+00 -0.93070523E-01
 -0.73381949E-02  0.14622469E+00 -0.90100813E-01
 -0.69085201E-02  0.14956098E+00 -0.86883594E-01
 -0.64618285E-02  0.15281056E+00 -0.83408381E-01
 -0.60139133E-02  0.15595691E+00 -0.79665180E-01
 -0.55803387E-02  0.15898137E+00 -0.75645011E-01
 -0.51754624E-02  0.16186313E+00 -0.71340557E-01
 -0.48116045E-02  0.16457913E+00 -0.66746893E-01
 -0.44984270E-02  0.16710434E+00 -0.61862262E-01
 -0.42425682E-02  0.16941214E+00 -0.56688829E-01
 -0.40475532E-02  0.17147485E+00 -0.51233363E-01
 -0.39139726E-02  0.17326452E+00 -0.45507783E-01
 -0.38399015E-02  0.17475380E+00 -0.39529515E-01
 -0.38215075E-02  0.17591694E+00 -0.33321608E-01
 -0.38537814E-02  0.17673083E+00 -0.26912599E-01
 -0.39313155E-02  0.17717597E+00 -0.20336098E-01
 -0.40490515E-02  0.17723740E+00 -0.13630101E-01
 -0.42029267E-02  0.17690548E+00 -0.68360819E-02
 -0.43903565E-02  0.17617640E+00  0.21183896E-05
  0.64153518E-01 -0.20501842E-01 -0.10636470E-05
  0.63697635E-01 -0.20035685E-01 -0.44006001E-02
  0.63145475E-01 -0.19538377E-01 -0.87857397E-02
  0.62524847E-01 -0.19015945E-01 -0.13143531E-01
  0.61864427E-01 -0.18474303E-01 -0.17460897E-01
  0.61191501E-01 -0.17918871E-01 -0.21724545E-01
  0.60529802E-01 -0.17354201E-01 -0.25920933E-01
  0.59897608E-01 -0.16783622E-01 -0.30036274E-01
  0.59306257E-01 -0.16208951E-01 -0.34056617E-01
  0.58759212E-01 -0.15630290E-01 -0.37967973E-01
  0.58251758E-01 -0.15045935E-01 -0.41756500E-01
  0.57771358E-01 -0.14452413E-01 -0.45408728E-01
  0.57298659E-01 -0.13844645E-01 -0.48911807E-01
  0.56809056E-01 -0.13216236E-01 -0.52253768E-01
  0.56274716E-01 -0.12559877E-01 -0.55423763E-01
  0.55666890E-01 -0.11867817E-01 -0.58412282E-01
  0.54958330E-01 -0.11132402E-01 -0.61211319E-01
  0.54125626E-01 -0.10346611E-01 -0.63814487E-01
  0.53151268E-01 -0.95045723E-02 -0.66217059E-01
  0.52025269E-01 -0.86020141E-02 -0.68415951E-01
  0.50746211E-01 -0.76366152E-02 -0.70409641E-01
  0.49321630E-01 -0.66082319E-02 -0.72198034E-01
  0.47767704E-01 -0.55189834E-02 -0.73782289E-01
  0.46108257E-01 -0.43731894E-02 -0.75164624E-01
  0.44373160E-01 -0.31771643E-02 -0.76348117E-01
  0.42596248E-01 -0.19388838E-02 -0.77336511E-01
  0.40812910E-01 -0.66754696E-03 -0.78134052E-01
  0.39057547E-01  0.62693263E-03 -0.78745362E-01
  0.37361091E-01  0.19344718E-02 -0.79175355E-01
  0.35748775E-01  0.32453600E-02 -0.79429203E-01
  0.61895985E-01 -0.21799389E-01 -0.42007192E-01
  0.60245198E-01 -0.17793454E-01 -0.45657234E-01
  0.58574107E-01 -0.13813449E-01 -0.49414998E-01
  0.56876148E-01 -0.98655641E-02 -0.53256962E-01
  0.55139177E-01 -0.59541714E-02 -0.57157557E-01
  0.53346809E-01 -0.20818406E-02 -0.61089691E-01
  0.51480174E-01  0.17505309E-02 -0.65025318E-01
  0.49519963E-01  0.55434885E-02 -0.68936029E-01
  0.47448570E-01  0.92987094E-02 -0.72793649E-01
  0.45252182E-01  0.13018634E-01 -0.76570823E-01
  0.42922628E-01  0.16706071E-01 -0.80241564E-01
  0.40458838E-01  0.20363811E-01 -0.83781752E-01
  0.37867798E-01  0.23994280E-01 -0.87169559E-01
  0.35164909E-01  0.27599263E-01 -0.90385802E-01
  0.32373729E-01  0.31179715E-01 -0.93414201E-01
  0.29525094E-01  0.34735689E-01 -0.96241540E-01
  0.26655693E-01  0.38266367E-01 -0.98857734E-01
  0.23806198E-01  0.41770202E-01 -0.10125581E+00
  0.21019067E-01  0.45245149E-01 -0.10343178E+00
  0.18336209E-01  0.48688974E-01 -0.10538448E+00
  0.15796645E-01  0.52099589E-01 -0.10711532E+00
  0.13434367E-01  0.55475413E-01 -0.10862799E+00
  0.11276519E-01  0.58815696E-01 -0.10992817E+00
  0.93420444E-02  0.62120796E-01 -0.11102314E+00
  0.76408799E-02  0.65392377E-01 -0.11192152E+00
  0.61737538E-02  0.68633501E-01 -0.11263287E+00
  0.49325839E-02  0.71848622E-01 -0.11316738E+00
  0.39014395E-02  0.75043458E-01 -0.11353555E+00
  0.30579827E-02  0.78224770E-01 -0.11374788E+00
  0.23752736E-02  0.81400046E-01 -0.11381457E+00
  0.18237988E-02  0.84577122E-01 -0.11374526E+00
  0.13735671E-02  0.87763773E-01 -0.11354870E+00
  0.99611867E-03  0.90967284E-01 -0.11323254E+00
  0.66630198E-03  0.94194060E-01 -0.11280308E+00
  0.36369562E-03  0.97449276E-01 -0.11226503E+00
  0.73583467E-04  0.10073661E+00 -0.11162132E+00
 -0.21257162E-03  0.10405807E+00 -0.11087295E+00
 -0.49716938E-03  0.10741389E+00 -0.11001888E+00
 -0.77700202E-03  0.11080258E+00 -0.10905594E+00
 -0.10442082E-02  0.11422100E+00 -0.10797885E+00
 -0.12875556E-02  0.11766455E+00 -0.10678023E+00
 -0.14939336E-02  0.12112736E+00 -0.10545073E+00
 -0.16499260E-02  0.12460254E+00 -0.10397921E+00
 -0.17433313E-02  0.12808239E+00 -0.10235292E+00
 -0.17645077E-02  0.13155856E+00 -0.10055785E+00
 -0.17074398E-02  0.13502215E+00 -0.98579012E-01
 -0.15704492E-02  0.13846374E+00 -0.96400817E-01
 -0.13565060E-02  0.14187329E+00 -0.94007515E-01
 -0.10731311E-02  0.14524000E+00 -0.91383612E-01
 -0.73191560E-03  0.14855210E+00 -0.88514334E-01
 -0.34771316E-03  0.15179650E+00 -0.85386099E-01
  0.62411261E-04  0.15495856E+00 -0.81986994E-01
  0.48037666E-03  0.15802178E+00 -0.78307246E-01
  0.88831660E-03  0.16096762E+00 -0.74339686E-01
  0.12697376E-02  0.16377536E+00 -0.70080180E-01
  0.16105082E-02  0.16642216E+00 -0.65528035E-01
  0.18996004E-02  0.16888329E+00 -0.60686339E-01
  0.21295291E-02  0.17113247E+00 -0.55562251E-01
  0.22964660E-02  0.17314248E+00 -0.50167197E-01
  0.24000323E-02  0.17488587E+00 -0.44516970E-01
  0.24428048E-02  0.17633584E+00 -0.38631716E-01
  0.24295958E-02  0.17746721E+00 -0.32535796E-01
  0.23665833E-02  0.17825739E+00 -0.26257516E-01
  0.22603837E-02  0.17868739E+00 -0.19828720E-01
  0.21171569E-02  0.17874266E+00 -0.13284258E-01
  0.19418334E-02  0.17841385E+00 -0.66613464E-02
  0.17375337E-02  0.17769736E+00  0.11719284E-05
  0.64137450E-01 -0.20763570E-01  0.67296217E-05
  0.63735880E-01 -0.20317246E-01 -0.42396148E-02
  0.63236830E-01 -0.19838686E-01 -0.85124979E-02
  0.62665419E-01 -0.19333170E-01 -0.12802094E-01
  0.62047813E-01 -0.18805852E-01 -0.17095029E-01
  0.61409162E-01 -0.18261445E-01 -0.21374289E-01
  0.60771583E-01 -0.17703889E-01 -0.25619445E-01
  0.60152387E-01 -0.17136053E-01 -0.29807191E-01
  0.59562674E-01 -0.16559484E-01 -0.33912162E-01
  0.59006425E-01 -0.15974235E-01 -0.37907961E-01
  0.58480175E-01 -0.15378797E-01 -0.41768339E-01
  0.57973287E-01 -0.14770129E-01 -0.45468415E-01
  0.57468828E-01 -0.14143812E-01 -0.48985859E-01
  0.56944967E-01 -0.13494308E-01 -0.52301925E-01
  0.56376803E-01 -0.12815305E-01 -0.55402270E-01
  0.55738458E-01 -0.12100147E-01 -0.58277484E-01
  0.55005293E-01 -0.11342292E-01 -0.60923280E-01
  0.54156044E-01 -0.10535786E-01 -0.63340355E-01
  0.53174726E-01 -0.96757150E-02 -0.65533897E-01
  0.52052136E-01 -0.87585875E-02 -0.67512818E-01
  0.50786836E-01 -0.77826410E-02 -0.69288741E-01
  0.49385529E-01 -0.67480316E-02 -0.70874852E-01
  0.47862807E-01 -0.56569021E-02 -0.72284691E-01
  0.46240260E-01 -0.45133185E-02 -0.73530986E-01
  0.44545037E-01 -0.33230832E-02 -0.74624636E-01
  0.42807962E-01 -0.20934354E-02 -0.75573897E-01
  0.71789975E-01 -0.31535894E-01 -0.26464904E-01
  0.70699807E-01 -0.27489756E-01 -0.29474605E-01
  0.69557156E-01 -0.23432127E-01 -0.32685468E-01
  0.68375429E-01 -0.19374709E-01 -0.36078428E-01
  0.67163309E-01 -0.15328216E-01 -0.39629222E-01
  0.65923877E-01 -0.11302073E-01 -0.43309337E-01
  0.64654260E-01 -0.73041901E-02 -0.47087163E-01
  0.63345840E-01 -0.33408099E-02 -0.50929279E-01
  0.61985000E-01  0.58354541E-03 -0.54801757E-01
  0.60554373E-01  0.44660266E-02 -0.58671421E-01
  0.59034475E-01  0.83053124E-02 -0.62506972E-01
  0.57405595E-01  0.12101377E-01 -0.66279911E-01
  0.55649803E-01  0.15855189E-01 -0.69965221E-01
  0.53752890E-01  0.19568371E-01 -0.73541774E-01
  0.51706108E-01  0.23242841E-01 -0.76992461E-01
  0.49507547E-01  0.26880474E-01 -0.80304058E-01
  0.47163045E-01  0.30482811E-01 -0.83466872E-01
  0.44686553E-01  0.34050838E-01 -0.86474194E-01
  0.42099913E-01  0.37584854E-01 -0.89321652E-01
  0.39432075E-01  0.41084440E-01 -0.92006494E-01
  0.36717780E-01  0.44548531E-01 -0.94526894E-01
  0.33995827E-01  0.47975576E-01 -0.96881333E-01
  0.31307036E-01  0.51363778E-01 -0.99068102E-01
  0.28692051E-01  0.54711384E-01 -0.10108497E+00
  0.26189149E-01  0.58017008E-01 -0.10292906E+00
  0.23832207E-01  0.61279937E-01 -0.10459687E+00
  0.21648961E-01  0.64500416E-01 -0.10608450E+00
  0.19659697E-01  0.67679863E-01 -0.10738806E+00
  0.17876439E-01  0.70821015E-01 -0.10850410E+00
  0.16302690E-01  0.73927964E-01 -0.10943014E+00
  0.14933738E-01  0.77006105E-01 -0.11016518E+00
  0.13757487E-01  0.80061975E-01 -0.11071012E+00
  0.12755730E-01  0.83103009E-01 -0.11106809E+00
  0.11905778E-01  0.86137220E-01 -0.11124455E+00
  0.11182302E-01  0.89172823E-01 -0.11124723E+00
  0.10559244E-01  0.92217849E-01 -0.11108590E+00
  0.10011667E-01  0.95279744E-01 -0.11077184E+00
  0.95173990E-02  0.98365016E-01 -0.11031722E+00
  0.90583561E-02  0.10147892E+00 -0.10973435E+00
  0.86214664E-02  0.10462522E+00 -0.10903475E+00
  0.81991338E-02  0.10780607E+00 -0.10822836E+00
  0.77892311E-02  0.11102190E+00 -0.10732266E+00
  0.73946436E-02  0.11427148E+00 -0.10632198E+00
  0.70224210E-02  0.11755203E+00 -0.10522697E+00
  0.66826229E-02  0.12085935E+00 -0.10403427E+00
  0.63869671E-02  0.12418803E+00 -0.10273637E+00
  0.61473981E-02  0.12753166E+00 -0.10132184E+00
  0.59747004E-02  0.13088298E+00 -0.99775666E-01
  0.58772669E-02  0.13423406E+00 -0.98079898E-01
  0.58601210E-02  0.13757637E+00 -0.96214403E-01
  0.59242634E-02  0.14090075E+00 -0.94157796E-01
  0.60663858E-02  0.14419737E+00 -0.91888416E-01
  0.62789603E-02  0.14745553E+00 -0.89385321E-01
  0.65506841E-02  0.15066350E+00 -0.86629242E-01
  0.68672255E-02  0.15380818E+00 -0.83603439E-01
  0.72121982E-02  0.15687490E+00 -0.80294434E-01
  0.75682694E-02  0.15984716E+00 -0.76692580E-01
  0.79183035E-02  0.16270643E+00 -0.72792460E-01
  0.82464396E-02  0.16543213E+00 -0.68593116E-01
  0.85390150E-02  0.16800163E+00 -0.64098105E-01
  0.87852590E-02  0.17039054E+00 -0.59315423E-01
  0.89777083E-02  0.17257303E+00 -0.54257292E-01
  0.91123202E-02  0.17452247E+00 -0.48939871E-01
  0.91882873E-02  0.17621206E+00 -0.43382893E-01
  0.92075864E-02  0.17761573E+00 -0.37609270E-01
  0.91743160E-02  0.17870905E+00 -0.31644682E-01
  0.90938938E-02  0.17947016E+00 -0.25517171E-01
  0.89722001E-02  0.17988073E+00 -0.19256744E-01
  0.88147507E-02  0.17992676E+00 -0.12894992E-01
  0.86259804E-02  0.17959932E+00 -0.64647221E-02
  0.84087073E-02  0.17889500E+00  0.39383486E-06
  0.63408015E-01 -0.20386931E-01  0.13541477E-04
  0.63096254E-01 -0.19958648E-01 -0.40913411E-02
  0.62695714E-01 -0.19494489E-01 -0.82562045E-02
  0.62224599E-01 -0.18998921E-01 -0.12474044E-01
  0.61702022E-01 -0.18476448E-01 -0.16731489E-01
  0.61146484E-01 -0.17931344E-01 -0.21008697E-01
  0.60574400E-01 -0.17367371E-01 -0.25279789E-01
  0.59998787E-01 -0.16787517E-01 -0.29513811E-01
  0.59428226E-01 -0.16193766E-01 -0.33676152E-01
  0.58866178E-01 -0.15586931E-01 -0.37730315E-01
  0.58310730E-01 -0.14966562E-01 -0.41639905E-01
  0.57754775E-01 -0.14330949E-01 -0.45370669E-01
  0.57186634E-01 -0.13677210E-01 -0.48892445E-01
  0.56591052E-01 -0.13001476E-01 -0.52180842E-01
  0.55950514E-01 -0.12299159E-01 -0.55218534E-01
  0.55246756E-01 -0.11565274E-01 -0.57996048E-01
  0.54462364E-01 -0.10794813E-01 -0.60511991E-01
  0.53582316E-01 -0.99831241E-02 -0.62772699E-01
  0.52595367E-01 -0.91262802E-02 -0.64791328E-01
  0.51495130E-01 -0.82214045E-02 -0.66586465E-01
  0.76922519E-01 -0.48484313E-01 -0.11503547E-01
  0.76802220E-01 -0.44778990E-01 -0.13076300E-01
  0.76580636E-01 -0.40992430E-01 -0.14851442E-01
  0.76260313E-01 -0.37135243E-01 -0.16850063E-01
  0.75847104E-01 -0.33218670E-01 -0.19087489E-01
  0.75349220E-01 -0.29254415E-01 -0.21571842E-01
  0.74776090E-01 -0.25254428E-01 -0.24303064E-01
  0.74137114E-01 -0.21230633E-01 -0.27272470E-01
  0.73440455E-01 -0.17194641E-01 -0.30462868E-01
  0.72691942E-01 -0.13157447E-01 -0.33849223E-01
  0.71894214E-01 -0.91291486E-02 -0.37399834E-01
  0.71046175E-01 -0.51187020E-02 -0.41077906E-01
  0.70142809E-01 -0.11337359E-02 -0.44843410E-01
  0.69175391E-01  0.28195613E-02 -0.48655095E-01
  0.68132074E-01  0.67364696E-02 -0.52472482E-01
  0.66998823E-01  0.10613680E-01 -0.56257723E-01
  0.65760614E-01  0.14449156E-01 -0.59977175E-01
  0.64402809E-01  0.18241921E-01 -0.63602592E-01
  0.62912600E-01  0.21991798E-01 -0.67111876E-01
  0.61280408E-01  0.25699123E-01 -0.70489336E-01
  0.59501112E-01  0.29364444E-01 -0.73725470E-01
  0.57575024E-01  0.32988261E-01 -0.76816317E-01
  0.55508510E-01  0.36570800E-01 -0.79762442E-01
  0.53314222E-01  0.40111859E-01 -0.82567669E-01
  0.51010891E-01  0.43610741E-01 -0.85237665E-01
  0.48622716E-01  0.47066268E-01 -0.87778510E-01
  0.46178360E-01  0.50476884E-01 -0.90195370E-01
  0.43709649E-01  0.53840831E-01 -0.92491384E-01
  0.41250036E-01  0.57156386E-01 -0.94666848E-01
  0.38832962E-01  0.60422133E-01 -0.96718765E-01
  0.36490208E-01  0.63637241E-01 -0.98640782E-01
  0.34250369E-01  0.66801733E-01 -0.10042351E+00
  0.32137532E-01  0.69916705E-01 -0.10205521E+00
  0.30170277E-01  0.72984492E-01 -0.10352271E+00
  0.28361028E-01  0.76008744E-01 -0.10481258E+00
  0.26715819E-01  0.78994422E-01 -0.10591232E+00
  0.25234466E-01  0.81947693E-01 -0.10681159E+00
  0.23911122E-01  0.84875750E-01 -0.10750324E+00
  0.22735169E-01  0.87786547E-01 -0.10798410E+00
  0.21692365E-01  0.90688477E-01 -0.10825552E+00
  0.20766156E-01  0.93590021E-01 -0.10832346E+00
  0.19939053E-01  0.96499376E-01 -0.10819824E+00
  0.19193969E-01  0.99424096E-01 -0.10789393E+00
  0.18515416E-01  0.10237077E+00 -0.10742731E+00
  0.17890486E-01  0.10534476E+00 -0.10681672E+00
  0.17309539E-01  0.10834999E+00 -0.10608061E+00
  0.16766578E-01  0.11138881E+00 -0.10523613E+00
  0.16259278E-01  0.11446200E+00 -0.10429771E+00
  0.15788702E-01  0.11756874E+00 -0.10327580E+00
  0.15358723E-01  0.12070676E+00 -0.10217597E+00
  0.14975234E-01  0.12387243E+00 -0.10099821E+00
  0.14645208E-01  0.12706094E+00 -0.99736670E-01
  0.14375696E-01  0.13026652E+00 -0.98379818E-01
  0.14172855E-01  0.13348249E+00 -0.96910958E-01
  0.14041078E-01  0.13670147E+00 -0.95309092E-01
  0.13982310E-01  0.13991533E+00 -0.93550075E-01
  0.13995586E-01  0.14311528E+00 -0.91607960E-01
  0.14076833E-01  0.14629168E+00 -0.89456437E-01
  0.14218943E-01  0.14943397E+00 -0.87070285E-01
  0.14412097E-01  0.15253042E+00 -0.84426720E-01
  0.14644310E-01  0.15556792E+00 -0.81506569E-01
  0.14902133E-01  0.15853174E+00 -0.78295204E-01
  0.15171462E-01  0.16140536E+00 -0.74783193E-01
  0.15438366E-01  0.16417028E+00 -0.70966646E-01
  0.15689877E-01  0.16680606E+00 -0.66847268E-01
  0.15914657E-01  0.16929035E+00 -0.62432136E-01
  0.16103518E-01  0.17159917E+00 -0.57733262E-01
  0.16249728E-01  0.17370727E+00 -0.52766987E-01
  0.16349104E-01  0.17558871E+00 -0.47553272E-01
  0.16399896E-01  0.17721753E+00 -0.42114965E-01
  0.16402466E-01  0.17856854E+00 -0.36477088E-01
  0.16358833E-01  0.17961823E+00 -0.30666206E-01
  0.16272095E-01  0.18034562E+00 -0.24709907E-01
  0.16145832E-01  0.18073316E+00 -0.18636420E-01
  0.15983510E-01  0.18076751E+00 -0.12474359E-01
  0.15787979E-01  0.18044020E+00 -0.62525954E-02
  0.15561088E-01  0.17974805E+00 -0.21962664E-06
  0.62020093E-01 -0.19428616E-01  0.18247577E-04
  0.61818755E-01 -0.19015941E-01 -0.39745319E-02
  0.61546096E-01 -0.18561914E-01 -0.80477828E-02
  0.61210510E-01 -0.18070219E-01 -0.12196336E-01
  0.60820889E-01 -0.17544868E-01 -0.16406935E-01
  0.60385910E-01 -0.16989983E-01 -0.20658116E-01
  0.59913345E-01 -0.16409555E-01 -0.24920784E-01
  0.59409462E-01 -0.15807201E-01 -0.29159429E-01
  0.73296691E-01 -0.76913774E-01  0.55950332E-04
  0.73561193E-01 -0.74787586E-01 -0.48321914E-03
  0.73845489E-01 -0.72492787E-01 -0.11022003E-02
  0.74150223E-01 -0.70037531E-01 -0.17830271E-02
  0.74473580E-01 -0.67429776E-01 -0.25105636E-02
  0.74811485E-01 -0.64677220E-01 -0.32743906E-02
  0.75157936E-01 -0.61787300E-01 -0.40702859E-02
  0.75505458E-01 -0.58767235E-01 -0.49011698E-02
  0.75845608E-01 -0.55624115E-01 -0.57774271E-02
  0.76169517E-01 -0.52365024E-01 -0.67165709E-02
  0.76468397E-01 -0.48997174E-01 -0.77422631E-02
  0.76733989E-01 -0.45528046E-01 -0.88827617E-02
  0.76958907E-01 -0.41965511E-01 -0.10168911E-01
  0.77136859E-01 -0.38317922E-01 -0.11631832E-01
  0.77262725E-01 -0.34594164E-01 -0.13300486E-01
  0.77332501E-01 -0.30803646E-01 -0.15199315E-01
  0.77343105E-01 -0.26956249E-01 -0.17346131E-01
  0.77292099E-01 -0.23062203E-01 -0.19750436E-01
  0.77177320E-01 -0.19131932E-01 -0.22412287E-01
  0.76996504E-01 -0.15175846E-01 -0.25321818E-01
  0.76746908E-01 -0.11204123E-01 -0.28459432E-01
  0.76425007E-01 -0.72264780E-02 -0.31796668E-01
  0.76026275E-01 -0.32519437E-02 -0.35297655E-01
  0.75545098E-01  0.71131197E-03 -0.38921054E-01
  0.74974837E-01  0.46561268E-02 -0.42622329E-01
  0.74308037E-01  0.85764245E-02 -0.46356165E-01
  0.73536786E-01  0.12467229E-01 -0.50078869E-01
  0.72653197E-01  0.16324615E-01 -0.53750555E-01
  0.71649986E-01  0.20145590E-01 -0.57336970E-01
  0.70521096E-01  0.23927931E-01 -0.60810827E-01
  0.69262333E-01  0.27669988E-01 -0.64152568E-01
  0.67871945E-01  0.31370459E-01 -0.67350515E-01
  0.66351121E-01  0.35028187E-01 -0.70400430E-01
  0.64704343E-01  0.38641971E-01 -0.73304531E-01
  0.62939574E-01  0.42210427E-01 -0.76070081E-01
  0.61068257E-01  0.45731911E-01 -0.78707662E-01
  0.59105114E-01  0.49204504E-01 -0.81229308E-01
  0.57067752E-01  0.52626079E-01 -0.83646637E-01
  0.54976104E-01  0.55994422E-01 -0.85969148E-01
  0.52851726E-01  0.59307420E-01 -0.88202821E-01
  0.50716999E-01  0.62563283E-01 -0.90349115E-01
  0.48594293E-01  0.65760784E-01 -0.92404461E-01
  0.46505122E-01  0.68899497E-01 -0.94360255E-01
  0.44469372E-01  0.71980010E-01 -0.96203360E-01
  0.42504624E-01  0.75004089E-01 -0.97917055E-01
  0.40625623E-01  0.77974782E-01 -0.99482340E-01
  0.38843922E-01  0.80896441E-01 -0.10087949E+00
  0.37167716E-01  0.83774673E-01 -0.10208968E+00
  0.35601861E-01  0.86616203E-01 -0.10309665E+00
  0.34148083E-01  0.89428672E-01 -0.10388806E+00
  0.32805339E-01  0.92220364E-01 -0.10445666E+00
  0.31570311E-01  0.94999897E-01 -0.10480098E+00
  0.30437976E-01  0.97775891E-01 -0.10492559E+00
  0.29402220E-01  0.10055663E+00 -0.10484083E+00
  0.28456449E-01  0.10334972E+00 -0.10456209E+00
  0.27594148E-01  0.10616185E+00 -0.10410866E+00
  0.26809344E-01  0.10899850E+00 -0.10350224E+00
  0.26096968E-01  0.11186384E+00 -0.10276522E+00
  0.25453063E-01  0.11476055E+00 -0.10191889E+00
  0.24874860E-01  0.11768984E+00 -0.10098175E+00
  0.24360713E-01  0.12065145E+00 -0.99967909E-01
  0.23909900E-01  0.12364375E+00 -0.98885892E-01
  0.23522337E-01  0.12666382E+00 -0.97737802E-01
  0.23198216E-01  0.12970761E+00 -0.96518953E-01
  0.22937611E-01  0.13277007E+00 -0.95217994E-01
  0.22740096E-01  0.13584521E+00 -0.93817505E-01
  0.22604397E-01  0.13892624E+00 -0.92295008E-01
  0.22528119E-01  0.14200556E+00 -0.90624329E-01
  0.22507568E-01  0.14507471E+00 -0.88777190E-01
  0.22537685E-01  0.14812432E+00 -0.86724916E-01
  0.22612088E-01  0.15114394E+00 -0.84440140E-01
  0.22723231E-01  0.15412188E+00 -0.81898382E-01
  0.22862649E-01  0.15704500E+00 -0.79079400E-01
  0.23021284E-01  0.15989856E+00 -0.75968235E-01
  0.23189845E-01  0.16266602E+00 -0.72555897E-01
  0.23359187E-01  0.16532897E+00 -0.68839671E-01
  0.23520670E-01  0.16786717E+00 -0.64823054E-01
  0.23666472E-01  0.17025864E+00 -0.60515359E-01
  0.23789831E-01  0.17247990E+00 -0.55931054E-01
  0.23885204E-01  0.17450640E+00 -0.51088907E-01
  0.23948326E-01  0.17631304E+00 -0.46011033E-01
  0.23976186E-01  0.17787481E+00 -0.40721926E-01
  0.23966909E-01  0.17916756E+00 -0.35247563E-01
  0.23919580E-01  0.18016880E+00 -0.29614637E-01
  0.23834014E-01  0.18085856E+00 -0.23849985E-01
  0.23710517E-01  0.18122017E+00 -0.17980213E-01
  0.23549639E-01  0.18124101E+00 -0.12031539E-01
  0.23351978E-01  0.18091308E+00 -0.60298109E-02
  0.23118011E-01  0.18023344E+00 -0.68256297E-06
  0.68646952E-01 -0.80210754E-01  0.23147703E-04
  0.69127195E-01 -0.79696163E-01  0.56200026E-03
  0.69593019E-01 -0.78955817E-01  0.99942533E-03
  0.70042442E-01 -0.77993799E-01  0.13127415E-02
  0.70474023E-01 -0.76815655E-01  0.14870180E-02
  0.70887016E-01 -0.75428227E-01  0.15154686E-02
  0.71281508E-01 -0.73839437E-01  0.13992182E-02
  0.71658522E-01 -0.72058039E-01  0.11464546E-02
  0.72020055E-01 -0.70093357E-01  0.77103080E-03
  0.72369059E-01 -0.67955021E-01  0.29062640E-03
  0.72709337E-01 -0.65652730E-01 -0.27538259E-03
  0.73045369E-01 -0.63196034E-01 -0.90817338E-03
  0.73382053E-01 -0.60594179E-01 -0.15916592E-02
  0.73724389E-01 -0.57855993E-01 -0.23144237E-02
  0.74077107E-01 -0.54989838E-01 -0.30712429E-02
  0.74444271E-01 -0.52003606E-01 -0.38640632E-02
  0.74828883E-01 -0.48904781E-01 -0.47023470E-02
  0.75232505E-01 -0.45700527E-01 -0.56027489E-02
  0.75654940E-01 -0.42397804E-01 -0.65881394E-02
  0.76093982E-01 -0.39003507E-01 -0.76860467E-02
  0.76545274E-01 -0.35524590E-01 -0.89266357E-02
  0.77002263E-01 -0.31968176E-01 -0.10340382E-01
  0.77456288E-01 -0.28341641E-01 -0.11955622E-01
  0.77896783E-01 -0.24652657E-01 -0.13796180E-01
  0.78311580E-01 -0.20909191E-01 -0.15879251E-01
  0.78687328E-01 -0.17119460E-01 -0.18213720E-01
  0.79009961E-01 -0.13291849E-01 -0.20799044E-01
  0.79265231E-01 -0.94347940E-02 -0.23624786E-01
  0.79439242E-01 -0.55566377E-02 -0.26670853E-01
  0.79518978E-01 -0.16654865E-02 -0.29908391E-01
  0.79492780E-01  0.22309354E-02 -0.33301295E-01
  0.79350759E-01  0.61254108E-02 -0.36808201E-01
  0.79085113E-01  0.10011324E-01 -0.40384798E-01
  0.78690344E-01  0.13882717E-01 -0.43986294E-01
  0.78163366E-01  0.17734300E-01 -0.47569847E-01
  0.77503495E-01  0.21561419E-01 -0.51096758E-01
  0.76712351E-01  0.25359981E-01 -0.54534295E-01
  0.75793665E-01  0.29126349E-01 -0.57857000E-01
  0.74753022E-01  0.32857219E-01 -0.61047398E-01
  0.73597555E-01  0.36549483E-01 -0.64096086E-01
  0.72335626E-01  0.40200115E-01 -0.67001197E-01
  0.70976500E-01  0.43806074E-01 -0.69767327E-01
  0.69530049E-01  0.47364248E-01 -0.72404015E-01
  0.68006489E-01  0.50871448E-01 -0.74923914E-01
  0.66416170E-01  0.54324453E-01 -0.77340833E-01
  0.64769429E-01  0.57720105E-01 -0.79667788E-01
  0.63076494E-01  0.61055461E-01 -0.81915239E-01
  0.61347450E-01  0.64327965E-01 -0.84089657E-01
  0.59592241E-01  0.67535656E-01 -0.86192515E-01
  0.57820714E-01  0.70677370E-01 -0.88219794E-01
  0.56042667E-01  0.73752930E-01 -0.90162022E-01
  0.54267910E-01  0.76763307E-01 -0.92004838E-01
  0.52506297E-01  0.79710723E-01 -0.93730015E-01
  0.50767741E-01  0.82598704E-01 -0.95316857E-01
  0.49062182E-01  0.85432058E-01 -0.96743837E-01
  0.47399512E-01  0.88216788E-01 -0.97990343E-01
  0.45789453E-01  0.90959932E-01 -0.99038361E-01
  0.44241396E-01  0.93669349E-01 -0.99873982E-01
  0.42764206E-01  0.96353455E-01 -0.10048858E+00
  0.41366002E-01  0.99020930E-01 -0.10087955E+00
  0.40053932E-01  0.10168041E+00 -0.10105061E+00
  0.38833966E-01  0.10434018E+00 -0.10101152E+00
  0.37710704E-01  0.10700790E+00 -0.10077738E+00
  0.36687237E-01  0.10969033E+00 -0.10036740E+00
  0.35765054E-01  0.11239315E+00 -0.99803448E-01
  0.34944016E-01  0.11512082E+00 -0.99108247E-01
  0.34222397E-01  0.11787645E+00 -0.98303565E-01
  0.33596985E-01  0.12066181E+00 -0.97408429E-01
  0.33063248E-01  0.12347731E+00 -0.96437548E-01
  0.32615545E-01  0.12632207E+00 -0.95400038E-01
  0.32247374E-01  0.12919400E+00 -0.94298570E-01
  0.31951636E-01  0.13208988E+00 -0.93128984E-01
  0.31720903E-01  0.13500544E+00 -0.91880406E-01
  0.31547672E-01  0.13793547E+00 -0.90535843E-01
  0.31424586E-01  0.14087382E+00 -0.89073209E-01
  0.31344615E-01  0.14381342E+00 -0.87466709E-01
  0.31301183E-01  0.14674620E+00 -0.85688445E-01
  0.31288247E-01  0.14966307E+00 -0.83710156E-01
  0.31300310E-01  0.15255372E+00 -0.81504944E-01
  0.31332400E-01  0.15540653E+00 -0.79048864E-01
  0.31379992E-01  0.15820839E+00 -0.76322285E-01
  0.31438911E-01  0.16094456E+00 -0.73310931E-01
  0.31505212E-01  0.16359859E+00 -0.70006550E-01
  0.31575061E-01  0.16615223E+00 -0.66407188E-01
  0.31644628E-01  0.16858553E+00 -0.62517089E-01
  0.31710001E-01  0.17087697E+00 -0.58346245E-01
  0.31767135E-01  0.17300371E+00 -0.53909682E-01
  0.31811840E-01  0.17494202E+00 -0.49226545E-01
  0.31839810E-01  0.17666774E+00 -0.44319095E-01
  0.31846696E-01  0.17815693E+00 -0.39211691E-01
  0.31828213E-01  0.17938658E+00 -0.33929860E-01
  0.31780269E-01  0.18033533E+00 -0.28499524E-01
  0.31699122E-01  0.18098429E+00 -0.22946412E-01
  0.31581526E-01  0.18131772E+00 -0.17295724E-01
  0.31424876E-01  0.18132373E+00 -0.11572000E-01
  0.31227330E-01  0.18099482E+00 -0.57992077E-02
  0.30987901E-01  0.18032826E+00 -0.97761652E-06
  0.65900526E-01 -0.73635844E-01  0.21473800E-04
  0.66483731E-01 -0.73119960E-01  0.61551945E-03
  0.67084355E-01 -0.72374751E-01  0.11186741E-02
  0.67690435E-01 -0.71404892E-01  0.15087730E-02
  0.68289889E-01 -0.70216749E-01  0.17704802E-02
  0.68871463E-01 -0.68818185E-01  0.18956593E-02
  0.69425661E-01 -0.67218313E-01  0.18831967E-02
  0.69945566E-01 -0.65427203E-01  0.17382884E-02
  0.70427482E-01 -0.63455582E-01  0.14712467E-02
  0.70871344E-01 -0.61314525E-01  0.10959219E-02
  0.71280831E-01 -0.59015155E-01  0.62786726E-03
  0.71663187E-01 -0.56568389E-01  0.82397269E-04
  0.72028726E-01 -0.53984718E-01 -0.52729915E-03
  0.72390078E-01 -0.51274050E-01 -0.11918340E-02
  0.72761196E-01 -0.48445601E-01 -0.19069414E-02
  0.73156214E-01 -0.45507861E-01 -0.26743309E-02
  0.73588238E-01 -0.42468607E-01 -0.35019962E-02
  0.74068156E-01 -0.39334966E-01 -0.44039475E-02
  0.74603563E-01 -0.36113515E-01 -0.53993806E-02
  0.75197885E-01 -0.32810412E-01 -0.65113458E-02
  0.75849776E-01 -0.29431530E-01 -0.77650177E-02
  0.76552836E-01 -0.25982590E-01 -0.91857025E-02
  0.77295677E-01 -0.22469285E-01 -0.10796741E-01
  0.78062342E-01 -0.18897375E-01 -0.12617477E-01
  0.78833046E-01 -0.15272755E-01 -0.14661448E-01
  0.79585185E-01 -0.11601484E-01 -0.16934957E-01
  0.80294554E-01 -0.78897878E-02 -0.19436128E-01
  0.80936669E-01 -0.41440277E-02 -0.22154526E-01
  0.81488109E-01 -0.37064938E-03 -0.25071382E-01
  0.81927782E-01  0.34238849E-02 -0.28160390E-01
  0.82238018E-01  0.72331685E-02 -0.31389033E-01
  0.82405416E-01  0.11050918E-01 -0.34720309E-01
  0.82421401E-01  0.14871031E-01 -0.38114755E-01
  0.82282436E-01  0.18687622E-01 -0.41532574E-01
  0.81989904E-01  0.22495037E-01 -0.44935739E-01
  0.81549671E-01  0.26287853E-01 -0.48289886E-01
  0.80971375E-01  0.30060842E-01 -0.51565879E-01
  0.80267502E-01  0.33808939E-01 -0.54740919E-01
  0.79452337E-01  0.37527189E-01 -0.57799147E-01
  0.78540865E-01  0.41210708E-01 -0.60731689E-01
  0.77547722E-01  0.44854647E-01 -0.63536181E-01
  0.76486266E-01  0.48454188E-01 -0.66215815E-01
  0.75367841E-01  0.52004563E-01 -0.68778014E-01
  0.74201293E-01  0.55501113E-01 -0.71232847E-01
  0.72992753E-01  0.58939377E-01 -0.73591326E-01
  0.71745707E-01  0.62315218E-01 -0.75863740E-01
  0.70461328E-01  0.65624978E-01 -0.78058143E-01
  0.69139041E-01  0.68865645E-01 -0.80179137E-01
  0.67777247E-01  0.72035030E-01 -0.82227029E-01
  0.66374163E-01  0.75131930E-01 -0.84197438E-01
  0.64928678E-01  0.78156272E-01 -0.86081352E-01
  0.63441159E-01  0.81109221E-01 -0.87865647E-01
  0.61914138E-01  0.83993234E-01 -0.89533988E-01
  0.60352808E-01  0.86812071E-01 -0.91068056E-01
  0.58765298E-01  0.89570733E-01 -0.92448959E-01
  0.57162684E-01  0.92275357E-01 -0.93658739E-01
  0.55558749E-01  0.94933041E-01 -0.94681815E-01
  0.53969494E-01  0.97551634E-01 -0.95506259E-01
  0.52412447E-01  0.10013949E+00 -0.96124781E-01
  0.50905813E-01  0.10270519E+00 -0.96535358E-01
  0.49467541E-01  0.10525728E+00 -0.96741425E-01
  0.48114370E-01  0.10780398E+00 -0.96751640E-01
  0.46860929E-01  0.11035295E+00 -0.96579211E-01
  0.45718965E-01  0.11291108E+00 -0.96240860E-01
  0.44696742E-01  0.11548428E+00 -0.95755484E-01
  0.43798673E-01  0.11807736E+00 -0.95142636E-01
  0.43025190E-01  0.12069396E+00 -0.94420930E-01
  0.42372870E-01  0.12333650E+00 -0.93606505E-01
  0.41834794E-01  0.12600613E+00 -0.92711656E-01
  0.41401120E-01  0.12870282E+00 -0.91743752E-01
  0.41059799E-01  0.13142535E+00 -0.90704503E-01
  0.40797400E-01  0.13417139E+00 -0.89589645E-01
  0.40599962E-01  0.13693753E+00 -0.88389052E-01
  0.40453816E-01  0.13971932E+00 -0.87087279E-01
  0.40346314E-01  0.14251130E+00 -0.85664463E-01
  0.40266415E-01  0.14530692E+00 -0.84097536E-01
  0.40205092E-01  0.14809855E+00 -0.82361645E-01
  0.40155533E-01  0.15087739E+00 -0.80431676E-01
  0.40113141E-01  0.15363333E+00 -0.78283761E-01
  0.40075338E-01  0.15635486E+00 -0.75896687E-01
  0.40041214E-01  0.15902897E+00 -0.73253088E-01
  0.40011039E-01  0.16164103E+00 -0.70340370E-01
  0.39985724E-01  0.16417473E+00 -0.67151308E-01
  0.39966251E-01  0.16661213E+00 -0.63684305E-01
  0.39953146E-01  0.16893367E+00 -0.59943316E-01
  0.39946041E-01  0.17111843E+00 -0.55937482E-01
  0.39943359E-01  0.17314431E+00 -0.51680514E-01
  0.39942149E-01  0.17498850E+00 -0.47189915E-01
  0.39938091E-01  0.17662789E+00 -0.42486114E-01
  0.39925659E-01  0.17803973E+00 -0.37591581E-01
  0.39898425E-01  0.17920220E+00 -0.32530024E-01
  0.39849475E-01  0.18009513E+00 -0.27325697E-01
  0.39771897E-01  0.18070073E+00 -0.22002891E-01
  0.39659292E-01  0.18100424E+00 -0.16585607E-01
  0.39506256E-01  0.18099449E+00 -0.11097433E-01
  0.39308796E-01  0.18066449E+00 -0.55615748E-02
  0.39064640E-01  0.18001171E+00 -0.10389664E-05
  0.63172922E-01 -0.67501355E-01  0.16340905E-04
  0.63824686E-01 -0.66991415E-01  0.61375346E-03
  0.64522791E-01 -0.66250454E-01  0.11430018E-02
  0.65247788E-01 -0.65283590E-01  0.15841224E-02
  0.65979483E-01 -0.64097796E-01  0.19220386E-02
  0.66698484E-01 -0.62701694E-01  0.21468644E-02
  0.67387727E-01 -0.61105276E-01  0.22538223E-02
  0.68033859E-01 -0.59319596E-01  0.22427816E-02
  0.68628340E-01 -0.57356431E-01  0.21174577E-02
  0.69168193E-01 -0.55227934E-01  0.18843374E-02
  0.69656313E-01 -0.52946308E-01  0.15514194E-02
  0.70101304E-01 -0.50523499E-01  0.11268776E-02
  0.70516847E-01 -0.47970940E-01  0.61775649E-03
  0.70920635E-01 -0.45299346E-01  0.28811446E-04
  0.71332954E-01 -0.42518570E-01 -0.63840767E-03
  0.71775011E-01 -0.39637520E-01 -0.13861496E-02
  0.72267138E-01 -0.36664144E-01 -0.22206774E-02
  0.72827014E-01 -0.33605465E-01 -0.31520842E-02
  0.73468038E-01 -0.30467664E-01 -0.41937183E-02
  0.74197988E-01 -0.27256199E-01 -0.53612616E-02
  0.75018078E-01 -0.23975952E-01 -0.66715311E-02
  0.75922477E-01 -0.20631380E-01 -0.81410997E-02
  0.76898350E-01 -0.17226674E-01 -0.97848472E-02
  0.77926410E-01 -0.13765896E-01 -0.11614557E-01
  0.78981944E-01 -0.10253114E-01 -0.13637677E-01
  0.80036247E-01 -0.66924952E-02 -0.15856336E-01
  0.81058339E-01 -0.30883842E-02 -0.18266717E-01
  0.82016856E-01  0.55464752E-03 -0.20858812E-01
  0.82881945E-01  0.42317789E-02 -0.23616608E-01
  0.83627057E-01  0.79379350E-02 -0.26518669E-01
  0.84230464E-01  0.11667799E-01 -0.29539088E-01
  0.84676421E-01  0.15415831E-01 -0.32648721E-01
  0.84955879E-01  0.19176299E-01 -0.35816612E-01
  0.85066696E-01  0.22943300E-01 -0.39011513E-01
  0.85013364E-01  0.26710788E-01 -0.42203352E-01
  0.84806251E-01  0.30472596E-01 -0.45364583E-01
  0.84460467E-01  0.34222453E-01 -0.48471279E-01
  0.83994420E-01  0.37954005E-01 -0.51503921E-01
  0.83428203E-01  0.41660841E-01 -0.54447828E-01
  0.82781941E-01  0.45336523E-01 -0.57293203E-01
  0.82074224E-01  0.48974634E-01 -0.60034814E-01
  0.81320757E-01  0.52568841E-01 -0.62671359E-01
  0.80533332E-01  0.56112981E-01 -0.65204562E-01
  0.79719181E-01  0.59601164E-01 -0.67638111E-01
  0.78880780E-01  0.63027900E-01 -0.69976515E-01
  0.78016082E-01  0.66388239E-01 -0.72223984E-01
  0.77119164E-01  0.69677921E-01 -0.74383436E-01
  0.76181233E-01  0.72893532E-01 -0.76455697E-01
  0.75191878E-01  0.76032645E-01 -0.78438961E-01
  0.74140482E-01  0.79093950E-01 -0.80328559E-01
  0.73017662E-01  0.82077349E-01 -0.82117027E-01
  0.71816618E-01  0.84984024E-01 -0.83794482E-01
  0.70534282E-01  0.87816455E-01 -0.85349248E-01
  0.69172170E-01  0.90578390E-01 -0.86768688E-01
  0.67736869E-01  0.93274770E-01 -0.88040147E-01
  0.66240116E-01  0.95911609E-01 -0.89151950E-01
  0.64698467E-01  0.98495824E-01 -0.90094332E-01
  0.63132579E-01  0.10103504E+00 -0.90860253E-01
  0.61566158E-01  0.10353736E+00 -0.91445994E-01
  0.60024665E-01  0.10601114E+00 -0.91851506E-01
  0.58533865E-01  0.10846471E+00 -0.92080467E-01
  0.57118343E-01  0.11090619E+00 -0.92140031E-01
  0.55800094E-01  0.11334323E+00 -0.92040299E-01
  0.54597289E-01  0.11578283E+00 -0.91793540E-01
  0.53523312E-01  0.11823118E+00 -0.91413223E-01
  0.52586133E-01  0.12069352E+00 -0.90912929E-01
  0.51788055E-01  0.12317407E+00 -0.90305229E-01
  0.51125842E-01  0.12567593E+00 -0.89600623E-01
  0.50591220E-01  0.12820109E+00 -0.88806596E-01
  0.50171683E-01  0.13075039E+00 -0.87926889E-01
  0.49851555E-01  0.13332352E+00 -0.86961024E-01
  0.49613196E-01  0.13591905E+00 -0.85904125E-01
  0.49438270E-01  0.13853444E+00 -0.84747039E-01
  0.49308973E-01  0.14116601E+00 -0.83476763E-01
  0.49209121E-01  0.14380896E+00 -0.82077122E-01
  0.49125024E-01  0.14645733E+00 -0.80529673E-01
  0.49046090E-01  0.14910390E+00 -0.78814745E-01
  0.48965122E-01  0.15174021E+00 -0.76912560E-01
  0.48878304E-01  0.15435639E+00 -0.74804346E-01
  0.48784887E-01  0.15694113E+00 -0.72473380E-01
  0.48686638E-01  0.15948160E+00 -0.69905886E-01
  0.48587087E-01  0.16196337E+00 -0.67091745E-01
  0.48490676E-01  0.16437045E+00 -0.64024981E-01
  0.48401881E-01  0.16668527E+00 -0.60704011E-01
  0.48324380E-01  0.16888884E+00 -0.57131657E-01
  0.48260370E-01  0.17096091E+00 -0.53314957E-01
  0.48210058E-01  0.17288028E+00 -0.49264786E-01
  0.48171402E-01  0.17462515E+00 -0.44995364E-01
  0.48140088E-01  0.17617355E+00 -0.40523680E-01
  0.48109765E-01  0.17750396E+00 -0.35868900E-01
  0.48072496E-01  0.17859580E+00 -0.31051791E-01
  0.48019372E-01  0.17943015E+00 -0.26094227E-01
  0.47941249E-01  0.17999033E+00 -0.21018782E-01
  0.47829506E-01  0.18026253E+00 -0.15848434E-01
  0.47676778E-01  0.18023637E+00 -0.10606390E-01
  0.47477579E-01  0.17990530E+00 -0.53160033E-02
  0.47228755E-01  0.17926700E+00 -0.76841859E-06
  0.60746832E-01 -0.62101661E-01  0.85819995E-05
  0.61421745E-01 -0.61609591E-01  0.56792631E-03
  0.62164740E-01 -0.60887239E-01  0.10897212E-02
  0.62952485E-01 -0.59939872E-01  0.15575161E-02
  0.63760438E-01 -0.58774681E-01  0.19571431E-02
  0.64564710E-01 -0.57400563E-01  0.22769193E-02
  0.65343913E-01 -0.55827842E-01  0.25076769E-02
  0.66080836E-01 -0.54067949E-01  0.26426222E-02
  0.66763812E-01 -0.52133079E-01  0.26770413E-02
  0.67387667E-01 -0.50035832E-01  0.26078796E-02
  0.67954152E-01 -0.47788865E-01  0.24332351E-02
  0.68471825E-01 -0.45404577E-01  0.21518114E-02
  0.68955376E-01 -0.42894822E-01  0.17623795E-02
  0.69424441E-01 -0.40270680E-01  0.12632973E-02
  0.69901994E-01 -0.37542288E-01  0.65213145E-03
  0.70412435E-01 -0.34718732E-01 -0.74584642E-04
  0.70979517E-01 -0.31807998E-01 -0.92143069E-03
  0.71624289E-01 -0.28816987E-01 -0.18940085E-02
  0.72363200E-01 -0.25751584E-01 -0.29986835E-02
  0.73206525E-01 -0.22616766E-01 -0.42421784E-02
  0.74157238E-01 -0.19416740E-01 -0.56310490E-02
  0.75210424E-01 -0.16155116E-01 -0.71710872E-02
  0.76353276E-01 -0.12835074E-01 -0.88666965E-02
  0.77565689E-01 -0.94595407E-02 -0.10720295E-01
  0.78821390E-01 -0.60313563E-02 -0.12731794E-01
  0.80089542E-01 -0.25534227E-02 -0.14898201E-01
  0.81336678E-01  0.97116737E-03 -0.17213375E-01
  0.82528818E-01  0.45390259E-02 -0.19667962E-01
  0.83633617E-01  0.81463904E-02 -0.22249524E-01
  0.84622370E-01  0.11789068E-01 -0.24942840E-01
  0.85471718E-01  0.15462406E-01 -0.27730374E-01
  0.86164942E-01  0.19161278E-01 -0.30592863E-01
  0.86692738E-01  0.22880089E-01 -0.33509996E-01
  0.87053423E-01  0.26612803E-01 -0.36461116E-01
  0.87252583E-01  0.30352970E-01 -0.39425915E-01
  0.87302183E-01  0.34093780E-01 -0.42385058E-01
  0.87219228E-01  0.37828112E-01 -0.45320704E-01
  0.87024098E-01  0.41548608E-01 -0.48216889E-01
  0.86738690E-01  0.45247747E-01 -0.51059755E-01
  0.86384520E-01  0.48917938E-01 -0.53837612E-01
  0.85980948E-01  0.52551622E-01 -0.56540858E-01
  0.85543650E-01  0.56141384E-01 -0.59161759E-01
  0.85083479E-01  0.59680080E-01 -0.61694132E-01
  0.84605777E-01  0.63160974E-01 -0.64132960E-01
  0.84110202E-01  0.66577875E-01 -0.66473986E-01
  0.83591062E-01  0.69925285E-01 -0.68713326E-01
  0.83038137E-01  0.73198538E-01 -0.70847126E-01
  0.82437891E-01  0.76393928E-01 -0.72871315E-01
  0.81774989E-01  0.79508831E-01 -0.74781444E-01
  0.81033978E-01  0.82541791E-01 -0.76572651E-01
  0.80201007E-01  0.85492587E-01 -0.78239731E-01
  0.79265423E-01  0.88362263E-01 -0.79777308E-01
  0.78221134E-01  0.91153122E-01 -0.81180087E-01
  0.77067622E-01  0.93868678E-01 -0.82443163E-01
  0.75810522E-01  0.96513579E-01 -0.83562343E-01
  0.74461729E-01  0.99093483E-01 -0.84534467E-01
  0.73039020E-01  0.10161491E+00 -0.85357674E-01
  0.71565224E-01  0.10408507E+00 -0.86031603E-01
  0.70067002E-01  0.10651165E+00 -0.86557486E-01
  0.68573339E-01  0.10890265E+00 -0.86938140E-01
  0.67113856E-01  0.11126613E+00 -0.87177826E-01
  0.65717076E-01  0.11361003E+00 -0.87282000E-01
  0.64408772E-01  0.11594197E+00 -0.87256956E-01
  0.63210519E-01  0.11826909E+00 -0.87109384E-01
  0.62138554E-01  0.12059787E+00 -0.86845872E-01
  0.61203022E-01  0.12293401E+00 -0.86472383E-01
  0.60407655E-01  0.12528234E+00 -0.85993747E-01
  0.59749894E-01  0.12764669E+00 -0.85413202E-01
  0.59221437E-01  0.13002989E+00 -0.84732006E-01
  0.58809151E-01  0.13243366E+00 -0.83949170E-01
  0.58496265E-01  0.13485860E+00 -0.83061310E-01
  0.58263755E-01  0.13730418E+00 -0.82062644E-01
  0.58091788E-01  0.13976870E+00 -0.80945136E-01
  0.57961129E-01  0.14224923E+00 -0.79698768E-01
  0.57854387E-01  0.14474165E+00 -0.78311938E-01
  0.57757023E-01  0.14724052E+00 -0.76771961E-01
  0.57658042E-01  0.14973912E+00 -0.75065624E-01
  0.57550333E-01  0.15222933E+00 -0.73179796E-01
  0.57430654E-01  0.15470159E+00 -0.71102027E-01
  0.57299270E-01  0.15714488E+00 -0.68821125E-01
  0.57159307E-01  0.15954665E+00 -0.66327679E-01
  0.57015894E-01  0.16189280E+00 -0.63614501E-01
  0.56875169E-01  0.16416774E+00 -0.60676971E-01
  0.56743261E-01  0.16635446E+00 -0.57513289E-01
  0.56625337E-01  0.16843463E+00 -0.54124607E-01
  0.56524796E-01  0.17038883E+00 -0.50515077E-01
  0.56442692E-01  0.17219682E+00 -0.46691799E-01
  0.56377421E-01  0.17383790E+00 -0.42664698E-01
  0.56324699E-01  0.17529135E+00 -0.38446340E-01
  0.56277832E-01  0.17653688E+00 -0.34051707E-01
  0.56228229E-01  0.17755522E+00 -0.29497945E-01
  0.56166119E-01  0.17832869E+00 -0.24804102E-01
  0.56081388E-01  0.17884173E+00 -0.19990858E-01
  0.55964464E-01  0.17908151E+00 -0.15080264E-01
  0.55807148E-01  0.17903837E+00 -0.10095483E-01
  0.55603334E-01  0.17870629E+00 -0.50605421E-02
  0.55349530E-01  0.17808311E+00 -0.80188171E-07
  0.58854456E-01 -0.57674636E-01 -0.52066339E-06
  0.59504477E-01 -0.57214767E-01  0.49633474E-03
  0.60233703E-01 -0.56527962E-01  0.98877119E-03
  0.61018989E-01 -0.55619275E-01  0.14645671E-02
  0.61835781E-01 -0.54495616E-01  0.19109668E-02
  0.62659971E-01 -0.53165548E-01  0.23147629E-02
  0.63469745E-01 -0.51639026E-01  0.26624351E-02
  0.64247262E-01 -0.49927100E-01  0.29403428E-02
  0.64980041E-01 -0.48041580E-01  0.31349638E-02
  0.65661934E-01 -0.45994706E-01  0.32331667E-02
  0.66293595E-01 -0.43798813E-01  0.32225039E-02
  0.66882414E-01 -0.41466018E-01  0.30915067E-02
  0.67441896E-01 -0.39007947E-01  0.28299658E-02
  0.67990540E-01 -0.36435501E-01  0.24291797E-02
  0.68550300E-01 -0.33758682E-01  0.18821575E-02
  0.69144734E-01 -0.30986469E-01  0.11837612E-02
  0.69797001E-01 -0.28126761E-01  0.33078283E-03
  0.70527851E-01 -0.25186371E-01 -0.67805004E-03
  0.71353771E-01 -0.22171078E-01 -0.18421365E-02
  0.72285436E-01 -0.19085717E-01 -0.31591281E-02
  0.73326588E-01 -0.15934314E-01 -0.46251070E-02
  0.74473425E-01 -0.12720238E-01 -0.62348030E-02
  0.75714568E-01 -0.94463804E-02 -0.79818340E-02
  0.77031585E-01 -0.61153293E-02 -0.98589518E-02
  0.78400058E-01 -0.27295509E-02 -0.11858278E-01
  0.79791085E-01  0.70844380E-03 -0.13971513E-01
  0.81173114E-01  0.41959478E-02 -0.16190107E-01
  0.82513960E-01  0.77299274E-02 -0.18505376E-01
  0.83782848E-01  0.11306917E-01 -0.20908577E-01
  0.84952322E-01  0.14922937E-01 -0.23390913E-01
  0.85999875E-01  0.18573446E-01 -0.25943495E-01
  0.86909175E-01  0.22253305E-01 -0.28557262E-01
  0.87670809E-01  0.25956783E-01 -0.31222860E-01
  0.88282478E-01  0.29677577E-01 -0.33930515E-01
  0.88748649E-01  0.33408849E-01 -0.36669899E-01
  0.89079715E-01  0.37143295E-01 -0.39430014E-01
  0.89290714E-01  0.40873225E-01 -0.42199109E-01
  0.89399743E-01  0.44590653E-01 -0.44964649E-01
  0.89426197E-01  0.48287413E-01 -0.47713342E-01
  0.89388976E-01  0.51955276E-01 -0.50431233E-01
  0.89304803E-01  0.55586083E-01 -0.53103878E-01
  0.89186805E-01  0.59171881E-01 -0.55716573E-01
  0.89043450E-01  0.62705068E-01 -0.58254655E-01
  0.88877936E-01  0.66178531E-01 -0.60703841E-01
  0.88688059E-01  0.69585792E-01 -0.63050600E-01
  0.88466584E-01  0.72921133E-01 -0.65282522E-01
  0.88202058E-01  0.76179729E-01 -0.67388676E-01
  0.87880017E-01  0.79357745E-01 -0.69359919E-01
  0.87484459E-01  0.82452430E-01 -0.71189136E-01
  0.86999481E-01  0.85462179E-01 -0.72871404E-01
  0.86410934E-01  0.88386576E-01 -0.74404045E-01
  0.85707965E-01  0.91226401E-01 -0.75786586E-01
  0.84884319E-01  0.93983613E-01 -0.77020602E-01
  0.83939303E-01  0.96661306E-01 -0.78109473E-01
  0.82878328E-01  0.99263629E-01 -0.79058047E-01
  0.81712997E-01  0.10179569E+00 -0.79872251E-01
  0.80460726E-01  0.10426343E+00 -0.80558659E-01
  0.79143925E-01  0.10667347E+00 -0.81124044E-01
  0.77788813E-01  0.10903298E+00 -0.81574953E-01
  0.76423953E-01  0.11134948E+00 -0.81917315E-01
  0.75078612E-01  0.11363069E+00 -0.82156112E-01
  0.73781083E-01  0.11588432E+00 -0.82295118E-01
  0.72557082E-01  0.11811796E+00 -0.82336730E-01
  0.71428346E-01  0.12033886E+00 -0.82281879E-01
  0.70411515E-01  0.12255379E+00 -0.82130028E-01
  0.69517401E-01  0.12476894E+00 -0.81879236E-01
  0.68750657E-01  0.12698973E+00 -0.81526293E-01
  0.68109883E-01  0.12922073E+00 -0.81066888E-01
  0.67588127E-01  0.13146558E+00 -0.80495809E-01
  0.67173754E-01  0.13372685E+00 -0.79807147E-01
  0.66851572E-01  0.13600605E+00 -0.78994502E-01
  0.66604151E-01  0.13830348E+00 -0.78051160E-01
  0.66413199E-01  0.14061823E+00 -0.76970251E-01
  0.66260906E-01  0.14294813E+00 -0.75744873E-01
  0.66131137E-01  0.14528968E+00 -0.74368192E-01
  0.66010397E-01  0.14763802E+00 -0.72833512E-01
  0.65888503E-01  0.14998687E+00 -0.71134344E-01
  0.65758908E-01  0.15232853E+00 -0.69264457E-01
  0.65618696E-01  0.15465383E+00 -0.67217955E-01
  0.65468245E-01  0.15695210E+00 -0.64989366E-01
  0.65310615E-01  0.15921116E+00 -0.62573769E-01
  0.65150732E-01  0.16141739E+00 -0.59966956E-01
  0.64994447E-01  0.16355574E+00 -0.57165643E-01
  0.64847566E-01  0.16560985E+00 -0.54167707E-01
  0.64714948E-01  0.16756217E+00 -0.50972467E-01
  0.64599739E-01  0.16939422E+00 -0.47580974E-01
  0.64502828E-01  0.17108684E+00 -0.43996300E-01
  0.64422553E-01  0.17262049E+00 -0.40223815E-01
  0.64354694E-01  0.17397571E+00 -0.36271408E-01
  0.64292731E-01  0.17513353E+00 -0.32149660E-01
  0.64228346E-01  0.17607600E+00 -0.27871916E-01
  0.64152118E-01  0.17678666E+00 -0.23454277E-01
  0.64054322E-01  0.17725112E+00 -0.18915468E-01
  0.63925782E-01  0.17745750E+00 -0.14276607E-01
  0.63758671E-01  0.17739691E+00 -0.95608623E-02
  0.63547189E-01  0.17706381E+00 -0.47930164E-02
  0.63288065E-01  0.17645629E+00  0.10413925E-05
  0.57632927E-01 -0.54352434E-01 -0.94468924E-05
  0.58215632E-01 -0.53938853E-01  0.42172345E-03
  0.58876124E-01 -0.53304083E-01  0.87860323E-03
  0.59595294E-01 -0.52452584E-01  0.13531894E-02
  0.60352760E-01 -0.51390473E-01  0.18343803E-02
  0.61128397E-01 -0.50125351E-01  0.23079381E-02
  0.61903880E-01 -0.48666082E-01  0.27567162E-02
  0.62664078E-01 -0.47022538E-01  0.31611431E-02
  0.63398226E-01 -0.45205320E-01  0.34999346E-02
  0.64100742E-01 -0.43225472E-01  0.37509856E-02
  0.64771646E-01 -0.41094189E-01  0.38923795E-02
  0.65416525E-01 -0.38822553E-01  0.39034410E-02
  0.66046052E-01 -0.36421289E-01  0.37657559E-02
  0.66675083E-01 -0.33900560E-01  0.34640802E-02
  0.67321410E-01 -0.31269804E-01  0.29870718E-02
  0.68004256E-01 -0.28537623E-01  0.23277890E-02
  0.68742635E-01 -0.25711720E-01  0.14839195E-02
  0.69553703E-01 -0.22798887E-01  0.45772329E-03
  0.70451229E-01 -0.19805034E-01 -0.74430413E-03
  0.71444306E-01 -0.16735264E-01 -0.21120211E-02
  0.72536412E-01 -0.13593978E-01 -0.36324335E-02
  0.73724879E-01 -0.10385008E-01 -0.52906302E-02
  0.75000828E-01 -0.71117651E-02 -0.70707875E-02
  0.76349561E-01 -0.37773971E-02 -0.89571622E-02
  0.77751389E-01 -0.38494734E-03 -0.10934998E-01
  0.79182815E-01  0.30624931E-02 -0.12991279E-01
  0.80617995E-01  0.65616459E-02 -0.15115263E-01
  0.82030348E-01  0.10108923E-01 -0.17298774E-01
  0.83394186E-01  0.13700326E-01 -0.19536224E-01
  0.84686250E-01  0.17331371E-01 -0.21824365E-01
  0.85887024E-01  0.20997031E-01 -0.24161812E-01
  0.86981732E-01  0.24691721E-01 -0.26548364E-01
  0.87960940E-01  0.28409285E-01 -0.28984198E-01
  0.88820744E-01  0.32143033E-01 -0.31469002E-01
  0.89562512E-01  0.35885779E-01 -0.34001113E-01
  0.90192238E-01  0.39629913E-01 -0.36576758E-01
  0.90719556E-01  0.43367485E-01 -0.39189440E-01
  0.91156512E-01  0.47090311E-01 -0.41829548E-01
  0.91516192E-01  0.50790084E-01 -0.44484207E-01
  0.91811338E-01  0.54458498E-01 -0.47137412E-01
  0.92053058E-01  0.58087380E-01 -0.49770419E-01
  0.92249734E-01  0.61668821E-01 -0.52362385E-01
  0.92406225E-01  0.65195310E-01 -0.54891208E-01
  0.92523424E-01  0.68659864E-01 -0.57334508E-01
  0.92598192E-01  0.72056143E-01 -0.59670677E-01
  0.92623686E-01  0.75378570E-01 -0.61879918E-01
  0.92590035E-01  0.78622421E-01 -0.63945205E-01
  0.92485308E-01  0.81783912E-01 -0.65853083E-01
  0.92296700E-01  0.84860261E-01 -0.67594248E-01
  0.92011824E-01  0.87849736E-01 -0.69163878E-01
  0.91620011E-01  0.90751683E-01 -0.70561667E-01
  0.91113513E-01  0.93566525E-01 -0.71791583E-01
  0.90488504E-01  0.96295753E-01 -0.72861358E-01
  0.89745810E-01  0.98941890E-01 -0.73781744E-01
  0.88891299E-01  0.10150843E+00 -0.74565608E-01
  0.87935908E-01  0.10399979E+00 -0.75226909E-01
  0.86895299E-01  0.10642118E+00 -0.75779657E-01
  0.85789173E-01  0.10877853E+00 -0.76236910E-01
  0.84640289E-01  0.11107836E+00 -0.76609889E-01
  0.83473272E-01  0.11332765E+00 -0.76907259E-01
  0.82313282E-01  0.11553371E+00 -0.77134636E-01
  0.81184658E-01  0.11770401E+00 -0.77294330E-01
  0.80109626E-01  0.11984605E+00 -0.77385336E-01
  0.79107169E-01  0.12196717E+00 -0.77403567E-01
  0.78192123E-01  0.12407444E+00 -0.77342276E-01
  0.77374586E-01  0.12617445E+00 -0.77192652E-01
  0.76659641E-01  0.12827321E+00 -0.76944503E-01
  0.76047427E-01  0.13037599E+00 -0.76586982E-01
  0.75533531E-01  0.13248718E+00 -0.76109297E-01
  0.75109661E-01  0.13461017E+00 -0.75501332E-01
  0.74764540E-01  0.13674728E+00 -0.74754149E-01
  0.74484941E-01  0.13889960E+00 -0.73860327E-01
  0.74256779E-01  0.14106699E+00 -0.72814132E-01
  0.74066177E-01  0.14324794E+00 -0.71611508E-01
  0.73900414E-01  0.14543959E+00 -0.70249905E-01
  0.73748699E-01  0.14763761E+00 -0.68727985E-01
  0.73602713E-01  0.14983623E+00 -0.67045245E-01
  0.73456878E-01  0.15202820E+00 -0.65201592E-01
  0.73308370E-01  0.15420477E+00 -0.63196949E-01
  0.73156864E-01  0.15635573E+00 -0.61030920E-01
  0.73004071E-01  0.15846939E+00 -0.58702565E-01
  0.72853108E-01  0.16053269E+00 -0.56210321E-01
  0.72707769E-01  0.16253123E+00 -0.53552081E-01
  0.72571780E-01  0.16444941E+00 -0.50725438E-01
  0.72448098E-01  0.16627059E+00 -0.47728072E-01
  0.72338328E-01  0.16797731E+00 -0.44558266E-01
  0.72242305E-01  0.16955153E+00 -0.41215497E-01
  0.72157884E-01  0.17097496E+00 -0.37701046E-01
  0.72080945E-01  0.17222946E+00 -0.34018598E-01
  0.72005619E-01  0.17329739E+00 -0.30174737E-01
  0.71924697E-01  0.17416211E+00 -0.26179329E-01
  0.71830188E-01  0.17480845E+00 -0.22045714E-01
  0.71713970E-01  0.17522314E+00 -0.17790709E-01
  0.71568464E-01  0.17539530E+00 -0.13434398E-01
  0.71387271E-01  0.17531682E+00 -0.89997130E-02
  0.71165714E-01  0.17498270E+00 -0.45118460E-02
  0.70901225E-01  0.17439128E+00  0.24933574E-05
  0.57094315E-01 -0.52127972E-01 -0.16693472E-04
  0.57579607E-01 -0.51772007E-01  0.36775231E-03
  0.58128767E-01 -0.51202448E-01  0.80027099E-03
  0.58729753E-01 -0.50422842E-01  0.12763259E-02
  0.59369709E-01 -0.49438074E-01  0.17863723E-02
  0.60035947E-01 -0.48254242E-01  0.23157216E-02
  0.60716922E-01 -0.46878494E-01  0.28448239E-02
  0.61403131E-01 -0.45318846E-01  0.33499591E-02
  0.62087848E-01 -0.43583971E-01  0.38042907E-02
  0.62767662E-01 -0.41682987E-01  0.41792083E-02
  0.63442733E-01 -0.39625249E-01  0.44458626E-02
  0.64116784E-01 -0.37420147E-01  0.45767747E-02
  0.64796788E-01 -0.35076921E-01  0.45474019E-02
  0.65492399E-01 -0.32604513E-01  0.43375370E-02
  0.66215157E-01 -0.30011434E-01  0.39324362E-02
  0.66977524E-01 -0.27305687E-01  0.33235883E-02
  0.67791836E-01 -0.24494702E-01  0.25090662E-02
  0.68669242E-01 -0.21585330E-01  0.14934363E-02
  0.69618711E-01 -0.18583851E-01  0.28723301E-03
  0.70646201E-01 -0.15496028E-01 -0.10939567E-02
  0.71754024E-01 -0.12327170E-01 -0.26307262E-02
  0.72940483E-01 -0.90822268E-02 -0.43012999E-02
  0.74199795E-01 -0.57658904E-02 -0.60830869E-02
  0.75522298E-01 -0.23827033E-02 -0.79542147E-02
  0.76894935E-01  0.10628315E-02 -0.98949225E-02
  0.78301967E-01  0.45661448E-02 -0.11888706E-01
  0.79725857E-01  0.81225062E-02 -0.13923129E-01
  0.81148254E-01  0.11726941E-01 -0.15990236E-01
  0.82551006E-01  0.15374164E-01 -0.18086548E-01
  0.83917108E-01  0.19058533E-01 -0.20212641E-01
  0.85231532E-01  0.22774015E-01 -0.22372355E-01
  0.86481862E-01  0.26514185E-01 -0.24571701E-01
  0.87658708E-01  0.30272229E-01 -0.26817558E-01
  0.88755853E-01  0.34040982E-01 -0.29116285E-01
  0.89770159E-01  0.37812965E-01 -0.31472352E-01
  0.90701228E-01  0.41580457E-01 -0.33887108E-01
  0.91550868E-01  0.45335561E-01 -0.36357808E-01
  0.92322418E-01  0.49070301E-01 -0.38876957E-01
  0.93019990E-01  0.52776708E-01 -0.41432053E-01
  0.93647711E-01  0.56446924E-01 -0.44005730E-01
  0.94209014E-01  0.60073303E-01 -0.46576326E-01
  0.94706056E-01  0.63648518E-01 -0.49118802E-01
  0.95139307E-01  0.67165657E-01 -0.51605969E-01
  0.95507342E-01  0.70618319E-01 -0.54009917E-01
  0.95806851E-01  0.74000703E-01 -0.56303548E-01
  0.96032874E-01  0.77307688E-01 -0.58462078E-01
  0.96179226E-01  0.80534900E-01 -0.60464416E-01
  0.96239081E-01  0.83678773E-01 -0.62294302E-01
  0.96205671E-01  0.86736594E-01 -0.63941120E-01
  0.96073028E-01  0.89706539E-01 -0.65400332E-01
  0.95836715E-01  0.92587697E-01 -0.66673493E-01
  0.95494490E-01  0.95380083E-01 -0.67767863E-01
  0.95046834E-01  0.98084638E-01 -0.68695629E-01
  0.94497311E-01  0.10070322E+00 -0.69472822E-01
  0.93852727E-01  0.10323856E+00 -0.70117995E-01
  0.93123068E-01  0.10569428E+00 -0.70650769E-01
  0.92321221E-01  0.10807478E+00 -0.71090362E-01
  0.91462503E-01  0.11038522E+00 -0.71454203E-01
  0.90564018E-01  0.11263141E+00 -0.71756731E-01
  0.89643891E-01  0.11481973E+00 -0.72008459E-01
  0.88720444E-01  0.11695705E+00 -0.72215376E-01
  0.87811349E-01  0.11905053E+00 -0.72378697E-01
  0.86932833E-01  0.12110754E+00 -0.72494980E-01
  0.86098988E-01  0.12313549E+00 -0.72556587E-01
  0.85321214E-01  0.12514166E+00 -0.72552419E-01
  0.84607852E-01  0.12713303E+00 -0.72468877E-01
  0.83964006E-01  0.12911610E+00 -0.72290938E-01
  0.83391578E-01  0.13109675E+00 -0.72003279E-01
  0.82889486E-01  0.13308006E+00 -0.71591328E-01
  0.82454054E-01  0.13507015E+00 -0.71042186E-01
  0.82079541E-01  0.13707004E+00 -0.70345332E-01
  0.81758743E-01  0.13908157E+00 -0.69493073E-01
  0.81483647E-01  0.14110527E+00 -0.68480711E-01
  0.81246064E-01  0.14314029E+00 -0.67306435E-01
  0.81038197E-01  0.14518434E+00 -0.65970962E-01
  0.80853118E-01  0.14723364E+00 -0.64476974E-01
  0.80685100E-01  0.14928295E+00 -0.62828419E-01
  0.80529806E-01  0.15132549E+00 -0.61029756E-01
  0.80384318E-01  0.15335302E+00 -0.59085217E-01
  0.80247016E-01  0.15535584E+00 -0.56998169E-01
  0.80117341E-01  0.15732286E+00 -0.54770639E-01
  0.79995449E-01  0.15924166E+00 -0.52403059E-01
  0.79881820E-01  0.16109859E+00 -0.49894250E-01
  0.79776849E-01  0.16287892E+00 -0.47241658E-01
  0.79680468E-01  0.16456698E+00 -0.44441823E-01
  0.79591834E-01  0.16614639E+00 -0.41491045E-01
  0.79509114E-01  0.16760033E+00 -0.38386176E-01
  0.79429390E-01  0.16891178E+00 -0.35125482E-01
  0.79348695E-01  0.17006393E+00 -0.31709481E-01
  0.79262166E-01  0.17104051E+00 -0.28141688E-01
  0.79164313E-01  0.17182624E+00 -0.24429195E-01
  0.79049364E-01  0.17240720E+00 -0.20583022E-01
  0.78911666E-01  0.17277131E+00 -0.16618209E-01
  0.78746092E-01  0.17290869E+00 -0.12553619E-01
  0.78548426E-01  0.17281203E+00 -0.84114857E-02
  0.78315681E-01  0.17247691E+00 -0.42167080E-02
  0.78046324E-01  0.17190199E+00  0.40360137E-05
  0.57116484E-01 -0.50844395E-01 -0.21029669E-04
  0.57490722E-01 -0.50552649E-01  0.35511663E-03
  0.57904566E-01 -0.50055966E-01  0.79065904E-03
  0.58354781E-01 -0.49356770E-01  0.12831389E-02
  0.58838068E-01 -0.48458427E-01  0.18241155E-02
  0.59351340E-01 -0.47365176E-01  0.23989711E-02
  0.59891994E-01 -0.46082036E-01  0.29872127E-02
  0.60458159E-01 -0.44614706E-01  0.35632578E-02
  0.61048890E-01 -0.42969448E-01  0.40976540E-02
  0.61664304E-01 -0.41152969E-01  0.45586429E-02
  0.62305626E-01 -0.39172304E-01  0.49139542E-02
  0.62975159E-01 -0.37034706E-01  0.51326948E-02
  0.63676160E-01 -0.34747539E-01  0.51871888E-02
  0.64412638E-01 -0.32318196E-01  0.50546270E-02
  0.65189084E-01 -0.29754027E-01  0.47183998E-02
  0.66010153E-01 -0.27062285E-01  0.41690104E-02
  0.66880314E-01 -0.24250098E-01  0.34044987E-02
  0.67803500E-01 -0.21324448E-01  0.24303463E-02
  0.68782771E-01 -0.18292180E-01  0.12588699E-02
  0.69820033E-01 -0.15160012E-01 -0.91843646E-04
  0.70915799E-01 -0.11934570E-01 -0.15993761E-02
  0.72069043E-01 -0.86224138E-02 -0.32386737E-02
  0.73277130E-01 -0.52300858E-02 -0.49838648E-02
  0.74535831E-01 -0.17641466E-02 -0.68100549E-02
  0.75839420E-01  0.17687845E-02 -0.86949575E-02
  0.77180847E-01  0.53619951E-02 -0.10620235E-01
  0.78551958E-01  0.90086530E-02 -0.12572444E-01
  0.79943759E-01  0.12701787E-01 -0.14543521E-01
  0.81346694E-01  0.16434276E-01 -0.16530773E-01
  0.82750923E-01  0.20198852E-01 -0.18536378E-01
  0.84146575E-01  0.23988106E-01 -0.20566461E-01
  0.85523972E-01  0.27794509E-01 -0.22629803E-01
  0.86873805E-01  0.31610442E-01 -0.24736324E-01
  0.88187253E-01  0.35428226E-01 -0.26895447E-01
  0.89456065E-01  0.39240169E-01 -0.29114496E-01
  0.90672587E-01  0.43038611E-01 -0.31397260E-01
  0.91829753E-01  0.46815974E-01 -0.33742844E-01
  0.92921059E-01  0.50564819E-01 -0.36144900E-01
  0.93940518E-01  0.54277900E-01 -0.38591317E-01
  0.94882621E-01  0.57948218E-01 -0.41064378E-01
  0.95742317E-01  0.61569080E-01 -0.43541402E-01
  0.96515002E-01  0.65134148E-01 -0.45995790E-01
  0.97196557E-01  0.68637496E-01 -0.48398428E-01
  0.97783398E-01  0.72073654E-01 -0.50719314E-01
  0.98272564E-01  0.75437652E-01 -0.52929292E-01
  0.98661829E-01  0.78725068E-01 -0.55001763E-01
  0.98949817E-01  0.81932061E-01 -0.56914237E-01
  0.99136134E-01  0.85055413E-01 -0.58649606E-01
  0.99221474E-01  0.88092559E-01 -0.60197050E-01
  0.99207722E-01  0.91041620E-01 -0.61552499E-01
  0.99098013E-01  0.93901436E-01 -0.62718631E-01
  0.98896756E-01  0.96671592E-01 -0.63704401E-01
  0.98609617E-01  0.99352443E-01 -0.64524145E-01
  0.98243448E-01  0.10194514E+00 -0.65196335E-01
  0.97806179E-01  0.10445162E+00 -0.65742076E-01
  0.97306656E-01  0.10687467E+00 -0.66183466E-01
  0.96754451E-01  0.10921783E+00 -0.66541942E-01
  0.96159639E-01  0.11148546E+00 -0.66836737E-01
  0.95532557E-01  0.11368265E+00 -0.67083555E-01
  0.94883558E-01  0.11581516E+00 -0.67293556E-01
  0.94222759E-01  0.11788934E+00 -0.67472724E-01
  0.93559810E-01  0.11991203E+00 -0.67621641E-01
  0.92903686E-01  0.12189044E+00 -0.67735676E-01
  0.92262502E-01  0.12383195E+00 -0.67805554E-01
  0.91643371E-01  0.12574398E+00 -0.67818240E-01
  0.91052306E-01  0.12763379E+00 -0.67758070E-01
  0.90494161E-01  0.12950828E+00 -0.67608004E-01
  0.89972617E-01  0.13137384E+00 -0.67350920E-01
  0.89490211E-01  0.13323610E+00 -0.66970824E-01
  0.89048400E-01  0.13509977E+00 -0.66453890E-01
  0.88647654E-01  0.13696854E+00 -0.65789254E-01
  0.88287575E-01  0.13884485E+00 -0.64969499E-01
  0.87967024E-01  0.14072985E+00 -0.63990818E-01
  0.87684259E-01  0.14262327E+00 -0.62852852E-01
  0.87437063E-01  0.14452340E+00 -0.61558233E-01
  0.87222864E-01  0.14642700E+00 -0.60111894E-01
  0.87038837E-01  0.14832934E+00 -0.58520220E-01
  0.86881985E-01  0.15022421E+00 -0.56790134E-01
  0.86749193E-01  0.15210390E+00 -0.54928194E-01
  0.86637268E-01  0.15395931E+00 -0.52939817E-01
  0.86542948E-01  0.15578001E+00 -0.50828681E-01
  0.86462905E-01  0.15755432E+00 -0.48596377E-01
  0.86393733E-01  0.15926940E+00 -0.46242347E-01
  0.86331938E-01  0.16091145E+00 -0.43764107E-01
  0.86273929E-01  0.16246586E+00 -0.41157742E-01
  0.86216024E-01  0.16391738E+00 -0.38418627E-01
  0.86154468E-01  0.16525042E+00 -0.35542306E-01
  0.86085469E-01  0.16644928E+00 -0.32525455E-01
  0.86005262E-01  0.16749852E+00 -0.29366825E-01
  0.85910184E-01  0.16838324E+00 -0.26068093E-01
  0.85796764E-01  0.16908951E+00 -0.22634532E-01
  0.85661829E-01  0.16960472E+00 -0.19075427E-01
  0.85502601E-01  0.16991797E+00 -0.15404217E-01
  0.85316803E-01  0.17002042E+00 -0.11638319E-01
  0.85102738E-01  0.16990560E+00 -0.77986557E-02
  0.84859358E-01  0.16956970E+00 -0.39089297E-02
  0.84586304E-01  0.16901174E+00  0.53183832E-05
  0.57457627E-01 -0.50210983E-01 -0.21709436E-04
  0.57724676E-01 -0.49984226E-01  0.39797098E-03
  0.58000749E-01 -0.49561361E-01  0.87599854E-03
  0.58291662E-01 -0.48943631E-01  0.14101819E-02
  0.58604092E-01 -0.48132797E-01  0.19924274E-02
  0.58945121E-01 -0.47131123E-01  0.26085357E-02
  0.59321780E-01 -0.45941366E-01  0.32384897E-02
  0.59740610E-01 -0.44566759E-01  0.38572192E-02
  0.60207281E-01 -0.43010990E-01  0.44357945E-02
  0.60726292E-01 -0.41278189E-01  0.49429603E-02
  0.61300772E-01 -0.39372908E-01  0.53468999E-02
  0.61932400E-01 -0.37300107E-01  0.56170943E-02
  0.62621434E-01 -0.35065140E-01  0.57261362E-02
  0.63366859E-01 -0.32673740E-01  0.56513598E-02
  0.64166623E-01 -0.30132015E-01  0.53761622E-02
  0.65017947E-01 -0.27446435E-01  0.48909142E-02
  0.65917670E-01 -0.24623826E-01  0.41933925E-02
  0.66862607E-01 -0.21671358E-01  0.32887028E-02
  0.67849873E-01 -0.18596541E-01  0.21887015E-02
  0.68877156E-01 -0.15407204E-01  0.91096596E-03
  0.69942899E-01 -0.12111480E-01 -0.52260299E-03
  0.71046375E-01 -0.87177819E-02 -0.20874333E-02
  0.72187654E-01 -0.52347717E-02 -0.37580561E-02
  0.73367449E-01 -0.16713244E-02 -0.55098616E-02
  0.74586847E-01  0.19635155E-02 -0.73206976E-02
  0.75846971E-01  0.56605820E-02 -0.91721876E-02
  0.77148556E-01  0.94106417E-02 -0.11050667E-01
  0.78491523E-01  0.13204449E-01 -0.12947669E-01
  0.79874539E-01  0.17032807E-01 -0.14859934E-01
  0.81294643E-01  0.20886622E-01 -0.16788942E-01
  0.82746940E-01  0.24756963E-01 -0.18740027E-01
  0.84224416E-01  0.28635111E-01 -0.20721143E-01
  0.85717884E-01  0.32512608E-01 -0.22741404E-01
  0.87216074E-01  0.36381298E-01 -0.24809513E-01
  0.88705885E-01  0.40233362E-01 -0.26932218E-01
  0.90172757E-01  0.44061338E-01 -0.29112935E-01
  0.91601187E-01  0.47858146E-01 -0.31350646E-01
  0.92975311E-01  0.51617099E-01 -0.33639161E-01
  0.94279563E-01  0.55331902E-01 -0.35966826E-01
  0.95499329E-01  0.58996659E-01 -0.38316681E-01
  0.96621576E-01  0.62605866E-01 -0.40667075E-01
  0.97635414E-01  0.66154407E-01 -0.42992680E-01
  0.98532537E-01  0.69637543E-01 -0.45265834E-01
  0.99307533E-01  0.73050917E-01 -0.47458093E-01
  0.99958033E-01  0.76390544E-01 -0.49541897E-01
  0.10048469E+00  0.79652818E-01 -0.51492188E-01
  0.10089099E+00  0.82834525E-01 -0.53287887E-01
  0.10118294E+00  0.85932856E-01 -0.54913089E-01
  0.10136861E+00  0.88945437E-01 -0.56357912E-01
  0.10145756E+00  0.91870363E-01 -0.57618913E-01
  0.10146031E+00  0.94706242E-01 -0.58699069E-01
  0.10138771E+00  0.97452241E-01 -0.59607303E-01
  0.10125042E+00  0.10010814E+00 -0.60357615E-01
  0.10105840E+00  0.10267441E+00 -0.60967878E-01
  0.10082056E+00  0.10515220E+00 -0.61458399E-01
  0.10054452E+00  0.10754348E+00 -0.61850354E-01
  0.10023649E+00  0.10985098E+00 -0.62164216E-01
  0.99901324E-01  0.11207826E+00 -0.62418289E-01
  0.99542651E-01  0.11422969E+00 -0.62627461E-01
  0.99163132E-01  0.11631040E+00 -0.62802258E-01
  0.98764785E-01  0.11832625E+00 -0.62948256E-01
  0.98349341E-01  0.12028371E+00 -0.63065888E-01
  0.97918598E-01  0.12218971E+00 -0.63150644E-01
  0.97474743E-01  0.12405156E+00 -0.63193625E-01
  0.97020597E-01  0.12587671E+00 -0.63182413E-01
  0.96559784E-01  0.12767257E+00 -0.63102144E-01
  0.96096779E-01  0.12944631E+00 -0.62936723E-01
  0.95636858E-01  0.13120465E+00 -0.62670054E-01
  0.95185936E-01  0.13295365E+00 -0.62287192E-01
  0.94750313E-01  0.13469850E+00 -0.61775338E-01
  0.94336363E-01  0.13644336E+00 -0.61124578E-01
  0.93950164E-01  0.13819122E+00 -0.60328346E-01
  0.93597136E-01  0.13994375E+00 -0.59383564E-01
  0.93281691E-01  0.14170122E+00 -0.58290472E-01
  0.93006938E-01  0.14346245E+00 -0.57052184E-01
  0.92774465E-01  0.14522475E+00 -0.55674014E-01
  0.92584212E-01  0.14698394E+00 -0.54162653E-01
  0.92434448E-01  0.14873437E+00 -0.52525281E-01
  0.92321862E-01  0.15046896E+00 -0.50768698E-01
  0.92241734E-01  0.15217927E+00 -0.48898564E-01
  0.92188209E-01  0.15385558E+00 -0.46918824E-01
  0.92154616E-01  0.15548701E+00 -0.44831363E-01
  0.92133830E-01  0.15706162E+00 -0.42635932E-01
  0.92118646E-01  0.15856660E+00 -0.40330360E-01
  0.92102121E-01  0.15998839E+00 -0.37911012E-01
  0.92077887E-01  0.16131294E+00 -0.35373473E-01
  0.92040388E-01  0.16252591E+00 -0.32713385E-01
  0.91985051E-01  0.16361295E+00 -0.29927351E-01
  0.91908357E-01  0.16455995E+00 -0.27013843E-01
  0.91807849E-01  0.16535344E+00 -0.23974007E-01
  0.91682046E-01  0.16598084E+00 -0.20812302E-01
  0.91530308E-01  0.16643084E+00 -0.17536906E-01
  0.91352650E-01  0.16669374E+00 -0.14159847E-01
  0.91149546E-01  0.16676176E+00 -0.10696851E-01
  0.90921722E-01  0.16662929E+00 -0.71668994E-02
  0.90669984E-01  0.16629317E+00 -0.35915491E-02
  0.90395078E-01  0.16575278E+00  0.59472115E-05
  0.57793140E-01 -0.49844260E-01 -0.18603161E-04
  0.57972397E-01 -0.49677329E-01  0.50128818E-03
  0.58129089E-01 -0.49322446E-01  0.10668370E-02
  0.58276860E-01 -0.48779771E-01  0.16741783E-02
  0.58431160E-01 -0.48049587E-01  0.23146211E-02
  0.58608161E-01 -0.47132343E-01  0.29744937E-02
  0.58823658E-01 -0.46028706E-01  0.36353930E-02
  0.59092023E-01 -0.44739629E-01  0.42748267E-02
  0.59425306E-01 -0.43266423E-01  0.48672066E-02
  0.59832535E-01 -0.41610829E-01  0.53851237E-02
  0.60319281E-01 -0.39775100E-01  0.58008122E-02
  0.60887497E-01 -0.37762072E-01  0.60876919E-02
  0.61535657E-01 -0.35575235E-01  0.62218748E-02
  0.62259168E-01 -0.33218791E-01  0.61835203E-02
  0.63051014E-01 -0.30697704E-01  0.59579379E-02
  0.63902579E-01 -0.28017729E-01  0.55363530E-02
  0.64804573E-01 -0.25185434E-01  0.49162796E-02
  0.65747974E-01 -0.22208194E-01  0.41014738E-02
  0.66724919E-01 -0.19094173E-01  0.31014750E-02
  0.67729451E-01 -0.15852275E-01  0.19307741E-02
  0.68758056E-01 -0.12492093E-01  0.60767729E-03
  0.69809959E-01 -0.90238170E-02 -0.84704267E-03
  0.70887130E-01 -0.54581478E-02 -0.24116002E-02
  0.71994009E-01 -0.18061789E-02 -0.40646398E-02
  0.73136965E-01  0.19207226E-02 -0.57865562E-02
  0.74323537E-01  0.57110458E-02 -0.75605892E-02
  0.75561512E-01  0.95532678E-02 -0.93736125E-02
  0.76857919E-01  0.13435985E-01 -0.11216560E-01
  0.78218028E-01  0.17348036E-01 -0.13084463E-01
  0.79644424E-01  0.21278619E-01 -0.14976109E-01
  0.81136260E-01  0.25217392E-01 -0.16893357E-01
  0.82688726E-01  0.29154557E-01 -0.18840171E-01
  0.84292808E-01  0.33080926E-01 -0.20821473E-01
  0.85935353E-01  0.36987966E-01 -0.22841906E-01
  0.87599445E-01  0.40867823E-01 -0.24904613E-01
  0.89265072E-01  0.44713323E-01 -0.27010162E-01
  0.90910038E-01  0.48517960E-01 -0.29155671E-01
  0.92511065E-01  0.52275859E-01 -0.31334250E-01
  0.94044991E-01  0.55981732E-01 -0.33534776E-01
  0.95489998E-01  0.59630820E-01 -0.35742045E-01
  0.96826761E-01  0.63218832E-01 -0.37937275E-01
  0.98039452E-01  0.66741880E-01 -0.40098931E-01
  0.99116520E-01  0.70196414E-01 -0.42203807E-01
  0.10005119E+00  0.73579171E-01 -0.44228269E-01
  0.10084166E+00  0.76887132E-01 -0.46149584E-01
  0.10149097E+00  0.80117486E-01 -0.47947206E-01
  0.10200655E+00  0.83267620E-01 -0.49603941E-01
  0.10239956E+00  0.86335122E-01 -0.51106885E-01
  0.10268393E+00  0.89317802E-01 -0.52448076E-01
  0.10287535E+00  0.92213736E-01 -0.53624812E-01
  0.10299015E+00  0.95021321E-01 -0.54639605E-01
  0.10304420E+00  0.97739350E-01 -0.55499784E-01
  0.10305196E+00  0.10036709E+00 -0.56216779E-01
  0.10302569E+00  0.10290437E+00 -0.56805149E-01
  0.10297486E+00  0.10535167E+00 -0.57281415E-01
  0.10290586E+00  0.10771019E+00 -0.57662808E-01
  0.10282196E+00  0.10998194E+00 -0.57966005E-01
  0.10272358E+00  0.11216975E+00 -0.58205960E-01
  0.10260874E+00  0.11427733E+00 -0.58394909E-01
  0.10247373E+00  0.11630920E+00 -0.58541610E-01
  0.10231387E+00  0.11827071E+00 -0.58650882E-01
  0.10212438E+00  0.12016790E+00 -0.58723441E-01
  0.10190116E+00  0.12200742E+00 -0.58756063E-01
  0.10164152E+00  0.12379637E+00 -0.58742018E-01
  0.10134476E+00  0.12554209E+00 -0.58671754E-01
  0.10101248E+00  0.12725201E+00 -0.58533748E-01
  0.10064881E+00  0.12893338E+00 -0.58315463E-01
  0.10026026E+00  0.13059311E+00 -0.58004319E-01
  0.99855392E-01  0.13223749E+00 -0.57588602E-01
  0.99444380E-01  0.13387202E+00 -0.57058251E-01
  0.99038300E-01  0.13550123E+00 -0.56405442E-01
  0.98648412E-01  0.13712851E+00 -0.55624952E-01
  0.98285385E-01  0.13875597E+00 -0.54714277E-01
  0.97958565E-01  0.14038435E+00 -0.53673499E-01
  0.97675339E-01  0.14201297E+00 -0.52504939E-01
  0.97440642E-01  0.14363970E+00 -0.51212632E-01
  0.97256658E-01  0.14526092E+00 -0.49801688E-01
  0.97122708E-01  0.14687160E+00 -0.48277596E-01
  0.97035365E-01  0.14846533E+00 -0.46645552E-01
  0.96988746E-01  0.15003438E+00 -0.44909872E-01
  0.96974981E-01  0.15156981E+00 -0.43073549E-01
  0.96984798E-01  0.15306161E+00 -0.41137998E-01
  0.97008175E-01  0.15449878E+00 -0.39103020E-01
  0.97035022E-01  0.15586951E+00 -0.36966974E-01
  0.97055807E-01  0.15716137E+00 -0.34727167E-01
  0.97062105E-01  0.15836151E+00 -0.32380406E-01
  0.97047016E-01  0.15945684E+00 -0.29923668E-01
  0.97005427E-01  0.16043433E+00 -0.27354837E-01
  0.96934105E-01  0.16128126E+00 -0.24673419E-01
  0.96831631E-01  0.16198553E+00 -0.21881183E-01
  0.96698178E-01  0.16253591E+00 -0.18982667E-01
  0.96535180E-01  0.16292240E+00 -0.15985489E-01
  0.96344923E-01  0.16313648E+00 -0.12900440E-01
  0.96130097E-01  0.16317144E+00 -0.97413428E-02
  0.95893371E-01  0.16302252E+00 -0.65246855E-02
  0.95637025E-01  0.16268721E+00 -0.32690540E-02
  0.95362674E-01  0.16216531E+00  0.55854392E-05
  0.57769370E-01 -0.49328391E-01 -0.12225179E-04
  0.57891347E-01 -0.49211072E-01  0.65965362E-03
  0.57963922E-01 -0.48912606E-01  0.13554371E-02
  0.58006130E-01 -0.48432313E-01  0.20678396E-02
  0.58039623E-01 -0.47769325E-01  0.27866083E-02
  0.58087145E-01 -0.46922676E-01  0.34984699E-02
  0.58170977E-01 -0.45891405E-01  0.41873298E-02
  0.58311465E-01 -0.44674691E-01  0.48347184E-02
  0.58525736E-01 -0.43271986E-01  0.54204578E-02
  0.58826707E-01 -0.41683173E-01  0.59235028E-02
  0.59222446E-01 -0.39908712E-01  0.63228992E-02
  0.59715940E-01 -0.37949787E-01  0.65987893E-02
  0.60305267E-01 -0.35808439E-01  0.67333909E-02
  0.60984160E-01 -0.33487682E-01  0.67118789E-02
  0.61742903E-01 -0.30991595E-01  0.65231048E-02
  0.62569479E-01 -0.28325390E-01  0.61600997E-02
  0.63450867E-01 -0.25495446E-01  0.56203272E-02
  0.64374377E-01 -0.22509313E-01  0.49056682E-02
  0.65328912E-01 -0.19375677E-01  0.40221412E-02
  0.66306035E-01 -0.16104304E-01  0.29793844E-02
  0.67300768E-01 -0.12705933E-01  0.17899403E-02
  0.68312034E-01 -0.91921596E-02  0.46840063E-03
  0.69342723E-01 -0.55752830E-02 -0.96951951E-03
  0.70399353E-01 -0.18681341E-02 -0.25079082E-02
  0.71491375E-01  0.19161082E-02 -0.41315118E-02
  0.72630163E-01  0.57641098E-02 -0.58264562E-02
  0.73827782E-01  0.96625768E-02 -0.75807808E-02
  0.75095627E-01  0.13598444E-01 -0.93847527E-02
  0.76443063E-01  0.17559053E-01 -0.11230943E-01
  0.77876164E-01  0.21532313E-01 -0.13114067E-01
  0.79396668E-01  0.25506835E-01 -0.15030618E-01
  0.81001238E-01  0.29472043E-01 -0.16978330E-01
  0.82681098E-01  0.33418255E-01 -0.18955516E-01
  0.84422070E-01  0.37336724E-01 -0.20960369E-01
  0.86205028E-01  0.41219660E-01 -0.22990260E-01
  0.88006741E-01  0.45060205E-01 -0.25041122E-01
  0.89801034E-01  0.48852394E-01 -0.27106968E-01
  0.91560194E-01  0.52591082E-01 -0.29179588E-01
  0.93256514E-01  0.56271854E-01 -0.31248449E-01
  0.94863859E-01  0.59890922E-01 -0.33300819E-01
  0.96359134E-01  0.63445012E-01 -0.35322109E-01
  0.97723561E-01  0.66931255E-01 -0.37296390E-01
  0.98943649E-01  0.70347078E-01 -0.39207065E-01
  0.10001181E+00  0.73690107E-01 -0.41037637E-01
  0.10092659E+00  0.76958094E-01 -0.42772511E-01
  0.10169240E+00  0.80148857E-01 -0.44397765E-01
  0.10231903E+00  0.83260250E-01 -0.45901841E-01
  0.10282060E+00  0.86290158E-01 -0.47276095E-01
  0.10321445E+00  0.89236519E-01 -0.48515164E-01
  0.10351974E+00  0.92097370E-01 -0.49617130E-01
  0.10375603E+00  0.94870924E-01 -0.50583458E-01
  0.10394194E+00  0.97555654E-01 -0.51418733E-01
  0.10409388E+00  0.10015040E+00 -0.52130191E-01
  0.10422510E+00  0.10265448E+00 -0.52727106E-01
  0.10434501E+00  0.10506781E+00 -0.53220064E-01
  0.10445885E+00  0.10739098E+00 -0.53620177E-01
  0.10456772E+00  0.10962537E+00 -0.53938302E-01
  0.10466898E+00  0.11177322E+00 -0.54184318E-01
  0.10475690E+00  0.11383763E+00 -0.54366503E-01
  0.10482358E+00  0.11582259E+00 -0.54491058E-01
  0.10486006E+00  0.11773293E+00 -0.54561808E-01
  0.10485736E+00  0.11957426E+00 -0.54580085E-01
  0.10480766E+00  0.12135286E+00 -0.54544796E-01
  0.10470517E+00  0.12307549E+00 -0.54452673E-01
  0.10454695E+00  0.12474929E+00 -0.54298651E-01
  0.10433335E+00  0.12638149E+00 -0.54076367E-01
  0.10406824E+00  0.12797927E+00 -0.53778710E-01
  0.10375886E+00  0.12954950E+00 -0.53398389E-01
  0.10341542E+00  0.13109854E+00 -0.52928474E-01
  0.10305046E+00  0.13263204E+00 -0.52362854E-01
  0.10267794E+00  0.13415470E+00 -0.51696595E-01
  0.10231231E+00  0.13567021E+00 -0.50926159E-01
  0.10196748E+00  0.13718100E+00 -0.50049493E-01
  0.10165584E+00  0.13868823E+00 -0.49065964E-01
  0.10138745E+00  0.14019171E+00 -0.47976183E-01
  0.10116936E+00  0.14168981E+00 -0.46781715E-01
  0.10100519E+00  0.14317954E+00 -0.45484735E-01
  0.10089501E+00  0.14465650E+00 -0.44087646E-01
  0.10083543E+00  0.14611501E+00 -0.42592726E-01
  0.10081998E+00  0.14754811E+00 -0.41001809E-01
  0.10083971E+00  0.14894771E+00 -0.39316072E-01
  0.10088391E+00  0.15030470E+00 -0.37535924E-01
  0.10094095E+00  0.15160906E+00 -0.35661023E-01
  0.10099915E+00  0.15285004E+00 -0.33690425E-01
  0.10104756E+00  0.15401634E+00 -0.31622850E-01
  0.10107666E+00  0.15509629E+00 -0.29457048E-01
  0.10107889E+00  0.15607808E+00 -0.27192225E-01
  0.10104894E+00  0.15694998E+00 -0.24828501E-01
  0.10098389E+00  0.15770062E+00 -0.22367353E-01
  0.10088305E+00  0.15831923E+00 -0.19811997E-01
  0.10074770E+00  0.15879592E+00 -0.17167684E-01
  0.10058058E+00  0.15912194E+00 -0.14441865E-01
  0.10038543E+00  0.15928996E+00 -0.11644217E-01
  0.10016629E+00  0.15929425E+00 -0.87865210E-02
  0.99927027E-01  0.15913092E+00 -0.58823868E-02
  0.99670816E-01  0.15879807E+00 -0.29468637E-02
  0.99399783E-01  0.15829588E+00  0.40551363E-05
  0.57065472E-01 -0.48285138E-01 -0.36510135E-05
  0.57165893E-01 -0.48203838E-01  0.85777052E-03
  0.57200043E-01 -0.47946437E-01  0.17162017E-02
  0.57189151E-01 -0.47511756E-01  0.25596878E-02
  0.57157579E-01 -0.46898256E-01  0.33756185E-02
  0.57131116E-01 -0.46104141E-01  0.41508131E-02
  0.57135225E-01 -0.45127505E-01  0.48716728E-02
  0.57193377E-01 -0.43966490E-01  0.55243978E-02
  0.57325588E-01 -0.42619475E-01  0.60952608E-02
  0.57547276E-01 -0.41085266E-01  0.65709213E-02
  0.57868514E-01 -0.39363287E-01  0.69387657E-02
  0.58293724E-01 -0.37453775E-01  0.71872517E-02
  0.58821829E-01 -0.35357938E-01  0.73062365E-02
  0.59446841E-01 -0.33078112E-01  0.72872693E-02
  0.60158820E-01 -0.30617877E-01  0.71238282E-02
  0.60945124E-01 -0.27982135E-01  0.68114891E-02
  0.61791828E-01 -0.25177163E-01  0.63480149E-02
  0.62685197E-01 -0.22210607E-01  0.57333611E-02
  0.63613085E-01 -0.19091451E-01  0.49695991E-02
  0.64566130E-01 -0.15829936E-01  0.40607643E-02
  0.65538658E-01 -0.12437438E-01  0.30126395E-02
  0.66529206E-01 -0.89263225E-02  0.18324917E-02
  0.67540625E-01 -0.53097576E-02  0.52877828E-03
  0.68579758E-01 -0.16015118E-02 -0.88915440E-03
  0.69656711E-01  0.21842678E-02 -0.24113633E-02
  0.70783787E-01  0.60332847E-02 -0.40275724E-02
  0.71974169E-01  0.99313220E-02 -0.57273936E-02
  0.73240468E-01  0.13864464E-01 -0.75004957E-02
  0.74593248E-01  0.17819305E-01 -0.93367153E-02
  0.76039669E-01  0.21783128E-01 -0.11226111E-01
  0.77582356E-01  0.25744065E-01 -0.13158964E-01
  0.79218590E-01  0.29691218E-01 -0.15125739E-01
  0.80939896E-01  0.33614741E-01 -0.17117017E-01
  0.82732071E-01  0.37505889E-01 -0.19123408E-01
  0.84575656E-01  0.41357024E-01 -0.21135474E-01
  0.86446809E-01  0.45161585E-01 -0.23143665E-01
  0.88318537E-01  0.48914022E-01 -0.25138284E-01
  0.90162176E-01  0.52609706E-01 -0.27109496E-01
  0.91949018E-01  0.56244808E-01 -0.29047371E-01
  0.93651963E-01  0.59816171E-01 -0.30941986E-01
  0.95247064E-01  0.63321165E-01 -0.32783557E-01
  0.96714857E-01  0.66757549E-01 -0.34562605E-01
  0.98041381E-01  0.70123334E-01 -0.36270152E-01
  0.99218809E-01  0.73416671E-01 -0.37897916E-01
  0.10024565E+00  0.76635750E-01 -0.39438502E-01
  0.10112650E+00  0.79778732E-01 -0.40885579E-01
  0.10187145E+00  0.82843707E-01 -0.42234017E-01
  0.10249503E+00  0.85828690E-01 -0.43479980E-01
  0.10301498E+00  0.88731641E-01 -0.44620977E-01
  0.10345078E+00  0.91550522E-01 -0.45655845E-01
  0.10382222E+00  0.94283375E-01 -0.46584690E-01
  0.10414791E+00  0.96928429E-01 -0.47408766E-01
  0.10444404E+00  0.99484211E-01 -0.48130320E-01
  0.10472336E+00  0.10194967E+00 -0.48752397E-01
  0.10499453E+00  0.10432432E+00 -0.49278617E-01
  0.10526178E+00  0.10660830E+00 -0.49712956E-01
  0.10552499E+00  0.10880255E+00 -0.50059511E-01
  0.10578011E+00  0.11090883E+00 -0.50322293E-01
  0.10601994E+00  0.11292975E+00 -0.50505038E-01
  0.10623507E+00  0.11486883E+00 -0.50611047E-01
  0.10641505E+00  0.11673044E+00 -0.50643077E-01
  0.10654956E+00  0.11851972E+00 -0.50603257E-01
  0.10662960E+00  0.12024249E+00 -0.50493057E-01
  0.10664847E+00  0.12190511E+00 -0.50313294E-01
  0.10660253E+00  0.12351432E+00 -0.50064170E-01
  0.10649180E+00  0.12507703E+00 -0.49745338E-01
  0.10632004E+00  0.12660011E+00 -0.49355991E-01
  0.10609471E+00  0.12809025E+00 -0.48894956E-01
  0.10582646E+00  0.12955364E+00 -0.48360799E-01
  0.10552845E+00  0.13099587E+00 -0.47751914E-01
  0.10521545E+00  0.13242172E+00 -0.47066612E-01
  0.10490279E+00  0.13383497E+00 -0.46303182E-01
  0.10460526E+00  0.13523832E+00 -0.45459947E-01
  0.10433615E+00  0.13663328E+00 -0.44535286E-01
  0.10410631E+00  0.13802005E+00 -0.43527651E-01
  0.10392345E+00  0.13939757E+00 -0.42435572E-01
  0.10379174E+00  0.14076344E+00 -0.41257644E-01
  0.10371165E+00  0.14211396E+00 -0.39992533E-01
  0.10368001E+00  0.14344420E+00 -0.38638974E-01
  0.10369047E+00  0.14474805E+00 -0.37195792E-01
  0.10373407E+00  0.14601831E+00 -0.35661941E-01
  0.10380003E+00  0.14724681E+00 -0.34036569E-01
  0.10387662E+00  0.14842456E+00 -0.32319107E-01
  0.10395207E+00  0.14954190E+00 -0.30509382E-01
  0.10401537E+00  0.15058865E+00 -0.28607746E-01
  0.10405702E+00  0.15155433E+00 -0.26615224E-01
  0.10406955E+00  0.15242838E+00 -0.24533661E-01
  0.10404787E+00  0.15320034E+00 -0.22365857E-01
  0.10398933E+00  0.15386013E+00 -0.20115692E-01
  0.10389362E+00  0.15439828E+00 -0.17788210E-01
  0.10376241E+00  0.15480616E+00 -0.15389670E-01
  0.10359893E+00  0.15507621E+00 -0.12927545E-01
  0.10340731E+00  0.15520218E+00 -0.10410466E-01
  0.10319199E+00  0.15517931E+00 -0.78481219E-02
  0.10295716E+00  0.15500450E+00 -0.52510953E-02
  0.10270620E+00  0.15467638E+00 -0.26306680E-02
  0.10244137E+00  0.15419547E+00  0.14157217E-05
  0.55452736E-01 -0.46441420E-01  0.56625550E-05
  0.55566266E-01 -0.46381315E-01  0.10726681E-02
  0.55610365E-01 -0.46148301E-01  0.21092168E-02
  0.55605035E-01 -0.45741099E-01  0.30981695E-02
  0.55573524E-01 -0.45158045E-01  0.40241059E-02
  0.55540712E-01 -0.44397201E-01  0.48735649E-02
  0.55531442E-01 -0.43456503E-01  0.56351633E-02
  0.55568919E-01 -0.42333932E-01  0.62995919E-02
  0.55673301E-01 -0.41027703E-01  0.68594975E-02
  0.55860572E-01 -0.39536467E-01  0.73092691E-02
  0.56141792E-01 -0.37859506E-01  0.76447522E-02
  0.56522747E-01 -0.35996930E-01  0.78629218E-02
  0.57004040E-01 -0.33949844E-01  0.79615454E-02
  0.57581581E-01 -0.31720502E-01  0.79388691E-02
  0.58247436E-01 -0.29312424E-01  0.77933561E-02
  0.58990948E-01 -0.26730475E-01  0.75235013E-02
  0.59800033E-01 -0.23980906E-01  0.71277401E-02
  0.60662526E-01 -0.21071355E-01  0.66044585E-02
  0.61567479E-01 -0.18010800E-01  0.59521046E-02
  0.62506270E-01 -0.14809477E-01  0.51693901E-02
  0.63473459E-01 -0.11478754E-01  0.42555646E-02
  0.64467294E-01 -0.80309742E-02  0.32107359E-02
  0.65489843E-01 -0.44792688E-02  0.20362069E-02
  0.66546727E-01 -0.83735032E-03  0.73479708E-03
  0.67646485E-01  0.28807120E-02 -0.68888427E-03
  0.68799637E-01  0.66607224E-02 -0.22282400E-02
  0.70017501E-01  0.10488588E-01 -0.38745865E-02
  0.71310890E-01  0.14350541E-01 -0.56171696E-02
  0.72688791E-01  0.18233342E-01 -0.74433009E-02
  0.74157141E-01  0.22124462E-01 -0.93386128E-02
  0.75717804E-01  0.26012237E-01 -0.11287420E-01
  0.77367841E-01  0.29885984E-01 -0.13273164E-01
  0.79099143E-01  0.33736085E-01 -0.15278922E-01
  0.80898454E-01  0.37554027E-01 -0.17287934E-01
  0.82747794E-01  0.41332408E-01 -0.19284130E-01
  0.84625251E-01  0.45064901E-01 -0.21252607E-01
  0.86506088E-01  0.48746184E-01 -0.23180042E-01
  0.88364072E-01  0.52371843E-01 -0.25054997E-01
  0.90172943E-01  0.55938249E-01 -0.26868116E-01
  0.91907884E-01  0.59442423E-01 -0.28612188E-01
  0.93546916E-01  0.62881888E-01 -0.30282087E-01
  0.95072076E-01  0.66254523E-01 -0.31874590E-01
  0.96470328E-01  0.69558430E-01 -0.33388102E-01
  0.97734119E-01  0.72791814E-01 -0.34822295E-01
  0.98861550E-01  0.75952881E-01 -0.36177711E-01
  0.99856162E-01  0.79039774E-01 -0.37455348E-01
  0.10072636E+00  0.82050533E-01 -0.38656261E-01
  0.10148450E+00  0.84983089E-01 -0.39781226E-01
  0.10214580E+00  0.87835294E-01 -0.40830469E-01
  0.10272703E+00  0.90604977E-01 -0.41803495E-01
  0.10324518E+00  0.93290029E-01 -0.42699021E-01
  0.10371627E+00  0.95888505E-01 -0.43515013E-01
  0.10415413E+00  0.98398745E-01 -0.44248826E-01
  0.10456962E+00  0.10081950E+00 -0.44897425E-01
  0.10496999E+00  0.10315003E+00 -0.45457661E-01
  0.10535865E+00  0.10539026E+00 -0.45926580E-01
  0.10573522E+00  0.10754082E+00 -0.46301741E-01
  0.10609595E+00  0.10960317E+00 -0.46581494E-01
  0.10643436E+00  0.11157956E+00 -0.46765211E-01
  0.10674217E+00  0.11347312E+00 -0.46853433E-01
  0.10701026E+00  0.11528778E+00 -0.46847933E-01
  0.10722974E+00  0.11702822E+00 -0.46751668E-01
  0.10739295E+00  0.11869974E+00 -0.46568643E-01
  0.10749438E+00  0.12030821E+00 -0.46303678E-01
  0.10753129E+00  0.12185983E+00 -0.45962116E-01
  0.10750418E+00  0.12336100E+00 -0.45549467E-01
  0.10741692E+00  0.12481816E+00 -0.45071049E-01
  0.10727665E+00  0.12623755E+00 -0.44531626E-01
  0.10709330E+00  0.12762505E+00 -0.43935088E-01
  0.10687904E+00  0.12898602E+00 -0.43284192E-01
  0.10664738E+00  0.13032511E+00 -0.42580381E-01
  0.10641229E+00  0.13164612E+00 -0.41823708E-01
  0.10618722E+00  0.13295187E+00 -0.41012845E-01
  0.10598422E+00  0.13424411E+00 -0.40145207E-01
  0.10581313E+00  0.13552348E+00 -0.39217155E-01
  0.10568099E+00  0.13678939E+00 -0.38224272E-01
  0.10559163E+00  0.13804008E+00 -0.37161693E-01
  0.10554556E+00  0.13927256E+00 -0.36024466E-01
  0.10554007E+00  0.14048271E+00 -0.34807904E-01
  0.10556958E+00  0.14166528E+00 -0.33507925E-01
  0.10562619E+00  0.14281403E+00 -0.32121339E-01
  0.10570036E+00  0.14392179E+00 -0.30646082E-01
  0.10578172E+00  0.14498062E+00 -0.29081368E-01
  0.10585982E+00  0.14598194E+00 -0.27427767E-01
  0.10592491E+00  0.14691673E+00 -0.25687209E-01
  0.10596856E+00  0.14777567E+00 -0.23862911E-01
  0.10598411E+00  0.14854940E+00 -0.21959256E-01
  0.10596702E+00  0.14922870E+00 -0.19981620E-01
  0.10591490E+00  0.14980471E+00 -0.17936185E-01
  0.10582741E+00  0.15026916E+00 -0.15829738E-01
  0.10570600E+00  0.15061458E+00 -0.13669487E-01
  0.10555344E+00  0.15083452E+00 -0.11462903E-01
  0.10537333E+00  0.15092370E+00 -0.92175864E-02
  0.10516955E+00  0.15087823E+00 -0.69411890E-02
  0.10494576E+00  0.15069565E+00 -0.46413625E-02
  0.10470493E+00  0.15037511E+00 -0.23257511E-02
  0.10444904E+00  0.14991733E+00 -0.20076659E-05
  0.52840707E-01 -0.43682356E-01  0.14124500E-04
  0.52995409E-01 -0.43629639E-01  0.12773113E-02
  0.53092756E-01 -0.43405579E-01  0.24864608E-02
  0.53148433E-01 -0.43009180E-01  0.36195884E-02
  0.53181032E-01 -0.42439193E-01  0.46584805E-02
  0.53210780E-01 -0.41694208E-01  0.55890834E-02
  0.53258205E-01 -0.40772790E-01  0.64016064E-02
  0.53342858E-01 -0.39673615E-01  0.70903397E-02
  0.53482162E-01 -0.38395643E-01  0.76532118E-02
  0.53690482E-01 -0.36938280E-01  0.80911302E-02
  0.53978471E-01 -0.35301550E-01  0.84071643E-02
  0.54352740E-01 -0.33486254E-01  0.86056438E-02
  0.54815848E-01 -0.31494111E-01  0.86912505E-02
  0.55366619E-01 -0.29327880E-01  0.86681791E-02
  0.56000732E-01 -0.26991450E-01  0.85394398E-02
  0.56711535E-01 -0.24489903E-01  0.83063581E-02
  0.57490992E-01 -0.21829534E-01  0.79683144E-02
  0.58330691E-01 -0.19017840E-01  0.75227415E-02
  0.59222818E-01 -0.16063473E-01  0.69653793E-02
  0.60161001E-01 -0.12976160E-01  0.62907620E-02
  0.61140969E-01 -0.97665838E-02  0.54928936E-02
  0.62160954E-01 -0.64462474E-02  0.45660520E-02
  0.63221814E-01 -0.30273074E-02  0.35056515E-02
  0.64326862E-01  0.47760532E-03  0.23090860E-02
  0.65481415E-01  0.40555773E-02  0.97647853E-03
  0.66692122E-01  0.76936084E-02 -0.48872911E-03
  0.67966099E-01  0.11378806E-01 -0.20794039E-02
  0.69309986E-01  0.15098572E-01 -0.37846010E-02
  0.70728977E-01  0.18840772E-01 -0.55897132E-02
  0.72225924E-01  0.22593893E-01 -0.74768843E-02
  0.73800599E-01  0.26347166E-01 -0.94256609E-02
  0.75449169E-01  0.30090670E-01 -0.11413837E-01
  0.77163933E-01  0.33815399E-01 -0.13418428E-01
  0.78933364E-01  0.37513297E-01 -0.15416710E-01
  0.80742432E-01  0.41177265E-01 -0.17387236E-01
  0.82573214E-01  0.44801127E-01 -0.19310768E-01
  0.84405726E-01  0.48379574E-01 -0.21171048E-01
  0.86218919E-01  0.51908081E-01 -0.22955359E-01
  0.87991777E-01  0.55382801E-01 -0.24654834E-01
  0.89704414E-01  0.58800450E-01 -0.26264499E-01
  0.91339102E-01  0.62158183E-01 -0.27783049E-01
  0.92881153E-01  0.65453467E-01 -0.29212383E-01
  0.94319585E-01  0.68683970E-01 -0.30556940E-01
  0.95647528E-01  0.71847459E-01 -0.31822888E-01
  0.96862355E-01  0.74941719E-01 -0.33017239E-01
  0.97965523E-01  0.77964502E-01 -0.34146957E-01
  0.98962143E-01  0.80913497E-01 -0.35218132E-01
  0.99860332E-01  0.83786336E-01 -0.36235279E-01
  0.10067039E+00  0.86580626E-01 -0.37200821E-01
  0.10140388E+00  0.89294005E-01 -0.38114791E-01
  0.10207267E+00  0.91924224E-01 -0.38974758E-01
  0.10268800E+00  0.94469242E-01 -0.39776007E-01
  0.10325975E+00  0.96927334E-01 -0.40511912E-01
  0.10379573E+00  0.99297196E-01 -0.41174496E-01
  0.10430135E+00  0.10157805E+00 -0.41755119E-01
  0.10477935E+00  0.10376975E+00 -0.42245224E-01
  0.10522997E+00  0.10587282E+00 -0.42637082E-01
  0.10565113E+00  0.10788855E+00 -0.42924480E-01
  0.10603897E+00  0.10981898E+00 -0.43103287E-01
  0.10638848E+00  0.11166692E+00 -0.43171844E-01
  0.10669416E+00  0.11343592E+00 -0.43131165E-01
  0.10695082E+00  0.11513018E+00 -0.42984923E-01
  0.10715424E+00  0.11675449E+00 -0.42739215E-01
  0.10730176E+00  0.11831409E+00 -0.42402153E-01
  0.10739280E+00  0.11981456E+00 -0.41983281E-01
  0.10742907E+00  0.12126168E+00 -0.41492900E-01
  0.10741469E+00  0.12266123E+00 -0.40941336E-01
  0.10735602E+00  0.12401889E+00 -0.40338211E-01
  0.10726139E+00  0.12534005E+00 -0.39691784E-01
  0.10714057E+00  0.12662966E+00 -0.39008407E-01
  0.10700420E+00  0.12789212E+00 -0.38292140E-01
  0.10686308E+00  0.12913108E+00 -0.37544543E-01
  0.10672751E+00  0.13034941E+00 -0.36764674E-01
  0.10660662E+00  0.13154905E+00 -0.35949272E-01
  0.10650780E+00  0.13273095E+00 -0.35093119E-01
  0.10643630E+00  0.13389504E+00 -0.34189535E-01
  0.10639493E+00  0.13504013E+00 -0.33230980E-01
  0.10638400E+00  0.13616401E+00 -0.32209693E-01
  0.10640140E+00  0.13726334E+00 -0.31118338E-01
  0.10644286E+00  0.13833383E+00 -0.29950585E-01
  0.10650240E+00  0.13937017E+00 -0.28701604E-01
  0.10657277E+00  0.14036626E+00 -0.27368421E-01
  0.10664611E+00  0.14131520E+00 -0.25950125E-01
  0.10671444E+00  0.14220954E+00 -0.24447914E-01
  0.10677027E+00  0.14304138E+00 -0.22864988E-01
  0.10680706E+00  0.14380255E+00 -0.21206303E-01
  0.10681954E+00  0.14448485E+00 -0.19478227E-01
  0.10680394E+00  0.14508020E+00 -0.17688121E-01
  0.10675811E+00  0.14558088E+00 -0.15843898E-01
  0.10668134E+00  0.14597973E+00 -0.13953598E-01
  0.10657428E+00  0.14627033E+00 -0.12025014E-01
  0.10643855E+00  0.14644718E+00 -0.10065408E-01
  0.10627644E+00  0.14650585E+00 -0.80813267E-02
  0.10609050E+00  0.14644316E+00 -0.60785393E-02
  0.10588317E+00  0.14625720E+00 -0.40620854E-02
  0.10565653E+00  0.14594747E+00 -0.20364244E-02
  0.10541199E+00  0.14551485E+00 -0.56593414E-05
  0.49301291E-01 -0.40079678E-01  0.20281530E-04
  0.49514679E-01 -0.40023531E-01  0.14450586E-02
  0.49696943E-01 -0.39796473E-01  0.27997386E-02
  0.49857176E-01 -0.39398105E-01  0.40586681E-02
  0.50006610E-01 -0.38828034E-01  0.52013771E-02
  0.50157865E-01 -0.38085940E-01  0.62130829E-02
  0.50324162E-01 -0.37171662E-01  0.70847961E-02
  0.50518546E-01 -0.36085290E-01  0.78130289E-02
  0.50753174E-01 -0.34827278E-01  0.83991420E-02
  0.51038717E-01 -0.33398550E-01  0.88483885E-02
  0.51383909E-01 -0.31800602E-01  0.91687403E-02
  0.51795279E-01 -0.30035606E-01  0.93695973E-02
  0.52277057E-01 -0.28106486E-01  0.94604882E-02
  0.52831262E-01 -0.26016988E-01  0.94498694E-02
  0.53457958E-01 -0.23771721E-01  0.93441221E-02
  0.54155626E-01 -0.21376180E-01  0.91468274E-02
  0.54921635E-01 -0.18836743E-01  0.88583758E-02
  0.55752748E-01 -0.16160641E-01  0.84759417E-02
  0.56645620E-01 -0.13355910E-01  0.79938172E-02
  0.57597247E-01 -0.10431318E-01  0.74040757E-02
  0.58605313E-01 -0.73962777E-02  0.66975033E-02
  0.59668416E-01 -0.42607368E-02  0.58647157E-02
  0.60786148E-01 -0.10350640E-02  0.48973627E-02
  0.61959023E-01  0.22700776E-02  0.37893152E-02
  0.63188266E-01  0.56438604E-02  0.25377306E-02
  0.64475483E-01  0.90754232E-02  0.11439035E-02
  0.65822232E-01  0.12553999E-01 -0.38617468E-03
  0.67229558E-01  0.16069039E-01 -0.20415988E-02
  0.68697516E-01  0.19610319E-01 -0.38066987E-02
  0.70224737E-01  0.23168049E-01 -0.56615484E-02
  0.71808074E-01  0.26732948E-01 -0.75827992E-02
  0.73442363E-01  0.30296319E-01 -0.95447753E-02
  0.75120333E-01  0.33850092E-01 -0.11520750E-01
  0.76832661E-01  0.37386855E-01 -0.13484301E-01
  0.78568181E-01  0.40899856E-01 -0.15410655E-01
  0.80314242E-01  0.44382990E-01 -0.17277896E-01
  0.82057173E-01  0.47830766E-01 -0.19067975E-01
  0.83782834E-01  0.51238253E-01 -0.20767431E-01
  0.85477211E-01  0.54601016E-01 -0.22367772E-01
  0.87127006E-01  0.57915041E-01 -0.23865503E-01
  0.88720188E-01  0.61176652E-01 -0.25261801E-01
  0.90246454E-01  0.64382439E-01 -0.26561863E-01
  0.91697588E-01  0.67529178E-01 -0.27774000E-01
  0.93067671E-01  0.70613772E-01 -0.28908537E-01
  0.94353158E-01  0.73633206E-01 -0.29976619E-01
  0.95552795E-01  0.76584517E-01 -0.30989018E-01
  0.96667411E-01  0.79464791E-01 -0.31955035E-01
  0.97699599E-01  0.82271175E-01 -0.32881575E-01
  0.98653303E-01  0.85000919E-01 -0.33772476E-01
  0.99533370E-01  0.87651426E-01 -0.34628126E-01
  0.10034508E+00  0.90220323E-01 -0.35445404E-01
  0.10109370E+00  0.92705541E-01 -0.36217930E-01
  0.10178412E+00  0.95105398E-01 -0.36936606E-01
  0.10242053E+00  0.97418682E-01 -0.37590384E-01
  0.10300623E+00  0.99644722E-01 -0.38167211E-01
  0.10354355E+00  0.10178345E+00 -0.38655044E-01
  0.10403387E+00  0.10383546E+00 -0.39042878E-01
  0.10447776E+00  0.10580200E+00 -0.39321680E-01
  0.10487517E+00  0.10768500E+00 -0.39485159E-01
  0.10522572E+00  0.10948705E+00 -0.39530317E-01
  0.10552904E+00  0.11121136E+00 -0.39457734E-01
  0.10578502E+00  0.11286168E+00 -0.39271568E-01
  0.10599415E+00  0.11444223E+00 -0.38979270E-01
  0.10615775E+00  0.11595761E+00 -0.38591054E-01
  0.10627810E+00  0.11741269E+00 -0.38119149E-01
  0.10635857E+00  0.11881250E+00 -0.37576917E-01
  0.10640357E+00  0.12016209E+00 -0.36977891E-01
  0.10641845E+00  0.12146642E+00 -0.36334827E-01
  0.10640930E+00  0.12273026E+00 -0.35658835E-01
  0.10638267E+00  0.12395804E+00 -0.34958654E-01
  0.10634529E+00  0.12515375E+00 -0.34240143E-01
  0.10630370E+00  0.12632083E+00 -0.33505994E-01
  0.10626390E+00  0.12746207E+00 -0.32755718E-01
  0.10623107E+00  0.12857952E+00 -0.31985863E-01
  0.10620927E+00  0.12967441E+00 -0.31190469E-01
  0.10620130E+00  0.13074709E+00 -0.30361700E-01
  0.10620851E+00  0.13179699E+00 -0.29490596E-01
  0.10623086E+00  0.13282260E+00 -0.28567895E-01
  0.10626695E+00  0.13382145E+00 -0.27584840E-01
  0.10631416E+00  0.13479011E+00 -0.26533910E-01
  0.10636891E+00  0.13572433E+00 -0.25409429E-01
  0.10642690E+00  0.13661899E+00 -0.24207998E-01
  0.10648344E+00  0.13746832E+00 -0.22928725E-01
  0.10653369E+00  0.13826594E+00 -0.21573243E-01
  0.10657305E+00  0.13900507E+00 -0.20145535E-01
  0.10659730E+00  0.13967865E+00 -0.18651572E-01
  0.10660286E+00  0.14027957E+00 -0.17098833E-01
  0.10658689E+00  0.14080082E+00 -0.15495726E-01
  0.10654737E+00  0.14123573E+00 -0.13850998E-01
  0.10648303E+00  0.14157811E+00 -0.12173164E-01
  0.10639333E+00  0.14182243E+00 -0.10470026E-01
  0.10627833E+00  0.14196400E+00 -0.87483157E-02
  0.10613848E+00  0.14199912E+00 -0.70134790E-02
  0.10597454E+00  0.14192512E+00 -0.52696396E-02
  0.10578737E+00  0.14174052E+00 -0.35197120E-02
  0.10557780E+00  0.14144503E+00 -0.17656582E-02
  0.10534655E+00  0.14103960E+00 -0.88496121E-05
  0.45065470E-01 -0.35889204E-01  0.23068224E-04
  0.45342671E-01 -0.35823187E-01  0.15542433E-02
  0.45625501E-01 -0.35586217E-01  0.30090512E-02
  0.45915324E-01 -0.35178689E-01  0.43600254E-02
  0.46214542E-01 -0.34601351E-01  0.55854517E-02
  0.46526471E-01 -0.33855326E-01  0.66699328E-02
  0.46855200E-01 -0.32942141E-01  0.76045089E-02
  0.47205426E-01 -0.31863759E-01  0.83863368E-02
  0.47582278E-01 -0.30622607E-01  0.90179640E-02
  0.47991143E-01 -0.29221608E-01  0.95062655E-02
  0.48437494E-01 -0.27664199E-01  0.98611349E-02
  0.48926722E-01 -0.25954347E-01  0.10094044E-01
  0.49463992E-01 -0.24096554E-01  0.10216588E-01
  0.50054106E-01 -0.22095849E-01  0.10239139E-01
  0.50701391E-01 -0.19957769E-01  0.10169713E-01
  0.51409609E-01 -0.17688336E-01  0.10013144E-01
  0.52181876E-01 -0.15294014E-01  0.97706323E-02
  0.53020615E-01 -0.12781665E-01  0.94396885E-02
  0.53927507E-01 -0.10158499E-01  0.90144809E-02
  0.54903474E-01 -0.74320168E-02  0.84865484E-02
  0.55948661E-01 -0.46099529E-02  0.78458121E-02
  0.57062433E-01 -0.17002183E-02  0.70817964E-02
  0.58243387E-01  0.12891550E-02  0.61849511E-02
  0.59489363E-01  0.43500668E-02  0.51479586E-02
  0.60797466E-01  0.74743978E-02  0.39669132E-02
  0.62164104E-01  0.10654056E-01  0.26422683E-02
  0.63585022E-01  0.13881016E-01  0.11794679E-02
  0.65055355E-01  0.17147362E-01 -0.41079439E-03
  0.66569686E-01  0.20445319E-01 -0.21127150E-02
  0.68122117E-01  0.23767285E-01 -0.39059134E-02
  0.69706341E-01  0.27105862E-01 -0.57663186E-02
  0.71315733E-01  0.30453881E-01 -0.76673425E-02
  0.72943431E-01  0.33804422E-01 -0.95812498E-02
  0.74582435E-01  0.37150831E-01 -0.11480618E-01
  0.76225689E-01  0.40486732E-01 -0.13339779E-01
  0.77866173E-01  0.43806033E-01 -0.15136122E-01
  0.79496978E-01  0.47102920E-01 -0.16851179E-01
  0.81111373E-01  0.50371854E-01 -0.18471388E-01
  0.82702862E-01  0.53607557E-01 -0.19988506E-01
  0.84265229E-01  0.56804993E-01 -0.21399625E-01
  0.85792568E-01  0.59959347E-01 -0.22706810E-01
  0.87279306E-01  0.63066011E-01 -0.23916397E-01
  0.88720220E-01  0.66120562E-01 -0.25038001E-01
  0.90110446E-01  0.69118758E-01 -0.26083330E-01
  0.91445492E-01  0.72056528E-01 -0.27064895E-01
  0.92721259E-01  0.74929989E-01 -0.27994727E-01
  0.93934059E-01  0.77735458E-01 -0.28883192E-01
  0.95080652E-01  0.80469489E-01 -0.29738005E-01
  0.96158287E-01  0.83128908E-01 -0.30563513E-01
  0.97164753E-01  0.85710866E-01 -0.31360293E-01
  0.98098437E-01  0.88212893E-01 -0.32125092E-01
  0.98958380E-01  0.90632950E-01 -0.32851110E-01
  0.99744329E-01  0.92969488E-01 -0.33528585E-01
  0.10045678E+00  0.95221486E-01 -0.34145631E-01
  0.10109702E+00  0.97388497E-01 -0.34689248E-01
  0.10166711E+00  0.99470664E-01 -0.35146434E-01
  0.10216986E+00  0.10146873E+00 -0.35505279E-01
  0.10260882E+00  0.10338403E+00 -0.35755977E-01
  0.10298819E+00  0.10521846E+00 -0.35891657E-01
  0.10331268E+00  0.10697447E+00 -0.35908980E-01
  0.10358745E+00  0.10865495E+00 -0.35808449E-01
  0.10381791E+00  0.11026323E+00 -0.35594415E-01
  0.10400963E+00  0.11180298E+00 -0.35274784E-01
  0.10416815E+00  0.11327813E+00 -0.34860455E-01
  0.10429886E+00  0.11469280E+00 -0.34364529E-01
  0.10440684E+00  0.11605121E+00 -0.33801373E-01
  0.10449679E+00  0.11735761E+00 -0.33185604E-01
  0.10457291E+00  0.11861620E+00 -0.32531075E-01
  0.10463889E+00  0.11983101E+00 -0.31849951E-01
  0.10469780E+00  0.12100587E+00 -0.31151943E-01
  0.10475217E+00  0.12214429E+00 -0.30443751E-01
  0.10480395E+00  0.12324938E+00 -0.29728768E-01
  0.10485455E+00  0.12432378E+00 -0.29007040E-01
  0.10490492E+00  0.12536959E+00 -0.28275502E-01
  0.10495556E+00  0.12638823E+00 -0.27528446E-01
  0.10500662E+00  0.12738046E+00 -0.26758176E-01
  0.10505792E+00  0.12834624E+00 -0.25955800E-01
  0.10510900E+00  0.12928475E+00 -0.25112080E-01
  0.10515920E+00  0.13019431E+00 -0.24218278E-01
  0.10520761E+00  0.13107243E+00 -0.23266915E-01
  0.10525318E+00  0.13191580E+00 -0.22252397E-01
  0.10529467E+00  0.13272035E+00 -0.21171456E-01
  0.10533069E+00  0.13348137E+00 -0.20023376E-01
  0.10535972E+00  0.13419354E+00 -0.18809995E-01
  0.10538009E+00  0.13485116E+00 -0.17535497E-01
  0.10539000E+00  0.13544824E+00 -0.16206022E-01
  0.10538759E+00  0.13597868E+00 -0.14829127E-01
  0.10537091E+00  0.13643646E+00 -0.13413177E-01
  0.10533800E+00  0.13681581E+00 -0.11966703E-01
  0.10528694E+00  0.13711140E+00 -0.10497799E-01
  0.10521588E+00  0.13731846E+00 -0.90136122E-02
  0.10512316E+00  0.13743296E+00 -0.75199746E-02
  0.10500730E+00  0.13745171E+00 -0.60211956E-02
  0.10486711E+00  0.13737247E+00 -0.45200378E-02
  0.10470177E+00  0.13719399E+00 -0.30178673E-02
  0.10451083E+00  0.13691611E+00 -0.15149551E-02
  0.10429426E+00  0.13653972E+00 -0.10894402E-04
  0.40491802E-01 -0.31516220E-01  0.21991898E-04
  0.40825952E-01 -0.31438870E-01  0.15921075E-02
  0.41207304E-01 -0.31190760E-01  0.30899763E-02
  0.41629628E-01 -0.30773134E-01  0.44885741E-02
  0.42086467E-01 -0.30187960E-01  0.57662935E-02
  0.42571637E-01 -0.29437904E-01  0.69074996E-02
  0.43079731E-01 -0.28526297E-01  0.79026701E-02
  0.43606569E-01 -0.27457100E-01  0.87481188E-02
  0.44149586E-01 -0.26234845E-01  0.94453385E-02
  0.44708091E-01 -0.24864584E-01  0.10000023E-01
  0.45283406E-01 -0.23351814E-01  0.10420858E-01
  0.45878842E-01 -0.21702406E-01  0.10718178E-01
  0.46499533E-01 -0.19922526E-01  0.10902613E-01
  0.47152119E-01 -0.18018547E-01  0.10983823E-01
  0.47844316E-01 -0.15996970E-01  0.10969432E-01
  0.48584389E-01 -0.13864346E-01  0.10864245E-01
  0.49380572E-01 -0.11627197E-01  0.10669804E-01
  0.50240480E-01 -0.92919575E-02  0.10384317E-01
  0.51170549E-01 -0.68649178E-02  0.10002957E-01
  0.52175555E-01 -0.43521902E-02  0.95185047E-02
  0.53258235E-01 -0.17596861E-02  0.89222668E-02
  0.54419045E-01  0.90688872E-03  0.82051897E-02
  0.55656077E-01  0.36420234E-02  0.73590715E-02
  0.56965122E-01  0.64403766E-02  0.63777623E-02
  0.58339892E-01  0.92967395E-02  0.52582472E-02
  0.59772368E-01  0.12205990E-01  0.40015181E-02
  0.61253259E-01  0.15163044E-01  0.26131551E-02
  0.62772518E-01  0.18162801E-01  0.11035654E-02
  0.64319889E-01  0.21200103E-01 -0.51214514E-03
  0.65885444E-01  0.24269687E-01 -0.22146619E-02
  0.67460053E-01  0.27366159E-01 -0.39812775E-02
  0.69035773E-01  0.30483973E-01 -0.57869714E-02
  0.70606108E-01  0.33617424E-01 -0.76056708E-02
  0.72166145E-01  0.36760653E-01 -0.94115941E-02
  0.73712531E-01  0.39907664E-01 -0.11180576E-01
  0.75243331E-01  0.43052352E-01 -0.12891269E-01
  0.76757748E-01  0.46188534E-01 -0.14526140E-01
  0.78255757E-01  0.49309993E-01 -0.16072175E-01
  0.79737676E-01  0.52410520E-01 -0.17521258E-01
  0.81203712E-01  0.55483958E-01 -0.18870192E-01
  0.82653527E-01  0.58524251E-01 -0.20120374E-01
  0.84085857E-01  0.61525488E-01 -0.21277148E-01
  0.85498226E-01  0.64481953E-01 -0.22348911E-01
  0.86886772E-01  0.67388167E-01 -0.23346026E-01
  0.88246208E-01  0.70238938E-01 -0.24279654E-01
  0.89569928E-01  0.73029405E-01 -0.25160578E-01
  0.90850244E-01  0.75755086E-01 -0.25998134E-01
  0.92078739E-01  0.78411923E-01 -0.26799307E-01
  0.93246719E-01  0.80996328E-01 -0.27568078E-01
  0.94345719E-01  0.83505222E-01 -0.28305063E-01
  0.95368027E-01  0.85936075E-01 -0.29007448E-01
  0.96307191E-01  0.88286929E-01 -0.29669249E-01
  0.97158463E-01  0.90556423E-01 -0.30281831E-01
  0.97919141E-01  0.92743795E-01 -0.30834668E-01
  0.98588801E-01  0.94848883E-01 -0.31316252E-01
  0.99169372E-01  0.96872101E-01 -0.31715089E-01
  0.99665074E-01  0.98814413E-01 -0.32020690E-01
  0.10008221E+00  0.10067729E+00 -0.32224476E-01
  0.10042882E+00  0.10246265E+00 -0.32320533E-01
  0.10071425E+00  0.10417281E+00 -0.32306143E-01
  0.10094863E+00  0.10581043E+00 -0.32182065E-01
  0.10114233E+00  0.10737843E+00 -0.31952542E-01
  0.10130545E+00  0.10887993E+00 -0.31625039E-01
  0.10144727E+00  0.11031823E+00 -0.31209738E-01
  0.10157590E+00  0.11169669E+00 -0.30718829E-01
  0.10169791E+00  0.11301875E+00 -0.30165672E-01
  0.10181821E+00  0.11428783E+00 -0.29563878E-01
  0.10193993E+00  0.11550732E+00 -0.28926405E-01
  0.10206452E+00  0.11668053E+00 -0.28264728E-01
  0.10219193E+00  0.11781062E+00 -0.27588140E-01
  0.10232088E+00  0.11890058E+00 -0.26903256E-01
  0.10244922E+00  0.11995315E+00 -0.26213739E-01
  0.10257424E+00  0.12097076E+00 -0.25520260E-01
  0.10269311E+00  0.12195544E+00 -0.24820698E-01
  0.10280318E+00  0.12290880E+00 -0.24110555E-01
  0.10290223E+00  0.12383187E+00 -0.23383537E-01
  0.10298874E+00  0.12472513E+00 -0.22632248E-01
  0.10306189E+00  0.12558834E+00 -0.21848952E-01
  0.10312168E+00  0.12642060E+00 -0.21026314E-01
  0.10316874E+00  0.12722025E+00 -0.20158076E-01
  0.10320426E+00  0.12798491E+00 -0.19239612E-01
  0.10322973E+00  0.12871151E+00 -0.18268310E-01
  0.10324667E+00  0.12939631E+00 -0.17243768E-01
  0.10325645E+00  0.13003506E+00 -0.16167792E-01
  0.10325999E+00  0.13062305E+00 -0.15044200E-01
  0.10325761E+00  0.13115528E+00 -0.13878464E-01
  0.10324889E+00  0.13162659E+00 -0.12677230E-01
  0.10323264E+00  0.13203185E+00 -0.11447764E-01
  0.10320692E+00  0.13236609E+00 -0.10197376E-01
  0.10316917E+00  0.13262470E+00 -0.89328840E-02
  0.10311636E+00  0.13280353E+00 -0.76601601E-02
  0.10304525E+00  0.13289905E+00 -0.63838064E-02
  0.10295265E+00  0.13290846E+00 -0.51069800E-02
  0.10283564E+00  0.13282978E+00 -0.38313845E-02
  0.10269190E+00  0.13266190E+00 -0.25574184E-02
  0.10251986E+00  0.13240464E+00 -0.12844619E-02
  0.10231884E+00  0.13205879E+00 -0.11267608E-04
  0.36010744E-01 -0.27453100E-01  0.17219751E-04
  0.36385330E-01 -0.27367697E-01  0.15573880E-02
  0.36846622E-01 -0.27112585E-01  0.30387312E-02
  0.37382133E-01 -0.26689771E-01  0.44369627E-02
  0.37977926E-01 -0.26102311E-01  0.57320572E-02
  0.38619636E-01 -0.25354246E-01  0.69087274E-02
  0.39293509E-01 -0.24450517E-01  0.79565750E-02
  0.39987392E-01 -0.23396858E-01  0.88699193E-02
  0.40691592E-01 -0.22199671E-01  0.96473248E-02
  0.41399537E-01 -0.20865890E-01  0.10290879E-01
  0.42108195E-01 -0.19402831E-01  0.10805283E-01
  0.42818211E-01 -0.17818035E-01  0.11196836E-01
  0.43533756E-01 -0.16119120E-01  0.11472405E-01
  0.44262105E-01 -0.14313619E-01  0.11638454E-01
  0.45012973E-01 -0.12408852E-01  0.11700222E-01
  0.45797666E-01 -0.10411791E-01  0.11661116E-01
  0.46628112E-01 -0.83289601E-02  0.11522360E-01
  0.47515849E-01 -0.61663567E-02  0.11282921E-01
  0.48471054E-01 -0.39293982E-02  0.10939726E-01
  0.49501682E-01 -0.16229030E-02  0.10488130E-01
  0.50612782E-01  0.74889860E-03  0.99226031E-02
  0.51806048E-01  0.31823217E-02  0.92375602E-02
  0.53079626E-01  0.56741570E-02  0.84282667E-02
  0.54428200E-01  0.82215756E-02  0.74917348E-02
  0.55843335E-01  0.10822015E-01  0.64275295E-02
  0.57314052E-01  0.13473053E-01  0.52384118E-02
  0.58827581E-01  0.16172274E-01  0.39307603E-02
  0.60370233E-01  0.18917143E-01  0.25147307E-02
  0.61928315E-01  0.21704877E-01  0.10041342E-02
  0.63489010E-01  0.24532349E-01 -0.58395919E-03
  0.65041160E-01  0.27395995E-01 -0.22298663E-02
  0.66575887E-01  0.30291758E-01 -0.39121364E-02
  0.68086992E-01  0.33215053E-01 -0.56085333E-02
  0.69571126E-01  0.36160761E-01 -0.72970805E-02
  0.71027707E-01  0.39123255E-01 -0.89570884E-02
  0.72458592E-01  0.42096438E-01 -0.10570089E-01
  0.73867551E-01  0.45073813E-01 -0.12120609E-01
  0.75259573E-01  0.48048566E-01 -0.13596722E-01
  0.76640078E-01  0.51013662E-01 -0.14990351E-01
  0.78014096E-01  0.53961945E-01 -0.16297298E-01
  0.79385480E-01  0.56886248E-01 -0.17517006E-01
  0.80756232E-01  0.59779498E-01 -0.18652083E-01
  0.82125987E-01  0.62634824E-01 -0.19707628E-01
  0.83491703E-01  0.65445651E-01 -0.20690417E-01
  0.84847591E-01  0.68205792E-01 -0.21608023E-01
  0.86185277E-01  0.70909531E-01 -0.22467928E-01
  0.87494203E-01  0.73551697E-01 -0.23276715E-01
  0.88762223E-01  0.76127719E-01 -0.24039378E-01
  0.89976348E-01  0.78633676E-01 -0.24758829E-01
  0.91123594E-01  0.81066328E-01 -0.25435605E-01
  0.92191849E-01  0.83423137E-01 -0.26067816E-01
  0.93170711E-01  0.85702269E-01 -0.26651317E-01
  0.94052208E-01  0.87902577E-01 -0.27180083E-01
  0.94831371E-01  0.90023576E-01 -0.27646761E-01
  0.95506597E-01  0.92065400E-01 -0.28043333E-01
  0.96079781E-01  0.94028741E-01 -0.28361844E-01
  0.96556215E-01  0.95914788E-01 -0.28595125E-01
  0.96944251E-01  0.97725149E-01 -0.28737461E-01
  0.97254768E-01  0.99461776E-01 -0.28785140E-01
  0.97500480E-01  0.10112689E+00 -0.28736840E-01
  0.97695136E-01  0.10272292E+00 -0.28593838E-01
  0.97852686E-01  0.10425240E+00 -0.28360010E-01
  0.97986453E-01  0.10571798E+00 -0.28041633E-01
  0.98108402E-01  0.10712233E+00 -0.27647017E-01
  0.98228527E-01  0.10846813E+00 -0.27185973E-01
  0.98354415E-01  0.10975807E+00 -0.26669199E-01
  0.98491015E-01  0.11099481E+00 -0.26107594E-01
  0.98640598E-01  0.11218096E+00 -0.25511593E-01
  0.98802934E-01  0.11331911E+00 -0.24890544E-01
  0.98975628E-01  0.11441180E+00 -0.24252190E-01
  0.99154602E-01  0.11546147E+00 -0.23602300E-01
  0.99334670E-01  0.11647046E+00 -0.22944449E-01
  0.99510151E-01  0.11744095E+00 -0.22279991E-01
  0.99675466E-01  0.11837488E+00 -0.21608193E-01
  0.99825677E-01  0.11927391E+00 -0.20926532E-01
  0.99956914E-01  0.12013933E+00 -0.20231115E-01
  0.10006667E+00  0.12097198E+00 -0.19517186E-01
  0.10015395E+00  0.12177218E+00 -0.18779679E-01
  0.10021924E+00  0.12253965E+00 -0.18013763E-01
  0.10026432E+00  0.12327351E+00 -0.17215334E-01
  0.10029204E+00  0.12397220E+00 -0.16381422E-01
  0.10030583E+00  0.12463356E+00 -0.15510473E-01
  0.10030938E+00  0.12525479E+00 -0.14602494E-01
  0.10030610E+00  0.12583256E+00 -0.13659048E-01
  0.10029878E+00  0.12636312E+00 -0.12683115E-01
  0.10028923E+00  0.12684234E+00 -0.11678827E-01
  0.10027806E+00  0.12726594E+00 -0.10651119E-01
  0.10026456E+00  0.12762956E+00 -0.96053138E-02
  0.10024680E+00  0.12792893E+00 -0.85467104E-02
  0.10022170E+00  0.12816002E+00 -0.74801844E-02
  0.10018537E+00  0.12831921E+00 -0.64098614E-02
  0.10013341E+00  0.12840333E+00 -0.53388814E-02
  0.10006137E+00  0.12840986E+00 -0.42692773E-02
  0.99965100E-01  0.12833697E+00 -0.32019753E-02
  0.99841199E-01  0.12818357E+00 -0.21369142E-02
  0.99687286E-01  0.12794943E+00 -0.10732654E-02
  0.99502253E-01  0.12763515E+00 -0.97309860E-05
  0.32053234E-01 -0.24198618E-01  0.95525949E-05
  0.32445802E-01 -0.24112187E-01  0.14610574E-02
  0.32955574E-01 -0.23858395E-01  0.28739283E-02
  0.33566082E-01 -0.23439796E-01  0.42285661E-02
  0.34258447E-01 -0.22860222E-01  0.55078724E-02
  0.35012726E-01 -0.22124688E-01  0.66975830E-02
  0.35809312E-01 -0.21239269E-01  0.77864163E-02
  0.36630280E-01 -0.20210945E-01  0.87660389E-02
  0.37460574E-01 -0.19047421E-01  0.96308583E-02
  0.38288955E-01 -0.17756937E-01  0.10377671E-01
  0.39108632E-01 -0.16348060E-01  0.11005200E-01
  0.39917537E-01 -0.14829469E-01  0.11513569E-01
  0.40718235E-01 -0.13209754E-01  0.11903758E-01
  0.41517462E-01 -0.11497211E-01  0.12177086E-01
  0.42325358E-01 -0.96996678E-02  0.12334775E-01
  0.43154444E-01 -0.78243238E-02  0.12377618E-01
  0.44018433E-01 -0.58776281E-02  0.12305788E-01
  0.44930973E-01 -0.38651897E-02  0.12118796E-01
  0.45904423E-01 -0.17917288E-02  0.11815595E-01
  0.46948752E-01  0.33893051E-03  0.11394830E-01
  0.48070664E-01  0.25238248E-02  0.10855190E-01
  0.49272989E-01  0.47607758E-02  0.10195844E-01
  0.50554408E-01  0.70482783E-02  0.94169027E-02
  0.51909514E-01  0.93853562E-02  0.85198795E-02
  0.53329198E-01  0.11771395E-01  0.75080891E-02
  0.54801327E-01  0.14205960E-01  0.63869548E-02
  0.56311646E-01  0.16688604E-01  0.51641885E-02
  0.57844831E-01  0.19218684E-01  0.38498235E-02
  0.59385596E-01  0.21795190E-01  0.24560903E-02
  0.60919772E-01  0.24416586E-01  0.99713951E-03
  0.62435255E-01  0.27080694E-01 -0.51137137E-03
  0.63922758E-01  0.29784597E-01 -0.20528000E-02
  0.65376304E-01  0.32524591E-01 -0.36101140E-02
  0.66793418E-01  0.35296166E-01 -0.51665164E-02
  0.68175014E-01  0.38094029E-01 -0.67060576E-02
  0.69524992E-01  0.40912163E-01 -0.82141909E-02
  0.70849573E-01  0.43743910E-01 -0.96782347E-02
  0.72156442E-01  0.46582089E-01 -0.11087709E-01
  0.73453771E-01  0.49419124E-01 -0.12434530E-01
  0.74749205E-01  0.52247192E-01 -0.13713046E-01
  0.76048893E-01  0.55058371E-01 -0.14919933E-01
  0.77356655E-01  0.57844796E-01 -0.16053942E-01
  0.78673350E-01  0.60598802E-01 -0.17115544E-01
  0.79996495E-01  0.63313067E-01 -0.18106489E-01
  0.81320174E-01  0.65980732E-01 -0.19029331E-01
  0.82635235E-01  0.68595516E-01 -0.19886934E-01
  0.83929773E-01  0.71151802E-01 -0.20682028E-01
  0.85189851E-01  0.73644707E-01 -0.21416818E-01
  0.86400402E-01  0.76070132E-01 -0.22092695E-01
  0.87546243E-01  0.78424789E-01 -0.22710058E-01
  0.88613126E-01  0.80706202E-01 -0.23268254E-01
  0.89588732E-01  0.82912687E-01 -0.23765640E-01
  0.90463539E-01  0.85043317E-01 -0.24199757E-01
  0.91231504E-01  0.87097859E-01 -0.24567586E-01
  0.91890486E-01  0.89076704E-01 -0.24865876E-01
  0.92442404E-01  0.90980775E-01 -0.25091502E-01
  0.92893110E-01  0.92811438E-01 -0.25241826E-01
  0.93251988E-01  0.94570401E-01 -0.25315028E-01
  0.93531317E-01  0.96259619E-01 -0.25310382E-01
  0.93745450E-01  0.97881208E-01 -0.25228448E-01
  0.93909876E-01  0.99437364E-01 -0.25071172E-01
  0.94040234E-01  0.10093031E+00 -0.24841884E-01
  0.94151352E-01  0.10236222E+00 -0.24545195E-01
  0.94256396E-01  0.10373526E+00 -0.24186794E-01
  0.94366166E-01  0.10505150E+00 -0.23773178E-01
  0.94488610E-01  0.10631295E+00 -0.23311324E-01
  0.94628568E-01  0.10752160E+00 -0.22808332E-01
  0.94787760E-01  0.10867939E+00 -0.22271073E-01
  0.94965010E-01  0.10978826E+00 -0.21705852E-01
  0.95156673E-01  0.11085016E+00 -0.21118137E-01
  0.95357223E-01  0.11186704E+00 -0.20512349E-01
  0.95559942E-01  0.11284084E+00 -0.19891737E-01
  0.95757654E-01  0.11377346E+00 -0.19258350E-01
  0.95943440E-01  0.11466670E+00 -0.18613091E-01
  0.96111265E-01  0.11552224E+00 -0.17955860E-01
  0.96256481E-01  0.11634148E+00 -0.17285760E-01
  0.96376169E-01  0.11712557E+00 -0.16601351E-01
  0.96469284E-01  0.11787521E+00 -0.15900933E-01
  0.96536620E-01  0.11859068E+00 -0.15182822E-01
  0.96580593E-01  0.11927171E+00 -0.14445612E-01
  0.96604877E-01  0.11991747E+00 -0.13688384E-01
  0.96613937E-01  0.12052658E+00 -0.12910859E-01
  0.96612495E-01  0.12109705E+00 -0.12113481E-01
  0.96604998E-01  0.12162639E+00 -0.11297422E-01
  0.96595130E-01  0.12211167E+00 -0.10464519E-01
  0.96585408E-01  0.12254958E+00 -0.96171408E-02
  0.96576915E-01  0.12293658E+00 -0.87580162E-02
  0.96569173E-01  0.12326898E+00 -0.78900255E-02
  0.96560184E-01  0.12354312E+00 -0.70159883E-02
  0.96546609E-01  0.12375549E+00 -0.61384639E-02
  0.96524094E-01  0.12390284E+00 -0.52595839E-02
  0.96487678E-01  0.12398231E+00 -0.43809348E-02
  0.96432271E-01  0.12399157E+00 -0.35034994E-02
  0.96353138E-01  0.12392884E+00 -0.26276627E-02
  0.96246344E-01  0.12379304E+00 -0.17532793E-02
  0.96109133E-01  0.12358382E+00 -0.87979546E-03
  0.95940189E-01  0.12330159E+00 -0.64100006E-05
  0.28975151E-01 -0.22172057E-01  0.28905796E-06
  0.29361626E-01 -0.22093825E-01  0.13250110E-02
  0.29881009E-01 -0.21852054E-01  0.26345491E-02
  0.30515682E-01 -0.21449544E-01  0.39152520E-02
  0.31245086E-01 -0.20890463E-01  0.51539067E-02
  0.32047170E-01 -0.20180234E-01  0.63378848E-02
  0.32899911E-01 -0.19325397E-01  0.74552703E-02
  0.33782786E-01 -0.18333428E-01  0.84949673E-02
  0.34678088E-01 -0.17212543E-01  0.94467871E-02
  0.35571997E-01 -0.15971472E-01  0.10301516E-01
  0.36455317E-01 -0.14619236E-01  0.11050969E-01
  0.37323851E-01 -0.13164906E-01  0.11688021E-01
  0.38178363E-01 -0.11617381E-01  0.12206642E-01
  0.39024179E-01 -0.99851639E-02  0.12601908E-01
  0.39870426E-01 -0.82761774E-02  0.12870019E-01
  0.40729006E-01 -0.64975913E-02  0.13008314E-01
  0.41613387E-01 -0.46556959E-02  0.13015275E-01
  0.42537294E-01 -0.27558110E-02  0.12890543E-01
  0.43513434E-01 -0.80224107E-03  0.12634926E-01
  0.44552334E-01  0.12017254E-02  0.12250401E-01
  0.45661394E-01  0.32537696E-02  0.11740114E-01
  0.46844220E-01  0.53524535E-02  0.11108369E-01
  0.48100294E-01  0.74970907E-02  0.10360601E-01
  0.49424982E-01  0.96875850E-02  0.95033406E-02
  0.50809890E-01  0.11924242E-01  0.85441481E-02
  0.52243517E-01  0.14207567E-01  0.74915373E-02
  0.53712143E-01  0.16538053E-01  0.63548726E-02
  0.55200882E-01  0.18915971E-01  0.51442478E-02
  0.56694800E-01  0.21341182E-01  0.38703463E-02
  0.58179999E-01  0.23812962E-01  0.25442866E-02
  0.59644590E-01  0.26329860E-01  0.11774571E-02
  0.61079459E-01  0.28889596E-01 -0.21865342E-03
  0.62478776E-01  0.31488992E-01 -0.16326263E-02
  0.63840205E-01  0.34123953E-01 -0.30532760E-02
  0.65164803E-01  0.36789487E-01 -0.44698033E-02
  0.66456623E-01  0.39479757E-01 -0.58719317E-02
  0.67722055E-01  0.42188181E-01 -0.72500246E-02
  0.68968969E-01  0.44907552E-01 -0.85951813E-02
  0.70205741E-01  0.47630186E-01 -0.98993086E-02
  0.71440233E-01  0.50348080E-01 -0.11155170E-01
  0.72678823E-01  0.53053092E-01 -0.12356412E-01
  0.73925577E-01  0.55737107E-01 -0.13497569E-01
  0.75181603E-01  0.58392208E-01 -0.14574053E-01
  0.76444680E-01  0.61010837E-01 -0.15582120E-01
  0.77709163E-01  0.63585934E-01 -0.16518836E-01
  0.78966180E-01  0.66111063E-01 -0.17382023E-01
  0.80204116E-01  0.68580514E-01 -0.18170201E-01
  0.81409326E-01  0.70989374E-01 -0.18882531E-01
  0.82567040E-01  0.73333576E-01 -0.19518746E-01
  0.83662368E-01  0.75609926E-01 -0.20079094E-01
  0.84681341E-01  0.77816088E-01 -0.20564268E-01
  0.85611897E-01  0.79950557E-01 -0.20975352E-01
  0.86444737E-01  0.82012601E-01 -0.21313760E-01
  0.87173991E-01  0.84002186E-01 -0.21581185E-01
  0.87797639E-01  0.85919881E-01 -0.21779555E-01
  0.88317652E-01  0.87766755E-01 -0.21910984E-01
  0.88739859E-01  0.89544262E-01 -0.21977743E-01
  0.89073547E-01  0.91254134E-01 -0.21982227E-01
  0.89330825E-01  0.92898274E-01 -0.21926933E-01
  0.89525810E-01  0.94478660E-01 -0.21814443E-01
  0.89673698E-01  0.95997266E-01 -0.21647409E-01
  0.89789792E-01  0.97456006E-01 -0.21428548E-01
  0.89888566E-01  0.98856688E-01 -0.21160636E-01
  0.89982822E-01  0.10020101E+00 -0.20846499E-01
  0.90083016E-01  0.10149054E+00 -0.20489013E-01
  0.90196784E-01  0.10272677E+00 -0.20091094E-01
  0.90328704E-01  0.10391111E+00 -0.19655693E-01
  0.90480292E-01  0.10504496E+00 -0.19185772E-01
  0.90650239E-01  0.10612973E+00 -0.18684297E-01
  0.90834835E-01  0.10716686E+00 -0.18154205E-01
  0.91028555E-01  0.10815786E+00 -0.17598386E-01
  0.91224742E-01  0.10910431E+00 -0.17019649E-01
  0.91416328E-01  0.11000784E+00 -0.16420691E-01
  0.91596534E-01  0.11087007E+00 -0.15804073E-01
  0.91759483E-01  0.11169261E+00 -0.15172192E-01
  0.91900687E-01  0.11247692E+00 -0.14527258E-01
  0.92017373E-01  0.11322430E+00 -0.13871280E-01
  0.92108616E-01  0.11393575E+00 -0.13206056E-01
  0.92175299E-01  0.11461192E+00 -0.12533174E-01
  0.92219881E-01  0.11525304E+00 -0.11854015E-01
  0.92246046E-01  0.11585884E+00 -0.11169763E-01
  0.92258226E-01  0.11642856E+00 -0.10481425E-01
  0.92261079E-01  0.11696090E+00 -0.97898463E-02
  0.92258969E-01  0.11745409E+00 -0.90957334E-02
  0.92255479E-01  0.11790588E+00 -0.83996710E-02
  0.92253031E-01  0.11831366E+00 -0.77021422E-02
  0.92252616E-01  0.11867452E+00 -0.70035432E-02
  0.92253687E-01  0.11898538E+00 -0.63041959E-02
  0.92254198E-01  0.11924309E+00 -0.56043565E-02
  0.92250793E-01  0.11944456E+00 -0.49042232E-02
  0.92239128E-01  0.11958687E+00 -0.42039403E-02
  0.92214277E-01  0.11966741E+00 -0.35036036E-02
  0.92171205E-01  0.11968398E+00 -0.28032651E-02
  0.92105240E-01  0.11963485E+00 -0.21029390E-02
  0.92012512E-01  0.11951892E+00 -0.14026102E-02
  0.91890321E-01  0.11933571E+00 -0.70224369E-03
  0.91737386E-01  0.11908547E+00 -0.17954072E-05
  0.26990585E-01 -0.21636884E-01 -0.89967142E-05
  0.27349416E-01 -0.21576474E-01  0.11788328E-02
  0.27838510E-01 -0.21357717E-01  0.23742980E-02
  0.28442005E-01 -0.20983326E-01  0.35700217E-02
  0.29141126E-01 -0.20457312E-01  0.47570412E-02
  0.29915490E-01 -0.19784873E-01  0.59247548E-02
  0.30744496E-01 -0.18972261E-01  0.70610110E-02
  0.31608672E-01 -0.18026610E-01  0.81523387E-02
  0.32490905E-01 -0.16955747E-01  0.91843076E-02
  0.33377444E-01 -0.15767984E-01  0.10141996E-01
  0.34258623E-01 -0.14471899E-01  0.11010534E-01
  0.35129248E-01 -0.13076120E-01  0.11775689E-01
  0.35988632E-01 -0.11589112E-01  0.12424452E-01
  0.36840282E-01 -0.10018976E-01  0.12945579E-01
  0.37691276E-01 -0.83732702E-02  0.13330061E-01
  0.38551384E-01 -0.66588625E-02  0.13571481E-01
  0.39432013E-01 -0.48818088E-02  0.13666246E-01
  0.40345060E-01 -0.30472732E-02  0.13613663E-01
  0.41301772E-01 -0.11594862E-02  0.13415873E-01
  0.42311703E-01  0.77825425E-03  0.13077650E-01
  0.43381838E-01  0.27635422E-02  0.12606063E-01
  0.44515973E-01  0.47947830E-02  0.12010061E-01
  0.45714366E-01  0.68710776E-02  0.11299979E-01
  0.46973696E-01  0.89920768E-02  0.10487033E-01
  0.48287326E-01  0.11157813E-01  0.95828154E-02
  0.49645818E-01  0.13368516E-01  0.85988447E-02
  0.51037678E-01  0.15624421E-01  0.75461862E-02
  0.52450234E-01  0.17925582E-01  0.64351744E-02
  0.53870590E-01  0.20271692E-01  0.52752453E-02
  0.55286558E-01  0.22661923E-01  0.40748855E-02
  0.56687500E-01  0.25094795E-01  0.28416883E-02
  0.58065001E-01  0.27568076E-01  0.15825045E-02
  0.59413332E-01  0.30078710E-01  0.30366295E-03
  0.60729649E-01  0.32622799E-01 -0.98876736E-03
  0.62013944E-01  0.35195603E-01 -0.22887039E-02
  0.63268727E-01  0.37791599E-01 -0.35897981E-02
  0.64498498E-01  0.40404554E-01 -0.48852316E-02
  0.65709047E-01  0.43027639E-01 -0.61675854E-02
  0.66906639E-01  0.45653566E-01 -0.74287969E-02
  0.68097177E-01  0.48274737E-01 -0.86602151E-02
  0.69285391E-01  0.50883406E-01 -0.98527499E-02
  0.70474148E-01  0.53471852E-01 -0.10997109E-01
  0.71663919E-01  0.56032536E-01 -0.12084100E-01
  0.72852464E-01  0.58558260E-01 -0.13104981E-01
  0.74034758E-01  0.61042312E-01 -0.14051822E-01
  0.75203159E-01  0.63478581E-01 -0.14917854E-01
  0.76347812E-01  0.65861667E-01 -0.15697772E-01
  0.77457247E-01  0.68186946E-01 -0.16387974E-01
  0.78519129E-01  0.70450625E-01 -0.16986701E-01
  0.79521103E-01  0.72649756E-01 -0.17494081E-01
  0.80451654E-01  0.74782229E-01 -0.17912057E-01
  0.81300924E-01  0.76846735E-01 -0.18244217E-01
  0.82061425E-01  0.78842704E-01 -0.18495526E-01
  0.82728575E-01  0.80770225E-01 -0.18671988E-01
  0.83301046E-01  0.82629948E-01 -0.18780255E-01
  0.83780870E-01  0.84422973E-01 -0.18827222E-01
  0.84173315E-01  0.86150737E-01 -0.18819633E-01
  0.84486544E-01  0.87814900E-01 -0.18763715E-01
  0.84731072E-01  0.89417237E-01 -0.18664895E-01
  0.84919086E-01  0.90959547E-01 -0.18527585E-01
  0.85063662E-01  0.92443573E-01 -0.18355068E-01
  0.85177958E-01  0.93870948E-01 -0.18149494E-01
  0.85274428E-01  0.95243161E-01 -0.17911957E-01
  0.85364125E-01  0.96561549E-01 -0.17642673E-01
  0.85456143E-01  0.97827302E-01 -0.17341216E-01
  0.85557223E-01  0.99041497E-01 -0.17006806E-01
  0.85671558E-01  0.10020514E+00 -0.16638609E-01
  0.85800794E-01  0.10131919E+00 -0.16236032E-01
  0.85944225E-01  0.10238466E+00 -0.15798988E-01
  0.86099146E-01  0.10340260E+00 -0.15328101E-01
  0.86261335E-01  0.10437417E+00 -0.14824841E-01
  0.86425616E-01  0.10530062E+00 -0.14291583E-01
  0.86586454E-01  0.10618331E+00 -0.13731572E-01
  0.86738521E-01  0.10702369E+00 -0.13148819E-01
  0.86877202E-01  0.10782324E+00 -0.12547925E-01
  0.86998986E-01  0.10858338E+00 -0.11933850E-01
  0.87101729E-01  0.10930546E+00 -0.11311653E-01
  0.87184755E-01  0.10999062E+00 -0.10686228E-01
  0.87248815E-01  0.11063976E+00 -0.10062046E-01
  0.87295899E-01  0.11125343E+00 -0.94429361E-02
  0.87328933E-01  0.11183175E+00 -0.88319187E-02
  0.87351397E-01  0.11237445E+00 -0.82310984E-02
  0.87366894E-01  0.11288074E+00 -0.76416305E-02
  0.87378725E-01  0.11334941E+00 -0.70637563E-02
  0.87389504E-01  0.11377878E+00 -0.64969020E-02
  0.87400850E-01  0.11416681E+00 -0.59398308E-02
  0.87413184E-01  0.11451114E+00 -0.53908325E-02
  0.87425654E-01  0.11480917E+00 -0.48479323E-02
  0.87436179E-01  0.11505821E+00 -0.43091003E-02
  0.87441625E-01  0.11525552E+00 -0.37724431E-02
  0.87438077E-01  0.11539850E+00 -0.32363618E-02
  0.87421189E-01  0.11548474E+00 -0.26996647E-02
  0.87386579E-01  0.11551216E+00 -0.21616261E-02
  0.87330225E-01  0.11547913E+00 -0.16219905E-02
  0.87248831E-01  0.11538451E+00 -0.10809232E-02
  0.87140123E-01  0.11522775E+00 -0.53891735E-03
  0.87003060E-01  0.11500897E+00  0.33334211E-05
  0.26126023E-01 -0.22647900E-01 -0.16725605E-04
  0.26441485E-01 -0.22613571E-01  0.10551080E-02
  0.26865626E-01 -0.22427104E-01  0.21531320E-02
  0.27386868E-01 -0.22090817E-01  0.32755359E-02
  0.27991328E-01 -0.21608098E-01  0.44172643E-02
  0.28663772E-01 -0.20983326E-01  0.55697822E-02
  0.29388642E-01 -0.20221755E-01  0.67211156E-02
  0.30151065E-01 -0.19329385E-01  0.78561672E-02
  0.30937772E-01 -0.18312810E-01  0.89572850E-02
  0.31737875E-01 -0.17179059E-01  0.10005046E-01
  0.32543428E-01 -0.15935431E-01  0.10979195E-01
  0.33349759E-01 -0.14589322E-01  0.11859672E-01
  0.34155530E-01 -0.13148070E-01  0.12627656E-01
  0.34962559E-01 -0.11618799E-01  0.13266538E-01
  0.35775394E-01 -0.10008289E-01  0.13762775E-01
  0.36600703E-01 -0.83228591E-02  0.14106539E-01
  0.37446522E-01 -0.65682776E-02  0.14292141E-01
  0.38321430E-01 -0.47496988E-02  0.14318189E-01
  0.39233710E-01 -0.28716274E-02  0.14187475E-01
  0.40190576E-01 -0.93791230E-03  0.13906626E-01
  0.41197505E-01  0.10482313E-02  0.13485520E-01
  0.42257749E-01  0.30841720E-02  0.12936549E-01
  0.43372034E-01  0.51677878E-02  0.12273773E-01
  0.44538476E-01  0.72973709E-02  0.11512033E-01
  0.45752716E-01  0.94715140E-02  0.10666107E-01
  0.47008241E-01  0.11688986E-01  0.97499502E-02
  0.48296864E-01  0.13948602E-01  0.87760935E-02
  0.49609323E-01  0.16249088E-01  0.77552303E-02
  0.50935933E-01  0.18588956E-01  0.66960152E-02
  0.52267234E-01  0.20966388E-01  0.56050801E-02
  0.53594592E-01  0.23379135E-01  0.44872538E-02
  0.54910689E-01  0.25824440E-01  0.33459511E-02
  0.56209876E-01  0.28298975E-01  0.21836891E-02
  0.57488349E-01  0.30798822E-01  0.10026749E-02
  0.58744161E-01  0.33319462E-01 -0.19459535E-03
  0.59977048E-01  0.35855806E-01 -0.14047836E-02
  0.61188112E-01  0.38402248E-01 -0.26232583E-02
  0.62379386E-01  0.40952738E-01 -0.38437869E-02
  0.63553316E-01  0.43500883E-01 -0.50584022E-02
  0.64712228E-01  0.46040057E-01 -0.62574580E-02
  0.65857803E-01  0.48563534E-01 -0.74298702E-02
  0.66990632E-01  0.51064611E-01 -0.85635256E-02
  0.68109873E-01  0.53536752E-01 -0.96458243E-02
  0.69213049E-01  0.55973710E-01 -0.10664312E-01
  0.70296006E-01  0.58369653E-01 -0.11607347E-01
  0.71353024E-01  0.60719273E-01 -0.12464752E-01
  0.72377091E-01  0.63017869E-01 -0.13228390E-01
  0.73360292E-01  0.65261423E-01 -0.13892625E-01
  0.74294311E-01  0.67446641E-01 -0.14454616E-01
  0.75170978E-01  0.69570973E-01 -0.14914443E-01
  0.75982835E-01  0.71632610E-01 -0.15275026E-01
  0.76723665E-01  0.73630449E-01 -0.15541870E-01
  0.77388952E-01  0.75564045E-01 -0.15722636E-01
  0.77976222E-01  0.77433531E-01 -0.15826591E-01
  0.78485258E-01  0.79239535E-01 -0.15863955E-01
  0.78918154E-01  0.80983076E-01 -0.15845227E-01
  0.79279219E-01  0.82665461E-01 -0.15780513E-01
  0.79574732E-01  0.84288178E-01 -0.15678925E-01
  0.79812576E-01  0.85852802E-01 -0.15548085E-01
  0.80001767E-01  0.87360902E-01 -0.15393778E-01
  0.80151935E-01  0.88813979E-01 -0.15219761E-01
  0.80272774E-01  0.90213408E-01 -0.15027757E-01
  0.80373519E-01  0.91560412E-01 -0.14817604E-01
  0.80462478E-01  0.92856056E-01 -0.14587566E-01
  0.80546659E-01  0.94101253E-01 -0.14334752E-01
  0.80631502E-01  0.95296801E-01 -0.14055621E-01
  0.80720747E-01  0.96443417E-01 -0.13746517E-01
  0.80816427E-01  0.97541792E-01 -0.13404195E-01
  0.80918989E-01  0.98592636E-01 -0.13026292E-01
  0.81027518E-01  0.99596726E-01 -0.12611702E-01
  0.81140045E-01  0.10055494E+00 -0.12160835E-01
  0.81253906E-01  0.10146829E+00 -0.11675729E-01
  0.81366117E-01  0.10233788E+00 -0.11160023E-01
  0.81473742E-01  0.10316497E+00 -0.10618786E-01
  0.81574208E-01  0.10395085E+00 -0.10058230E-01
  0.81665551E-01  0.10469686E+00 -0.94853258E-02
  0.81746579E-01  0.10540428E+00 -0.89073636E-02
  0.81816937E-01  0.10607428E+00 -0.83314919E-02
  0.81877069E-01  0.10670784E+00 -0.77642764E-02
  0.81928101E-01  0.10730567E+00 -0.72113148E-02
  0.81971644E-01  0.10786815E+00 -0.66769360E-02
  0.82009550E-01  0.10839530E+00 -0.61640083E-02
  0.82043648E-01  0.10888670E+00 -0.56738659E-02
  0.82075483E-01  0.10934153E+00 -0.52063573E-02
  0.82106075E-01  0.10975857E+00 -0.47600044E-02
  0.82135751E-01  0.11013621E+00 -0.43322548E-02
  0.82164029E-01  0.11047253E+00 -0.39198009E-02
  0.82189597E-01  0.11076535E+00 -0.35189338E-02
  0.82210363E-01  0.11101236E+00 -0.31259010E-02
  0.82223594E-01  0.11121117E+00 -0.27372337E-02
  0.82226116E-01  0.11135944E+00 -0.23500161E-02
  0.82214554E-01  0.11145500E+00 -0.19620765E-02
  0.82185608E-01  0.11149591E+00 -0.15720845E-02
  0.82136321E-01  0.11148064E+00 -0.11795507E-02
  0.82064318E-01  0.11140808E+00 -0.78473426E-03
  0.81968012E-01  0.11127769E+00 -0.38847222E-03
  0.81846732E-01  0.11108949E+00  0.80499816E-05
  0.26204518E-01 -0.25032401E-01 -0.21585386E-04
  0.26468711E-01 -0.25029624E-01  0.98402075E-03
  0.26803707E-01 -0.24881408E-01  0.20272951E-02
  0.27203970E-01 -0.24589433E-01  0.31103248E-02
  0.27662775E-01 -0.24156114E-01  0.42309129E-02
  0.28172669E-01 -0.23584544E-01  0.53822145E-02
  0.28725963E-01 -0.22878435E-01  0.65527302E-02
  0.29315234E-01 -0.22042037E-01  0.77266596E-02
  0.29933784E-01 -0.21080062E-01  0.88845874E-02
  0.30576034E-01 -0.19997591E-01  0.10004452E-01
  0.31237829E-01 -0.18799991E-01  0.11062723E-01
  0.31916614E-01 -0.17492828E-01  0.12035702E-01
  0.32611501E-01 -0.16081781E-01  0.12900847E-01
  0.33323198E-01 -0.14572567E-01  0.13638027E-01
  0.34053828E-01 -0.12970875E-01  0.14230613E-01
  0.34806644E-01 -0.11282302E-01  0.14666329E-01
  0.35585672E-01 -0.95123077E-02  0.14937808E-01
  0.36395302E-01 -0.76661729E-02  0.15042815E-01
  0.37239870E-01 -0.57489716E-02  0.14984136E-01
  0.38123255E-01 -0.37655528E-02  0.14769143E-01
  0.39048520E-01 -0.17205324E-02  0.14409087E-01
  0.40017627E-01  0.38170532E-03  0.13918172E-01
  0.41031243E-01  0.25369969E-02  0.13312509E-01
  0.42088637E-01  0.47413803E-02  0.12609008E-01
  0.43187692E-01  0.69910678E-02  0.11824318E-01
  0.44324995E-01  0.92824115E-02  0.10973891E-01
  0.45496025E-01  0.11611863E-01  0.10071237E-01
  0.46695394E-01  0.13975931E-01  0.91274177E-02
  0.47917128E-01  0.16371128E-01  0.81508140E-02
  0.49154968E-01  0.18793929E-01  0.71471710E-02
  0.50402650E-01  0.21240719E-01  0.61198978E-02
  0.51654165E-01  0.23707753E-01  0.50705852E-02
  0.52903956E-01  0.26191115E-01  0.39996842E-02
  0.54147060E-01  0.28686693E-01  0.29072735E-02
  0.55379171E-01  0.31190161E-01  0.17938418E-02
  0.56596645E-01  0.33696971E-01  0.66100931E-03
  0.57796428E-01  0.36202367E-01 -0.48787902E-03
  0.58975945E-01  0.38701407E-01 -0.16473442E-02
  0.60132946E-01  0.41189003E-01 -0.28095853E-02
  0.61265337E-01  0.43659974E-01 -0.39645319E-02
  0.62371019E-01  0.46109112E-01 -0.51001318E-02
  0.63447735E-01  0.48531257E-01 -0.62028525E-02
  0.64492968E-01  0.50921383E-01 -0.72583519E-02
  0.65503876E-01  0.53274678E-01 -0.82522646E-02
  0.66477289E-01  0.55586634E-01 -0.91710353E-02
  0.67409756E-01  0.57853126E-01 -0.10002732E-01
  0.68297654E-01  0.60070479E-01 -0.10737772E-01
  0.69137336E-01  0.62235531E-01 -0.11369498E-01
  0.69925310E-01  0.64345674E-01 -0.11894563E-01
  0.70658441E-01  0.66398874E-01 -0.12313090E-01
  0.71334152E-01  0.68393680E-01 -0.12628591E-01
  0.71950603E-01  0.70329202E-01 -0.12847661E-01
  0.72506851E-01  0.72205079E-01 -0.12979468E-01
  0.73002951E-01  0.74021422E-01 -0.13035074E-01
  0.73440015E-01  0.75778747E-01 -0.13026659E-01
  0.73820206E-01  0.77477896E-01 -0.12966686E-01
  0.74146679E-01  0.79119948E-01 -0.12867094E-01
  0.74423457E-01  0.80706140E-01 -0.12738559E-01
  0.74655271E-01  0.82237777E-01 -0.12589898E-01
  0.74847363E-01  0.83716163E-01 -0.12427644E-01
  0.75005259E-01  0.85142541E-01 -0.12255821E-01
  0.75134551E-01  0.86518047E-01 -0.12075933E-01
  0.75240677E-01  0.87843681E-01 -0.11887160E-01
  0.75328725E-01  0.89120307E-01 -0.11686737E-01
  0.75403280E-01  0.90348652E-01 -0.11470470E-01
  0.75468307E-01  0.91529338E-01 -0.11233362E-01
  0.75527080E-01  0.92662916E-01 -0.10970266E-01
  0.75582168E-01  0.93749905E-01 -0.10676540E-01
  0.75635457E-01  0.94790842E-01 -0.10348621E-01
  0.75688221E-01  0.95786321E-01 -0.99844925E-02
  0.75741211E-01  0.96737025E-01 -0.95840041E-02
  0.75794774E-01  0.97643753E-01 -0.91490157E-02
  0.75848972E-01  0.98507423E-01 -0.86833668E-02
  0.75903698E-01  0.99329065E-01 -0.81926747E-02
  0.75958777E-01  0.10010979E+00 -0.76839845E-02
  0.76014043E-01  0.10085077E+00 -0.71653048E-02
  0.76069386E-01  0.10155315E+00 -0.66450713E-02
  0.76124772E-01  0.10221800E+00 -0.61315848E-02
  0.76180225E-01  0.10284627E+00 -0.56324721E-02
  0.76235791E-01  0.10343870E+00 -0.51542133E-02
  0.76291472E-01  0.10399576E+00 -0.47017734E-02
  0.76347161E-01  0.10451761E+00 -0.42783642E-02
  0.76402558E-01  0.10500405E+00 -0.38853521E-02
  0.76457111E-01  0.10545452E+00 -0.35223137E-02
  0.76509961E-01  0.10586810E+00 -0.31872270E-02
  0.76559913E-01  0.10624352E+00 -0.28767766E-02
  0.76605438E-01  0.10657919E+00 -0.25867406E-02
  0.76644705E-01  0.10687330E+00 -0.23124210E-02
  0.76675637E-01  0.10712386E+00 -0.20490775E-02
  0.76696002E-01  0.10732879E+00 -0.17923250E-02
  0.76703518E-01  0.10748603E+00 -0.15384613E-02
  0.76695975E-01  0.10759365E+00 -0.12846965E-02
  0.76671355E-01  0.10764992E+00 -0.10292695E-02
  0.76627953E-01  0.10765344E+00 -0.77144505E-03
  0.76564477E-01  0.10760322E+00 -0.51139769E-03
  0.76480129E-01  0.10749875E+00 -0.25000007E-03
  0.76374657E-01  0.10734008E+00  0.11458947E-04
  0.26864102E-01 -0.28410487E-01 -0.22756494E-04
  0.27077473E-01 -0.28441069E-01  0.98813414E-03
  0.27313066E-01 -0.28332788E-01  0.20395184E-02
  0.27572125E-01 -0.28086560E-01  0.31349882E-02
  0.27856169E-01 -0.27703630E-01  0.42735820E-02
  0.28166882E-01 -0.27185560E-01  0.54493682E-02
  0.28506010E-01 -0.26534220E-01  0.66514078E-02
  0.28875259E-01 -0.25751782E-01  0.78640993E-02
  0.29276215E-01 -0.24840722E-01  0.90678785E-02
  0.29710276E-01 -0.23803822E-01  0.10240221E-01
  0.30178613E-01 -0.22644175E-01  0.11356873E-01
  0.30682149E-01 -0.21365194E-01  0.12393215E-01
  0.31221567E-01 -0.19970629E-01  0.13325656E-01
  0.31797333E-01 -0.18464573E-01  0.14132970E-01
  0.32409735E-01 -0.16851473E-01  0.14797450E-01
  0.33058933E-01 -0.15136137E-01  0.15305828E-01
  0.33745008E-01 -0.13323729E-01  0.15649885E-01
  0.34468008E-01 -0.11419761E-01  0.15826706E-01
  0.35227985E-01 -0.94300694E-02  0.15838594E-01
  0.36025004E-01 -0.73607833E-02  0.15692636E-01
  0.36859145E-01 -0.52182780E-02  0.15399991E-01
  0.37730468E-01 -0.30091193E-02  0.14974935E-01
  0.38638959E-01 -0.73999834E-03  0.14433782E-01
  0.39584457E-01  0.15823407E-02  0.13793734E-01
  0.40566554E-01  0.39511755E-02  0.13071780E-01
  0.41584490E-01  0.63598795E-02  0.12283717E-01
  0.42637046E-01  0.88019910E-02  0.11443362E-01
  0.43722436E-01  0.11271274E-01  0.10562026E-01
  0.44838217E-01  0.13761765E-01  0.96482504E-02
  0.45981219E-01  0.16267807E-01  0.87078479E-02
  0.47147509E-01  0.18784070E-01  0.77441971E-02
  0.48332391E-01  0.21305547E-01  0.67587694E-02
  0.49530441E-01  0.23827546E-01  0.57518218E-02
  0.50735592E-01  0.26345662E-01  0.47231842E-02
  0.51941248E-01  0.28855742E-01  0.36730630E-02
  0.53140442E-01  0.31353845E-01  0.26027852E-02
  0.54326019E-01  0.33836202E-01  0.15154108E-02
  0.55490835E-01  0.36299177E-01  0.41615861E-03
  0.56627964E-01  0.38739236E-01 -0.68739571E-03
  0.57730907E-01  0.41152925E-01 -0.17853656E-02
  0.58793776E-01  0.43536865E-01 -0.28658420E-02
  0.59811456E-01  0.45887755E-01 -0.39153985E-02
  0.60779735E-01  0.48202389E-01 -0.49197715E-02
  0.61695382E-01  0.50477688E-01 -0.58646554E-02
  0.62556185E-01  0.52710735E-01 -0.67365488E-02
  0.63360937E-01  0.54898822E-01 -0.75235787E-02
  0.64109381E-01  0.57039496E-01 -0.82162347E-02
  0.64802111E-01  0.59130605E-01 -0.88079542E-02
  0.65440438E-01  0.61170333E-01 -0.92955096E-02
  0.66026245E-01  0.63157232E-01 -0.96791678E-02
  0.66561815E-01  0.65090237E-01 -0.99626099E-02
  0.67049677E-01  0.66968667E-01 -0.10152618E-01
  0.67492451E-01  0.68792217E-01 -0.10258557E-01
  0.67892721E-01  0.70560925E-01 -0.10291693E-01
  0.68252938E-01  0.72275134E-01 -0.10264400E-01
  0.68575353E-01  0.73935442E-01 -0.10189324E-01
  0.68861995E-01  0.75542642E-01 -0.10078566E-01
  0.69114676E-01  0.77097657E-01 -0.99429374E-02
  0.69335035E-01  0.78601485E-01 -0.97913637E-02
  0.69524600E-01  0.80055139E-01 -0.96304530E-02
  0.69684878E-01  0.81459595E-01 -0.94642753E-02
  0.69817436E-01  0.82815761E-01 -0.92943548E-02
  0.69923998E-01  0.84124451E-01 -0.91198678E-02
  0.70006516E-01  0.85386372E-01 -0.89380259E-02
  0.70067224E-01  0.86602132E-01 -0.87446022E-02
  0.70108669E-01  0.87772253E-01 -0.85345563E-02
  0.70133702E-01  0.88897196E-01 -0.83026999E-02
  0.70145449E-01  0.89977398E-01 -0.80443484E-02
  0.70147236E-01  0.91013301E-01 -0.77559042E-02
  0.70142501E-01  0.92005387E-01 -0.74353251E-02
  0.70134673E-01  0.92954211E-01 -0.70824421E-02
  0.70127050E-01  0.93860415E-01 -0.66991057E-02
  0.70122662E-01  0.94724737E-01 -0.62891528E-02
  0.70124148E-01  0.95548010E-01 -0.58582020E-02
  0.70133646E-01  0.96331143E-01 -0.54133006E-02
  0.70152706E-01  0.97075088E-01 -0.49624567E-02
  0.70182227E-01  0.97780803E-01 -0.45140983E-02
  0.70222438E-01  0.98449195E-01 -0.40765084E-02
  0.70272903E-01  0.99081071E-01 -0.36572819E-02
  0.70332565E-01  0.99677080E-01 -0.32628504E-02
  0.70399819E-01  0.10023766E+00 -0.28981114E-02
  0.70472610E-01  0.10076299E+00 -0.25661895E-02
  0.70548546E-01  0.10125295E+00 -0.22683432E-02
  0.70625020E-01  0.10170713E+00 -0.20040207E-02
  0.70699339E-01  0.10212478E+00 -0.17710522E-02
  0.70768838E-01  0.10250486E+00 -0.15659560E-02
  0.70830985E-01  0.10284606E+00 -0.13843266E-02
  0.70883461E-01  0.10314684E+00 -0.12212666E-02
  0.70924227E-01  0.10340550E+00 -0.10718214E-02
  0.70951556E-01  0.10362027E+00 -0.93137775E-03
  0.70964052E-01  0.10378937E+00 -0.79599121E-03
  0.70960641E-01  0.10391115E+00 -0.66261615E-03
  0.70940556E-01  0.10398410E+00 -0.52922142E-03
  0.70903301E-01  0.10400705E+00 -0.39478691E-03
  0.70848618E-01  0.10397915E+00 -0.25918727E-03
  0.70776460E-01  0.10390002E+00 -0.12298018E-03
  0.70686957E-01  0.10376977E+00  0.12874816E-04
  0.27608889E-01 -0.32252996E-01 -0.20052241E-04
  0.27779353E-01 -0.32314863E-01  0.10782576E-02
  0.27920473E-01 -0.32243730E-01  0.22110981E-02
  0.28039902E-01 -0.32039750E-01  0.33808205E-02
  0.28147141E-01 -0.31703000E-01  0.45857448E-02
  0.28252892E-01 -0.31233511E-01  0.58197813E-02
  0.28368366E-01 -0.30631320E-01  0.70723894E-02
  0.28504607E-01 -0.29896529E-01  0.83288774E-02
  0.28671858E-01 -0.29029393E-01  0.95710209E-02
  0.28879032E-01 -0.28030409E-01  0.10777953E-01
  0.29133314E-01 -0.26900418E-01  0.11927257E-01
  0.29439905E-01 -0.25640713E-01  0.12996190E-01
  0.29801938E-01 -0.24253145E-01  0.13962931E-01
  0.30220541E-01 -0.22740220E-01  0.14807778E-01
  0.30695055E-01 -0.21105189E-01  0.15514197E-01
  0.31223360E-01 -0.19352116E-01  0.16069664E-01
  0.31802285E-01 -0.17485921E-01  0.16466220E-01
  0.32428066E-01 -0.15512403E-01  0.16700733E-01
  0.33096795E-01 -0.13438218E-01  0.16774837E-01
  0.33804834E-01 -0.11270834E-01  0.16694581E-01
  0.34549153E-01 -0.90184473E-02  0.16469800E-01
  0.35327559E-01 -0.66898673E-02  0.16113297E-01
  0.36138807E-01 -0.42943763E-02  0.15639886E-01
  0.36982576E-01 -0.18415640E-02  0.15065380E-01
  0.37859320E-01  0.65884933E-03  0.14405605E-01
  0.38770016E-01  0.31971962E-02  0.13675526E-01
  0.39715817E-01  0.57640411E-02  0.12888528E-01
  0.40697662E-01  0.83503463E-02  0.12055923E-01
  0.41715869E-01  0.10947617E-01  0.11186692E-01
  0.42769753E-01  0.13548019E-01  0.10287477E-01
  0.43857300E-01  0.16144461E-01  0.93628121E-02
  0.44974942E-01  0.18730645E-01  0.84155445E-02
  0.46117439E-01  0.21301075E-01  0.74474089E-02
  0.47277897E-01  0.23851040E-01  0.64596839E-02
  0.48447917E-01  0.26376558E-01  0.54538683E-02
  0.49617864E-01  0.28874304E-01  0.44323068E-02
  0.50777257E-01  0.31341514E-01  0.33987078E-02
  0.51915219E-01  0.33775890E-01  0.23585014E-02
  0.53020990E-01  0.36175490E-01  0.13190062E-02
  0.54084442E-01  0.38538637E-01  0.28938743E-03
  0.55096563E-01  0.40863834E-01 -0.71958941E-03
  0.56049880E-01  0.43149692E-01 -0.16959893E-02
  0.56938784E-01  0.45394883E-01 -0.26272851E-02
  0.57759734E-01  0.47598111E-01 -0.35010325E-02
  0.58511330E-01  0.49758099E-01 -0.43055851E-02
  0.59194256E-01  0.51873600E-01 -0.50307896E-02
  0.59811081E-01  0.53943414E-01 -0.56686024E-02
  0.60365958E-01  0.55966420E-01 -0.62135770E-02
  0.60864235E-01  0.57941610E-01 -0.66631823E-02
  0.61312007E-01  0.59868121E-01 -0.70179256E-02
  0.61715649E-01  0.61745269E-01 -0.72812723E-02
  0.62081367E-01  0.63572571E-01 -0.74593669E-02
  0.62414794E-01  0.65349754E-01 -0.75605813E-02
  0.62720664E-01  0.67076760E-01 -0.75949248E-02
  0.63002587E-01  0.68753736E-01 -0.75733629E-02
  0.63262936E-01  0.70381008E-01 -0.75070999E-02
  0.63502852E-01  0.71959057E-01 -0.74068780E-02
  0.63722356E-01  0.73488479E-01 -0.72823474E-02
  0.63920562E-01  0.74969949E-01 -0.71415531E-02
  0.64095963E-01  0.76404180E-01 -0.69905720E-02
  0.64246769E-01  0.77791888E-01 -0.68333260E-02
  0.64371254E-01  0.79133763E-01 -0.66715761E-02
  0.64468098E-01  0.80430445E-01 -0.65050928E-02
  0.64536683E-01  0.81682518E-01 -0.63319815E-02
  0.64577326E-01  0.82890498E-01 -0.61491297E-02
  0.64591414E-01  0.84054848E-01 -0.59527364E-02
  0.64581460E-01  0.85175987E-01 -0.57388752E-02
  0.64551047E-01  0.86254311E-01 -0.55040443E-02
  0.64504681E-01  0.87290216E-01 -0.52456571E-02
  0.64447563E-01  0.88284121E-01 -0.49624351E-02
  0.64385300E-01  0.89236490E-01 -0.46546723E-02
  0.64323577E-01  0.90147841E-01 -0.43243536E-02
  0.64267822E-01  0.91018762E-01 -0.39751217E-02
  0.64222878E-01  0.91849899E-01 -0.36120981E-02
  0.64192726E-01  0.92641953E-01 -0.32415795E-02
  0.64180262E-01  0.93395653E-01 -0.28706374E-02
  0.64187155E-01  0.94111727E-01 -0.25066566E-02
  0.64213794E-01  0.94790863E-01 -0.21568543E-02
  0.64259312E-01  0.95433668E-01 -0.18278185E-02
  0.64321710E-01  0.96040620E-01 -0.15251053E-02
  0.64398031E-01  0.96612032E-01 -0.12529245E-02
  0.64484604E-01  0.97148006E-01 -0.10139381E-02
  0.64577313E-01  0.97648409E-01 -0.80918227E-03
  0.64671872E-01  0.98112854E-01 -0.63811547E-03
  0.64764097E-01  0.98540693E-01 -0.49878245E-03
  0.64850136E-01  0.98931031E-01 -0.38807427E-03
  0.64926655E-01  0.99282745E-01 -0.30205756E-03
  0.64990959E-01  0.99594534E-01 -0.23634060E-03
  0.65041057E-01  0.99864967E-01 -0.18644180E-03
  0.65075647E-01  0.10009255E+00 -0.14812725E-03
  0.65094063E-01  0.10027581E+00 -0.11768855E-03
  0.65096158E-01  0.10041336E+00 -0.92138271E-04
  0.65082171E-01  0.10050401E+00 -0.69309462E-04
  0.65052575E-01  0.10054680E+00 -0.47855063E-04
  0.65007934E-01  0.10054112E+00 -0.27152925E-04
  0.64948778E-01  0.10048675E+00 -0.71311898E-05
  0.64875520E-01  0.10038388E+00  0.11963840E-04
  0.27885474E-01 -0.35968835E-01 -0.13948962E-04
  0.28026444E-01 -0.36056466E-01  0.12511587E-02
  0.28092137E-01 -0.36015770E-01  0.25373164E-02
  0.28095225E-01 -0.35846262E-01  0.38429849E-02
  0.28051648E-01 -0.35547046E-01  0.51638017E-02
  0.27979537E-01 -0.35116880E-01  0.64923295E-02
  0.27898053E-01 -0.34554274E-01  0.78180471E-02
  0.27826229E-01 -0.33857612E-01  0.91275833E-02
  0.27781891E-01 -0.33025307E-01  0.10405179E-01
  0.27780726E-01 -0.32055963E-01  0.11633347E-01
  0.27835567E-01 -0.30948562E-01  0.12793674E-01
  0.27955913E-01 -0.29702650E-01  0.13867719E-01
  0.28147731E-01 -0.28318520E-01  0.14837931E-01
  0.28413518E-01 -0.26797386E-01  0.15688531E-01
  0.28752607E-01 -0.25141534E-01  0.16406285E-01
  0.29161690E-01 -0.23354444E-01  0.16981130E-01
  0.29635481E-01 -0.21440878E-01  0.17406598E-01
  0.30167474E-01 -0.19406912E-01  0.17680015E-01
  0.30750714E-01 -0.17259932E-01  0.17802485E-01
  0.31378526E-01 -0.15008572E-01  0.17778634E-01
  0.32045126E-01 -0.12662594E-01  0.17616183E-01
  0.32746081E-01 -0.10232729E-01  0.17325351E-01
  0.33478572E-01 -0.77304680E-02  0.16918165E-01
  0.34241451E-01 -0.51678225E-02  0.16407719E-01
  0.35035091E-01 -0.25570592E-02  0.15807452E-01
  0.35861056E-01  0.89574796E-04  0.15130484E-01
  0.36721623E-01  0.27601239E-02  0.14389070E-01
  0.37619199E-01  0.54431802E-02  0.13594200E-01
  0.38555711E-01  0.81281101E-02  0.12755365E-01
  0.39531998E-01  0.10805243E-01  0.11880501E-01
  0.40547293E-01  0.13466011E-01  0.10976090E-01
  0.41598823E-01  0.16103037E-01  0.10047411E-01
  0.42681574E-01  0.18710170E-01  0.90988841E-02
  0.43788250E-01  0.21282468E-01  0.81344901E-02
  0.44909419E-01  0.23816129E-01  0.71581964E-02
  0.46033856E-01  0.26308390E-01  0.61743594E-02
  0.47149042E-01  0.28757391E-01  0.51880546E-02
  0.48241791E-01  0.31162018E-01  0.42053014E-02
  0.49298944E-01  0.33521743E-01  0.32331609E-02
  0.50308093E-01  0.35836458E-01  0.22796960E-02
  0.51258262E-01  0.38106327E-01  0.13537947E-02
  0.52140504E-01  0.40331653E-01  0.46487377E-03
  0.52948354E-01  0.42512768E-01 -0.37751485E-03
  0.53678129E-01  0.44649956E-01 -0.11641381E-02
  0.54329021E-01  0.46743393E-01 -0.18865591E-02
  0.54903008E-01  0.48793128E-01 -0.25375967E-02
  0.55404579E-01  0.50799073E-01 -0.31117269E-02
  0.55840288E-01  0.52761025E-01 -0.36053942E-02
  0.56218203E-01  0.54678690E-01 -0.40172039E-02
  0.56547259E-01  0.56551729E-01 -0.43479823E-02
  0.56836594E-01  0.58379792E-01 -0.46006956E-02
  0.57094909E-01  0.60162565E-01 -0.47802365E-02
  0.57329897E-01  0.61899801E-01 -0.48930938E-02
  0.57547787E-01  0.63591346E-01 -0.49469301E-02
  0.57753033E-01  0.65237158E-01 -0.49501017E-02
  0.57948170E-01  0.66837311E-01 -0.49111553E-02
  0.58133836E-01  0.68391993E-01 -0.48383409E-02
  0.58308955E-01  0.69901490E-01 -0.47391752E-02
  0.58471059E-01  0.71366173E-01 -0.46200875E-02
  0.58616719E-01  0.72786471E-01 -0.44861709E-02
  0.58742046E-01  0.74162851E-01 -0.43410537E-02
  0.58843206E-01  0.75495792E-01 -0.41868957E-02
  0.58916931E-01  0.76785774E-01 -0.40245050E-02
  0.58960952E-01  0.78033256E-01 -0.38535591E-02
  0.58974341E-01  0.79238670E-01 -0.36729093E-02
  0.58957733E-01  0.80402426E-01 -0.34809390E-02
  0.58913404E-01  0.81524905E-01 -0.32759436E-02
  0.58845204E-01  0.82606476E-01 -0.30565002E-02
  0.58758362E-01  0.83647501E-01 -0.28217954E-02
  0.58659167E-01  0.84648352E-01 -0.25718853E-02
  0.58554574E-01  0.85609420E-01 -0.23078675E-02
  0.58451741E-01  0.86531122E-01 -0.20319527E-02
  0.58357562E-01  0.87413908E-01 -0.17474327E-02
  0.58278224E-01  0.88258259E-01 -0.14585508E-02
  0.58218809E-01  0.89064675E-01 -0.11702864E-02
  0.58183000E-01  0.89833664E-01 -0.88807576E-03
  0.58172885E-01  0.90565717E-01 -0.61749162E-03
  0.58188882E-01  0.91261282E-01 -0.36391135E-03
  0.58229791E-01  0.91920733E-01 -0.13219962E-03
  0.58292956E-01  0.92544339E-01  0.73568084E-04
  0.58374518E-01  0.93132229E-01  0.25032009E-03
  0.58469748E-01  0.93684368E-01  0.39612598E-03
  0.58573414E-01  0.94200533E-01  0.51024865E-03
  0.58680158E-01  0.94680304E-01  0.59311039E-03
  0.58784852E-01  0.95123059E-01  0.64617986E-03
  0.58882903E-01  0.95527986E-01  0.67179315E-03
  0.58970482E-01  0.95894105E-01  0.67292788E-03
  0.59044679E-01  0.96220308E-01  0.65295200E-03
  0.59103545E-01  0.96505400E-01  0.61537078E-03
  0.59146065E-01  0.96748162E-01  0.56359444E-03
  0.59172038E-01  0.96947412E-01  0.50074590E-03
  0.59181902E-01  0.97102074E-01  0.42952379E-03
  0.59176521E-01  0.97211243E-01  0.35212968E-03
  0.59156959E-01  0.97274252E-01  0.27026233E-03
  0.59124268E-01  0.97290728E-01  0.18517476E-03
  0.59079310E-01  0.97260632E-01  0.97784121E-04
  0.59022637E-01  0.97184299E-01  0.88194732E-05
  0.27172388E-01 -0.39007875E-01 -0.55009709E-05
  0.27300167E-01 -0.39113281E-01  0.14895878E-02
  0.27320432E-01 -0.39093539E-01  0.29871535E-02
  0.27248725E-01 -0.38947758E-01  0.44796627E-02
  0.27104857E-01 -0.38674426E-01  0.59584388E-02
  0.26911588E-01 -0.38271495E-01  0.74136114E-02
  0.26693180E-01 -0.37736512E-01  0.88341736E-02
  0.26473949E-01 -0.37066781E-01  0.10208147E-01
  0.26276897E-01 -0.36259558E-01  0.11522848E-01
  0.26122520E-01 -0.35312267E-01  0.12765238E-01
  0.26027865E-01 -0.34222733E-01  0.13922342E-01
  0.26005887E-01 -0.32989419E-01  0.14981696E-01
  0.26065134E-01 -0.31611661E-01  0.15931809E-01
  0.26209767E-01 -0.30089886E-01  0.16762601E-01
  0.26439883E-01 -0.28425805E-01  0.17465783E-01
  0.26752105E-01 -0.26622568E-01  0.18035168E-01
  0.27140367E-01 -0.24684872E-01  0.18466881E-01
  0.27596827E-01 -0.22619015E-01  0.18759465E-01
  0.28112810E-01 -0.20432886E-01  0.18913871E-01
  0.28679719E-01 -0.18135896E-01  0.18933343E-01
  0.29289816E-01 -0.15738842E-01  0.18823200E-01
  0.29936835E-01 -0.13253710E-01  0.18590549E-01
  0.30616367E-01 -0.10693429E-01  0.18243932E-01
  0.31326000E-01 -0.80715770E-02  0.17792948E-01
  0.32065212E-01 -0.54020629E-02  0.17247872E-01
  0.32835051E-01 -0.26987920E-02  0.16619293E-01
  0.33637616E-01  0.24666958E-04  0.15917799E-01
  0.34475427E-01  0.27553954E-02  0.15153722E-01
  0.35350720E-01  0.54814059E-02  0.14336950E-01
  0.36264759E-01  0.81918766E-02  0.13476822E-01
  0.37217220E-01  0.10877329E-01  0.12582090E-01
  0.38205705E-01  0.13529741E-01  0.11660944E-01
  0.39225443E-01  0.16142600E-01  0.10721086E-01
  0.40269198E-01  0.18710883E-01  0.97698386E-02
  0.41327404E-01  0.21230988E-01  0.88142629E-02
  0.42388501E-01  0.23700607E-01  0.78612689E-02
  0.43439474E-01  0.26118562E-01  0.69177049E-02
  0.44466520E-01  0.28484615E-01  0.59904085E-02
  0.45455819E-01  0.30799266E-01  0.50862117E-02
  0.46394321E-01  0.33063544E-01  0.42118963E-02
  0.47270504E-01  0.35278813E-01  0.33741014E-02
  0.48075032E-01  0.37446595E-01  0.25791898E-02
  0.48801271E-01  0.39568424E-01  0.18330830E-02
  0.49445616E-01  0.41645726E-01  0.11410817E-02
  0.50007603E-01  0.43679735E-01  0.50768440E-03
  0.50489812E-01  0.45671444E-01 -0.63577571E-04
  0.50897560E-01  0.47621584E-01 -0.57027359E-03
  0.51238415E-01  0.49530629E-01 -0.10111641E-02
  0.51521576E-01  0.51398820E-01 -0.13862378E-02
  0.51757160E-01  0.53226207E-01 -0.16966907E-02
  0.51955464E-01  0.55012699E-01 -0.19448470E-02
  0.52126252E-01  0.56758111E-01 -0.21340258E-02
  0.52278120E-01  0.58462217E-01 -0.22683617E-02
  0.52417994E-01  0.60124790E-01 -0.23525925E-02
  0.52550784E-01  0.61745641E-01 -0.23918260E-02
  0.52679229E-01  0.63324644E-01 -0.23913045E-02
  0.52803918E-01  0.64861745E-01 -0.23561809E-02
  0.52923501E-01  0.66356977E-01 -0.22913209E-02
  0.53035049E-01  0.67810449E-01 -0.22011453E-02
  0.53134534E-01  0.69222343E-01 -0.20895195E-02
  0.53217388E-01  0.70592899E-01 -0.19596967E-02
  0.53279081E-01  0.71922399E-01 -0.18143153E-02
  0.53315679E-01  0.73211156E-01 -0.16554474E-02
  0.53324341E-01  0.74459498E-01 -0.14846912E-02
  0.53303691E-01  0.75667756E-01 -0.13032972E-02
  0.53254069E-01  0.76836262E-01 -0.11123155E-02
  0.53177616E-01  0.77965341E-01 -0.91275084E-03
  0.53078210E-01  0.79055314E-01 -0.70571011E-03
  0.52961246E-01  0.80106494E-01 -0.49253136E-03
  0.52833297E-01  0.81119198E-01 -0.27488162E-03
  0.52701670E-01  0.82093742E-01 -0.54816504E-04
  0.52573913E-01  0.83030449E-01  0.16520352E-03
  0.52457301E-01  0.83929645E-01  0.38234081E-03
  0.52358349E-01  0.84791658E-01  0.59344965E-03
  0.52282391E-01  0.85616807E-01  0.79518042E-03
  0.52233252E-01  0.86405395E-01  0.98411001E-03
  0.52213047E-01  0.87157689E-01  0.11568877E-02
  0.52222099E-01  0.87873904E-01  0.13103845E-02
  0.52259005E-01  0.88554180E-01  0.14418341E-02
  0.52320812E-01  0.89198563E-01  0.15489551E-02
  0.52403305E-01  0.89806982E-01  0.16300449E-02
  0.52501360E-01  0.90379235E-01  0.16840392E-02
  0.52609354E-01  0.90914977E-01  0.17105344E-02
  0.52721567E-01  0.91413715E-01  0.17097718E-02
  0.52832564E-01  0.91874810E-01  0.16825876E-02
  0.52937524E-01  0.92297498E-01  0.16303341E-02
  0.53032482E-01  0.92680904E-01  0.15547797E-02
  0.53114476E-01  0.93024082E-01  0.14579979E-02
  0.53181596E-01  0.93326055E-01  0.13422544E-02
  0.53232931E-01  0.93585858E-01  0.12099019E-02
  0.53268438E-01  0.93802598E-01  0.10632910E-02
  0.53288737E-01  0.93975499E-01  0.90470211E-03
  0.53294874E-01  0.94103958E-01  0.73630484E-03
  0.53288071E-01  0.94187589E-01  0.56014238E-03
  0.53269493E-01  0.94226262E-01  0.37814191E-03
  0.53240056E-01  0.94220132E-01  0.19214541E-03
  0.53200295E-01  0.94169652E-01  0.39551121E-05
  0.25067575E-01 -0.40962233E-01  0.38444238E-05
  0.25198580E-01 -0.41076280E-01  0.17647049E-02
  0.25209645E-01 -0.41066770E-01  0.35075302E-02
  0.25116618E-01 -0.40932705E-01  0.52176112E-02
  0.24940010E-01 -0.40672413E-01  0.68809651E-02
  0.24703644E-01 -0.40283645E-01  0.84845284E-02
  0.24433154E-01 -0.39763715E-01  0.10016308E-01
  0.24154479E-01 -0.39109669E-01  0.11465489E-01
  0.23892416E-01 -0.38318496E-01  0.12822501E-01
  0.23669347E-01 -0.37387352E-01  0.14079044E-01
  0.23504220E-01 -0.36313808E-01  0.15228076E-01
  0.23411814E-01 -0.35096098E-01  0.16263786E-01
  0.23402353E-01 -0.33733366E-01  0.17181537E-01
  0.23481452E-01 -0.32225895E-01  0.17977807E-01
  0.23650387E-01 -0.30575308E-01  0.18650126E-01
  0.23906637E-01 -0.28784728E-01  0.19197022E-01
  0.24244644E-01 -0.26858894E-01  0.19617977E-01
  0.24656713E-01 -0.24804215E-01  0.19913395E-01
  0.25133968E-01 -0.22628759E-01  0.20084591E-01
  0.25667276E-01 -0.20342184E-01  0.20133785E-01
  0.26248076E-01 -0.17955588E-01  0.20064115E-01
  0.26869037E-01 -0.15481311E-01  0.19879651E-01
  0.27524507E-01 -0.12932673E-01  0.19585403E-01
  0.28210722E-01 -0.10323668E-01  0.19187331E-01
  0.28925770E-01 -0.76686305E-02  0.18692329E-01
  0.29669341E-01 -0.49818834E-02  0.18108195E-01
  0.30442283E-01 -0.22773899E-02  0.17443574E-01
  0.31246025E-01  0.43157739E-03  0.16707870E-01
  0.32081928E-01  0.31327322E-02  0.15911129E-01
  0.32950633E-01  0.58150227E-02  0.15063892E-01
  0.33851470E-01  0.84688199E-02  0.14177027E-01
  0.34781982E-01  0.11086041E-01  0.13261535E-01
  0.35737616E-01  0.13660203E-01  0.12328351E-01
  0.36711611E-01  0.16186409E-01  0.11388127E-01
  0.37695096E-01  0.18661274E-01  0.10451039E-01
  0.38677379E-01  0.21082792E-01  0.95265941E-02
  0.39646432E-01  0.23450169E-01  0.86234652E-02
  0.40589498E-01  0.25763614E-01  0.77493603E-02
  0.41493798E-01  0.28024129E-01  0.69109252E-02
  0.42347263E-01  0.30233283E-01  0.61136895E-02
  0.43139238E-01  0.32393004E-01  0.53620539E-02
  0.43861099E-01  0.34505386E-01  0.46593193E-02
  0.44506740E-01  0.36572528E-01  0.40077529E-02
  0.45072880E-01  0.38596398E-01  0.34086850E-02
  0.45559178E-01  0.40578742E-01  0.28626297E-02
  0.45968150E-01  0.42521015E-01  0.23694195E-02
  0.46304886E-01  0.44424359E-01  0.19283442E-02
  0.46576606E-01  0.46289598E-01  0.15382864E-02
  0.46792082E-01  0.48117257E-01  0.11978433E-02
  0.46960978E-01  0.49907601E-01  0.90542981E-03
  0.47093163E-01  0.51660687E-01  0.65935731E-03
  0.47198045E-01  0.53376412E-01  0.45788623E-03
  0.47283977E-01  0.55054570E-01  0.29925194E-03
  0.47357788E-01  0.56694897E-01  0.18166627E-03
  0.47424451E-01  0.58297119E-01  0.10329877E-03
  0.47486935E-01  0.59860981E-01  0.62243064E-04
  0.47546220E-01  0.61386272E-01  0.56474734E-04
  0.47601480E-01  0.62872841E-01  0.83807449E-04
  0.47650415E-01  0.64320606E-01  0.14185372E-03
  0.47689687E-01  0.65729550E-01  0.22799587E-03
  0.47715431E-01  0.67099716E-01  0.33937147E-03
  0.47723786E-01  0.68431206E-01  0.47287605E-03
  0.47711407E-01  0.69724161E-01  0.62518402E-03
  0.47675918E-01  0.70978758E-01  0.79278703E-03
  0.47616259E-01  0.72195199E-01  0.97204753E-03
  0.47532907E-01  0.73373702E-01  0.11592639E-02
  0.47427961E-01  0.74514495E-01  0.13507425E-02
  0.47305078E-01  0.75617811E-01  0.15428718E-02
  0.47169271E-01  0.76683885E-01  0.17321934E-02
  0.47026600E-01  0.77712951E-01  0.19154651E-02
  0.46883762E-01  0.78705239E-01  0.20897132E-02
  0.46747641E-01  0.79660970E-01  0.22522696E-02
  0.46624838E-01  0.80580354E-01  0.24007937E-02
  0.46521229E-01  0.81463580E-01  0.25332789E-02
  0.46441581E-01  0.82310810E-01  0.26480436E-02
  0.46389257E-01  0.83122166E-01  0.27437114E-02
  0.46366035E-01  0.83897719E-01  0.28191811E-02
  0.46372043E-01  0.84637476E-01  0.28735932E-02
  0.46405816E-01  0.85341366E-01  0.29062941E-02
  0.46464472E-01  0.86009227E-01  0.29168045E-02
  0.46543973E-01  0.86640798E-01  0.29047932E-02
  0.46639457E-01  0.87235713E-01  0.28700603E-02
  0.46745607E-01  0.87793497E-01  0.28125303E-02
  0.46857028E-01  0.88313574E-01  0.27322564E-02
  0.46968594E-01  0.88795276E-01  0.26294341E-02
  0.47075744E-01  0.89237863E-01  0.25044223E-02
  0.47174705E-01  0.89640550E-01  0.23577709E-02
  0.47262624E-01  0.90002533E-01  0.21902481E-02
  0.47337609E-01  0.90323029E-01  0.20028673E-02
  0.47398683E-01  0.90601315E-01  0.17969075E-02
  0.47445656E-01  0.90836762E-01  0.15739253E-02
  0.47478945E-01  0.91028880E-01  0.13357557E-02
  0.47499358E-01  0.91177348E-01  0.10844998E-02
  0.47507866E-01  0.91282042E-01  0.82249969E-03
  0.47505397E-01  0.91343054E-01  0.55230132E-03
  0.47492663E-01  0.91360705E-01  0.27660600E-03
  0.47470048E-01  0.91335545E-01 -0.17852735E-05
  0.21358479E-01 -0.41648274E-01  0.12498966E-04
  0.21506771E-01 -0.41762114E-01  0.20405856E-02
  0.21545521E-01 -0.41752507E-01  0.40315412E-02
  0.21488325E-01 -0.41618660E-01  0.59634574E-02
  0.21353133E-01 -0.41359230E-01  0.78169041E-02
  0.21161068E-01 -0.40972409E-01  0.95753690E-02
  0.20935121E-01 -0.40456052E-01  0.11225517E-01
  0.20698817E-01 -0.39807826E-01  0.12757262E-01
  0.20474921E-01 -0.39025392E-01  0.14163661E-01
  0.20284289E-01 -0.38106612E-01  0.15440651E-01
  0.20144919E-01 -0.37049762E-01  0.16586651E-01
  0.20071245E-01 -0.35853752E-01  0.17602080E-01
  0.20073730E-01 -0.34518344E-01  0.18488829E-01
  0.20158743E-01 -0.33044354E-01  0.19249730E-01
  0.20328718E-01 -0.31433824E-01  0.19888067E-01
  0.20582554E-01 -0.29690165E-01  0.20407169E-01
  0.20916225E-01 -0.27818254E-01  0.20810103E-01
  0.21323506E-01 -0.25824476E-01  0.21099506E-01
  0.21796775E-01 -0.23716714E-01  0.21277532E-01
  0.22327810E-01 -0.21504272E-01  0.21345939E-01
  0.22908513E-01 -0.19197749E-01  0.21306283E-01
  0.23531506E-01 -0.16808844E-01  0.21160193E-01
  0.24190567E-01 -0.14350120E-01  0.20909705E-01
  0.24880871E-01 -0.11834724E-01  0.20557605E-01
  0.25599038E-01 -0.92760811E-02  0.20107757E-01
  0.26342987E-01 -0.66875752E-02  0.19565372E-01
  0.27111640E-01 -0.40822285E-02  0.18937193E-01
  0.27904505E-01 -0.14724023E-02  0.18231573E-01
  0.28721190E-01  0.11304733E-02  0.17458434E-01
  0.29560900E-01  0.37161237E-02  0.16629108E-01
  0.30421974E-01  0.62756018E-02  0.15756055E-01
  0.31301507E-01  0.88013979E-02  0.14852503E-01
  0.32195097E-01  0.11287488E-01  0.13932001E-01
  0.33096736E-01  0.13729319E-01  0.13007949E-01
  0.33998869E-01  0.16123737E-01  0.12093113E-01
  0.34892606E-01  0.18468869E-01  0.11199178E-01
  0.35768081E-01  0.20763961E-01  0.10336361E-01
  0.36614914E-01  0.23009193E-01  0.95131149E-02
  0.37422754E-01  0.25205480E-01  0.87359387E-02
  0.38181846E-01  0.27354267E-01  0.80093091E-02
  0.38883576E-01  0.29457335E-01  0.73357320E-02
  0.39520957E-01  0.31516629E-01  0.67159069E-02
  0.40089010E-01  0.33534100E-01  0.61489867E-02
  0.40585014E-01  0.35511593E-01  0.56329109E-02
  0.41008603E-01  0.37450748E-01  0.51647821E-02
  0.41361709E-01  0.39352951E-01  0.47412567E-02
  0.41648354E-01  0.41219297E-01  0.43589178E-02
  0.41874309E-01  0.43050591E-01  0.40146038E-02
  0.42046651E-01  0.44847363E-01  0.37056673E-02
  0.42173256E-01  0.46609898E-01  0.34301496E-02
  0.42262265E-01  0.48338277E-01  0.31868608E-02
  0.42321559E-01  0.50032424E-01  0.29753644E-02
  0.42358301E-01  0.51692150E-01  0.27958740E-02
  0.42378556E-01  0.53317195E-01  0.26490761E-02
  0.42387025E-01  0.54907264E-01  0.25358985E-02
  0.42386916E-01  0.56462061E-01  0.24572481E-02
  0.42379938E-01  0.57981303E-01  0.24137436E-02
  0.42366429E-01  0.59464745E-01  0.24054674E-02
  0.42345590E-01  0.60912183E-01  0.24317596E-02
  0.42315811E-01  0.62323460E-01  0.24910710E-02
  0.42275040E-01  0.63698463E-01  0.25808889E-02
  0.42221186E-01  0.65037127E-01  0.26977402E-02
  0.42152497E-01  0.66339424E-01  0.28372715E-02
  0.42067897E-01  0.67605362E-01  0.29943983E-02
  0.41967246E-01  0.68834981E-01  0.31635102E-02
  0.41851503E-01  0.70028345E-01  0.33387160E-02
  0.41722785E-01  0.71185541E-01  0.35141063E-02
  0.41584321E-01  0.72306672E-01  0.36840144E-02
  0.41440292E-01  0.73391853E-01  0.38432544E-02
  0.41295596E-01  0.74441207E-01  0.39873198E-02
  0.41155542E-01  0.75454853E-01  0.41125268E-02
  0.41025502E-01  0.76432905E-01  0.42160957E-02
  0.40910563E-01  0.77375456E-01  0.42961664E-02
  0.40815188E-01  0.78282572E-01  0.43517497E-02
  0.40742933E-01  0.79154279E-01  0.43826225E-02
  0.40696226E-01  0.79990549E-01  0.43891796E-02
  0.40676235E-01  0.80791292E-01  0.43722563E-02
  0.40682824E-01  0.81556343E-01  0.43329392E-02
  0.40714602E-01  0.82285457E-01  0.42723837E-02
  0.40769063E-01  0.82978298E-01  0.41916522E-02
  0.40842789E-01  0.83634444E-01  0.40915890E-02
  0.40931707E-01  0.84253388E-01  0.39727393E-02
  0.41031376E-01  0.84834543E-01  0.38353199E-02
  0.41137275E-01  0.85377263E-01  0.36792401E-02
  0.41245074E-01  0.85880854E-01  0.35041701E-02
  0.41350858E-01  0.86344604E-01  0.33096465E-02
  0.41451307E-01  0.86767804E-01  0.30952054E-02
  0.41543795E-01  0.87149784E-01  0.28605270E-02
  0.41626430E-01  0.87489939E-01  0.26055775E-02
  0.41698025E-01  0.87787761E-01  0.23307341E-02
  0.41758003E-01  0.88042864E-01  0.20368803E-02
  0.41806277E-01  0.88255010E-01  0.17254623E-02
  0.41843085E-01  0.88424124E-01  0.13985002E-02
  0.41868832E-01  0.88550302E-01  0.10585537E-02
  0.41883939E-01  0.88633820E-01  0.70864395E-03
  0.41888724E-01  0.88675121E-01  0.35213998E-03
  0.41883322E-01  0.88674809E-01 -0.73814948E-05
  0.16061747E-01 -0.41154275E-01  0.19007937E-04
  0.16237197E-01 -0.41260648E-01  0.22801139E-02
  0.16335592E-01 -0.41242460E-01  0.44894270E-02
  0.16366137E-01 -0.41099405E-01  0.66190209E-02
  0.16341380E-01 -0.40830905E-01  0.86448008E-02
  0.16276398E-01 -0.40436172E-01  0.10547152E-01
  0.16187884E-01 -0.39914293E-01  0.12311301E-01
  0.16093194E-01 -0.39264339E-01  0.13927376E-01
  0.16009424E-01 -0.38485494E-01  0.15390188E-01
  0.15952551E-01 -0.37577192E-01  0.16698748E-01
  0.15936720E-01 -0.36539274E-01  0.17855590E-01
  0.15973680E-01 -0.35372136E-01  0.18865945E-01
  0.16072420E-01 -0.34076884E-01  0.19736842E-01
  0.16239001E-01 -0.32655468E-01  0.20476217E-01
  0.16476584E-01 -0.31110803E-01  0.21092083E-01
  0.16785626E-01 -0.29446862E-01  0.21591837E-01
  0.17164234E-01 -0.27668734E-01  0.21981743E-01
  0.17608613E-01 -0.25782652E-01  0.22266621E-01
  0.18113578E-01 -0.23795966E-01  0.22449759E-01
  0.18673086E-01 -0.21717079E-01  0.22533036E-01
  0.19280735E-01 -0.19555341E-01  0.22517234E-01
  0.19930199E-01 -0.17320896E-01  0.22402498E-01
  0.20615569E-01 -0.15024493E-01  0.22188891E-01
  0.21331575E-01 -0.12677268E-01  0.21876994E-01
  0.22073694E-01 -0.10290511E-01  0.21468473E-01
  0.22838135E-01 -0.78754136E-02  0.20966583E-01
  0.23621720E-01 -0.54428312E-02  0.20376536E-01
  0.24421686E-01 -0.30030488E-02  0.19705712E-01
  0.25235440E-01 -0.56557937E-03  0.18963694E-01
  0.26060282E-01  0.18610055E-02  0.18162100E-01
  0.26893150E-01  0.42692025E-02  0.17314259E-01
  0.27730409E-01  0.66526556E-02  0.16434720E-01
  0.28567694E-01  0.90061872E-02  0.15538657E-01
  0.29399850E-01  0.11325781E-01  0.14641212E-01
  0.30220956E-01  0.13608521E-01  0.13756822E-01
  0.31024443E-01  0.15852496E-01  0.12898584E-01
  0.31803295E-01  0.18056669E-01  0.12077715E-01
  0.32550314E-01  0.20220738E-01  0.11303136E-01
  0.33258439E-01  0.22344974E-01  0.10581213E-01
  0.33921070E-01  0.24430072E-01  0.99156768E-02
  0.34532395E-01  0.26476999E-01  0.93077096E-02
  0.35087675E-01  0.28486866E-01  0.87562013E-02
  0.35583479E-01  0.30460815E-01  0.82581397E-02
  0.36017834E-01  0.32399932E-01  0.78091027E-02
  0.36390295E-01  0.34305181E-01  0.74038110E-02
  0.36701921E-01  0.36177366E-01  0.70366932E-02
  0.36955161E-01  0.38017108E-01  0.67024206E-02
  0.37153665E-01  0.39824845E-01  0.63963680E-02
  0.37302029E-01  0.41600844E-01  0.61149689E-02
  0.37405501E-01  0.43345221E-01  0.58559401E-02
  0.37469664E-01  0.45057965E-01  0.56183643E-02
  0.37500129E-01  0.46738970E-01  0.54026302E-02
  0.37502249E-01  0.48388057E-01  0.52102426E-02
  0.37480885E-01  0.50005001E-01  0.50435248E-02
  0.37440232E-01  0.51589552E-01  0.49052429E-02
  0.37383717E-01  0.53141442E-01  0.47981895E-02
  0.37313969E-01  0.54660406E-01  0.47247636E-02
  0.37232865E-01  0.56146181E-01  0.46865845E-02
  0.37141635E-01  0.57598513E-01  0.46841725E-02
  0.37041024E-01  0.59017162E-01  0.47167231E-02
  0.36931476E-01  0.60401902E-01  0.47819916E-02
  0.36813341E-01  0.61752520E-01  0.48762969E-02
  0.36687073E-01  0.63068826E-01  0.49946411E-02
  0.36553404E-01  0.64350650E-01  0.51309339E-02
  0.36413480E-01  0.65597845E-01  0.52782999E-02
  0.36268945E-01  0.66810293E-01  0.54294438E-02
  0.36121966E-01  0.67987901E-01  0.55770416E-02
  0.35975205E-01  0.69130609E-01  0.57141260E-02
  0.35831728E-01  0.70238376E-01  0.58344362E-02
  0.35694872E-01  0.71311186E-01  0.59327053E-02
  0.35568071E-01  0.72349030E-01  0.60048644E-02
  0.35454671E-01  0.73351903E-01  0.60481517E-02
  0.35357729E-01  0.74319785E-01  0.60611215E-02
  0.35279832E-01  0.75252629E-01  0.60435571E-02
  0.35222944E-01  0.76150346E-01  0.59963003E-02
  0.35188283E-01  0.77012788E-01  0.59210155E-02
  0.35176256E-01  0.77839740E-01  0.58199124E-02
  0.35186440E-01  0.78630905E-01  0.56954527E-02
  0.35217620E-01  0.79385904E-01  0.55500676E-02
  0.35267866E-01  0.80104272E-01  0.53859103E-02
  0.35334665E-01  0.80785466E-01  0.52046638E-02
  0.35415067E-01  0.81428874E-01  0.50074188E-02
  0.35505859E-01  0.82033833E-01  0.47946289E-02
  0.35603732E-01  0.82599647E-01  0.45661439E-02
  0.35705448E-01  0.83125620E-01  0.43213145E-02
  0.35807973E-01  0.83611074E-01  0.40591553E-02
  0.35908591E-01  0.84055385E-01  0.37785476E-02
  0.36004974E-01  0.84458006E-01  0.34784616E-02
  0.36095215E-01  0.84818495E-01  0.31581749E-02
  0.36177828E-01  0.85136537E-01  0.28174659E-02
  0.36251710E-01  0.85411953E-01  0.24567637E-02
  0.36316086E-01  0.85644716E-01  0.20772404E-02
  0.36370435E-01  0.85834948E-01  0.16808374E-02
  0.36414416E-01  0.85982918E-01  0.12702237E-02
  0.36447796E-01  0.86089025E-01  0.84869139E-03
  0.36470393E-01  0.86153784E-01  0.41999834E-03
  0.36482049E-01  0.86177802E-01 -0.11826426E-04
  0.94242621E-02 -0.39844061E-01  0.22298717E-04
  0.96315507E-02 -0.39938248E-01  0.24513093E-02
  0.98118563E-02 -0.39905876E-01  0.48205098E-02
  0.99685941E-02 -0.39747329E-01  0.70981842E-02
  0.10106954E-01 -0.39463111E-01  0.92571940E-02
  0.10233572E-01 -0.39053865E-01  0.11275759E-01
  0.10356153E-01 -0.38520412E-01  0.13137894E-01
  0.10483049E-01 -0.37863791E-01  0.14833478E-01
  0.10622844E-01 -0.37085312E-01  0.16357989E-01
  0.10783939E-01 -0.36186612E-01  0.17711921E-01
  0.10974184E-01 -0.35169711E-01  0.18899954E-01
  0.11200562E-01 -0.34037077E-01  0.19929948E-01
  0.11468930E-01 -0.32791678E-01  0.20811850E-01
  0.11783849E-01 -0.31437035E-01  0.21556591E-01
  0.12148486E-01 -0.29977258E-01  0.22175070E-01
  0.12564586E-01 -0.28417079E-01  0.22677288E-01
  0.13032520E-01 -0.26761855E-01  0.23071695E-01
  0.13551391E-01 -0.25017562E-01  0.23364792E-01
  0.14119174E-01 -0.23190761E-01  0.23560990E-01
  0.14732898E-01 -0.21288547E-01  0.23662736E-01
  0.15388833E-01 -0.19318471E-01  0.23670864E-01
  0.16082683E-01 -0.17288442E-01  0.23585133E-01
  0.16809762E-01 -0.15206612E-01  0.23404886E-01
  0.17565149E-01 -0.13081247E-01  0.23129766E-01
  0.18343817E-01 -0.10920590E-01  0.22760412E-01
  0.19140728E-01 -0.87327177E-02  0.22299077E-01
  0.19950902E-01 -0.65254056E-02  0.21750097E-01
  0.20769445E-01 -0.43060019E-02  0.21120183E-01
  0.21591571E-01 -0.20813172E-02  0.20418498E-01
  0.22412593E-01  0.14246227E-03  0.19656511E-01
  0.23227916E-01  0.23598370E-02  0.18847659E-01
  0.24033017E-01  0.45660282E-02  0.18006810E-01
  0.24823442E-01  0.67569831E-02  0.17149617E-01
  0.25594802E-01  0.89293541E-02  0.16291771E-01
  0.26342792E-01  0.11080454E-01  0.15448254E-01
  0.27063218E-01  0.13208190E-01  0.14632623E-01
  0.27752042E-01  0.15310989E-01  0.13856396E-01
  0.28405444E-01  0.17387707E-01  0.13128581E-01
  0.29019885E-01  0.19437544E-01  0.12455388E-01
  0.29592181E-01  0.21459958E-01  0.11840130E-01
  0.30119581E-01  0.23454587E-01  0.11283333E-01
  0.30599826E-01  0.25421185E-01  0.10783021E-01
  0.31031215E-01  0.27359570E-01  0.10335159E-01
  0.31412644E-01  0.29269585E-01  0.99342195E-02
  0.31743633E-01  0.31151072E-01  0.95738019E-02
  0.32024332E-01  0.33003861E-01  0.92472775E-02
  0.32255511E-01  0.34827767E-01  0.89483921E-02
  0.32438526E-01  0.36622589E-01  0.86717853E-02
  0.32575267E-01  0.38388123E-01  0.84133879E-02
  0.32668102E-01  0.40124161E-01  0.81706698E-02
  0.32719798E-01  0.41830507E-01  0.79427260E-02
  0.32733442E-01  0.43506973E-01  0.77301995E-02
  0.32712363E-01  0.45153382E-01  0.75350572E-02
  0.32660048E-01  0.46769564E-01  0.73602425E-02
  0.32580074E-01  0.48355350E-01  0.72092415E-02
  0.32476038E-01  0.49910566E-01  0.70856021E-02
  0.32351505E-01  0.51435018E-01  0.69924512E-02
  0.32209965E-01  0.52928491E-01  0.69320517E-02
  0.32054800E-01  0.54390742E-01  0.69054357E-02
  0.31889263E-01  0.55821495E-01  0.69121459E-02
  0.31716466E-01  0.57220446E-01  0.69501034E-02
  0.31539376E-01  0.58587267E-01  0.70156109E-02
  0.31360811E-01  0.59921617E-01  0.71034884E-02
  0.31183442E-01  0.61223150E-01  0.72073272E-02
  0.31009794E-01  0.62491529E-01  0.73198393E-02
  0.30842240E-01  0.63726438E-01  0.74332707E-02
  0.30682998E-01  0.64927592E-01  0.75398435E-02
  0.30534119E-01  0.66094741E-01  0.76321918E-02
  0.30397466E-01  0.67227677E-01  0.77037552E-02
  0.30274701E-01  0.68326224E-01  0.77491004E-02
  0.30167255E-01  0.69390237E-01  0.77641489E-02
  0.30076305E-01  0.70419587E-01  0.77462947E-02
  0.30002751E-01  0.71414144E-01  0.76944086E-02
  0.29947194E-01  0.72373757E-01  0.76087340E-02
  0.29909916E-01  0.73298242E-01  0.74906873E-02
  0.29890876E-01  0.74187357E-01  0.73425851E-02
  0.29889706E-01  0.75040791E-01  0.71673247E-02
  0.29905717E-01  0.75858154E-01  0.69680478E-02
  0.29937916E-01  0.76638974E-01  0.67478168E-02
  0.29985034E-01  0.77382699E-01  0.65093323E-02
  0.30045555E-01  0.78088707E-01  0.62547136E-02
  0.30117759E-01  0.78756324E-01  0.59853600E-02
  0.30199763E-01  0.79384846E-01  0.57019001E-02
  0.30289569E-01  0.79973567E-01  0.54042297E-02
  0.30385109E-01  0.80521806E-01  0.50916318E-02
  0.30484291E-01  0.81028944E-01  0.47629617E-02
  0.30585042E-01  0.81494443E-01  0.44168783E-02
  0.30685347E-01  0.81917879E-01  0.40520958E-02
  0.30783279E-01  0.82298959E-01  0.36676330E-02
  0.30877032E-01  0.82637530E-01  0.32630324E-02
  0.30964946E-01  0.82933587E-01  0.28385315E-02
  0.31045523E-01  0.83187267E-01  0.23951688E-02
  0.31117447E-01  0.83398838E-01  0.19348149E-02
  0.31179603E-01  0.83568679E-01  0.14601288E-02
  0.31231082E-01  0.83697258E-01  0.97444277E-03
  0.31271201E-01  0.83785106E-01  0.48158927E-03
  0.31299511E-01  0.83832784E-01 -0.14313450E-04
  0.18835253E-02 -0.38314108E-01  0.21859955E-04
  0.21220166E-02 -0.38394417E-01  0.25330251E-02
  0.23935352E-02 -0.38345602E-01  0.49840818E-02
  0.26952561E-02 -0.38168840E-01  0.73424583E-02
  0.30242435E-02 -0.37865855E-01  0.95801914E-02
  0.33776519E-02 -0.37438912E-01  0.11674738E-01
  0.37529274E-02 -0.36890785E-01  0.13609436E-01
  0.41479914E-02 -0.36224732E-01  0.15373608E-01
  0.45613903E-02 -0.35444457E-01  0.16962309E-01
  0.49923983E-02 -0.34554075E-01  0.18375761E-01
  0.54410630E-02 -0.33558064E-01  0.19618533E-01
  0.59081875E-02 -0.32461220E-01  0.20698541E-01
  0.63952493E-02 -0.31268610E-01  0.21625948E-01
  0.69042588E-02 -0.29985522E-01  0.22412052E-01
  0.74375676E-02 -0.28617413E-01  0.23068254E-01
  0.79976398E-02 -0.27169863E-01  0.23605168E-01
  0.85868009E-02 -0.25648525E-01  0.24031947E-01
  0.92069846E-02 -0.24059077E-01  0.24355846E-01
  0.98594951E-02 -0.22407181E-01  0.24582052E-01
  0.10544802E-01 -0.20698435E-01  0.24713779E-01
  0.11262384E-01 -0.18938340E-01  0.24752581E-01
  0.12010633E-01 -0.17132259E-01  0.24698865E-01
  0.12786825E-01 -0.15285386E-01  0.24552515E-01
  0.13587164E-01 -0.13402715E-01  0.24313594E-01
  0.14406886E-01 -0.11489018E-01  0.23983019E-01
  0.15240429E-01 -0.95488218E-02  0.23563169E-01
  0.16081643E-01 -0.75863986E-02  0.23058355E-01
  0.16924037E-01 -0.56057558E-02  0.22475116E-01
  0.17761039E-01 -0.36106367E-02  0.21822305E-01
  0.18586242E-01 -0.16045266E-02  0.21110975E-01
  0.19393640E-01  0.40933375E-03  0.20354046E-01
  0.20177821E-01  0.24279299E-02  0.19565817E-01
  0.20934108E-01  0.44484501E-02  0.18761337E-01
  0.21658647E-01  0.64682587E-02  0.17955698E-01
  0.22348435E-01  0.84848697E-02  0.17163313E-01
  0.23001286E-01  0.10495920E-01  0.16397231E-01
  0.23615749E-01  0.12499147E-01  0.15668540E-01
  0.24190989E-01  0.14492371E-01  0.14985915E-01
  0.24726629E-01  0.16473486E-01  0.14355333E-01
  0.25222598E-01  0.18440453E-01  0.13779979E-01
  0.25678964E-01  0.20391308E-01  0.13260338E-01
  0.26095801E-01  0.22324171E-01  0.12794475E-01
  0.26473079E-01  0.24237263E-01  0.12378454E-01
  0.26810598E-01  0.26128928E-01  0.12006873E-01
  0.27107966E-01  0.27997650E-01  0.11673467E-01
  0.27364628E-01  0.29842079E-01  0.11371720E-01
  0.27579933E-01  0.31661042E-01  0.11095449E-01
  0.27753243E-01  0.33453552E-01  0.10839300E-01
  0.27884065E-01  0.35218815E-01  0.10599135E-01
  0.27972197E-01  0.36956217E-01  0.10372277E-01
  0.28017874E-01  0.38665314E-01  0.10157593E-01
  0.28021901E-01  0.40345802E-01  0.99554322E-02
  0.27985750E-01  0.41997491E-01  0.97674128E-02
  0.27911634E-01  0.43620272E-01  0.95961006E-02
  0.27802521E-01  0.45214076E-01  0.94445983E-02
  0.27662109E-01  0.46778843E-01  0.93160923E-02
  0.27494752E-01  0.48314488E-01  0.92133959E-02
  0.27305338E-01  0.49820880E-01  0.91385297E-02
  0.27099132E-01  0.51297820E-01  0.90923745E-02
  0.26881600E-01  0.52745034E-01  0.90744256E-02
  0.26658212E-01  0.54162173E-01  0.90826667E-02
  0.26434248E-01  0.55548821E-01  0.91135723E-02
  0.26214618E-01  0.56904510E-01  0.91622353E-02
  0.26003704E-01  0.58228738E-01  0.92226070E-02
  0.25805243E-01  0.59520993E-01  0.92878261E-02
  0.25622240E-01  0.60780771E-01  0.93506091E-02
  0.25456937E-01  0.62007601E-01  0.94036684E-02
  0.25310817E-01  0.63201050E-01  0.94401224E-02
  0.25184654E-01  0.64360741E-01  0.94538674E-02
  0.25078596E-01  0.65486345E-01  0.94398796E-02
  0.24992274E-01  0.66577580E-01  0.93944292E-02
  0.24924925E-01  0.67634199E-01  0.93151896E-02
  0.24875522E-01  0.68655966E-01  0.92012398E-02
  0.24842899E-01  0.69642642E-01  0.90529633E-02
  0.24825853E-01  0.70593958E-01  0.88718579E-02
  0.24823238E-01  0.71509599E-01  0.86602757E-02
  0.24834015E-01  0.72389185E-01  0.84211194E-02
  0.24857284E-01  0.73232262E-01  0.81575230E-02
  0.24892280E-01  0.74038298E-01  0.78725446E-02
  0.24938344E-01  0.74806690E-01  0.75688982E-02
  0.24994876E-01  0.75536779E-01  0.72487461E-02
  0.25061269E-01  0.76227865E-01  0.69135663E-02
  0.25136844E-01  0.76879241E-01  0.65641044E-02
  0.25220778E-01  0.77490221E-01  0.62004093E-02
  0.25312058E-01  0.78060171E-01  0.58219443E-02
  0.25409432E-01  0.78588541E-01  0.54277622E-02
  0.25511406E-01  0.79074892E-01  0.50167215E-02
  0.25616245E-01  0.79518918E-01  0.45877236E-02
  0.25722012E-01  0.79920457E-01  0.41399451E-02
  0.25826627E-01  0.80279495E-01  0.36730446E-02
  0.25927944E-01  0.80596160E-01  0.31873216E-02
  0.26023841E-01  0.80870708E-01  0.26838154E-02
  0.26112319E-01  0.81103500E-01  0.21643338E-02
  0.26191593E-01  0.81294972E-01  0.16314114E-02
  0.26260183E-01  0.81445608E-01  0.10882014E-02
  0.26316980E-01  0.81555902E-01  0.53831349E-03
  0.26361296E-01  0.81626335E-01 -0.14385972E-04
 -0.60076744E-02 -0.37309590E-01  0.17820567E-04
 -0.57432752E-02 -0.37377301E-01  0.25190238E-02
 -0.53854891E-02 -0.37312971E-01  0.49673383E-02
 -0.49428278E-02 -0.37118540E-01  0.73324974E-02
 -0.44258089E-02 -0.36796910E-01  0.95881695E-02
 -0.38462725E-02 -0.36351891E-01  0.11712688E-01
 -0.32166381E-02 -0.35788122E-01  0.13689483E-01
 -0.25491595E-02 -0.35110974E-01  0.15507215E-01
 -0.18552283E-02 -0.34326433E-01  0.17159595E-01
 -0.11447743E-02 -0.33440974E-01  0.18644952E-01
 -0.42580457E-03 -0.32461421E-01  0.19965569E-01
  0.29589250E-03 -0.31394796E-01  0.21126861E-01
  0.10168616E-02 -0.30248177E-01  0.22136470E-01
  0.17359119E-02 -0.29028553E-01  0.23003332E-01
  0.24538785E-02 -0.27742683E-01  0.23736811E-01
  0.31732390E-02 -0.26396980E-01  0.24345939E-01
  0.38976203E-02 -0.24997401E-01  0.24838833E-01
  0.46312397E-02 -0.23549364E-01  0.25222300E-01
  0.53783257E-02 -0.22057694E-01  0.25501671E-01
  0.61425659E-02 -0.20526582E-01  0.25680831E-01
  0.69266246E-02 -0.18959588E-01  0.25762456E-01
  0.77317661E-02 -0.17359654E-01  0.25748389E-01
  0.85576096E-02 -0.15729154E-01  0.25640132E-01
  0.94020304E-02 -0.14069959E-01  0.25439383E-01
  0.10261209E-01 -0.12383520E-01  0.25148571E-01
  0.11129820E-01 -0.10670970E-01  0.24771329E-01
  0.12001335E-01 -0.89332247E-02  0.24312858E-01
  0.12868420E-01 -0.71710924E-02  0.23780151E-01
  0.13723373E-01 -0.53853808E-02  0.23182053E-01
  0.14558589E-01 -0.35769943E-02  0.22529147E-01
  0.15366989E-01 -0.17470197E-02  0.21833481E-01
  0.16142391E-01  0.10320272E-03  0.21108153E-01
  0.16879799E-01  0.19720275E-02  0.20366793E-01
  0.17575578E-01  0.38574730E-02  0.19622978E-01
  0.18227513E-01  0.57572111E-02  0.18889640E-01
  0.18834758E-01  0.76685789E-02  0.18178497E-01
  0.19397668E-01  0.95886105E-02  0.17499565E-01
  0.19917557E-01  0.11514086E-01  0.16860785E-01
  0.20396387E-01  0.13441598E-01  0.16267786E-01
  0.20836436E-01  0.15367626E-01  0.15723801E-01
  0.21239959E-01  0.17288619E-01  0.15229744E-01
  0.21608893E-01  0.19201085E-01  0.14784427E-01
  0.21944612E-01  0.21101671E-01  0.14384908E-01
  0.22247770E-01  0.22987241E-01  0.14026920E-01
  0.22518232E-01  0.24854940E-01  0.13705366E-01
  0.22755103E-01  0.26702251E-01  0.13414820E-01
  0.22956852E-01  0.28527020E-01  0.13150004E-01
  0.23121516E-01  0.30327482E-01  0.12906208E-01
  0.23246959E-01  0.32102248E-01  0.12679612E-01
  0.23331169E-01  0.33850294E-01  0.12467498E-01
  0.23372571E-01  0.35570916E-01  0.12268335E-01
  0.23370307E-01  0.37263685E-01  0.12081745E-01
  0.23324484E-01  0.38928384E-01  0.11908351E-01
  0.23236348E-01  0.40564951E-01  0.11749533E-01
  0.23108379E-01  0.42173407E-01  0.11607110E-01
  0.22944295E-01  0.43753804E-01  0.11482994E-01
  0.22748966E-01  0.45306164E-01  0.11378830E-01
  0.22528240E-01  0.46830443E-01  0.11295667E-01
  0.22288702E-01  0.48326500E-01  0.11233689E-01
  0.22037375E-01  0.49794080E-01  0.11192016E-01
  0.21781399E-01  0.51232814E-01  0.11168608E-01
  0.21527694E-01  0.52642226E-01  0.11160264E-01
  0.21282649E-01  0.54021753E-01  0.11162723E-01
  0.21051856E-01  0.55370773E-01  0.11170851E-01
  0.20839893E-01  0.56688631E-01  0.11178901E-01
  0.20650190E-01  0.57974673E-01  0.11180822E-01
  0.20484968E-01  0.59228269E-01  0.11170586E-01
  0.20345266E-01  0.60448837E-01  0.11142519E-01
  0.20231033E-01  0.61635853E-01  0.11091586E-01
  0.20141287E-01  0.62788858E-01  0.11013637E-01
  0.20074327E-01  0.63907451E-01  0.10905578E-01
  0.20027961E-01  0.64991279E-01  0.10765451E-01
  0.19999751E-01  0.66040017E-01  0.10592445E-01
  0.19987238E-01  0.67053346E-01  0.10386811E-01
  0.19988145E-01  0.68030928E-01  0.10149715E-01
  0.20000529E-01  0.68972389E-01  0.98830317E-02
  0.20022879E-01  0.69877297E-01  0.95891036E-02
  0.20054157E-01  0.70745154E-01  0.92704900E-02
  0.20093786E-01  0.71575395E-01  0.89297219E-02
  0.20141572E-01  0.72367394E-01  0.85690894E-02
  0.20197601E-01  0.73120483E-01  0.81904762E-02
  0.20262097E-01  0.73833970E-01  0.77952526E-02
  0.20335271E-01  0.74507174E-01  0.73842357E-02
  0.20417173E-01  0.75139454E-01  0.69577146E-02
  0.20507566E-01  0.75730243E-01  0.65155364E-02
  0.20605828E-01  0.76279076E-01  0.60572404E-02
  0.20710895E-01  0.76785616E-01  0.55822269E-02
  0.20821254E-01  0.77249668E-01  0.50899407E-02
  0.20934979E-01  0.77671185E-01  0.45800516E-02
  0.21049811E-01  0.78050262E-01  0.40526142E-02
  0.21163277E-01  0.78387128E-01  0.35081911E-02
  0.21272830E-01  0.78682113E-01  0.29479272E-02
  0.21376004E-01  0.78935625E-01  0.23735710E-02
  0.21470562E-01  0.79148112E-01  0.17874391E-02
  0.21554633E-01  0.79320029E-01  0.11923296E-02
  0.21626823E-01  0.79451802E-01  0.59139409E-03
  0.21686284E-01  0.79543804E-01 -0.12020685E-04
 -0.13681024E-01 -0.37612157E-01  0.10915854E-04
 -0.13399427E-01 -0.37670991E-01  0.24196768E-02
 -0.12973666E-01 -0.37594521E-01  0.47888749E-02
 -0.12416487E-01 -0.37385318E-01  0.70933986E-02
 -0.11744226E-01 -0.37047229E-01  0.93108182E-02
 -0.10975759E-01 -0.36585300E-01  0.11421930E-01
 -0.10131356E-01 -0.36005647E-01  0.13411103E-01
 -0.92314947E-02 -0.35315315E-01  0.15266429E-01
 -0.82957392E-02 -0.34522101E-01  0.16979664E-01
 -0.73417395E-02 -0.33634354E-01  0.18545998E-01
 -0.63844274E-02 -0.32660766E-01  0.19963670E-01
 -0.54354494E-02 -0.31610144E-01  0.21233474E-01
 -0.45028675E-02 -0.30491192E-01  0.22358194E-01
 -0.35911339E-02 -0.29312283E-01  0.23342025E-01
 -0.27013285E-02 -0.28081262E-01  0.24190020E-01
 -0.18316233E-02 -0.26805263E-01  0.24907598E-01
 -0.97793031E-03 -0.25490550E-01  0.25500155E-01
 -0.13466845E-03 -0.24142412E-01  0.25972794E-01
  0.70441310E-03 -0.22765084E-01  0.26330184E-01
  0.15454251E-02 -0.21361716E-01  0.26576547E-01
  0.23936042E-02 -0.19934399E-01  0.26715764E-01
  0.32527084E-02 -0.18484224E-01  0.26751566E-01
  0.41245848E-02 -0.17011385E-01  0.26687795E-01
  0.50089319E-02 -0.15515327E-01  0.26528690E-01
  0.59032676E-02 -0.13994912E-01  0.26279169E-01
  0.68030909E-02 -0.12448611E-01  0.25945066E-01
  0.77022146E-02 -0.10874708E-01  0.25533309E-01
  0.85932287E-02 -0.92714965E-02  0.25052001E-01
  0.94680507E-02 -0.76374744E-02  0.24510402E-01
  0.10318509E-01 -0.59715158E-02  0.23918808E-01
  0.11136905E-01 -0.42730164E-02  0.23288331E-01
  0.11916515E-01 -0.25420062E-02  0.22630593E-01
  0.12651982E-01 -0.77922466E-03  0.21957363E-01
  0.13339569E-01  0.10138440E-02  0.21280160E-01
  0.13977274E-01  0.28349747E-02  0.20609848E-01
  0.14564781E-01  0.46812434E-02  0.19956263E-01
  0.15103278E-01  0.65491027E-02  0.19327889E-01
  0.15595158E-01  0.84344856E-02  0.18731611E-01
  0.16043632E-01  0.10332932E-01  0.18172566E-01
  0.16452304E-01  0.12239726E-01  0.17654086E-01
  0.16824736E-01  0.14150049E-01  0.17177752E-01
  0.17164055E-01  0.16059116E-01  0.16743536E-01
  0.17472625E-01  0.17962318E-01  0.16350030E-01
  0.17751828E-01  0.19855341E-01  0.15994735E-01
  0.18001952E-01  0.21734269E-01  0.15674383E-01
  0.18222210E-01  0.23595653E-01  0.15385273E-01
  0.18410875E-01  0.25436566E-01  0.15123598E-01
  0.18565526E-01  0.27254617E-01  0.14885729E-01
  0.18683363E-01  0.29047947E-01  0.14668442E-01
  0.18761586E-01  0.30815196E-01  0.14469081E-01
  0.18797779E-01  0.32555448E-01  0.14285643E-01
  0.18790286E-01  0.34268162E-01  0.14116776E-01
  0.18738522E-01  0.35953091E-01  0.13961715E-01
  0.18643216E-01  0.37610194E-01  0.13820154E-01
  0.18506550E-01  0.39239553E-01  0.13692069E-01
  0.18332184E-01  0.40841294E-01  0.13577515E-01
  0.18125169E-01  0.42415518E-01  0.13476427E-01
  0.17891758E-01  0.43962244E-01  0.13388417E-01
  0.17639116E-01  0.45481376E-01  0.13312617E-01
  0.17374973E-01  0.46972681E-01  0.13247563E-01
  0.17107230E-01  0.48435780E-01  0.13191131E-01
  0.16843562E-01  0.49870164E-01  0.13140541E-01
  0.16591035E-01  0.51275215E-01  0.13092414E-01
  0.16355783E-01  0.52650233E-01  0.13042884E-01
  0.16142748E-01  0.53994475E-01  0.12987758E-01
  0.15955512E-01  0.55307189E-01  0.12922703E-01
  0.15796231E-01  0.56587643E-01  0.12843442E-01
  0.15665664E-01  0.57835152E-01  0.12745962E-01
  0.15563294E-01  0.59049093E-01  0.12626689E-01
  0.15487526E-01  0.60228915E-01  0.12482636E-01
  0.15435948E-01  0.61374129E-01  0.12311515E-01
  0.15405615E-01  0.62484305E-01  0.12111791E-01
  0.15393352E-01  0.63559044E-01  0.11882685E-01
  0.15396036E-01  0.64597965E-01  0.11624131E-01
  0.15410839E-01  0.65600674E-01  0.11336690E-01
  0.15435417E-01  0.66566746E-01  0.11021419E-01
  0.15468031E-01  0.67495710E-01  0.10679734E-01
  0.15507590E-01  0.68387040E-01  0.10313250E-01
  0.15553631E-01  0.69240153E-01  0.99236316E-02
  0.15606219E-01  0.70054417E-01  0.95124627E-02
  0.15665813E-01  0.70829176E-01  0.90811411E-02
  0.15733084E-01  0.71563767E-01  0.86308093E-02
  0.15808719E-01  0.72257554E-01  0.81623254E-02
  0.15893240E-01  0.72909959E-01  0.76762739E-02
  0.15986830E-01  0.73520494E-01  0.71730120E-02
  0.16089214E-01  0.74088785E-01  0.66527473E-02
  0.16199578E-01  0.74614593E-01  0.61156345E-02
  0.16316555E-01  0.75097824E-01  0.55618828E-02
  0.16438261E-01  0.75538527E-01  0.49918612E-02
  0.16562389E-01  0.75936881E-01  0.44061916E-02
  0.16686344E-01  0.76293178E-01  0.38058197E-02
  0.16807409E-01  0.76607790E-01  0.31920569E-02
  0.16922926E-01  0.76881135E-01  0.25665900E-02
  0.17030470E-01  0.77113639E-01  0.19314567E-02
  0.17128010E-01  0.77305700E-01  0.12889902E-02
  0.17214031E-01  0.77457657E-01  0.64173933E-03
  0.17287618E-01  0.77569768E-01 -0.76294583E-05
 -0.20660920E-01 -0.39917741E-01  0.23483076E-05
 -0.20372661E-01 -0.39972950E-01  0.22609091E-02
 -0.19907584E-01 -0.39889006E-01  0.44969709E-02
 -0.19280565E-01 -0.39668887E-01  0.66926063E-02
 -0.18511050E-01 -0.39317023E-01  0.88309539E-02
 -0.17621834E-01 -0.38839193E-01  0.10896499E-01
 -0.16637692E-01 -0.38242387E-01  0.12875291E-01
 -0.15583961E-01 -0.37534632E-01  0.14755089E-01
 -0.14485180E-01 -0.36724786E-01  0.16525444E-01
 -0.13363858E-01 -0.35822310E-01  0.18177714E-01
 -0.12239459E-01 -0.34837011E-01  0.19705022E-01
 -0.11127658E-01 -0.33778786E-01  0.21102180E-01
 -0.10039909E-01 -0.32657346E-01  0.22365568E-01
 -0.89833246E-02 -0.31481966E-01  0.23493009E-01
 -0.79608728E-02 -0.30261230E-01  0.24483630E-01
 -0.69718485E-02 -0.29002820E-01  0.25337733E-01
 -0.60125656E-02 -0.27713332E-01  0.26056682E-01
 -0.50772078E-02 -0.26398136E-01  0.26642809E-01
 -0.41587612E-02 -0.25061295E-01  0.27099346E-01
 -0.32499515E-02 -0.23705527E-01  0.27430374E-01
 -0.23441136E-02 -0.22332240E-01  0.27640794E-01
 -0.14359277E-02 -0.20941611E-01  0.27736308E-01
 -0.52197551E-03 -0.19532723E-01  0.27723402E-01
  0.39891814E-03 -0.18103752E-01  0.27609330E-01
  0.13255698E-02 -0.16652181E-01  0.27402076E-01
  0.22545422E-02 -0.15175046E-01  0.27110308E-01
  0.31804444E-02 -0.13669195E-01  0.26743297E-01
  0.40963898E-02 -0.12131543E-01  0.26310815E-01
  0.49945609E-02 -0.10559313E-01  0.25823000E-01
  0.58668257E-02 -0.89502580E-02  0.25290203E-01
  0.67053485E-02 -0.73028372E-02  0.24722807E-01
  0.75031432E-02 -0.56163583E-02  0.24131037E-01
  0.82545219E-02 -0.38910654E-02  0.23524766E-01
  0.89554088E-02 -0.21281780E-02  0.22913321E-01
  0.96034964E-02 -0.32987822E-03  0.22305307E-01
  0.10198243E-01  0.15007483E-02  0.21708454E-01
  0.10740715E-01  0.33598146E-02  0.21129487E-01
  0.11233309E-01  0.52427679E-02  0.20574047E-01
  0.11679369E-01  0.71445512E-02  0.20046634E-01
  0.12082753E-01  0.90597803E-02  0.19550605E-01
  0.12447389E-01  0.10982926E-01  0.19088209E-01
  0.12776853E-01  0.12908495E-01  0.18660654E-01
  0.13074026E-01  0.14831191E-01  0.18268209E-01
  0.13340832E-01  0.16746062E-01  0.17910332E-01
  0.13578111E-01  0.18648619E-01  0.17585808E-01
  0.13785604E-01  0.20534922E-01  0.17292898E-01
  0.13962071E-01  0.22401630E-01  0.17029487E-01
  0.14105513E-01  0.24246027E-01  0.16793216E-01
  0.14213480E-01  0.26066005E-01  0.16581604E-01
  0.14283442E-01  0.27860028E-01  0.16392145E-01
  0.14313174E-01  0.29627061E-01  0.16222381E-01
  0.14301125E-01  0.31366500E-01  0.16069948E-01
  0.14246750E-01  0.33078066E-01  0.15932598E-01
  0.14150754E-01  0.34761718E-01  0.15808197E-01
  0.14015240E-01  0.36417553E-01  0.15694705E-01
  0.13843753E-01  0.38045719E-01  0.15590141E-01
  0.13641199E-01  0.39646340E-01  0.15492548E-01
  0.13413666E-01  0.41219457E-01  0.15399945E-01
  0.13168146E-01  0.42764988E-01  0.15310292E-01
  0.12912193E-01  0.44282703E-01  0.15221464E-01
  0.12653534E-01  0.45772223E-01  0.15131230E-01
  0.12399677E-01  0.47233027E-01  0.15037260E-01
  0.12157534E-01  0.48664478E-01  0.14937131E-01
  0.11933091E-01  0.50065855E-01  0.14828367E-01
  0.11731155E-01  0.51436384E-01  0.14708473E-01
  0.11555187E-01  0.52775282E-01  0.14574996E-01
  0.11407231E-01  0.54081782E-01  0.14425576E-01
  0.11287950E-01  0.55355162E-01  0.14258012E-01
  0.11196738E-01  0.56594761E-01  0.14070313E-01
  0.11131931E-01  0.57799984E-01  0.13860749E-01
  0.11091053E-01  0.58970300E-01  0.13627885E-01
  0.11071114E-01  0.60105234E-01  0.13370609E-01
  0.11068907E-01  0.61204341E-01  0.13088138E-01
  0.11081287E-01  0.62267195E-01  0.12780012E-01
  0.11105421E-01  0.63293360E-01  0.12446074E-01
  0.11138968E-01  0.64282373E-01  0.12086438E-01
  0.11180204E-01  0.65233731E-01  0.11701453E-01
  0.11228064E-01  0.66146888E-01  0.11291650E-01
  0.11282113E-01  0.67021251E-01  0.10857705E-01
  0.11342456E-01  0.67856196E-01  0.10400392E-01
  0.11409593E-01  0.68651088E-01  0.99205459E-02
  0.11484240E-01  0.69405303E-01  0.94190350E-02
  0.11567135E-01  0.70118261E-01  0.88967439E-02
  0.11658851E-01  0.70789454E-01  0.83545662E-02
  0.11759632E-01  0.71418473E-01  0.77934077E-02
  0.11869262E-01  0.72005033E-01  0.72141988E-02
  0.11986999E-01  0.72548984E-01  0.66179133E-02
  0.12111548E-01  0.73050315E-01  0.60055908E-02
  0.12241108E-01  0.73509149E-01  0.53783597E-02
  0.12373457E-01  0.73925723E-01  0.47374568E-02
  0.12506092E-01  0.74300365E-01  0.40842424E-02
  0.12636387E-01  0.74633459E-01  0.34202071E-02
  0.12761770E-01  0.74925407E-01  0.27469698E-02
  0.12879896E-01  0.75176593E-01  0.20662666E-02
  0.12988796E-01  0.75387347E-01  0.13799312E-02
  0.13087000E-01  0.75557920E-01  0.68986776E-03
  0.13173605E-01  0.75688465E-01 -0.19805869E-05
 -0.26663023E-01 -0.44725283E-01 -0.64305481E-05
 -0.26378790E-01 -0.44782543E-01  0.20804678E-02
 -0.25908766E-01 -0.44695696E-01  0.41627418E-02
 -0.25267544E-01 -0.44467863E-01  0.62304640E-02
 -0.24474479E-01 -0.44103617E-01  0.82730659E-02
 -0.23552493E-01 -0.43608885E-01  0.10279323E-01
 -0.22526722E-01 -0.42990809E-01  0.12237412E-01
 -0.21423110E-01 -0.42257579E-01  0.14135042E-01
 -0.20267034E-01 -0.41418238E-01  0.15959661E-01
 -0.19082055E-01 -0.40482451E-01  0.17698720E-01
 -0.17888870E-01 -0.39460260E-01  0.19339992E-01
 -0.16704524E-01 -0.38361828E-01  0.20871918E-01
 -0.15541920E-01 -0.37197166E-01  0.22283971E-01
 -0.14409638E-01 -0.35975876E-01  0.23566999E-01
 -0.13312071E-01 -0.34706896E-01  0.24713550E-01
 -0.12249827E-01 -0.33398282E-01  0.25718129E-01
 -0.11220363E-01 -0.32057011E-01  0.26577403E-01
 -0.10218787E-01 -0.30688833E-01  0.27290310E-01
 -0.92387505E-02 -0.29298177E-01  0.27858092E-01
 -0.82733638E-02 -0.27888107E-01  0.28284229E-01
 -0.73160567E-02 -0.26460343E-01  0.28574292E-01
 -0.63613284E-02 -0.25015335E-01  0.28735721E-01
 -0.54053313E-02 -0.23552396E-01  0.28777539E-01
 -0.44462573E-02 -0.22069884E-01  0.28710019E-01
 -0.34845109E-02 -0.20565422E-01  0.28544335E-01
 -0.25226711E-02 -0.19036145E-01  0.28292199E-01
 -0.15652620E-02 -0.17478964E-01  0.27965518E-01
 -0.61836581E-03 -0.15890830E-01  0.27576080E-01
  0.31087682E-03 -0.14268982E-01  0.27135284E-01
  0.12148289E-02 -0.12611177E-01  0.26653931E-01
  0.20859281E-02 -0.10915873E-01  0.26142061E-01
  0.29172168E-02 -0.91823770E-02  0.25608858E-01
  0.37027897E-02 -0.74109354E-02  0.25062607E-01
  0.44381231E-02 -0.56027752E-02  0.24510695E-01
  0.51202686E-02 -0.37600910E-02  0.23959647E-01
  0.57479014E-02 -0.18859833E-02  0.23415188E-01
  0.63212298E-02  0.15645957E-04  0.22882318E-01
  0.68417843E-02  0.19402333E-02  0.22365383E-01
  0.73121121E-02  0.38827187E-02  0.21868144E-01
  0.77354134E-02  0.58377256E-02  0.21393821E-01
  0.81151546E-02  0.77997458E-02  0.20945133E-01
  0.84546969E-02  0.97633185E-02  0.20524298E-01
  0.87569754E-02  0.11723195E-01  0.20133037E-01
  0.90242539E-02  0.13674482E-01  0.19772543E-01
  0.92579773E-02  0.15612754E-01  0.19443460E-01
  0.94587303E-02  0.17534138E-01  0.19145855E-01
  0.96263010E-02  0.19435362E-01  0.18879190E-01
  0.97598416E-02  0.21313767E-01  0.18642323E-01
  0.98581053E-02  0.23167297E-01  0.18433512E-01
  0.99197355E-02  0.24994451E-01  0.18250457E-01
  0.99435793E-02  0.26794218E-01  0.18090351E-01
  0.99289930E-02  0.28565996E-01  0.17949962E-01
  0.98761120E-02  0.30309500E-01  0.17825735E-01
  0.97860610E-02  0.32024666E-01  0.17713904E-01
  0.96610831E-02  0.33711561E-01  0.17610613E-01
  0.95045780E-02  0.35370295E-01  0.17512039E-01
  0.93210462E-02  0.37000957E-01  0.17414503E-01
  0.91159416E-02  0.38603553E-01  0.17314572E-01
  0.88954479E-02  0.40177975E-01  0.17209136E-01
  0.86661951E-02  0.41723976E-01  0.17095465E-01
  0.84349405E-02  0.43241172E-01  0.16971233E-01
  0.82082397E-02  0.44729048E-01  0.16834524E-01
  0.79921336E-02  0.46186985E-01  0.16683800E-01
  0.77918737E-02  0.47614290E-01  0.16517864E-01
  0.76117086E-02  0.49010225E-01  0.16335792E-01
  0.74547427E-02  0.50374042E-01  0.16136862E-01
  0.73228776E-02  0.51705013E-01  0.15920486E-01
  0.72168358E-02  0.53002446E-01  0.15686132E-01
  0.71362608E-02  0.54265707E-01  0.15433270E-01
  0.70798830E-02  0.55494217E-01  0.15161326E-01
  0.70457331E-02  0.56687451E-01  0.14869651E-01
  0.70313841E-02  0.57844926E-01  0.14557521E-01
  0.70342010E-02  0.58966186E-01  0.14224143E-01
  0.70515756E-02  0.60050779E-01  0.13868688E-01
  0.70811303E-02  0.61098245E-01  0.13490335E-01
  0.71208745E-02  0.62108094E-01  0.13088325E-01
  0.71693036E-02  0.63079804E-01  0.12662017E-01
  0.72254371E-02  0.64012811E-01  0.12210947E-01
  0.72887967E-02  0.64906522E-01  0.11734877E-01
  0.73593305E-02  0.65760324E-01  0.11233833E-01
  0.74372951E-02  0.66573608E-01  0.10708134E-01
  0.75231094E-02  0.67345794E-01  0.10158396E-01
  0.76171968E-02  0.68076356E-01  0.95855289E-02
  0.77198325E-02  0.68764853E-01  0.89907076E-02
  0.78310109E-02  0.69410950E-01  0.83753391E-02
  0.79503460E-02  0.70014437E-01  0.77410125E-02
  0.80770142E-02  0.70575235E-01  0.70894463E-02
  0.82097445E-02  0.71093397E-01  0.64224321E-02
  0.83468545E-02  0.71569096E-01  0.57417824E-02
  0.84863305E-02  0.72002602E-01  0.50492847E-02
  0.86259407E-02  0.72394253E-01  0.43466648E-02
  0.87633710E-02  0.72744423E-01  0.36355634E-02
  0.88963705E-02  0.73053484E-01  0.29175247E-02
  0.90228915E-02  0.73321769E-01  0.21939991E-02
  0.91412131E-02  0.73549546E-01  0.14663566E-02
  0.92500341E-02  0.73736990E-01  0.73591018E-03
  0.93485311E-02  0.73884171E-01  0.39445040E-05
 -0.60327083E-01 -0.44838551E-01 -0.11800958E-04
 -0.60557654E-01 -0.45195781E-01  0.43833718E-02
 -0.60443259E-01 -0.45374483E-01  0.87818979E-02
 -0.59994604E-01 -0.45375690E-01  0.13183243E-01
 -0.59228442E-01 -0.45202798E-01  0.17585543E-01
 -0.58166681E-01 -0.44861446E-01  0.21985266E-01
 -0.27790619E-01 -0.50456809E-01  0.11683470E-01
 -0.26748169E-01 -0.49684870E-01  0.13601512E-01
 -0.25648475E-01 -0.48797326E-01  0.15480167E-01
 -0.24512027E-01 -0.47803182E-01  0.17303496E-01
 -0.23357091E-01 -0.46711873E-01  0.19054523E-01
 -0.22199032E-01 -0.45533050E-01  0.20715960E-01
 -0.21049863E-01 -0.44276356E-01  0.22270991E-01
 -0.19918060E-01 -0.42951202E-01  0.23704053E-01
 -0.18808626E-01 -0.41566545E-01  0.25001564E-01
 -0.17723380E-01 -0.40130691E-01  0.26152552E-01
 -0.16661449E-01 -0.38651110E-01  0.27149145E-01
 -0.15619893E-01 -0.37134293E-01  0.27986891E-01
 -0.14594423E-01 -0.35585644E-01  0.28664891E-01
 -0.13580147E-01 -0.34009421E-01  0.29185745E-01
 -0.12572279E-01 -0.32408726E-01  0.29555323E-01
 -0.11566772E-01 -0.30785547E-01  0.29782369E-01
 -0.10560823E-01 -0.29140847E-01  0.29877999E-01
 -0.95532232E-02 -0.27474700E-01  0.29855099E-01
 -0.85445422E-02 -0.25786465E-01  0.29727693E-01
 -0.75371393E-02 -0.24074982E-01  0.29510310E-01
 -0.65350193E-02 -0.22338793E-01  0.29217396E-01
 -0.55435554E-02 -0.20576360E-01  0.28862805E-01
 -0.45691119E-02 -0.18786281E-01  0.28459392E-01
 -0.36186064E-02 -0.16967483E-01  0.28018730E-01
 -0.26990527E-02 -0.15119387E-01  0.27550947E-01
 -0.18171217E-02 -0.13242036E-01  0.27064690E-01
 -0.97875801E-03 -0.11336183E-01  0.26567191E-01
 -0.18887684E-03 -0.94033270E-02  0.26064417E-01
  0.54883856E-03 -0.74457143E-02  0.25561280E-01
  0.12320308E-02 -0.54662875E-02  0.25061879E-01
  0.18596552E-02 -0.34686044E-02  0.24569739E-01
  0.24318694E-02 -0.14567236E-02  0.24088023E-01
  0.29498444E-02  0.56492976E-03  0.23619706E-01
  0.34155204E-02  0.25917122E-02  0.23167687E-01
  0.38313342E-02  0.46189131E-02  0.22734827E-01
  0.41999448E-02  0.66419002E-02  0.22323930E-01
  0.45239838E-02  0.86562532E-02  0.21937666E-01
  0.48058510E-02  0.10657877E-01  0.21578435E-01
  0.50475720E-02  0.12643092E-01  0.21248220E-01
  0.52507260E-02  0.14608693E-01  0.20948421E-01
  0.54164465E-02  0.16551990E-01  0.20679700E-01
  0.55454900E-02  0.18470806E-01  0.20441864E-01
  0.56383608E-02  0.20363461E-01  0.20233781E-01
  0.56954777E-02  0.22228732E-01  0.20053365E-01
  0.57173616E-02  0.24065792E-01  0.19897612E-01
  0.57048248E-02  0.25874137E-01  0.19762701E-01
  0.56591424E-02  0.27653509E-01  0.19644148E-01
  0.55821874E-02  0.29403819E-01  0.19537006E-01
  0.54765161E-02  0.31125068E-01  0.19436089E-01
  0.53453955E-02  0.32817282E-01  0.19336213E-01
  0.51927690E-02  0.34480458E-01  0.19232426E-01
  0.50231626E-02  0.36114520E-01  0.19120215E-01
  0.48415389E-02  0.37719293E-01  0.18995679E-01
  0.46531117E-02  0.39294491E-01  0.18855647E-01
  0.44631356E-02  0.40839720E-01  0.18697740E-01
  0.42766875E-02  0.42354485E-01  0.18520375E-01
  0.40984578E-02  0.43838218E-01  0.18322710E-01
  0.39325661E-02  0.45290295E-01  0.18104544E-01
  0.37824171E-02  0.46710071E-01  0.17866174E-01
  0.36506038E-02  0.48096896E-01  0.17608230E-01
  0.35388658E-02  0.49450144E-01  0.17331497E-01
  0.34481018E-02  0.50769224E-01  0.17036749E-01
  0.33784343E-02  0.52053584E-01  0.16724600E-01
  0.33293170E-02  0.53302718E-01  0.16395384E-01
  0.32996760E-02  0.54516155E-01  0.16049080E-01
  0.32880686E-02  0.55693447E-01  0.15685284E-01
  0.32928494E-02  0.56834155E-01  0.15303220E-01
  0.33123264E-02  0.57937831E-01  0.14901801E-01
  0.33448970E-02  0.59004010E-01  0.14479718E-01
  0.33891531E-02  0.60032193E-01  0.14035565E-01
  0.34439494E-02  0.61021845E-01  0.13567967E-01
  0.35084312E-02  0.61972399E-01  0.13075716E-01
  0.35820237E-02  0.62883265E-01  0.12557893E-01
  0.36643864E-02  0.63753847E-01  0.12013972E-01
  0.37553400E-02  0.64583564E-01  0.11443893E-01
  0.38547764E-02  0.65371875E-01  0.10848091E-01
  0.39625612E-02  0.66118305E-01  0.10227507E-01
  0.40784405E-02  0.66822470E-01  0.95835384E-02
  0.42019618E-02  0.67484093E-01  0.89179790E-02
  0.43324165E-02  0.68103023E-01  0.82329200E-02
  0.44688112E-02  0.68679228E-01  0.75306429E-02
  0.46098692E-02  0.69212803E-01  0.68135038E-02
  0.47540619E-02  0.69703942E-01  0.60838236E-02
  0.48996680E-02  0.70152923E-01  0.53437920E-02
  0.50448529E-02  0.70560078E-01  0.45953940E-02
  0.51877619E-02  0.70925754E-01  0.38403631E-02
  0.53266171E-02  0.71250287E-01  0.30801653E-02
  0.54598101E-02  0.71533962E-01  0.23160127E-02
  0.55859807E-02  0.71776994E-01  0.15489037E-02
  0.57040756E-02  0.71979505E-01  0.77968570E-03
  0.58133829E-02  0.72141520E-01  0.91310614E-05
 -0.54637809E-01 -0.46092586E-01 -0.16735000E-04
 -0.54908977E-01 -0.46475099E-01  0.40599880E-02
 -0.54895133E-01 -0.46690275E-01  0.81490444E-02
 -0.54603274E-01 -0.46738386E-01  0.12257657E-01
 -0.54044694E-01 -0.46621564E-01  0.16390842E-01
 -0.53234410E-01 -0.46343733E-01  0.20550767E-01
 -0.52190421E-01 -0.45910492E-01  0.24736316E-01
 -0.50932872E-01 -0.45328954E-01  0.28942893E-01
 -0.49483148E-01 -0.44607547E-01  0.33162495E-01
 -0.47862964E-01 -0.43755778E-01  0.37384026E-01
 -0.46093483E-01 -0.42783979E-01  0.41593847E-01
 -0.44194523E-01 -0.41703036E-01  0.45776536E-01
 -0.42183867E-01 -0.40524119E-01  0.49915778E-01
 -0.40076724E-01 -0.39258414E-01  0.53995369E-01
 -0.24571681E-01 -0.50684989E-01  0.25475333E-01
 -0.23504515E-01 -0.49043020E-01  0.26749651E-01
 -0.22438903E-01 -0.47337986E-01  0.27862210E-01
 -0.21374635E-01 -0.45577521E-01  0.28805875E-01
 -0.20310657E-01 -0.43768621E-01  0.29577972E-01
 -0.19245523E-01 -0.41917552E-01  0.30180260E-01
 -0.18177837E-01 -0.40029803E-01  0.30618648E-01
 -0.17106648E-01 -0.38110062E-01  0.30902703E-01
 -0.16031768E-01 -0.36162234E-01  0.31044988E-01
 -0.14954013E-01 -0.34189491E-01  0.31060283E-01
 -0.13875325E-01 -0.32194353E-01  0.30964753E-01
 -0.12798802E-01 -0.30178797E-01  0.30775118E-01
 -0.11728626E-01 -0.28144379E-01  0.30507883E-01
 -0.10669901E-01 -0.26092375E-01  0.30178677E-01
 -0.96284291E-02 -0.24023911E-01  0.29801735E-01
 -0.86104365E-02 -0.21940102E-01  0.29389546E-01
 -0.76222804E-02 -0.19842162E-01  0.28952663E-01
 -0.66701555E-02 -0.17731499E-01  0.28499693E-01
 -0.57598236E-02 -0.15609792E-01  0.28037416E-01
 -0.48963832E-02 -0.13479023E-01  0.27571029E-01
 -0.40840928E-02 -0.11341497E-01  0.27104463E-01
 -0.33262549E-02 -0.91998212E-02  0.26640738E-01
 -0.26251644E-02 -0.70568692E-02  0.26182318E-01
 -0.19821165E-02 -0.49157180E-02  0.25731427E-01
 -0.13974689E-02 -0.27795739E-02  0.25290300E-01
 -0.87074625E-03 -0.65168815E-03  0.24861352E-01
 -0.40077494E-03  0.14647288E-02  0.24447242E-01
  0.14167283E-04  0.35665909E-02  0.24050849E-01
  0.37619934E-03  0.56510109E-02  0.23675159E-01
  0.68769557E-03  0.77153621E-02  0.23323089E-01
  0.95116524E-03  0.97573237E-02  0.22997256E-01
  0.11691599E-02  0.11774910E-01  0.22699741E-01
  0.13442125E-02  0.13766479E-01  0.22431854E-01
  0.14788087E-02  0.15730725E-01  0.22193944E-01
  0.15753875E-02  0.17666658E-01  0.21985262E-01
  0.16363661E-02  0.19573563E-01  0.21803901E-01
  0.16641820E-02  0.21450960E-01  0.21646815E-01
  0.16613434E-02  0.23298546E-01  0.21509926E-01
  0.16304792E-02  0.25116146E-01  0.21388302E-01
  0.15743817E-02  0.26903662E-01  0.21276398E-01
  0.14960340E-02  0.28661022E-01  0.21168343E-01
  0.13986176E-02  0.30388140E-01  0.21058239E-01
  0.12854985E-02  0.32084889E-01  0.20940464E-01
  0.11601899E-02  0.33751078E-01  0.20809938E-01
  0.10262950E-02  0.35386443E-01  0.20662353E-01
  0.88743308E-03  0.36990643E-01  0.20494328E-01
  0.74715539E-03  0.38563272E-01  0.20303492E-01
  0.60885589E-03  0.40103868E-01  0.20088496E-01
  0.47568524E-03  0.41611933E-01  0.19848938E-01
  0.35047384E-03  0.43086952E-01  0.19585236E-01
  0.23566957E-03  0.44528410E-01  0.19298433E-01
  0.13329480E-03  0.45935806E-01  0.18989986E-01
  0.44924919E-04  0.47308666E-01  0.18661525E-01
 -0.28310718E-04  0.48646545E-01  0.18314629E-01
 -0.85706785E-04  0.49949030E-01  0.17950624E-01
 -0.12694173E-03  0.51215729E-01  0.17570423E-01
 -0.15202352E-03  0.52446265E-01  0.17174424E-01
 -0.16122666E-03  0.53640263E-01  0.16762457E-01
 -0.15502584E-03  0.54797333E-01  0.16333809E-01
 -0.13403205E-03  0.55917061E-01  0.15887291E-01
 -0.98935663E-04  0.56998997E-01  0.15421362E-01
 -0.50460733E-04  0.58042652E-01  0.14934284E-01
  0.10667196E-04  0.59047499E-01  0.14424300E-01
  0.83738503E-04  0.60012979E-01  0.13889809E-01
  0.16806261E-03  0.60938516E-01  0.13329537E-01
  0.26295863E-03  0.61823536E-01  0.12742669E-01
  0.36773644E-03  0.62667486E-01  0.12128954E-01
  0.48167198E-03  0.63469864E-01  0.11488751E-01
  0.60398094E-03  0.64230237E-01  0.10823035E-01
  0.73379496E-03  0.64948264E-01  0.10133349E-01
  0.87014395E-03  0.65623710E-01  0.94217185E-02
  0.10119475E-02  0.66256458E-01  0.86905292E-02
  0.11580172E-02  0.66846503E-01  0.79423845E-02
  0.13070705E-02  0.67393950E-01  0.71799576E-02
  0.14577551E-02  0.67898994E-01  0.64058476E-02
  0.16086828E-02  0.68361899E-01  0.56224565E-02
  0.17584694E-02  0.68782969E-01  0.48318933E-02
  0.19057775E-02  0.69162518E-01  0.40359166E-02
  0.20493590E-02  0.69500843E-01  0.32359162E-02
  0.21880926E-02  0.69798190E-01  0.24329344E-02
  0.23210146E-02  0.70054739E-01  0.16277239E-02
  0.24473392E-02  0.70270587E-01  0.82083373E-03
  0.25664686E-02  0.70445742E-01  0.12713075E-04
 -0.48127046E-01 -0.48917056E-01 -0.18851567E-04
 -0.48440917E-01 -0.49328458E-01  0.38368975E-02
 -0.48546170E-01 -0.49582948E-01  0.77095704E-02
 -0.48445201E-01 -0.49679874E-01  0.11610882E-01
 -0.48142368E-01 -0.49619839E-01  0.15549909E-01
 -0.47643804E-01 -0.49404690E-01  0.19532281E-01
 -0.46957168E-01 -0.49037488E-01  0.23559604E-01
 -0.46091350E-01 -0.48522445E-01  0.27629177E-01
 -0.45056141E-01 -0.47864851E-01  0.31734009E-01
 -0.43861881E-01 -0.47070967E-01  0.35863132E-01
 -0.42519115E-01 -0.46147906E-01  0.40002195E-01
 -0.41038242E-01 -0.45103503E-01  0.44134294E-01
 -0.39429200E-01 -0.43946165E-01  0.48240981E-01
 -0.37701175E-01 -0.42684720E-01  0.52303401E-01
 -0.35862357E-01 -0.41328267E-01  0.56303457E-01
 -0.33919729E-01 -0.39886025E-01  0.60224971E-01
 -0.31878907E-01 -0.38367198E-01  0.64054738E-01
 -0.27600336E-01 -0.55606422E-01  0.29809462E-01
 -0.26488273E-01 -0.53447831E-01  0.30645149E-01
 -0.25355132E-01 -0.51228477E-01  0.31302941E-01
 -0.24204184E-01 -0.48957039E-01  0.31788765E-01
 -0.23038953E-01 -0.46641807E-01  0.32112609E-01
 -0.21863279E-01 -0.44290597E-01  0.32287798E-01
 -0.20681355E-01 -0.41910700E-01  0.32330137E-01
 -0.19497742E-01 -0.39508832E-01  0.32256983E-01
 -0.18317361E-01 -0.37091128E-01  0.32086329E-01
 -0.17145454E-01 -0.34663137E-01  0.31835940E-01
 -0.15987529E-01 -0.32229851E-01  0.31522615E-01
 -0.14849278E-01 -0.29795734E-01  0.31161598E-01
 -0.13736480E-01 -0.27364772E-01  0.30766177E-01
 -0.12654889E-01 -0.24940524E-01  0.30347468E-01
 -0.11610119E-01 -0.22526170E-01  0.29914388E-01
 -0.10607518E-01 -0.20124567E-01  0.29473789E-01
 -0.96520509E-02 -0.17738288E-01  0.29030717E-01
 -0.87481833E-02 -0.15369661E-01  0.28588768E-01
 -0.78997812E-02 -0.13020796E-01  0.28150491E-01
 -0.71100233E-02 -0.10693606E-01  0.27717785E-01
 -0.63813338E-02 -0.83898171E-02  0.27292269E-01
 -0.57153357E-02 -0.61109776E-02  0.26875578E-01
 -0.51128279E-02 -0.38584564E-02  0.26469566E-01
 -0.45737864E-02 -0.16334453E-02  0.26076407E-01
 -0.40973887E-02  0.56304220E-03  0.25698589E-01
 -0.36820612E-02  0.27301677E-02  0.25338810E-01
 -0.33255471E-02  0.48672628E-02  0.24999800E-01
 -0.30249910E-02  0.69738189E-02  0.24684085E-01
 -0.27770365E-02  0.90494722E-02  0.24393732E-01
 -0.25779338E-02  0.11093984E-01  0.24130100E-01
 -0.24236500E-02  0.13107219E-01  0.23893620E-01
 -0.23099800E-02  0.15089115E-01  0.23683643E-01
 -0.22326518E-02  0.17039659E-01  0.23498359E-01
 -0.21874224E-02  0.18958861E-01  0.23334802E-01
 -0.21701613E-02  0.20846723E-01  0.23188946E-01
 -0.21769185E-02  0.22703223E-01  0.23055881E-01
 -0.22039755E-02  0.24528294E-01  0.22930056E-01
 -0.22478793E-02  0.26321812E-01  0.22805569E-01
 -0.23054587E-02  0.28083589E-01  0.22676483E-01
 -0.23738248E-02  0.29813377E-01  0.22537134E-01
 -0.24503591E-02  0.31510868E-01  0.22382420E-01
 -0.25326895E-02  0.33175704E-01  0.22208034E-01
 -0.26186601E-02  0.34807494E-01  0.22010634E-01
 -0.27062971E-02  0.36405824E-01  0.21787936E-01
 -0.27937738E-02  0.37970277E-01  0.21538723E-01
 -0.28793793E-02  0.39500444E-01  0.21262777E-01
 -0.29614928E-02  0.40995936E-01  0.20960735E-01
 -0.30385646E-02  0.42456394E-01  0.20633900E-01
 -0.31091074E-02  0.43881494E-01  0.20284005E-01
 -0.31716965E-02  0.45270940E-01  0.19912964E-01
 -0.32249789E-02  0.46624466E-01  0.19522637E-01
 -0.32676907E-02  0.47941822E-01  0.19114611E-01
 -0.32986809E-02  0.49222765E-01  0.18690033E-01
 -0.33169389E-02  0.50467041E-01  0.18249492E-01
 -0.33216234E-02  0.51674372E-01  0.17792974E-01
 -0.33120909E-02  0.52844449E-01  0.17319872E-01
 -0.32879191E-02  0.53976915E-01  0.16829066E-01
 -0.32489256E-02  0.55071363E-01  0.16319047E-01
 -0.31951782E-02  0.56127337E-01  0.15788083E-01
 -0.31269967E-02  0.57144340E-01  0.15234403E-01
 -0.30449446E-02  0.58121838E-01  0.14656386E-01
 -0.29498119E-02  0.59059284E-01  0.14052738E-01
 -0.28425897E-02  0.59956136E-01  0.13422635E-01
 -0.27244372E-02  0.60811877E-01  0.12765830E-01
 -0.25966439E-02  0.61626040E-01  0.12082705E-01
 -0.24605886E-02  0.62398227E-01  0.11374280E-01
 -0.23176979E-02  0.63128129E-01  0.10642158E-01
 -0.21694066E-02  0.63815535E-01  0.98884351E-02
 -0.20171212E-02  0.64460339E-01  0.91155733E-02
 -0.18621900E-02  0.65062538E-01  0.83262503E-02
 -0.17058789E-02  0.65622226E-01  0.75232024E-02
 -0.15493555E-02  0.66139573E-01  0.67090739E-02
 -0.13936806E-02  0.66614809E-01  0.58862871E-02
 -0.12398066E-02  0.67048199E-01  0.50569437E-02
 -0.10885824E-02  0.67440017E-01  0.42227646E-02
 -0.94076280E-03  0.67790519E-01  0.33850729E-02
 -0.79702118E-03  0.68099924E-01  0.25448192E-02
 -0.65796286E-03  0.68368393E-01  0.17026442E-02
 -0.52413814E-03  0.68596024E-01  0.85897233E-03
 -0.39605275E-03  0.68782839E-01  0.14123839E-04
 -0.41404012E-01 -0.52569188E-01 -0.17869427E-04
 -0.41758785E-01 -0.53009742E-01  0.37322160E-02
 -0.41987565E-01 -0.53302784E-01  0.74989909E-02
 -0.42087972E-01 -0.53446710E-01  0.11294734E-01
 -0.42057015E-01 -0.53440538E-01  0.15129157E-01
 -0.41891319E-01 -0.53283965E-01  0.19008585E-01
 -0.41587385E-01 -0.52977413E-01  0.22935377E-01
 -0.41141878E-01 -0.52522085E-01  0.26907616E-01
 -0.40551914E-01 -0.51920012E-01  0.30919102E-01
 -0.39815322E-01 -0.51174086E-01  0.34959629E-01
 -0.38930872E-01 -0.50288089E-01  0.39015547E-01
 -0.37898433E-01 -0.49266697E-01  0.43070545E-01
 -0.36719068E-01 -0.48115475E-01  0.47106628E-01
 -0.35395040E-01 -0.46840841E-01  0.51105204E-01
 -0.33929740E-01 -0.45450019E-01  0.55048229E-01
 -0.32327522E-01 -0.43950971E-01  0.58919321E-01
 -0.30593468E-01 -0.42352304E-01  0.62704806E-01
 -0.28733082E-01 -0.40663181E-01  0.66394610E-01
 -0.26751924E-01 -0.38893204E-01  0.69982983E-01
 -0.24655220E-01 -0.37052312E-01  0.73469015E-01
 -0.30718805E-01 -0.58660534E-01  0.33075622E-01
 -0.29416401E-01 -0.55880677E-01  0.33414809E-01
 -0.28094877E-01 -0.53057831E-01  0.33603497E-01
 -0.26762834E-01 -0.50203902E-01  0.33657659E-01
 -0.25428474E-01 -0.47330284E-01  0.33594833E-01
 -0.24099505E-01 -0.44447710E-01  0.33433229E-01
 -0.22783100E-01 -0.41566124E-01  0.33190882E-01
 -0.21485897E-01 -0.38694581E-01  0.32884914E-01
 -0.20214041E-01 -0.35841173E-01  0.32530948E-01
 -0.18973233E-01 -0.33012986E-01  0.32142693E-01
 -0.17768802E-01 -0.30216081E-01  0.31731704E-01
 -0.16605759E-01 -0.27455506E-01  0.31307326E-01
 -0.15488836E-01 -0.24735322E-01  0.30876798E-01
 -0.14422502E-01 -0.22058661E-01  0.30445479E-01
 -0.13410942E-01 -0.19427783E-01  0.30017172E-01
 -0.12458010E-01 -0.16844163E-01  0.29594499E-01
 -0.11567146E-01 -0.14308576E-01  0.29179284E-01
 -0.10741277E-01 -0.11821185E-01  0.28772918E-01
 -0.99827043E-02 -0.93816455E-02  0.28376649E-01
 -0.92929884E-02 -0.69891963E-02  0.27991813E-01
 -0.86728474E-02 -0.46427557E-02  0.27619948E-01
 -0.81220784E-02 -0.23410120E-02  0.27262829E-01
 -0.76395125E-02 -0.82508616E-04  0.26922404E-01
 -0.72230107E-02  0.21342781E-02  0.26600653E-01
 -0.68695053E-02  0.43108690E-02  0.26299404E-01
 -0.65750861E-02  0.64487217E-02  0.26020109E-01
 -0.63351288E-02  0.85491805E-02  0.25763635E-01
 -0.61444585E-02  0.10613437E-01  0.25530066E-01
 -0.59975381E-02  0.12642500E-01  0.25318567E-01
 -0.58886698E-02  0.14637181E-01  0.25127306E-01
 -0.58121968E-02  0.16598084E-01  0.24953453E-01
 -0.57626920E-02  0.18525608E-01  0.24793258E-01
 -0.57351219E-02  0.20419958E-01  0.24642201E-01
 -0.57249758E-02  0.22281168E-01  0.24495203E-01
 -0.57283533E-02  0.24109117E-01  0.24346881E-01
 -0.57420059E-02  0.25903566E-01  0.24191825E-01
 -0.57633337E-02  0.27664184E-01  0.24024872E-01
 -0.57903384E-02  0.29390580E-01  0.23841364E-01
 -0.58215416E-02  0.31082335E-01  0.23637360E-01
 -0.58558746E-02  0.32739027E-01  0.23409783E-01
 -0.58925529E-02  0.34360257E-01  0.23156514E-01
 -0.59309447E-02  0.35945663E-01  0.22876395E-01
 -0.59704460E-02  0.37494935E-01  0.22569173E-01
 -0.60103724E-02  0.39007820E-01  0.22235378E-01
 -0.60498753E-02  0.40484122E-01  0.21876146E-01
 -0.60878895E-02  0.41923692E-01  0.21493018E-01
 -0.61231146E-02  0.43326423E-01  0.21087711E-01
 -0.61540301E-02  0.44692230E-01  0.20661910E-01
 -0.61789422E-02  0.46021037E-01  0.20217072E-01
 -0.61960562E-02  0.47312754E-01  0.19754271E-01
 -0.62035674E-02  0.48567265E-01  0.19274098E-01
 -0.61997619E-02  0.49784410E-01  0.18776613E-01
 -0.61831180E-02  0.50963976E-01  0.18261356E-01
 -0.61523991E-02  0.52105687E-01  0.17727418E-01
 -0.61067307E-02  0.53209205E-01  0.17173551E-01
 -0.60456546E-02  0.54274133E-01  0.16598314E-01
 -0.59691563E-02  0.55300027E-01  0.16000238E-01
 -0.58776644E-02  0.56286403E-01  0.15378000E-01
 -0.57720217E-02  0.57232764E-01  0.14730572E-01
 -0.56534323E-02  0.58138612E-01  0.14057356E-01
 -0.55233877E-02  0.59003477E-01  0.13358273E-01
 -0.53835806E-02  0.59826930E-01  0.12633817E-01
 -0.52358121E-02  0.60608605E-01  0.11885050E-01
 -0.50818998E-02  0.61348216E-01  0.11113559E-01
 -0.49235947E-02  0.62045559E-01  0.10321374E-01
 -0.47625119E-02  0.62700525E-01  0.95108463E-02
 -0.46000800E-02  0.63313091E-01  0.86845173E-02
 -0.44375122E-02  0.63883317E-01  0.78449730E-02
 -0.42757979E-02  0.64411331E-01  0.69947089E-02
 -0.41157158E-02  0.64897315E-01  0.61360124E-02
 -0.39578637E-02  0.65341481E-01  0.52708732E-02
 -0.38027007E-02  0.65744057E-01  0.44009305E-02
 -0.36505968E-02  0.66105262E-01  0.35274580E-02
 -0.35018835E-02  0.66425293E-01  0.26513874E-02
 -0.33569002E-02  0.66704308E-01  0.17733676E-02
 -0.32160308E-02  0.66942420E-01  0.89384913E-03
 -0.30797271E-02  0.67139687E-01  0.13188129E-04
 -0.35179033E-01 -0.56192162E-01 -0.14040027E-04
 -0.35569653E-01 -0.56658451E-01  0.37460978E-02
 -0.35911309E-01 -0.56985407E-01  0.75181695E-02
 -0.36197406E-01 -0.57170594E-01  0.11311054E-01
 -0.36418344E-01 -0.57211635E-01  0.15131608E-01
 -0.36562108E-01 -0.57106309E-01  0.18984014E-01
 -0.36614985E-01 -0.56852689E-01  0.22869307E-01
 -0.36562384E-01 -0.56449282E-01  0.26785137E-01
 -0.36389673E-01 -0.55895194E-01  0.30725755E-01
 -0.36083012E-01 -0.55190291E-01  0.34682244E-01
 -0.35630109E-01 -0.54335348E-01  0.38642966E-01
 -0.35020852E-01 -0.53332194E-01  0.42594204E-01
 -0.34247800E-01 -0.52183819E-01  0.46520945E-01
 -0.33306479E-01 -0.50894456E-01  0.50407767E-01
 -0.32195485E-01 -0.49469624E-01  0.54239763E-01
 -0.30916391E-01 -0.47916134E-01  0.58003454E-01
 -0.29473463E-01 -0.46242048E-01  0.61687638E-01
 -0.27873204E-01 -0.44456607E-01  0.65284125E-01
 -0.26123769E-01 -0.42570115E-01  0.68788333E-01
 -0.24234275E-01 -0.40593800E-01  0.72199720E-01
 -0.22214044E-01 -0.38539655E-01  0.75522048E-01
 -0.20071834E-01 -0.36420265E-01  0.78763488E-01
 -0.34752948E-01 -0.61926070E-01  0.34977690E-01
 -0.33214681E-01 -0.58570154E-01  0.35025850E-01
 -0.31675049E-01 -0.55199969E-01  0.34959759E-01
 -0.30145167E-01 -0.51830629E-01  0.34796829E-01
 -0.28634764E-01 -0.48476211E-01  0.34554338E-01
 -0.27152205E-01 -0.45149546E-01  0.34248789E-01
 -0.25704590E-01 -0.41862051E-01  0.33895393E-01
 -0.24297932E-01 -0.38623611E-01  0.33507684E-01
 -0.22937359E-01 -0.35442505E-01  0.33097288E-01
 -0.21627322E-01 -0.32325380E-01  0.32673835E-01
 -0.20371794E-01 -0.29277275E-01  0.32245007E-01
 -0.19174413E-01 -0.26301680E-01  0.31816701E-01
 -0.18038586E-01 -0.23400637E-01  0.31393264E-01
 -0.16967517E-01 -0.20574873E-01  0.30977791E-01
 -0.15964179E-01 -0.17823949E-01  0.30572438E-01
 -0.15031229E-01 -0.15146434E-01  0.30178714E-01
 -0.14170880E-01 -0.12540086E-01  0.29797755E-01
 -0.13384746E-01 -0.10002037E-01  0.29430516E-01
 -0.12673688E-01 -0.75289749E-02  0.29077918E-01
 -0.12037663E-01 -0.51173162E-02  0.28740901E-01
 -0.11475623E-01 -0.27633691E-02  0.28420422E-01
 -0.10985445E-01 -0.46347552E-03  0.28117382E-01
 -0.10563930E-01  0.17858652E-02  0.27832517E-01
 -0.10206867E-01  0.39878956E-02  0.27566255E-01
 -0.99091540E-02  0.61455223E-02  0.27318581E-01
 -0.96649772E-02  0.82612633E-02  0.27088898E-01
 -0.94680335E-02  0.10337217E-01  0.26875940E-01
 -0.93117816E-02  0.12375053E-01  0.26677715E-01
 -0.91897017E-02  0.14376027E-01  0.26491510E-01
 -0.90955465E-02  0.16341000E-01  0.26313951E-01
 -0.90235644E-02  0.18270490E-01  0.26141115E-01
 -0.89686800E-02  0.20164711E-01  0.25968687E-01
 -0.89266202E-02  0.22023640E-01  0.25792151E-01
 -0.88939779E-02  0.23847068E-01  0.25606998E-01
 -0.88682131E-02  0.25634666E-01  0.25408935E-01
 -0.88475922E-02  0.27386030E-01  0.25194073E-01
 -0.88310755E-02  0.29100740E-01  0.24959091E-01
 -0.88181645E-02  0.30778390E-01  0.24701351E-01
 -0.88087227E-02  0.32418627E-01  0.24418962E-01
 -0.88027875E-02  0.34021165E-01  0.24110792E-01
 -0.88003881E-02  0.35585801E-01  0.23776420E-01
 -0.88013868E-02  0.37112414E-01  0.23416047E-01
 -0.88053531E-02  0.38600955E-01  0.23030363E-01
 -0.88114823E-02  0.40051441E-01  0.22620394E-01
 -0.88185626E-02  0.41463930E-01  0.22187332E-01
 -0.88249906E-02  0.42838500E-01  0.21732369E-01
 -0.88288330E-02  0.44175232E-01  0.21256557E-01
 -0.88279261E-02  0.45474184E-01  0.20760684E-01
 -0.88200021E-02  0.46735372E-01  0.20245200E-01
 -0.88028323E-02  0.47958755E-01  0.19710180E-01
 -0.87743706E-02  0.49144228E-01  0.19155332E-01
 -0.87328871E-02  0.50291613E-01  0.18580048E-01
 -0.86770800E-02  0.51400663E-01  0.17983488E-01
 -0.86061549E-02  0.52471063E-01  0.17364694E-01
 -0.85198684E-02  0.53502448E-01  0.16722714E-01
 -0.84185310E-02  0.54494412E-01  0.16056727E-01
 -0.83029720E-02  0.55446529E-01  0.15366167E-01
 -0.81744697E-02  0.56358366E-01  0.14650814E-01
 -0.80346546E-02  0.57229512E-01  0.13910869E-01
 -0.78853947E-02  0.58059585E-01  0.13146983E-01
 -0.77286730E-02  0.58848254E-01  0.12360260E-01
 -0.75664676E-02  0.59595249E-01  0.11552218E-01
 -0.74006447E-02  0.60300369E-01  0.10724720E-01
 -0.72328721E-02  0.60963485E-01  0.98798824E-02
 -0.70645589E-02  0.61584544E-01  0.90199679E-02
 -0.68968254E-02  0.62163556E-01  0.81472720E-02
 -0.67305028E-02  0.62700594E-01  0.72640164E-02
 -0.65661602E-02  0.63195777E-01  0.63722560E-02
 -0.64041541E-02  0.63649258E-01  0.54738086E-02
 -0.62446937E-02  0.64061215E-01  0.45702121E-02
 -0.60879139E-02  0.64431829E-01  0.36627130E-02
 -0.59339470E-02  0.64761277E-01  0.27522838E-02
 -0.57829867E-02  0.65049720E-01  0.18396694E-02
 -0.56353360E-02  0.65297292E-01  0.92545370E-03
 -0.54914356E-02  0.65504098E-01  0.10140855E-04
 -0.30141236E-01 -0.58955009E-01 -0.80910308E-05
 -0.30560193E-01 -0.59440421E-01  0.38599076E-02
 -0.30990180E-01 -0.59793370E-01  0.77315504E-02
 -0.31421597E-01 -0.60010853E-01  0.11608975E-01
 -0.31840023E-01 -0.60089500E-01  0.15493220E-01
 -0.32227060E-01 -0.60025710E-01  0.19383875E-01
 -0.32561388E-01 -0.59815837E-01  0.23278839E-01
 -0.32819960E-01 -0.59456408E-01  0.27174208E-01
 -0.32979260E-01 -0.58944358E-01  0.31064300E-01
 -0.33016545E-01 -0.58277290E-01  0.34941823E-01
 -0.32911007E-01 -0.57453716E-01  0.38798164E-01
 -0.32644769E-01 -0.56473293E-01  0.42623793E-01
 -0.32203677E-01 -0.55337029E-01  0.46408750E-01
 -0.31577835E-01 -0.54047445E-01  0.50143189E-01
 -0.30761865E-01 -0.52608689E-01  0.53817941E-01
 -0.29754880E-01 -0.51026600E-01  0.57425074E-01
 -0.28560195E-01 -0.49308709E-01  0.60958404E-01
 -0.27184783E-01 -0.47464183E-01  0.64413948E-01
 -0.25638540E-01 -0.45503712E-01  0.67790294E-01
 -0.23933393E-01 -0.43439351E-01  0.71088868E-01
 -0.22082313E-01 -0.41284320E-01  0.74314119E-01
 -0.20098296E-01 -0.39052772E-01  0.77473608E-01
 -0.17993353E-01 -0.36759554E-01  0.80578025E-01
 -0.15777563E-01 -0.34419957E-01  0.83641166E-01
 -0.38230844E-01 -0.62670744E-01  0.36327596E-01
 -0.36443223E-01 -0.58831918E-01  0.36153224E-01
 -0.34685612E-01 -0.55024680E-01  0.35903336E-01
 -0.32968376E-01 -0.51264723E-01  0.35592939E-01
 -0.31299879E-01 -0.47565909E-01  0.35236018E-01
 -0.29686716E-01 -0.43940101E-01  0.34845243E-01
 -0.28134007E-01 -0.40397067E-01  0.34431774E-01
 -0.26645722E-01 -0.36944437E-01  0.34005161E-01
 -0.25224994E-01 -0.33587731E-01  0.33573342E-01
 -0.23874391E-01 -0.30330441E-01  0.33142713E-01
 -0.22596129E-01 -0.27174164E-01  0.32718267E-01
 -0.21392203E-01 -0.24118779E-01  0.32303770E-01
 -0.20264442E-01 -0.21162657E-01  0.31901960E-01
 -0.19214476E-01 -0.18302896E-01  0.31514751E-01
 -0.18243652E-01 -0.15535567E-01  0.31143421E-01
 -0.17352886E-01 -0.12855972E-01  0.30788773E-01
 -0.16542509E-01 -0.10258887E-01  0.30451262E-01
 -0.15812096E-01 -0.77388023E-02  0.30131076E-01
 -0.15160330E-01 -0.52901375E-02  0.29828181E-01
 -0.14584903E-01 -0.29074324E-02  0.29542328E-01
 -0.14082479E-01 -0.58550972E-03  0.29273029E-01
 -0.13648718E-01  0.16803958E-02  0.29019518E-01
 -0.13278378E-01  0.38945409E-02  0.28780700E-01
 -0.12965470E-01  0.60606114E-02  0.28555109E-01
 -0.12703475E-01  0.81816914E-02  0.28340875E-01
 -0.12485595E-01  0.10260262E-01  0.28135713E-01
 -0.12305015E-01  0.12298226E-01  0.27936946E-01
 -0.12155174E-01  0.14296952E-01  0.27741546E-01
 -0.12030004E-01  0.16257339E-01  0.27546215E-01
 -0.11924129E-01  0.18179885E-01  0.27347477E-01
 -0.11833008E-01  0.20064772E-01  0.27141802E-01
 -0.11753019E-01  0.21911942E-01  0.26925724E-01
 -0.11681465E-01  0.23721178E-01  0.26695968E-01
 -0.11616522E-01  0.25492170E-01  0.26449561E-01
 -0.11557124E-01  0.27224579E-01  0.26183928E-01
 -0.11502805E-01  0.28918088E-01  0.25896957E-01
 -0.11453507E-01  0.30572433E-01  0.25587039E-01
 -0.11409379E-01  0.32187432E-01  0.25253067E-01
 -0.11370578E-01  0.33762993E-01  0.24894413E-01
 -0.11337094E-01  0.35299114E-01  0.24510868E-01
 -0.11308609E-01  0.36795874E-01  0.24102560E-01
 -0.11284401E-01  0.38253417E-01  0.23669865E-01
 -0.11263307E-01  0.39671930E-01  0.23213298E-01
 -0.11243727E-01  0.41051619E-01  0.22733422E-01
 -0.11223692E-01  0.42392688E-01  0.22230750E-01
 -0.11200964E-01  0.43695311E-01  0.21705682E-01
 -0.11173167E-01  0.44959618E-01  0.21158452E-01
 -0.11137941E-01  0.46185679E-01  0.20589110E-01
 -0.11093096E-01  0.47373496E-01  0.19997526E-01
 -0.11036754E-01  0.48522996E-01  0.19383421E-01
 -0.10967469E-01  0.49634037E-01  0.18746420E-01
 -0.10884313E-01  0.50706410E-01  0.18086120E-01
 -0.10786926E-01  0.51739853E-01  0.17402164E-01
 -0.10675517E-01  0.52734061E-01  0.16694321E-01
 -0.10550830E-01  0.53688702E-01  0.15962558E-01
 -0.10414068E-01  0.54603433E-01  0.15207093E-01
 -0.10266795E-01  0.55477915E-01  0.14428441E-01
 -0.10110814E-01  0.56311827E-01  0.13627432E-01
 -0.99480383E-02  0.57104879E-01  0.12805202E-01
 -0.97803662E-02  0.57856822E-01  0.11963169E-01
 -0.96095731E-02  0.58567453E-01  0.11102986E-01
 -0.94372223E-02  0.59236623E-01  0.10226479E-01
 -0.92646063E-02  0.59864237E-01  0.93355738E-02
 -0.90927203E-02  0.60450251E-01  0.84322204E-02
 -0.89222661E-02  0.60994673E-01  0.75183218E-02
 -0.87536862E-02  0.61497555E-01  0.65956703E-02
 -0.85872202E-02  0.61958985E-01  0.56658990E-02
 -0.84229761E-02  0.62379085E-01  0.47304509E-02
 -0.82610096E-02  0.62757995E-01  0.37905689E-02
 -0.81013994E-02  0.63095870E-01  0.28473049E-02
 -0.79443132E-02  0.63392868E-01  0.19015484E-02
 -0.77900546E-02  0.63649145E-01  0.95406919E-03
 -0.76390891E-02  0.63864844E-01  0.55712910E-05
 -0.26835880E-01 -0.60193445E-01 -0.10868875E-05
 -0.27274050E-01 -0.60689349E-01  0.40386156E-02
 -0.27757170E-01 -0.61058402E-01  0.80716554E-02
 -0.28274308E-01 -0.61297399E-01  0.12091285E-01
 -0.28808782E-01 -0.61402544E-01  0.16090800E-01
 -0.29339128E-01 -0.61369606E-01  0.20063579E-01
 -0.29840293E-01 -0.61194117E-01  0.24003149E-01
 -0.30285014E-01 -0.60871625E-01  0.27903246E-01
 -0.30645265E-01 -0.60397963E-01  0.31757912E-01
 -0.30893705E-01 -0.59769548E-01  0.35561590E-01
 -0.31005039E-01 -0.58983669E-01  0.39309241E-01
 -0.30957197E-01 -0.58038770E-01  0.42996459E-01
 -0.30732295E-01 -0.56934702E-01  0.46619600E-01
 -0.30317301E-01 -0.55672923E-01  0.50175899E-01
 -0.29704398E-01 -0.54256662E-01  0.53663590E-01
 -0.28891021E-01 -0.52691008E-01  0.57082013E-01
 -0.27879588E-01 -0.50982938E-01  0.60431705E-01
 -0.26676949E-01 -0.49141281E-01  0.63714487E-01
 -0.25293598E-01 -0.47176607E-01  0.66933531E-01
 -0.23742712E-01 -0.45101070E-01  0.70093420E-01
 -0.22039067E-01 -0.42928188E-01  0.73200210E-01
 -0.20197906E-01 -0.40672592E-01  0.76261483E-01
 -0.18233824E-01 -0.38349746E-01  0.79286429E-01
 -0.16159709E-01 -0.35975660E-01  0.82285939E-01
 -0.13985799E-01 -0.33566611E-01  0.85272749E-01
 -0.42967192E-01 -0.65115884E-01  0.37477366E-01
 -0.40908593E-01 -0.60906740E-01  0.37213766E-01
 -0.38907057E-01 -0.56766002E-01  0.36894509E-01
 -0.36972186E-01 -0.52708602E-01  0.36531691E-01
 -0.35111212E-01 -0.48747129E-01  0.36136480E-01
 -0.33329333E-01 -0.44891734E-01  0.35718994E-01
 -0.31630094E-01 -0.41150108E-01  0.35288224E-01
 -0.30015771E-01 -0.37527532E-01  0.34851991E-01
 -0.28487740E-01 -0.34026988E-01  0.34416947E-01
 -0.27046777E-01 -0.30649326E-01  0.33988600E-01
 -0.25693288E-01 -0.27393476E-01  0.33571368E-01
 -0.24427459E-01 -0.24256696E-01  0.33168653E-01
 -0.23249306E-01 -0.21234850E-01  0.32782923E-01
 -0.22158661E-01 -0.18322690E-01  0.32415807E-01
 -0.21155089E-01 -0.15514149E-01  0.32068191E-01
 -0.20237765E-01 -0.12802622E-01  0.31740306E-01
 -0.19405339E-01 -0.10181235E-01  0.31431817E-01
 -0.18655799E-01 -0.76430842E-02  0.31141901E-01
 -0.17986368E-01 -0.51814531E-02  0.30869315E-01
 -0.17393445E-01 -0.27899867E-02  0.30612460E-01
 -0.16872600E-01 -0.46283501E-03  0.30369429E-01
 -0.16418632E-01  0.18052448E-02  0.30138061E-01
 -0.16025692E-01  0.40188229E-02  0.29915979E-01
 -0.15687445E-01  0.61817675E-02  0.29700635E-01
 -0.15397285E-01  0.82972476E-02  0.29489352E-01
 -0.15148566E-01  0.10367764E-01  0.29279365E-01
 -0.14934836E-01  0.12395203E-01  0.29067868E-01
 -0.14750060E-01  0.14380906E-01  0.28852060E-01
 -0.14588802E-01  0.16325757E-01  0.28629192E-01
 -0.14446373E-01  0.18230264E-01  0.28396618E-01
 -0.14318911E-01  0.20094654E-01  0.28151838E-01
 -0.14203406E-01  0.21918955E-01  0.27892540E-01
 -0.14097662E-01  0.23703072E-01  0.27616635E-01
 -0.14000209E-01  0.25446857E-01  0.27322281E-01
 -0.13910166E-01  0.27150157E-01  0.27007904E-01
 -0.13827074E-01  0.28812860E-01  0.26672197E-01
 -0.13750716E-01  0.30434914E-01  0.26314117E-01
 -0.13680942E-01  0.32016345E-01  0.25932869E-01
 -0.13617503E-01  0.33557257E-01  0.25527876E-01
 -0.13559922E-01  0.35057824E-01  0.25098750E-01
 -0.13507402E-01  0.36518277E-01  0.24645254E-01
 -0.13458780E-01  0.37938882E-01  0.24167262E-01
 -0.13412534E-01  0.39319924E-01  0.23664722E-01
 -0.13366826E-01  0.40661679E-01  0.23137628E-01
 -0.13319590E-01  0.41964401E-01  0.22585989E-01
 -0.13268648E-01  0.43228301E-01  0.22009816E-01
 -0.13211838E-01  0.44453539E-01  0.21409117E-01
 -0.13147150E-01  0.45640211E-01  0.20783897E-01
 -0.13072854E-01  0.46788350E-01  0.20134176E-01
 -0.12987602E-01  0.47897926E-01  0.19460003E-01
 -0.12890508E-01  0.48968851E-01  0.18761491E-01
 -0.12781187E-01  0.50000983E-01  0.18038838E-01
 -0.12659760E-01  0.50994138E-01  0.17292363E-01
 -0.12526822E-01  0.51948103E-01  0.16522526E-01
 -0.12383374E-01  0.52862640E-01  0.15729956E-01
 -0.12230736E-01  0.53737503E-01  0.14915455E-01
 -0.12070442E-01  0.54572445E-01  0.14080011E-01
 -0.11904122E-01  0.55367228E-01  0.13224781E-01
 -0.11733397E-01  0.56121630E-01  0.12351084E-01
 -0.11559781E-01  0.56835455E-01  0.11460369E-01
 -0.11384607E-01  0.57508533E-01  0.10554184E-01
 -0.11208978E-01  0.58140729E-01  0.96341373E-02
 -0.11033746E-01  0.58731948E-01  0.87018600E-02
 -0.10859516E-01  0.59282129E-01  0.77589644E-02
 -0.10686683E-01  0.59791256E-01  0.68070100E-02
 -0.10515479E-01  0.60259350E-01  0.58474737E-02
 -0.10346038E-01  0.60686472E-01  0.48817300E-02
 -0.10178470E-01  0.61072714E-01  0.39110395E-02
 -0.10012918E-01  0.61418202E-01  0.29365492E-02
 -0.98496172E-02  0.61723083E-01  0.19593018E-02
 -0.96889339E-02  0.61987517E-01  0.98025454E-03
 -0.95313794E-02  0.62211673E-01  0.30579022E-06
 -0.25562605E-01 -0.59526957E-01  0.57665436E-05
 -0.26010106E-01 -0.60024304E-01  0.42360997E-02
 -0.26505419E-01 -0.60399345E-01  0.84492575E-02
 -0.27038154E-01 -0.60649079E-01  0.12629054E-01
 -0.27592315E-01 -0.60769926E-01  0.16760509E-01
 -0.28147215E-01 -0.60757866E-01  0.20830313E-01
 -0.28678619E-01 -0.60608627E-01  0.24827200E-01
 -0.29160049E-01 -0.60317912E-01  0.28742226E-01
 -0.29564185E-01 -0.59881662E-01  0.32568927E-01
 -0.29864254E-01 -0.59296331E-01  0.36303375E-01
 -0.30035350E-01 -0.58559169E-01  0.39944105E-01
 -0.30055592E-01 -0.57668489E-01  0.43491962E-01
 -0.29907069E-01 -0.56623911E-01  0.46949852E-01
 -0.29576514E-01 -0.55426568E-01  0.50322430E-01
 -0.29055691E-01 -0.54079265E-01  0.53615757E-01
 -0.28341474E-01 -0.52586572E-01  0.56836935E-01
 -0.27435621E-01 -0.50954869E-01  0.59993763E-01
 -0.26344291E-01 -0.49192310E-01  0.63094426E-01
 -0.25077324E-01 -0.47308738E-01  0.66147241E-01
 -0.23647335E-01 -0.45315531E-01  0.69160488E-01
 -0.22068707E-01 -0.43225406E-01  0.72142320E-01
 -0.20356510E-01 -0.41052172E-01  0.75100787E-01
 -0.18525429E-01 -0.38810465E-01  0.78043941E-01
 -0.16588752E-01 -0.36515468E-01  0.80980069E-01
 -0.14557447E-01 -0.34182630E-01  0.83917998E-01
 -0.12439377E-01 -0.31827411E-01  0.86867513E-01
 -0.47260408E-01 -0.65926401E-01  0.38463462E-01
 -0.44927329E-01 -0.61474799E-01  0.38131839E-01
 -0.42682733E-01 -0.57128883E-01  0.37761369E-01
 -0.40534263E-01 -0.52900409E-01  0.37361287E-01
 -0.38487097E-01 -0.48798550E-01  0.36940209E-01
 -0.36544337E-01 -0.44829920E-01  0.36506100E-01
 -0.34707421E-01 -0.40998673E-01  0.36066238E-01
 -0.32976518E-01 -0.37306652E-01  0.35627153E-01
 -0.31350899E-01 -0.33753580E-01  0.35194571E-01
 -0.29829232E-01 -0.30337306E-01  0.34773358E-01
 -0.28409811E-01 -0.27054063E-01  0.34367476E-01
 -0.27090703E-01 -0.23898755E-01  0.33979947E-01
 -0.25869815E-01 -0.20865247E-01  0.33612848E-01
 -0.24744897E-01 -0.17946655E-01  0.33267324E-01
 -0.23713492E-01 -0.15135622E-01  0.32943630E-01
 -0.22772859E-01 -0.12424582E-01  0.32641198E-01
 -0.21919878E-01 -0.98059882E-02  0.32358726E-01
 -0.21150964E-01 -0.72725189E-02  0.32094287E-01
 -0.20462014E-01 -0.48172459E-02  0.31845448E-01
 -0.19848375E-01 -0.24337669E-02  0.31609404E-01
 -0.19304873E-01 -0.11630147E-03  0.31383098E-01
 -0.18825874E-01  0.21402496E-02  0.31163351E-01
 -0.18405400E-01  0.43402774E-02  0.30946963E-01
 -0.18037264E-01  0.64874687E-02  0.30730816E-01
 -0.17715246E-01  0.85848362E-02  0.30511941E-01
 -0.17433265E-01  0.10634769E-01  0.30287578E-01
 -0.17185546E-01  0.12639100E-01  0.30055204E-01
 -0.16966775E-01  0.14599182E-01  0.29812554E-01
 -0.16772215E-01  0.16515972E-01  0.29557613E-01
 -0.16597785E-01  0.18390112E-01  0.29288607E-01
 -0.16440091E-01  0.20222012E-01  0.29003973E-01
 -0.16296416E-01  0.22011919E-01  0.28702332E-01
 -0.16164658E-01  0.23759981E-01  0.28382457E-01
 -0.16043244E-01  0.25466301E-01  0.28043242E-01
 -0.15931006E-01  0.27130973E-01  0.27683681E-01
 -0.15827053E-01  0.28754111E-01  0.27302842E-01
 -0.15730632E-01  0.30335868E-01  0.26899858E-01
 -0.15641006E-01  0.31876439E-01  0.26473922E-01
 -0.15557348E-01  0.33376061E-01  0.26024289E-01
 -0.15478663E-01  0.34835008E-01  0.25550277E-01
 -0.15403752E-01  0.36253574E-01  0.25051286E-01
 -0.15331197E-01  0.37632067E-01  0.24526803E-01
 -0.15259396E-01  0.38970788E-01  0.23976420E-01
 -0.15186611E-01  0.40270020E-01  0.23399845E-01
 -0.15111055E-01  0.41530020E-01  0.22796911E-01
 -0.15030977E-01  0.42751006E-01  0.22167584E-01
 -0.14944763E-01  0.43933152E-01  0.21511965E-01
 -0.14851022E-01  0.45076587E-01  0.20830292E-01
 -0.14748665E-01  0.46181392E-01  0.20122938E-01
 -0.14636959E-01  0.47247601E-01  0.19390403E-01
 -0.14515557E-01  0.48275205E-01  0.18633308E-01
 -0.14384499E-01  0.49264157E-01  0.17852386E-01
 -0.14244185E-01  0.50214371E-01  0.17048476E-01
 -0.14095332E-01  0.51125735E-01  0.16222511E-01
 -0.13938901E-01  0.51998108E-01  0.15375512E-01
 -0.13776022E-01  0.52831332E-01  0.14508579E-01
 -0.13607908E-01  0.53625232E-01  0.13622885E-01
 -0.13435776E-01  0.54379627E-01  0.12719665E-01
 -0.13260777E-01  0.55094334E-01  0.11800209E-01
 -0.13083943E-01  0.55769174E-01  0.10865854E-01
 -0.12906150E-01  0.56403982E-01  0.99179730E-02
 -0.12728104E-01  0.56998612E-01  0.89579588E-02
 -0.12550348E-01  0.57552946E-01  0.79872152E-02
 -0.12373286E-01  0.58066899E-01  0.70071400E-02
 -0.12197222E-01  0.58540425E-01  0.60191104E-02
 -0.12022405E-01  0.58973522E-01  0.50244685E-02
 -0.11849079E-01  0.59366230E-01  0.40245086E-02
 -0.11677525E-01  0.59718630E-01  0.30204670E-02
 -0.11508102E-01  0.60030842E-01  0.20135160E-02
 -0.11341265E-01  0.60303013E-01  0.10047626E-02
 -0.11177576E-01  0.60535311E-01 -0.47471868E-05
 -0.26312998E-01 -0.56930742E-01  0.11336656E-04
 -0.26760048E-01 -0.57421747E-01  0.44025224E-02
 -0.27226797E-01 -0.57794234E-01  0.87676426E-02
 -0.27705180E-01 -0.58045786E-01  0.13082241E-01
 -0.28182747E-01 -0.58173640E-01  0.17324060E-01
 -0.28643356E-01 -0.58174787E-01  0.21473869E-01
 -0.29068063E-01 -0.58046114E-01  0.25516130E-01
 -0.29436144E-01 -0.57784564E-01  0.29439451E-01
 -0.29726176E-01 -0.57387340E-01  0.33236826E-01
 -0.29917138E-01 -0.56852103E-01  0.36905647E-01
 -0.29989443E-01 -0.56177190E-01  0.40447499E-01
 -0.29925857E-01 -0.55361819E-01  0.43867759E-01
 -0.29712253E-01 -0.54406268E-01  0.47175039E-01
 -0.29338157E-01 -0.53312041E-01  0.50380503E-01
 -0.28797073E-01 -0.52081986E-01  0.53497119E-01
 -0.28086562E-01 -0.50720372E-01  0.56538889E-01
 -0.27208090E-01 -0.49232919E-01  0.59520113E-01
 -0.26166664E-01 -0.47626776E-01  0.62454727E-01
 -0.24970282E-01 -0.45910448E-01  0.65355766E-01
 -0.23629231E-01 -0.44093681E-01  0.68234963E-01
 -0.22155290E-01 -0.42187302E-01  0.71102539E-01
 -0.20560877E-01 -0.40203024E-01  0.73967151E-01
 -0.18858188E-01 -0.38153234E-01  0.76836041E-01
 -0.17058363E-01 -0.36050763E-01  0.79715337E-01
 -0.15170732E-01 -0.33908670E-01  0.82610521E-01
 -0.13202139E-01 -0.31740025E-01  0.85527020E-01
 -0.11156381E-01 -0.29557744E-01  0.88470898E-01
 -0.50971024E-01 -0.65331392E-01  0.39286439E-01
 -0.48377657E-01 -0.60768907E-01  0.38905964E-01
 -0.45905779E-01 -0.56344510E-01  0.38500055E-01
 -0.43560232E-01 -0.52064918E-01  0.38075606E-01
 -0.41343539E-01 -0.47934435E-01  0.37639257E-01
 -0.39256279E-01 -0.43955109E-01  0.37197367E-01
 -0.37297478E-01 -0.40126933E-01  0.36755955E-01
 -0.35464978E-01 -0.36448065E-01  0.36320584E-01
 -0.33755768E-01 -0.32915078E-01  0.35896238E-01
 -0.32166261E-01 -0.29523215E-01  0.35487177E-01
 -0.30692508E-01 -0.26266656E-01  0.35096816E-01
 -0.29330348E-01 -0.23138772E-01  0.34727625E-01
 -0.28075494E-01 -0.20132381E-01  0.34381067E-01
 -0.26923571E-01 -0.17239981E-01  0.34057581E-01
 -0.25870118E-01 -0.14453959E-01  0.33756612E-01
 -0.24910551E-01 -0.11766788E-01  0.33476694E-01
 -0.24040130E-01 -0.91711838E-02  0.33215564E-01
 -0.23253920E-01 -0.66602392E-02  0.32970318E-01
 -0.22546769E-01 -0.42275290E-02  0.32737579E-01
 -0.21913300E-01 -0.18671837E-02  0.32513683E-01
 -0.21347943E-01  0.42606383E-03  0.32294852E-01
 -0.20844978E-01  0.26568572E-02  0.32077361E-01
 -0.20398611E-01  0.48292186E-02  0.31857669E-01
 -0.20003069E-01  0.69465701E-02  0.31632533E-01
 -0.19652695E-01  0.90117718E-02  0.31399075E-01
 -0.19342060E-01  0.11027171E-01  0.31154819E-01
 -0.19066054E-01  0.12994662E-01  0.30897692E-01
 -0.18819970E-01  0.14915745E-01  0.30625997E-01
 -0.18599563E-01  0.16791595E-01  0.30338363E-01
 -0.18401080E-01  0.18623120E-01  0.30033678E-01
 -0.18221273E-01  0.20411019E-01  0.29711020E-01
 -0.18057370E-01  0.22155838E-01  0.29369585E-01
 -0.17907031E-01  0.23858007E-01  0.29008622E-01
 -0.17768288E-01  0.25517887E-01  0.28627383E-01
 -0.17639463E-01  0.27135787E-01  0.28225090E-01
 -0.17519091E-01  0.28711996E-01  0.27800922E-01
 -0.17405839E-01  0.30246789E-01  0.27354012E-01
 -0.17298442E-01  0.31740442E-01  0.26883470E-01
 -0.17195645E-01  0.33193231E-01  0.26388411E-01
 -0.17096167E-01  0.34605435E-01  0.25867996E-01
 -0.16998692E-01  0.35977334E-01  0.25321472E-01
 -0.16901866E-01  0.37309208E-01  0.24748214E-01
 -0.16804325E-01  0.38601325E-01  0.24147765E-01
 -0.16704732E-01  0.39853949E-01  0.23519854E-01
 -0.16601817E-01  0.41067324E-01  0.22864423E-01
 -0.16494432E-01  0.42241680E-01  0.22181626E-01
 -0.16381596E-01  0.43377222E-01  0.21471823E-01
 -0.16262533E-01  0.44474133E-01  0.20735568E-01
 -0.16136705E-01  0.45532566E-01  0.19973582E-01
 -0.16003822E-01  0.46552644E-01  0.19186724E-01
 -0.15863843E-01  0.47534456E-01  0.18375966E-01
 -0.15716963E-01  0.48478057E-01  0.17542358E-01
 -0.15563581E-01  0.49383462E-01  0.16687008E-01
 -0.15404259E-01  0.50250646E-01  0.15811055E-01
 -0.15239681E-01  0.51079549E-01  0.14915661E-01
 -0.15070602E-01  0.51870074E-01  0.14002004E-01
 -0.14897800E-01  0.52622088E-01  0.13071268E-01
 -0.14722039E-01  0.53335437E-01  0.12124654E-01
 -0.14544038E-01  0.54009944E-01  0.11163382E-01
 -0.14364448E-01  0.54645426E-01  0.10188694E-01
 -0.14183848E-01  0.55241701E-01  0.92018617E-02
 -0.14002743E-01  0.55798600E-01  0.82041842E-02
 -0.13821582E-01  0.56315980E-01  0.71969868E-02
 -0.13640776E-01  0.56793731E-01  0.61816114E-02
 -0.13460721E-01  0.57231784E-01  0.51594045E-02
 -0.13281824E-01  0.57630120E-01  0.41317008E-02
 -0.13104525E-01  0.57988765E-01  0.30998055E-02
 -0.12929311E-01  0.58307793E-01  0.20649772E-02
 -0.12756726E-01  0.58587315E-01  0.10284131E-02
 -0.12587363E-01  0.58827473E-01 -0.87599414E-05
 -0.28759567E-01 -0.52748291E-01  0.14758759E-04
 -0.29197358E-01 -0.53227837E-01  0.44925698E-02
 -0.29601063E-01 -0.53592290E-01  0.89386099E-02
 -0.29966369E-01 -0.53840096E-01  0.13322889E-01
 -0.30286671E-01 -0.53969767E-01  0.17618264E-01
 -0.30553442E-01 -0.53979925E-01  0.21801524E-01
 -0.30756700E-01 -0.53869362E-01  0.25854243E-01
 -0.30885557E-01 -0.53637109E-01  0.29763371E-01
 -0.30928798E-01 -0.53282532E-01  0.33521525E-01
 -0.30875470E-01 -0.52805418E-01  0.37126990E-01
 -0.30715438E-01 -0.52206081E-01  0.40583415E-01
 -0.30439886E-01 -0.51485455E-01  0.43899269E-01
 -0.30041723E-01 -0.50645182E-01  0.47087067E-01
 -0.29515887E-01 -0.49687685E-01  0.50162443E-01
 -0.28859521E-01 -0.48616226E-01  0.53143134E-01
 -0.28072025E-01 -0.47434940E-01  0.56047923E-01
 -0.27154975E-01 -0.46148839E-01  0.58895643E-01
 -0.26111923E-01 -0.44763794E-01  0.61704260E-01
 -0.24948093E-01 -0.43286491E-01  0.64490131E-01
 -0.23669987E-01 -0.41724350E-01  0.67267445E-01
 -0.22284928E-01 -0.40085438E-01  0.70047893E-01
 -0.20800563E-01 -0.38378346E-01  0.72840569E-01
 -0.19224346E-01 -0.36612066E-01  0.75652111E-01
 -0.17563028E-01 -0.34795858E-01  0.78487048E-01
 -0.15822167E-01 -0.32939121E-01  0.81348349E-01
 -0.14005669E-01 -0.31051282E-01  0.84238116E-01
 -0.12115380E-01 -0.29141702E-01  0.87158401E-01
 -0.56960524E-01 -0.68397616E-01  0.40343883E-01
 -0.53985310E-01 -0.63676882E-01  0.39949494E-01
 -0.51159781E-01 -0.59115411E-01  0.39535089E-01
 -0.48487887E-01 -0.54716032E-01  0.39105960E-01
 -0.45971258E-01 -0.50479519E-01  0.38667360E-01
 -0.43609509E-01 -0.46404838E-01  0.38224541E-01
 -0.41400565E-01 -0.42489395E-01  0.37782703E-01
 -0.39340983E-01 -0.38729287E-01  0.37346880E-01
 -0.37426264E-01 -0.35119540E-01  0.36921778E-01
 -0.35651129E-01 -0.31654342E-01  0.36511592E-01
 -0.34009767E-01 -0.28327257E-01  0.36119822E-01
 -0.32496033E-01 -0.25131425E-01  0.35749111E-01
 -0.31103609E-01 -0.22059736E-01  0.35401131E-01
 -0.29826114E-01 -0.19104990E-01  0.35076510E-01
 -0.28657186E-01 -0.16260033E-01  0.34774828E-01
 -0.27590523E-01 -0.13517869E-01  0.34494664E-01
 -0.26619910E-01 -0.10871757E-01  0.34233708E-01
 -0.25739220E-01 -0.83152871E-02  0.33988910E-01
 -0.24942418E-01 -0.58424374E-02  0.33756664E-01
 -0.24223554E-01 -0.34476144E-02  0.33533013E-01
 -0.23576764E-01 -0.11256807E-02  0.33313849E-01
 -0.22996278E-01  0.11280324E-02  0.33095108E-01
 -0.22476436E-01  0.33177230E-02  0.32872933E-01
 -0.22011713E-01  0.54471271E-02  0.32643807E-01
 -0.21596749E-01  0.75195351E-02  0.32404645E-01
 -0.21226391E-01  0.95378147E-02  0.32152838E-01
 -0.20895721E-01  0.11504439E-01  0.31886262E-01
 -0.20600103E-01  0.13421520E-01  0.31603246E-01
 -0.20335204E-01  0.15290841E-01  0.31302514E-01
 -0.20097021E-01  0.17113890E-01  0.30983106E-01
 -0.19881894E-01  0.18891902E-01  0.30644289E-01
 -0.19686504E-01  0.20625885E-01  0.30285466E-01
 -0.19507867E-01  0.22316661E-01  0.29906096E-01
 -0.19343317E-01  0.23964893E-01  0.29505628E-01
 -0.19190478E-01  0.25571113E-01  0.29083453E-01
 -0.19047234E-01  0.27135753E-01  0.28638886E-01
 -0.18911696E-01  0.28659165E-01  0.28171157E-01
 -0.18782172E-01  0.30141644E-01  0.27679437E-01
 -0.18657133E-01  0.31583442E-01  0.27162869E-01
 -0.18535191E-01  0.32984792E-01  0.26620616E-01
 -0.18415078E-01  0.34345913E-01  0.26051909E-01
 -0.18295635E-01  0.35667021E-01  0.25456103E-01
 -0.18175803E-01  0.36948341E-01  0.24832715E-01
 -0.18054624E-01  0.38190106E-01  0.24181465E-01
 -0.17931244E-01  0.39392562E-01  0.23502293E-01
 -0.17804920E-01  0.40555965E-01  0.22795368E-01
 -0.17675027E-01  0.41680579E-01  0.22061082E-01
 -0.17541060E-01  0.42766669E-01  0.21300035E-01
 -0.17402645E-01  0.43814494E-01  0.20513001E-01
 -0.17259537E-01  0.44824298E-01  0.19700900E-01
 -0.17111615E-01  0.45796300E-01  0.18864760E-01
 -0.16958876E-01  0.46730686E-01  0.18005682E-01
 -0.16801427E-01  0.47627600E-01  0.17124814E-01
 -0.16639467E-01  0.48487135E-01  0.16223322E-01
 -0.16473277E-01  0.49309330E-01  0.15302380E-01
 -0.16303199E-01  0.50094172E-01  0.14363161E-01
 -0.16129625E-01  0.50841589E-01  0.13406838E-01
 -0.15952979E-01  0.51551466E-01  0.12434592E-01
 -0.15773711E-01  0.52223643E-01  0.11447618E-01
 -0.15592286E-01  0.52857933E-01  0.10447141E-01
 -0.15409182E-01  0.53454133E-01  0.94344159E-02
 -0.15224886E-01  0.54012037E-01  0.84107407E-02
 -0.15039895E-01  0.54531452E-01  0.73774488E-02
 -0.14854723E-01  0.55012211E-01  0.63359030E-02
 -0.14669896E-01  0.55454183E-01  0.52874811E-02
 -0.14485962E-01  0.55857281E-01  0.42335557E-02
 -0.14303487E-01  0.56221467E-01  0.31754725E-02
 -0.14123054E-01  0.56546752E-01  0.21145274E-02
 -0.13945261E-01  0.56833191E-01  0.10519469E-02
 -0.13770712E-01  0.57080876E-01 -0.11126358E-04
 -0.32299675E-01 -0.47640266E-01  0.15576127E-04
 -0.32721236E-01 -0.48106751E-01  0.44731566E-02
 -0.33039046E-01 -0.48461623E-01  0.88974974E-02
 -0.33253377E-01 -0.48704321E-01  0.13256952E-01
 -0.33364843E-01 -0.48834866E-01  0.17522918E-01
 -0.33374377E-01 -0.48853833E-01  0.21671002E-01
 -0.33283191E-01 -0.48762318E-01  0.25681944E-01
 -0.33092740E-01 -0.48561899E-01  0.29542258E-01
 -0.32804674E-01 -0.48254599E-01  0.33244543E-01
 -0.32420802E-01 -0.47842841E-01  0.36787483E-01
 -0.31943043E-01 -0.47329409E-01  0.40175526E-01
 -0.31373398E-01 -0.46717414E-01  0.43418283E-01
 -0.30713912E-01 -0.46010255E-01  0.46529698E-01
 -0.29966652E-01 -0.45211595E-01  0.49527030E-01
 -0.29133685E-01 -0.44325326E-01  0.52429747E-01
 -0.28217062E-01 -0.43355550E-01  0.55258375E-01
 -0.27218808E-01 -0.42306555E-01  0.58033390E-01
 -0.26140900E-01 -0.41182793E-01  0.60774218E-01
 -0.24985251E-01 -0.39988857E-01  0.63498397E-01
 -0.23753680E-01 -0.38729462E-01  0.66220945E-01
 -0.22447868E-01 -0.37409420E-01  0.68953973E-01
 -0.21069299E-01 -0.36033618E-01  0.71706536E-01
 -0.19619173E-01 -0.34607000E-01  0.74484751E-01
 -0.18098300E-01 -0.33134550E-01  0.77292129E-01
 -0.16506958E-01 -0.31621284E-01  0.80130125E-01
 -0.14844717E-01 -0.30072251E-01  0.82998838E-01
 -0.13110231E-01 -0.28492561E-01  0.85897846E-01
 -0.11300978E-01 -0.26887429E-01  0.88827105E-01
 -0.59415768E-01 -0.65991136E-01  0.40879392E-01
 -0.56213571E-01 -0.61327172E-01  0.40451575E-01
 -0.53194425E-01 -0.56843895E-01  0.40014214E-01
 -0.50358559E-01 -0.52537468E-01  0.39571423E-01
 -0.47704355E-01 -0.48402875E-01  0.39127383E-01
 -0.45228571E-01 -0.44434227E-01  0.38686336E-01
 -0.42926571E-01 -0.40625027E-01  0.38252504E-01
 -0.40792559E-01 -0.36968400E-01  0.37829943E-01
 -0.38819821E-01 -0.33457273E-01  0.37422362E-01
 -0.37000941E-01 -0.30084528E-01  0.37032932E-01
 -0.35328020E-01 -0.26843114E-01  0.36664107E-01
 -0.33792866E-01 -0.23726128E-01  0.36317482E-01
 -0.32387161E-01 -0.20726872E-01  0.35993696E-01
 -0.31102608E-01 -0.17838888E-01  0.35692390E-01
 -0.29931044E-01 -0.15055981E-01  0.35412238E-01
 -0.28864535E-01 -0.12372223E-01  0.35151020E-01
 -0.27895435E-01 -0.97819636E-02  0.34905759E-01
 -0.27016429E-01 -0.72798232E-02  0.34672884E-01
 -0.26220552E-01 -0.48606967E-02  0.34448429E-01
 -0.25501198E-01 -0.25197531E-02  0.34228226E-01
 -0.24852106E-01 -0.25243887E-03  0.34008107E-01
 -0.24267347E-01  0.19455168E-02  0.33784066E-01
 -0.23741304E-01  0.40780946E-02  0.33552411E-01
 -0.23268646E-01  0.61489761E-02  0.33309862E-01
 -0.22844313E-01  0.81615362E-02  0.33053613E-01
 -0.22463493E-01  0.10118835E-01  0.32781354E-01
 -0.22121617E-01  0.12023614E-01  0.32491253E-01
 -0.21814349E-01  0.13878295E-01  0.32181907E-01
 -0.21537585E-01  0.15684985E-01  0.31852275E-01
 -0.21287456E-01  0.17445483E-01  0.31501588E-01
 -0.21060339E-01  0.19161297E-01  0.31129266E-01
 -0.20852859E-01  0.20833661E-01  0.30734834E-01
 -0.20661906E-01  0.22463563E-01  0.30317850E-01
 -0.20484634E-01  0.24051770E-01  0.29877854E-01
 -0.20318473E-01  0.25598864E-01  0.29414335E-01
 -0.20161125E-01  0.27105271E-01  0.28926718E-01
 -0.20010564E-01  0.28571299E-01  0.28414375E-01
 -0.19865024E-01  0.29997171E-01  0.27876645E-01
 -0.19722987E-01  0.31383052E-01  0.27312873E-01
 -0.19583164E-01  0.32729085E-01  0.26722454E-01
 -0.19444474E-01  0.34035408E-01  0.26104873E-01
 -0.19306020E-01  0.35302177E-01  0.25459749E-01
 -0.19167062E-01  0.36529576E-01  0.24786862E-01
 -0.19026993E-01  0.37717829E-01  0.24086184E-01
 -0.18885312E-01  0.38867198E-01  0.23357879E-01
 -0.18741608E-01  0.39977980E-01  0.22602308E-01
 -0.18595536E-01  0.41050504E-01  0.21820014E-01
 -0.18446807E-01  0.42085111E-01  0.21011703E-01
 -0.18295179E-01  0.43082146E-01  0.20178216E-01
 -0.18140449E-01  0.44041940E-01  0.19320501E-01
 -0.17982454E-01  0.44964796E-01  0.18439588E-01
 -0.17821076E-01  0.45850972E-01  0.17536559E-01
 -0.17656243E-01  0.46700670E-01  0.16612539E-01
 -0.17487940E-01  0.47514027E-01  0.15668676E-01
 -0.17316210E-01  0.48291110E-01  0.14706138E-01
 -0.17141169E-01  0.49031918E-01  0.13726115E-01
 -0.16963004E-01  0.49736378E-01  0.12729822E-01
 -0.16781978E-01  0.50404364E-01  0.11718507E-01
 -0.16598429E-01  0.51035697E-01  0.10693452E-01
 -0.16412767E-01  0.51630169E-01  0.96559828E-02
 -0.16225468E-01  0.52187550E-01  0.86074645E-02
 -0.16037062E-01  0.52707612E-01  0.75492943E-02
 -0.15848123E-01  0.53190139E-01  0.64828901E-02
 -0.15659257E-01  0.53634938E-01  0.54096719E-02
 -0.15471088E-01  0.54041859E-01  0.43310400E-02
 -0.15284242E-01  0.54410792E-01  0.32483520E-02
 -0.15099342E-01  0.54741673E-01  0.21628999E-02
 -0.14916992E-01  0.55034487E-01  0.10758924E-02
 -0.14737774E-01  0.55289257E-01 -0.11556164E-04
 -0.36148525E-01 -0.42476338E-01  0.13801818E-04
 -0.36549491E-01 -0.42931798E-01  0.43292550E-02
 -0.36773911E-01 -0.43279568E-01  0.86146115E-02
 -0.36826736E-01 -0.43520035E-01  0.12840957E-01
 -0.36716004E-01 -0.43654688E-01  0.16982121E-01
 -0.36452405E-01 -0.43686019E-01  0.21015740E-01
 -0.36048732E-01 -0.43617405E-01  0.24924102E-01
 -0.35519240E-01 -0.43452955E-01  0.28694736E-01
 -0.34878966E-01 -0.43197341E-01  0.32320709E-01
 -0.34143033E-01 -0.42855625E-01  0.35800639E-01
 -0.33325990E-01 -0.42433077E-01  0.39138409E-01
 -0.32441215E-01 -0.41935004E-01  0.42342644E-01
 -0.31500420E-01 -0.41366593E-01  0.45425956E-01
 -0.30513273E-01 -0.40732772E-01  0.48404039E-01
 -0.29487160E-01 -0.40038102E-01  0.51294654E-01
 -0.28427083E-01 -0.39286684E-01  0.54116589E-01
 -0.27335700E-01 -0.38482111E-01  0.56888638E-01
 -0.26213478E-01 -0.37627439E-01  0.59628681E-01
 -0.25058960E-01 -0.36725187E-01  0.62352895E-01
 -0.23869097E-01 -0.35777366E-01  0.65075160E-01
 -0.22639629E-01 -0.34785529E-01  0.67806667E-01
 -0.21365473E-01 -0.33750843E-01  0.70555755E-01
 -0.20041090E-01 -0.32674174E-01  0.73327975E-01
 -0.18660796E-01 -0.31556186E-01  0.76126361E-01
 -0.17218995E-01 -0.30397461E-01  0.78951886E-01
 -0.15710315E-01 -0.29198617E-01  0.81804077E-01
 -0.14129615E-01 -0.27960451E-01  0.84681731E-01
 -0.12471878E-01 -0.26684087E-01  0.87583714E-01
 -0.64563033E-01 -0.67908107E-01  0.41686074E-01
 -0.60969597E-01 -0.63144815E-01  0.41238011E-01
 -0.57591009E-01 -0.58584690E-01  0.40786807E-01
 -0.54425383E-01 -0.54218421E-01  0.40335943E-01
 -0.51469386E-01 -0.50036262E-01  0.39888800E-01
 -0.48718342E-01 -0.46028389E-01  0.39448711E-01
 -0.46166340E-01 -0.42185182E-01  0.39018940E-01
 -0.43806360E-01 -0.38497422E-01  0.38602593E-01
 -0.41630417E-01 -0.34956429E-01  0.38202488E-01
 -0.39629723E-01 -0.31554125E-01  0.37821011E-01
 -0.37794868E-01 -0.28283059E-01  0.37459960E-01
 -0.36116004E-01 -0.25136377E-01  0.37120428E-01
 -0.34583035E-01 -0.22107772E-01  0.36802709E-01
 -0.33185804E-01 -0.19191411E-01  0.36506253E-01
 -0.31914263E-01 -0.16381848E-01  0.36229676E-01
 -0.30758628E-01 -0.13673948E-01  0.35970812E-01
 -0.29709499E-01 -0.11062809E-01  0.35726812E-01
 -0.28757962E-01 -0.85437010E-02  0.35494286E-01
 -0.27895651E-01 -0.61120197E-02  0.35269455E-01
 -0.27114784E-01 -0.37632605E-02  0.35048327E-01
 -0.26408164E-01 -0.14930086E-02  0.34826860E-01
 -0.25769164E-01  0.70305278E-03  0.34601125E-01
 -0.25191686E-01  0.28291205E-02  0.34367432E-01
 -0.24670107E-01  0.48892389E-02  0.34122436E-01
 -0.24199226E-01  0.68872607E-02  0.33863203E-01
 -0.23774200E-01  0.88268048E-02  0.33587246E-01
 -0.23390490E-01  0.10711217E-01  0.33292528E-01
 -0.23043819E-01  0.12543533E-01  0.32977428E-01
 -0.22730134E-01  0.14326454E-01  0.32640702E-01
 -0.22445586E-01  0.16062328E-01  0.32281410E-01
 -0.22186523E-01  0.17753145E-01  0.31898852E-01
 -0.21949494E-01  0.19400543E-01  0.31492497E-01
 -0.21731255E-01  0.21005826E-01  0.31061917E-01
 -0.21528793E-01  0.22569995E-01  0.30606735E-01
 -0.21339343E-01  0.24093780E-01  0.30126591E-01
 -0.21160403E-01  0.25577685E-01  0.29621115E-01
 -0.20989754E-01  0.27022037E-01  0.29089920E-01
 -0.20825456E-01  0.28427030E-01  0.28532615E-01
 -0.20665855E-01  0.29792773E-01  0.27948812E-01
 -0.20509567E-01  0.31119333E-01  0.27338156E-01
 -0.20355456E-01  0.32406771E-01  0.26700353E-01
 -0.20202607E-01  0.33655171E-01  0.26035193E-01
 -0.20050296E-01  0.34864663E-01  0.25342575E-01
 -0.19897944E-01  0.36035436E-01  0.24622525E-01
 -0.19745092E-01  0.37167742E-01  0.23875206E-01
 -0.19591358E-01  0.38261893E-01  0.23100925E-01
 -0.19436409E-01  0.39318254E-01  0.22300127E-01
 -0.19279942E-01  0.40337225E-01  0.21473386E-01
 -0.19121669E-01  0.41319224E-01  0.20621398E-01
 -0.18961305E-01  0.42264668E-01  0.19744963E-01
 -0.18798580E-01  0.43173949E-01  0.18844973E-01
 -0.18633239E-01  0.44047419E-01  0.17922401E-01
 -0.18465061E-01  0.44885371E-01  0.16978289E-01
 -0.18293872E-01  0.45688025E-01  0.16013741E-01
 -0.18119568E-01  0.46455526E-01  0.15029925E-01
 -0.17942126E-01  0.47187934E-01  0.14028063E-01
 -0.17761618E-01  0.47885230E-01  0.13009433E-01
 -0.17578218E-01  0.48547323E-01  0.11975371E-01
 -0.17392203E-01  0.49174059E-01  0.10927260E-01
 -0.17203946E-01  0.49765233E-01  0.98665285E-02
 -0.17013907E-01  0.50320611E-01  0.87946390E-02
 -0.16822618E-01  0.50839937E-01  0.77130705E-02
 -0.16630657E-01  0.51322958E-01  0.66233019E-02
 -0.16438635E-01  0.51769433E-01  0.55267899E-02
 -0.16247173E-01  0.52179145E-01  0.44249465E-02
 -0.16056882E-01  0.52551914E-01  0.33191187E-02
 -0.15868355E-01  0.52887601E-01  0.22105702E-02
 -0.15682153E-01  0.53186110E-01  0.11004706E-02
 -0.15498808E-01  0.53447386E-01 -0.10107859E-04
 -0.39466529E-01 -0.38186783E-01  0.98937242E-05
 -0.39845717E-01 -0.38636286E-01  0.40667945E-02
 -0.39986026E-01 -0.38982770E-01  0.81009856E-02
 -0.39896438E-01 -0.39227353E-01  0.12090448E-01
 -0.39591389E-01 -0.39372677E-01  0.16015151E-01
 -0.39089991E-01 -0.39422759E-01  0.19857836E-01
 -0.38415048E-01 -0.39382800E-01  0.23604643E-01
 -0.37591903E-01 -0.39258939E-01  0.27245551E-01
 -0.36647204E-01 -0.39057985E-01  0.30774616E-01
 -0.35607653E-01 -0.38787128E-01  0.34190005E-01
 -0.34498799E-01 -0.38453643E-01  0.37493809E-01
 -0.33343964E-01 -0.38064610E-01  0.40691690E-01
 -0.32163331E-01 -0.37626655E-01  0.43792353E-01
 -0.30973263E-01 -0.37145718E-01  0.46806907E-01
 -0.29785855E-01 -0.36626875E-01  0.49748143E-01
 -0.28608754E-01 -0.36074196E-01  0.52629779E-01
 -0.27445228E-01 -0.35490665E-01  0.55465721E-01
 -0.26294464E-01 -0.34878145E-01  0.58269375E-01
 -0.25152063E-01 -0.34237397E-01  0.61053064E-01
 -0.24010686E-01 -0.33568146E-01  0.63827556E-01
 -0.22860794E-01 -0.32869193E-01  0.66601753E-01
 -0.21691430E-01 -0.32138552E-01  0.69382530E-01
 -0.20490974E-01 -0.31373633E-01  0.72174741E-01
 -0.19247834E-01 -0.30571432E-01  0.74981379E-01
 -0.17951012E-01 -0.29728750E-01  0.77803869E-01
 -0.16590514E-01 -0.28842417E-01  0.80642490E-01
 -0.15157578E-01 -0.27909527E-01  0.83496876E-01
 -0.13644702E-01 -0.26927678E-01  0.86366582E-01
 -0.69310001E-01 -0.69639664E-01  0.42362017E-01
 -0.65320138E-01 -0.64748041E-01  0.41886199E-01
 -0.61579900E-01 -0.60088370E-01  0.41414582E-01
 -0.58084386E-01 -0.55645271E-01  0.40950682E-01
 -0.54827836E-01 -0.51403715E-01  0.40497522E-01
 -0.51803616E-01 -0.47349422E-01  0.40057739E-01
 -0.49004197E-01 -0.43469144E-01  0.39633636E-01
 -0.46421157E-01 -0.39750831E-01  0.39227184E-01
 -0.44045205E-01 -0.36183715E-01  0.38839978E-01
 -0.41866250E-01 -0.32758292E-01  0.38473179E-01
 -0.39873511E-01 -0.29466250E-01  0.38127445E-01
 -0.38055657E-01 -0.26300346E-01  0.37802869E-01
 -0.36400989E-01 -0.23254240E-01  0.37498938E-01
 -0.34897627E-01 -0.20322325E-01  0.37214514E-01
 -0.33533720E-01 -0.17499543E-01  0.36947846E-01
 -0.32297636E-01 -0.14781223E-01  0.36696617E-01
 -0.31178147E-01 -0.12162927E-01  0.36458014E-01
 -0.30164577E-01 -0.96403328E-02  0.36228825E-01
 -0.29246925E-01 -0.72091457E-02  0.36005555E-01
 -0.28415938E-01 -0.48650416E-02  0.35784543E-01
 -0.27663159E-01 -0.26036456E-02  0.35562090E-01
 -0.26980921E-01 -0.42053857E-03  0.35334570E-01
 -0.26362322E-01  0.16887106E-02  0.35098534E-01
 -0.25801164E-01  0.37284943E-02  0.34850790E-01
 -0.25291879E-01  0.57031023E-02  0.34588466E-01
 -0.24829444E-01  0.76166525E-02  0.34309046E-01
 -0.24409290E-01  0.94730222E-02  0.34010380E-01
 -0.24027223E-01  0.11275785E-01  0.33690684E-01
 -0.23679352E-01  0.13028158E-01  0.33348510E-01
 -0.23362031E-01  0.14732968E-01  0.32982716E-01
 -0.23071819E-01  0.16392623E-01  0.32592415E-01
 -0.22805460E-01  0.18009118E-01  0.32176936E-01
 -0.22559872E-01  0.19584038E-01  0.31735769E-01
 -0.22332155E-01  0.21118593E-01  0.31268528E-01
 -0.22119600E-01  0.22613657E-01  0.30774916E-01
 -0.21919709E-01  0.24069817E-01  0.30254692E-01
 -0.21730210E-01  0.25487429E-01  0.29707661E-01
 -0.21549073E-01  0.26866680E-01  0.29133655E-01
 -0.21374512E-01  0.28207644E-01  0.28532535E-01
 -0.21204990E-01  0.29510336E-01  0.27904195E-01
 -0.21039200E-01  0.30774758E-01  0.27248566E-01
 -0.20876051E-01  0.32000939E-01  0.26565627E-01
 -0.20714644E-01  0.33188961E-01  0.25855414E-01
 -0.20554235E-01  0.34338980E-01  0.25118036E-01
 -0.20394207E-01  0.35451229E-01  0.24353675E-01
 -0.20234037E-01  0.36526020E-01  0.23562603E-01
 -0.20073272E-01  0.37563733E-01  0.22745182E-01
 -0.19911500E-01  0.38564798E-01  0.21901868E-01
 -0.19748343E-01  0.39529676E-01  0.21033220E-01
 -0.19583445E-01  0.40458835E-01  0.20139894E-01
 -0.19416476E-01  0.41352727E-01  0.19222651E-01
 -0.19247140E-01  0.42211767E-01  0.18282353E-01
 -0.19075184E-01  0.43036312E-01  0.17319964E-01
 -0.18900416E-01  0.43826648E-01  0.16336552E-01
 -0.18722721E-01  0.44582978E-01  0.15333279E-01
 -0.18542071E-01  0.45305420E-01  0.14311405E-01
 -0.18358538E-01  0.45994002E-01  0.13272270E-01
 -0.18172292E-01  0.46648672E-01  0.12217294E-01
 -0.17983605E-01  0.47269304E-01  0.11147953E-01
 -0.17792836E-01  0.47855713E-01  0.10065770E-01
 -0.17600421E-01  0.48407664E-01  0.89722864E-02
 -0.17406851E-01  0.48924893E-01  0.78690462E-02
 -0.17212654E-01  0.49407118E-01  0.67575684E-02
 -0.17018376E-01  0.49854059E-01  0.56393262E-02
 -0.16824557E-01  0.50265446E-01  0.45157262E-02
 -0.16631727E-01  0.50641033E-01  0.33880927E-02
 -0.16440390E-01  0.50980609E-01  0.22576576E-02
 -0.16251030E-01  0.51284001E-01  0.11255583E-02
 -0.16064112E-01  0.51551078E-01 -0.71575708E-05
 -0.41499950E-01 -0.35598244E-01  0.46506078E-05
 -0.41859579E-01 -0.36048695E-01  0.37120535E-02
 -0.41940609E-01 -0.36401731E-01  0.74073183E-02
 -0.41754740E-01 -0.36658846E-01  0.11078539E-01
 -0.41320700E-01 -0.36823295E-01  0.14714709E-01
 -0.40663244E-01 -0.36899928E-01  0.18306078E-01
 -0.39811880E-01 -0.36894947E-01  0.21844452E-01
 -0.38799380E-01 -0.36815620E-01  0.25323416E-01
 -0.37660180E-01 -0.36669943E-01  0.28738469E-01
 -0.36428748E-01 -0.36466285E-01  0.32087079E-01
 -0.35138028E-01 -0.36213033E-01  0.35368641E-01
 -0.33818028E-01 -0.35918237E-01  0.38584363E-01
 -0.32494637E-01 -0.35589292E-01  0.41737076E-01
 -0.31188720E-01 -0.35232652E-01  0.44830981E-01
 -0.29915538E-01 -0.34853609E-01  0.47871362E-01
 -0.28684500E-01 -0.34456116E-01  0.50864267E-01
 -0.27499244E-01 -0.34042687E-01  0.53816185E-01
 -0.26358025E-01 -0.33614360E-01  0.56733731E-01
 -0.25254360E-01 -0.33170718E-01  0.59623363E-01
 -0.24177882E-01 -0.32709980E-01  0.62491137E-01
 -0.23115320E-01 -0.32229139E-01  0.65342526E-01
 -0.22051545E-01 -0.31724149E-01  0.68182288E-01
 -0.20970598E-01 -0.31190148E-01  0.71014417E-01
 -0.19856643E-01 -0.30621714E-01  0.73842159E-01
 -0.18694766E-01 -0.30013134E-01  0.76668092E-01
 -0.17471593E-01 -0.29358697E-01  0.79494282E-01
 -0.16175675E-01 -0.28652983E-01  0.82322481E-01
 -0.14797629E-01 -0.27891164E-01  0.85154385E-01
 -0.13330026E-01 -0.27069299E-01  0.87991925E-01
 -0.69154357E-01 -0.66292102E-01  0.42390910E-01
 -0.65061057E-01 -0.61485769E-01  0.41893190E-01
 -0.61246890E-01 -0.56926441E-01  0.41411793E-01
 -0.57702747E-01 -0.52593473E-01  0.40949878E-01
 -0.54419245E-01 -0.48467752E-01  0.40509694E-01
 -0.51386600E-01 -0.44531963E-01  0.40092701E-01
 -0.48594505E-01 -0.40770733E-01  0.39699671E-01
 -0.46032042E-01 -0.37170646E-01  0.39330759E-01
 -0.43687642E-01 -0.33720164E-01  0.38985564E-01
 -0.41549100E-01 -0.30409468E-01  0.38663178E-01
 -0.39603656E-01 -0.27230250E-01  0.38362228E-01
 -0.37838121E-01 -0.24175465E-01  0.38080920E-01
 -0.36239055E-01 -0.21239066E-01  0.37817082E-01
 -0.34792964E-01 -0.18415755E-01  0.37568214E-01
 -0.33486518E-01 -0.15700739E-01  0.37331542E-01
 -0.32306765E-01 -0.13089524E-01  0.37104076E-01
 -0.31241323E-01 -0.10577748E-01  0.36882675E-01
 -0.30278546E-01 -0.81610575E-02  0.36664113E-01
 -0.29407654E-01 -0.58350212E-02  0.36445138E-01
 -0.28618810E-01 -0.35950990E-02  0.36222543E-01
 -0.27903159E-01 -0.14366408E-02  0.35993214E-01
 -0.27252824E-01  0.64507791E-03  0.35754188E-01
 -0.26660858E-01  0.26547965E-02  0.35502689E-01
 -0.26121173E-01  0.45971928E-02  0.35236162E-01
 -0.25628443E-01  0.64767979E-02  0.34952297E-01
 -0.25177993E-01  0.82979110E-02  0.34649040E-01
 -0.24765692E-01  0.10064521E-01  0.34324597E-01
 -0.24387843E-01  0.11780239E-01  0.33977429E-01
 -0.24041092E-01  0.13448251E-01  0.33606242E-01
 -0.23722343E-01  0.15071286E-01  0.33209973E-01
 -0.23428704E-01  0.16651609E-01  0.32787767E-01
 -0.23157442E-01  0.18191026E-01  0.32338956E-01
 -0.22905960E-01  0.19690921E-01  0.31863038E-01
 -0.22671786E-01  0.21152291E-01  0.31359651E-01
 -0.22452579E-01  0.22575809E-01  0.30828553E-01
 -0.22246134E-01  0.23961880E-01  0.30269601E-01
 -0.22050398E-01  0.25310713E-01  0.29682731E-01
 -0.21863479E-01  0.26622381E-01  0.29067947E-01
 -0.21683660E-01  0.27896883E-01  0.28425302E-01
 -0.21509400E-01  0.29134199E-01  0.27754894E-01
 -0.21339332E-01  0.30334331E-01  0.27056857E-01
 -0.21172259E-01  0.31497335E-01  0.26331358E-01
 -0.21007139E-01  0.32623344E-01  0.25578601E-01
 -0.20843071E-01  0.33712575E-01  0.24798826E-01
 -0.20679277E-01  0.34765329E-01  0.23992322E-01
 -0.20515089E-01  0.35781982E-01  0.23159432E-01
 -0.20349932E-01  0.36762970E-01  0.22300566E-01
 -0.20183313E-01  0.37708765E-01  0.21416213E-01
 -0.20014816E-01  0.38619853E-01  0.20506957E-01
 -0.19844098E-01  0.39496710E-01  0.19573485E-01
 -0.19670892E-01  0.40339781E-01  0.18616596E-01
 -0.19495008E-01  0.41149457E-01  0.17637213E-01
 -0.19316335E-01  0.41926060E-01  0.16636380E-01
 -0.19134849E-01  0.42669835E-01  0.15615263E-01
 -0.18950614E-01  0.43380938E-01  0.14575141E-01
 -0.18763778E-01  0.44059437E-01  0.13517396E-01
 -0.18574568E-01  0.44705316E-01  0.12443490E-01
 -0.18383281E-01  0.45318479E-01  0.11354951E-01
 -0.18190273E-01  0.45898761E-01  0.10253342E-01
 -0.17995940E-01  0.46445939E-01  0.91402398E-02
 -0.17800705E-01  0.46959749E-01  0.80172034E-02
 -0.17604999E-01  0.47439895E-01  0.68857548E-02
 -0.17409249E-01  0.47886068E-01  0.57473558E-02
 -0.17213871E-01  0.48297959E-01  0.46033928E-02
 -0.17019266E-01  0.48675270E-01  0.34551680E-02
 -0.16825823E-01  0.49017728E-01  0.23038969E-02
 -0.16633929E-01  0.49325096E-01  0.11507144E-02
 -0.16443982E-01  0.49597177E-01 -0.33130142E-05
 -0.41710684E-01 -0.35281675E-01 -0.94869452E-06
 -0.42056125E-01 -0.35740290E-01  0.33075549E-02
 -0.42114429E-01 -0.36108076E-01  0.66160841E-02
 -0.41898247E-01 -0.36386465E-01  0.99245474E-02
 -0.41427738E-01 -0.36578652E-01  0.13232494E-01
 -0.40729506E-01 -0.36689437E-01  0.16538977E-01
 -0.39835233E-01 -0.36724976E-01  0.19842467E-01
 -0.38780085E-01 -0.36692494E-01  0.23140805E-01
 -0.37601000E-01 -0.36599945E-01  0.26431220E-01
 -0.36334934E-01 -0.36455654E-01  0.29710401E-01
 -0.35017188E-01 -0.36267947E-01  0.32974611E-01
 -0.33679889E-01 -0.36044797E-01  0.36219855E-01
 -0.32350711E-01 -0.35793492E-01  0.39442068E-01
 -0.31051902E-01 -0.35520348E-01  0.42637327E-01
 -0.29799644E-01 -0.35230473E-01  0.45802059E-01
 -0.28603784E-01 -0.34927590E-01  0.48933239E-01
 -0.27467910E-01 -0.34613925E-01  0.52028558E-01
 -0.26389768E-01 -0.34290167E-01  0.55086554E-01
 -0.25361951E-01 -0.33955486E-01  0.58106692E-01
 -0.24372817E-01 -0.33607616E-01  0.61089400E-01
 -0.23407558E-01 -0.33242994E-01  0.64036043E-01
 -0.22449333E-01 -0.32856946E-01  0.66948860E-01
 -0.21480403E-01 -0.32443910E-01  0.69830853E-01
 -0.20483175E-01 -0.31997691E-01  0.72685653E-01
 -0.19441105E-01 -0.31511746E-01  0.75517371E-01
 -0.18339397E-01 -0.30979471E-01  0.78330441E-01
 -0.17165466E-01 -0.30394510E-01  0.81129492E-01
 -0.15909139E-01 -0.29751060E-01  0.83919234E-01
 -0.14562595E-01 -0.29044184E-01  0.86704394E-01
 -0.72366805E-01 -0.67872799E-01  0.42749439E-01
 -0.67940154E-01 -0.62859119E-01  0.42222992E-01
 -0.63830125E-01 -0.58131418E-01  0.41722087E-01
 -0.60023193E-01 -0.53663324E-01  0.41250433E-01
 -0.56506227E-01 -0.49430675E-01  0.40810190E-01
 -0.53266287E-01 -0.45411768E-01  0.40402156E-01
 -0.50290416E-01 -0.41587454E-01  0.40025954E-01
 -0.47565458E-01 -0.37941110E-01  0.39680225E-01
 -0.45077923E-01 -0.34458499E-01  0.39362827E-01
 -0.42813912E-01 -0.31127556E-01  0.39071015E-01
 -0.40759122E-01 -0.27938112E-01  0.38801619E-01
 -0.38898904E-01 -0.24881588E-01  0.38551193E-01
 -0.37218393E-01 -0.21950681E-01  0.38316160E-01
 -0.35702676E-01 -0.19139052E-01  0.38092913E-01
 -0.34336999E-01 -0.16441048E-01  0.37877912E-01
 -0.33106977E-01 -0.13851451E-01  0.37667743E-01
 -0.31998802E-01 -0.11365279E-01  0.37459162E-01
 -0.30999440E-01 -0.89776351E-02  0.37249122E-01
 -0.30096781E-01 -0.66836072E-02  0.37034778E-01
 -0.29279758E-01 -0.44782155E-02  0.36813486E-01
 -0.28538419E-01 -0.23564046E-02  0.36582791E-01
 -0.27863944E-01 -0.31307174E-03  0.36340410E-01
 -0.27248627E-01  0.16568773E-02  0.36084221E-01
 -0.26685811E-01  0.35584528E-02  0.35812244E-01
 -0.26169800E-01  0.53964963E-02  0.35522633E-01
 -0.25695739E-01  0.71755946E-02  0.35213669E-01
 -0.25259487E-01  0.89000001E-02  0.34883760E-01
 -0.24857489E-01  0.10573564E-01  0.34531443E-01
 -0.24486645E-01  0.12199685E-01  0.34155389E-01
 -0.24144200E-01  0.13781282E-01  0.33754414E-01
 -0.23827643E-01  0.15320785E-01  0.33327487E-01
 -0.23534627E-01  0.16820142E-01  0.32873730E-01
 -0.23262916E-01  0.18280856E-01  0.32392430E-01
 -0.23010342E-01  0.19704027E-01  0.31883032E-01
 -0.22774785E-01  0.21090409E-01  0.31345135E-01
 -0.22554173E-01  0.22440476E-01  0.30778484E-01
 -0.22346481E-01  0.23754488E-01  0.30182953E-01
 -0.22149750E-01  0.25032559E-01  0.29558533E-01
 -0.21962104E-01  0.26274718E-01  0.28905308E-01
 -0.21781767E-01  0.27480966E-01  0.28223438E-01
 -0.21607086E-01  0.28651315E-01  0.27513146E-01
 -0.21436541E-01  0.29785824E-01  0.26774700E-01
 -0.21268758E-01  0.30884624E-01  0.26008406E-01
 -0.21102519E-01  0.31947922E-01  0.25214604E-01
 -0.20936762E-01  0.32976007E-01  0.24393665E-01
 -0.20770583E-01  0.33969240E-01  0.23546004E-01
 -0.20603230E-01  0.34928038E-01  0.22672085E-01
 -0.20434101E-01  0.35852859E-01  0.21772439E-01
 -0.20262736E-01  0.36744174E-01  0.20847673E-01
 -0.20088810E-01  0.37602451E-01  0.19898494E-01
 -0.19912123E-01  0.38428129E-01  0.18925713E-01
 -0.19732589E-01  0.39221601E-01  0.17930260E-01
 -0.19550230E-01  0.39983199E-01  0.16913183E-01
 -0.19365156E-01  0.40713181E-01  0.15875653E-01
 -0.19177558E-01  0.41411725E-01  0.14818949E-01
 -0.18987691E-01  0.42078924E-01  0.13744448E-01
 -0.18795854E-01  0.42714786E-01  0.12653605E-01
 -0.18602378E-01  0.43319241E-01  0.11547930E-01
 -0.18407608E-01  0.43892147E-01  0.10428959E-01
 -0.18211890E-01  0.44433297E-01  0.92982355E-02
 -0.18015558E-01  0.44942432E-01  0.81572792E-02
 -0.17818925E-01  0.45419255E-01  0.70075699E-02
 -0.17622285E-01  0.45863443E-01  0.58505312E-02
 -0.17425914E-01  0.46274662E-01  0.46875213E-02
 -0.17230077E-01  0.46652580E-01  0.35198307E-02
 -0.17035050E-01  0.46996882E-01  0.23486872E-02
 -0.16841131E-01  0.47307282E-01  0.11752667E-02
 -0.16648671E-01  0.47583539E-01  0.70865220E-06
 -0.39872138E-01 -0.37439308E-01 -0.59308828E-05
 -0.40211114E-01 -0.37912072E-01  0.29050815E-02
 -0.40289026E-01 -0.38301491E-01  0.58279982E-02
 -0.40117530E-01 -0.38608491E-01  0.87743909E-02
 -0.39715061E-01 -0.38835512E-01  0.11754250E-01
 -0.39105875E-01 -0.38986376E-01  0.14775359E-01
 -0.38318804E-01 -0.39066088E-01  0.17842818E-01
 -0.37385823E-01 -0.39080594E-01  0.20958742E-01
 -0.36340484E-01 -0.39036502E-01  0.24122140E-01
 -0.35216338E-01 -0.38940783E-01  0.27329007E-01
 -0.34045407E-01 -0.38800459E-01  0.30572585E-01
 -0.32856807E-01 -0.38622305E-01  0.33843795E-01
 -0.31675584E-01 -0.38412573E-01  0.37131807E-01
 -0.30521821E-01 -0.38176741E-01  0.40424688E-01
 -0.29410064E-01 -0.37919312E-01  0.43710110E-01
 -0.28349062E-01 -0.37643659E-01  0.46976054E-01
 -0.27341838E-01 -0.37351922E-01  0.50211461E-01
 -0.26386065E-01 -0.37044959E-01  0.53406812E-01
 -0.25474691E-01 -0.36722352E-01  0.56554571E-01
 -0.24596776E-01 -0.36382457E-01  0.59649505E-01
 -0.23738466E-01 -0.36022504E-01  0.62688830E-01
 -0.22884029E-01 -0.35638740E-01  0.65672213E-01
 -0.22016900E-01 -0.35226594E-01  0.68601623E-01
 -0.21120638E-01 -0.34780885E-01  0.71481053E-01
 -0.20179761E-01 -0.34296047E-01  0.74316149E-01
 -0.19180398E-01 -0.33766367E-01  0.77113770E-01
 -0.18110723E-01 -0.33186252E-01  0.79881516E-01
 -0.16961153E-01 -0.32550493E-01  0.82627268E-01
 -0.15724305E-01 -0.31854549E-01  0.85358773E-01
 -0.74866117E-01 -0.69502025E-01  0.42961215E-01
 -0.70136791E-01 -0.64221347E-01  0.42408521E-01
 -0.65764628E-01 -0.59273489E-01  0.41890411E-01
 -0.61730608E-01 -0.54626440E-01  0.41411337E-01
 -0.58016757E-01 -0.50250950E-01  0.40973571E-01
 -0.54605926E-01 -0.46120742E-01  0.40577423E-01
 -0.51481552E-01 -0.42212558E-01  0.40221499E-01
 -0.48627421E-01 -0.38506087E-01  0.39903010E-01
 -0.46027472E-01 -0.34983787E-01  0.39618087E-01
 -0.43665658E-01 -0.31630632E-01  0.39362103E-01
 -0.41525869E-01 -0.28433806E-01  0.39129984E-01
 -0.39591931E-01 -0.25382368E-01  0.38916482E-01
 -0.37847658E-01 -0.22466915E-01  0.38716417E-01
 -0.36276974E-01 -0.19679252E-01  0.38524870E-01
 -0.34864063E-01 -0.17012091E-01  0.38337316E-01
 -0.33593546E-01 -0.14458793E-01  0.38149720E-01
 -0.32450671E-01 -0.12013148E-01  0.37958570E-01
 -0.31421493E-01 -0.96692130E-02  0.37760875E-01
 -0.30493025E-01 -0.74211968E-02  0.37554125E-01
 -0.29653368E-01 -0.52633937E-02  0.37336229E-01
 -0.28891793E-01 -0.31901598E-02  0.37105437E-01
 -0.28198782E-01 -0.11959253E-02  0.36860251E-01
 -0.27566025E-01  0.72476506E-03  0.36599345E-01
 -0.26986371E-01  0.25771943E-02  0.36321496E-01
 -0.26453752E-01  0.43664042E-02  0.36025521E-01
 -0.25963071E-01  0.60971252E-02  0.35710239E-01
 -0.25510073E-01  0.77737115E-02  0.35374453E-01
 -0.25091206E-01  0.94000877E-02  0.35016943E-01
 -0.24703478E-01  0.10979710E-01  0.34636478E-01
 -0.24344321E-01  0.12515546E-01  0.34231841E-01
 -0.24011467E-01  0.14010074E-01  0.33801860E-01
 -0.23702843E-01  0.15465297E-01  0.33345441E-01
 -0.23416482E-01  0.16882778E-01  0.32861600E-01
 -0.23150461E-01  0.18263686E-01  0.32349492E-01
 -0.22902860E-01  0.19608851E-01  0.31808430E-01
 -0.22671737E-01  0.20918828E-01  0.31237899E-01
 -0.22455125E-01  0.22193957E-01  0.30637557E-01
 -0.22251045E-01  0.23434434E-01  0.30007231E-01
 -0.22057525E-01  0.24640360E-01  0.29346902E-01
 -0.21872629E-01  0.25811797E-01  0.28656686E-01
 -0.21694490E-01  0.26948809E-01  0.27936818E-01
 -0.21521347E-01  0.28051492E-01  0.27187627E-01
 -0.21351569E-01  0.29119994E-01  0.26409517E-01
 -0.21183689E-01  0.30154528E-01  0.25602957E-01
 -0.21016419E-01  0.31155373E-01  0.24768467E-01
 -0.20848670E-01  0.32122866E-01  0.23906617E-01
 -0.20679554E-01  0.33057395E-01  0.23018027E-01
 -0.20508391E-01  0.33959378E-01  0.22103371E-01
 -0.20334695E-01  0.34829249E-01  0.21163390E-01
 -0.20158167E-01  0.35667435E-01  0.20198897E-01
 -0.19978677E-01  0.36474342E-01  0.19210790E-01
 -0.19796238E-01  0.37250335E-01  0.18200058E-01
 -0.19610985E-01  0.37995728E-01  0.17167780E-01
 -0.19423147E-01  0.38710768E-01  0.16115130E-01
 -0.19233020E-01  0.39395631E-01  0.15043366E-01
 -0.19040939E-01  0.40050418E-01  0.13953818E-01
 -0.18847254E-01  0.40675150E-01  0.12847874E-01
 -0.18652308E-01  0.41269773E-01  0.11726961E-01
 -0.18456421E-01  0.41834163E-01  0.10592524E-01
 -0.18259877E-01  0.42368128E-01  0.94460108E-02
 -0.18062921E-01  0.42871424E-01  0.82888511E-02
 -0.17865759E-01  0.43343758E-01  0.71224475E-02
 -0.17668564E-01  0.43784808E-01  0.59481669E-02
 -0.17471498E-01  0.44194231E-01  0.47673395E-02
 -0.17274722E-01  0.44571680E-01  0.35812625E-02
 -0.17078430E-01  0.44916819E-01  0.23912086E-02
 -0.16882869E-01  0.45229341E-01  0.11984384E-02
 -0.16688366E-01  0.45508976E-01  0.42146709E-05
 -0.36113375E-01 -0.41851571E-01 -0.95030415E-05
 -0.36454645E-01 -0.42341988E-01  0.25569476E-02
 -0.36593102E-01 -0.42757246E-01  0.51450324E-02
 -0.36537596E-01 -0.43097398E-01  0.77759589E-02
 -0.36301906E-01 -0.43363523E-01  0.10468364E-01
 -0.35904032E-01 -0.43557655E-01  0.13237288E-01
 -0.35365283E-01 -0.43682669E-01  0.16093376E-01
 -0.34709225E-01 -0.43742137E-01  0.19042356E-01
 -0.33960539E-01 -0.43740162E-01  0.22084811E-01
 -0.33143851E-01 -0.43681194E-01  0.25216271E-01
 -0.32282625E-01 -0.43569844E-01  0.28427596E-01
 -0.31398147E-01 -0.43410693E-01  0.31705619E-01
 -0.30508675E-01 -0.43208122E-01  0.35034015E-01
 -0.29628785E-01 -0.42966154E-01  0.38394315E-01
 -0.28768950E-01 -0.42688316E-01  0.41767015E-01
 -0.27935358E-01 -0.42377535E-01  0.45132692E-01
 -0.27129960E-01 -0.42036053E-01  0.48473065E-01
 -0.26350756E-01 -0.41665377E-01  0.51771926E-01
 -0.25592252E-01 -0.41266251E-01  0.55015911E-01
 -0.24846081E-01 -0.40838659E-01  0.58195032E-01
 -0.24101720E-01 -0.40381854E-01  0.61302992E-01
 -0.23347254E-01 -0.39894403E-01  0.64337237E-01
 -0.22570141E-01 -0.39374264E-01  0.67298781E-01
 -0.21757913E-01 -0.38818883E-01  0.70191826E-01
 -0.20898784E-01 -0.38225307E-01  0.73023200E-01
 -0.19982122E-01 -0.37590330E-01  0.75801690E-01
 -0.18998746E-01 -0.36910654E-01  0.78537296E-01
 -0.17941059E-01 -0.36183080E-01  0.81240476E-01
 -0.16802985E-01 -0.35404721E-01  0.83921438E-01
 -0.76582510E-01 -0.71098517E-01  0.43027625E-01
 -0.71591523E-01 -0.65508110E-01  0.42457639E-01
 -0.67000563E-01 -0.60302976E-01  0.41930226E-01
 -0.62784157E-01 -0.55445714E-01  0.41450477E-01
 -0.58918464E-01 -0.50902124E-01  0.41020790E-01
 -0.55381097E-01 -0.46641340E-01  0.40641094E-01
 -0.52150902E-01 -0.42635832E-01  0.40309163E-01
 -0.49207730E-01 -0.38861292E-01  0.40020992E-01
 -0.46532224E-01 -0.35296431E-01  0.39771215E-01
 -0.44105639E-01 -0.31922710E-01  0.39553540E-01
 -0.41909724E-01 -0.28724032E-01  0.39361164E-01
 -0.39926644E-01 -0.25686408E-01  0.39187167E-01
 -0.38138974E-01 -0.22797633E-01  0.39024847E-01
 -0.36529727E-01 -0.20046958E-01  0.38867987E-01
 -0.35082437E-01 -0.17424809E-01  0.38711052E-01
 -0.33781259E-01 -0.14922523E-01  0.38549312E-01
 -0.32611095E-01 -0.12532144E-01  0.38378887E-01
 -0.31557717E-01 -0.10246252E-01  0.38196733E-01
 -0.30607885E-01 -0.80578400E-02  0.38000568E-01
 -0.29749441E-01 -0.59602346E-02  0.37788762E-01
 -0.28971381E-01 -0.39470547E-02  0.37560204E-01
 -0.28263892E-01 -0.20121976E-02  0.37314147E-01
 -0.27618350E-01 -0.14985240E-03  0.37050073E-01
 -0.27027290E-01  0.16454722E-02  0.36767551E-01
 -0.26484338E-01  0.33789101E-02  0.36466136E-01
 -0.25984120E-01  0.50551984E-02  0.36145283E-01
 -0.25522144E-01  0.66786408E-02  0.35804298E-01
 -0.25094675E-01  0.82530804E-02  0.35442318E-01
 -0.24698595E-01  0.97818828E-02  0.35058315E-01
 -0.24331268E-01  0.11267933E-01  0.34651126E-01
 -0.23990415E-01  0.12713649E-01  0.34219502E-01
 -0.23673996E-01  0.14121001E-01  0.33762162E-01
 -0.23380112E-01  0.15491555E-01  0.33277853E-01
 -0.23106927E-01  0.16826511E-01  0.32765406E-01
 -0.22852608E-01  0.18126765E-01  0.32223790E-01
 -0.22615296E-01  0.19392954E-01  0.31652150E-01
 -0.22393085E-01  0.20625523E-01  0.31049836E-01
 -0.22184026E-01  0.21824774E-01  0.30416411E-01
 -0.21986148E-01  0.22990916E-01  0.29751660E-01
 -0.21797481E-01  0.24124109E-01  0.29055575E-01
 -0.21616100E-01  0.25224499E-01  0.28328339E-01
 -0.21440159E-01  0.26292246E-01  0.27570303E-01
 -0.21267933E-01  0.27327540E-01  0.26781960E-01
 -0.21097854E-01  0.28330611E-01  0.25963920E-01
 -0.20928546E-01  0.29301734E-01  0.25116886E-01
 -0.20758841E-01  0.30241225E-01  0.24241638E-01
 -0.20587799E-01  0.31149429E-01  0.23339016E-01
 -0.20414705E-01  0.32026717E-01  0.22409914E-01
 -0.20239072E-01  0.32873462E-01  0.21455275E-01
 -0.20060618E-01  0.33690035E-01  0.20476085E-01
 -0.19879248E-01  0.34476783E-01  0.19473381E-01
 -0.19695023E-01  0.35234022E-01  0.18448244E-01
 -0.19508128E-01  0.35962022E-01  0.17401804E-01
 -0.19318838E-01  0.36660998E-01  0.16335238E-01
 -0.19127482E-01  0.37331106E-01  0.15249761E-01
 -0.18934410E-01  0.37972433E-01  0.14146628E-01
 -0.18739968E-01  0.38585000E-01  0.13027120E-01
 -0.18544471E-01  0.39168758E-01  0.11892536E-01
 -0.18348193E-01  0.39723592E-01  0.10744188E-01
 -0.18151354E-01  0.40249324E-01  0.95833886E-02
 -0.17954127E-01  0.40745724E-01  0.84114509E-02
 -0.17756639E-01  0.41212513E-01  0.72296837E-02
 -0.17558995E-01  0.41649378E-01  0.60393946E-02
 -0.17361292E-01  0.42055984E-01  0.48418953E-02
 -0.17163650E-01  0.42431990E-01  0.36385096E-02
 -0.16966236E-01  0.42777060E-01  0.24305831E-02
 -0.16769293E-01  0.43090885E-01  0.12194932E-02
 -0.16573164E-01  0.43373195E-01  0.66570784E-05
 -0.30902249E-01 -0.47895020E-01 -0.11184479E-04
 -0.31253922E-01 -0.48403388E-01  0.23069958E-02
 -0.31485189E-01 -0.48845220E-01  0.46528427E-02
 -0.31600722E-01 -0.49219459E-01  0.70535894E-02
 -0.31607423E-01 -0.49525416E-01  0.95333053E-02
 -0.31514086E-01 -0.49762782E-01  0.12111623E-01
 -0.31330965E-01 -0.49931622E-01  0.14802739E-01
 -0.31069278E-01 -0.50032370E-01  0.17614757E-01
 -0.30740672E-01 -0.50065810E-01  0.20549386E-01
 -0.30356676E-01 -0.50033052E-01  0.23602031E-01
 -0.29928187E-01 -0.49935511E-01  0.26762236E-01
 -0.29464998E-01 -0.49774876E-01  0.30014461E-01
 -0.28975414E-01 -0.49553075E-01  0.33339120E-01
 -0.28465953E-01 -0.49272242E-01  0.36713824E-01
 -0.27941161E-01 -0.48934678E-01  0.40114724E-01
 -0.27403540E-01 -0.48542806E-01  0.43517879E-01
 -0.26853588E-01 -0.48099121E-01  0.46900570E-01
 -0.26289938E-01 -0.47606133E-01  0.50242450E-01
 -0.25709594E-01 -0.47066305E-01  0.53526506E-01
 -0.25108219E-01 -0.46481985E-01  0.56739741E-01
 -0.24480477E-01 -0.45855335E-01  0.59873581E-01
 -0.23820390E-01 -0.45188268E-01  0.62923969E-01
 -0.23121682E-01 -0.44482380E-01  0.65891176E-01
 -0.22378088E-01 -0.43738907E-01  0.68779354E-01
 -0.21583609E-01 -0.42958699E-01  0.71595871E-01
 -0.20732693E-01 -0.42142216E-01  0.74350486E-01
 -0.19820324E-01 -0.41289567E-01  0.77054442E-01
 -0.18842018E-01 -0.40400583E-01  0.79719523E-01
 -0.17793717E-01 -0.39474939E-01  0.82357151E-01
 -0.77472872E-01 -0.72495903E-01  0.42952113E-01
 -0.72270541E-01 -0.66584330E-01  0.42380549E-01
 -0.67511841E-01 -0.61112431E-01  0.41857670E-01
 -0.63164173E-01 -0.56037805E-01  0.41388765E-01
 -0.59197065E-01 -0.51321590E-01  0.40976150E-01
 -0.55582084E-01 -0.46928516E-01  0.40619384E-01
 -0.52292686E-01 -0.42826838E-01  0.40315594E-01
 -0.49304043E-01 -0.38988183E-01  0.40059887E-01
 -0.46592864E-01 -0.35387334E-01  0.39845818E-01
 -0.44137219E-01 -0.32001963E-01  0.39665893E-01
 -0.41916395E-01 -0.28812340E-01  0.39512056E-01
 -0.39910776E-01 -0.25801030E-01  0.39376149E-01
 -0.38101755E-01 -0.22952593E-01  0.39250322E-01
 -0.36471684E-01 -0.20253298E-01  0.39127352E-01
 -0.35003847E-01 -0.17690866E-01  0.39000893E-01
 -0.33682461E-01 -0.15254240E-01  0.38865626E-01
 -0.32492700E-01 -0.12933387E-01  0.38717318E-01
 -0.31420722E-01 -0.10719141E-01  0.38552812E-01
 -0.30453702E-01 -0.86030748E-02  0.38369935E-01
 -0.29579867E-01 -0.65774115E-02  0.38167365E-01
 -0.28788510E-01 -0.46349550E-02  0.37944450E-01
 -0.28070001E-01 -0.27690510E-02  0.37701027E-01
 -0.27415772E-01 -0.97356234E-03  0.37437219E-01
 -0.26818284E-01  0.75714190E-03  0.37153265E-01
 -0.26270977E-01  0.24281902E-02  0.36849363E-01
 -0.25768196E-01  0.40442100E-02  0.36525548E-01
 -0.25305107E-01  0.56093297E-02  0.36181616E-01
 -0.24877595E-01  0.71271857E-02  0.35817078E-01
 -0.24482159E-01  0.86009347E-02  0.35431152E-01
 -0.24115805E-01  0.10033274E-01  0.35022797E-01
 -0.23775932E-01  0.11426471E-01  0.34590756E-01
 -0.23460239E-01  0.12782393E-01  0.34133634E-01
 -0.23166630E-01  0.14102554E-01  0.33649972E-01
 -0.22893143E-01  0.15388156E-01  0.33138334E-01
 -0.22637883E-01  0.16640136E-01  0.32597379E-01
 -0.22398988E-01  0.17859214E-01  0.32025930E-01
 -0.22174597E-01  0.19045941E-01  0.31423027E-01
 -0.21962844E-01  0.20200741E-01  0.30787963E-01
 -0.21761866E-01  0.21323946E-01  0.30120302E-01
 -0.21569817E-01  0.22415837E-01  0.29419882E-01
 -0.21384895E-01  0.23476660E-01  0.28686806E-01
 -0.21205377E-01  0.24506658E-01  0.27921420E-01
 -0.21029649E-01  0.25506076E-01  0.27124283E-01
 -0.20856242E-01  0.26475174E-01  0.26296133E-01
 -0.20683859E-01  0.27414230E-01  0.25437853E-01
 -0.20511396E-01  0.28323537E-01  0.24550435E-01
 -0.20337957E-01  0.29203403E-01  0.23634952E-01
 -0.20162859E-01  0.30054140E-01  0.22692533E-01
 -0.19985625E-01  0.30876059E-01  0.21724338E-01
 -0.19805970E-01  0.31669458E-01  0.20731546E-01
 -0.19623781E-01  0.32434616E-01  0.19715343E-01
 -0.19439088E-01  0.33171783E-01  0.18676916E-01
 -0.19252032E-01  0.33881170E-01  0.17617447E-01
 -0.19062834E-01  0.34562944E-01  0.16538113E-01
 -0.18871756E-01  0.35217223E-01  0.15440084E-01
 -0.18679080E-01  0.35844068E-01  0.14324527E-01
 -0.18485077E-01  0.36443481E-01  0.13192607E-01
 -0.18289988E-01  0.37015408E-01  0.12045487E-01
 -0.18094020E-01  0.37559735E-01  0.10884337E-01
 -0.17897335E-01  0.38076292E-01  0.97103359E-02
 -0.17700060E-01  0.38564861E-01  0.85246831E-02
 -0.17502296E-01  0.39025178E-01  0.73286035E-02
 -0.17304139E-01  0.39456952E-01  0.61233599E-02
 -0.17105696E-01  0.39859865E-01  0.49102628E-02
 -0.16907114E-01  0.40233598E-01  0.36906807E-02
 -0.16708602E-01  0.40577837E-01  0.24660477E-02
 -0.16510452E-01  0.40892291E-01  0.12378687E-02
 -0.16313054E-01  0.41176709E-01  0.77184681E-05
 -0.24968799E-01 -0.54630183E-01 -0.10872723E-04
 -0.25336523E-01 -0.55153519E-01  0.21828763E-02
 -0.25678055E-01 -0.55619072E-01  0.44056522E-02
 -0.25993182E-01 -0.56024614E-01  0.66860909E-02
 -0.26280810E-01 -0.56367555E-01  0.90495658E-02
 -0.26539046E-01 -0.56645039E-01  0.11516866E-01
 -0.26765323E-01 -0.56854068E-01  0.14103157E-01
 -0.26956540E-01 -0.56991639E-01  0.16817289E-01
 -0.27109230E-01 -0.57054893E-01  0.19661484E-01
 -0.27219733E-01 -0.57041280E-01  0.22631404E-01
 -0.27284370E-01 -0.56948707E-01  0.25716613E-01
 -0.27299609E-01 -0.56775691E-01  0.28901359E-01
 -0.27262208E-01 -0.56521479E-01  0.32165647E-01
 -0.27169348E-01 -0.56186156E-01  0.35486507E-01
 -0.27018720E-01 -0.55770707E-01  0.38839384E-01
 -0.26808592E-01 -0.55277050E-01  0.42199553E-01
 -0.26537832E-01 -0.54708015E-01  0.45543467E-01
 -0.26205902E-01 -0.54067291E-01  0.48849961E-01
 -0.25812814E-01 -0.53359313E-01  0.52101239E-01
 -0.25359055E-01 -0.52589126E-01  0.55283594E-01
 -0.24845485E-01 -0.51762205E-01  0.58387830E-01
 -0.24273210E-01 -0.50884256E-01  0.61409363E-01
 -0.23643441E-01 -0.49961004E-01  0.64348034E-01
 -0.22957330E-01 -0.48997994E-01  0.67207642E-01
 -0.22215813E-01 -0.48000394E-01  0.69995254E-01
 -0.21419431E-01 -0.46972846E-01  0.72720353E-01
 -0.20568164E-01 -0.45919353E-01  0.75393876E-01
 -0.19661257E-01 -0.44843229E-01  0.78027231E-01
 -0.18697052E-01 -0.43747116E-01  0.80631331E-01
 -0.77522578E-01 -0.73467074E-01  0.42740527E-01
 -0.72167152E-01 -0.67264420E-01  0.42188857E-01
 -0.67297296E-01 -0.61553161E-01  0.41689449E-01
 -0.62873038E-01 -0.56286372E-01  0.41247062E-01
 -0.58856950E-01 -0.51420976E-01  0.40863528E-01
 -0.55214165E-01 -0.46917675E-01  0.40537931E-01
 -0.51912335E-01 -0.42740811E-01  0.40266916E-01
 -0.48921546E-01 -0.38858174E-01  0.40045090E-01
 -0.46214210E-01 -0.35240765E-01  0.39865488E-01
 -0.43764932E-01 -0.31862550E-01  0.39720076E-01
 -0.41550365E-01 -0.28700188E-01  0.39600252E-01
 -0.39549059E-01 -0.25732774E-01  0.39497326E-01
 -0.37741314E-01 -0.22941584E-01  0.39402938E-01
 -0.36109037E-01 -0.20309835E-01  0.39309408E-01
 -0.34635607E-01 -0.17822473E-01  0.39210001E-01
 -0.33305753E-01 -0.15465970E-01  0.39099092E-01
 -0.32105445E-01 -0.13228164E-01  0.38972244E-01
 -0.31021801E-01 -0.11098102E-01  0.38826198E-01
 -0.30043004E-01 -0.90659222E-02  0.38658789E-01
 -0.29158234E-01 -0.71227449E-02  0.38468805E-01
 -0.28357611E-01 -0.52605875E-02  0.38255799E-01
 -0.27632141E-01 -0.34722890E-02  0.38019886E-01
 -0.26973671E-01 -0.17514481E-02  0.37761529E-01
 -0.26374845E-01 -0.92367945E-04  0.37481339E-01
 -0.25829058E-01  0.15099931E-02  0.37179895E-01
 -0.25330412E-01  0.30600680E-02  0.36857606E-01
 -0.24873666E-01  0.45617253E-02  0.36514603E-01
 -0.24454178E-01  0.60183137E-02  0.36150678E-01
 -0.24067852E-01  0.74327067E-02  0.35765272E-01
 -0.23711073E-01  0.88073473E-02  0.35357481E-01
 -0.23380648E-01  0.10144294E-01  0.34926116E-01
 -0.23073740E-01  0.11445264E-01  0.34469770E-01
 -0.22787809E-01  0.12711682E-01  0.33986907E-01
 -0.22520559E-01  0.13944717E-01  0.33475954E-01
 -0.22269884E-01  0.15145331E-01  0.32935396E-01
 -0.22033828E-01  0.16314308E-01  0.32363862E-01
 -0.21810555E-01  0.17452296E-01  0.31760187E-01
 -0.21598324E-01  0.18559834E-01  0.31123477E-01
 -0.21395478E-01  0.19637378E-01  0.30453135E-01
 -0.21200437E-01  0.20685325E-01  0.29748879E-01
 -0.21011704E-01  0.21704029E-01  0.29010744E-01
 -0.20827876E-01  0.22693815E-01  0.28239059E-01
 -0.20647651E-01  0.23654988E-01  0.27434422E-01
 -0.20469848E-01  0.24587844E-01  0.26597659E-01
 -0.20293420E-01  0.25492666E-01  0.25729783E-01
 -0.20117460E-01  0.26369733E-01  0.24831948E-01
 -0.19941216E-01  0.27219316E-01  0.23905406E-01
 -0.19764088E-01  0.28041673E-01  0.22951468E-01
 -0.19585623E-01  0.28837050E-01  0.21971469E-01
 -0.19405510E-01  0.29605678E-01  0.20966741E-01
 -0.19223559E-01  0.30347762E-01  0.19938592E-01
 -0.19039689E-01  0.31063481E-01  0.18888290E-01
 -0.18853902E-01  0.31752982E-01  0.17817061E-01
 -0.18666261E-01  0.32416375E-01  0.16726080E-01
 -0.18476871E-01  0.33053727E-01  0.15616481E-01
 -0.18285859E-01  0.33665063E-01  0.14489360E-01
 -0.18093359E-01  0.34250357E-01  0.13345787E-01
 -0.17899502E-01  0.34809536E-01  0.12186822E-01
 -0.17704410E-01  0.35342477E-01  0.11013528E-01
 -0.17508201E-01  0.35849013E-01  0.98269892E-02
 -0.17310991E-01  0.36328934E-01  0.86283278E-02
 -0.17112907E-01  0.36781994E-01  0.74187210E-02
 -0.16914099E-01  0.37207923E-01  0.61994167E-02
 -0.16714755E-01  0.37606433E-01  0.49717466E-02
 -0.16515117E-01  0.37977237E-01  0.37371355E-02
 -0.16315493E-01  0.38320054E-01  0.24971056E-02
 -0.16116267E-01  0.38634629E-01  0.12532750E-02
 -0.15917906E-01  0.38920745E-01  0.73496608E-05
 -0.19180799E-01 -0.60945841E-01 -0.88343488E-05
 -0.19566167E-01 -0.61478440E-01  0.21909819E-02
 -0.20016715E-01 -0.61961825E-01  0.44162823E-02
 -0.20527435E-01 -0.62392727E-01  0.66922236E-02
 -0.21089423E-01 -0.62766820E-01  0.90411146E-02
 -0.21690371E-01 -0.63078903E-01  0.11481256E-01
 -0.22315220E-01 -0.63323130E-01  0.14026030E-01
 -0.22946931E-01 -0.63493298E-01  0.16683289E-01
 -0.23567326E-01 -0.63583151E-01  0.19455078E-01
 -0.24157956E-01 -0.63586713E-01  0.22337702E-01
 -0.24700956E-01 -0.63498611E-01  0.25322118E-01
 -0.25179818E-01 -0.63314395E-01  0.28394632E-01
 -0.25580072E-01 -0.63030808E-01  0.31537828E-01
 -0.25889814E-01 -0.62646025E-01  0.34731692E-01
 -0.26100086E-01 -0.62159814E-01  0.37954819E-01
 -0.26205065E-01 -0.61573636E-01  0.41185657E-01
 -0.26202084E-01 -0.60890664E-01  0.44403687E-01
 -0.26091480E-01 -0.60115716E-01  0.47590470E-01
 -0.25876285E-01 -0.59255110E-01  0.50730506E-01
 -0.25561790E-01 -0.58316451E-01  0.53811857E-01
 -0.25155013E-01 -0.57308351E-01  0.56826495E-01
 -0.24664097E-01 -0.56240106E-01  0.59770386E-01
 -0.24097688E-01 -0.55121349E-01  0.62643297E-01
 -0.23464306E-01 -0.53961689E-01  0.65448366E-01
 -0.22771770E-01 -0.52770375E-01  0.68191479E-01
 -0.22026671E-01 -0.51555996E-01  0.70880491E-01
 -0.21233937E-01 -0.50326230E-01  0.73524363E-01
 -0.20396493E-01 -0.49087681E-01  0.76132265E-01
 -0.19515014E-01 -0.47845794E-01  0.78712713E-01
 -0.76743755E-01 -0.73761001E-01  0.42401621E-01
 -0.71299808E-01 -0.67342981E-01  0.41894825E-01
 -0.66378677E-01 -0.61460395E-01  0.41440951E-01
 -0.61933305E-01 -0.56062354E-01  0.41043349E-01
 -0.57919551E-01 -0.51102135E-01  0.40702825E-01
 -0.54296299E-01 -0.46536981E-01  0.40417799E-01
 -0.51025530E-01 -0.42327878E-01  0.40184562E-01
 -0.48072339E-01 -0.38439305E-01  0.39997619E-01
 -0.45404911E-01 -0.34838984E-01  0.39850101E-01
 -0.42994445E-01 -0.31497639E-01  0.39734202E-01
 -0.40815030E-01 -0.28388756E-01  0.39641621E-01
 -0.38843483E-01 -0.25488361E-01  0.39563996E-01
 -0.37059155E-01 -0.22774816E-01  0.39493277E-01
 -0.35443699E-01 -0.20228625E-01  0.39422048E-01
 -0.33980834E-01 -0.17832262E-01  0.39343769E-01
 -0.32656097E-01 -0.15570013E-01  0.39252939E-01
 -0.31456594E-01 -0.13427828E-01  0.39145170E-01
 -0.30370773E-01 -0.11393193E-01  0.39017191E-01
 -0.29388211E-01 -0.94549997E-02  0.38866777E-01
 -0.28499429E-01 -0.76034361E-02  0.38692623E-01
 -0.27695733E-01 -0.58298734E-02  0.38494182E-01
 -0.26969093E-01 -0.41267632E-02  0.38271475E-01
 -0.26312049E-01 -0.24875375E-02  0.38024892E-01
 -0.25717639E-01 -0.90651217E-03  0.37755002E-01
 -0.25179359E-01  0.62120517E-03  0.37462382E-01
 -0.24691141E-01  0.20998041E-02  0.37147477E-01
 -0.24247339E-01  0.35328556E-02  0.36810487E-01
 -0.23842727E-01  0.49233910E-02  0.36451307E-01
 -0.23472506E-01  0.62739761E-02  0.36069491E-01
 -0.23132297E-01  0.75867785E-02  0.35664263E-01
 -0.22818145E-01  0.88636287E-02  0.35234554E-01
 -0.22526508E-01  0.10106074E-01  0.34779067E-01
 -0.22254241E-01  0.11315428E-01  0.34296355E-01
 -0.21998573E-01  0.12492808E-01  0.33784910E-01
 -0.21757081E-01  0.13639172E-01  0.33243257E-01
 -0.21527656E-01  0.14755347E-01  0.32670034E-01
 -0.21308464E-01  0.15842051E-01  0.32064074E-01
 -0.21097916E-01  0.16899914E-01  0.31424458E-01
 -0.20894628E-01  0.17929493E-01  0.30750560E-01
 -0.20697387E-01  0.18931280E-01  0.30042071E-01
 -0.20505129E-01  0.19905719E-01  0.29299002E-01
 -0.20316909E-01  0.20853206E-01  0.28521674E-01
 -0.20131883E-01  0.21774099E-01  0.27710693E-01
 -0.19949297E-01  0.22668721E-01  0.26866911E-01
 -0.19768472E-01  0.23537367E-01  0.25991385E-01
 -0.19588802E-01  0.24380302E-01  0.25085330E-01
 -0.19409745E-01  0.25197765E-01  0.24150068E-01
 -0.19230822E-01  0.25989973E-01  0.23186985E-01
 -0.19051616E-01  0.26757116E-01  0.22197492E-01
 -0.18871767E-01  0.27499363E-01  0.21182986E-01
 -0.18690967E-01  0.28216854E-01  0.20144829E-01
 -0.18508964E-01  0.28909703E-01  0.19084329E-01
 -0.18325550E-01  0.29577995E-01  0.18002727E-01
 -0.18140563E-01  0.30221780E-01  0.16901201E-01
 -0.17953883E-01  0.30841076E-01  0.15780867E-01
 -0.17765429E-01  0.31435862E-01  0.14642790E-01
 -0.17575158E-01  0.32006077E-01  0.13488004E-01
 -0.17383069E-01  0.32551621E-01  0.12317528E-01
 -0.17189202E-01  0.33072358E-01  0.11132389E-01
 -0.16993644E-01  0.33568113E-01  0.99336459E-02
 -0.16796534E-01  0.34038679E-01  0.87224096E-02
 -0.16598067E-01  0.34483827E-01  0.74998640E-02
 -0.16398498E-01  0.34903309E-01  0.62672827E-02
 -0.16198145E-01  0.35296869E-01  0.50260414E-02
 -0.15997391E-01  0.35664256E-01  0.37776246E-02
 -0.15796681E-01  0.36005233E-01  0.25236261E-02
 -0.15596517E-01  0.36319588E-01  0.12657418E-02
 -0.15397451E-01  0.36607146E-01  0.57556206E-05
 -0.14392262E-01 -0.65735971E-01 -0.56262496E-05
 -0.14791767E-01 -0.66270452E-01  0.23149775E-02
 -0.15330510E-01 -0.66763815E-01  0.46531844E-02
 -0.15999573E-01 -0.67212050E-01  0.70263442E-02
 -0.16783726E-01 -0.67609545E-01  0.94498218E-02
 -0.17662254E-01 -0.67949323E-01  0.11936186E-01
 -0.18610027E-01 -0.68223373E-01  0.14494572E-01
 -0.19598776E-01 -0.68423032E-01  0.17130265E-01
 -0.20598477E-01 -0.68539430E-01  0.19844505E-01
 -0.21578783E-01 -0.68563943E-01  0.22634547E-01
 -0.22510414E-01 -0.68488664E-01  0.25493946E-01
 -0.23366433E-01 -0.68306842E-01  0.28413055E-01
 -0.24123346E-01 -0.68013282E-01  0.31379688E-01
 -0.24761968E-01 -0.67604673E-01  0.34379912E-01
 -0.25268024E-01 -0.67079838E-01  0.37398901E-01
 -0.25632448E-01 -0.66439882E-01  0.40421806E-01
 -0.25851400E-01 -0.65688235E-01  0.43434573E-01
 -0.25925994E-01 -0.64830581E-01  0.46424665E-01
 -0.25861780E-01 -0.63874685E-01  0.49381639E-01
 -0.25668012E-01 -0.62830117E-01  0.52297552E-01
 -0.25356766E-01 -0.61707895E-01  0.55167171E-01
 -0.24941952E-01 -0.60520067E-01  0.57987983E-01
 -0.24438291E-01 -0.59279247E-01  0.60760015E-01
 -0.23860321E-01 -0.57998153E-01  0.63485483E-01
 -0.23221459E-01 -0.56689141E-01  0.66168299E-01
 -0.22533201E-01 -0.55363797E-01  0.68813482E-01
 -0.21804462E-01 -0.54032587E-01  0.71426503E-01
 -0.21041091E-01 -0.52704600E-01  0.74012618E-01
 -0.20245566E-01 -0.51387386E-01  0.76576215E-01
 -0.75170348E-01 -0.73145794E-01  0.41947556E-01
 -0.69707035E-01 -0.66630741E-01  0.41510933E-01
 -0.64795801E-01 -0.60682821E-01  0.41124955E-01
 -0.60383366E-01 -0.55247794E-01  0.40790685E-01
 -0.56419743E-01 -0.50275978E-01  0.40507354E-01
 -0.52858404E-01 -0.45721901E-01  0.40272489E-01
 -0.49656428E-01 -0.41543968E-01  0.40082111E-01
 -0.46774603E-01 -0.37704158E-01  0.39930986E-01
 -0.44177472E-01 -0.34167741E-01  0.39812922E-01
 -0.41833309E-01 -0.30903029E-01  0.39721087E-01
 -0.39714028E-01 -0.27881158E-01  0.39648332E-01
 -0.37795012E-01 -0.25075889E-01  0.39587500E-01
 -0.36054885E-01 -0.22463436E-01  0.39531705E-01
 -0.34475217E-01 -0.20022314E-01  0.39474564E-01
 -0.33040196E-01 -0.17733201E-01  0.39410381E-01
 -0.31736267E-01 -0.15578797E-01  0.39334267E-01
 -0.30551768E-01 -0.13543712E-01  0.39242203E-01
 -0.29476570E-01 -0.11614331E-01  0.39131047E-01
 -0.28501742E-01 -0.97786967E-02  0.38998487E-01
 -0.27619256E-01 -0.80263829E-02  0.38842954E-01
 -0.26821727E-01 -0.63483670E-02  0.38663502E-01
 -0.26102220E-01 -0.47369008E-02  0.38459674E-01
 -0.25454094E-01 -0.31853808E-02  0.38231349E-01
 -0.24870913E-01 -0.16882185E-02  0.37978602E-01
 -0.24346394E-01 -0.24071446E-03  0.37701568E-01
 -0.23874401E-01  0.11610641E-02  0.37400336E-01
 -0.23448970E-01  0.25203974E-02  0.37074854E-01
 -0.23064356E-01  0.38400191E-02  0.36724876E-01
 -0.22715093E-01  0.51222120E-02  0.36349928E-01
 -0.22396061E-01  0.63688916E-02  0.35949310E-01
 -0.22102544E-01  0.75816788E-02  0.35522112E-01
 -0.21830277E-01  0.87619595E-02  0.35067263E-01
 -0.21575489E-01  0.99109337E-02  0.34583586E-01
 -0.21334910E-01  0.11029654E-01  0.34069863E-01
 -0.21105775E-01  0.12119053E-01  0.33524904E-01
 -0.20885802E-01  0.13179967E-01  0.32947619E-01
 -0.20673159E-01  0.14213149E-01  0.32337074E-01
 -0.20466410E-01  0.15219279E-01  0.31692542E-01
 -0.20264465E-01  0.16198972E-01  0.31013541E-01
 -0.20066510E-01  0.17152781E-01  0.30299859E-01
 -0.19871952E-01  0.18081200E-01  0.29551556E-01
 -0.19680353E-01  0.18984672E-01  0.28768963E-01
 -0.19491380E-01  0.19863585E-01  0.27952664E-01
 -0.19304751E-01  0.20718280E-01  0.27103467E-01
 -0.19120203E-01  0.21549055E-01  0.26222366E-01
 -0.18937465E-01  0.22356163E-01  0.25310507E-01
 -0.18756231E-01  0.23139823E-01  0.24369142E-01
 -0.18576162E-01  0.23900218E-01  0.23399591E-01
 -0.18396875E-01  0.24637499E-01  0.22403205E-01
 -0.18217957E-01  0.25351786E-01  0.21381337E-01
 -0.18038969E-01  0.26043171E-01  0.20335312E-01
 -0.17859467E-01  0.26711716E-01  0.19266415E-01
 -0.17679013E-01  0.27357451E-01  0.18175877E-01
 -0.17497201E-01  0.27980378E-01  0.17064878E-01
 -0.17313669E-01  0.28580465E-01  0.15934547E-01
 -0.17128118E-01  0.29157648E-01  0.14785976E-01
 -0.16940327E-01  0.29711828E-01  0.13620233E-01
 -0.16750169E-01  0.30242877E-01  0.12438382E-01
 -0.16557614E-01  0.30750634E-01  0.11241507E-01
 -0.16362739E-01  0.31234915E-01  0.10030727E-01
 -0.16165727E-01  0.31695513E-01  0.88072190E-02
 -0.15966865E-01  0.32132206E-01  0.75722369E-02
 -0.15766536E-01  0.32544767E-01  0.63271225E-02
 -0.15565208E-01  0.32932970E-01  0.50733149E-02
 -0.15363416E-01  0.33296602E-01  0.38123538E-02
 -0.15161749E-01  0.33635468E-01  0.25458756E-02
 -0.14960826E-01  0.33949401E-01  0.12756045E-02
 -0.14761277E-01  0.34238267E-01  0.33358708E-05
 -0.11291010E-01 -0.68079278E-01 -0.19662687E-05
 -0.11695831E-01 -0.68607902E-01  0.25182528E-02
 -0.12284830E-01 -0.69102781E-01  0.50451385E-02
 -0.13046721E-01 -0.69559598E-01  0.75851926E-02
 -0.13962511E-01 -0.69972112E-01  0.10144103E-01
 -0.15006506E-01 -0.70332444E-01  0.12726415E-01
 -0.16147645E-01 -0.70631443E-01  0.15335273E-01
 -0.17351054E-01 -0.70859140E-01  0.17972268E-01
 -0.18579762E-01 -0.71005254E-01  0.20637371E-01
 -0.19796450E-01 -0.71059726E-01  0.23328985E-01
 -0.20965166E-01 -0.71013263E-01  0.26044085E-01
 -0.22052887E-01 -0.70857850E-01  0.28778458E-01
 -0.23030875E-01 -0.70587216E-01  0.31526994E-01
 -0.23875735E-01 -0.70197220E-01  0.34284039E-01
 -0.24570140E-01 -0.69686141E-01  0.37043756E-01
 -0.25103209E-01 -0.69054856E-01  0.39800484E-01
 -0.25470505E-01 -0.68306894E-01  0.42549066E-01
 -0.25673701E-01 -0.67448363E-01  0.45285111E-01
 -0.25719925E-01 -0.66487752E-01  0.48005190E-01
 -0.25620857E-01 -0.65435632E-01  0.50706940E-01
 -0.25391630E-01 -0.64304245E-01  0.53389072E-01
 -0.25049610E-01 -0.63107038E-01  0.56051292E-01
 -0.24613140E-01 -0.61858144E-01  0.58694125E-01
 -0.24100301E-01 -0.60571847E-01  0.61318673E-01
 -0.23527784E-01 -0.59262067E-01  0.63926316E-01
 -0.22909905E-01 -0.57941885E-01  0.66518372E-01
 -0.22257814E-01 -0.56623145E-01  0.69095746E-01
 -0.21578929E-01 -0.55316146E-01  0.71658574E-01
 -0.20876598E-01 -0.54029446E-01  0.74205893E-01
 -0.72850926E-01 -0.71450566E-01  0.41394227E-01
 -0.67440197E-01 -0.64989535E-01  0.41049795E-01
 -0.62599725E-01 -0.59111325E-01  0.40751151E-01
 -0.58271413E-01 -0.53759038E-01  0.40496389E-01
 -0.54400891E-01 -0.48880818E-01  0.40282722E-01
 -0.50937677E-01 -0.44429352E-01  0.40106596E-01
 -0.47835338E-01 -0.40361428E-01  0.39963813E-01
 -0.45051617E-01 -0.36637552E-01  0.39849672E-01
 -0.42548517E-01 -0.33221625E-01  0.39759121E-01
 -0.40292305E-01 -0.30080662E-01  0.39686906E-01
 -0.38253428E-01 -0.27184573E-01  0.39627724E-01
 -0.36406348E-01 -0.24505970E-01  0.39576362E-01
 -0.34729283E-01 -0.22020003E-01  0.39527825E-01
 -0.33203874E-01 -0.19704228E-01  0.39477435E-01
 -0.31814790E-01 -0.17538476E-01  0.39420914E-01
 -0.30549296E-01 -0.15504736E-01  0.39354442E-01
 -0.29396794E-01 -0.13587036E-01  0.39274679E-01
 -0.28348379E-01 -0.11771326E-01  0.39178775E-01
 -0.27396402E-01 -0.10045346E-01  0.39064345E-01
 -0.26534094E-01 -0.83984958E-02  0.38929439E-01
 -0.25755229E-01 -0.68216958E-02  0.38772481E-01
 -0.25053863E-01 -0.53072379E-02  0.38592215E-01
 -0.24424140E-01 -0.38486392E-02  0.38387636E-01
 -0.23860170E-01 -0.24404918E-02  0.38157921E-01
 -0.23355967E-01 -0.10783170E-02  0.37902371E-01
 -0.22905458E-01  0.24157548E-03  0.37620353E-01
 -0.22502526E-01  0.15222185E-02  0.37311253E-01
 -0.22141095E-01  0.27661071E-02  0.36974451E-01
 -0.21815238E-01  0.39753045E-02  0.36609290E-01
 -0.21519292E-01  0.51515336E-02  0.36215078E-01
 -0.21247967E-01  0.62962536E-02  0.35791084E-01
 -0.20996448E-01  0.74107212E-02  0.35336556E-01
 -0.20760470E-01  0.84960386E-02  0.34850744E-01
 -0.20536374E-01  0.95531888E-02  0.34332923E-01
 -0.20321126E-01  0.10583061E-01  0.33782423E-01
 -0.20112314E-01  0.11586465E-01  0.33198664E-01
 -0.19908113E-01  0.12564145E-01  0.32581183E-01
 -0.19707231E-01  0.13516779E-01  0.31929654E-01
 -0.19508832E-01  0.14444990E-01  0.31243916E-01
 -0.19312456E-01  0.15349336E-01  0.30523977E-01
 -0.19117921E-01  0.16230322E-01  0.29770025E-01
 -0.18925236E-01  0.17088393E-01  0.28982429E-01
 -0.18734514E-01  0.17923940E-01  0.28161723E-01
 -0.18545894E-01  0.18737300E-01  0.27308600E-01
 -0.18359483E-01  0.19528763E-01  0.26423892E-01
 -0.18175304E-01  0.20298573E-01  0.25508546E-01
 -0.17993269E-01  0.21046929E-01  0.24563604E-01
 -0.17813162E-01  0.21773997E-01  0.23590176E-01
 -0.17634638E-01  0.22479901E-01  0.22589425E-01
 -0.17457241E-01  0.23164735E-01  0.21562537E-01
 -0.17280424E-01  0.23828559E-01  0.20510715E-01
 -0.17103580E-01  0.24471400E-01  0.19435159E-01
 -0.16926080E-01  0.25093253E-01  0.18337064E-01
 -0.16747312E-01  0.25694081E-01  0.17217616E-01
 -0.16566715E-01  0.26273812E-01  0.16077989E-01
 -0.16383814E-01  0.26832345E-01  0.14919359E-01
 -0.16198251E-01  0.27369548E-01  0.13742905E-01
 -0.16009804E-01  0.27885261E-01  0.12549824E-01
 -0.15818400E-01  0.28379300E-01  0.11341341E-01
 -0.15624123E-01  0.28851466E-01  0.10118722E-01
 -0.15427212E-01  0.29301545E-01  0.88832861E-02
 -0.15228042E-01  0.29729322E-01  0.76364116E-02
 -0.15027117E-01  0.30134583E-01  0.63795442E-02
 -0.14825033E-01  0.30517127E-01  0.51141992E-02
 -0.14622457E-01  0.30876773E-01  0.38419600E-02
 -0.14420094E-01  0.31213361E-01  0.25644726E-02
 -0.14218651E-01  0.31526765E-01  0.12834371E-02
 -0.14018811E-01  0.31816890E-01  0.59382112E-06
 -0.10272194E-01 -0.67390287E-01  0.14187102E-05
 -0.10668966E-01 -0.67906260E-01  0.27499463E-02
 -0.11258666E-01 -0.68394962E-01  0.54929506E-02
 -0.12029602E-01 -0.68852251E-01  0.82248563E-02
 -0.12962230E-01 -0.69272038E-01  0.10940564E-01
 -0.14030191E-01 -0.69646564E-01  0.13635655E-01
 -0.15201668E-01 -0.69966772E-01  0.16306560E-01
 -0.16440982E-01 -0.70222756E-01  0.18950694E-01
 -0.17710341E-01 -0.70404275E-01  0.21566547E-01
 -0.18971627E-01 -0.70501284E-01  0.24153719E-01
 -0.20188153E-01 -0.70504483E-01  0.26712915E-01
 -0.21326258E-01 -0.70405835E-01  0.29245890E-01
 -0.22356688E-01 -0.70199028E-01  0.31755338E-01
 -0.23255676E-01 -0.69879862E-01  0.34244757E-01
 -0.24005687E-01 -0.69446544E-01  0.36718263E-01
 -0.24595790E-01 -0.68899860E-01  0.39180384E-01
 -0.25021653E-01 -0.68243224E-01  0.41635837E-01
 -0.25285192E-01 -0.67482609E-01  0.44089287E-01
 -0.25393894E-01 -0.66626342E-01  0.46545107E-01
 -0.25359875E-01 -0.65684803E-01  0.49007154E-01
 -0.25198751E-01 -0.64670019E-01  0.51478545E-01
 -0.24928373E-01 -0.63595192E-01  0.53961476E-01
 -0.24567532E-01 -0.62474188E-01  0.56457057E-01
 -0.24134684E-01 -0.61321003E-01  0.58965190E-01
 -0.23646789E-01 -0.60149256E-01  0.61484480E-01
 -0.23118295E-01 -0.58971721E-01  0.64012186E-01
 -0.22560343E-01 -0.57799933E-01  0.66544200E-01
 -0.21980184E-01 -0.56643886E-01  0.69075057E-01
 -0.21380852E-01 -0.55511847E-01  0.71597949E-01
 -0.69840550E-01 -0.68598712E-01  0.40761272E-01
 -0.64555417E-01 -0.62360083E-01  0.40524396E-01
 -0.59845188E-01 -0.56701818E-01  0.40326568E-01
 -0.55648786E-01 -0.51565139E-01  0.40162592E-01
 -0.51909403E-01 -0.46896889E-01  0.40027452E-01
 -0.48574557E-01 -0.42648893E-01  0.39916424E-01
 -0.45596182E-01 -0.38777393E-01  0.39825128E-01
 -0.42930714E-01 -0.35242585E-01  0.39749555E-01
 -0.40539141E-01 -0.32008227E-01  0.39686055E-01
 -0.38386990E-01 -0.29041318E-01  0.39631303E-01
 -0.36444231E-01 -0.26311842E-01  0.39582256E-01
 -0.34685099E-01 -0.23792550E-01  0.39536094E-01
 -0.33087819E-01 -0.21458790E-01  0.39490162E-01
 -0.31634253E-01 -0.19288353E-01  0.39441918E-01
 -0.30309480E-01 -0.17261341E-01  0.39388887E-01
 -0.29101333E-01 -0.15360036E-01  0.39328630E-01
 -0.27999904E-01 -0.13568784E-01  0.39258721E-01
 -0.26997054E-01 -0.11873858E-01  0.39176738E-01
 -0.26085944E-01 -0.10263331E-01  0.39080277E-01
 -0.25260606E-01 -0.87269328E-02  0.38966960E-01
 -0.24515579E-01 -0.72559049E-02  0.38834464E-01
 -0.23845605E-01 -0.58428470E-02  0.38680552E-01
 -0.23245413E-01 -0.44815642E-02  0.38503102E-01
 -0.22709575E-01 -0.31669130E-02  0.38300140E-01
 -0.22232438E-01 -0.18946526E-02  0.38069867E-01
 -0.21808130E-01 -0.66130342E-03  0.37810683E-01
 -0.21430608E-01  0.53598442E-03  0.37521197E-01
 -0.21093766E-01  0.16995490E-02  0.37200236E-01
 -0.20791557E-01  0.28313206E-02  0.36846844E-01
 -0.20518134E-01  0.39329097E-02  0.36460274E-01
 -0.20267993E-01  0.50056800E-02  0.36039972E-01
 -0.20036094E-01  0.60508062E-02  0.35585558E-01
 -0.19817971E-01  0.70693185E-02  0.35096808E-01
 -0.19609800E-01  0.80621349E-02  0.34573626E-01
 -0.19408443E-01  0.90300837E-02  0.34016024E-01
 -0.19211452E-01  0.99739184E-02  0.33424106E-01
 -0.19017038E-01  0.10894326E-01  0.32798046E-01
 -0.18824020E-01  0.11791934E-01  0.32138078E-01
 -0.18631735E-01  0.12667312E-01  0.31444486E-01
 -0.18439950E-01  0.13520971E-01  0.30717602E-01
 -0.18248747E-01  0.14353371E-01  0.29957802E-01
 -0.18058418E-01  0.15164920E-01  0.29165510E-01
 -0.17869361E-01  0.15955973E-01  0.28341197E-01
 -0.17681985E-01  0.16726842E-01  0.27485394E-01
 -0.17496633E-01  0.17477793E-01  0.26598689E-01
 -0.17313526E-01  0.18209053E-01  0.25681737E-01
 -0.17132718E-01  0.18920810E-01  0.24735262E-01
 -0.16954084E-01  0.19613218E-01  0.23760059E-01
 -0.16777318E-01  0.20286392E-01  0.22756996E-01
 -0.16601950E-01  0.20940416E-01  0.21727010E-01
 -0.16427380E-01  0.21575338E-01  0.20671110E-01
 -0.16252917E-01  0.22191170E-01  0.19590370E-01
 -0.16077830E-01  0.22787887E-01  0.18485928E-01
 -0.15901398E-01  0.23365429E-01  0.17358981E-01
 -0.15722956E-01  0.23923701E-01  0.16210778E-01
 -0.15541942E-01  0.24462572E-01  0.15042624E-01
 -0.15357932E-01  0.24981882E-01  0.13855867E-01
 -0.15170666E-01  0.25481446E-01  0.12651902E-01
 -0.14980065E-01  0.25961058E-01  0.11432166E-01
 -0.14786237E-01  0.26420501E-01  0.10198132E-01
 -0.14589465E-01  0.26859555E-01  0.89513123E-02
 -0.14390193E-01  0.27278002E-01  0.76932478E-02
 -0.14189000E-01  0.27675638E-01  0.64255093E-02
 -0.13986563E-01  0.28052278E-01  0.51496909E-02
 -0.13783624E-01  0.28407762E-01  0.38674054E-02
 -0.13580945E-01  0.28741961E-01  0.25802784E-02
 -0.13379276E-01  0.29054776E-01  0.12899430E-02
 -0.13179314E-01  0.29346139E-01 -0.19656348E-05
 -0.11360605E-01 -0.63515498E-01  0.39358533E-05
 -0.11733144E-01 -0.64014025E-01  0.29535564E-02
 -0.12270117E-01 -0.64490752E-01  0.58862427E-02
 -0.12961476E-01 -0.64942180E-01  0.87851525E-02
 -0.13790472E-01 -0.65363135E-01  0.11635115E-01
 -0.14734551E-01 -0.65747004E-01  0.14423333E-01
 -0.15766507E-01 -0.66086055E-01  0.17139953E-01
 -0.16855856E-01 -0.66371827E-01  0.19778478E-01
 -0.17970325E-01 -0.66595571E-01  0.22335986E-01
 -0.19077390E-01 -0.66748719E-01  0.24813176E-01
 -0.20145771E-01 -0.66823356E-01  0.27214211E-01
 -0.21146800E-01 -0.66812664E-01  0.29546398E-01
 -0.22055600E-01 -0.66711327E-01  0.31819700E-01
 -0.22852005E-01 -0.66515860E-01  0.34046142E-01
 -0.23521193E-01 -0.66224856E-01  0.36239120E-01
 -0.24053995E-01 -0.65839127E-01  0.38412661E-01
 -0.24446888E-01 -0.65361745E-01  0.40580683E-01
 -0.24701673E-01 -0.64797960E-01  0.42756283E-01
 -0.24824885E-01 -0.64155022E-01  0.44951095E-01
 -0.24826976E-01 -0.63441902E-01  0.47174744E-01
 -0.24721319E-01 -0.62668940E-01  0.49434421E-01
 -0.24523114E-01 -0.61847426E-01  0.51734595E-01
 -0.24248256E-01 -0.60989155E-01  0.54076869E-01
 -0.23912234E-01 -0.60105970E-01  0.56459963E-01
 -0.23529110E-01 -0.59209321E-01  0.58879833E-01
 -0.23110648E-01 -0.58309880E-01  0.61329896E-01
 -0.22665616E-01 -0.57417203E-01  0.63801320E-01
 -0.22199294E-01 -0.56539495E-01  0.66283378E-01
 -0.71912021E-01 -0.71101992E-01  0.40235430E-01
 -0.66193228E-01 -0.64626566E-01  0.40071659E-01
 -0.61106142E-01 -0.58777532E-01  0.39948556E-01
 -0.56583670E-01 -0.53487955E-01  0.39856813E-01
 -0.52563874E-01 -0.48698065E-01  0.39788092E-01
 -0.48989729E-01 -0.44354362E-01  0.39735258E-01
 -0.45808988E-01 -0.40408837E-01  0.39692481E-01
 -0.42974118E-01 -0.36818300E-01  0.39655241E-01
 -0.40442248E-01 -0.33543824E-01  0.39620246E-01
 -0.38175120E-01 -0.30550279E-01  0.39585272E-01
 -0.36139004E-01 -0.27805939E-01  0.39548953E-01
 -0.34304549E-01 -0.25282174E-01  0.39510546E-01
 -0.32646576E-01 -0.22953182E-01  0.39469675E-01
 -0.31143793E-01 -0.20795773E-01  0.39426100E-01
 -0.29778446E-01 -0.18789178E-01  0.39379498E-01
 -0.28535911E-01 -0.16914887E-01  0.39329289E-01
 -0.27404252E-01 -0.15156491E-01  0.39274509E-01
 -0.26373745E-01 -0.13499539E-01  0.39213736E-01
 -0.25436420E-01 -0.11931395E-01  0.39145065E-01
 -0.24585602E-01 -0.10441093E-01  0.39066130E-01
 -0.23815507E-01 -0.90191905E-02  0.38974177E-01
 -0.23120881E-01 -0.76576261E-02  0.38866154E-01
 -0.22496708E-01 -0.63495679E-02  0.38738843E-01
 -0.21937993E-01 -0.50892706E-02  0.38588984E-01
 -0.21439611E-01 -0.38719340E-02  0.38413409E-01
 -0.20996237E-01 -0.26935680E-02  0.38209165E-01
 -0.20602333E-01 -0.15508678E-02  0.37973619E-01
 -0.20252199E-01 -0.44109878E-03  0.37704536E-01
 -0.19940054E-01  0.63800508E-03  0.37400133E-01
 -0.19660161E-01  0.16883297E-02  0.37059102E-01
 -0.19406955E-01  0.27114560E-02  0.36680604E-01
 -0.19175181E-01  0.37087211E-02  0.36264243E-01
 -0.18960017E-01  0.46812684E-02  0.35810009E-01
 -0.18757176E-01  0.56300853E-02  0.35318222E-01
 -0.18562983E-01  0.65560334E-02  0.34789449E-01
 -0.18374420E-01  0.74598695E-02  0.34224431E-01
 -0.18189136E-01  0.83422624E-02  0.33624008E-01
 -0.18005422E-01  0.92038046E-02  0.32989051E-01
 -0.17822161E-01  0.10045022E-01  0.32320410E-01
 -0.17638750E-01  0.10866381E-01  0.31618867E-01
 -0.17455009E-01  0.11668295E-01  0.30885114E-01
 -0.17271071E-01  0.12451131E-01  0.30119742E-01
 -0.17087282E-01  0.13215215E-01  0.29323241E-01
 -0.16904089E-01  0.13960837E-01  0.28496018E-01
 -0.16721956E-01  0.14688255E-01  0.27638420E-01
 -0.16541275E-01  0.15397696E-01  0.26750765E-01
 -0.16362316E-01  0.16089363E-01  0.25833374E-01
 -0.16185179E-01  0.16763430E-01  0.24886610E-01
 -0.16009779E-01  0.17420046E-01  0.23910905E-01
 -0.15835846E-01  0.18059329E-01  0.22906792E-01
 -0.15662943E-01  0.18681365E-01  0.21874923E-01
 -0.15490498E-01  0.19286205E-01  0.20816084E-01
 -0.15317847E-01  0.19873864E-01  0.19731208E-01
 -0.15144283E-01  0.20444314E-01  0.18621369E-01
 -0.14969109E-01  0.20997488E-01  0.17487780E-01
 -0.14791688E-01  0.21533278E-01  0.16331783E-01
 -0.14611485E-01  0.22051538E-01  0.15154832E-01
 -0.14428107E-01  0.22552089E-01  0.13958474E-01
 -0.14241327E-01  0.23034728E-01  0.12744331E-01
 -0.14051099E-01  0.23499232E-01  0.11514076E-01
 -0.13857560E-01  0.23945368E-01  0.10269417E-01
 -0.13661024E-01  0.24372907E-01  0.90120736E-02
 -0.13461956E-01  0.24781627E-01  0.77437608E-02
 -0.13260951E-01  0.25171327E-01  0.64661748E-02
 -0.13058692E-01  0.25541830E-01  0.51809818E-02
 -0.12855918E-01  0.25892990E-01  0.38898095E-02
 -0.12653380E-01  0.26224691E-01  0.25942437E-02
 -0.12451804E-01  0.26536850E-01  0.12958285E-02
 -0.12251862E-01  0.26829415E-01 -0.39299291E-05
 -0.14196410E-01 -0.56757475E-01  0.52323973E-05
 -0.14528181E-01 -0.57236370E-01  0.30766886E-02
 -0.14963857E-01 -0.57697914E-01  0.61225095E-02
 -0.15496837E-01 -0.58139630E-01  0.91173160E-02
 -0.16116088E-01 -0.58557890E-01  0.12038304E-01
 -0.16806734E-01 -0.58948079E-01  0.14866330E-01
 -0.17550831E-01 -0.59304821E-01  0.17586783E-01
 -0.18328281E-01 -0.59622263E-01  0.20190204E-01
 -0.19117816E-01 -0.59894377E-01  0.22672623E-01
 -0.19898028E-01 -0.60115306E-01  0.25035587E-01
 -0.20648351E-01 -0.60279685E-01  0.27285909E-01
 -0.21349973E-01 -0.60382969E-01  0.29435128E-01
 -0.21986611E-01 -0.60421703E-01  0.31498746E-01
 -0.22545119E-01 -0.60393755E-01  0.33495273E-01
 -0.23015896E-01 -0.60298480E-01  0.35445150E-01
 -0.23393081E-01 -0.60136802E-01  0.37369603E-01
 -0.23674527E-01 -0.59911229E-01  0.39289504E-01
 -0.23861577E-01 -0.59625776E-01  0.41224302E-01
 -0.23958645E-01 -0.59285818E-01  0.43191065E-01
 -0.23972643E-01 -0.58897876E-01  0.45203702E-01
 -0.23912300E-01 -0.58469343E-01  0.47272378E-01
 -0.23787405E-01 -0.58008184E-01  0.49403152E-01
 -0.23608024E-01 -0.57522602E-01  0.51597846E-01
 -0.23383740E-01 -0.57020720E-01  0.53854129E-01
 -0.23122956E-01 -0.56510274E-01  0.56165786E-01
 -0.22832293E-01 -0.55998346E-01  0.58523159E-01
 -0.22516109E-01 -0.55491158E-01  0.60913690E-01
 -0.22176154E-01 -0.54993929E-01  0.63322526E-01
 -0.67380978E-01 -0.65585277E-01  0.39400541E-01
 -0.61956316E-01 -0.59683842E-01  0.39350852E-01
 -0.57137692E-01 -0.54371722E-01  0.39337461E-01
 -0.52858343E-01 -0.49581248E-01  0.39347826E-01
 -0.49057660E-01 -0.45252688E-01  0.39371124E-01
 -0.45680663E-01 -0.41333218E-01  0.39398541E-01
 -0.42677601E-01 -0.37776037E-01  0.39423388E-01
 -0.40003641E-01 -0.34539602E-01  0.39441065E-01
 -0.37618619E-01 -0.31586975E-01  0.39448900E-01
 -0.35486814E-01 -0.28885282E-01  0.39445872E-01
 -0.33576736E-01 -0.26405238E-01  0.39432263E-01
 -0.31860893E-01 -0.24120766E-01  0.39409269E-01
 -0.30315529E-01 -0.22008656E-01  0.39378592E-01
 -0.28920337E-01 -0.20048287E-01  0.39342048E-01
 -0.27658131E-01 -0.18221377E-01  0.39301228E-01
 -0.26514485E-01 -0.16511767E-01  0.39257203E-01
 -0.25477361E-01 -0.14905229E-01  0.39210324E-01
 -0.24536721E-01 -0.13389282E-01  0.39160088E-01
 -0.23684141E-01 -0.11953030E-01  0.39105100E-01
 -0.22912451E-01 -0.10587005E-01  0.39043105E-01
 -0.22215394E-01 -0.92830208E-02  0.38971096E-01
 -0.21587338E-01 -0.80340287E-02  0.38885468E-01
 -0.21023028E-01 -0.68339889E-02  0.38782217E-01
 -0.20517400E-01 -0.56777449E-02  0.38657154E-01
 -0.20065444E-01 -0.45609088E-02  0.38506119E-01
 -0.19662131E-01 -0.34797553E-02  0.38325190E-01
 -0.19302382E-01 -0.24311279E-02  0.38110855E-01
 -0.18981091E-01 -0.14123541E-02  0.37860155E-01
 -0.18693170E-01 -0.42117279E-03  0.37570772E-01
 -0.18433631E-01  0.54432908E-03  0.37241085E-01
 -0.18197675E-01  0.14857691E-02  0.36870165E-01
 -0.17980786E-01  0.24045141E-02  0.36457740E-01
 -0.17778819E-01  0.33017171E-02  0.36004115E-01
 -0.17588082E-01  0.41783483E-02  0.35510076E-01
 -0.17405381E-01  0.50352212E-02  0.34976766E-01
 -0.17228065E-01  0.58730148E-02  0.34405564E-01
 -0.17054022E-01  0.66922943E-02  0.33797961E-01
 -0.16881670E-01  0.74935285E-02  0.33155447E-01
 -0.16709913E-01  0.82771068E-02  0.32479420E-01
 -0.16538083E-01  0.90433546E-02  0.31771111E-01
 -0.16365864E-01  0.97925477E-02  0.31031540E-01
 -0.16193213E-01  0.10524925E-01  0.30261492E-01
 -0.16020274E-01  0.11240698E-01  0.29461523E-01
 -0.15847295E-01  0.11940062E-01  0.28631983E-01
 -0.15674551E-01  0.12623200E-01  0.27773057E-01
 -0.15502286E-01  0.13290287E-01  0.26884817E-01
 -0.15330655E-01  0.13941490E-01  0.25967286E-01
 -0.15159697E-01  0.14576966E-01  0.25020499E-01
 -0.14989317E-01  0.15196859E-01  0.24044558E-01
 -0.14819281E-01  0.15801293E-01  0.23039693E-01
 -0.14649235E-01  0.16390364E-01  0.22006295E-01
 -0.14478726E-01  0.16964139E-01  0.20944955E-01
 -0.14307235E-01  0.17522641E-01  0.19856477E-01
 -0.14134220E-01  0.18065854E-01  0.18741884E-01
 -0.13959153E-01  0.18593715E-01  0.17602410E-01
 -0.13781560E-01  0.19106117E-01  0.16439485E-01
 -0.13601058E-01  0.19602909E-01  0.15254707E-01
 -0.13417383E-01  0.20083906E-01  0.14049807E-01
 -0.13230409E-01  0.20548893E-01  0.12826617E-01
 -0.13040157E-01  0.20997637E-01  0.11587030E-01
 -0.12846801E-01  0.21429897E-01  0.10332961E-01
 -0.12650654E-01  0.21845434E-01  0.90663161E-02
 -0.12452156E-01  0.22244023E-01  0.77889618E-02
 -0.12251845E-01  0.22625461E-01  0.65027002E-02
 -0.12050333E-01  0.22989571E-01  0.52092533E-02
 -0.11848275E-01  0.23336210E-01  0.39102536E-02
 -0.11646334E-01  0.23665266E-01  0.26072433E-02
 -0.11445156E-01  0.23976661E-01  0.13016805E-02
 -0.11245347E-01  0.24270341E-01 -0.50466911E-05
 -0.18088006E-01 -0.47822225E-01  0.52450453E-05
 -0.18364935E-01 -0.48281994E-01  0.30802690E-02
 -0.18663864E-01 -0.48727912E-01  0.61251722E-02
 -0.18982890E-01 -0.49158742E-01  0.91102446E-02
 -0.19318678E-01 -0.49572793E-01  0.12008815E-01
 -0.19666659E-01 -0.49967991E-01  0.14798534E-01
 -0.20021290E-01 -0.50341983E-01  0.17462401E-01
 -0.20376351E-01 -0.50692269E-01  0.19989499E-01
 -0.20725268E-01 -0.51016341E-01  0.22375376E-01
 -0.21061449E-01 -0.51311846E-01  0.24622078E-01
 -0.21378600E-01 -0.51576732E-01  0.26737833E-01
 -0.21671017E-01 -0.51809397E-01  0.28736401E-01
 -0.21933825E-01 -0.52008803E-01  0.30636160E-01
 -0.22163168E-01 -0.52174573E-01  0.32458963E-01
 -0.22356317E-01 -0.52307047E-01  0.34228849E-01
 -0.22511716E-01 -0.52407295E-01  0.35970690E-01
 -0.22628942E-01 -0.52477095E-01  0.37708841E-01
 -0.22708597E-01 -0.52518869E-01  0.39465878E-01
 -0.22752132E-01 -0.52535575E-01  0.41261490E-01
 -0.22761617E-01 -0.52530582E-01  0.43111570E-01
 -0.22739475E-01 -0.52507510E-01  0.45027564E-01
 -0.22688181E-01 -0.52470070E-01  0.47016072E-01
 -0.22609964E-01 -0.52421896E-01  0.49078739E-01
 -0.22506513E-01 -0.52366396E-01  0.51212391E-01
 -0.22378704E-01 -0.52306614E-01  0.53409404E-01
 -0.22226370E-01 -0.52245137E-01  0.55658256E-01
 -0.22048114E-01 -0.52184031E-01  0.57944212E-01
 -0.21841169E-01 -0.52124831E-01  0.60250060E-01
 -0.62215443E-01 -0.59216167E-01  0.38574700E-01
 -0.57167851E-01 -0.54015404E-01  0.38625604E-01
 -0.52684753E-01 -0.49351799E-01  0.38708096E-01
 -0.48701761E-01 -0.45158270E-01  0.38807795E-01
 -0.45161657E-01 -0.41376293E-01  0.38912479E-01
 -0.42013563E-01 -0.37954796E-01  0.39012406E-01
 -0.39212225E-01 -0.34849201E-01  0.39100433E-01
 -0.36717415E-01 -0.32020581E-01  0.39171968E-01
 -0.34493422E-01 -0.29434942E-01  0.39224757E-01
 -0.32508615E-01 -0.27062592E-01  0.39258551E-01
 -0.30735054E-01 -0.24877600E-01  0.39274675E-01
 -0.29148143E-01 -0.22857320E-01  0.39275551E-01
 -0.27726315E-01 -0.20981985E-01  0.39264197E-01
 -0.26450724E-01 -0.19234342E-01  0.39243755E-01
 -0.25304961E-01 -0.17599344E-01  0.39217055E-01
 -0.24274773E-01 -0.16063866E-01  0.39186268E-01
 -0.23347795E-01 -0.14616466E-01  0.39152640E-01
 -0.22513290E-01 -0.13247164E-01  0.39116334E-01
 -0.21761902E-01 -0.11947256E-01  0.39076368E-01
 -0.21085433E-01 -0.10709140E-01  0.39030657E-01
 -0.20476626E-01 -0.95261760E-02  0.38976131E-01
 -0.19928985E-01 -0.83925517E-02  0.38908931E-01
 -0.19436615E-01 -0.73031756E-02  0.38824645E-01
 -0.18994089E-01 -0.62535815E-02  0.38718571E-01
 -0.18596347E-01 -0.52398493E-02  0.38585991E-01
 -0.18238622E-01 -0.42585388E-02  0.38422419E-01
 -0.17916391E-01 -0.33066355E-02  0.38223830E-01
 -0.17625348E-01 -0.23815054E-02  0.37986833E-01
 -0.17361402E-01 -0.14808588E-02  0.37708795E-01
 -0.17120684E-01 -0.60271933E-03  0.37387907E-01
 -0.16899567E-01  0.25460219E-03  0.37023192E-01
 -0.16694692E-01  0.10925315E-02  0.36614464E-01
 -0.16502993E-01  0.19122534E-02  0.36162234E-01
 -0.16321719E-01  0.27147338E-02  0.35667588E-01
 -0.16148453E-01  0.35007432E-02  0.35132047E-01
 -0.15981118E-01  0.42708802E-02  0.34557405E-01
 -0.15817975E-01  0.50255968E-02  0.33945579E-01
 -0.15657610E-01  0.57652240E-02  0.33298468E-01
 -0.15498912E-01  0.64899972E-02  0.32617831E-01
 -0.15341039E-01  0.72000816E-02  0.31905201E-01
 -0.15183384E-01  0.78955951E-02  0.31161816E-01
 -0.15025526E-01  0.85766283E-02  0.30388596E-01
 -0.14867193E-01  0.92432624E-02  0.29586145E-01
 -0.14708210E-01  0.98955808E-02  0.28754777E-01
 -0.14548467E-01  0.10533678E-01  0.27894572E-01
 -0.14387874E-01  0.11157665E-01  0.27005445E-01
 -0.14226342E-01  0.11767662E-01  0.26087220E-01
 -0.14063756E-01  0.12363804E-01  0.25139713E-01
 -0.13899966E-01  0.12946224E-01  0.24162812E-01
 -0.13734780E-01  0.13515048E-01  0.23156546E-01
 -0.13567972E-01  0.14070384E-01  0.22121137E-01
 -0.13399287E-01  0.14612310E-01  0.21057048E-01
 -0.13228459E-01  0.15140868E-01  0.19965005E-01
 -0.13055229E-01  0.15656056E-01  0.18846005E-01
 -0.12879361E-01  0.16157822E-01  0.17701303E-01
 -0.12700665E-01  0.16646067E-01  0.16532399E-01
 -0.12519010E-01  0.17120648E-01  0.15340993E-01
 -0.12334340E-01  0.17581380E-01  0.14128951E-01
 -0.12146686E-01  0.18028048E-01  0.12898250E-01
 -0.11956163E-01  0.18460418E-01  0.11650933E-01
 -0.11762978E-01  0.18878246E-01  0.10389060E-01
 -0.11567421E-01  0.19281291E-01  0.91146610E-02
 -0.11369854E-01  0.19669324E-01  0.78297026E-02
 -0.11170703E-01  0.20042137E-01  0.65360551E-02
 -0.10970439E-01  0.20399553E-01  0.52354751E-02
 -0.10769565E-01  0.20741422E-01  0.39295955E-02
 -0.10568599E-01  0.21067628E-01  0.26199278E-02
 -0.10368061E-01  0.21378082E-01  0.13078735E-02
 -0.10168461E-01  0.21672722E-01 -0.52544854E-05
 -0.22123949E-01 -0.37698602E-01  0.41855896E-05
 -0.22337107E-01 -0.38142035E-01  0.29456218E-02
 -0.22483311E-01 -0.38574301E-01  0.58574896E-02
 -0.22565834E-01 -0.38995436E-01  0.87107301E-02
 -0.22589753E-01 -0.39405774E-01  0.11479269E-01
 -0.22561724E-01 -0.39805919E-01  0.14141278E-01
 -0.22489677E-01 -0.40196721E-01  0.16680187E-01
 -0.22382458E-01 -0.40579243E-01  0.19085401E-01
 -0.22249428E-01 -0.40954724E-01  0.21352676E-01
 -0.22100047E-01 -0.41324541E-01  0.23484142E-01
 -0.21943471E-01 -0.41690170E-01  0.25487984E-01
 -0.21788166E-01 -0.42053137E-01  0.27377801E-01
 -0.21641579E-01 -0.42414967E-01  0.29171683E-01
 -0.21509857E-01 -0.42777134E-01  0.30891088E-01
 -0.21397648E-01 -0.43140999E-01  0.32559559E-01
 -0.21307976E-01 -0.43507754E-01  0.34201384E-01
 -0.21242186E-01 -0.43878365E-01  0.35840265E-01
 -0.21199976E-01 -0.44253512E-01  0.37498075E-01
 -0.21179480E-01 -0.44633547E-01  0.39193768E-01
 -0.21177420E-01 -0.45018450E-01  0.40942496E-01
 -0.21189288E-01 -0.45407808E-01  0.42754975E-01
 -0.21209561E-01 -0.45800802E-01  0.44637113E-01
 -0.21231922E-01 -0.46196224E-01  0.46589916E-01
 -0.21249480E-01 -0.46592505E-01  0.48609638E-01
 -0.21254974E-01 -0.46987772E-01  0.50688170E-01
 -0.21240937E-01 -0.47379926E-01  0.52813587E-01
 -0.21199837E-01 -0.47766740E-01  0.54970833E-01
 -0.21124156E-01 -0.48145981E-01  0.57142445E-01
 -0.56451827E-01 -0.52350643E-01  0.37792587E-01
 -0.51857197E-01 -0.47927117E-01  0.37922531E-01
 -0.47772182E-01 -0.43977496E-01  0.38079417E-01
 -0.44136654E-01 -0.40436849E-01  0.38248771E-01
 -0.40898548E-01 -0.37249174E-01  0.38418337E-01
 -0.38012717E-01 -0.34366259E-01  0.38578389E-01
 -0.35439921E-01 -0.31746696E-01  0.38721852E-01
 -0.33145928E-01 -0.29355002E-01  0.38844248E-01
 -0.31100739E-01 -0.27160846E-01  0.38943482E-01
 -0.29277913E-01 -0.25138360E-01  0.39019505E-01
 -0.27653999E-01 -0.23265532E-01  0.39073881E-01
 -0.26208066E-01 -0.21523660E-01  0.39109304E-01
 -0.24921317E-01 -0.19896871E-01  0.39129087E-01
 -0.23776778E-01 -0.18371686E-01  0.39136680E-01
 -0.22759059E-01 -0.16936647E-01  0.39135231E-01
 -0.21854166E-01 -0.15581972E-01  0.39127219E-01
 -0.21049366E-01 -0.14299272E-01  0.39114188E-01
 -0.20333078E-01 -0.13081295E-01  0.39096571E-01
 -0.19694798E-01 -0.11921712E-01  0.39073628E-01
 -0.19125035E-01 -0.10814946E-01  0.39043478E-01
 -0.18615260E-01 -0.97560217E-02  0.39003217E-01
 -0.18157857E-01 -0.87404601E-02  0.38949111E-01
 -0.17746071E-01 -0.77641903E-02  0.38876839E-01
 -0.17373953E-01 -0.68234906E-02  0.38781755E-01
 -0.17036301E-01 -0.59149488E-02  0.38659170E-01
 -0.16728594E-01 -0.50354382E-02  0.38504613E-01
 -0.16446922E-01 -0.41821068E-02  0.38314059E-01
 -0.16187908E-01 -0.33523742E-02  0.38084114E-01
 -0.15948641E-01 -0.25439332E-02  0.37812148E-01
 -0.15726595E-01 -0.17547527E-02  0.37496366E-01
 -0.15519568E-01 -0.98307898E-03  0.37135818E-01
 -0.15325614E-01 -0.22743308E-03  0.36730360E-01
 -0.15142991E-01  0.51339683E-03  0.36280563E-01
 -0.14970115E-01  0.12403693E-02  0.35787592E-01
 -0.14805527E-01  0.19542095E-02  0.35253055E-01
 -0.14647862E-01  0.26554347E-02  0.34678841E-01
 -0.14495836E-01  0.33443843E-02  0.34066967E-01
 -0.14348237E-01  0.40212528E-02  0.33419427E-01
 -0.14203919E-01  0.46861241E-02  0.32738069E-01
 -0.14061808E-01  0.53390055E-02  0.32024497E-01
 -0.13920904E-01  0.59798589E-02  0.31280008E-01
 -0.13780294E-01  0.66086287E-02  0.30505560E-01
 -0.13639151E-01  0.72252642E-02  0.29701774E-01
 -0.13496749E-01  0.78297360E-02  0.28868965E-01
 -0.13352462E-01  0.84220465E-02  0.28007194E-01
 -0.13205765E-01  0.90022335E-02  0.27116344E-01
 -0.13056240E-01  0.95703686E-02  0.26196198E-01
 -0.12903564E-01  0.10126550E-01  0.25246528E-01
 -0.12747508E-01  0.10670893E-01  0.24267176E-01
 -0.12587929E-01  0.11203517E-01  0.23258129E-01
 -0.12424759E-01  0.11724529E-01  0.22219580E-01
 -0.12257996E-01  0.12234018E-01  0.21151971E-01
 -0.12087692E-01  0.12732034E-01  0.20056020E-01
 -0.11913945E-01  0.13218587E-01  0.18932730E-01
 -0.11736888E-01  0.13693640E-01  0.17783380E-01
 -0.11556685E-01  0.14157106E-01  0.16609499E-01
 -0.11373518E-01  0.14608852E-01  0.15412831E-01
 -0.11187588E-01  0.15048704E-01  0.14195285E-01
 -0.10999106E-01  0.15476457E-01  0.12958890E-01
 -0.10808298E-01  0.15891883E-01  0.11705738E-01
 -0.10615397E-01  0.16294744E-01  0.10437931E-01
 -0.10420648E-01  0.16684803E-01  0.91575376E-02
 -0.10224309E-01  0.17061832E-01  0.78665528E-02
 -0.10026653E-01  0.17425623E-01  0.65668670E-02
 -0.98279721E-02  0.17775992E-01  0.52602474E-02
 -0.96285797E-02  0.18112782E-01  0.39483298E-02
 -0.94288169E-02  0.18435864E-01  0.26326225E-02
 -0.92290546E-02  0.18745133E-01  0.13145199E-02
 -0.90296977E-02  0.19040507E-01 -0.46731868E-05
 -0.25325455E-01 -0.27490403E-01  0.24691209E-05
 -0.25473091E-01 -0.27921783E-01  0.26781589E-02
 -0.25473350E-01 -0.28344052E-01  0.53298597E-02
 -0.25334292E-01 -0.28758349E-01  0.79340833E-02
 -0.25068714E-01 -0.29166798E-01  0.10469762E-01
 -0.24693526E-01 -0.29572392E-01  0.12919274E-01
 -0.24228947E-01 -0.29978844E-01  0.15269264E-01
 -0.23697539E-01 -0.30390412E-01  0.17511223E-01
 -0.23123154E-01 -0.30811695E-01  0.19641793E-01
 -0.22529841E-01 -0.31247416E-01  0.21662776E-01
 -0.21940775E-01 -0.31702208E-01  0.23580870E-01
 -0.21377271E-01 -0.32180388E-01  0.25407137E-01
 -0.20857920E-01 -0.32685757E-01  0.27156248E-01
 -0.20397904E-01 -0.33221408E-01  0.28845549E-01
 -0.20008501E-01 -0.33789569E-01  0.30494019E-01
 -0.19696808E-01 -0.34391476E-01  0.32121162E-01
 -0.19465688E-01 -0.35027293E-01  0.33745923E-01
 -0.19313914E-01 -0.35696061E-01  0.35385668E-01
 -0.19236511E-01 -0.36395713E-01  0.37055294E-01
 -0.19225244E-01 -0.37123116E-01  0.38766511E-01
 -0.19269230E-01 -0.37874176E-01  0.40527326E-01
 -0.19355610E-01 -0.38643971E-01  0.42341745E-01
 -0.19470267E-01 -0.39426925E-01  0.44209699E-01
 -0.19598511E-01 -0.40217019E-01  0.46127170E-01
 -0.19725713E-01 -0.41008012E-01  0.48086499E-01
 -0.19837854E-01 -0.41793681E-01  0.50076835E-01
 -0.19921945E-01 -0.42568063E-01  0.52084662E-01
 -0.19966317E-01 -0.43325693E-01  0.54094374E-01
 -0.50123506E-01 -0.45364989E-01  0.37083839E-01
 -0.46048761E-01 -0.41741370E-01  0.37266640E-01
 -0.42418854E-01 -0.38521756E-01  0.37472148E-01
 -0.39179562E-01 -0.35645145E-01  0.37687607E-01
 -0.36285285E-01 -0.33059470E-01  0.37902154E-01
 -0.33697683E-01 -0.30720495E-01  0.38107077E-01
 -0.31384402E-01 -0.28590842E-01  0.38295918E-01
 -0.29317932E-01 -0.26639117E-01  0.38464429E-01
 -0.27474590E-01 -0.24839118E-01  0.38610398E-01
 -0.25833643E-01 -0.23169123E-01  0.38733368E-01
 -0.24376579E-01 -0.21611240E-01  0.38834276E-01
 -0.23086522E-01 -0.20150815E-01  0.38915048E-01
 -0.21947790E-01 -0.18775896E-01  0.38978178E-01
 -0.20945583E-01 -0.17476757E-01  0.39026313E-01
 -0.20065795E-01 -0.16245460E-01  0.39061887E-01
 -0.19294920E-01 -0.15075482E-01  0.39086809E-01
 -0.18620049E-01 -0.13961389E-01  0.39102231E-01
 -0.18028916E-01 -0.12898553E-01  0.39108400E-01
 -0.17509995E-01 -0.11882936E-01  0.39104596E-01
 -0.17052603E-01 -0.10910901E-01  0.39089155E-01
 -0.16647013E-01 -0.99790855E-02  0.39059562E-01
 -0.16284538E-01 -0.90843032E-02  0.39012612E-01
 -0.15957601E-01 -0.82234883E-02  0.38944607E-01
 -0.15659756E-01 -0.73936680E-02  0.38851578E-01
 -0.15385679E-01 -0.65919601E-02  0.38729519E-01
 -0.15131112E-01 -0.58155890E-02  0.38574608E-01
 -0.14892774E-01 -0.50619138E-02  0.38383402E-01
 -0.14668242E-01 -0.43284627E-02  0.38152989E-01
 -0.14455809E-01 -0.36129688E-02  0.37881109E-01
 -0.14254328E-01 -0.29134023E-02  0.37566210E-01
 -0.14063054E-01 -0.22279958E-02  0.37207462E-01
 -0.13881496E-01 -0.15552602E-02  0.36804725E-01
 -0.13709275E-01 -0.89398949E-03  0.36358476E-01
 -0.13546015E-01 -0.24325476E-03  0.35869700E-01
 -0.13391247E-01  0.39761309E-03  0.35339772E-01
 -0.13244349E-01  0.10290495E-02  0.34770316E-01
 -0.13104516E-01  0.16512901E-02  0.34163072E-01
 -0.12970750E-01  0.22644088E-02  0.33519772E-01
 -0.12841879E-01  0.28683587E-02  0.32842034E-01
 -0.12716594E-01  0.34630124E-02  0.32131275E-01
 -0.12593501E-01  0.40481994E-02  0.31388662E-01
 -0.12471176E-01  0.46237390E-02  0.30615078E-01
 -0.12348230E-01  0.51894662E-02  0.29811129E-01
 -0.12223367E-01  0.57452513E-02  0.28977168E-01
 -0.12095432E-01  0.62910109E-02  0.28113339E-01
 -0.11963457E-01  0.68267124E-02  0.27219643E-01
 -0.11826683E-01  0.73523712E-02  0.26296005E-01
 -0.11684579E-01  0.78680424E-02  0.25342352E-01
 -0.11536840E-01  0.83738097E-02  0.24358678E-01
 -0.11383376E-01  0.88697700E-02  0.23345117E-01
 -0.11224287E-01  0.93560188E-02  0.22301986E-01
 -0.11059834E-01  0.98326357E-02  0.21229831E-01
 -0.10890400E-01  0.10299672E-01  0.20129443E-01
 -0.10716453E-01  0.10757141E-01  0.19001868E-01
 -0.10538507E-01  0.11205012E-01  0.17848401E-01
 -0.10357084E-01  0.11643210E-01  0.16670555E-01
 -0.10172686E-01  0.12071616E-01  0.15470040E-01
 -0.99857685E-02  0.12490072E-01  0.14248713E-01
 -0.97967271E-02  0.12898387E-01  0.13008537E-01
 -0.96058873E-02  0.13296351E-01  0.11751533E-01
 -0.94135048E-02  0.13683741E-01  0.10479736E-01
 -0.92197738E-02  0.14060330E-01  0.91951542E-02
 -0.90248402E-02  0.14425899E-01  0.78997344E-02
 -0.88288208E-02  0.14780243E-01  0.65953360E-02
 -0.86318252E-02  0.15123174E-01  0.52837156E-02
 -0.84339804E-02  0.15454527E-01  0.39665200E-02
 -0.82354533E-02  0.15774158E-01  0.26452898E-02
 -0.80364730E-02  0.16081943E-01  0.13214721E-02
 -0.78373482E-02  0.16377774E-01 -0.35589324E-05
 -0.26813581E-01 -0.18230162E-01  0.60300867E-06
 -0.26902082E-01 -0.18654297E-01  0.23069979E-02
 -0.26785481E-01 -0.19070946E-01  0.45991530E-02
 -0.26475433E-01 -0.19482013E-01  0.68631727E-02
 -0.25990448E-01 -0.19890893E-01  0.90866027E-02
 -0.25354988E-01 -0.20302287E-01  0.11259039E-01
 -0.24598285E-01 -0.20721971E-01  0.13372619E-01
 -0.23752944E-01 -0.21156506E-01  0.15422360E-01
 -0.22853403E-01 -0.21612912E-01  0.17406333E-01
 -0.21934352E-01 -0.22098324E-01  0.19325668E-01
 -0.21029174E-01 -0.22619635E-01  0.21184376E-01
 -0.20168521E-01 -0.23183151E-01  0.22989024E-01
 -0.19379064E-01 -0.23794265E-01  0.24748271E-01
 -0.18682503E-01 -0.24457178E-01  0.26472296E-01
 -0.18094872E-01 -0.25174659E-01  0.28172154E-01
 -0.17626148E-01 -0.25947876E-01  0.29859111E-01
 -0.17280197E-01 -0.26776296E-01  0.31543977E-01
 -0.17055019E-01 -0.27657653E-01  0.33236482E-01
 -0.16943270E-01 -0.28588003E-01  0.34944745E-01
 -0.16933011E-01 -0.29561845E-01  0.36674826E-01
 -0.17008631E-01 -0.30572314E-01  0.38430419E-01
 -0.17151879E-01 -0.31611437E-01  0.40212662E-01
 -0.17342929E-01 -0.32670428E-01  0.42020084E-01
 -0.17561426E-01 -0.33740030E-01  0.43848672E-01
 -0.17787442E-01 -0.34810867E-01  0.45692031E-01
 -0.18002294E-01 -0.35873801E-01  0.47541621E-01
 -0.18189189E-01 -0.36920277E-01  0.49387036E-01
 -0.18333659E-01 -0.37942639E-01  0.51216270E-01
 -0.43266063E-01 -0.38600138E-01  0.36471033E-01
 -0.39767870E-01 -0.35749685E-01  0.36680020E-01
 -0.36643681E-01 -0.33230946E-01  0.36908141E-01
 -0.33846480E-01 -0.30988749E-01  0.37145933E-01
 -0.31337969E-01 -0.28976425E-01  0.37385170E-01
 -0.29087066E-01 -0.27154795E-01  0.37619030E-01
 -0.27068495E-01 -0.25491264E-01  0.37842157E-01
 -0.25261475E-01 -0.23958990E-01  0.38050639E-01
 -0.23648557E-01 -0.22536125E-01  0.38241902E-01
 -0.22214607E-01 -0.21205113E-01  0.38414538E-01
 -0.20945970E-01 -0.19952039E-01  0.38568082E-01
 -0.19829811E-01 -0.18766032E-01  0.38702764E-01
 -0.18853640E-01 -0.17638707E-01  0.38819242E-01
 -0.18005011E-01 -0.16563671E-01  0.38918350E-01
 -0.17271379E-01 -0.15536069E-01  0.39000862E-01
 -0.16640090E-01 -0.14552188E-01  0.39067300E-01
 -0.16098492E-01 -0.13609119E-01  0.39117784E-01
 -0.15634112E-01 -0.12704475E-01  0.39151934E-01
 -0.15234890E-01 -0.11836160E-01  0.39168825E-01
 -0.14889433E-01 -0.11002201E-01  0.39167001E-01
 -0.14587255E-01 -0.10200622E-01  0.39144523E-01
 -0.14318988E-01 -0.94293754E-02  0.39099061E-01
 -0.14076544E-01 -0.86863035E-02  0.39028017E-01
 -0.13853210E-01 -0.79691415E-02  0.38928657E-01
 -0.13643682E-01 -0.72755434E-02  0.38798252E-01
 -0.13444021E-01 -0.66031287E-02  0.38634213E-01
 -0.13251557E-01 -0.59495394E-02  0.38434207E-01
 -0.13064732E-01 -0.53125019E-02  0.38196259E-01
 -0.12882904E-01 -0.46898872E-02  0.37918817E-01
 -0.12706127E-01 -0.40797636E-02  0.37600789E-01
 -0.12534923E-01 -0.34804390E-02  0.37241557E-01
 -0.12370056E-01 -0.28904895E-02  0.36840952E-01
 -0.12212329E-01 -0.23087732E-02  0.36399209E-01
 -0.12062410E-01 -0.17344298E-02  0.35916904E-01
 -0.11920694E-01 -0.11668656E-02  0.35394878E-01
 -0.11787218E-01 -0.60572855E-03  0.34834149E-01
 -0.11661607E-01 -0.50872567E-04  0.34235835E-01
 -0.11543076E-01  0.49768236E-03  0.33601069E-01
 -0.11430461E-01  0.10397936E-02  0.32930940E-01
 -0.11322286E-01  0.15752388E-02  0.32226437E-01
 -0.11216850E-01  0.21037552E-02  0.31488416E-01
 -0.11112331E-01  0.26250744E-02  0.30717585E-01
 -0.11006891E-01  0.31389493E-02  0.29914503E-01
 -0.10898780E-01  0.36451745E-02  0.29079597E-01
 -0.10786422E-01  0.41435972E-02  0.28213191E-01
 -0.10668494E-01  0.46341217E-02  0.27315546E-01
 -0.10543974E-01  0.51167066E-02  0.26386903E-01
 -0.10412172E-01  0.55913564E-02  0.25427528E-01
 -0.10272735E-01  0.60581100E-02  0.24437762E-01
 -0.10125629E-01  0.65170258E-02  0.23418052E-01
 -0.99711085E-02  0.69681674E-02  0.22368993E-01
 -0.98096617E-02  0.74115895E-02  0.21291343E-01
 -0.96419564E-02  0.78473258E-02  0.20186041E-01
 -0.94687740E-02  0.82753800E-02  0.19054208E-01
 -0.92909468E-02  0.86957201E-02  0.17897141E-01
 -0.91092989E-02  0.91082760E-02  0.16716297E-01
 -0.89245959E-02  0.95129404E-02  0.15513275E-01
 -0.87375057E-02  0.99095728E-02  0.14289782E-01
 -0.85485724E-02  0.10298005E-01  0.13047609E-01
 -0.83582038E-02  0.10678050E-01  0.11788598E-01
 -0.81666727E-02  0.11049506E-01  0.10514612E-01
 -0.79741310E-02  0.11412167E-01  0.92275099E-02
 -0.77806339E-02  0.11765830E-01  0.79291214E-02
 -0.75861730E-02  0.12110298E-01  0.66212327E-02
 -0.73907141E-02  0.12445387E-01  0.53055738E-02
 -0.71942371E-02  0.12770922E-01  0.39838136E-02
 -0.69967760E-02  0.13086747E-01  0.26575613E-02
 -0.67984533E-02  0.13392718E-01  0.13283733E-02
 -0.65995085E-02  0.13688702E-01 -0.22353469E-05
 -0.25962251E-01 -0.10706968E-01 -0.93741837E-06
 -0.26005773E-01 -0.11128247E-01  0.18805199E-02
 -0.25819494E-01 -0.11543422E-01  0.37600819E-02
 -0.25416847E-01 -0.11954704E-01  0.56358814E-02
 -0.24819073E-01 -0.12366034E-01  0.75062606E-02
 -0.24054182E-01 -0.12782873E-01  0.93698584E-02
 -0.23155604E-01 -0.13211921E-01  0.11225677E-01
 -0.22160586E-01 -0.13660777E-01  0.13073122E-01
 -0.21108435E-01 -0.14137550E-01  0.14912018E-01
 -0.20038707E-01 -0.14650450E-01  0.16742589E-01
 -0.18989432E-01 -0.15207361E-01  0.18565411E-01
 -0.17995484E-01 -0.15815436E-01  0.20381345E-01
 -0.17087159E-01 -0.16480711E-01  0.22191439E-01
 -0.16289052E-01 -0.17207776E-01  0.23996814E-01
 -0.15619262E-01 -0.17999506E-01  0.25798548E-01
 -0.15088967E-01 -0.18856871E-01  0.27597543E-01
 -0.14702369E-01 -0.19778828E-01  0.29394407E-01
 -0.14456988E-01 -0.20762314E-01  0.31189338E-01
 -0.14344282E-01 -0.21802318E-01  0.32982021E-01
 -0.14350520E-01 -0.22892056E-01  0.34771549E-01
 -0.14457863E-01 -0.24023218E-01  0.36556351E-01
 -0.14645561E-01 -0.25186281E-01  0.38334150E-01
 -0.14891196E-01 -0.26370887E-01  0.40101926E-01
 -0.15171898E-01 -0.27566240E-01  0.41855892E-01
 -0.15465455E-01 -0.28761530E-01  0.43591465E-01
 -0.15751267E-01 -0.29946346E-01  0.45303232E-01
 -0.16011093E-01 -0.31111066E-01  0.46984889E-01
 -0.16229556E-01 -0.32247204E-01  0.48629141E-01
 -0.35923349E-01 -0.32311971E-01  0.35968750E-01
 -0.33047545E-01 -0.30170431E-01  0.36180867E-01
 -0.30472486E-01 -0.28289379E-01  0.36409346E-01
 -0.28159334E-01 -0.26621378E-01  0.36649075E-01
 -0.26077447E-01 -0.25126591E-01  0.36895304E-01
 -0.24202901E-01 -0.23771903E-01  0.37143692E-01
 -0.22517060E-01 -0.22530132E-01  0.37390316E-01
 -0.21005252E-01 -0.21379293E-01  0.37631671E-01
 -0.19655564E-01 -0.20301910E-01  0.37864651E-01
 -0.18457794E-01 -0.19284379E-01  0.38086520E-01
 -0.17402590E-01 -0.18316362E-01  0.38294870E-01
 -0.16480779E-01 -0.17390220E-01  0.38487575E-01
 -0.15682893E-01 -0.16500496E-01  0.38662744E-01
 -0.14998894E-01 -0.15643428E-01  0.38818672E-01
 -0.14418074E-01 -0.14816521E-01  0.38953796E-01
 -0.13929104E-01 -0.14018168E-01  0.39066657E-01
 -0.13520219E-01 -0.13247321E-01  0.39155866E-01
 -0.13179478E-01 -0.12503227E-01  0.39220085E-01
 -0.12895093E-01 -0.11785215E-01  0.39258006E-01
 -0.12655766E-01 -0.11092540E-01  0.39268349E-01
 -0.12451017E-01 -0.10424281E-01  0.39249861E-01
 -0.12271473E-01 -0.97792814E-02  0.39201324E-01
 -0.12109088E-01 -0.91561390E-02  0.39121566E-01
 -0.11957294E-01 -0.85532211E-02  0.39009473E-01
 -0.11811055E-01 -0.79687104E-02  0.38864009E-01
 -0.11666850E-01 -0.74006677E-02  0.38684231E-01
 -0.11522565E-01 -0.68471042E-02  0.38469298E-01
 -0.11377323E-01 -0.63060559E-02  0.38218488E-01
 -0.11231263E-01 -0.57756548E-02  0.37931203E-01
 -0.11085285E-01 -0.52541911E-02  0.37606971E-01
 -0.10940779E-01 -0.47401617E-02  0.37245449E-01
 -0.10799361E-01 -0.42323050E-02  0.36846411E-01
 -0.10662631E-01 -0.37296183E-02  0.36409752E-01
 -0.10531966E-01 -0.32313605E-02  0.35935464E-01
 -0.10408360E-01 -0.27370400E-02  0.35423638E-01
 -0.10292314E-01 -0.22463909E-02  0.34874441E-01
 -0.10183783E-01 -0.17593405E-02  0.34288109E-01
 -0.10082173E-01 -0.12759708E-02  0.33664935E-01
 -0.99863874E-02 -0.79647735E-03  0.33005261E-01
 -0.98949089E-02 -0.32112914E-03  0.32309469E-01
 -0.98059106E-02  0.14976874E-03  0.31577979E-01
 -0.97173837E-02  0.61590700E-03  0.30811246E-01
 -0.96272712E-02  0.10769975E-02  0.30009761E-01
 -0.95335962E-02  0.15327914E-02  0.29174056E-01
 -0.94345758E-02  0.19830893E-02  0.28304706E-01
 -0.93287140E-02  0.24277454E-02  0.27402337E-01
 -0.92148677E-02  0.28666647E-02  0.26467634E-01
 -0.90922842E-02  0.32997963E-02  0.25501342E-01
 -0.89606098E-02  0.37271228E-02  0.24504281E-01
 -0.88198711E-02  0.41486484E-02  0.23477343E-01
 -0.86704334E-02  0.45643865E-02  0.22421500E-01
 -0.85129404E-02  0.49743478E-02  0.21337806E-01
 -0.83482428E-02  0.53785309E-02  0.20227395E-01
 -0.81773198E-02  0.57769146E-02  0.19091481E-01
 -0.80012018E-02  0.61694529E-02  0.17931355E-01
 -0.78208980E-02  0.65560733E-02  0.16748382E-01
 -0.76373353E-02  0.69366767E-02  0.15543989E-01
 -0.74513107E-02  0.73111395E-02  0.14319665E-01
 -0.72634599E-02  0.76793179E-02  0.13076948E-01
 -0.70742432E-02  0.80410516E-02  0.11817422E-01
 -0.68839485E-02  0.83961690E-02  0.10542704E-01
 -0.66927093E-02  0.87444915E-02  0.92544424E-02
 -0.65005359E-02  0.90858378E-02  0.79543051E-02
 -0.63073565E-02  0.94200269E-02  0.66439769E-02
 -0.61130643E-02  0.97468808E-02  0.53251531E-02
 -0.59175666E-02  0.10066226E-01  0.39995358E-02
 -0.57208329E-02  0.10377894E-01  0.26688305E-02
 -0.55229366E-02  0.10681723E-01  0.13347441E-02
 -0.53240889E-02  0.10977560E-01 -0.10168475E-05
 -0.22510376E-01 -0.53382959E-02 -0.18184763E-05
 -0.22529121E-01 -0.57599677E-02  0.14585818E-02
 -0.22331080E-01 -0.61768204E-02  0.29299879E-02
 -0.21929335E-01 -0.65908721E-02  0.44229867E-02
 -0.21344386E-01 -0.70058068E-02  0.59470982E-02
 -0.20603169E-01 -0.74267751E-02  0.75103187E-02
 -0.19737756E-01 -0.78601219E-02  0.91187480E-02
 -0.18783823E-01 -0.83130551E-02  0.10776318E-01
 -0.17778972E-01 -0.87932682E-02  0.12484635E-01
 -0.16761002E-01 -0.93085374E-02  0.14242949E-01
 -0.15766214E-01 -0.98663084E-02  0.16048236E-01
 -0.14827854E-01 -0.10473296E-01  0.17895390E-01
 -0.13974761E-01 -0.11135111E-01  0.19777522E-01
 -0.13230296E-01 -0.11855944E-01  0.21686323E-01
 -0.12611592E-01 -0.12638300E-01  0.23612484E-01
 -0.12129152E-01 -0.13482827E-01  0.25546143E-01
 -0.11786804E-01 -0.14388215E-01  0.27477322E-01
 -0.11582000E-01 -0.15351200E-01  0.29396346E-01
 -0.11506410E-01 -0.16366652E-01  0.31294193E-01
 -0.11546777E-01 -0.17427755E-01  0.33162787E-01
 -0.11685960E-01 -0.18526259E-01  0.34995183E-01
 -0.11904090E-01 -0.19652806E-01  0.36785665E-01
 -0.12179776E-01 -0.20797298E-01  0.38529723E-01
 -0.12491277E-01 -0.21949302E-01  0.40223933E-01
 -0.12817571E-01 -0.23098452E-01  0.41865726E-01
 -0.13139283E-01 -0.24234858E-01  0.43453060E-01
 -0.13439395E-01 -0.25349471E-01  0.44984006E-01
 -0.13703745E-01 -0.26434406E-01  0.46456251E-01
 -0.28153004E-01 -0.26636018E-01  0.35583834E-01
 -0.25934640E-01 -0.25118824E-01  0.35782947E-01
 -0.23944275E-01 -0.23794175E-01  0.35996483E-01
 -0.22151884E-01 -0.22624142E-01  0.36224012E-01
 -0.20534460E-01 -0.21577026E-01  0.36464534E-01
 -0.19074702E-01 -0.20626665E-01  0.36716377E-01
 -0.17759741E-01 -0.19751796E-01  0.36977158E-01
 -0.16579941E-01 -0.18935462E-01  0.37243796E-01
 -0.15527798E-01 -0.18164448E-01  0.37512588E-01
 -0.14596989E-01 -0.17428745E-01  0.37779328E-01
 -0.13781577E-01 -0.16721043E-01  0.38039458E-01
 -0.13075408E-01 -0.16036249E-01  0.38288249E-01
 -0.12471685E-01 -0.15371041E-01  0.38520980E-01
 -0.11962732E-01 -0.14723449E-01  0.38733122E-01
 -0.11539933E-01 -0.14092486E-01  0.38920498E-01
 -0.11193807E-01 -0.13477819E-01  0.39079420E-01
 -0.10914220E-01 -0.12879488E-01  0.39206783E-01
 -0.10690668E-01 -0.12297676E-01  0.39300133E-01
 -0.10512627E-01 -0.11732532E-01  0.39357681E-01
 -0.10369909E-01 -0.11184041E-01  0.39378286E-01
 -0.10253010E-01 -0.10651943E-01  0.39361397E-01
 -0.10153412E-01 -0.10135695E-01  0.39306972E-01
 -0.10063826E-01 -0.96344647E-02  0.39215369E-01
 -0.99783506E-02 -0.91471584E-02  0.39087232E-01
 -0.98925477E-02 -0.86724709E-02  0.38923366E-01
 -0.98034281E-02 -0.82089479E-02  0.38724622E-01
 -0.97093595E-02 -0.77550572E-02  0.38491796E-01
 -0.96099034E-02 -0.73092609E-02  0.38225539E-01
 -0.95055994E-02 -0.68700820E-02  0.37926300E-01
 -0.93977143E-02 -0.64361630E-02  0.37594284E-01
 -0.92879759E-02 -0.60063113E-02  0.37229444E-01
 -0.91783107E-02 -0.55795306E-02  0.36831491E-01
 -0.90706025E-02 -0.51550380E-02  0.36399926E-01
 -0.89664865E-02 -0.47322668E-02  0.35934094E-01
 -0.88671892E-02 -0.43108566E-02  0.35433238E-01
 -0.87734205E-02 -0.38906338E-02  0.34896574E-01
 -0.86853210E-02 -0.34715840E-02  0.34323353E-01
 -0.86024607E-02 -0.30538200E-02  0.33712923E-01
 -0.85238858E-02 -0.26375480E-02  0.33064792E-01
 -0.84482039E-02 -0.22230349E-02  0.32378662E-01
 -0.83736969E-02 -0.18105780E-02  0.31654466E-01
 -0.82984519E-02 -0.14004794E-02  0.30892375E-01
 -0.82204973E-02 -0.99302637E-03  0.30092810E-01
 -0.81379330E-02 -0.58847678E-03  0.29256418E-01
 -0.80490472E-02 -0.18705125E-03  0.28384060E-01
 -0.79524104E-02  0.21106990E-03  0.27476772E-01
 -0.78469433E-02  0.60574507E-03  0.26535734E-01
 -0.77319547E-02  0.99686655E-03  0.25562230E-01
 -0.76071505E-02  0.13843534E-02  0.24557613E-01
 -0.74726148E-02  0.17681436E-02  0.23523268E-01
 -0.73287680E-02  0.21481852E-02  0.22460585E-01
 -0.71763059E-02  0.25244296E-02  0.21370942E-01
 -0.70161273E-02  0.28968247E-02  0.20255683E-01
 -0.68492554E-02  0.32653107E-02  0.19116120E-01
 -0.66767595E-02  0.36298165E-02  0.17953526E-01
 -0.64996830E-02  0.39902584E-02  0.16769152E-01
 -0.63189819E-02  0.43465401E-02  0.15564231E-01
 -0.61354782E-02  0.46985523E-02  0.14339998E-01
 -0.59498287E-02  0.50461750E-02  0.13097708E-01
 -0.57625126E-02  0.53892776E-02  0.11838653E-01
 -0.55738349E-02  0.57277210E-02  0.10564179E-01
 -0.53839455E-02  0.60613583E-02  0.92756999E-02
 -0.51928719E-02  0.63900359E-02  0.79747080E-02
 -0.50005601E-02  0.67135939E-02  0.66627798E-02
 -0.48069222E-02  0.70318671E-02  0.53415766E-02
 -0.46118858E-02  0.73446862E-02  0.40128408E-02
 -0.44154405E-02  0.76518786E-02  0.26783868E-02
 -0.42176794E-02  0.79532705E-02  0.13400879E-02
 -0.40188311E-02  0.82486893E-02 -0.14058448E-06
 -0.16613068E-01 -0.21082232E-02 -0.19189553E-05
 -0.16630430E-01 -0.25320229E-02  0.11026847E-02
 -0.16479972E-01 -0.29522904E-02  0.22295859E-02
 -0.16172325E-01 -0.33703882E-02  0.34001590E-02
 -0.15723891E-01 -0.37889924E-02  0.46336054E-02
 -0.15156065E-01 -0.42119385E-02  0.59460243E-02
 -0.14494210E-01 -0.46440089E-02  0.73496561E-02
 -0.13766462E-01 -0.50906712E-02  0.88523392E-02
 -0.13002412E-01 -0.55577795E-02  0.10457207E-01
 -0.12231753E-01 -0.60512531E-02  0.12162635E-01
 -0.11482955E-01 -0.65767467E-02  0.13962441E-01
 -0.10782050E-01 -0.71393302E-02  0.15846314E-01
 -0.10151576E-01 -0.77431923E-02  0.17800440E-01
 -0.96097433E-02 -0.83913836E-02  0.19808292E-01
 -0.91698543E-02 -0.90856134E-02  0.21851519E-01
 -0.88399937E-02 -0.98261089E-02  0.23910891E-01
 -0.86230020E-02 -0.10611546E-01  0.25967231E-01
 -0.85167138E-02 -0.11439058E-01  0.28002293E-01
 -0.85144348E-02 -0.12304309E-01  0.29999514E-01
 -0.86056178E-02 -0.13201656E-01  0.31944624E-01
 -0.87766870E-02 -0.14124356E-01  0.33826062E-01
 -0.90119543E-02 -0.15064836E-01  0.35635183E-01
 -0.92945688E-02 -0.16014996E-01  0.37366261E-01
 -0.96074418E-02 -0.16966533E-01  0.39016268E-01
 -0.99340948E-02 -0.17911275E-01  0.40584467E-01
 -0.10259384E-01 -0.18841495E-01  0.42071824E-01
 -0.10570068E-01 -0.19750196E-01  0.43480283E-01
 -0.10855193E-01 -0.20631359E-01  0.44811925E-01
 -0.20030118E-01 -0.21572584E-01  0.35316761E-01
 -0.18494021E-01 -0.20594345E-01  0.35495544E-01
 -0.17115537E-01 -0.19744774E-01  0.35687581E-01
 -0.15873820E-01 -0.18996941E-01  0.35896654E-01
 -0.14753227E-01 -0.18328372E-01  0.36125139E-01
 -0.13742330E-01 -0.17720574E-01  0.36373774E-01
 -0.12832948E-01 -0.17158589E-01  0.36641562E-01
 -0.12019219E-01 -0.16630574E-01  0.36925803E-01
 -0.11296755E-01 -0.16127403E-01  0.37222244E-01
 -0.10661903E-01 -0.15642276E-01  0.37525333E-01
 -0.10111126E-01 -0.15170355E-01  0.37828545E-01
 -0.96405334E-02 -0.14708405E-01  0.38124760E-01
 -0.92455592E-02 -0.14254467E-01  0.38406660E-01
 -0.89207824E-02 -0.13807551E-01  0.38667112E-01
 -0.86598898E-02 -0.13367355E-01  0.38899523E-01
 -0.84557564E-02 -0.12934024E-01  0.39098132E-01
 -0.83006234E-02 -0.12507943E-01  0.39258233E-01
 -0.81863472E-02 -0.12089566E-01  0.39376316E-01
 -0.81046907E-02 -0.11679286E-01  0.39450115E-01
 -0.80476290E-02 -0.11277345E-01  0.39478584E-01
 -0.80076422E-02 -0.10883773E-01  0.39461787E-01
 -0.79779742E-02 -0.10498366E-01  0.39400735E-01
 -0.79528375E-02 -0.10120687E-01  0.39297169E-01
 -0.79275529E-02 -0.97500902E-02  0.39153329E-01
 -0.78986170E-02 -0.93857600E-02  0.38971697E-01
 -0.78636981E-02 -0.90267622E-02  0.38754766E-01
 -0.78215641E-02 -0.86720977E-02  0.38504825E-01
 -0.77719527E-02 -0.83207572E-02  0.38223785E-01
 -0.77153965E-02 -0.79717704E-02  0.37913052E-01
 -0.76530197E-02 -0.76242493E-02  0.37573449E-01
 -0.75863201E-02 -0.72774197E-02  0.37205198E-01
 -0.75169546E-02 -0.69306440E-02  0.36807943E-01
 -0.74465411E-02 -0.65834322E-02  0.36380823E-01
 -0.73764900E-02 -0.62354427E-02  0.35922574E-01
 -0.73078722E-02 -0.58864748E-02  0.35431659E-01
 -0.72413312E-02 -0.55364548E-02  0.34906406E-01
 -0.71770401E-02 -0.51854162E-02  0.34345154E-01
 -0.71147012E-02 -0.48334786E-02  0.33746381E-01
 -0.70535847E-02 -0.44808247E-02  0.33108819E-01
 -0.69926001E-02 -0.41276794E-02  0.32431546E-01
 -0.69303893E-02 -0.37742905E-02  0.31714044E-01
 -0.68654352E-02 -0.34209130E-02  0.30956231E-01
 -0.67961740E-02 -0.30677971E-02  0.30158459E-01
 -0.67211025E-02 -0.27151797E-02  0.29321493E-01
 -0.66388746E-02 -0.23632796E-02  0.28446457E-01
 -0.65483781E-02 -0.20122957E-02  0.27534771E-01
 -0.64487905E-02 -0.16624074E-02  0.26588077E-01
 -0.63396095E-02 -0.13137760E-02  0.25608154E-01
 -0.62206598E-02 -0.96654795E-03  0.24596848E-01
 -0.60920775E-02 -0.62085757E-03  0.23555995E-01
 -0.59542742E-02 -0.27682974E-03  0.22487370E-01
 -0.58078875E-02  0.65417808E-04  0.21392639E-01
 -0.56537207E-02  0.40577283E-03  0.20273336E-01
 -0.54926787E-02  0.74412741E-03  0.19130853E-01
 -0.53257035E-02  0.10803771E-02  0.17966442E-01
 -0.51537162E-02  0.14144205E-02  0.16781241E-01
 -0.49775668E-02  0.17461579E-02  0.15576299E-01
 -0.47979971E-02  0.20754907E-02  0.14352614E-01
 -0.46156161E-02  0.24023198E-02  0.13111180E-01
 -0.44308906E-02  0.27265433E-02  0.11853019E-01
 -0.42441486E-02  0.30480543E-02  0.10579232E-01
 -0.40555963E-02  0.33667387E-02  0.92910218E-02
 -0.38653441E-02  0.36824724E-02  0.79897237E-02
 -0.36734406E-02  0.39951201E-02  0.66768208E-02
 -0.34799111E-02  0.43045336E-02  0.53539485E-02
 -0.32847966E-02  0.46105525E-02  0.40228904E-02
 -0.30881911E-02  0.49130054E-02  0.26855628E-02
 -0.28902735E-02  0.52117121E-02  0.13439912E-02
 -0.26913321E-02  0.55064882E-02  0.27904997E-06
 -0.88223747E-02 -0.58280570E-03 -0.13472469E-05
 -0.88614227E-02 -0.10089843E-02  0.86576767E-03
 -0.88096204E-02 -0.14329662E-02  0.17629363E-02
 -0.86734591E-02 -0.18551135E-02  0.27188347E-02
 -0.84625593E-02 -0.22765221E-02  0.37592178E-02
 -0.81892318E-02 -0.26989420E-02  0.49056680E-02
 -0.78679095E-02 -0.31246632E-02  0.61745787E-02
 -0.75144821E-02 -0.35563721E-02  0.75764240E-02
 -0.71455692E-02 -0.39969847E-02  0.91153548E-02
 -0.67777741E-02 -0.44494643E-02  0.10789136E-01
 -0.64269577E-02 -0.49166337E-02  0.12589419E-01
 -0.61075700E-02 -0.54009908E-02  0.14502331E-01
 -0.58320760E-02 -0.59045375E-02  0.16509333E-01
 -0.56105006E-02 -0.64286317E-02  0.18588291E-01
 -0.54501148E-02 -0.69738704E-02  0.20714689E-01
 -0.53552737E-02 -0.75400105E-02  0.22862914E-01
 -0.53274081E-02 -0.81259327E-02  0.25007529E-01
 -0.53651622E-02 -0.87296500E-02  0.27124458E-01
 -0.54646634E-02 -0.93483618E-02  0.29192022E-01
 -0.56199009E-02 -0.99785499E-02  0.31191758E-01
 -0.58231856E-02 -0.10616112E-01  0.33108994E-01
 -0.60656600E-02 -0.11256523E-01  0.34933137E-01
 -0.63378266E-02 -0.11895019E-01  0.36657680E-01
 -0.66300620E-02 -0.12526791E-01  0.38279918E-01
 -0.69330880E-02 -0.13147174E-01  0.39800417E-01
 -0.72383742E-02 -0.13751828E-01  0.41222245E-01
 -0.75384547E-02 -0.14336894E-01  0.42550034E-01
 -0.12591616E-01 -0.17587671E-01  0.35008214E-01
 -0.11648128E-01 -0.16994817E-01  0.35163794E-01
 -0.10809750E-01 -0.16487727E-01  0.35323829E-01
 -0.10061577E-01 -0.16048897E-01  0.35496595E-01
 -0.93920991E-02 -0.15663475E-01  0.35688868E-01
 -0.87926825E-02 -0.15318997E-01  0.35905426E-01
 -0.82570247E-02 -0.15005149E-01  0.36148729E-01
 -0.77806138E-02 -0.14713541E-01  0.36418771E-01
 -0.73602095E-02 -0.14437486E-01  0.36713122E-01
 -0.69933619E-02 -0.14171791E-01  0.37027135E-01
 -0.66779895E-02 -0.13912556E-01  0.37354289E-01
 -0.64120274E-02 -0.13656968E-01  0.37686639E-01
 -0.61931570E-02 -0.13403113E-01  0.38015336E-01
 -0.60186210E-02 -0.13149796E-01  0.38331176E-01
 -0.58851241E-02 -0.12896368E-01  0.38625135E-01
 -0.57888140E-02 -0.12642578E-01  0.38888857E-01
 -0.57253323E-02 -0.12388435E-01  0.39115067E-01
 -0.56899237E-02 -0.12134096E-01  0.39297878E-01
 -0.56775867E-02 -0.11879771E-01  0.39432997E-01
 -0.56832501E-02 -0.11625656E-01  0.39517795E-01
 -0.57019576E-02 -0.11371882E-01  0.39551275E-01
 -0.57290458E-02 -0.11118483E-01  0.39533933E-01
 -0.57603008E-02 -0.10865386E-01  0.39467531E-01
 -0.57920842E-02 -0.10612412E-01  0.39354805E-01
 -0.58214185E-02 -0.10359287E-01  0.39199144E-01
 -0.58460313E-02 -0.10105667E-01  0.39004243E-01
 -0.58643541E-02 -0.98511598E-02  0.38773783E-01
 -0.58754823E-02 -0.95953514E-02  0.38511137E-01
 -0.58790997E-02 -0.93378340E-02  0.38219125E-01
 -0.58753755E-02 -0.90782269E-02  0.37899846E-01
 -0.58648444E-02 -0.88161949E-02  0.37554571E-01
 -0.58482774E-02 -0.85514608E-02  0.37183713E-01
 -0.58265550E-02 -0.82838132E-02  0.36786862E-01
 -0.58005494E-02 -0.80131083E-02  0.36362886E-01
 -0.57710244E-02 -0.77392683E-02  0.35910076E-01
 -0.57385570E-02 -0.74622753E-02  0.35426319E-01
 -0.57034856E-02 -0.71821641E-02  0.34909298E-01
 -0.56658836E-02 -0.68990133E-02  0.34356684E-01
 -0.56255598E-02 -0.66129362E-02  0.33766318E-01
 -0.55820806E-02 -0.63240725E-02  0.33136372E-01
 -0.55348123E-02 -0.60325813E-02  0.32465470E-01
 -0.54829758E-02 -0.57386356E-02  0.31752771E-01
 -0.54257103E-02 -0.54424181E-02  0.30998012E-01
 -0.53621387E-02 -0.51441188E-02  0.30201506E-01
 -0.52914307E-02 -0.48439333E-02  0.29364103E-01
 -0.52128583E-02 -0.45420617E-02  0.28487129E-01
 -0.51258402E-02 -0.42387082E-02  0.27572285E-01
 -0.50299738E-02 -0.39340800E-02  0.26621550E-01
 -0.49250515E-02 -0.36283853E-02  0.25637066E-01
 -0.48110644E-02 -0.33218321E-02  0.24621034E-01
 -0.46881915E-02 -0.30146245E-02  0.23575616E-01
 -0.45567786E-02 -0.27069603E-02  0.22502859E-01
 -0.44173082E-02 -0.23990270E-02  0.21404635E-01
 -0.42703646E-02 -0.20909990E-02  0.20282607E-01
 -0.41165959E-02 -0.17830349E-02  0.19138217E-01
 -0.39566769E-02 -0.14752758E-02  0.17972698E-01
 -0.37912757E-02 -0.11678452E-02  0.16787098E-01
 -0.36210252E-02 -0.86084992E-03  0.15582329E-01
 -0.34465021E-02 -0.55438289E-03  0.14359219E-01
 -0.32682133E-02 -0.24852695E-03  0.13118568E-01
 -0.30865912E-02  0.56640066E-04  0.11861212E-01
 -0.29019958E-02  0.36103980E-03  0.10588073E-01
 -0.27147252E-02  0.66458768E-03  0.93002106E-02
 -0.25250300E-02  0.96718781E-03  0.79988529E-02
 -0.23331330E-02  0.12687288E-02  0.66854216E-02
 -0.21392497E-02  0.15690812E-02  0.53615395E-02
 -0.19436107E-02  0.18680968E-02  0.40290237E-02
 -0.17464806E-02  0.21656096E-02  0.26898661E-02
 -0.15481753E-02  0.24614392E-02  0.13462012E-02
 -0.13490740E-02  0.27553957E-02  0.26477142E-06
 -0.19889893E-06  0.19286425E-06 -0.40215809E-06
 -0.80087211E-04 -0.42752912E-03  0.78337852E-03
 -0.16134595E-03 -0.85444440E-03  0.16000800E-02
 -0.24532793E-03 -0.12797449E-02  0.24809603E-02
 -0.33333432E-03 -0.17026509E-02  0.34540924E-02
 -0.42659128E-03 -0.21224219E-02  0.45429983E-02
 -0.52622928E-03 -0.25383622E-02  0.57655372E-02
 -0.63326603E-03 -0.29498214E-02  0.71331091E-02
 -0.74859326E-03 -0.33561893E-02  0.86502126E-02
 -0.87296768E-03 -0.37568856E-02  0.10314376E-01
 -0.10070061E-02 -0.41513454E-02  0.12116459E-01
 -0.11511845E-02 -0.45390032E-02  0.14041295E-01
 -0.13058408E-02 -0.49192745E-02  0.16068632E-01
 -0.14711802E-02 -0.52915415E-02  0.18174305E-01
 -0.16472837E-02 -0.56551399E-02  0.20331573E-01
 -0.18341177E-02 -0.60093532E-02  0.22512518E-01
 -0.20315450E-02 -0.63534128E-02  0.24689447E-01
 -0.22393369E-02 -0.66865052E-02  0.26836189E-01
 -0.24571847E-02 -0.70077877E-02  0.28929231E-01
 -0.26847113E-02 -0.73164097E-02  0.30948619E-01
 -0.29214828E-02 -0.76115394E-02  0.32878584E-01
 -0.31670192E-02 -0.78923935E-02  0.34707867E-01
 -0.34208046E-02 -0.81582665E-02  0.36429717E-01
 -0.36822969E-02 -0.84085571E-02  0.38041591E-01
 -0.39509375E-02 -0.86427891E-02  0.39544572E-01
 -0.42261599E-02 -0.88606229E-02  0.40942535E-01
 -0.45073987E-02 -0.90618561E-02  0.42241123E-01
 -0.32778687E-02 -0.12762383E-01  0.34972483E-01
 -0.31165572E-02 -0.12678330E-01  0.35119473E-01
 -0.29828950E-02 -0.12606298E-01  0.35269517E-01
 -0.28744820E-02 -0.12543928E-01  0.35432275E-01
 -0.27891645E-02 -0.12489017E-01  0.35615735E-01
 -0.27250199E-02 -0.12439529E-01  0.35825655E-01
 -0.26803308E-02 -0.12393606E-01  0.36065200E-01
 -0.26535513E-02 -0.12349567E-01  0.36334773E-01
 -0.26432705E-02 -0.12305907E-01  0.36632061E-01
 -0.26481731E-02 -0.12261296E-01  0.36952254E-01
 -0.26670037E-02 -0.12214565E-01  0.37288428E-01
 -0.26985338E-02 -0.12164701E-01  0.37632045E-01
 -0.27415355E-02 -0.12110828E-01  0.37973530E-01
 -0.27947625E-02 -0.12052196E-01  0.38302885E-01
 -0.28569391E-02 -0.11988169E-01  0.38610282E-01
 -0.29267570E-02 -0.11918209E-01  0.38886612E-01
 -0.30028802E-02 -0.11841865E-01  0.39123951E-01
 -0.30839555E-02 -0.11758767E-01  0.39315903E-01
 -0.31686290E-02 -0.11668613E-01  0.39457828E-01
 -0.32555651E-02 -0.11571170E-01  0.39546933E-01
 -0.33434677E-02 -0.11466265E-01  0.39582232E-01
 -0.34311000E-02 -0.11353788E-01  0.39564395E-01
 -0.35173039E-02 -0.11233685E-01  0.39495495E-01
 -0.36010147E-02 -0.11105962E-01  0.39378687E-01
 -0.36812725E-02 -0.10970678E-01  0.39217842E-01
 -0.37572289E-02 -0.10827943E-01  0.39017170E-01
 -0.38281479E-02 -0.10677912E-01  0.38780856E-01
 -0.38934038E-02 -0.10520781E-01  0.38512727E-01
 -0.39524731E-02 -0.10356772E-01  0.38215993E-01
 -0.40049255E-02 -0.10186132E-01  0.37893043E-01
 -0.40504104E-02 -0.10009113E-01  0.37545333E-01
 -0.40886446E-02 -0.98259726E-02  0.37173351E-01
 -0.41193981E-02 -0.96369546E-02  0.36776661E-01
 -0.41424821E-02 -0.94422878E-02  0.36354011E-01
 -0.41577379E-02 -0.92421775E-02  0.35903493E-01
 -0.41650284E-02 -0.90368028E-02  0.35422748E-01
 -0.41642319E-02 -0.88263164E-02  0.34909180E-01
 -0.41552386E-02 -0.86108464E-02  0.34360173E-01
 -0.41379490E-02 -0.83905013E-02  0.33773301E-01
 -0.41122755E-02 -0.81653763E-02  0.33146499E-01
 -0.40781440E-02 -0.79355619E-02  0.32478204E-01
 -0.40354979E-02 -0.77011514E-02  0.31767443E-01
 -0.39843019E-02 -0.74622499E-02  0.31013885E-01
 -0.39245459E-02 -0.72189810E-02  0.30217831E-01
 -0.38562488E-02 -0.69714917E-02  0.29380179E-01
 -0.37794608E-02 -0.67199560E-02  0.28502344E-01
 -0.36942655E-02 -0.64645746E-02  0.27586152E-01
 -0.36007805E-02 -0.62055733E-02  0.26633727E-01
 -0.34991567E-02 -0.59431975E-02  0.25647364E-01
 -0.33895773E-02 -0.56777064E-02  0.24629412E-01
 -0.32722553E-02 -0.54093643E-02  0.23582167E-01
 -0.31474311E-02 -0.51384321E-02  0.22507783E-01
 -0.30153697E-02 -0.48651591E-02  0.21408211E-01
 -0.28763577E-02 -0.45897750E-02  0.20285161E-01
 -0.27307005E-02 -0.43124844E-02  0.19140088E-01
 -0.25787206E-02 -0.40334629E-02  0.17974206E-01
 -0.24207550E-02 -0.37528560E-02  0.16788525E-01
 -0.22571549E-02 -0.34707805E-02  0.15583895E-01
 -0.20882841E-02 -0.31873281E-02  0.14361069E-01
 -0.19145192E-02 -0.29025717E-02  0.13120771E-01
 -0.17362494E-02 -0.26165724E-02  0.11863762E-01
 -0.15538764E-02 -0.23293875E-02  0.10590897E-01
 -0.13678149E-02 -0.20410788E-02  0.93031821E-02
 -0.11784923E-02 -0.17517200E-02  0.80018101E-02
 -0.98634851E-03 -0.14614020E-02  0.66881851E-02
 -0.79183515E-03 -0.11702372E-02  0.53639311E-02
 -0.59541460E-03 -0.87836112E-03  0.40308841E-02
 -0.39755837E-03 -0.58593079E-03  0.26910691E-02
 -0.19874519E-03 -0.29312211E-03  0.13466650E-02
  0.54129434E-06 -0.12435786E-06 -0.42016126E-07
  
