  0.11545226E-06  0.14922929E-07  0.23395296E-06
  0.97457934E-04  0.47117933E-03 -0.44409960E-02
  0.19113180E-03  0.94013661E-03 -0.88748138E-02
  0.27757933E-03  0.14047456E-02 -0.13293431E-01
  0.35344498E-03  0.18629869E-02 -0.17688402E-01
  0.41566273E-03  0.23130170E-02 -0.22050385E-01
  0.46152815E-03  0.27532157E-02 -0.26368986E-01
  0.48875166E-03  0.31822232E-02 -0.30632722E-01
  0.49549091E-03  0.35989678E-02 -0.34829096E-01
  0.48036146E-03  0.40026805E-02 -0.38944784E-01
  0.44242649E-03  0.43928985E-02 -0.42965925E-01
  0.38116755E-03  0.47694570E-02 -0.46878488E-01
  0.29643964E-03  0.51324692E-02 -0.50668679E-01
  0.18841445E-03  0.54822983E-02 -0.54323372E-01
  0.57516761E-04  0.58195203E-02 -0.57830508E-01
 -0.95641418E-04  0.61448820E-02 -0.61179441E-01
 -0.27032416E-03  0.64592555E-02 -0.64361199E-01
 -0.46572816E-03  0.67635921E-02 -0.67368636E-01
 -0.68102916E-03  0.70588769E-02 -0.70196468E-01
 -0.91541585E-03  0.73460878E-02 -0.72841191E-01
 -0.11681099E-02  0.76261592E-02 -0.75300887E-01
 -0.14383726E-02  0.78999525E-02 -0.77574944E-01
 -0.17254976E-02  0.81682342E-02 -0.79663709E-01
 -0.20287949E-02  0.84316615E-02 -0.81568119E-01
 -0.23475646E-02  0.86907763E-02 -0.83289332E-01
 -0.26810682E-02  0.89460054E-02 -0.84828410E-01
 -0.30284974E-02  0.91976677E-02 -0.86186066E-01
 -0.33889456E-02  0.94459856E-02 -0.87362517E-01
 -0.37613849E-02  0.96911000E-02 -0.88357442E-01
 -0.41446508E-02  0.99330873E-02 -0.89170070E-01
 -0.45374360E-02  0.10171977E-01 -0.89799370E-01
 -0.49382943E-02  0.10407766E-01 -0.90244343E-01
 -0.53456543E-02  0.10640438E-01 -0.90504383E-01
 -0.57578428E-02  0.10869968E-01 -0.90579672E-01
 -0.61731137E-02  0.11096336E-01 -0.90471587E-01
 -0.65896839E-02  0.11319529E-01 -0.90183064E-01
 -0.70057696E-02  0.11539545E-01 -0.89718891E-01
 -0.74196235E-02  0.11756387E-01 -0.89085910E-01
 -0.78295686E-02  0.11970064E-01 -0.88293094E-01
 -0.82340266E-02  0.12180584E-01 -0.87351492E-01
 -0.86315401E-02  0.12387947E-01 -0.86274043E-01
 -0.90207858E-02  0.12592138E-01 -0.85075272E-01
 -0.94005803E-02  0.12793125E-01 -0.83770878E-01
 -0.97698767E-02  0.12990852E-01 -0.82377250E-01
 -0.10127754E-01  0.13185236E-01 -0.80910947E-01
 -0.10473401E-01  0.13376170E-01 -0.79388175E-01
 -0.10806096E-01  0.13563520E-01 -0.77824292E-01
 -0.11125180E-01  0.13747129E-01 -0.76233393E-01
 -0.11430036E-01  0.13926827E-01 -0.74627986E-01
 -0.11720068E-01  0.14102429E-01 -0.73018784E-01
 -0.11994676E-01  0.14273746E-01 -0.71414631E-01
 -0.12253245E-01  0.14440588E-01 -0.69822554E-01
 -0.12495135E-01  0.14602773E-01 -0.68247933E-01
 -0.12719673E-01  0.14760126E-01 -0.66694775E-01
 -0.12926155E-01  0.14912484E-01 -0.65166057E-01
 -0.13113854E-01  0.15059693E-01 -0.63664115E-01
 -0.13282024E-01  0.15201602E-01 -0.62191036E-01
 -0.13429913E-01  0.15338060E-01 -0.60749026E-01
 -0.13556779E-01  0.15468901E-01 -0.59340712E-01
 -0.13661899E-01  0.15593928E-01 -0.57969365E-01
 -0.13744581E-01  0.15712897E-01 -0.56639006E-01
 -0.13804175E-01  0.15825496E-01 -0.55354408E-01
 -0.56863426E-02  0.19531113E-01 -0.11297149E+00
 -0.58420062E-02  0.19571685E-01 -0.11087944E+00
 -0.59820268E-02  0.19602885E-01 -0.10880650E+00
 -0.61055783E-02  0.19623738E-01 -0.10675594E+00
 -0.62118782E-02  0.19633056E-01 -0.10473036E+00
 -0.63001885E-02  0.19629416E-01 -0.10273122E+00
 -0.63698149E-02  0.19611122E-01 -0.10075844E+00
 -0.64201063E-02  0.19576185E-01 -0.98809958E-01
 -0.64504532E-02  0.19522293E-01 -0.96881414E-01
 -0.64602875E-02  0.19446793E-01 -0.94965860E-01
 -0.64490830E-02  0.19346673E-01 -0.93053595E-01
 -0.64163587E-02  0.19218550E-01 -0.91132071E-01
 -0.63616826E-02  0.19058674E-01 -0.89185917E-01
 -0.62846790E-02  0.18862936E-01 -0.87197045E-01
 -0.61850378E-02  0.18626890E-01 -0.85144859E-01
 -0.60625246E-02  0.18345793E-01 -0.83006543E-01
 -0.59169941E-02  0.18014660E-01 -0.80757438E-01
 -0.57484027E-02  0.17628346E-01 -0.78371492E-01
 -0.55568229E-02  0.17181643E-01 -0.75821799E-01
 -0.53424563E-02  0.16669408E-01 -0.73081223E-01
 -0.51056462E-02  0.16086716E-01 -0.70123110E-01
 -0.48468878E-02  0.15429038E-01 -0.66922108E-01
 -0.45668371E-02  0.14692447E-01 -0.63455082E-01
 -0.42663155E-02  0.13873839E-01 -0.59702116E-01
 -0.39463122E-02  0.12971168E-01 -0.55647595E-01
 -0.36079827E-02  0.11983685E-01 -0.51281313E-01
 -0.32526438E-02  0.10912156E-01 -0.46599552E-01
 -0.28817650E-02  0.97590618E-02 -0.41606057E-01
 -0.24969573E-02  0.85287348E-02 -0.36312812E-01
 -0.20999594E-02  0.72274401E-02 -0.30740517E-01
 -0.16926214E-02  0.58633657E-02 -0.24918676E-01
 -0.12768876E-02  0.44465190E-02 -0.18885222E-01
 -0.85477879E-03  0.29885220E-02 -0.12685646E-01
 -0.42837336E-03  0.15023095E-02 -0.63716249E-02
  0.21091857E-06  0.17436533E-05  0.76259189E-06
  0.42418058E-02 -0.89868548E-03 -0.32110966E-06
  0.43321933E-02 -0.42809058E-03 -0.44411025E-02
  0.44128564E-02  0.42084607E-04 -0.88733402E-02
  0.44808172E-02  0.50970445E-03 -0.13289544E-01
  0.45335474E-02  0.97274312E-03 -0.17681605E-01
  0.45689769E-02  0.14293417E-02 -0.22040519E-01
  0.45854690E-02  0.18778583E-02 -0.26356211E-01
  0.45817687E-02  0.23169103E-02 -0.30617464E-01
  0.45569310E-02  0.27454043E-02 -0.34811975E-01
  0.45102387E-02  0.31625552E-02 -0.38926533E-01
  0.44411211E-02  0.35678912E-02 -0.42947304E-01
  0.43490812E-02  0.39612469E-02 -0.46860198E-01
  0.42336405E-02  0.43427427E-02 -0.50651293E-01
  0.40943067E-02  0.47127543E-02 -0.54307281E-01
  0.39305679E-02  0.50718723E-02 -0.57815888E-01
  0.37419130E-02  0.54208564E-02 -0.61166246E-01
  0.35278760E-02  0.57605843E-02 -0.64349178E-01
  0.32880986E-02  0.60920010E-02 -0.67357367E-01
  0.30224042E-02  0.64160695E-02 -0.70185414E-01
  0.27308738E-02  0.67337261E-02 -0.72829761E-01
  0.24139153E-02  0.70458428E-02 -0.75288504E-01
  0.20723178E-02  0.73531974E-02 -0.77561106E-01
  0.17072828E-02  0.76564540E-02 -0.79648043E-01
  0.13204276E-02  0.79561521E-02 -0.81550419E-01
  0.91375928E-03  0.82527056E-02 -0.83269580E-01
  0.48961732E-03  0.85464097E-02 -0.84806769E-01
  0.50590798E-04  0.88374547E-02 -0.86162863E-01
 -0.40058590E-03  0.91259444E-02 -0.87338200E-01
 -0.86114981E-03  0.94119176E-02 -0.88332533E-01
 -0.13284295E-02  0.96953703E-02 -0.89145098E-01
 -0.17999586E-02  0.99762763E-02 -0.89774812E-01
 -0.22735727E-02  0.10254606E-01 -0.90220566E-01
 -0.27474819E-02  0.10530340E-01 -0.90481595E-01
 -0.32203127E-02  0.10803477E-01 -0.90557894E-01
 -0.36911144E-02  0.11074043E-01 -0.90450638E-01
 -0.41593309E-02  0.11342085E-01 -0.90162569E-01
 -0.46247389E-02  0.11607667E-01 -0.89698309E-01
 -0.50873577E-02  0.11870867E-01 -0.89064579E-01
 -0.55473399E-02  0.12131759E-01 -0.88270291E-01
 -0.60048494E-02  0.12390407E-01 -0.87326498E-01
 -0.64599399E-02  0.12646853E-01 -0.86246216E-01
 -0.69124426E-02  0.12901105E-01 -0.85044107E-01
 -0.73618732E-02  0.13153134E-01 -0.83736065E-01
 -0.78073665E-02  0.13402866E-01 -0.82338714E-01
 -0.82476438E-02  0.13650186E-01 -0.80868867E-01
 -0.86810164E-02  0.13894937E-01 -0.79342982E-01
 -0.91054245E-02  0.14136930E-01 -0.77776649E-01
 -0.95185097E-02  0.14375951E-01 -0.76184153E-01
 -0.99177139E-02  0.14611773E-01 -0.74578130E-01
 -0.10300397E-01  0.14844165E-01 -0.72969356E-01
 -0.10663963E-01  0.15072910E-01 -0.71366661E-01
 -0.11005989E-01  0.15297807E-01 -0.69776985E-01
 -0.11324337E-01  0.15518683E-01 -0.68205551E-01
 -0.11617251E-01  0.15735399E-01 -0.66656159E-01
 -0.11883422E-01  0.15947844E-01 -0.65131538E-01
 -0.12122020E-01  0.16155939E-01 -0.63633762E-01
 -0.12332697E-01  0.16359621E-01 -0.62164662E-01
 -0.12515545E-01  0.16558832E-01 -0.60726209E-01
 -0.12671027E-01  0.16753502E-01 -0.59320848E-01
 -0.12799884E-01  0.16943525E-01 -0.57951721E-01
 -0.12903017E-01  0.17128734E-01 -0.56622797E-01
 -0.12981370E-01  0.17308872E-01 -0.55338867E-01
 -0.12913407E-01  0.22451180E-01 -0.11311700E+00
 -0.12818029E-01  0.23040969E-01 -0.11103419E+00
 -0.12719212E-01  0.23622262E-01 -0.10896969E+00
 -0.12616667E-01  0.24195421E-01 -0.10692704E+00
 -0.12509681E-01  0.24760527E-01 -0.10490906E+00
 -0.12397115E-01  0.25317345E-01 -0.10291747E+00
 -0.12277442E-01  0.25865309E-01 -0.10095236E+00
 -0.12148806E-01  0.26403493E-01 -0.99011798E-01
 -0.12009116E-01  0.26930589E-01 -0.97091471E-01
 -0.11856150E-01  0.27444885E-01 -0.95184410E-01
 -0.11687673E-01  0.27944236E-01 -0.93280801E-01
 -0.11501556E-01  0.28426034E-01 -0.91367911E-01
 -0.11295890E-01  0.28887178E-01 -0.89430116E-01
 -0.11069083E-01  0.29324032E-01 -0.87449023E-01
 -0.10819940E-01  0.29732390E-01 -0.85403698E-01
 -0.10547717E-01  0.30107439E-01 -0.83270977E-01
 -0.10252152E-01  0.30443727E-01 -0.81025860E-01
 -0.99334651E-02  0.30735143E-01 -0.78641987E-01
 -0.95923419E-02  0.30974914E-01 -0.76092192E-01
 -0.92298909E-02  0.31155629E-01 -0.73349138E-01
 -0.88475889E-02  0.31269298E-01 -0.70386050E-01
 -0.84472166E-02  0.31307452E-01 -0.67177525E-01
 -0.80307907E-02  0.31261298E-01 -0.63700452E-01
 -0.76004975E-02  0.31121928E-01 -0.59935013E-01
 -0.71586323E-02  0.30880585E-01 -0.55865748E-01
 -0.67075490E-02  0.30528994E-01 -0.51482653E-01
 -0.62496195E-02  0.30059728E-01 -0.46782245E-01
 -0.57872063E-02  0.29466617E-01 -0.41768522E-01
 -0.53226447E-02  0.28745159E-01 -0.36453725E-01
 -0.48582351E-02  0.27892916E-01 -0.30858807E-01
 -0.43962417E-02  0.26909859E-01 -0.25013507E-01
 -0.39388959E-02  0.25798625E-01 -0.18955975E-01
 -0.34884006E-02  0.24564665E-01 -0.12731895E-01
 -0.30469331E-02  0.23216249E-01 -0.63931214E-02
 -0.26166451E-02  0.21764326E-01  0.41071909E-05
  0.84613709E-02 -0.17968295E-02 -0.78765939E-06
  0.85377602E-02 -0.13295908E-02 -0.44417395E-02
  0.85988412E-02 -0.86094284E-03 -0.88735850E-02
  0.86423791E-02 -0.39296807E-03 -0.13289418E-01
  0.86667872E-02  0.72345946E-04 -0.17681656E-01
  0.86710554E-02  0.53316449E-03 -0.22041709E-01
  0.86546314E-02  0.98785830E-03 -0.26359752E-01
  0.86172693E-02  0.14350479E-02 -0.30624629E-01
  0.85588628E-02  0.18736376E-02 -0.34823902E-01
  0.84792815E-02  0.23028366E-02 -0.38944037E-01
  0.83782294E-02  0.27221672E-02 -0.42970724E-01
  0.82551396E-02  0.31314581E-02 -0.46889288E-01
  0.81091182E-02  0.35308250E-02 -0.50685177E-01
  0.79389438E-02  0.39206384E-02 -0.54344467E-01
  0.77431237E-02  0.43014816E-02 -0.57854352E-01
  0.75200018E-02  0.46741015E-02 -0.61203569E-01
  0.72679082E-02  0.50393543E-02 -0.64382730E-01
  0.69853370E-02  0.53981510E-02 -0.67384520E-01
  0.66711327E-02  0.57514058E-02 -0.70203759E-01
  0.63246692E-02  0.60999882E-02 -0.72837320E-01
  0.59459997E-02  0.64446855E-02 -0.75283899E-01
  0.55359640E-02  0.67861727E-02 -0.77543691E-01
  0.50962384E-02  0.71249955E-02 -0.79617961E-01
  0.46293230E-02  0.74615629E-02 -0.81508601E-01
  0.41384616E-02  0.77961511E-02 -0.83217663E-01
  0.36275018E-02  0.81289161E-02 -0.84746965E-01
  0.31007020E-02  0.84599141E-02 -0.86097758E-01
  0.25625027E-02  0.87891258E-02 -0.87270529E-01
  0.20172784E-02  0.91164839E-02 -0.88264936E-01
  0.14690929E-02  0.94418995E-02 -0.89079880E-01
  0.92147575E-03  0.97652865E-02 -0.89713734E-01
  0.37724082E-03  0.10086581E-01 -0.90164674E-01
 -0.16163756E-03  0.10405757E-01 -0.90431120E-01
 -0.69408093E-03  0.10722829E-01 -0.90512216E-01
 -0.12198894E-02  0.11037859E-01 -0.90408329E-01
 -0.17396522E-02  0.11350945E-01 -0.90121502E-01
 -0.22545923E-02  0.11662215E-01 -0.89655838E-01
 -0.27663590E-02  0.11971808E-01 -0.89017759E-01
 -0.32767845E-02  0.12279862E-01 -0.88216134E-01
 -0.37876245E-02  0.12586494E-01 -0.87262233E-01
 -0.43003051E-02  0.12891786E-01 -0.86169537E-01
 -0.48156966E-02  0.13195774E-01 -0.84953388E-01
 -0.53339316E-02  0.13498434E-01 -0.83630518E-01
 -0.58542848E-02  0.13799687E-01 -0.82218484E-01
 -0.63751223E-02  0.14099392E-01 -0.80735053E-01
 -0.68939255E-02  0.14397360E-01 -0.79197580E-01
 -0.74073872E-02  0.14693359E-01 -0.77622427E-01
 -0.79115727E-02  0.14987131E-01 -0.76024459E-01
 -0.84021321E-02  0.15278411E-01 -0.74416664E-01
 -0.88745465E-02  0.15566936E-01 -0.72809906E-01
 -0.93243891E-02  0.15852470E-01 -0.71212840E-01
 -0.97475802E-02  0.16134812E-01 -0.69631980E-01
 -0.10140615E-01  0.16413808E-01 -0.68071911E-01
 -0.10500746E-01  0.16689354E-01 -0.66535634E-01
 -0.10826112E-01  0.16961396E-01 -0.65024985E-01
 -0.11115792E-01  0.17229923E-01 -0.63541120E-01
 -0.11369792E-01  0.17494953E-01 -0.62085000E-01
 -0.11588966E-01  0.17756515E-01 -0.60657851E-01
 -0.11774864E-01  0.18014622E-01 -0.59261540E-01
 -0.11929544E-01  0.18269248E-01 -0.57898857E-01
 -0.12055338E-01  0.18520289E-01 -0.56573660E-01
 -0.12154613E-01  0.18767538E-01 -0.55290879E-01
 -0.19847520E-01  0.25339833E-01 -0.11355075E+00
 -0.19511220E-01  0.26465107E-01 -0.11149375E+00
 -0.19182895E-01  0.27582464E-01 -0.10945249E+00
 -0.18862773E-01  0.28693586E-01 -0.10743133E+00
 -0.18550228E-01  0.29799809E-01 -0.10543395E+00
 -0.18243779E-01  0.30902099E-01 -0.10346282E+00
 -0.17941158E-01  0.32001032E-01 -0.10151866E+00
 -0.17639434E-01  0.33096768E-01 -0.99599962E-01
 -0.17335185E-01  0.34189029E-01 -0.97702611E-01
 -0.17024703E-01  0.35277067E-01 -0.95819579E-01
 -0.16704220E-01  0.36359627E-01 -0.93940741E-01
 -0.16370128E-01  0.37434891E-01 -0.92052813E-01
 -0.16019198E-01  0.38500411E-01 -0.90139414E-01
 -0.15648754E-01  0.39553027E-01 -0.88181237E-01
 -0.15256825E-01  0.40588767E-01 -0.86156334E-01
 -0.14842232E-01  0.41602736E-01 -0.84040492E-01
 -0.14404639E-01  0.42589004E-01 -0.81807690E-01
 -0.13944543E-01  0.43540489E-01 -0.79430641E-01
 -0.13463224E-01  0.44448861E-01 -0.76881391E-01
 -0.12962657E-01  0.45304468E-01 -0.74132007E-01
 -0.12445392E-01  0.46096306E-01 -0.71155321E-01
 -0.11914423E-01  0.46812057E-01 -0.67925766E-01
 -0.11373047E-01  0.47438190E-01 -0.64420288E-01
 -0.10824733E-01  0.47960170E-01 -0.60619325E-01
 -0.10272998E-01  0.48362757E-01 -0.56507852E-01
 -0.97213134E-02  0.48630423E-01 -0.52076433E-01
 -0.91730298E-02  0.48747867E-01 -0.47322254E-01
 -0.86313268E-02  0.48700622E-01 -0.42250035E-01
 -0.80991901E-02  0.48475726E-01 -0.36872757E-01
 -0.75794078E-02  0.48062418E-01 -0.31212093E-01
 -0.70745818E-02  0.47452815E-01 -0.25298467E-01
 -0.65871509E-02  0.46642511E-01 -0.19170653E-01
 -0.61194170E-02  0.45631052E-01 -0.12874904E-01
 -0.56735700E-02  0.44422233E-01 -0.64635876E-02
 -0.52517069E-02  0.43024181E-01  0.65861523E-05
  0.12636497E-01 -0.26931365E-02 -0.11083867E-05
  0.12693124E-01 -0.22316350E-02 -0.44429532E-02
  0.12729509E-01 -0.17668619E-02 -0.88758182E-02
  0.12744235E-01 -0.13008058E-02 -0.13293593E-01
  0.12736667E-01 -0.83537786E-03 -0.17689346E-01
  0.12706805E-01 -0.37235440E-03 -0.22054907E-01
  0.12655088E-01  0.86676504E-04 -0.26380591E-01
  0.12582155E-01  0.54036150E-03 -0.30655075E-01
  0.12488605E-01  0.98761823E-03 -0.34865447E-01
  0.12374770E-01  0.14276594E-02 -0.38997434E-01
  0.12240529E-01  0.18600028E-02 -0.43035781E-01
  0.12085187E-01  0.22844670E-02 -0.46964757E-01
  0.11907424E-01  0.27011523E-02 -0.50768735E-01
  0.11705329E-01  0.31104092E-02 -0.54432807E-01
  0.11476515E-01  0.35127944E-02 -0.57943375E-01
  0.11218309E-01  0.39090205E-02 -0.61288655E-01
  0.10927987E-01  0.42998998E-02 -0.64459075E-01
  0.10603052E-01  0.46862868E-02 -0.67447504E-01
  0.10241515E-01  0.50690250E-02 -0.70249309E-01
  0.98421546E-02  0.54488977E-02 -0.72862241E-01
  0.94047346E-02  0.58265896E-02 -0.75286140E-01
  0.89301482E-02  0.62026585E-02 -0.77522514E-01
  0.84204809E-02  0.65775192E-02 -0.79574013E-01
  0.78789791E-02  0.69514403E-02 -0.81443854E-01
  0.73099235E-02  0.73245522E-02 -0.83135258E-01
  0.67184165E-02  0.76968653E-02 -0.84650938E-01
  0.61100979E-02  0.80682951E-02 -0.85992700E-01
  0.54908125E-02  0.84386936E-02 -0.87161191E-01
  0.48662556E-02  0.88078804E-02 -0.88155814E-01
  0.42416257E-02  0.91756747E-02 -0.88974827E-01
  0.36213143E-02  0.95419219E-02 -0.89615617E-01
  0.30086582E-02  0.99065151E-02 -0.90075122E-01
  0.24057756E-02  0.10269409E-01 -0.90350370E-01
  0.18135014E-02  0.10630625E-01 -0.90439085E-01
  0.12314264E-02  0.10990249E-01 -0.90340301E-01
  0.65803864E-03  0.11348423E-01 -0.90054938E-01
  0.90955415E-04  0.11705326E-01 -0.89586282E-01
 -0.47277255E-03  0.12061158E-01 -0.88940317E-01
 -0.10363100E-02  0.12416113E-01 -0.88125894E-01
 -0.16026672E-02  0.12770362E-01 -0.87154695E-01
 -0.21743426E-02  0.13124033E-01 -0.86041013E-01
 -0.27530055E-02  0.13477191E-01 -0.84801339E-01
 -0.33392461E-02  0.13829834E-01 -0.83453802E-01
 -0.39324129E-02  0.14181886E-01 -0.82017496E-01
 -0.45305500E-02  0.14533198E-01 -0.80511739E-01
 -0.51304391E-02  0.14883563E-01 -0.78955334E-01
 -0.57277433E-02  0.15232725E-01 -0.77365869E-01
 -0.63172404E-02  0.15580399E-01 -0.75759124E-01
 -0.68931259E-02  0.15926294E-01 -0.74148614E-01
 -0.74493630E-02  0.16270132E-01 -0.72545308E-01
 -0.79800494E-02  0.16611669E-01 -0.70957537E-01
 -0.84797732E-02  0.16950709E-01 -0.69391097E-01
 -0.89439303E-02  0.17287121E-01 -0.67849517E-01
 -0.93689770E-02  0.17620838E-01 -0.66334492E-01
 -0.97526004E-02  0.17951858E-01 -0.64846410E-01
 -0.10093794E-01  0.18280233E-01 -0.63384952E-01
 -0.10392832E-01  0.18606054E-01 -0.61949696E-01
 -0.10651150E-01  0.18929426E-01 -0.60540681E-01
 -0.10871138E-01  0.19250438E-01 -0.59158876E-01
 -0.11055867E-01  0.19569129E-01 -0.57806530E-01
 -0.11208768E-01  0.19885456E-01 -0.56487352E-01
 -0.11333296E-01  0.20199249E-01 -0.55206522E-01
 -0.26371309E-01  0.28201701E-01 -0.11425258E+00
 -0.25812487E-01  0.29837775E-01 -0.11223713E+00
 -0.25271437E-01  0.31466154E-01 -0.11023315E+00
 -0.24748846E-01  0.33089788E-01 -0.10824638E+00
 -0.24244195E-01  0.34711245E-01 -0.10628184E+00
 -0.23755760E-01  0.36332685E-01 -0.10434323E+00
 -0.23280713E-01  0.37955827E-01 -0.10243225E+00
 -0.22815289E-01  0.39581927E-01 -0.10054810E+00
 -0.22355028E-01  0.41211741E-01 -0.98686968E-01
 -0.21895058E-01  0.42845483E-01 -0.96841755E-01
 -0.21430410E-01  0.44482772E-01 -0.95001848E-01
 -0.20956321E-01  0.46122544E-01 -0.93153101E-01
 -0.20468533E-01  0.47762956E-01 -0.91277941E-01
 -0.19963536E-01  0.49401255E-01 -0.89355624E-01
 -0.19438770E-01  0.51033620E-01 -0.87362605E-01
 -0.18892748E-01  0.52654993E-01 -0.85273017E-01
 -0.18325116E-01  0.54258883E-01 -0.83059234E-01
 -0.17736643E-01  0.55837176E-01 -0.80692499E-01
 -0.17129138E-01  0.57379952E-01 -0.78143623E-01
 -0.16505329E-01  0.58875334E-01 -0.75383719E-01
 -0.15868692E-01  0.60309389E-01 -0.72385006E-01
 -0.15223257E-01  0.61666106E-01 -0.69121652E-01
 -0.14573417E-01  0.62927472E-01 -0.65570686E-01
 -0.13923734E-01  0.64073676E-01 -0.61712951E-01
 -0.13278768E-01  0.65083453E-01 -0.57534104E-01
 -0.12642942E-01  0.65934579E-01 -0.53025609E-01
 -0.12020431E-01  0.66604525E-01 -0.48185708E-01
 -0.11415101E-01  0.67071245E-01 -0.43020263E-01
 -0.10830469E-01  0.67314077E-01 -0.37543424E-01
 -0.10269706E-01  0.67314705E-01 -0.31778010E-01
 -0.97356579E-02  0.67058131E-01 -0.25755522E-01
 -0.92308824E-02  0.66533570E-01 -0.19515724E-01
 -0.87576964E-02  0.65735217E-01 -0.13105763E-01
 -0.83182205E-02  0.64662792E-01 -0.65788132E-02
 -0.79144172E-02  0.63321825E-01  0.76769951E-05
  0.16744506E-01 -0.35851175E-02 -0.12466684E-05
  0.16777438E-01 -0.31311114E-02 -0.44447679E-02
  0.16785952E-01 -0.26719372E-02 -0.88801439E-02
  0.16769426E-01 -0.22094599E-02 -0.13302177E-01
  0.16728077E-01 -0.17454878E-02 -0.17704623E-01
  0.16662759E-01 -0.12817158E-02 -0.22079685E-01
  0.16574705E-01 -0.81967198E-03 -0.26417677E-01
  0.16465231E-01 -0.36066999E-03 -0.30706878E-01
  0.16335450E-01  0.94229683E-04 -0.34933605E-01
  0.16186004E-01  0.54424619E-03 -0.39082493E-01
  0.16016857E-01  0.98889107E-03 -0.43136967E-01
  0.15827168E-01  0.14279660E-02 -0.47079867E-01
  0.15615257E-01  0.18615458E-02 -0.50894160E-01
  0.15378669E-01  0.22899466E-02 -0.54563689E-01
  0.15114340E-01  0.27136838E-02 -0.58073886E-01
  0.14818840E-01  0.31334193E-02 -0.61412384E-01
  0.14488682E-01  0.35499047E-02 -0.64569477E-01
  0.14120661E-01  0.39639231E-02 -0.67538385E-01
  0.13712208E-01  0.43762330E-02 -0.70315304E-01
  0.13261697E-01  0.47875199E-02 -0.72899226E-01
  0.12768704E-01  0.51983564E-02 -0.75291562E-01
  0.12234181E-01  0.56091753E-02 -0.77495591E-01
  0.11660513E-01  0.60202550E-02 -0.79515793E-01
  0.11051478E-01  0.64317195E-02 -0.81357126E-01
  0.10412080E-01  0.68435498E-02 -0.83024311E-01
  0.97482890E-02  0.72556066E-02 -0.84521200E-01
  0.90666878E-02  0.76676613E-02 -0.85850276E-01
  0.83740744E-02  0.80794311E-02 -0.87012340E-01
  0.76770342E-02  0.84906162E-02 -0.88006417E-01
  0.69815270E-02  0.89009346E-02 -0.88829883E-01
  0.62925205E-02  0.93101533E-02 -0.89478812E-01
  0.56137013E-02  0.97181101E-02 -0.89948511E-01
  0.49472886E-02  0.10124729E-01 -0.90234198E-01
  0.42939661E-02  0.10530025E-01 -0.90331758E-01
  0.36529389E-02  0.10934098E-01 -0.90238522E-01
  0.30221103E-02  0.11337120E-01 -0.89953987E-01
  0.23983670E-02  0.11739316E-01 -0.89480413E-01
  0.17779456E-02  0.12140940E-01 -0.88823261E-01
  0.11568552E-02  0.12542243E-01 -0.87991394E-01
  0.53131709E-03  0.12943454E-01 -0.86997063E-01
 -0.10181023E-03  0.13344749E-01 -0.85855632E-01
 -0.74465834E-03  0.13746239E-01 -0.84585091E-01
 -0.13980567E-02  0.14147953E-01 -0.83205377E-01
 -0.20613452E-02  0.14549834E-01 -0.81737558E-01
 -0.27323064E-02  0.14951745E-01 -0.80202936E-01
 -0.34072214E-02  0.15353478E-01 -0.78622154E-01
 -0.40810467E-02  0.15754770E-01 -0.77014351E-01
 -0.47476936E-02  0.16155326E-01 -0.75396448E-01
 -0.54003917E-02  0.16554846E-01 -0.73782606E-01
 -0.60321035E-02  0.16953043E-01 -0.72183904E-01
 -0.66359585E-02  0.17349674E-01 -0.70608235E-01
 -0.72056731E-02  0.17744555E-01 -0.69060455E-01
 -0.77359217E-02  0.18137574E-01 -0.67542733E-01
 -0.82226322E-02  0.18528700E-01 -0.66055091E-01
 -0.86631821E-02  0.18917977E-01 -0.64596073E-01
 -0.90564834E-02  0.19305512E-01 -0.63163489E-01
 -0.94029487E-02  0.19691461E-01 -0.61755166E-01
 -0.97043451E-02  0.20075995E-01 -0.60369650E-01
 -0.99635486E-02  0.20459269E-01 -0.59006792E-01
 -0.10184219E-01  0.20841386E-01 -0.57668174E-01
 -0.10370422E-01  0.21222351E-01 -0.56357339E-01
 -0.10526232E-01  0.21602039E-01 -0.55079806E-01
 -0.32380031E-01  0.31044032E-01 -0.11519004E+00
 -0.31624377E-01  0.33156738E-01 -0.11323064E+00
 -0.30893963E-01  0.35261634E-01 -0.11127699E+00
 -0.30189849E-01  0.37362860E-01 -0.10933657E+00
 -0.29511647E-01  0.39464165E-01 -0.10741613E+00
 -0.28857532E-01  0.41568869E-01 -0.10552091E+00
 -0.28224354E-01  0.43679817E-01 -0.10365389E+00
 -0.27607854E-01  0.45799341E-01 -0.10181514E+00
 -0.27002936E-01  0.47929207E-01 -0.10000127E+00
 -0.26404016E-01  0.50070556E-01 -0.98205080E-01
 -0.25805379E-01  0.52223818E-01 -0.96415336E-01
 -0.25201555E-01  0.54388607E-01 -0.94616796E-01
 -0.24587656E-01  0.56563579E-01 -0.92790379E-01
 -0.23959678E-01  0.58746261E-01 -0.90913508E-01
 -0.23314726E-01  0.60932849E-01 -0.88960607E-01
 -0.22651167E-01  0.63117977E-01 -0.86903702E-01
 -0.21968699E-01  0.65294468E-01 -0.84713118E-01
 -0.21268334E-01  0.67453078E-01 -0.82358229E-01
 -0.20552309E-01  0.69582251E-01 -0.79808259E-01
 -0.19823927E-01  0.71667912E-01 -0.77033110E-01
 -0.19087362E-01  0.73693320E-01 -0.74004213E-01
 -0.18347426E-01  0.75639006E-01 -0.70695400E-01
 -0.17609332E-01  0.77482839E-01 -0.67083813E-01
 -0.16878462E-01  0.79200239E-01 -0.63150822E-01
 -0.16160163E-01  0.80764562E-01 -0.58882964E-01
 -0.15459572E-01  0.82147675E-01 -0.54272876E-01
 -0.14781489E-01  0.83320726E-01 -0.49320169E-01
 -0.14130290E-01  0.84255086E-01 -0.44032191E-01
 -0.13509884E-01  0.84923443E-01 -0.38424615E-01
 -0.12923709E-01  0.85300986E-01 -0.32521744E-01
 -0.12374760E-01  0.85366612E-01 -0.26356479E-01
 -0.11865636E-01  0.85104070E-01 -0.19969868E-01
 -0.11398600E-01  0.84502959E-01 -0.13410209E-01
 -0.10975640E-01  0.83559478E-01 -0.67317102E-02
 -0.10598523E-01  0.82276872E-01  0.72334830E-05
  0.20762350E-01 -0.44687848E-02 -0.11918434E-05
  0.20769762E-01 -0.40232740E-02 -0.44471662E-02
  0.20749377E-01 -0.35706507E-02 -0.88864468E-02
  0.20701247E-01 -0.31126429E-02 -0.13314758E-01
  0.20626245E-01 -0.26509445E-02 -0.17726497E-01
  0.20525828E-01 -0.21871615E-02 -0.22114144E-01
  0.20401747E-01 -0.17227580E-02 -0.26467861E-01
  0.20255731E-01 -0.12590074E-02 -0.30775334E-01
  0.20089178E-01 -0.79695165E-03 -0.35021882E-01
  0.19902876E-01 -0.33737153E-03 -0.39190805E-01
  0.19696804E-01  0.11922900E-03 -0.43263969E-01
  0.19470006E-01  0.57262363E-03 -0.47222562E-01
  0.19220578E-01  0.10228489E-02 -0.51047958E-01
  0.18945759E-01  0.14701745E-02 -0.54722617E-01
  0.18642124E-01  0.19150616E-02 -0.58230928E-01
  0.18305859E-01  0.23581104E-02 -0.61559935E-01
  0.17933108E-01  0.28000031E-02 -0.64699869E-01
  0.17520345E-01  0.32414438E-02 -0.67644438E-01
  0.17064743E-01  0.36831027E-02 -0.70390855E-01
  0.16564519E-01  0.41255652E-02 -0.72939591E-01
  0.16019194E-01  0.45692930E-02 -0.75293892E-01
  0.15429773E-01  0.50145960E-02 -0.77459081E-01
  0.14798807E-01  0.54616203E-02 -0.79441732E-01
  0.14130328E-01  0.59103489E-02 -0.81248770E-01
  0.13429673E-01  0.63606169E-02 -0.82886605E-01
  0.12703190E-01  0.68121380E-02 -0.84360350E-01
  0.11957871E-01  0.72645390E-02 -0.85673224E-01
  0.11200911E-01  0.77174004E-02 -0.86826175E-01
  0.10439263E-01  0.81702975E-02 -0.87817775E-01
  0.96791971E-02  0.86228401E-02 -0.88644383E-01
  0.89259180E-02  0.90747059E-02 -0.89300584E-01
  0.81832618E-02  0.95256663E-02 -0.89779848E-01
  0.74535067E-02  0.99756017E-02 -0.90075364E-01
  0.67373077E-02  0.10424507E-01 -0.90180975E-01
  0.60337629E-02  0.10872484E-01 -0.90092123E-01
  0.53406080E-02  0.11319727E-01 -0.89806738E-01
  0.46545205E-02  0.11766500E-01 -0.89325974E-01
  0.39715115E-02  0.12213106E-01 -0.88654733E-01
  0.32873717E-02  0.12659856E-01 -0.87801933E-01
  0.25981358E-02  0.13107039E-01 -0.86780483E-01
  0.19005277E-02  0.13554893E-01 -0.85606967E-01
  0.11923497E-02  0.14003583E-01 -0.84301065E-01
  0.47278595E-03  0.14453186E-01 -0.82884735E-01
 -0.25740590E-03  0.14903683E-01 -0.81381242E-01
 -0.99582843E-03  0.15354967E-01 -0.79814089E-01
 -0.17385089E-02  0.15806845E-01 -0.78205949E-01
 -0.24800884E-02  0.16259067E-01 -0.76577666E-01
 -0.32141201E-02  0.16711341E-01 -0.74947405E-01
 -0.39334516E-02  0.17163366E-01 -0.73330025E-01
 -0.46306616E-02  0.17614858E-01 -0.71736697E-01
 -0.52985147E-02  0.18065577E-01 -0.70174812E-01
 -0.59303991E-02  0.18515349E-01 -0.68648166E-01
 -0.65207133E-02  0.18964082E-01 -0.67157411E-01
 -0.70651713E-02  0.19411772E-01 -0.65700711E-01
 -0.75610048E-02  0.19858500E-01 -0.64274568E-01
 -0.80070462E-02  0.20304424E-01 -0.62874729E-01
 -0.84036905E-02  0.20749751E-01 -0.61497099E-01
 -0.87527376E-02  0.21194713E-01 -0.60138592E-01
 -0.90571331E-02  0.21639527E-01 -0.58797842E-01
 -0.93206257E-02  0.22084352E-01 -0.57475720E-01
 -0.95473725E-02  0.22529249E-01 -0.56175610E-01
 -0.38731027E-01  0.31315966E-01 -0.11820026E+00
 -0.37783076E-01  0.33877177E-01 -0.11632035E+00
 -0.36862169E-01  0.36424723E-01 -0.11443004E+00
 -0.35971106E-01  0.38964118E-01 -0.11253859E+00
 -0.35111216E-01  0.41500581E-01 -0.11065544E+00
 -0.34282272E-01  0.44038961E-01 -0.10878923E+00
 -0.33482509E-01  0.46583671E-01 -0.10694694E+00
 -0.32708753E-01  0.49138627E-01 -0.10513297E+00
 -0.31956642E-01  0.51707182E-01 -0.10334836E+00
 -0.31220928E-01  0.54292050E-01 -0.10159019E+00
 -0.30495838E-01  0.56895219E-01 -0.99851108E-01
 -0.29775462E-01  0.59517834E-01 -0.98119216E-01
 -0.29054140E-01  0.62160061E-01 -0.96378034E-01
 -0.28326833E-01  0.64820910E-01 -0.94606782E-01
 -0.27589431E-01  0.67498025E-01 -0.92780831E-01
 -0.26839002E-01  0.70187445E-01 -0.90872321E-01
 -0.26073952E-01  0.72883333E-01 -0.88850911E-01
 -0.25294102E-01  0.75577678E-01 -0.86684617E-01
 -0.24500669E-01  0.78260005E-01 -0.84340707E-01
 -0.23696176E-01  0.80917090E-01 -0.81786621E-01
 -0.22884286E-01  0.83532718E-01 -0.78990891E-01
 -0.22069591E-01  0.86087509E-01 -0.75924061E-01
 -0.21257365E-01  0.88558845E-01 -0.72559592E-01
 -0.20453308E-01  0.90920938E-01 -0.68874762E-01
 -0.19663294E-01  0.93145058E-01 -0.64851553E-01
 -0.18893148E-01  0.95199968E-01 -0.60477529E-01
 -0.18148451E-01  0.97052561E-01 -0.55746681E-01
 -0.17434395E-01  0.98668731E-01 -0.50660210E-01
 -0.16755680E-01  0.10001443E+00 -0.45227193E-01
 -0.16116463E-01  0.10105693E+00 -0.39465068E-01
 -0.15520344E-01  0.10176613E+00 -0.33399870E-01
 -0.14970394E-01  0.10211600E+00 -0.27066124E-01
 -0.14469200E-01  0.10208585E+00 -0.20506366E-01
 -0.14018933E-01  0.10166155E+00 -0.13770227E-01
 -0.13621417E-01  0.10083641E+00 -0.69131060E-02
 -0.13278191E-01  0.99611731E-01  0.55177576E-05
  0.24666772E-01 -0.53386659E-02 -0.96062614E-06
  0.24648928E-01 -0.49018530E-02 -0.44500710E-02
  0.24600675E-01 -0.44559138E-02 -0.88943633E-02
  0.24522539E-01 -0.40024416E-02 -0.13330387E-01
  0.24415779E-01 -0.35430232E-02 -0.17753065E-01
  0.24282144E-01 -0.30791857E-02 -0.22155018E-01
  0.24123583E-01 -0.26123424E-02 -0.26526118E-01
  0.23941941E-01 -0.21437426E-02 -0.30853329E-01
  0.23738660E-01 -0.16744272E-02 -0.35120845E-01
  0.23514526E-01 -0.12051955E-02 -0.39310533E-01
  0.23269482E-01 -0.73658570E-03 -0.43402620E-01
  0.23002533E-01 -0.26886973E-03 -0.47376595E-01
  0.22711741E-01  0.19793483E-03 -0.51212222E-01
  0.22394338E-01  0.66403799E-03 -0.54890583E-01
  0.22046918E-01  0.11298368E-02 -0.58395065E-01
  0.21665725E-01  0.15958641E-02 -0.61712179E-01
  0.21246989E-01  0.20627305E-02 -0.64832162E-01
  0.20787289E-01  0.25310644E-02 -0.67749293E-01
  0.20283916E-01  0.30014533E-02 -0.70461881E-01
  0.19735192E-01  0.34743931E-02 -0.72971961E-01
  0.19140727E-01  0.39502466E-02 -0.75284679E-01
  0.18501577E-01  0.44292154E-02 -0.77407462E-01
  0.17820295E-01  0.49113277E-02 -0.79349015E-01
  0.17100868E-01  0.53964399E-02 -0.81118265E-01
  0.16348531E-01  0.58842539E-02 -0.82723319E-01
  0.15569491E-01  0.63743458E-02 -0.84170556E-01
  0.14770558E-01  0.68662048E-02 -0.85463923E-01
  0.13958736E-01  0.73592775E-02 -0.86604507E-01
  0.13140785E-01  0.78530132E-02 -0.87590410E-01
  0.12322808E-01  0.83469084E-02 -0.88416973E-01
  0.11509890E-01  0.88405438E-02 -0.89077286E-01
  0.10705809E-01  0.93336138E-02 -0.89562990E-01
  0.99128671E-02  0.98259436E-02 -0.89865261E-01
  0.91318273E-02  0.10317496E-01 -0.89975921E-01
  0.83619848E-02  0.10808365E-01 -0.89888559E-01
  0.76013540E-02  0.11298757E-01 -0.89599573E-01
  0.68469602E-02  0.11788969E-01 -0.89109045E-01
  0.60952120E-02  0.12279353E-01 -0.88421360E-01
  0.53423241E-02  0.12770281E-01 -0.87545519E-01
  0.45847550E-02  0.13262108E-01 -0.86495116E-01
  0.38196256E-02  0.13755144E-01 -0.85287974E-01
  0.30450833E-02  0.14249622E-01 -0.83945463E-01
  0.22605841E-02  0.14745683E-01 -0.82491558E-01
  0.14670689E-02  0.15243365E-01 -0.80951705E-01
  0.66702118E-03  0.15742602E-01 -0.79351583E-01
 -0.13559816E-03  0.16243239E-01 -0.77715866E-01
 -0.93553272E-03  0.16745047E-01 -0.76067067E-01
 -0.17265142E-02  0.17247751E-01 -0.74424566E-01
 -0.25016241E-02  0.17751058E-01 -0.72803886E-01
 -0.32537049E-02  0.18254687E-01 -0.71216270E-01
 -0.39757871E-02  0.18758405E-01 -0.69668591E-01
 -0.46614984E-02  0.19262042E-01 -0.68163585E-01
 -0.53054247E-02  0.19765520E-01 -0.66700389E-01
 -0.59033926E-02  0.20268854E-01 -0.65275330E-01
 -0.64526548E-02  0.20772155E-01 -0.63882896E-01
 -0.69519646E-02  0.21275619E-01 -0.62516804E-01
 -0.74015343E-02  0.21779501E-01 -0.61171078E-01
 -0.78028847E-02  0.22284087E-01 -0.59841042E-01
 -0.81585971E-02  0.22789651E-01 -0.58524156E-01
 -0.84719902E-02  0.23296414E-01 -0.57220617E-01
 -0.87467478E-02  0.23804491E-01 -0.55933688E-01
 -0.43582995E-01  0.33764711E-01 -0.11938276E+00
 -0.42504341E-01  0.36714633E-01 -0.11759293E+00
 -0.41453987E-01  0.39649645E-01 -0.11578316E+00
 -0.40434886E-01  0.42576135E-01 -0.11396455E+00
 -0.39448537E-01  0.45500255E-01 -0.11214848E+00
 -0.38494912E-01  0.48427827E-01 -0.11034551E+00
 -0.37572487E-01  0.51364254E-01 -0.10856435E+00
 -0.36678373E-01  0.54314424E-01 -0.10681081E+00
 -0.35808528E-01  0.57282612E-01 -0.10508689E+00
 -0.34958062E-01  0.60272375E-01 -0.10339010E+00
 -0.34121571E-01  0.63286426E-01 -0.10171298E+00
 -0.33293522E-01  0.66326490E-01 -0.10004288E+00
 -0.32468623E-01  0.69393128E-01 -0.98362083E-01
 -0.31642175E-01  0.72485531E-01 -0.96648072E-01
 -0.30810379E-01  0.75601282E-01 -0.94874123E-01
 -0.29970572E-01  0.78736086E-01 -0.93010048E-01
 -0.29121390E-01  0.81883465E-01 -0.91023086E-01
 -0.28262843E-01  0.85034451E-01 -0.88878897E-01
 -0.27396306E-01  0.88177264E-01 -0.86542595E-01
 -0.26524434E-01  0.91297014E-01 -0.83979789E-01
 -0.25651008E-01  0.94375450E-01 -0.81157611E-01
 -0.24780732E-01  0.97390784E-01 -0.78045699E-01
 -0.23918999E-01  0.10031762E+00 -0.74617143E-01
 -0.23071635E-01  0.10312704E+00 -0.70849376E-01
 -0.22244659E-01  0.10578687E+00 -0.66725038E-01
 -0.21444050E-01  0.10826211E+00 -0.62232783E-01
 -0.20675551E-01  0.11051570E+00 -0.57368048E-01
 -0.19944515E-01  0.11250941E+00 -0.52133729E-01
 -0.19255790E-01  0.11420500E+00 -0.46540748E-01
 -0.18613656E-01  0.11556556E+00 -0.40608439E-01
 -0.18021800E-01  0.11655700E+00 -0.34364691E-01
 -0.17483325E-01  0.11714952E+00 -0.27845779E-01
 -0.17000794E-01  0.11731907E+00 -0.21095836E-01
 -0.16576285E-01  0.11704865E+00 -0.14165926E-01
 -0.16211462E-01  0.11632930E+00 -0.71127301E-02
 -0.15907636E-01  0.11516075E+00  0.31108164E-05
  0.28434663E-01 -0.61881262E-02 -0.59445422E-06
  0.28393610E-01 -0.57594777E-02 -0.44533302E-02
  0.28320220E-01 -0.53195953E-02 -0.89032809E-02
  0.28215241E-01 -0.48699576E-02 -0.13347631E-01
  0.28080011E-01 -0.44120685E-02 -0.17781654E-01
  0.27916238E-01 -0.39474042E-02 -0.22197961E-01
  0.27725739E-01 -0.34773583E-02 -0.26586031E-01
  0.27510182E-01 -0.30031881E-02 -0.30932048E-01
  0.27270831E-01 -0.25259657E-02 -0.35219088E-01
  0.27008339E-01 -0.20465405E-02 -0.39427632E-01
  0.26722599E-01 -0.15655130E-02 -0.43536371E-01
  0.26412675E-01 -0.10832257E-02 -0.47523224E-01
  0.26076815E-01 -0.59977004E-03 -0.51366497E-01
  0.25712564E-01 -0.11500976E-03 -0.55046049E-01
  0.25316940E-01  0.37138051E-03 -0.58544399E-01
  0.24886690E-01  0.85986502E-03 -0.61847636E-01
  0.24418591E-01  0.13509886E-02 -0.64946068E-01
  0.23909757E-01  0.18453149E-02 -0.67834555E-01
  0.23357959E-01  0.23433664E-02 -0.70512468E-01
  0.22761887E-01  0.28455703E-02 -0.72983309E-01
  0.22121371E-01  0.33522149E-02 -0.75253995E-01
  0.21437507E-01  0.38634197E-02 -0.77333887E-01
  0.20712694E-01  0.43791212E-02 -0.79233648E-01
  0.19950570E-01  0.48990740E-02 -0.80964021E-01
  0.19155853E-01  0.54228690E-02 -0.82534658E-01
  0.18334095E-01  0.59499634E-02 -0.83953085E-01
  0.17491368E-01  0.64797230E-02 -0.85223911E-01
  0.16633910E-01  0.70114690E-02 -0.86348351E-01
  0.15767759E-01  0.75445293E-02 -0.87324104E-01
  0.14898400E-01  0.80782863E-02 -0.88145607E-01
  0.14030461E-01  0.86122193E-02 -0.88804639E-01
  0.13167475E-01  0.91459375E-02 -0.89291231E-01
  0.12311738E-01  0.96792019E-02 -0.89594796E-01
  0.11464257E-01  0.10211933E-01 -0.89705391E-01
  0.10624817E-01  0.10744206E-01 -0.89614991E-01
  0.97921398E-02  0.11276235E-01 -0.89318676E-01
  0.89641249E-02  0.11808342E-01 -0.88815617E-01
  0.81381680E-02  0.12340928E-01 -0.88109777E-01
  0.73115115E-02  0.12874426E-01 -0.87210265E-01
  0.64816095E-02  0.13409267E-01 -0.86131314E-01
  0.56464751E-02  0.13945840E-01 -0.84891862E-01
  0.48049810E-02  0.14484459E-01 -0.83514793E-01
  0.39570907E-02  0.15025342E-01 -0.82025871E-01
  0.31040013E-02  0.15568595E-01 -0.80452468E-01
  0.22481868E-02  0.16114216E-01 -0.78822178E-01
  0.13933405E-02  0.16662093E-01 -0.77161425E-01
  0.54421955E-03  0.17212034E-01 -0.75494176E-01
 -0.29359359E-03  0.17763784E-01 -0.73840858E-01
 -0.11139932E-02  0.18317063E-01 -0.72217557E-01
 -0.19106926E-02  0.18871595E-01 -0.70635557E-01
 -0.26775775E-02  0.19427147E-01 -0.69101255E-01
 -0.34090449E-02  0.19983551E-01 -0.67616438E-01
 -0.41002982E-02  0.20540732E-01 -0.66178901E-01
 -0.47475787E-02  0.21098718E-01 -0.64783355E-01
 -0.53483144E-02  0.21657639E-01 -0.63422521E-01
 -0.59011768E-02  0.22217722E-01 -0.62088346E-01
 -0.64060414E-02  0.22779263E-01 -0.60773222E-01
 -0.68638578E-02  0.23342599E-01 -0.59471103E-01
 -0.72764404E-02  0.23908064E-01 -0.58178453E-01
 -0.76461961E-02  0.24475942E-01 -0.56894918E-01
 -0.79758129E-02  0.25046411E-01 -0.55623699E-01
 -0.47649681E-01  0.36285265E-01 -0.12064181E+00
 -0.46481663E-01  0.39572596E-01 -0.11895214E+00
 -0.45340108E-01  0.42844179E-01 -0.11723273E+00
 -0.44227925E-01  0.46107074E-01 -0.11549635E+00
 -0.43146700E-01  0.49368193E-01 -0.11375612E+00
 -0.42096655E-01  0.52634173E-01 -0.11202435E+00
 -0.41076686E-01  0.55911255E-01 -0.11031127E+00
 -0.40084492E-01  0.59205152E-01 -0.10862393E+00
 -0.39116768E-01  0.62520917E-01 -0.10696520E+00
 -0.38169464E-01  0.65862800E-01 -0.10533292E+00
 -0.37238087E-01  0.69234082E-01 -0.10371949E+00
 -0.36318029E-01  0.72636899E-01 -0.10211158E+00
 -0.35404891E-01  0.76072033E-01 -0.10049026E+00
 -0.34494792E-01  0.79538678E-01 -0.98831416E-01
 -0.33584633E-01  0.83034181E-01 -0.97106356E-01
 -0.32672314E-01  0.86553747E-01 -0.95282724E-01
 -0.31756880E-01  0.90090133E-01 -0.93325507E-01
 -0.30838589E-01  0.93633321E-01 -0.91198164E-01
 -0.29918921E-01  0.97170202E-01 -0.88863794E-01
 -0.29000511E-01  0.10068428E+00 -0.86286298E-01
 -0.28087019E-01  0.10415544E+00 -0.83431497E-01
 -0.27182966E-01  0.10755977E+00 -0.80268187E-01
 -0.26293528E-01  0.11086950E+00 -0.76769119E-01
 -0.25424315E-01  0.11405316E+00 -0.72911900E-01
 -0.24581150E-01  0.11707583E+00 -0.68679819E-01
 -0.23769864E-01  0.11989965E+00 -0.64062612E-01
 -0.22996101E-01  0.12248456E+00 -0.59057138E-01
 -0.22265169E-01  0.12478932E+00 -0.53667975E-01
 -0.21581920E-01  0.12677265E+00 -0.47907880E-01
 -0.20950664E-01  0.12839471E+00 -0.41798079E-01
 -0.20375130E-01  0.12961855E+00 -0.35368322E-01
 -0.19858454E-01  0.13041173E+00 -0.28656649E-01
 -0.19403198E-01  0.13074782E+00 -0.21708812E-01
 -0.19011388E-01  0.13060774E+00 -0.14577335E-01
 -0.18684565E-01  0.12998085E+00 -0.73202088E-02
 -0.18423845E-01  0.12886562E+00  0.73150678E-06
  0.32043569E-01 -0.70099473E-02 -0.15317984E-06
  0.31982619E-01 -0.65883419E-02 -0.44567082E-02
  0.31887966E-01 -0.61532853E-02 -0.89123663E-02
  0.31760315E-01 -0.57061753E-02 -0.13364686E-01
  0.31600779E-01 -0.52484722E-02 -0.17809073E-01
  0.31410707E-01 -0.47816449E-02 -0.22237991E-01
  0.31191488E-01 -0.43071127E-02 -0.26640462E-01
  0.30944357E-01 -0.38261868E-02 -0.31001928E-01
  0.30670215E-01 -0.33400156E-02 -0.35304469E-01
  0.30369486E-01 -0.28495392E-02 -0.39527387E-01
  0.30042019E-01 -0.23554573E-02 -0.43648099E-01
  0.29687050E-01 -0.18582130E-02 -0.47643257E-01
  0.29303231E-01 -0.13579941E-02 -0.51490007E-01
  0.28888718E-01 -0.85475246E-03 -0.55167269E-01
  0.28441322E-01 -0.34823975E-03 -0.58656915E-01
  0.27958699E-01  0.16194309E-03 -0.61944754E-01
  0.27438576E-01  0.67628685E-03 -0.65021218E-01
  0.26878983E-01  0.11953103E-02 -0.67881690E-01
  0.26278481E-01  0.17194966E-02 -0.70526444E-01
  0.25636352E-01  0.22492356E-02 -0.72960199E-01
  0.24952754E-01  0.27847760E-02 -0.75191316E-01
  0.24228809E-01  0.33261913E-02 -0.77230724E-01
  0.23466616E-01  0.38733622E-02 -0.79090657E-01
  0.22669208E-01  0.44259763E-02 -0.80783319E-01
  0.21840420E-01  0.49835442E-02 -0.82319599E-01
  0.20984713E-01  0.55454311E-02 -0.83707944E-01
  0.20106943E-01  0.61108999E-02 -0.84953510E-01
  0.19212104E-01  0.66791624E-02 -0.86057643E-01
  0.18305063E-01  0.72494341E-02 -0.87017761E-01
  0.17390312E-01  0.78209874E-02 -0.87827644E-01
  0.16471746E-01  0.83931990E-02 -0.88478100E-01
  0.15552497E-01  0.89655892E-02 -0.88957964E-01
  0.14634837E-01  0.95378468E-02 -0.89255344E-01
  0.13720138E-01  0.10109842E-01 -0.89358992E-01
  0.12808925E-01  0.10681625E-01 -0.89259700E-01
  0.11900982E-01  0.11253406E-01 -0.88951589E-01
  0.10995527E-01  0.11825532E-01 -0.88433183E-01
  0.10091430E-01  0.12398448E-01 -0.87708170E-01
  0.91874618E-02  0.12972652E-01 -0.86785784E-01
  0.82825421E-02  0.13548652E-01 -0.85680774E-01
  0.73759812E-02  0.14126923E-01 -0.84412957E-01
  0.64676850E-02  0.14707871E-01 -0.83006381E-01
  0.55583121E-02  0.15291800E-01 -0.81488179E-01
  0.46493683E-02  0.15878900E-01 -0.79887182E-01
  0.37432326E-02  0.16469233E-01 -0.78232426E-01
  0.28431122E-02  0.17062748E-01 -0.76551644E-01
  0.19529322E-02  0.17659290E-01 -0.74869882E-01
  0.10771671E-02  0.18258631E-01 -0.73208333E-01
  0.22063012E-03  0.18860504E-01 -0.71583483E-01
 -0.61176372E-03  0.19464636E-01 -0.70006621E-01
 -0.14152412E-02  0.20070788E-01 -0.68483761E-01
 -0.21854021E-02  0.20678787E-01 -0.67015957E-01
 -0.29184202E-02  0.21288554E-01 -0.65599986E-01
 -0.36111974E-02  0.21900119E-01 -0.64229334E-01
 -0.42614616E-02  0.22513625E-01 -0.62895402E-01
 -0.48677991E-02  0.23129323E-01 -0.61588823E-01
 -0.54296210E-02  0.23747547E-01 -0.60300787E-01
 -0.59470673E-02  0.24368685E-01 -0.59024259E-01
 -0.64208559E-02  0.24993132E-01 -0.57755000E-01
 -0.68520895E-02  0.25621240E-01 -0.56492301E-01
 -0.52114245E-01  0.35302625E-01 -0.12345127E+00
 -0.50880986E-01  0.38897533E-01 -0.12192153E+00
 -0.49665570E-01  0.42469085E-01 -0.12033997E+00
 -0.48471762E-01  0.46024720E-01 -0.11871915E+00
 -0.47302282E-01  0.49571965E-01 -0.11707316E+00
 -0.46158756E-01  0.53118289E-01 -0.11541653E+00
 -0.45041715E-01  0.56670949E-01 -0.11376291E+00
 -0.43950650E-01  0.60236832E-01 -0.11212373E+00
 -0.42884123E-01  0.63822291E-01 -0.11050699E+00
 -0.41839923E-01  0.67432971E-01 -0.10891616E+00
 -0.40815269E-01  0.71073625E-01 -0.10734934E+00
 -0.39807043E-01  0.74747914E-01 -0.10579870E+00
 -0.38812034E-01  0.78458201E-01 -0.10425030E+00
 -0.37827190E-01  0.82205307E-01 -0.10268419E+00
 -0.36849854E-01  0.85988261E-01 -0.10107487E+00
 -0.35877967E-01  0.89804020E-01 -0.99392002E-01
 -0.34910241E-01  0.93647172E-01 -0.97601396E-01
 -0.33946276E-01  0.97509621E-01 -0.95666143E-01
 -0.32986636E-01  0.10138028E+00 -0.93547850E-01
 -0.32032856E-01  0.10524474E+00 -0.91207917E-01
 -0.31087415E-01  0.10908503E+00 -0.88608802E-01
 -0.30153651E-01  0.11287939E+00 -0.85715223E-01
 -0.29235642E-01  0.11660209E+00 -0.82495272E-01
 -0.28338057E-01  0.12022347E+00 -0.78921431E-01
 -0.27465991E-01  0.12371007E+00 -0.74971485E-01
 -0.26624791E-01  0.12702491E+00 -0.70629326E-01
 -0.25819879E-01  0.13012806E+00 -0.65885674E-01
 -0.25056590E-01  0.13297742E+00 -0.60738697E-01
 -0.24340026E-01  0.13552968E+00 -0.55194516E-01
 -0.23674931E-01  0.13774161E+00 -0.49267589E-01
 -0.23065595E-01  0.13957144E+00 -0.42980907E-01
 -0.22515783E-01  0.14098044E+00 -0.36365974E-01
 -0.22028695E-01  0.14193448E+00 -0.29462508E-01
 -0.21606945E-01  0.14240556E+00 -0.22317821E-01
 -0.21252575E-01  0.14237324E+00 -0.14985859E-01
 -0.20967072E-01  0.14182565E+00 -0.75259034E-02
 -0.20751409E-01  0.14076029E+00 -0.97898597E-06
  0.35472301E-01 -0.77970653E-02  0.29392872E-06
  0.35395407E-01 -0.73810044E-02 -0.44598854E-02
  0.35283862E-01 -0.69491671E-02 -0.89206180E-02
  0.35138087E-01 -0.65029147E-02 -0.13379529E-01
  0.34958710E-01 -0.60437133E-02 -0.17831931E-01
  0.34746465E-01 -0.55730777E-02 -0.22270009E-01
  0.34502077E-01 -0.50925079E-02 -0.26682329E-01
  0.34226157E-01 -0.46034230E-02 -0.31053704E-01
  0.33919114E-01 -0.41070990E-02 -0.35365457E-01
  0.33581085E-01 -0.36046135E-02 -0.39596043E-01
  0.33211897E-01 -0.30968056E-02 -0.43722007E-01
  0.32811064E-01 -0.25842508E-02 -0.47719165E-01
  0.32377820E-01 -0.20672561E-02 -0.51563931E-01
  0.31911177E-01 -0.15458741E-02 -0.55234652E-01
  0.31410023E-01 -0.10199361E-02 -0.58712842E-01
  0.30873229E-01 -0.48910036E-03 -0.61984195E-01
  0.30299781E-01  0.47087064E-04 -0.65039292E-01
  0.29688901E-01  0.58912570E-03 -0.67873921E-01
  0.29040166E-01  0.11374924E-02 -0.70488998E-01
  0.28353610E-01  0.16925779E-02 -0.72890072E-01
  0.27629793E-01  0.22546329E-02 -0.75086475E-01
  0.26869840E-01  0.28237283E-02 -0.77090172E-01
  0.26075446E-01  0.33997325E-02 -0.78914427E-01
  0.25248839E-01  0.39823063E-02 -0.80572401E-01
  0.24392710E-01  0.45709177E-02 -0.82075797E-01
  0.23510114E-01  0.51648717E-02 -0.83433688E-01
  0.22604349E-01  0.57633551E-02 -0.84651618E-01
  0.21678826E-01  0.63654901E-02 -0.85731082E-01
  0.20736929E-01  0.69703938E-02 -0.86669399E-01
  0.19781892E-01  0.75772363E-02 -0.87460027E-01
  0.18816689E-01  0.81852947E-02 -0.88093273E-01
  0.17843951E-01  0.87939982E-02 -0.88557345E-01
  0.16865915E-01  0.94029592E-02 -0.88839657E-01
  0.15884410E-01  0.10011991E-01 -0.88928275E-01
  0.14900874E-01  0.10621110E-01 -0.88813375E-01
  0.13916407E-01  0.11230519E-01 -0.88488595E-01
  0.12931853E-01  0.11840581E-01 -0.87952150E-01
  0.11947894E-01  0.12451783E-01 -0.87207633E-01
  0.10965169E-01  0.13064685E-01 -0.86264403E-01
  0.99843847E-02  0.13679875E-01 -0.85137554E-01
  0.90064193E-02  0.14297918E-01 -0.83847440E-01
  0.80324166E-02  0.14919314E-01 -0.82418803E-01
  0.70638507E-02  0.15544461E-01 -0.80879568E-01
  0.61025633E-02  0.16173634E-01 -0.79259400E-01
  0.51507708E-02  0.16806973E-01 -0.77588143E-01
  0.42110381E-02  0.17444484E-01 -0.75894257E-01
  0.32862238E-02  0.18086057E-01 -0.74203371E-01
  0.23794010E-02  0.18731490E-01 -0.72537082E-01
  0.14937595E-02  0.19380527E-01 -0.70912063E-01
  0.63249889E-03  0.20032893E-01 -0.69339575E-01
 -0.20127970E-03  0.20688341E-01 -0.67825385E-01
 -0.10046744E-02  0.21346684E-01 -0.66370112E-01
 -0.17750674E-02  0.22007833E-01 -0.64969943E-01
 -0.25101875E-02  0.22671813E-01 -0.63617676E-01
 -0.32081455E-02  0.23338774E-01 -0.62303984E-01
 -0.38674392E-02  0.24008988E-01 -0.61018787E-01
 -0.44869288E-02  0.24682826E-01 -0.59752647E-01
 -0.50657833E-02  0.25360725E-01 -0.58498034E-01
 -0.56034029E-02  0.26043146E-01 -0.57250390E-01
 -0.60993231E-02  0.26730515E-01 -0.56008895E-01
 -0.54472303E-01  0.37795125E-01 -0.12457199E+00
 -0.53239637E-01  0.41620295E-01 -0.12316596E+00
 -0.52017676E-01  0.45422691E-01 -0.12169847E+00
 -0.50809701E-01  0.49209899E-01 -0.12018290E+00
 -0.49618173E-01  0.52989702E-01 -0.11863427E+00
 -0.48444757E-01  0.56769910E-01 -0.11706799E+00
 -0.47290368E-01  0.60558183E-01 -0.11549855E+00
 -0.46155244E-01  0.64361834E-01 -0.11393810E+00
 -0.45039030E-01  0.68187636E-01 -0.11239518E+00
 -0.43940893E-01  0.72041604E-01 -0.11087356E+00
 -0.42859646E-01  0.75928784E-01 -0.10937139E+00
 -0.41793896E-01  0.79853014E-01 -0.10788060E+00
 -0.40742188E-01  0.83816690E-01 -0.10638672E+00
 -0.39703156E-01  0.87820503E-01 -0.10486901E+00
 -0.38675670E-01  0.91863169E-01 -0.10330091E+00
 -0.37658963E-01  0.95941143E-01 -0.10165087E+00
 -0.36652745E-01  0.10004832E+00 -0.99883365E-01
 -0.35657292E-01  0.10417574E+00 -0.97960097E-01
 -0.34673505E-01  0.10831126E+00 -0.95841319E-01
 -0.33702949E-01  0.11243930E+00 -0.93487192E-01
 -0.32747848E-01  0.11654060E+00 -0.90859121E-01
 -0.31811064E-01  0.12059198E+00 -0.87921022E-01
 -0.30896043E-01  0.12456631E+00 -0.84640486E-01
 -0.30006739E-01  0.12843245E+00 -0.80989826E-01
 -0.29147513E-01  0.13215548E+00 -0.76947005E-01
 -0.28323025E-01  0.13569702E+00 -0.72496433E-01
 -0.27538108E-01  0.13901579E+00 -0.67629658E-01
 -0.26797635E-01  0.14206839E+00 -0.62345947E-01
 -0.26106398E-01  0.14481034E+00 -0.56652732E-01
 -0.25468970E-01  0.14719728E+00 -0.50565926E-01
 -0.24889603E-01  0.14918642E+00 -0.44110054E-01
 -0.24372118E-01  0.15073802E+00 -0.37318166E-01
 -0.23919827E-01  0.15181705E+00 -0.30231488E-01
 -0.23535472E-01  0.15239463E+00 -0.22898758E-01
 -0.23221187E-01  0.15244945E+00 -0.15375253E-01
 -0.22978484E-01  0.15196884E+00 -0.77214875E-02
 -0.22808263E-01  0.15094952E+00 -0.16422304E-05
  0.38701597E-01 -0.85433396E-02  0.67851214E-06
  0.38612721E-01 -0.81311894E-02 -0.44624656E-02
  0.38488522E-01 -0.77008566E-02 -0.89269354E-02
  0.38328951E-01 -0.72537149E-02 -0.13390104E-01
  0.38133971E-01 -0.67912900E-02 -0.17846965E-01
  0.37903529E-01 -0.63151987E-02 -0.22289332E-01
  0.37637541E-01 -0.58270780E-02 -0.26705356E-01
  0.37335887E-01 -0.53285101E-02 -0.31079413E-01
  0.36998415E-01 -0.48209491E-02 -0.35392382E-01
  0.36624956E-01 -0.43056558E-02 -0.39622300E-01
  0.36215348E-01 -0.37836460E-02 -0.43745331E-01
  0.35769460E-01 -0.32556565E-02 -0.47736974E-01
  0.35287221E-01 -0.27221326E-02 -0.51573407E-01
  0.34768649E-01 -0.21832363E-02 -0.55232833E-01
  0.34213877E-01 -0.16388765E-02 -0.58696721E-01
  0.33623166E-01 -0.10887570E-02 -0.61950821E-01
  0.32996927E-01 -0.53243916E-03 -0.64985867E-01
  0.32335721E-01  0.30587036E-04 -0.67797884E-01
  0.31640261E-01  0.60082853E-03 -0.70388097E-01
  0.30911403E-01  0.11787184E-02 -0.72762415E-01
  0.30150141E-01  0.17645543E-02 -0.74930561E-01
  0.29357588E-01  0.23584504E-02 -0.76904903E-01
  0.28534968E-01  0.29603079E-02 -0.78699098E-01
  0.27683599E-01  0.35698046E-02 -0.80326673E-01
  0.26804889E-01  0.41864048E-02 -0.81799660E-01
  0.25900328E-01  0.48093879E-02 -0.83127407E-01
  0.24971490E-01  0.54378931E-02 -0.84315685E-01
  0.24020033E-01  0.60709759E-02 -0.85366157E-01
  0.23047711E-01  0.67076707E-02 -0.86276262E-01
  0.22056379E-01  0.73470560E-02 -0.87039536E-01
  0.21048006E-01  0.79883141E-02 -0.87646332E-01
  0.20024678E-01  0.86307835E-02 -0.88084884E-01
  0.18988603E-01  0.92739972E-02 -0.88342623E-01
  0.17942111E-01  0.99177062E-02 -0.88407635E-01
  0.16887642E-01  0.10561885E-01 -0.88270128E-01
  0.15827731E-01  0.11206722E-01 -0.87923790E-01
  0.14764986E-01  0.11852590E-01 -0.87366912E-01
  0.13702056E-01  0.12500012E-01 -0.86603178E-01
  0.12641599E-01  0.13149604E-01 -0.85642067E-01
  0.11586244E-01  0.13802031E-01 -0.84498803E-01
  0.10538554E-01  0.14457946E-01 -0.83193881E-01
  0.95009899E-02  0.15117943E-01 -0.81752181E-01
  0.84758836E-02  0.15782515E-01 -0.80201757E-01
  0.74654134E-02  0.16452023E-01 -0.78572388E-01
  0.64715911E-02  0.17126682E-01 -0.76894006E-01
  0.54962588E-02  0.17806562E-01 -0.75195125E-01
  0.45410959E-02  0.18491592E-01 -0.73501400E-01
  0.36076367E-02  0.19181598E-01 -0.71834417E-01
  0.26972966E-02  0.19876330E-01 -0.70210812E-01
  0.18114051E-02  0.20575510E-01 -0.68641779E-01
  0.95124398E-03  0.21278877E-01 -0.67133005E-01
  0.11808751E-03  0.21986229E-01 -0.65685017E-01
 -0.68675861E-03  0.22697459E-01 -0.64293914E-01
 -0.14619210E-02  0.23412585E-01 -0.62952421E-01
 -0.22059285E-02  0.24131762E-01 -0.61651155E-01
 -0.29171887E-02  0.24855280E-01 -0.60380020E-01
 -0.35939735E-02  0.25583546E-01 -0.59129596E-01
 -0.42344125E-02  0.26317053E-01 -0.57892421E-01
 -0.48364953E-02  0.27056327E-01 -0.56664053E-01
 -0.57079739E-01  0.36437794E-01 -0.12679922E+00
 -0.55890610E-01  0.40467915E-01 -0.12560052E+00
 -0.54699210E-01  0.44469984E-01 -0.12432088E+00
 -0.53509020E-01  0.48451095E-01 -0.12297158E+00
 -0.52322823E-01  0.52418798E-01 -0.12156647E+00
 -0.51142832E-01  0.56380930E-01 -0.12012094E+00
 -0.49970802E-01  0.60345429E-01 -0.11865074E+00
 -0.48808122E-01  0.64320127E-01 -0.11717058E+00
 -0.47655896E-01  0.68312531E-01 -0.11569278E+00
 -0.46515010E-01  0.72329595E-01 -0.11422594E+00
 -0.45386189E-01  0.76377473E-01 -0.11277377E+00
 -0.44270045E-01  0.80461279E-01 -0.11133425E+00
 -0.43167118E-01  0.84584823E-01 -0.10989902E+00
 -0.42077920E-01  0.88750353E-01 -0.10845319E+00
 -0.41002971E-01  0.92958276E-01 -0.10697547E+00
 -0.39942848E-01  0.97206883E-01 -0.10543869E+00
 -0.38898223E-01  0.10149206E+00 -0.10381058E+00
 -0.37869918E-01  0.10580699E+00 -0.10205486E+00
 -0.36858956E-01  0.11014187E+00 -0.10013246E+00
 -0.35866611E-01  0.11448363E+00 -0.98002875E-01
 -0.34894459E-01  0.11881567E+00 -0.95625593E-01
 -0.33944428E-01  0.12311764E+00 -0.92961440E-01
 -0.33018825E-01  0.12736527E+00 -0.89973903E-01
 -0.32120365E-01  0.13153035E+00 -0.86630322E-01
 -0.31252170E-01  0.13558073E+00 -0.82902969E-01
 -0.30417751E-01  0.13948050E+00 -0.78769985E-01
 -0.29620971E-01  0.14319043E+00 -0.74216189E-01
 -0.28865974E-01  0.14666848E+00 -0.69233763E-01
 -0.28157100E-01  0.14987061E+00 -0.63822804E-01
 -0.27498777E-01  0.15275178E+00 -0.57991748E-01
 -0.26895391E-01  0.15526720E+00 -0.51757643E-01
 -0.26351160E-01  0.15737368E+00 -0.45146236E-01
 -0.25869995E-01  0.15903115E+00 -0.38191842E-01
 -0.25455376E-01  0.16020420E+00 -0.30936952E-01
 -0.25110237E-01  0.16086358E+00 -0.23431544E-01
 -0.24836883E-01  0.16098752E+00 -0.15732085E-01
 -0.24636924E-01  0.16056283E+00 -0.79002262E-02
 -0.24511251E-01  0.15958561E+00 -0.12441480E-05
  0.41714726E-01 -0.92442277E-02  0.94321814E-06
  0.41617325E-01 -0.88344573E-02 -0.44639912E-02
  0.41484071E-01 -0.84040721E-02 -0.89301975E-02
  0.41314347E-01 -0.79545060E-02 -0.13394490E-01
  0.41107364E-01 -0.74873948E-02 -0.17851348E-01
  0.40862219E-01 -0.70045087E-02 -0.22292148E-01
  0.40577978E-01 -0.65076721E-02 -0.26704710E-01
  0.40253767E-01 -0.59986772E-02 -0.31073204E-01
  0.39888871E-01 -0.54791988E-02 -0.35378429E-01
  0.39482834E-01 -0.49507169E-02 -0.39598468E-01
  0.39035529E-01 -0.44144527E-02 -0.43709634E-01
  0.38547212E-01 -0.38713247E-02 -0.47687661E-01
  0.38018547E-01 -0.33219272E-02 -0.51509007E-01
  0.37450592E-01 -0.27665334E-02 -0.55152166E-01
  0.36844749E-01 -0.22051221E-02 -0.58598880E-01
  0.36202694E-01 -0.16374263E-02 -0.61835115E-01
  0.35526273E-01 -0.10629984E-02 -0.64851740E-01
  0.34817387E-01 -0.48128667E-03 -0.67644825E-01
  0.34077879E-01  0.10828241E-03 -0.70215537E-01
  0.33309420E-01  0.70622495E-03 -0.72569639E-01
  0.32513419E-01  0.13129282E-02 -0.74716633E-01
  0.31690965E-01  0.19285934E-02 -0.76668622E-01
  0.30842798E-01  0.25531974E-02 -0.78438992E-01
  0.29969324E-01  0.31864752E-02 -0.80041024E-01
  0.29070667E-01  0.38279243E-02 -0.81486575E-01
  0.28146763E-01  0.44768313E-02 -0.82784919E-01
  0.27197474E-01  0.51323151E-02 -0.83941883E-01
  0.26222733E-01  0.57933860E-02 -0.84959331E-01
  0.25222689E-01  0.64590123E-02 -0.85835054E-01
  0.24197847E-01  0.71281912E-02 -0.86563084E-01
  0.23149193E-01  0.78000160E-02 -0.87134385E-01
  0.22078289E-01  0.84737359E-02 -0.87537894E-01
  0.20987325E-01  0.91488019E-02 -0.87761786E-01
  0.19879132E-01  0.98248969E-02 -0.87794891E-01
  0.18757142E-01  0.10501948E-01 -0.87628107E-01
  0.17625299E-01  0.11180118E-01 -0.87255715E-01
  0.16487943E-01  0.11859782E-01 -0.86676457E-01
  0.15349644E-01  0.12541487E-01 -0.85894303E-01
  0.14215029E-01  0.13225901E-01 -0.84918825E-01
  0.13088597E-01  0.13913755E-01 -0.83765152E-01
  0.11974543E-01  0.14605783E-01 -0.82453501E-01
  0.10876600E-01  0.15302668E-01 -0.81008318E-01
  0.97979207E-02  0.16004991E-01 -0.79457104E-01
  0.87409928E-02  0.16713198E-01 -0.77829008E-01
  0.77076117E-02  0.17427576E-01 -0.76153310E-01
  0.66988981E-02  0.18148251E-01 -0.74457899E-01
  0.57153681E-02  0.18875195E-01 -0.72767886E-01
  0.47570448E-02  0.19608255E-01 -0.71104430E-01
  0.38236063E-02  0.20347189E-01 -0.69483900E-01
  0.29145551E-02  0.21091713E-01 -0.67917397E-01
  0.20293990E-02  0.21841551E-01 -0.66410699E-01
  0.11678272E-02  0.22596483E-01 -0.64964602E-01
  0.32986966E-03  0.23356387E-01 -0.63575634E-01
 -0.48397153E-03  0.24121273E-01 -0.62237072E-01
 -0.12726292E-02  0.24891302E-01 -0.60940179E-01
 -0.20344208E-02  0.25666782E-01 -0.59675544E-01
 -0.27670447E-02  0.26448161E-01 -0.58434434E-01
 -0.34676198E-02  0.27235984E-01 -0.57210028E-01
 -0.41327654E-02  0.28030850E-01 -0.55998445E-01
 -0.57455941E-01  0.39178669E-01 -0.12755210E+00
 -0.56355707E-01  0.43331390E-01 -0.12648744E+00
 -0.55242286E-01  0.47459383E-01 -0.12533508E+00
 -0.54118601E-01  0.51569487E-01 -0.12410654E+00
 -0.52987034E-01  0.55669067E-01 -0.12281567E+00
 -0.51849653E-01  0.59765841E-01 -0.12147775E+00
 -0.50708399E-01  0.63867670E-01 -0.12010823E+00
 -0.49565227E-01  0.67982341E-01 -0.11872147E+00
 -0.48422196E-01  0.72117322E-01 -0.11732935E+00
 -0.47281514E-01  0.76279513E-01 -0.11594004E+00
 -0.46145537E-01  0.80474979E-01 -0.11455681E+00
 -0.45016741E-01  0.84708683E-01 -0.11317724E+00
 -0.43897663E-01  0.88984218E-01 -0.11179262E+00
 -0.42790834E-01  0.93303519E-01 -0.11038774E+00
 -0.41698712E-01  0.97666593E-01 -0.10894107E+00
 -0.40623623E-01  0.10207123E+00 -0.10742523E+00
 -0.39567720E-01  0.10651272E+00 -0.10580778E+00
 -0.38532973E-01  0.11098356E+00 -0.10405231E+00
 -0.37521179E-01  0.11547322E+00 -0.10211963E+00
 -0.36534007E-01  0.11996781E+00 -0.99969145E-01
 -0.35573067E-01  0.12444991E+00 -0.97560256E-01
 -0.34639996E-01  0.12889834E+00 -0.94853739E-01
 -0.33736554E-01  0.13328807E+00 -0.91813060E-01
 -0.32864721E-01  0.13759013E+00 -0.88405595E-01
 -0.32026784E-01  0.14177171E+00 -0.84603719E-01
 -0.31225396E-01  0.14579640E+00 -0.80385768E-01
 -0.30463615E-01  0.14962451E+00 -0.75736861E-01
 -0.29744891E-01  0.15321371E+00 -0.70649599E-01
 -0.29073030E-01  0.15651981E+00 -0.65124622E-01
 -0.28452099E-01  0.15949770E+00 -0.59171030E-01
 -0.27886312E-01  0.16210260E+00 -0.52806645E-01
 -0.27379876E-01  0.16429141E+00 -0.46058079E-01
 -0.26936825E-01  0.16602413E+00 -0.38960584E-01
 -0.26560844E-01  0.16726540E+00 -0.31557630E-01
 -0.26255111E-01  0.16798589E+00 -0.23900197E-01
 -0.26022150E-01  0.16816369E+00 -0.16045763E-01
 -0.25863726E-01  0.16778526E+00 -0.80569825E-02
 -0.25780774E-01  0.16684623E+00 -0.12652891E-06
  0.44497989E-01 -0.98972531E-02  0.10500676E-05
  0.44394680E-01 -0.94886399E-02 -0.44639668E-02
  0.44255026E-01 -0.90570325E-02 -0.89293387E-02
  0.44077833E-01 -0.86039666E-02 -0.13391055E-01
  0.43861579E-01 -0.81312294E-02 -0.17842919E-01
  0.43604558E-01 -0.76407838E-02 -0.22275840E-01
  0.43305043E-01 -0.71346776E-02 -0.26677414E-01
  0.42961470E-01 -0.66149453E-02 -0.31031844E-01
  0.42572622E-01 -0.60835091E-02 -0.35320216E-01
  0.42137792E-01 -0.55420882E-02 -0.39521110E-01
  0.41656903E-01 -0.49921230E-02 -0.43611503E-01
  0.41130583E-01 -0.44347198E-02 -0.47567881E-01
  0.40560179E-01 -0.38706214E-02 -0.51367466E-01
  0.39947701E-01 -0.33002043E-02 -0.54989455E-01
  0.39295713E-01 -0.27235028E-02 -0.58416144E-01
  0.38607170E-01 -0.21402585E-02 -0.61633855E-01
  0.37885210E-01 -0.15499889E-02 -0.64633564E-01
  0.37132940E-01 -0.95207085E-03 -0.67411188E-01
  0.36353207E-01 -0.34583070E-03 -0.69967484E-01
  0.35548404E-01  0.26936601E-03 -0.72307580E-01
  0.34720305E-01  0.89403265E-03 -0.74440181E-01
  0.33869965E-01  0.15284938E-02 -0.76376497E-01
  0.32997687E-01  0.21728370E-02 -0.78129016E-01
  0.32103053E-01  0.28268875E-02 -0.79710207E-01
  0.31185045E-01  0.34902064E-02 -0.81131282E-01
  0.30242213E-01  0.41621134E-02 -0.82401120E-01
  0.29272906E-01  0.48417300E-02 -0.83525452E-01
  0.28275530E-01  0.55280390E-02 -0.84506378E-01
  0.27248820E-01  0.62199563E-02 -0.85342263E-01
  0.26192096E-01  0.69164070E-02 -0.86028023E-01
  0.25105492E-01  0.76164003E-02 -0.86555765E-01
  0.23990118E-01  0.83190965E-02 -0.86915752E-01
  0.22848163E-01  0.90238621E-02 -0.87097579E-01
  0.21682914E-01  0.97303066E-02 -0.87091483E-01
  0.20498684E-01  0.10438300E-01 -0.86889658E-01
  0.19300675E-01  0.11147972E-01 -0.86487471E-01
  0.18094753E-01  0.11859686E-01 -0.85884458E-01
  0.16887182E-01  0.12574003E-01 -0.85085038E-01
  0.15684323E-01  0.13291627E-01 -0.84098848E-01
  0.14492313E-01  0.14013345E-01 -0.82940704E-01
  0.13316776E-01  0.14739960E-01 -0.81630150E-01
  0.12162555E-01  0.15472232E-01 -0.80190665E-01
  0.11033510E-01  0.16210821E-01 -0.78648559E-01
  0.99323923E-02  0.16956249E-01 -0.77031666E-01
  0.88607970E-02  0.17708868E-01 -0.75367928E-01
  0.78192034E-02  0.18468856E-01 -0.73683984E-01
  0.68070998E-02  0.19236224E-01 -0.72003874E-01
  0.58231800E-02  0.20010839E-01 -0.70347957E-01
  0.48655966E-02  0.20792468E-01 -0.68732123E-01
  0.39322516E-02  0.21580821E-01 -0.67167361E-01
  0.30211009E-02  0.22375611E-01 -0.65659706E-01
  0.21304502E-02  0.23176603E-01 -0.64210560E-01
  0.12592187E-02  0.23983664E-01 -0.62817358E-01
  0.40715297E-03  0.24796802E-01 -0.61474519E-01
 -0.42502532E-03  0.25616183E-01 -0.60174593E-01
 -0.12355464E-02  0.26442143E-01 -0.58909512E-01
 -0.20215982E-02  0.27275168E-01 -0.57671845E-01
 -0.27794068E-02  0.28115861E-01 -0.56455945E-01
 -0.57788411E-01  0.37911010E-01 -0.12895092E+00
 -0.56839970E-01  0.42163503E-01 -0.12811953E+00
 -0.55862381E-01  0.46390014E-01 -0.12718662E+00
 -0.54858964E-01  0.50596348E-01 -0.12616111E+00
 -0.53832282E-01  0.54789023E-01 -0.12505453E+00
 -0.52784506E-01  0.58975115E-01 -0.12388037E+00
 -0.51717728E-01  0.63162077E-01 -0.12265327E+00
 -0.50634210E-01  0.67357526E-01 -0.12138785E+00
 -0.49536567E-01  0.71569006E-01 -0.12009754E+00
 -0.48427861E-01  0.75803739E-01 -0.11879324E+00
 -0.47311626E-01  0.80068354E-01 -0.11748220E+00
 -0.46191818E-01  0.84368618E-01 -0.11616691E+00
 -0.45072712E-01  0.88709158E-01 -0.11484432E+00
 -0.43958756E-01  0.93093176E-01 -0.11350531E+00
 -0.42854408E-01  0.97522174E-01 -0.11213447E+00
 -0.41763970E-01  0.10199567E+00 -0.11071030E+00
 -0.40691435E-01  0.10651090E+00 -0.10920560E+00
 -0.39640375E-01  0.11106260E+00 -0.10758831E+00
 -0.38613866E-01  0.11564265E+00 -0.10582247E+00
 -0.37614474E-01  0.12023987E+00 -0.10386942E+00
 -0.36644280E-01  0.12483977E+00 -0.10168911E+00
 -0.35704974E-01  0.12942432E+00 -0.99241468E-01
 -0.34797971E-01  0.13397177E+00 -0.96487729E-01
 -0.33924570E-01  0.13845657E+00 -0.93391766E-01
 -0.33086114E-01  0.14284935E+00 -0.89921284E-01
 -0.32284156E-01  0.14711696E+00 -0.86048929E-01
 -0.31520590E-01  0.15122279E+00 -0.81753265E-01
 -0.30797758E-01  0.15512707E+00 -0.77019625E-01
 -0.30118500E-01  0.15878752E+00 -0.71840835E-01
 -0.29486148E-01  0.16216008E+00 -0.66217804E-01
 -0.28904467E-01  0.16519993E+00 -0.60159965E-01
 -0.28377531E-01  0.16786261E+00 -0.53685554E-01
 -0.27909565E-01  0.17010538E+00 -0.46821684E-01
 -0.27504742E-01  0.17188858E+00 -0.39604196E-01
 -0.27166973E-01  0.17317713E+00 -0.32077229E-01
 -0.26899691E-01  0.17394188E+00 -0.24292499E-01
 -0.26705659E-01  0.17416091E+00 -0.16308269E-01
 -0.26586820E-01  0.17382051E+00 -0.81880221E-02
 -0.26544186E-01  0.17291592E+00  0.11257945E-05
  0.47041046E-01 -0.10502198E-01  0.98586079E-06
  0.46933498E-01 -0.10093976E-01 -0.44618881E-02
  0.46789077E-01 -0.96605275E-02 -0.89234173E-02
  0.46606085E-01 -0.92035205E-02 -0.13378558E-01
  0.46382391E-01 -0.87249201E-02 -0.17820323E-01
  0.46115624E-01 -0.82269039E-02 -0.22239144E-01
  0.45803412E-01 -0.77117603E-02 -0.26622504E-01
  0.45443634E-01 -0.71817767E-02 -0.30954862E-01
  0.45034673E-01 -0.66391282E-02 -0.35217909E-01
  0.44575625E-01 -0.60857730E-02 -0.39391119E-01
  0.44066463E-01 -0.55233648E-02 -0.43452567E-01
  0.43508118E-01 -0.49531875E-02 -0.47379932E-01
  0.42902487E-01 -0.43761172E-02 -0.51151613E-01
  0.42252342E-01 -0.37926150E-02 -0.54747840E-01
  0.41561172E-01 -0.32027493E-02 -0.58151700E-01
  0.40832943E-01 -0.26062461E-02 -0.61349978E-01
  0.40071817E-01 -0.20025628E-02 -0.64333729E-01
  0.39281845E-01 -0.13909778E-02 -0.67098541E-01
  0.38466665E-01 -0.77069071E-03 -0.69644460E-01
  0.37629230E-01 -0.14092181E-03 -0.71975571E-01
  0.36771598E-01  0.49899449E-03 -0.74099289E-01
  0.35894794E-01  0.11495311E-02 -0.76025408E-01
  0.34998772E-01  0.18109099E-02 -0.77764999E-01
  0.34082475E-01  0.24830680E-02 -0.79329244E-01
  0.33143991E-01  0.31656496E-02 -0.80728328E-01
  0.32180796E-01  0.38580253E-02 -0.81970469E-01
  0.31190065E-01  0.45593332E-02 -0.83061178E-01
  0.30169027E-01  0.52685411E-02 -0.84002826E-01
  0.29115331E-01  0.59845211E-02 -0.84794536E-01
  0.28027393E-01  0.67061323E-02 -0.85432431E-01
  0.26904697E-01  0.74323022E-02 -0.85910200E-01
  0.25748023E-01  0.81621026E-02 -0.86219949E-01
  0.24559577E-01  0.88948116E-02 -0.86353244E-01
  0.23343013E-01  0.96299589E-02 -0.86302275E-01
  0.22103345E-01  0.10367349E-01 -0.86061024E-01
  0.20846755E-01  0.11107065E-01 -0.85626342E-01
  0.19580302E-01  0.11849447E-01 -0.84998837E-01
  0.18311567E-01  0.12595054E-01 -0.84183500E-01
  0.17048251E-01  0.13344611E-01 -0.83190004E-01
  0.15797760E-01  0.14098942E-01 -0.82032660E-01
  0.14566817E-01  0.14858905E-01 -0.80730012E-01
  0.13361117E-01  0.15625320E-01 -0.79304124E-01
  0.12185065E-01  0.16398915E-01 -0.77779585E-01
  0.11041609E-01  0.17180272E-01 -0.76182348E-01
  0.99321857E-02  0.17969804E-01 -0.74538454E-01
  0.88567762E-02  0.18767733E-01 -0.72872775E-01
  0.78140762E-02  0.19574105E-01 -0.71207854E-01
  0.68017562E-02  0.20388809E-01 -0.69562938E-01
  0.58167974E-02  0.21211620E-01 -0.67953275E-01
  0.48558750E-02  0.22042251E-01 -0.66389728E-01
  0.39157585E-02  0.22880409E-01 -0.64878731E-01
  0.29936983E-02  0.23725852E-01 -0.63422573E-01
  0.20877706E-02  0.24578445E-01 -0.62019998E-01
  0.11971535E-02  0.25438199E-01 -0.60667052E-01
  0.32231684E-03  0.26305298E-01 -0.59358108E-01
 -0.53488801E-03  0.27180107E-01 -0.58086987E-01
 -0.13712409E-02  0.28063154E-01 -0.56848072E-01
 -0.21822649E-02  0.28955102E-01 -0.55637336E-01
 -0.56022660E-01  0.41109548E-01 -0.12915855E+00
 -0.55238964E-01  0.45385554E-01 -0.12845955E+00
 -0.54412320E-01  0.49641445E-01 -0.12765545E+00
 -0.53545899E-01  0.53882694E-01 -0.12675550E+00
 -0.52642175E-01  0.58115477E-01 -0.12577098E+00
 -0.51703362E-01  0.62346525E-01 -0.12471474E+00
 -0.50731785E-01  0.66582929E-01 -0.12360037E+00
 -0.49730185E-01  0.70831928E-01 -0.12244121E+00
 -0.48701916E-01  0.75100671E-01 -0.12124924E+00
 -0.47651052E-01  0.79395960E-01 -0.12003397E+00
 -0.46582389E-01  0.83723980E-01 -0.11880132E+00
 -0.45501355E-01  0.88090030E-01 -0.11755268E+00
 -0.44413846E-01  0.92498243E-01 -0.11628420E+00
 -0.43326014E-01  0.96951308E-01 -0.11498628E+00
 -0.42244023E-01  0.10145019E+00 -0.11364345E+00
 -0.41173801E-01  0.10599388E+00 -0.11223441E+00
 -0.40120823E-01  0.11057908E+00 -0.11073256E+00
 -0.39089928E-01  0.11519996E+00 -0.10910665E+00
 -0.38085204E-01  0.11984791E+00 -0.10732171E+00
 -0.37109938E-01  0.12451126E+00 -0.10534018E+00
 -0.36166647E-01  0.12917507E+00 -0.10312315E+00
 -0.35257169E-01  0.13382092E+00 -0.10063158E+00
 -0.34382821E-01  0.13842672E+00 -0.97827688E-01
 -0.33544596E-01  0.14296669E+00 -0.94676137E-01
 -0.32743385E-01  0.14741128E+00 -0.91145261E-01
 -0.31980196E-01  0.15172731E+00 -0.87208155E-01
 -0.31256357E-01  0.15587817E+00 -0.82843675E-01
 -0.30573668E-01  0.15982428E+00 -0.78037322E-01
 -0.29934509E-01  0.16352362E+00 -0.72782005E-01
 -0.29341860E-01  0.16693251E+00 -0.67078674E-01
 -0.28799265E-01  0.17000655E+00 -0.60936813E-01
 -0.28310718E-01  0.17270182E+00 -0.54374748E-01
 -0.27880480E-01  0.17497606E+00 -0.47419759E-01
 -0.27512867E-01  0.17679012E+00 -0.40107940E-01
 -0.27211996E-01  0.17810933E+00 -0.32483782E-01
 -0.26981532E-01  0.17890483E+00 -0.24599449E-01
 -0.26824460E-01  0.17915482E+00 -0.16513732E-01
 -0.26742888E-01  0.17884551E+00 -0.82907071E-02
 -0.26737912E-01  0.17797185E+00  0.18675542E-05
  0.49337042E-01 -0.11060999E-01  0.76385282E-06
  0.49226087E-01 -0.10652938E-01 -0.44572740E-02
  0.49077643E-01 -0.10217661E-01 -0.89116689E-02
  0.48889666E-01 -0.97569849E-02 -0.13356205E-01
  0.48659605E-01 -0.92730615E-02 -0.17783032E-01
  0.48384639E-01 -0.87682850E-02 -0.22182116E-01
  0.48061956E-01 -0.82451781E-02 -0.26540915E-01
  0.47689064E-01 -0.77062692E-02 -0.30844320E-01
  0.47264072E-01 -0.71539678E-02 -0.35074868E-01
  0.46785945E-01 -0.65904486E-02 -0.39213221E-01
  0.46254679E-01 -0.60175523E-02 -0.43238870E-01
  0.45671401E-01 -0.54367119E-02 -0.47131014E-01
  0.45038359E-01 -0.48489079E-02 -0.50869516E-01
  0.44358821E-01 -0.42546569E-02 -0.54435886E-01
  0.43636869E-01 -0.36540335E-02 -0.57814170E-01
  0.42877121E-01 -0.30467223E-02 -0.60991690E-01
  0.42084396E-01 -0.24320968E-02 -0.63959552E-01
  0.41263354E-01 -0.18093167E-02 -0.66712893E-01
  0.40418139E-01 -0.11774361E-02 -0.69250828E-01
  0.39552065E-01 -0.53551483E-03 -0.71576102E-01
  0.38667372E-01  0.11727822E-03 -0.73694497E-01
  0.37765070E-01  0.78157544E-03 -0.75614016E-01
  0.36844899E-01  0.14577426E-02 -0.77343940E-01
  0.35905398E-01  0.21458368E-02 -0.78893834E-01
  0.34944098E-01  0.28455929E-02 -0.80272582E-01
  0.33957806E-01  0.35564381E-02 -0.81487554E-01
  0.32942967E-01  0.42775332E-02 -0.82543959E-01
  0.31896082E-01  0.50078351E-02 -0.83444460E-01
  0.30814130E-01  0.57461760E-02 -0.84189069E-01
  0.29694977E-01  0.64913508E-02 -0.84775344E-01
  0.28537721E-01  0.72422060E-02 -0.85198862E-01
  0.27342954E-01  0.79977229E-02 -0.85453931E-01
  0.26112912E-01  0.87570873E-02 -0.85534472E-01
  0.24851503E-01  0.95197420E-02 -0.85435006E-01
  0.23564200E-01  0.10285417E-01 -0.85151640E-01
  0.22257818E-01  0.11054136E-01 -0.84682982E-01
  0.20940180E-01  0.11826200E-01 -0.84030896E-01
  0.19619702E-01  0.12602151E-01 -0.83201025E-01
  0.18304935E-01  0.13382713E-01 -0.82203048E-01
  0.17004086E-01  0.14168732E-01 -0.81050630E-01
  0.15724570E-01  0.14961098E-01 -0.79761078E-01
  0.14472616E-01  0.15760677E-01 -0.78354717E-01
  0.13252970E-01  0.16568243E-01 -0.76854046E-01
  0.12068704E-01  0.17384431E-01 -0.75282733E-01
  0.10921155E-01  0.18209697E-01 -0.73664523E-01
  0.98099942E-02  0.19044307E-01 -0.72022159E-01
  0.87334256E-02  0.19888335E-01 -0.70376389E-01
  0.76884850E-02  0.20741697E-01 -0.68745133E-01
  0.66714298E-02  0.21604181E-01 -0.67142884E-01
  0.56781792E-02  0.22475510E-01 -0.65580378E-01
  0.47047743E-02  0.23355394E-01 -0.64064549E-01
  0.37478221E-02  0.24243600E-01 -0.62598779E-01
  0.28048896E-02  0.25140000E-01 -0.61183407E-01
  0.18748194E-02  0.26044621E-01 -0.59816454E-01
  0.95794515E-03  0.26957674E-01 -0.58494501E-01
  0.56192160E-04  0.27879557E-01 -0.57213644E-01
 -0.82693988E-03  0.28810846E-01 -0.55970452E-01
 -0.53794393E-01  0.40292873E-01 -0.12955967E+00
 -0.53261546E-01  0.44570500E-01 -0.12910402E+00
 -0.52666430E-01  0.48830037E-01 -0.12853313E+00
 -0.52013461E-01  0.53075915E-01 -0.12785482E+00
 -0.51305941E-01  0.57313344E-01 -0.12707859E+00
 -0.50546550E-01  0.61548190E-01 -0.12621538E+00
 -0.49737815E-01  0.65786822E-01 -0.12527715E+00
 -0.48882521E-01  0.70035924E-01 -0.12427616E+00
 -0.47984031E-01  0.74302278E-01 -0.12322411E+00
 -0.47046503E-01  0.78592532E-01 -0.12213124E+00
 -0.46074988E-01  0.82912947E-01 -0.12100528E+00
 -0.45075421E-01  0.87269140E-01 -0.11985056E+00
 -0.44054496E-01  0.91665818E-01 -0.11866716E+00
 -0.43019472E-01  0.96106512E-01 -0.11745028E+00
 -0.41977902E-01  0.10059331E+00 -0.11618985E+00
 -0.40937340E-01  0.10512661E+00 -0.11487034E+00
 -0.39905044E-01  0.10970483E+00 -0.11347093E+00
 -0.38887699E-01  0.11432415E+00 -0.11196583E+00
 -0.37891204E-01  0.11897830E+00 -0.11032498E+00
 -0.36920515E-01  0.12365824E+00 -0.10851485E+00
 -0.35979582E-01  0.12835196E+00 -0.10649944E+00
 -0.35071369E-01  0.13304424E+00 -0.10424141E+00
 -0.34197960E-01  0.13771646E+00 -0.10170327E+00
 -0.33360730E-01  0.14234642E+00 -0.98848593E-01
 -0.32560580E-01  0.14690828E+00 -0.95643198E-01
 -0.31798190E-01  0.15137256E+00 -0.92056323E-01
 -0.31074286E-01  0.15570619E+00 -0.88061706E-01
 -0.30389881E-01  0.15987281E+00 -0.83638595E-01
 -0.29746475E-01  0.16383315E+00 -0.78772666E-01
 -0.29146183E-01  0.16754560E+00 -0.73456835E-01
 -0.28591793E-01  0.17096694E+00 -0.67691952E-01
 -0.28086737E-01  0.17405334E+00 -0.61487339E-01
 -0.27634983E-01  0.17676144E+00 -0.54861164E-01
 -0.27240849E-01  0.17904957E+00 -0.47840589E-01
 -0.26908770E-01  0.18087914E+00 -0.40461664E-01
 -0.26643021E-01  0.18221594E+00 -0.32768927E-01
 -0.26447448E-01  0.18303146E+00 -0.24814687E-01
 -0.26325198E-01  0.18330410E+00 -0.16657972E-01
 -0.26278501E-01  0.18302006E+00 -0.83631701E-02
 -0.26308518E-01  0.18217410E+00  0.15929582E-05
  0.51382531E-01 -0.11577374E-01  0.42149668E-06
  0.51268435E-01 -0.11169790E-01 -0.44497011E-02
  0.51116131E-01 -0.10733324E-01 -0.88935426E-02
  0.50923428E-01 -0.10269944E-01 -0.13323648E-01
  0.50687590E-01 -0.97819783E-02 -0.17731274E-01
  0.50405594E-01 -0.92720195E-02 -0.22105936E-01
  0.50074434E-01 -0.87427966E-02 -0.26435130E-01
  0.49691444E-01 -0.81970438E-02 -0.30704278E-01
  0.49254600E-01 -0.76373645E-02 -0.34896903E-01
  0.48762792E-01 -0.70661062E-02 -0.38995020E-01
  0.48216006E-01 -0.64852520E-02 -0.42979719E-01
  0.47615422E-01 -0.58963402E-02 -0.46831890E-01
  0.46963414E-01 -0.53004142E-02 -0.50533032E-01
  0.46263424E-01 -0.46980096E-02 -0.54066063E-01
  0.45519755E-01 -0.40891753E-02 -0.57416081E-01
  0.44737272E-01 -0.34735294E-02 -0.60570986E-01
  0.43921043E-01 -0.28503421E-02 -0.63521929E-01
  0.43075959E-01 -0.22186406E-02 -0.66263530E-01
  0.42206363E-01 -0.15773267E-02 -0.68793860E-01
  0.41315713E-01 -0.92529639E-03 -0.71114174E-01
  0.40406330E-01 -0.26155397E-03 -0.73228436E-01
  0.39479232E-01  0.41468894E-03 -0.75142666E-01
  0.38534096E-01  0.11039370E-02 -0.76864167E-01
  0.37569334E-01  0.18063618E-02 -0.78400709E-01
  0.36582293E-01  0.25217831E-02 -0.79759738E-01
  0.35569557E-01  0.32496807E-02 -0.80947676E-01
  0.34527333E-01  0.39892342E-02 -0.81969386E-01
  0.33451884E-01  0.47393875E-02 -0.82827830E-01
  0.32339978E-01  0.54989313E-02 -0.83523974E-01
  0.31189311E-01  0.62665951E-02 -0.84056924E-01
  0.29998875E-01  0.70411430E-02 -0.84424293E-01
  0.28769225E-01  0.78214632E-02 -0.84622768E-01
  0.27502643E-01  0.86066453E-02 -0.84648817E-01
  0.26203154E-01  0.93960388E-02 -0.84499471E-01
  0.24876426E-01  0.10189290E-01 -0.84173126E-01
  0.23529522E-01  0.10986350E-01 -0.83670279E-01
  0.22170559E-01  0.11787468E-01 -0.82994128E-01
  0.20808269E-01  0.12593149E-01 -0.82151002E-01
  0.19451517E-01  0.13404099E-01 -0.81150557E-01
  0.18108806E-01  0.14221162E-01 -0.80005734E-01
  0.16787803E-01  0.15045241E-01 -0.78732470E-01
  0.15494933E-01  0.15877226E-01 -0.77349186E-01
  0.14235067E-01  0.16717924E-01 -0.75876093E-01
  0.13011324E-01  0.17568002E-01 -0.74334366E-01
  0.11825009E-01  0.18427955E-01 -0.72745251E-01
  0.10675694E-01  0.19298080E-01 -0.71129180E-01
  0.95614153E-02  0.20178483E-01 -0.69504953E-01
  0.84789982E-02  0.21069106E-01 -0.67889059E-01
  0.74244598E-02  0.21969759E-01 -0.66295185E-01
  0.63934719E-02  0.22880184E-01 -0.64733940E-01
  0.53818416E-02  0.23800112E-01 -0.63212819E-01
  0.43859751E-02  0.24729327E-01 -0.61736409E-01
  0.34032890E-02  0.25667727E-01 -0.60306797E-01
  0.24325399E-02  0.26615368E-01 -0.58924168E-01
  0.14740485E-02  0.27572493E-01 -0.57587516E-01
  0.52980442E-03  0.28539544E-01 -0.56295425E-01
 -0.50068235E-01  0.39809745E-01 -0.12928212E+00
 -0.49841658E-01  0.44044935E-01 -0.12907903E+00
 -0.49530896E-01  0.48265192E-01 -0.12875046E+00
 -0.49142136E-01  0.52474079E-01 -0.12830417E+00
 -0.48680077E-01  0.56675947E-01 -0.12774890E+00
 -0.48148399E-01  0.60875849E-01 -0.12709436E+00
 -0.47550255E-01  0.65079408E-01 -0.12635107E+00
 -0.46888734E-01  0.69292669E-01 -0.12552996E+00
 -0.46167275E-01  0.73521907E-01 -0.12464180E+00
 -0.45389982E-01  0.77773421E-01 -0.12369651E+00
 -0.44561839E-01  0.82053309E-01 -0.12270236E+00
 -0.43688802E-01  0.86367228E-01 -0.12166515E+00
 -0.42777772E-01  0.90720156E-01 -0.12058743E+00
 -0.41836463E-01  0.95116139E-01 -0.11946787E+00
 -0.40873177E-01  0.99558052E-01 -0.11830067E+00
 -0.39896515E-01  0.10404735E+00 -0.11707524E+00
 -0.38915057E-01  0.10858382E+00 -0.11577612E+00
 -0.37937038E-01  0.11316534E+00 -0.11438302E+00
 -0.36970050E-01  0.11778764E+00 -0.11287123E+00
 -0.36020804E-01  0.12244403E+00 -0.11121209E+00
 -0.35094963E-01  0.12712517E+00 -0.10937380E+00
 -0.34197065E-01  0.13181884E+00 -0.10732224E+00
 -0.33330541E-01  0.13650969E+00 -0.10502201E+00
 -0.32497823E-01  0.14117904E+00 -0.10243749E+00
 -0.31700527E-01  0.14580477E+00 -0.99533928E-01
 -0.30939697E-01  0.15036114E+00 -0.96278603E-01
 -0.30216083E-01  0.15481886E+00 -0.92641900E-01
 -0.29530424E-01  0.15914517E+00 -0.88598395E-01
 -0.28883709E-01  0.16330403E+00 -0.84127861E-01
 -0.28277401E-01  0.16725659E+00 -0.79216223E-01
 -0.27713581E-01  0.17096171E+00 -0.73856412E-01
 -0.27195017E-01  0.17437671E+00 -0.68049120E-01
 -0.26725147E-01  0.17745834E+00 -0.61803399E-01
 -0.26307973E-01  0.18016382E+00 -0.55137093E-01
 -0.25947874E-01  0.18245210E+00 -0.48077034E-01
 -0.25649365E-01  0.18428513E+00 -0.40658983E-01
 -0.25416819E-01  0.18562921E+00 -0.32927248E-01
 -0.25254174E-01  0.18645622E+00 -0.24933979E-01
 -0.25164657E-01  0.18674476E+00 -0.16738121E-01
 -0.25150558E-01  0.18648114E+00 -0.84040443E-02
 -0.25213058E-01  0.18565995E+00  0.97289385E-07
  0.53177222E-01 -0.12056269E-01  0.14641268E-07
  0.53060049E-01 -0.11649968E-01 -0.44388353E-02
  0.52903856E-01 -0.11213496E-01 -0.88687190E-02
  0.52706508E-01 -0.10748958E-01 -0.13280943E-01
  0.52465330E-01 -0.10258835E-01 -0.17665879E-01
  0.52177351E-01 -0.97458784E-02 -0.22012601E-01
  0.51839604E-01 -0.92129776E-02 -0.26308661E-01
  0.51449447E-01 -0.86630184E-02 -0.30540037E-01
  0.51004857E-01 -0.80987406E-02 -0.34691266E-01
  0.50504695E-01 -0.75226043E-02 -0.38745744E-01
  0.49948887E-01 -0.69366771E-02 -0.42686189E-01
  0.49338529E-01 -0.63425477E-02 -0.46495216E-01
  0.48675875E-01 -0.57412747E-02 -0.50155981E-01
  0.47964232E-01 -0.51333718E-02 -0.53652841E-01
  0.47207751E-01 -0.45188309E-02 -0.56971960E-01
  0.46411138E-01 -0.38971812E-02 -0.60101837E-01
  0.45579313E-01 -0.32675769E-02 -0.63033674E-01
  0.44717037E-01 -0.26289093E-02 -0.65761581E-01
  0.43828552E-01 -0.19799310E-02 -0.68282582E-01
  0.42917256E-01 -0.13193843E-02 -0.70596441E-01
  0.41985458E-01 -0.64612347E-03 -0.72705300E-01
  0.41034215E-01  0.40778818E-04 -0.74613184E-01
  0.40063298E-01  0.74194778E-03 -0.76325410E-01
  0.39071262E-01  0.14576518E-02 -0.77847945E-01
  0.38055637E-01  0.21877797E-02 -0.79186784E-01
  0.37013228E-01  0.29318500E-02 -0.80347397E-01
  0.35940474E-01  0.36890507E-02 -0.81334286E-01
  0.34833879E-01  0.44583055E-02 -0.82150711E-01
  0.33690437E-01  0.52383582E-02 -0.82798580E-01
  0.32508043E-01  0.60278706E-02 -0.83278537E-01
  0.31285847E-01  0.68255223E-02 -0.83590226E-01
  0.30024510E-01  0.76301068E-02 -0.83732704E-01
  0.28726360E-01  0.84406146E-02 -0.83704970E-01
  0.27395412E-01  0.92562974E-02 -0.83506556E-01
  0.26037261E-01  0.10076709E-01 -0.83138134E-01
  0.24658850E-01  0.10901722E-01 -0.82602069E-01
  0.23268131E-01  0.11731516E-01 -0.81902883E-01
  0.21873650E-01  0.12566541E-01 -0.81047569E-01
  0.20484073E-01  0.13407469E-01 -0.80045745E-01
  0.19107711E-01  0.14255122E-01 -0.78909607E-01
  0.17752063E-01  0.15110393E-01 -0.77653708E-01
  0.16423426E-01  0.15974177E-01 -0.76294550E-01
  0.15126587E-01  0.16847293E-01 -0.74850042E-01
  0.13864645E-01  0.17730430E-01 -0.73338857E-01
  0.12638943E-01  0.18624106E-01 -0.71779735E-01
  0.11449148E-01  0.19528646E-01 -0.70190790E-01
  0.10293448E-01  0.20444186E-01 -0.68588876E-01
  0.91688617E-02  0.21370697E-01 -0.66989053E-01
  0.80716302E-02  0.22308021E-01 -0.65404207E-01
  0.69976640E-02  0.23255930E-01 -0.63844830E-01
  0.59430080E-02  0.24214189E-01 -0.62318994E-01
  0.49042897E-02  0.25182617E-01 -0.60832503E-01
  0.38791173E-02  0.26161149E-01 -0.59389216E-01
  0.28663979E-02  0.27149883E-01 -0.57991501E-01
  0.18665555E-02  0.28149108E-01 -0.56640794E-01
  0.88163347E-03  0.29159313E-01 -0.55338195E-01
 -0.44917110E-01  0.43878267E-01 -0.12834341E+00
 -0.44940323E-01  0.48022035E-01 -0.12826814E+00
 -0.44863433E-01  0.52157060E-01 -0.12806379E+00
 -0.44692813E-01  0.56287070E-01 -0.12773957E+00
 -0.44433552E-01  0.60416488E-01 -0.12730506E+00
 -0.44089881E-01  0.64550332E-01 -0.12677017E+00
 -0.43665614E-01  0.68694088E-01 -0.12614494E+00
 -0.43164582E-01  0.72853544E-01 -0.12543926E+00
 -0.42591007E-01  0.77034618E-01 -0.12466240E+00
 -0.41949796E-01  0.81243147E-01 -0.12382242E+00
 -0.41246737E-01  0.85484685E-01 -0.12292562E+00
 -0.40488579E-01  0.89764280E-01 -0.12197584E+00
 -0.39682989E-01  0.94086253E-01 -0.12097386E+00
 -0.38838423E-01  0.98453981E-01 -0.11991689E+00
 -0.37963893E-01  0.10286967E+00 -0.11879813E+00
 -0.37068678E-01  0.10733414E+00 -0.11760655E+00
 -0.36162010E-01  0.11184660E+00 -0.11632673E+00
 -0.35252744E-01  0.11640442E+00 -0.11493906E+00
 -0.34349066E-01  0.12100290E+00 -0.11341994E+00
 -0.33458253E-01  0.12563504E+00 -0.11174229E+00
 -0.32586509E-01  0.13029129E+00 -0.10987617E+00
 -0.31738885E-01  0.13495932E+00 -0.10778954E+00
 -0.30919296E-01  0.13962375E+00 -0.10544913E+00
 -0.30130627E-01  0.14426600E+00 -0.10282138E+00
 -0.29374916E-01  0.14886410E+00 -0.99873475E-01
 -0.28653591E-01  0.15339256E+00 -0.96574347E-01
 -0.27967751E-01  0.15782241E+00 -0.92895748E-01
 -0.27318444E-01  0.16212121E+00 -0.88813278E-01
 -0.26706930E-01  0.16625339E+00 -0.84307405E-01
 -0.26134901E-01  0.17018054E+00 -0.79364431E-01
 -0.25604630E-01  0.17386203E+00 -0.73977393E-01
 -0.25119039E-01  0.17725574E+00 -0.68146862E-01
 -0.24681686E-01  0.18031899E+00 -0.61881607E-01
 -0.24296660E-01  0.18300961E+00 -0.55199076E-01
 -0.23968402E-01  0.18528712E+00 -0.48125646E-01
 -0.23701463E-01  0.18711403E+00 -0.40696596E-01
 -0.23500233E-01  0.18845713E+00 -0.32955760E-01
 -0.23368650E-01  0.18928869E+00 -0.24954839E-01
 -0.23309930E-01  0.18958761E+00 -0.16752358E-01
 -0.23326340E-01  0.18934028E+00 -0.84122961E-02
 -0.23419028E-01  0.18854125E+00 -0.24439441E-05
  0.54723591E-01 -0.12503206E-01 -0.39090659E-06
  0.54603572E-01 -0.12099386E-01 -0.44244593E-02
  0.54443647E-01 -0.11664497E-01 -0.88371127E-02
  0.54241929E-01 -0.11200752E-01 -0.13228477E-01
  0.53996013E-01 -0.10710747E-01 -0.17588074E-01
  0.53703200E-01 -0.10197342E-01 -0.21904541E-01
  0.53360771E-01 -0.96635276E-02 -0.26165460E-01
  0.52966271E-01 -0.91122746E-02 -0.30357311E-01
  0.52517787E-01 -0.85463903E-02 -0.34465563E-01
  0.52014187E-01 -0.79683800E-02 -0.38474896E-01
  0.51455292E-01 -0.73803307E-02 -0.42369551E-01
  0.50841979E-01 -0.67838242E-02 -0.46133760E-01
  0.50176176E-01 -0.61798847E-02 -0.49752245E-01
  0.49460774E-01 -0.55689658E-02 -0.53210721E-01
  0.48699448E-01 -0.49509754E-02 -0.56496385E-01
  0.47896402E-01 -0.43253384E-02 -0.59598320E-01
  0.47056063E-01 -0.36910897E-02 -0.62507814E-01
  0.46182750E-01 -0.30469908E-02 -0.65218534E-01
  0.45280355E-01 -0.23916604E-02 -0.67726570E-01
  0.44352045E-01 -0.17237089E-02 -0.70030324E-01
  0.43400043E-01 -0.10418667E-02 -0.72130270E-01
  0.42425480E-01 -0.34509618E-03 -0.74028602E-01
  0.41428359E-01  0.36732015E-03 -0.75728804E-01
  0.40407616E-01  0.10957208E-02 -0.77235179E-01
  0.39361287E-01  0.18400401E-02 -0.78552379E-01
  0.38286769E-01  0.25998164E-02 -0.79684988E-01
  0.37181149E-01  0.33742319E-02 -0.80637175E-01
  0.36041573E-01  0.41621800E-02 -0.81412466E-01
  0.34865636E-01  0.49623529E-02 -0.82013638E-01
  0.33651741E-01  0.57733422E-02 -0.82442759E-01
  0.32399418E-01  0.65937432E-02 -0.82701345E-01
  0.31109549E-01  0.74222558E-02 -0.82790644E-01
  0.29784508E-01  0.82577717E-02 -0.82711997E-01
  0.28428179E-01  0.90994436E-02 -0.82467249E-01
  0.27045855E-01  0.99467300E-02 -0.82059173E-01
  0.25644036E-01  0.10799415E-01 -0.81491861E-01
  0.24230120E-01  0.11657598E-01 -0.80771051E-01
  0.22812032E-01  0.12521664E-01 -0.79904344E-01
  0.21397800E-01  0.13392231E-01 -0.78901311E-01
  0.19995129E-01  0.14270079E-01 -0.77773447E-01
  0.18610991E-01  0.15156075E-01 -0.76534006E-01
  0.17251276E-01  0.16051096E-01 -0.75197697E-01
  0.15920518E-01  0.16955958E-01 -0.73780281E-01
  0.14621731E-01  0.17871354E-01 -0.72298097E-01
  0.13356357E-01  0.18797818E-01 -0.70767548E-01
  0.12124327E-01  0.19735695E-01 -0.69204587E-01
  0.10924249E-01  0.20685151E-01 -0.67624257E-01
  0.97536773E-02  0.21646189E-01 -0.66040289E-01
  0.86094695E-02  0.22618688E-01 -0.64464826E-01
  0.74881860E-02  0.23602465E-01 -0.62908258E-01
  0.63865078E-02  0.24597329E-01 -0.61379202E-01
  0.53016398E-02  0.25603147E-01 -0.59884613E-01
  0.42316688E-02  0.26619907E-01 -0.58430014E-01
  0.31758512E-02  0.27647758E-01 -0.57019835E-01
  0.21348104E-02  0.28687043E-01 -0.55657812E-01
 -0.38460933E-01  0.44104474E-01 -0.12685036E+00
 -0.38860956E-01  0.48142895E-01 -0.12704446E+00
 -0.39138116E-01  0.52174501E-01 -0.12709525E+00
 -0.39300153E-01  0.56202668E-01 -0.12701347E+00
 -0.39353538E-01  0.60231449E-01 -0.12680966E+00
 -0.39303751E-01  0.64265487E-01 -0.12649412E+00
 -0.39155623E-01  0.68309907E-01 -0.12607687E+00
 -0.38913710E-01  0.72370170E-01 -0.12556752E+00
 -0.38582652E-01  0.76451915E-01 -0.12497494E+00
 -0.38167494E-01  0.80560782E-01 -0.12430699E+00
 -0.37673935E-01  0.84702216E-01 -0.12357000E+00
 -0.37108490E-01  0.88881281E-01 -0.12276841E+00
 -0.36478547E-01  0.93102457E-01 -0.12190420E+00
 -0.35792327E-01  0.97369450E-01 -0.12097647E+00
 -0.35058744E-01  0.10168500E+00 -0.11998110E+00
 -0.34287201E-01  0.10605067E+00 -0.11891035E+00
 -0.33487310E-01  0.11046669E+00 -0.11775275E+00
 -0.32668601E-01  0.11493173E+00 -0.11649304E+00
 -0.31840225E-01  0.11944271E+00 -0.11511224E+00
 -0.31010676E-01  0.12399457E+00 -0.11358791E+00
 -0.30187572E-01  0.12858006E+00 -0.11189457E+00
 -0.29377508E-01  0.13318947E+00 -0.11000417E+00
 -0.28585979E-01  0.13781045E+00 -0.10788679E+00
 -0.27817399E-01  0.14242769E+00 -0.10551134E+00
 -0.27075200E-01  0.14702279E+00 -0.10284645E+00
 -0.26362003E-01  0.15157399E+00 -0.99861318E-01
 -0.25679839E-01  0.15605614E+00 -0.96526693E-01
 -0.25030404E-01  0.16044063E+00 -0.92815855E-01
 -0.24415324E-01  0.16469546E+00 -0.88705613E-01
 -0.23836392E-01  0.16878549E+00 -0.84177313E-01
 -0.23295768E-01  0.17267284E+00 -0.79217813E-01
 -0.22796120E-01  0.17631740E+00 -0.73820412E-01
 -0.22340680E-01  0.17967762E+00 -0.67985683E-01
 -0.21933226E-01  0.18271137E+00 -0.61722186E-01
 -0.21577982E-01  0.18537708E+00 -0.55046986E-01
 -0.21279446E-01  0.18763485E+00 -0.47985949E-01
 -0.21042161E-01  0.18944773E+00 -0.40573746E-01
 -0.20870461E-01  0.19078300E+00 -0.32853534E-01
 -0.20768195E-01  0.19161336E+00 -0.24876286E-01
 -0.20738478E-01  0.19191798E+00 -0.16699767E-01
 -0.20783476E-01  0.19168344E+00 -0.83871733E-02
 -0.20904250E-01  0.19090428E+00 -0.54999940E-05
  0.56026427E-01 -0.12923683E-01 -0.72917146E-06
  0.55904245E-01 -0.12523806E-01 -0.44064923E-02
  0.55741235E-01 -0.12092318E-01 -0.87988607E-02
  0.55535892E-01 -0.11631508E-01 -0.13166883E-01
  0.55286239E-01 -0.11144038E-01 -0.17499282E-01
  0.54990010E-01 -0.10632820E-01 -0.21784255E-01
  0.54644880E-01 -0.10100877E-01 -0.26009352E-01
  0.54248704E-01 -0.95511980E-02 -0.30161434E-01
  0.53799754E-01 -0.89865873E-02 -0.34226735E-01
  0.53296927E-01 -0.84095268E-02 -0.38191021E-01
  0.52739905E-01 -0.78220614E-02 -0.42039836E-01
  0.52129242E-01 -0.72257121E-02 -0.45758818E-01
  0.51466384E-01 -0.66214265E-02 -0.49334060E-01
  0.50753604E-01 -0.60095671E-02 -0.52752493E-01
  0.49993860E-01 -0.53899403E-02 -0.56002245E-01
  0.49190599E-01 -0.47618623E-02 -0.59072968E-01
  0.48347507E-01 -0.41242552E-02 -0.61956081E-01
  0.47468239E-01 -0.34757685E-02 -0.64644939E-01
  0.46556152E-01 -0.28149127E-02 -0.67134884E-01
  0.45614066E-01 -0.21401983E-02 -0.69423205E-01
  0.44644066E-01 -0.14502670E-02 -0.71508987E-01
  0.43647389E-01 -0.74400685E-03 -0.73392888E-01
  0.42624376E-01 -0.20643089E-04 -0.75076844E-01
  0.41574521E-01  0.72020172E-03 -0.76563747E-01
  0.40496601E-01  0.14784811E-02 -0.77857107E-01
  0.39388888E-01  0.22537329E-02 -0.78960750E-01
  0.38249409E-01  0.30451193E-02 -0.79878556E-01
  0.37076252E-01  0.38514956E-02 -0.80614276E-01
  0.35867879E-01  0.46714994E-02 -0.81171430E-01
  0.34623427E-01  0.55036537E-02 -0.81553296E-01
  0.33342958E-01  0.63464742E-02 -0.81762999E-01
  0.32027657E-01  0.71985727E-02 -0.81803663E-01
  0.30679936E-01  0.80587477E-02 -0.81678639E-01
  0.29303453E-01  0.89260566E-02 -0.81391755E-01
  0.27903030E-01  0.97998634E-02 -0.80947591E-01
  0.26484481E-01  0.10679861E-01 -0.80351724E-01
  0.25054361E-01  0.11566064E-01 -0.79610933E-01
  0.23619653E-01  0.12458782E-01 -0.78733342E-01
  0.22187426E-01  0.13358563E-01 -0.77728472E-01
  0.20764472E-01  0.14266130E-01 -0.76607212E-01
  0.19356973E-01  0.15182307E-01 -0.75381685E-01
  0.17970210E-01  0.16107937E-01 -0.74065045E-01
  0.16608334E-01  0.17043815E-01 -0.72671192E-01
  0.15274232E-01  0.17990626E-01 -0.71214438E-01
  0.13969482E-01  0.18948908E-01 -0.69709160E-01
  0.12694404E-01  0.19919021E-01 -0.68169438E-01
  0.11448215E-01  0.20901155E-01 -0.66608740E-01
  0.10229254E-01  0.21895349E-01 -0.65039645E-01
  0.90352768E-02  0.22901528E-01 -0.63473654E-01
  0.78637900E-02  0.23919555E-01 -0.61921072E-01
  0.67123969E-02  0.24949295E-01 -0.60390996E-01
  0.55791347E-02  0.25990678E-01 -0.58891391E-01
  0.44627742E-02  0.27043748E-01 -0.57429248E-01
  0.33630616E-02  0.28108716E-01 -0.56010811E-01
 -0.30495554E-01  0.44720254E-01 -0.12454912E+00
 -0.31302246E-01  0.48634719E-01 -0.12503379E+00
 -0.31965324E-01  0.52542743E-01 -0.12535775E+00
 -0.32492908E-01  0.56447569E-01 -0.12553362E+00
 -0.32892199E-01  0.60353116E-01 -0.12557351E+00
 -0.33169573E-01  0.64263899E-01 -0.12548895E+00
 -0.33330772E-01  0.68184920E-01 -0.12529081E+00
 -0.33381144E-01  0.72121539E-01 -0.12498917E+00
 -0.33325925E-01  0.76079320E-01 -0.12459321E+00
 -0.33170510E-01  0.80063870E-01 -0.12411092E+00
 -0.32920698E-01  0.84080658E-01 -0.12354889E+00
 -0.32582879E-01  0.88134838E-01 -0.12291194E+00
 -0.32164157E-01  0.92231074E-01 -0.12220286E+00
 -0.31672379E-01  0.96373365E-01 -0.12142201E+00
 -0.31116090E-01  0.10056488E+00 -0.12056702E+00
 -0.30504409E-01  0.10480777E+00 -0.11963258E+00
 -0.29846836E-01  0.10910307E+00 -0.11861016E+00
 -0.29153021E-01  0.11345046E+00 -0.11748795E+00
 -0.28432500E-01  0.11784814E+00 -0.11625082E+00
 -0.27694444E-01  0.12229263E+00 -0.11488045E+00
 -0.26947421E-01  0.12677857E+00 -0.11335552E+00
 -0.26199211E-01  0.13129851E+00 -0.11165203E+00
 -0.25456671E-01  0.13584268E+00 -0.10974378E+00
 -0.24725685E-01  0.14039872E+00 -0.10760288E+00
 -0.24011177E-01  0.14495145E+00 -0.10520039E+00
 -0.23317199E-01  0.14948268E+00 -0.10250709E+00
 -0.22647080E-01  0.15397095E+00 -0.99494243E-01
 -0.22003623E-01  0.15839146E+00 -0.96134481E-01
 -0.21389323E-01  0.16271601E+00 -0.92402732E-01
 -0.20806589E-01  0.16691307E+00 -0.88277176E-01
 -0.20257955E-01  0.17094798E+00 -0.83740226E-01
 -0.19746242E-01  0.17478339E+00 -0.78779502E-01
 -0.19274670E-01  0.17837974E+00 -0.73388765E-01
 -0.18846905E-01  0.18169605E+00 -0.67568774E-01
 -0.18467023E-01  0.18469079E+00 -0.61328018E-01
 -0.18139423E-01  0.18732296E+00 -0.54683262E-01
 -0.17868656E-01  0.18955325E+00 -0.47659868E-01
 -0.17659224E-01  0.19134527E+00 -0.40291821E-01
 -0.17515347E-01  0.19266679E+00 -0.32621435E-01
 -0.17440715E-01  0.19349094E+00 -0.24698705E-01
 -0.17438269E-01  0.19379724E+00 -0.16580305E-01
 -0.17510013E-01  0.19357243E+00 -0.83282539E-02
 -0.17656876E-01  0.19281115E+00 -0.83083064E-05
  0.57092375E-01 -0.13322697E-01 -0.94369095E-06
  0.56969319E-01 -0.12928356E-01 -0.43849992E-02
  0.56804515E-01 -0.12502143E-01 -0.87542998E-02
  0.56596906E-01 -0.12046385E-01 -0.13096947E-01
  0.56345024E-01 -0.11563758E-01 -0.17400929E-01
  0.56047124E-01 -0.11057169E-01 -0.21653994E-01
  0.55701352E-01 -0.10529611E-01 -0.25843570E-01
  0.55305936E-01 -0.99840255E-02 -0.29956736E-01
  0.54859377E-01 -0.94231492E-02 -0.33980271E-01
  0.54360613E-01 -0.88493827E-02 -0.37900757E-01
  0.53809162E-01 -0.82646770E-02 -0.41704753E-01
  0.53205205E-01 -0.76704516E-02 -0.45379016E-01
  0.52549620E-01 -0.70675472E-02 -0.48910761E-01
  0.51843947E-01 -0.64562185E-02 -0.52287932E-01
  0.51090301E-01 -0.58361663E-02 -0.55499471E-01
  0.50291234E-01 -0.52066056E-02 -0.58535559E-01
  0.49449554E-01 -0.45663654E-02 -0.61387818E-01
  0.48568133E-01 -0.39140108E-02 -0.64049445E-01
  0.47649698E-01 -0.32479798E-02 -0.66515284E-01
  0.46696657E-01 -0.25667219E-02 -0.68781825E-01
  0.45710938E-01 -0.18688312E-02 -0.70847130E-01
  0.44693898E-01 -0.11531612E-02 -0.72710699E-01
  0.43646281E-01 -0.41891634E-03 -0.74373292E-01
  0.42568237E-01  0.33428839E-03 -0.75836713E-01
  0.41459419E-01  0.11064011E-02 -0.77103588E-01
  0.40319121E-01  0.18969413E-02 -0.78177151E-01
  0.39146476E-01  0.27050415E-02 -0.79061054E-01
  0.37940673E-01  0.35295156E-02 -0.79759219E-01
  0.36701186E-01  0.43689499E-02 -0.80275740E-01
  0.35428000E-01  0.52218067E-02 -0.80614849E-01
  0.34121794E-01  0.60865328E-02 -0.80780928E-01
  0.32784089E-01  0.69616641E-02 -0.80778582E-01
  0.31417326E-01  0.78459180E-02 -0.80612746E-01
  0.30024880E-01  0.87382667E-02 -0.80288820E-01
  0.28610996E-01  0.96379871E-02 -0.79812814E-01
  0.27180667E-01  0.10544684E-01 -0.79191481E-01
  0.25739435E-01  0.11458287E-01 -0.78432432E-01
  0.24293164E-01  0.12379022E-01 -0.77544201E-01
  0.22847778E-01  0.13307361E-01 -0.76536275E-01
  0.21408985E-01  0.14243960E-01 -0.75419054E-01
  0.19982028E-01  0.15189581E-01 -0.74203762E-01
  0.18571462E-01  0.16145021E-01 -0.72902308E-01
  0.17180982E-01  0.17111040E-01 -0.71527099E-01
  0.15813319E-01  0.18088303E-01 -0.70090827E-01
  0.14470203E-01  0.19077338E-01 -0.68606239E-01
  0.13152408E-01  0.20078515E-01 -0.67085913E-01
  0.11859862E-01  0.21092045E-01 -0.65542049E-01
  0.10591819E-01  0.22118000E-01 -0.63986302E-01
  0.93470846E-02  0.23156348E-01 -0.62429654E-01
  0.81242674E-02  0.24207009E-01 -0.60882344E-01
  0.69220456E-02  0.25269908E-01 -0.59353865E-01
  0.57394239E-02  0.26345035E-01 -0.57853006E-01
  0.45759647E-02  0.27432504E-01 -0.56387960E-01
 -0.21109890E-01  0.45686981E-01 -0.12139469E+00
 -0.22332266E-01  0.49469817E-01 -0.12219282E+00
 -0.23395938E-01  0.53244559E-01 -0.12281099E+00
 -0.24307871E-01  0.57014413E-01 -0.12326324E+00
 -0.25074756E-01  0.60783301E-01 -0.12356317E+00
 -0.25702928E-01  0.64555776E-01 -0.12372379E+00
 -0.26198382E-01  0.68336916E-01 -0.12375726E+00
 -0.26566870E-01  0.72132193E-01 -0.12367481E+00
 -0.26814039E-01  0.75947317E-01 -0.12348650E+00
 -0.26945607E-01  0.79788075E-01 -0.12320111E+00
 -0.26967536E-01  0.83660158E-01 -0.12282587E+00
 -0.26886199E-01  0.87568986E-01 -0.12236631E+00
 -0.26708493E-01  0.91519539E-01 -0.12182604E+00
 -0.26441911E-01  0.95516197E-01 -0.12120645E+00
 -0.26094551E-01  0.99562585E-01 -0.12050660E+00
 -0.25675062E-01  0.10366144E+00 -0.11972292E+00
 -0.25192530E-01  0.10781446E+00 -0.11884913E+00
 -0.24656320E-01  0.11202218E+00 -0.11787607E+00
 -0.24075880E-01  0.11628386E+00 -0.11679168E+00
 -0.23460533E-01  0.12059729E+00 -0.11558101E+00
 -0.22819271E-01  0.12495867E+00 -0.11422636E+00
 -0.22160566E-01  0.12936239E+00 -0.11270739E+00
 -0.21492221E-01  0.13380086E+00 -0.11100152E+00
 -0.20821273E-01  0.13826425E+00 -0.10908419E+00
 -0.20153946E-01  0.14274025E+00 -0.10692940E+00
 -0.19495676E-01  0.14721386E+00 -0.10451025E+00
 -0.18851178E-01  0.15166708E+00 -0.10179956E+00
 -0.18224571E-01  0.15607879E+00 -0.98770615E-01
 -0.17619536E-01  0.16042457E+00 -0.95397938E-01
 -0.17039492E-01  0.16467664E+00 -0.91658184E-01
 -0.16487772E-01  0.16880395E+00 -0.87531035E-01
 -0.15967782E-01  0.17277239E+00 -0.83000152E-01
 -0.15483127E-01  0.17654514E+00 -0.78054123E-01
 -0.15037686E-01  0.18008325E+00 -0.72687397E-01
 -0.14635637E-01  0.18334632E+00 -0.66901126E-01
 -0.14281414E-01  0.18629345E+00 -0.60703903E-01
 -0.13979612E-01  0.18888426E+00 -0.54112315E-01
 -0.13734841E-01  0.19108005E+00 -0.47151267E-01
 -0.13551544E-01  0.19284499E+00 -0.39854021E-01
 -0.13433792E-01  0.19414740E+00 -0.32261921E-01
 -0.13385077E-01  0.19496084E+00 -0.24423761E-01
 -0.13408123E-01  0.19526519E+00 -0.16394817E-01
 -0.13504733E-01  0.19504744E+00 -0.82355539E-02
 -0.13675679E-01  0.19430231E+00 -0.10065317E-04
  0.57929526E-01 -0.13704504E-01 -0.99567937E-06
  0.57807484E-01 -0.13317295E-01 -0.43601892E-02
  0.57642809E-01 -0.12898128E-01 -0.87039369E-02
  0.57434890E-01 -0.12449326E-01 -0.13019536E-01
  0.57182769E-01 -0.11973533E-01 -0.17294312E-01
  0.56885223E-01 -0.11473594E-01 -0.21515553E-01
  0.56540879E-01 -0.10952422E-01 -0.25670464E-01
  0.56148349E-01 -0.10412855E-01 -0.29746170E-01
  0.55706363E-01 -0.98575149E-02 -0.33729745E-01
  0.55213911E-01 -0.92886770E-02 -0.37608295E-01
  0.54670348E-01 -0.87081653E-02 -0.41369076E-01
  0.54075479E-01 -0.81172739E-02 -0.44999656E-01
  0.53429602E-01 -0.75167251E-02 -0.48488090E-01
  0.52733518E-01 -0.69066658E-02 -0.51823118E-01
  0.51988482E-01 -0.62867028E-02 -0.54994359E-01
  0.51196135E-01 -0.56559724E-02 -0.57992489E-01
  0.50358396E-01 -0.50132411E-02 -0.60809396E-01
  0.49477334E-01 -0.43570280E-02 -0.63438296E-01
  0.48555040E-01 -0.36857402E-02 -0.65873801E-01
  0.47593500E-01 -0.29978104E-02 -0.68111946E-01
  0.46594485E-01 -0.22918276E-02 -0.70150161E-01
  0.45559478E-01 -0.15666509E-02 -0.71987204E-01
  0.44489634E-01 -0.82149767E-03 -0.73623055E-01
  0.43385776E-01 -0.56002876E-04 -0.75058788E-01
  0.42248447E-01  0.72975672E-03 -0.76296424E-01
  0.41077989E-01  0.15352718E-02 -0.77338784E-01
  0.39874657E-01  0.23596418E-02 -0.78189355E-01
  0.38638760E-01  0.32016445E-02 -0.78852172E-01
  0.37370802E-01  0.40598255E-02 -0.79331728E-01
  0.36071623E-01  0.49326020E-02 -0.79632917E-01
  0.34742524E-01  0.58183708E-02 -0.79761010E-01
  0.33385357E-01  0.67156117E-02 -0.79721659E-01
  0.32002578E-01  0.76229799E-02 -0.79520925E-01
  0.30597259E-01  0.85393796E-02 -0.79165332E-01
  0.29173046E-01  0.94640141E-02 -0.78661914E-01
  0.27734072E-01  0.10396410E-01 -0.78018274E-01
  0.26284835E-01  0.11336416E-01 -0.77242622E-01
  0.24830042E-01  0.12284176E-01 -0.76343794E-01
  0.23374431E-01  0.13240082E-01 -0.75331254E-01
  0.21922592E-01  0.14204712E-01 -0.74215050E-01
  0.20478797E-01  0.15178762E-01 -0.73005759E-01
  0.19046849E-01  0.16162966E-01 -0.71714385E-01
  0.17629966E-01  0.17158040E-01 -0.70352250E-01
  0.16230710E-01  0.18164614E-01 -0.68930864E-01
  0.14850963E-01  0.19183199E-01 -0.67461783E-01
  0.13491950E-01  0.20214163E-01 -0.65956482E-01
  0.12154316E-01  0.21257733E-01 -0.64426234E-01
  0.10838244E-01  0.22314007E-01 -0.62882010E-01
  0.95436034E-02  0.23382998E-01 -0.61334412E-01
  0.82701204E-02  0.24464675E-01 -0.59793635E-01
  0.70175621E-02  0.25559023E-01 -0.58269468E-01
  0.57859121E-02  0.26666095E-01 -0.56771323E-01
 -0.10474402E-01  0.46936590E-01 -0.11736383E+00
 -0.12093125E-01  0.50590333E-01 -0.11849358E+00
 -0.13547485E-01  0.54232314E-01 -0.11942507E+00
 -0.14841580E-01  0.57865639E-01 -0.12017251E+00
 -0.15980015E-01  0.61494216E-01 -0.12075020E+00
 -0.16967709E-01  0.65122671E-01 -0.12117211E+00
 -0.17809778E-01  0.68756239E-01 -0.12145160E+00
 -0.18511486E-01  0.72400621E-01 -0.12160114E+00
 -0.19078246E-01  0.76061831E-01 -0.12163203E+00
 -0.19515670E-01  0.79746020E-01 -0.12155422E+00
 -0.19829642E-01  0.83459294E-01 -0.12137606E+00
 -0.20026395E-01  0.87207537E-01 -0.12110420E+00
 -0.20112593E-01  0.90996236E-01 -0.12074332E+00
 -0.20095376E-01  0.94830318E-01 -0.12029606E+00
 -0.19982382E-01  0.98714003E-01 -0.11976280E+00
 -0.19781731E-01  0.10265067E+00 -0.11914156E+00
 -0.19501957E-01  0.10664274E+00 -0.11842791E+00
 -0.19151916E-01  0.11069158E+00 -0.11761483E+00
 -0.18740653E-01  0.11479735E+00 -0.11669271E+00
 -0.18277252E-01  0.11895896E+00 -0.11564936E+00
 -0.17770675E-01  0.12317389E+00 -0.11447004E+00
 -0.17229605E-01  0.12743807E+00 -0.11313758E+00
 -0.16662315E-01  0.13174573E+00 -0.11163258E+00
 -0.16076553E-01  0.13608916E+00 -0.10993364E+00
 -0.15479473E-01  0.14045850E+00 -0.10801769E+00
 -0.14877613E-01  0.14484152E+00 -0.10586044E+00
 -0.14276904E-01  0.14922338E+00 -0.10343681E+00
 -0.13682735E-01  0.15358631E+00 -0.10072153E+00
 -0.13100042E-01  0.15790953E+00 -0.97689795E-01
 -0.12533424E-01  0.16216898E+00 -0.94318014E-01
 -0.11987273E-01  0.16633736E+00 -0.90584592E-01
 -0.11465898E-01  0.17038412E+00 -0.86470807E-01
 -0.10973632E-01  0.17427571E+00 -0.81961717E-01
 -0.10514915E-01  0.17797592E+00 -0.77047072E-01
 -0.10094330E-01  0.18144641E+00 -0.71722213E-01
 -0.97166034E-02  0.18464747E+00 -0.65988892E-01
 -0.93865506E-02  0.18753886E+00 -0.59855988E-01
 -0.91089841E-02  0.19008087E+00 -0.53340040E-01
 -0.88885804E-02  0.19223545E+00 -0.46465561E-01
 -0.87297226E-02  0.19396742E+00 -0.39265079E-01
 -0.86363291E-02  0.19524563E+00 -0.31778861E-01
 -0.86116856E-02  0.19604415E+00 -0.24054315E-01
 -0.86582931E-02  0.19634323E+00 -0.16145051E-01
 -0.87777468E-02  0.19613013E+00 -0.81096433E-02
 -0.89706574E-02  0.19539969E+00 -0.10136258E-04
  0.58547115E-01 -0.14072612E-01 -0.86952195E-06
  0.58428410E-01 -0.13694038E-01 -0.43324003E-02
  0.58266259E-01 -0.13283467E-01 -0.86484130E-02
  0.58060421E-01 -0.12843181E-01 -0.12935542E-01
  0.57810375E-01 -0.12375747E-01 -0.17180524E-01
  0.57515354E-01 -0.11883911E-01 -0.21370179E-01
  0.57174410E-01 -0.11370462E-01 -0.25491406E-01
  0.56786495E-01 -0.10838100E-01 -0.29531204E-01
  0.56350556E-01 -0.10289301E-01 -0.33476714E-01
  0.55865630E-01 -0.97261951E-02 -0.37315285E-01
  0.55330933E-01 -0.91504653E-02 -0.41034571E-01
  0.54745942E-01 -0.85632783E-02 -0.44622648E-01
  0.54110445E-01 -0.79652465E-02 -0.48068147E-01
  0.53424581E-01 -0.73564277E-02 -0.51360392E-01
  0.52688838E-01 -0.67363621E-02 -0.54489545E-01
  0.51904042E-01 -0.61041433E-02 -0.57446739E-01
  0.51071311E-01 -0.54585170E-02 -0.60224190E-01
  0.50191994E-01 -0.47980014E-02 -0.62815293E-01
  0.49267607E-01 -0.41210192E-02 -0.65214684E-01
  0.48299756E-01 -0.34260315E-02 -0.67418267E-01
  0.47290070E-01 -0.27116641E-02 -0.69423215E-01
  0.46240145E-01 -0.19768171E-02 -0.71227937E-01
  0.45151504E-01 -0.12207501E-02 -0.72832019E-01
  0.44025579E-01 -0.44313804E-03 -0.74236140E-01
  0.42863716E-01  0.35590606E-03 -0.75441981E-01
  0.41667202E-01  0.11758415E-02 -0.76452126E-01
  0.40437307E-01  0.20157411E-02 -0.77269959E-01
  0.39175350E-01  0.28743597E-02 -0.77899571E-01
  0.37882760E-01  0.37502218E-02 -0.78345684E-01
  0.36561150E-01  0.46417237E-02 -0.78613582E-01
  0.35212374E-01  0.55472378E-02 -0.78709065E-01
  0.33838577E-01  0.64652152E-02 -0.78638420E-01
  0.32442219E-01  0.73942750E-02 -0.78408400E-01
  0.31026087E-01  0.83332767E-02 -0.78026218E-01
  0.29593266E-01  0.92813697E-02 -0.77499549E-01
  0.28147102E-01  0.10238018E-01 -0.76836528E-01
  0.26691129E-01  0.11202999E-01 -0.76045745E-01
  0.25228986E-01  0.12176381E-01 -0.75136234E-01
  0.23764321E-01  0.13158477E-01 -0.74117448E-01
  0.22300695E-01  0.14149784E-01 -0.72999220E-01
  0.20841481E-01  0.15150924E-01 -0.71791717E-01
  0.19389785E-01  0.16162564E-01 -0.70505369E-01
  0.17948378E-01  0.17185360E-01 -0.69150808E-01
  0.16519654E-01  0.18219900E-01 -0.67738780E-01
  0.15105616E-01  0.19266668E-01 -0.66280077E-01
  0.13707889E-01  0.20326019E-01 -0.64785460E-01
  0.12327759E-01  0.21398183E-01 -0.63265596E-01
  0.10966239E-01  0.22483281E-01 -0.61731011E-01
  0.96241521E-02  0.23581357E-01 -0.60192060E-01
  0.83022319E-02  0.24692424E-01 -0.58658913E-01
  0.32706496E-02  0.44826329E-01 -0.11078133E+00
  0.11519016E-02  0.48380564E-01 -0.11247232E+00
 -0.81079856E-03  0.51915967E-01 -0.11393976E+00
 -0.26157527E-02  0.55434388E-01 -0.11519502E+00
 -0.42627416E-02  0.58938631E-01 -0.11625083E+00
 -0.57527811E-02  0.62432418E-01 -0.11712075E+00
 -0.70879047E-02  0.65920323E-01 -0.11781871E+00
 -0.82709798E-02  0.69407658E-01 -0.11835847E+00
 -0.93055663E-02  0.72900333E-01 -0.11875327E+00
 -0.10195815E-01  0.76404690E-01 -0.11901544E+00
 -0.10946402E-01  0.79927317E-01 -0.11915613E+00
 -0.11562499E-01  0.83474854E-01 -0.11918499E+00
 -0.12049752E-01  0.87053798E-01 -0.11911001E+00
 -0.12414289E-01  0.90670313E-01 -0.11893730E+00
 -0.12662709E-01  0.94330050E-01 -0.11867092E+00
 -0.12802079E-01  0.98037998E-01 -0.11831279E+00
 -0.12839903E-01  0.10179834E+00 -0.11786258E+00
 -0.12784075E-01  0.10561433E+00 -0.11731760E+00
 -0.12642818E-01  0.10948821E+00 -0.11667281E+00
 -0.12424589E-01  0.11342111E+00 -0.11592071E+00
 -0.12137982E-01  0.11741297E+00 -0.11505145E+00
 -0.11791610E-01  0.12146244E+00 -0.11405279E+00
 -0.11393991E-01  0.12556678E+00 -0.11291022E+00
 -0.10953445E-01  0.12972175E+00 -0.11160710E+00
 -0.10477993E-01  0.13392142E+00 -0.11012481E+00
 -0.99752929E-02  0.13815803E+00 -0.10844299E+00
 -0.94525879E-02  0.14242172E+00 -0.10653988E+00
 -0.89166961E-02  0.14670035E+00 -0.10439266E+00
 -0.83740231E-02  0.15097922E+00 -0.10197788E+00
 -0.78306032E-02  0.15524083E+00 -0.99272016E-01
 -0.72921612E-02  0.15946471E+00 -0.96252076E-01
 -0.67641889E-02  0.16362720E+00 -0.92896259E-01
 -0.62520242E-02  0.16770147E+00 -0.89184723E-01
 -0.57609258E-02  0.17165753E+00 -0.85100404E-01
 -0.52961323E-02  0.17546242E+00 -0.80629863E-01
 -0.48628975E-02  0.17908058E+00 -0.75764159E-01
 -0.44664957E-02  0.18247440E+00 -0.70499696E-01
 -0.41121940E-02  0.18560488E+00 -0.64838997E-01
 -0.38051902E-02  0.18843255E+00 -0.58791377E-01
 -0.35505200E-02  0.19091844E+00 -0.52373444E-01
 -0.33529391E-02  0.19302523E+00 -0.45609379E-01
 -0.32167902E-02  0.19471843E+00 -0.38530966E-01
 -0.31458633E-02  0.19596751E+00 -0.31177319E-01
 -0.31432629E-02  0.19674706E+00 -0.23594300E-01
 -0.32112918E-02  0.19703775E+00 -0.15833632E-01
 -0.33513632E-02  0.19682712E+00 -0.79517187E-02
 -0.35639469E-02  0.19611016E+00 -0.82305806E-05
  0.58955321E-01 -0.14430036E-01 -0.57487307E-06
  0.58842449E-01 -0.14061436E-01 -0.43020736E-02
  0.58685411E-01 -0.13660721E-01 -0.85884628E-02
  0.58484215E-01 -0.13230096E-01 -0.12845845E-01
  0.58238645E-01 -0.12772023E-01 -0.17060439E-01
  0.57948273E-01 -0.12289118E-01 -0.21218605E-01
  0.57612471E-01 -0.11784024E-01 -0.25306871E-01
  0.57230458E-01 -0.11259287E-01 -0.29311984E-01
  0.56801354E-01 -0.10717226E-01 -0.33220960E-01
  0.56324247E-01 -0.10159827E-01 -0.37021164E-01
  0.55798262E-01 -0.95886414E-02 -0.40700394E-01
  0.55222630E-01 -0.90047270E-02 -0.44246985E-01
  0.54596756E-01 -0.84086135E-02 -0.47649911E-01
  0.53920270E-01 -0.78003050E-02 -0.50898902E-01
  0.53193069E-01 -0.71793176E-02 -0.53984544E-01
  0.52415341E-01 -0.65447483E-02 -0.56898388E-01
  0.51587572E-01 -0.58953715E-02 -0.59633024E-01
  0.50710547E-01 -0.52297541E-02 -0.62182160E-01
  0.49785321E-01 -0.45463820E-02 -0.64540659E-01
  0.48813194E-01 -0.38437882E-02 -0.66704569E-01
  0.47795675E-01 -0.31206728E-02 -0.68671121E-01
  0.46734442E-01 -0.23760070E-02 -0.70438705E-01
  0.45631305E-01 -0.16091140E-02 -0.72006833E-01
  0.44488171E-01 -0.81972058E-03 -0.73376081E-01
  0.43307019E-01 -0.79784290E-05 -0.74548017E-01
  0.42089881E-01  0.82554686E-03 -0.75525134E-01
  0.40838832E-01  0.16799162E-02 -0.76310767E-01
  0.39555989E-01  0.25538830E-02 -0.76909022E-01
  0.38243519E-01  0.34459780E-02 -0.77324705E-01
  0.36903644E-01  0.43546066E-02 -0.77563259E-01
  0.35538656E-01  0.52781500E-02 -0.77630712E-01
  0.34150926E-01  0.62150626E-02 -0.77533632E-01
  0.32742911E-01  0.71639586E-02 -0.77279091E-01
  0.31317157E-01  0.81236810E-02 -0.76874627E-01
  0.29876294E-01  0.90933497E-02 -0.76328224E-01
  0.28423018E-01  0.10072386E-01 -0.75648278E-01
  0.26960075E-01  0.11060511E-01 -0.74843573E-01
  0.25490232E-01  0.12057727E-01 -0.73923244E-01
  0.24016245E-01  0.13064272E-01 -0.72896747E-01
  0.22540826E-01  0.14080567E-01 -0.71773813E-01
  0.21066608E-01  0.15107154E-01 -0.70564402E-01
  0.19596114E-01  0.16144627E-01 -0.69278657E-01
  0.18131734E-01  0.17193578E-01 -0.67926850E-01
  0.16675706E-01  0.18254542E-01 -0.66519333E-01
  0.15230112E-01  0.19327962E-01 -0.65066494E-01
  0.13796876E-01  0.20414171E-01 -0.63578712E-01
  0.12377781E-01  0.21513392E-01 -0.62066332E-01
  0.10974489E-01  0.22625753E-01 -0.60539641E-01
  0.95885771E-02  0.23751319E-01 -0.59008861E-01
  0.15779559E-01  0.46462996E-01 -0.10476879E+00
  0.13427406E-01  0.49920422E-01 -0.10678792E+00
  0.11205921E-01  0.53353670E-01 -0.10858097E+00
  0.91222922E-02  0.56763919E-01 -0.11015536E+00
  0.71818325E-02  0.60153394E-01 -0.11152073E+00
  0.53881252E-02  0.63525359E-01 -0.11268838E+00
  0.37431875E-02  0.66884074E-01 -0.11367071E+00
  0.22476366E-02  0.70234702E-01 -0.11448070E+00
  0.90084980E-03  0.73583177E-01 -0.11513140E+00
 -0.29888905E-03  0.76936036E-01 -0.11563546E+00
 -0.13542611E-02  0.80300229E-01 -0.11600473E+00
 -0.22688025E-02  0.83682906E-01 -0.11624993E+00
 -0.30468115E-02  0.87091210E-01 -0.11638031E+00
 -0.36932707E-02  0.90532056E-01 -0.11640340E+00
 -0.42137789E-02  0.94011943E-01 -0.11632486E+00
 -0.46144887E-02  0.97536765E-01 -0.11614828E+00
 -0.49020451E-02  0.10111166E+00 -0.11587510E+00
 -0.50835218E-02  0.10474089E+00 -0.11550448E+00
 -0.51663520E-02  0.10842770E+00 -0.11503332E+00
 -0.51582544E-02  0.11217427E+00 -0.11445620E+00
 -0.50671530E-02  0.11598165E+00 -0.11376539E+00
 -0.49010943E-02  0.11984963E+00 -0.11295092E+00
 -0.46681647E-02  0.12377673E+00 -0.11200062E+00
 -0.43764113E-02  0.12776010E+00 -0.11090027E+00
 -0.40337713E-02  0.13179537E+00 -0.10963369E+00
 -0.36480131E-02  0.13587655E+00 -0.10818296E+00
 -0.32266930E-02  0.13999584E+00 -0.10652865E+00
 -0.27771293E-02  0.14414344E+00 -0.10465009E+00
 -0.23063938E-02  0.14830728E+00 -0.10252576E+00
 -0.18213213E-02  0.15247284E+00 -0.10013367E+00
 -0.13285325E-02  0.15662287E+00 -0.97451887E-01
 -0.83446746E-03  0.16073721E+00 -0.94459073E-01
 -0.34542404E-03  0.16479264E+00 -0.91135151E-01
  0.13240558E-03  0.16876281E+00 -0.87461999E-01
  0.59290561E-03  0.17261833E+00 -0.83424219E-01
  0.10300212E-02  0.17632688E+00 -0.79009937E-01
  0.14377615E-02  0.17985366E+00 -0.74211609E-01
  0.18102249E-02  0.18316182E+00 -0.69026811E-01
  0.21416474E-02  0.18621320E+00 -0.63458952E-01
  0.24264738E-02  0.18896916E+00 -0.57517887E-01
  0.26594485E-02  0.19139161E+00 -0.51220361E-01
  0.28357201E-02  0.19344402E+00 -0.44590262E-01
  0.29509540E-02  0.19509268E+00 -0.37658612E-01
  0.30014441E-02  0.19630774E+00 -0.30463304E-01
  0.29842152E-02  0.19706437E+00 -0.23048533E-01
  0.28971091E-02  0.19734370E+00 -0.15463959E-01
  0.27388452E-02  0.19713356E+00 -0.77635960E-02
  0.25090533E-02  0.19642908E+00 -0.44978468E-05
  0.59165194E-01 -0.14779727E-01 -0.14515369E-06
  0.59060504E-01 -0.14422238E-01 -0.42697166E-02
  0.58911041E-01 -0.14032327E-01 -0.85248720E-02
  0.58716907E-01 -0.13612098E-01 -0.12751291E-01
  0.58478038E-01 -0.13163887E-01 -0.16934748E-01
  0.58194189E-01 -0.12690164E-01 -0.21061168E-01
  0.57864926E-01 -0.12193421E-01 -0.25116681E-01
  0.57489642E-01 -0.11676049E-01 -0.29087701E-01
  0.57067581E-01 -0.11140227E-01 -0.32961001E-01
  0.56597885E-01 -0.10587809E-01 -0.36723801E-01
  0.56079644E-01 -0.10020246E-01 -0.40363868E-01
  0.55511959E-01 -0.94385220E-02 -0.43869611E-01
  0.54894010E-01 -0.88431274E-02 -0.47230183E-01
  0.54225117E-01 -0.82340602E-02 -0.50435576E-01
  0.53504805E-01 -0.76108636E-02 -0.53476711E-01
  0.52732852E-01 -0.69726916E-02 -0.56345512E-01
  0.51909336E-01 -0.63183995E-02 -0.59034972E-01
  0.51034661E-01 -0.56466530E-02 -0.61539191E-01
  0.50109568E-01 -0.49560469E-02 -0.63853408E-01
  0.49135143E-01 -0.42452252E-02 -0.65974003E-01
  0.48112799E-01 -0.35129939E-02 -0.67898488E-01
  0.47044249E-01 -0.27584181E-02 -0.69625476E-01
  0.45931475E-01 -0.19808977E-02 -0.71154642E-01
  0.44776685E-01 -0.11802154E-02 -0.72486667E-01
  0.43582267E-01 -0.35655627E-03 -0.73623181E-01
  0.42350738E-01  0.48950314E-03 -0.74566697E-01
  0.41084704E-01  0.13570330E-02 -0.75320548E-01
  0.39786813E-01  0.22448126E-02 -0.75888824E-01
  0.38459718E-01  0.31514102E-02 -0.76276314E-01
  0.37106049E-01  0.40752751E-02 -0.76488454E-01
  0.35728387E-01  0.50148325E-02 -0.76531279E-01
  0.34329252E-01  0.59685756E-02 -0.76411380E-01
  0.32911091E-01  0.69351465E-02 -0.76135867E-01
  0.31476279E-01  0.79134024E-02 -0.75712334E-01
  0.30027119E-01  0.89024602E-02 -0.75148821E-01
  0.28565856E-01  0.99017202E-02 -0.74453783E-01
  0.27094680E-01  0.10910866E-01 -0.73636052E-01
  0.25615742E-01  0.11929846E-01 -0.72704793E-01
  0.24131165E-01  0.12958832E-01 -0.71669467E-01
  0.22643055E-01  0.13998172E-01 -0.70539783E-01
  0.21153509E-01  0.15048329E-01 -0.69325649E-01
  0.19664623E-01  0.16109824E-01 -0.68037124E-01
  0.18178495E-01  0.17183175E-01 -0.66684374E-01
  0.16697225E-01  0.18268856E-01 -0.65277628E-01
  0.15222917E-01  0.19367263E-01 -0.63827143E-01
  0.13757670E-01  0.20478694E-01 -0.62343171E-01
  0.12303577E-01  0.21603349E-01 -0.60835947E-01
  0.10862721E-01  0.22741350E-01 -0.59315677E-01
  0.28410406E-01  0.48078673E-01 -0.98130188E-01
  0.25948451E-01  0.51457736E-01 -0.10043411E+00
  0.23580305E-01  0.54807502E-01 -0.10251973E+00
  0.21318125E-01  0.58128279E-01 -0.10438958E+00
  0.19172192E-01  0.61421453E-01 -0.10604897E+00
  0.17150921E-01  0.64689530E-01 -0.10750559E+00
  0.15260903E-01  0.67936139E-01 -0.10876899E+00
  0.13506988E-01  0.71165970E-01 -0.10985001E+00
  0.11892394E-01  0.74384672E-01 -0.11076029E+00
  0.10418825E-01  0.77598700E-01 -0.11151175E+00
  0.90866074E-02  0.80815128E-01 -0.11211610E+00
  0.78948180E-02  0.84041436E-01 -0.11258440E+00
  0.68414179E-02  0.87285284E-01 -0.11292670E+00
  0.59233763E-02  0.90554280E-01 -0.11315167E+00
  0.51367892E-02  0.93855755E-01 -0.11326638E+00
  0.44769903E-02  0.97196561E-01 -0.11327603E+00
  0.39386543E-02  0.10058288E+00 -0.11318384E+00
  0.35158941E-02  0.10402007E+00 -0.11299088E+00
  0.32023519E-02  0.10751255E+00 -0.11269605E+00
  0.29912853E-02  0.11106368E+00 -0.11229598E+00
  0.28756476E-02  0.11467570E+00 -0.11178508E+00
  0.28481634E-02  0.11834966E+00 -0.11115557E+00
  0.29013981E-02  0.12208535E+00 -0.11039749E+00
  0.30278208E-02  0.12588127E+00 -0.10949885E+00
  0.32198588E-02  0.12973452E+00 -0.10844573E+00
  0.34699440E-02  0.13364073E+00 -0.10722242E+00
  0.37705482E-02  0.13759390E+00 -0.10581163E+00
  0.41142098E-02  0.14158625E+00 -0.10419473E+00
  0.44935494E-02  0.14560803E+00 -0.10235206E+00
  0.49012765E-02  0.14964733E+00 -0.10026323E+00
  0.53301893E-02  0.15368977E+00 -0.97907574E-01
  0.57731686E-02  0.15771839E+00 -0.95264584E-01
  0.62231708E-02  0.16171335E+00 -0.92314484E-01
  0.66732210E-02  0.16565189E+00 -0.89038821E-01
  0.71164126E-02  0.16950818E+00 -0.85421134E-01
  0.75459149E-02  0.17325345E+00 -0.81447668E-01
  0.79549920E-02  0.17685613E+00 -0.77108113E-01
  0.83370369E-02  0.18028221E+00 -0.72396350E-01
  0.86856198E-02  0.18349572E+00 -0.67311162E-01
  0.89945525E-02  0.18645944E+00 -0.61856887E-01
  0.92579649E-02  0.18913569E+00 -0.56043953E-01
  0.94703942E-02  0.19148730E+00 -0.49889266E-01
  0.96268784E-02  0.19347872E+00 -0.43416412E-01
  0.97230517E-02  0.19507705E+00 -0.36655621E-01
  0.97552354E-02  0.19625324E+00 -0.29643497E-01
  0.97205169E-02  0.19698308E+00 -0.22422472E-01
  0.96168123E-02  0.19724818E+00 -0.15040017E-01
  0.94429087E-02  0.19703672E+00 -0.75476106E-02
  0.91984809E-02  0.19634396E+00  0.48158330E-06
  0.59188658E-01 -0.15125095E-01  0.36722282E-06
  0.59094061E-01 -0.14779644E-01 -0.42358610E-02
  0.58954205E-01 -0.14401203E-01 -0.84584309E-02
  0.58769131E-01 -0.13991755E-01 -0.12652687E-01
  0.58538767E-01 -0.13553500E-01 -0.16804030E-01
  0.58262899E-01 -0.13088763E-01 -0.20897990E-01
  0.57941155E-01 -0.12599891E-01 -0.24920317E-01
  0.57573006E-01 -0.12089139E-01 -0.28857074E-01
  0.57157772E-01 -0.11558565E-01 -0.32694740E-01
  0.56694654E-01 -0.11009930E-01 -0.36420319E-01
  0.56182770E-01 -0.10444624E-01 -0.40021452E-01
  0.55621211E-01 -0.98636032E-02 -0.43486521E-01
  0.55009099E-01 -0.92673693E-02 -0.46804755E-01
  0.54345655E-01 -0.86559684E-02 -0.49966323E-01
  0.53630261E-01 -0.80290257E-02 -0.52962407E-01
  0.52862526E-01 -0.73858058E-02 -0.55785272E-01
  0.52042344E-01 -0.67252960E-02 -0.58428302E-01
  0.51169934E-01 -0.60463069E-02 -0.60886027E-01
  0.50245876E-01 -0.53475826E-02 -0.63154125E-01
  0.49271128E-01 -0.46279106E-02 -0.65229410E-01
  0.48247024E-01 -0.38862274E-02 -0.67109794E-01
  0.47175261E-01 -0.31217073E-02 -0.68794250E-01
  0.46057866E-01 -0.23338334E-02 -0.70282751E-01
  0.44897157E-01 -0.15224419E-02 -0.71576214E-01
  0.43695686E-01 -0.68774060E-03 -0.72676432E-01
  0.42456181E-01  0.16970070E-03 -0.73586013E-01
  0.41181481E-01  0.10489854E-02 -0.74308324E-01
  0.39874476E-01  0.19489474E-02 -0.74847430E-01
  0.38538046E-01  0.28682248E-02 -0.75208052E-01
  0.37175012E-01  0.38053444E-02 -0.75395526E-01
  0.35788092E-01  0.47588100E-02 -0.75415765E-01
  0.34379869E-01  0.57271871E-02 -0.75275231E-01
  0.32952779E-01  0.67091778E-02 -0.74980907E-01
  0.31509100E-01  0.77036824E-02 -0.74540274E-01
  0.30050959E-01  0.87098405E-02 -0.73961276E-01
  0.28580354E-01  0.97270536E-02 -0.73252297E-01
  0.27099171E-01  0.10754985E-01 -0.72422119E-01
  0.25609223E-01  0.11793544E-01 -0.71479889E-01
  0.24112278E-01  0.12842846E-01 -0.70435066E-01
  0.22610095E-01  0.13903172E-01 -0.69297379E-01
  0.21104459E-01  0.14974909E-01 -0.68076767E-01
  0.19597202E-01  0.16058502E-01 -0.66783331E-01
  0.18090226E-01  0.17154396E-01 -0.65427281E-01
  0.16585512E-01  0.18262997E-01 -0.64018889E-01
  0.15085126E-01  0.19384641E-01 -0.62568448E-01
  0.13591211E-01  0.20519581E-01 -0.61086242E-01
  0.43187246E-01  0.46232422E-01 -0.88334026E-01
  0.40718349E-01  0.49583225E-01 -0.91055747E-01
  0.38282112E-01  0.52901878E-01 -0.93582425E-01
  0.35895556E-01  0.56186870E-01 -0.95908224E-01
  0.33574421E-01  0.59437566E-01 -0.98030593E-01
  0.31332958E-01  0.62654359E-01 -0.99950058E-01
  0.29183784E-01  0.65838769E-01 -0.10166992E+00
  0.27137789E-01  0.68993503E-01 -0.10319587E+00
  0.25204096E-01  0.72122448E-01 -0.10453554E+00
  0.23390062E-01  0.75230609E-01 -0.10569801E+00
  0.21701327E-01  0.78323991E-01 -0.10669335E+00
  0.20141887E-01  0.81409442E-01 -0.10753206E+00
  0.18714190E-01  0.84494446E-01 -0.10822465E+00
  0.17419258E-01  0.87586905E-01 -0.10878114E+00
  0.16256811E-01  0.90694888E-01 -0.10921074E+00
  0.15225399E-01  0.93826401E-01 -0.10952142E+00
  0.14322540E-01  0.96989145E-01 -0.10971967E+00
  0.13544847E-01  0.10019031E+00 -0.10981025E+00
  0.12888150E-01  0.10343638E+00 -0.10979603E+00
  0.12347619E-01  0.10673298E+00 -0.10967780E+00
  0.11917863E-01  0.11008475E+00 -0.10945427E+00
  0.11593033E-01  0.11349525E+00 -0.10912198E+00
  0.11366900E-01  0.11696688E+00 -0.10867529E+00
  0.11232935E-01  0.12050081E+00 -0.10810645E+00
  0.11184367E-01  0.12409695E+00 -0.10740567E+00
  0.11214239E-01  0.12775388E+00 -0.10656118E+00
  0.11315449E-01  0.13146878E+00 -0.10555941E+00
  0.11480780E-01  0.13523733E+00 -0.10438512E+00
  0.11702934E-01  0.13905361E+00 -0.10302164E+00
  0.11974541E-01  0.14290993E+00 -0.10145110E+00
  0.12288184E-01  0.14679665E+00 -0.99654725E-01
  0.12636403E-01  0.15070199E+00 -0.97613201E-01
  0.13011709E-01  0.15461182E+00 -0.95307050E-01
  0.13406593E-01  0.15850943E+00 -0.92717116E-01
  0.13813545E-01  0.16237537E+00 -0.89825071E-01
  0.14225067E-01  0.16618732E+00 -0.86614002E-01
  0.14633707E-01  0.16992005E+00 -0.83069031E-01
  0.15032087E-01  0.17354545E+00 -0.79177983E-01
  0.15412952E-01  0.17703276E+00 -0.74932062E-01
  0.15769223E-01  0.18034884E+00 -0.70326530E-01
  0.16094062E-01  0.18345872E+00 -0.65361347E-01
  0.16380944E-01  0.18632621E+00 -0.60041744E-01
  0.16623740E-01  0.18891470E+00 -0.54378687E-01
  0.16816801E-01  0.19118809E+00 -0.48389201E-01
  0.16955045E-01  0.19311187E+00 -0.42096521E-01
  0.17034036E-01  0.19465410E+00 -0.35530029E-01
  0.17050067E-01  0.19578657E+00 -0.28724974E-01
  0.17000218E-01  0.19648581E+00 -0.21721948E-01
  0.16882407E-01  0.19673397E+00 -0.14566151E-01
  0.16695419E-01  0.19651955E+00 -0.73064352E-02
  0.16438917E-01  0.19583798E+00  0.58108596E-05
  0.59038570E-01 -0.15470521E-01  0.89810316E-06
  0.58955324E-01 -0.15137842E-01 -0.42010176E-02
  0.58826454E-01 -0.14771311E-01 -0.83898896E-02
  0.58651810E-01 -0.14372783E-01 -0.12550793E-01
  0.58431172E-01 -0.13944320E-01 -0.16668818E-01
  0.58164227E-01 -0.13488112E-01 -0.20729167E-01
  0.57850553E-01 -0.13006377E-01 -0.24717260E-01
  0.57489614E-01 -0.12501259E-01 -0.28618849E-01
  0.57080764E-01 -0.11974730E-01 -0.32420143E-01
  0.56623269E-01 -0.11428499E-01 -0.36107936E-01
  0.56116336E-01 -0.10863935E-01 -0.39669731E-01
  0.55559150E-01 -0.10282019E-01 -0.43093859E-01
  0.54950931E-01 -0.96833142E-02 -0.46369590E-01
  0.54290981E-01 -0.90679673E-02 -0.49487224E-01
  0.53578750E-01 -0.84357360E-02 -0.52438166E-01
  0.52813891E-01 -0.77860436E-02 -0.55214976E-01
  0.51996311E-01 -0.71180534E-02 -0.57811403E-01
  0.51126222E-01 -0.64307597E-02 -0.60222384E-01
  0.50204170E-01 -0.57230873E-02 -0.62444033E-01
  0.49231059E-01 -0.49939926E-02 -0.64473601E-01
  0.48208157E-01 -0.42425590E-02 -0.66309428E-01
  0.47137087E-01 -0.34680795E-02 -0.67950876E-01
  0.46019803E-01 -0.26701218E-02 -0.69398260E-01
  0.44858552E-01 -0.18485700E-02 -0.70652774E-01
  0.43655824E-01 -0.10036427E-02 -0.71716419E-01
  0.42414299E-01 -0.13588503E-03 -0.72591937E-01
  0.41136780E-01  0.75386160E-03 -0.73282751E-01
  0.39826134E-01  0.16645110E-02 -0.73792915E-01
  0.38485227E-01  0.25947986E-02 -0.74127082E-01
  0.37116872E-01  0.35433575E-02 -0.74290463E-01
  0.35723781E-01  0.45087988E-02 -0.74288817E-01
  0.34308531E-01  0.54897879E-02 -0.74128429E-01
  0.32873541E-01  0.64851135E-02 -0.73816097E-01
  0.31421064E-01  0.74937427E-02 -0.73359125E-01
  0.29953188E-01  0.85148598E-02 -0.72765300E-01
  0.28471853E-01  0.95478861E-02 -0.72042876E-01
  0.26978877E-01  0.10592481E-01 -0.71200543E-01
  0.25475984E-01  0.11648526E-01 -0.70247392E-01
  0.23964847E-01  0.12716091E-01 -0.69192869E-01
  0.22447118E-01  0.13795397E-01 -0.68046722E-01
  0.20924469E-01  0.14886760E-01 -0.66818946E-01
  0.19398622E-01  0.15990548E-01 -0.65519720E-01
  0.17871370E-01  0.17107132E-01 -0.64159348E-01
  0.16344592E-01  0.18236845E-01 -0.62748203E-01
  0.56776922E-01  0.44249244E-01 -0.77920579E-01
  0.54546247E-01  0.47590732E-01 -0.80916386E-01
  0.52282991E-01  0.50900049E-01 -0.83758702E-01
  0.50005291E-01  0.54174502E-01 -0.86434707E-01
  0.47731093E-01  0.57411886E-01 -0.88934465E-01
  0.45477815E-01  0.60610702E-01 -0.91251020E-01
  0.43262038E-01  0.63770342E-01 -0.93380380E-01
  0.41099247E-01  0.66891255E-01 -0.95321397E-01
  0.39003612E-01  0.69975050E-01 -0.97075549E-01
  0.36987826E-01  0.73024556E-01 -0.98646636E-01
  0.35062990E-01  0.76043815E-01 -0.10004041E+00
  0.33238554E-01  0.79038019E-01 -0.10126416E+00
  0.31522291E-01  0.82013392E-01 -0.10232625E+00
  0.29920326E-01  0.84977023E-01 -0.10323565E+00
  0.28437190E-01  0.87936659E-01 -0.10400151E+00
  0.27075903E-01  0.90900476E-01 -0.10463269E+00
  0.25838080E-01  0.93876830E-01 -0.10513740E+00
  0.24724053E-01  0.96874019E-01 -0.10552281E+00
  0.23732990E-01  0.99900038E-01 -0.10579476E+00
  0.22863031E-01  0.10296237E+00 -0.10595752E+00
  0.22111414E-01  0.10606779E+00 -0.10601358E+00
  0.21474589E-01  0.10922220E+00 -0.10596351E+00
  0.20948333E-01  0.11243053E+00 -0.10580585E+00
  0.20527850E-01  0.11569660E+00 -0.10553710E+00
  0.20207853E-01  0.11902306E+00 -0.10515167E+00
  0.19982639E-01  0.12241130E+00 -0.10464192E+00
  0.19846152E-01  0.12586147E+00 -0.10399827E+00
  0.19792029E-01  0.12937234E+00 -0.10320924E+00
  0.19813643E-01  0.13294126E+00 -0.10226166E+00
  0.19904133E-01  0.13656408E+00 -0.10114080E+00
  0.20056430E-01  0.14023503E+00 -0.99830610E-01
  0.20263280E-01  0.14394658E+00 -0.98313955E-01
  0.20517264E-01  0.14768927E+00 -0.96572948E-01
  0.20810820E-01  0.15145151E+00 -0.94589278E-01
  0.21136267E-01  0.15521941E+00 -0.92344620E-01
  0.21485831E-01  0.15897658E+00 -0.89821086E-01
  0.21851679E-01  0.16270398E+00 -0.87001728E-01
  0.22225959E-01  0.16637978E+00 -0.83871089E-01
  0.22600843E-01  0.16997937E+00 -0.80415786E-01
  0.22968583E-01  0.17347539E+00 -0.76625131E-01
  0.23321571E-01  0.17683791E+00 -0.72491748E-01
  0.23652402E-01  0.18003480E+00 -0.68012181E-01
  0.23953954E-01  0.18303214E+00 -0.63187466E-01
  0.24219461E-01  0.18579488E+00 -0.58023624E-01
  0.24442595E-01  0.18828761E+00 -0.52532059E-01
  0.24617550E-01  0.19047543E+00 -0.46729820E-01
  0.24739120E-01  0.19232496E+00 -0.40639702E-01
  0.24802776E-01  0.19380536E+00 -0.34290153E-01
  0.24804732E-01  0.19488936E+00 -0.27714993E-01
  0.24742001E-01  0.19555427E+00 -0.20952920E-01
  0.24612441E-01  0.19578287E+00 -0.14046810E-01
  0.24414777E-01  0.19556403E+00 -0.70428535E-02
  0.24148607E-01  0.19489334E+00  0.10469829E-04
  0.58728779E-01 -0.15821757E-01  0.13802038E-05
  0.58657402E-01 -0.15502416E-01 -0.41656337E-02
  0.58540143E-01 -0.15148086E-01 -0.83199140E-02
  0.58376578E-01 -0.14760491E-01 -0.12446309E-01
  0.58166245E-01 -0.14341565E-01 -0.16529664E-01
  0.57908639E-01 -0.13893374E-01 -0.20554928E-01
  0.57603205E-01 -0.13418029E-01 -0.24507273E-01
  0.57249342E-01 -0.12917591E-01 -0.28372227E-01
  0.56846411E-01 -0.12393980E-01 -0.32135811E-01
  0.56393747E-01 -0.11848886E-01 -0.35784678E-01
  0.55890686E-01 -0.11283705E-01 -0.39306250E-01
  0.55336591E-01 -0.10699482E-01 -0.42688846E-01
  0.54730887E-01 -0.10096885E-01 -0.45921793E-01
  0.54073101E-01 -0.94762024E-02 -0.48995520E-01
  0.53362903E-01 -0.88373659E-02 -0.51901630E-01
  0.52600145E-01 -0.81799937E-02 -0.54632941E-01
  0.51784900E-01 -0.75034574E-02 -0.57183509E-01
  0.50917498E-01 -0.68069624E-02 -0.59548617E-01
  0.49998546E-01 -0.60896362E-02 -0.61724746E-01
  0.49028945E-01 -0.53506196E-02 -0.63709521E-01
  0.48009902E-01 -0.45891536E-02 -0.65501645E-01
  0.46942916E-01 -0.38046543E-02 -0.67100821E-01
  0.45829768E-01 -0.29967733E-02 -0.68507665E-01
  0.44672491E-01 -0.21654371E-02 -0.69723626E-01
  0.43473336E-01 -0.13108655E-02 -0.70750904E-01
  0.42234730E-01 -0.43356639E-03 -0.71592379E-01
  0.40959226E-01  0.46568948E-03 -0.72251552E-01
  0.39649458E-01  0.13859131E-02 -0.72732499E-01
  0.38308089E-01  0.23259553E-02 -0.73039835E-01
  0.36937768E-01  0.32845744E-02 -0.73178698E-01
  0.35541091E-01  0.42605068E-02 -0.73154729E-01
  0.34120568E-01  0.52525362E-02 -0.72974077E-01
  0.32678600E-01  0.62595546E-02 -0.72643391E-01
  0.31217467E-01  0.72806120E-02 -0.72169821E-01
  0.29739322E-01  0.83149515E-02 -0.71561013E-01
  0.28246201E-01  0.93620273E-02 -0.70825096E-01
  0.26740028E-01  0.10421506E-01 -0.69970661E-01
  0.25222642E-01  0.11493251E-01 -0.69006726E-01
  0.23695816E-01  0.12577296E-01 -0.67942699E-01
  0.22161283E-01  0.13673806E-01 -0.66788318E-01
  0.20620764E-01  0.14783031E-01 -0.65553598E-01
  0.19075982E-01  0.15905266E-01 -0.64248759E-01
  0.68350626E-01  0.42023447E-01 -0.67449905E-01
  0.66564910E-01  0.45369769E-01 -0.70559212E-01
  0.64691334E-01  0.48685099E-01 -0.73564671E-01
  0.62745146E-01  0.51966423E-01 -0.76449622E-01
  0.60742548E-01  0.55210797E-01 -0.79199308E-01
  0.58700356E-01  0.58415557E-01 -0.81801171E-01
  0.56635654E-01  0.61578536E-01 -0.84245068E-01
  0.54565451E-01  0.64698271E-01 -0.86523407E-01
  0.52506363E-01  0.67774203E-01 -0.88631197E-01
  0.50474321E-01  0.70806824E-01 -0.90565992E-01
  0.48484309E-01  0.73797794E-01 -0.92327759E-01
  0.46550160E-01  0.76749992E-01 -0.93918649E-01
  0.44684377E-01  0.79667517E-01 -0.95342702E-01
  0.42898019E-01  0.82555621E-01 -0.96605493E-01
  0.41200626E-01  0.85420597E-01 -0.97713740E-01
  0.39600184E-01  0.88269615E-01 -0.98674884E-01
  0.38103136E-01  0.91110516E-01 -0.99496668E-01
  0.36714424E-01  0.93951591E-01 -0.10018673E+00
  0.35437555E-01  0.96801337E-01 -0.10075220E+00
  0.34274695E-01  0.99668215E-01 -0.10119938E+00
  0.33226767E-01  0.10256042E+00 -0.10153341E+00
  0.32293568E-01  0.10548565E+00 -0.10175799E+00
  0.31473878E-01  0.10845094E+00 -0.10187521E+00
  0.30765574E-01  0.11146250E+00 -0.10188539E+00
  0.30165728E-01  0.11452553E+00 -0.10178693E+00
  0.29670710E-01  0.11764420E+00 -0.10157627E+00
  0.29276265E-01  0.12082146E+00 -0.10124790E+00
  0.28977586E-01  0.12405908E+00 -0.10079435E+00
  0.28769380E-01  0.12735749E+00 -0.10020628E+00
  0.28645915E-01  0.13071577E+00 -0.99472574E-01
  0.28601067E-01  0.13413157E+00 -0.98580493E-01
  0.28628354E-01  0.13760102E+00 -0.97515857E-01
  0.28720971E-01  0.14111857E+00 -0.96263265E-01
  0.28871823E-01  0.14467694E+00 -0.94806365E-01
  0.29073554E-01  0.14826689E+00 -0.93128153E-01
  0.29318583E-01  0.15187711E+00 -0.91211332E-01
  0.29599145E-01  0.15549400E+00 -0.89038707E-01
  0.29907328E-01  0.15910152E+00 -0.86593623E-01
  0.30235123E-01  0.16268107E+00 -0.83860455E-01
  0.30574477E-01  0.16621136E+00 -0.80825125E-01
  0.30917354E-01  0.16966844E+00 -0.77475654E-01
  0.31255795E-01  0.17302574E+00 -0.73802726E-01
  0.31581990E-01  0.17625427E+00 -0.69800254E-01
  0.31888349E-01  0.17932294E+00 -0.65465924E-01
  0.32167578E-01  0.18219899E+00 -0.60801693E-01
  0.32412759E-01  0.18484864E+00 -0.55814222E-01
  0.32617429E-01  0.18723776E+00 -0.50515203E-01
  0.32775658E-01  0.18933277E+00 -0.44921566E-01
  0.32882126E-01  0.19110156E+00 -0.39055540E-01
  0.32932197E-01  0.19251449E+00 -0.32944538E-01
  0.32921979E-01  0.19354535E+00 -0.26620878E-01
  0.32848383E-01  0.19417235E+00 -0.20121303E-01
  0.32709162E-01  0.19437892E+00 -0.13486349E-01
  0.32502938E-01  0.19415439E+00 -0.67595386E-02
  0.32229214E-01  0.19349451E+00  0.13541428E-04
  0.58274154E-01 -0.16186125E-01  0.17518162E-05
  0.58214457E-01 -0.15880554E-01 -0.41300584E-02
  0.58108715E-01 -0.15538643E-01 -0.82490474E-02
  0.57956194E-01 -0.15161989E-01 -0.12339865E-01
  0.57756152E-01 -0.14752406E-01 -0.16387167E-01
  0.57507845E-01 -0.14311854E-01 -0.20375730E-01
  0.57210550E-01 -0.13842356E-01 -0.24290583E-01
  0.56863569E-01 -0.13345913E-01 -0.28117140E-01
  0.56466250E-01 -0.12824417E-01 -0.31841353E-01
  0.56018002E-01 -0.12279572E-01 -0.35449845E-01
  0.55518310E-01 -0.11712825E-01 -0.38930060E-01
  0.54966755E-01 -0.11125316E-01 -0.42270382E-01
  0.54363029E-01 -0.10517845E-01 -0.45460248E-01
  0.53706956E-01 -0.98908710E-02 -0.48490239E-01
  0.52998510E-01 -0.92445197E-02 -0.51352147E-01
  0.52237830E-01 -0.85786261E-02 -0.54039008E-01
  0.51425237E-01 -0.78927876E-02 -0.56545117E-01
  0.50561245E-01 -0.71864346E-02 -0.58866010E-01
  0.49646572E-01 -0.64589081E-02 -0.60998427E-01
  0.48682146E-01 -0.57095410E-02 -0.62940250E-01
  0.47669105E-01 -0.49377361E-02 -0.64690430E-01
  0.46608794E-01 -0.41430348E-02 -0.66248900E-01
  0.45502756E-01 -0.33251724E-02 -0.67616488E-01
  0.44352720E-01 -0.24841159E-02 -0.68794824E-01
  0.43160586E-01 -0.16200831E-02 -0.69786265E-01
  0.41928399E-01 -0.73354066E-03 -0.70593814E-01
  0.40658330E-01  0.17481616E-03 -0.71221066E-01
  0.39352648E-01  0.11041004E-02 -0.71672158E-01
  0.38013694E-01  0.20532835E-02 -0.71951740E-01
  0.36643855E-01  0.30212538E-02 -0.72064954E-01
  0.35245537E-01  0.40068784E-02 -0.72017428E-01
  0.33821142E-01  0.50090640E-02 -0.71815271E-01
  0.32373047E-01  0.60268106E-02 -0.71465079E-01
  0.30903589E-01  0.70592562E-02 -0.70973937E-01
  0.29415048E-01  0.81057077E-02 -0.70349417E-01
  0.27909639E-01  0.91656570E-02 -0.69599572E-01
  0.26389506E-01  0.10238783E-01 -0.68732912E-01
  0.24856717E-01  0.11324937E-01 -0.67758382E-01
  0.23313270E-01  0.12424118E-01 -0.66685317E-01
  0.21761091E-01  0.13536442E-01 -0.65523392E-01
  0.77366100E-01  0.39468620E-01 -0.57396589E-01
  0.76157719E-01  0.42832300E-01 -0.60477966E-01
  0.74826075E-01  0.46165919E-01 -0.63502399E-01
  0.73380747E-01  0.49466774E-01 -0.66452727E-01
  0.71833044E-01  0.52731952E-01 -0.69312643E-01
  0.70195780E-01  0.55958470E-01 -0.72067015E-01
  0.68483015E-01  0.59143445E-01 -0.74702195E-01
  0.66709758E-01  0.62284291E-01 -0.77206292E-01
  0.64891662E-01  0.65378924E-01 -0.79569388E-01
  0.63044709E-01  0.68425964E-01 -0.81783706E-01
  0.61184896E-01  0.71424915E-01 -0.83843690E-01
  0.59327935E-01  0.74376312E-01 -0.85746015E-01
  0.57488982E-01  0.77281831E-01 -0.87489505E-01
  0.55682391E-01  0.80144335E-01 -0.89074985E-01
  0.53921507E-01  0.82967879E-01 -0.90505046E-01
  0.52218501E-01  0.85757651E-01 -0.91783762E-01
  0.50584249E-01  0.88519862E-01 -0.92916352E-01
  0.49028247E-01  0.91261597E-01 -0.93908817E-01
  0.47558575E-01  0.93990623E-01 -0.94767556E-01
  0.46181890E-01  0.96715178E-01 -0.95498986E-01
  0.44903453E-01  0.99443740E-01 -0.96109174E-01
  0.43727180E-01  0.10218480E+00 -0.96603500E-01
  0.42655717E-01  0.10494663E+00 -0.96986345E-01
  0.41690514E-01  0.10773709E+00 -0.97260833E-01
  0.40831926E-01  0.11056342E+00 -0.97428611E-01
  0.40079296E-01  0.11343208E+00 -0.97489684E-01
  0.39431049E-01  0.11634862E+00 -0.97442292E-01
  0.38884775E-01  0.11931755E+00 -0.97282843E-01
  0.38437307E-01  0.12234226E+00 -0.97005889E-01
  0.38084791E-01  0.12542490E+00 -0.96604143E-01
  0.37822747E-01  0.12856634E+00 -0.96068549E-01
  0.37646124E-01  0.13176608E+00 -0.95388383E-01
  0.37549349E-01  0.13502214E+00 -0.94551400E-01
  0.37526375E-01  0.13833103E+00 -0.93544021E-01
  0.37570724E-01  0.14168754E+00 -0.92351555E-01
  0.37675531E-01  0.14508472E+00 -0.90958470E-01
  0.37833589E-01  0.14851363E+00 -0.89348694E-01
  0.38037399E-01  0.15196328E+00 -0.87505970E-01
  0.38279221E-01  0.15542041E+00 -0.85414237E-01
  0.38551130E-01  0.15886940E+00 -0.83058062E-01
  0.38845075E-01  0.16229212E+00 -0.80423099E-01
  0.39152944E-01  0.16566787E+00 -0.77496582E-01
  0.39466629E-01  0.16897341E+00 -0.74267835E-01
  0.39778099E-01  0.17218301E+00 -0.70728791E-01
  0.40079467E-01  0.17526866E+00 -0.66874502E-01
  0.40363071E-01  0.17820041E+00 -0.62703624E-01
  0.40621544E-01  0.18094674E+00 -0.58218859E-01
  0.40847894E-01  0.18347521E+00 -0.53427317E-01
  0.41035579E-01  0.18575312E+00 -0.48340797E-01
  0.41178586E-01  0.18774832E+00 -0.42975946E-01
  0.41271504E-01  0.18943009E+00 -0.37354279E-01
  0.41309596E-01  0.19077009E+00 -0.31502063E-01
  0.41288860E-01  0.19174333E+00 -0.25450024E-01
  0.41206093E-01  0.19232897E+00 -0.19232914E-01
  0.41058927E-01  0.19251122E+00 -0.12888911E-01
  0.40845869E-01  0.19227991E+00 -0.64588887E-02
  0.40566314E-01  0.19163098E+00  0.14417301E-04
  0.57690546E-01 -0.16572494E-01  0.19644000E-05
  0.57641795E-01 -0.16281021E-01 -0.40945186E-02
  0.57546906E-01 -0.15951733E-01 -0.81776810E-02
  0.57404857E-01 -0.15586111E-01 -0.12231991E-01
  0.57214638E-01 -0.15185858E-01 -0.16241964E-01
  0.56975278E-01 -0.14752837E-01 -0.20192284E-01
  0.56685881E-01 -0.14288999E-01 -0.24067936E-01
  0.56345655E-01 -0.13796298E-01 -0.27854346E-01
  0.55953930E-01 -0.13276614E-01 -0.31537519E-01
  0.55510182E-01 -0.12731675E-01 -0.35104182E-01
  0.55014043E-01 -0.12162991E-01 -0.38541912E-01
  0.54465309E-01 -0.11571807E-01 -0.41839254E-01
  0.53863942E-01 -0.10959064E-01 -0.44985826E-01
  0.53210069E-01 -0.10325395E-01 -0.47972395E-01
  0.52503975E-01 -0.96711253E-02 -0.50790938E-01
  0.51746097E-01 -0.89963095E-02 -0.53434671E-01
  0.50937014E-01 -0.83007717E-02 -0.55898055E-01
  0.50077436E-01 -0.75841673E-02 -0.58176778E-01
  0.49168198E-01 -0.68460508E-02 -0.60267714E-01
  0.48210254E-01 -0.60859471E-02 -0.62168866E-01
  0.47204669E-01 -0.53034216E-02 -0.63879289E-01
  0.46152620E-01 -0.44981421E-02 -0.65399017E-01
  0.45055391E-01 -0.36699305E-02 -0.66728968E-01
  0.43914380E-01 -0.28187987E-02 -0.67870866E-01
  0.42731096E-01 -0.19449679E-02 -0.68827160E-01
  0.41507164E-01 -0.10488707E-02 -0.69600955E-01
  0.40244327E-01 -0.13113560E-03 -0.70195949E-01
  0.38944445E-01  0.80744314E-03 -0.70616390E-01
  0.37609493E-01  0.17659474E-02 -0.70867039E-01
  0.36241557E-01  0.27433852E-02 -0.70953150E-01
  0.34842821E-01  0.37387443E-02 -0.70880452E-01
  0.33415560E-01  0.47510446E-02 -0.70655149E-01
  0.31962115E-01  0.57793860E-02 -0.70283909E-01
  0.30484879E-01  0.68229870E-02 -0.69773869E-01
  0.28986269E-01  0.78812126E-02 -0.69132621E-01
  0.27468700E-01  0.89535887E-02 -0.68368207E-01
  0.25934560E-01  0.10039803E-01 -0.67489097E-01
  0.84063946E-01  0.33092483E-01 -0.45110874E-01
  0.83615477E-01  0.36513099E-01 -0.48069183E-01
  0.83030434E-01  0.39905998E-01 -0.51023195E-01
  0.82309848E-01  0.43269190E-01 -0.53957522E-01
  0.81456734E-01  0.46600414E-01 -0.56856689E-01
  0.80476073E-01  0.49897136E-01 -0.59705353E-01
  0.79374743E-01  0.53156594E-01 -0.62488539E-01
  0.78161408E-01  0.56375880E-01 -0.65191890E-01
  0.76846363E-01  0.59552073E-01 -0.67801938E-01
  0.75441331E-01  0.62682393E-01 -0.70306358E-01
  0.73959238E-01  0.65764378E-01 -0.72694213E-01
  0.72413945E-01  0.68796077E-01 -0.74956161E-01
  0.70819979E-01  0.71776222E-01 -0.77084621E-01
  0.69192238E-01  0.74704398E-01 -0.79073882E-01
  0.67545706E-01  0.77581178E-01 -0.80920140E-01
  0.65895180E-01  0.80408211E-01 -0.82621472E-01
  0.64255008E-01  0.83188282E-01 -0.84177730E-01
  0.62638858E-01  0.85925303E-01 -0.85590378E-01
  0.61059527E-01  0.88624273E-01 -0.86862257E-01
  0.59528774E-01  0.91291178E-01 -0.87997310E-01
  0.58057198E-01  0.93932859E-01 -0.89000266E-01
  0.56654157E-01  0.96556842E-01 -0.89876299E-01
  0.55327717E-01  0.99171147E-01 -0.90630687E-01
  0.54084638E-01  0.10178408E+00 -0.91268468E-01
  0.52930386E-01  0.10440403E+00 -0.91794121E-01
  0.51869163E-01  0.10703925E+00 -0.92211268E-01
  0.50903963E-01  0.10969764E+00 -0.92522419E-01
  0.50036632E-01  0.11238661E+00 -0.92728754E-01
  0.49267933E-01  0.11511286E+00 -0.92829951E-01
  0.48597622E-01  0.11788228E+00 -0.92824065E-01
  0.48024513E-01  0.12069978E+00 -0.92707451E-01
  0.47546546E-01  0.12356920E+00 -0.92474731E-01
  0.47160852E-01  0.12649320E+00 -0.92118818E-01
  0.46863813E-01  0.12947314E+00 -0.91630967E-01
  0.46651117E-01  0.13250904E+00 -0.91000889E-01
  0.46517812E-01  0.13559941E+00 -0.90216885E-01
  0.46458362E-01  0.13874121E+00 -0.89266036E-01
  0.46466702E-01  0.14192969E+00 -0.88134424E-01
  0.46536291E-01  0.14515826E+00 -0.86807399E-01
  0.46660171E-01  0.14841841E+00 -0.85269874E-01
  0.46831031E-01  0.15169951E+00 -0.83506665E-01
  0.47041270E-01  0.15498872E+00 -0.81502867E-01
  0.47283063E-01  0.15827085E+00 -0.79244262E-01
  0.47548434E-01  0.16152831E+00 -0.76717748E-01
  0.47829324E-01  0.16474102E+00 -0.73911806E-01
  0.48117665E-01  0.16788650E+00 -0.70816964E-01
  0.48405457E-01  0.17093992E+00 -0.67426274E-01
  0.48684834E-01  0.17387431E+00 -0.63735771E-01
  0.48948147E-01  0.17666090E+00 -0.59744906E-01
  0.49188030E-01  0.17926952E+00 -0.55456932E-01
  0.49397480E-01  0.18166917E+00 -0.50879215E-01
  0.49569933E-01  0.18382866E+00 -0.46023471E-01
  0.49699334E-01  0.18571739E+00 -0.40905885E-01
  0.49780214E-01  0.18730616E+00 -0.35547113E-01
  0.49807759E-01  0.18856808E+00 -0.29972151E-01
  0.49777883E-01  0.18947944E+00 -0.24210059E-01
  0.49687280E-01  0.19002052E+00 -0.18293547E-01
  0.49533481E-01  0.19017636E+00 -0.12258430E-01
  0.49314886E-01  0.18993737E+00 -0.61429601E-02
  0.49030795E-01  0.18929975E+00  0.12933689E-04
  0.56994677E-01 -0.16991032E-01  0.19880898E-05
  0.56955830E-01 -0.16713907E-01 -0.40591090E-02
  0.56870793E-01 -0.16397473E-01 -0.81060362E-02
  0.56738325E-01 -0.16043103E-01 -0.12123092E-01
  0.56557208E-01 -0.15652399E-01 -0.16094689E-01
  0.56326295E-01 -0.15227135E-01 -0.20005488E-01
  0.56044557E-01 -0.14769190E-01 -0.23840520E-01
  0.55711124E-01 -0.14280476E-01 -0.27585325E-01
  0.55325316E-01 -0.13762856E-01 -0.31226082E-01
  0.54886662E-01 -0.13218078E-01 -0.34749731E-01
  0.54394913E-01 -0.12647708E-01 -0.38144089E-01
  0.53850040E-01 -0.12053084E-01 -0.41397952E-01
  0.53252225E-01 -0.11435275E-01 -0.44501179E-01
  0.52601838E-01 -0.10795071E-01 -0.47444759E-01
  0.51899420E-01 -0.10132987E-01 -0.50220853E-01
  0.51145647E-01 -0.94492761E-02 -0.52822822E-01
  0.50341303E-01 -0.87439774E-02 -0.55245227E-01
  0.49487254E-01 -0.80169589E-02 -0.57483812E-01
  0.48584423E-01 -0.72679789E-02 -0.59535471E-01
  0.47633770E-01 -0.64967488E-02 -0.61398195E-01
  0.46636286E-01 -0.57029945E-02 -0.63071018E-01
  0.45592988E-01 -0.48865131E-02 -0.64553939E-01
  0.44504925E-01 -0.40472201E-02 -0.65847862E-01
  0.43373190E-01 -0.31851837E-02 -0.66954512E-01
  0.42198943E-01 -0.23006446E-02 -0.67876373E-01
  0.40983425E-01 -0.13940203E-02 -0.68616622E-01
  0.39727991E-01 -0.46589420E-03 -0.69179073E-01
  0.38434127E-01  0.48300791E-03 -0.69568125E-01
  0.37103469E-01  0.14518533E-02 -0.69788726E-01
  0.35737819E-01  0.24397443E-02 -0.69846339E-01
  0.34339150E-01  0.34457644E-02 -0.69746914E-01
  0.32909598E-01  0.44690235E-02 -0.69496870E-01
  0.31451455E-01  0.55086998E-02 -0.69103072E-01
  0.86453843E-01  0.22656573E-01 -0.31445019E-01
  0.86811171E-01  0.26162533E-01 -0.34122617E-01
  0.87058954E-01  0.29645689E-01 -0.36844154E-01
  0.87189815E-01  0.33103878E-01 -0.39597576E-01
  0.87197759E-01  0.36535048E-01 -0.42370375E-01
  0.87078320E-01  0.39937145E-01 -0.45149675E-01
  0.86828686E-01  0.43308027E-01 -0.47922327E-01
  0.86447786E-01  0.46645393E-01 -0.50675012E-01
  0.85936358E-01  0.49946750E-01 -0.53394377E-01
  0.85296972E-01  0.53209423E-01 -0.56067181E-01
  0.84534020E-01  0.56430592E-01 -0.58680468E-01
  0.83653664E-01  0.59607379E-01 -0.61221761E-01
  0.82663742E-01  0.62736955E-01 -0.63679268E-01
  0.81573632E-01  0.65816679E-01 -0.66042092E-01
  0.80394077E-01  0.68844257E-01 -0.68300433E-01
  0.79136980E-01  0.71817896E-01 -0.70445778E-01
  0.77815170E-01  0.74736464E-01 -0.72471052E-01
  0.76442141E-01  0.77599631E-01 -0.74370730E-01
  0.75031791E-01  0.80407980E-01 -0.76140896E-01
  0.73598156E-01  0.83163097E-01 -0.77779243E-01
  0.72155147E-01  0.85867609E-01 -0.79285007E-01
  0.70716313E-01  0.88525196E-01 -0.80658851E-01
  0.69294618E-01  0.91140548E-01 -0.81902678E-01
  0.67902260E-01  0.93719292E-01 -0.83019404E-01
  0.66550512E-01  0.96267878E-01 -0.84012693E-01
  0.65249605E-01  0.98793443E-01 -0.84886660E-01
  0.64008639E-01  0.10130364E+00 -0.85645565E-01
  0.62835537E-01  0.10380648E+00 -0.86293502E-01
  0.61737015E-01  0.10631010E+00 -0.86834105E-01
  0.60718583E-01  0.10882263E+00 -0.87270268E-01
  0.59784566E-01  0.11135196E+00 -0.87603901E-01
  0.58938135E-01  0.11390559E+00 -0.87835720E-01
  0.58181348E-01  0.11649046E+00 -0.87965078E-01
  0.57515203E-01  0.11911277E+00 -0.87989845E-01
  0.56939688E-01  0.12177786E+00 -0.87906327E-01
  0.56453834E-01  0.12449007E+00 -0.87709237E-01
  0.56055768E-01  0.12725261E+00 -0.87391706E-01
  0.55742768E-01  0.13006743E+00 -0.86945344E-01
  0.55511320E-01  0.13293512E+00 -0.86360338E-01
  0.55357166E-01  0.13585479E+00 -0.85625592E-01
  0.55275371E-01  0.13882392E+00 -0.84728907E-01
  0.55260375E-01  0.14183827E+00 -0.83657201E-01
  0.55306067E-01  0.14489176E+00 -0.82396760E-01
  0.55405844E-01  0.14797630E+00 -0.80933530E-01
  0.55552689E-01  0.15108173E+00 -0.79253441E-01
  0.55739243E-01  0.15419566E+00 -0.77342756E-01
  0.55957883E-01  0.15730341E+00 -0.75188463E-01
  0.56200800E-01  0.16038795E+00 -0.72778669E-01
  0.56460077E-01  0.16342989E+00 -0.70103036E-01
  0.56727768E-01  0.16640753E+00 -0.67153199E-01
  0.56995974E-01  0.16929698E+00 -0.63923205E-01
  0.57256919E-01  0.17207240E+00 -0.60409923E-01
  0.57503022E-01  0.17470627E+00 -0.56613430E-01
  0.57726978E-01  0.17716982E+00 -0.52537344E-01
  0.57921822E-01  0.17943359E+00 -0.48189107E-01
  0.58081013E-01  0.18146801E+00 -0.43580169E-01
  0.58198498E-01  0.18324412E+00 -0.38726091E-01
  0.58268795E-01  0.18473439E+00 -0.33646528E-01
  0.58287059E-01  0.18591347E+00 -0.28365092E-01
  0.58249158E-01  0.18675906E+00 -0.22909099E-01
  0.58151727E-01  0.18725267E+00 -0.17309177E-01
  0.57992231E-01  0.18738028E+00 -0.11598767E-01
  0.57769006E-01  0.18713293E+00 -0.58135171E-02
  0.57481286E-01  0.18650713E+00  0.94056957E-05
  0.56203985E-01 -0.17452816E-01  0.18145094E-05
  0.56173955E-01 -0.17190221E-01 -0.40237965E-02
  0.56097693E-01 -0.16886902E-01 -0.80341617E-02
  0.55973838E-01 -0.16544133E-01 -0.12013418E-01
  0.55801058E-01 -0.16163417E-01 -0.15945909E-01
  0.55578109E-01 -0.15746439E-01 -0.19816315E-01
  0.55303892E-01 -0.15295004E-01 -0.23609780E-01
  0.54977496E-01 -0.14810965E-01 -0.27312033E-01
  0.54598237E-01 -0.14296154E-01 -0.30909506E-01
  0.54165680E-01 -0.13752315E-01 -0.34389432E-01
  0.53679648E-01 -0.13181045E-01 -0.37739944E-01
  0.53140214E-01 -0.12583744E-01 -0.40950148E-01
  0.52547689E-01 -0.11961577E-01 -0.44010188E-01
  0.51902586E-01 -0.11315462E-01 -0.46911293E-01
  0.51205589E-01 -0.10646065E-01 -0.49645807E-01
  0.50457509E-01 -0.99538142E-02 -0.52207209E-01
  0.49659241E-01 -0.92389340E-02 -0.54590106E-01
  0.48811728E-01 -0.85014839E-02 -0.56790230E-01
  0.47915924E-01 -0.77414104E-02 -0.58804406E-01
  0.46972772E-01 -0.69586015E-02 -0.60630522E-01
  0.45983189E-01 -0.61529414E-02 -0.62267486E-01
  0.44948063E-01 -0.53243615E-02 -0.63715176E-01
  0.43868265E-01 -0.44728830E-02 -0.64974390E-01
  0.42744666E-01 -0.35986491E-02 -0.66046794E-01
  0.41578167E-01 -0.27019443E-02 -0.66934860E-01
  0.40369734E-01 -0.17832006E-02 -0.67641819E-01
  0.39120436E-01 -0.84299036E-03 -0.68171603E-01
  0.82638124E-01  0.44305508E-02 -0.15523622E-01
  0.83615166E-01  0.79949487E-02 -0.17640456E-01
  0.84559306E-01  0.11559502E-01 -0.19849614E-01
  0.85459168E-01  0.15118799E-01 -0.22143013E-01
  0.86303428E-01  0.18668063E-01 -0.24511886E-01
  0.87081014E-01  0.22203102E-01 -0.26946868E-01
  0.87781303E-01  0.25720241E-01 -0.29438070E-01
  0.88394308E-01  0.29216232E-01 -0.31975158E-01
  0.88910857E-01  0.32688160E-01 -0.34547424E-01
  0.89322758E-01  0.36133338E-01 -0.37143851E-01
  0.89622962E-01  0.39549207E-01 -0.39753176E-01
  0.89805704E-01  0.42933251E-01 -0.42363952E-01
  0.89866633E-01  0.46282922E-01 -0.44964612E-01
  0.89802925E-01  0.49595597E-01 -0.47543544E-01
  0.89613373E-01  0.52868555E-01 -0.50089181E-01
  0.89298450E-01  0.56098987E-01 -0.52590098E-01
  0.88860343E-01  0.59284043E-01 -0.55035142E-01
  0.88302948E-01  0.62420896E-01 -0.57413566E-01
  0.87631833E-01  0.65506839E-01 -0.59715189E-01
  0.86854154E-01  0.68539401E-01 -0.61930556E-01
  0.85978535E-01  0.71516474E-01 -0.64051099E-01
  0.85014906E-01  0.74436440E-01 -0.66069296E-01
  0.83974315E-01  0.77298299E-01 -0.67978799E-01
  0.82868701E-01  0.80101786E-01 -0.69774538E-01
  0.81710657E-01  0.82847463E-01 -0.71452779E-01
  0.80513180E-01  0.85536791E-01 -0.73011144E-01
  0.79289419E-01  0.88172170E-01 -0.74448567E-01
  0.78052430E-01  0.90756951E-01 -0.75765208E-01
  0.76814955E-01  0.93295412E-01 -0.76962310E-01
  0.75589212E-01  0.95792700E-01 -0.78042015E-01
  0.74386726E-01  0.98254756E-01 -0.79007138E-01
  0.73218184E-01  0.10068820E+00 -0.79860914E-01
  0.72093321E-01  0.10310020E+00 -0.80606735E-01
  0.71020841E-01  0.10549833E+00 -0.81247867E-01
  0.70008365E-01  0.10789041E+00 -0.81787190E-01
  0.69062397E-01  0.11028435E+00 -0.82226939E-01
  0.68188321E-01  0.11268795E+00 -0.82568476E-01
  0.67390406E-01  0.11510877E+00 -0.82812096E-01
  0.66671824E-01  0.11755393E+00 -0.82956863E-01
  0.66034678E-01  0.12002994E+00 -0.83000498E-01
  0.65480034E-01  0.12254259E+00 -0.82939293E-01
  0.65007960E-01  0.12509673E+00 -0.82768092E-01
  0.64617564E-01  0.12769616E+00 -0.82480291E-01
  0.64307037E-01  0.13034345E+00 -0.82067902E-01
  0.64073702E-01  0.13303985E+00 -0.81521643E-01
  0.63914063E-01  0.13578507E+00 -0.80831076E-01
  0.63823864E-01  0.13857723E+00 -0.79984781E-01
  0.63798147E-01  0.14141266E+00 -0.78970561E-01
  0.63831325E-01  0.14428581E+00 -0.77775689E-01
  0.63917251E-01  0.14718912E+00 -0.76387177E-01
  0.64049295E-01  0.15011293E+00 -0.74792088E-01
  0.64220434E-01  0.15304535E+00 -0.72977858E-01
  0.64423327E-01  0.15597227E+00 -0.70932660E-01
  0.64650407E-01  0.15887727E+00 -0.68645771E-01
  0.64893962E-01  0.16174168E+00 -0.66107961E-01
  0.65146222E-01  0.16454466E+00 -0.63311885E-01
  0.65399439E-01  0.16726332E+00 -0.60252469E-01
  0.65645967E-01  0.16987296E+00 -0.56927281E-01
  0.65878339E-01  0.17234740E+00 -0.53336872E-01
  0.66089343E-01  0.17465937E+00 -0.49485074E-01
  0.66272094E-01  0.17678100E+00 -0.45379239E-01
  0.66420114E-01  0.17868444E+00 -0.41030402E-01
  0.66527403E-01  0.18034252E+00 -0.36453357E-01
  0.66588513E-01  0.18172941E+00 -0.31666637E-01
  0.66598623E-01  0.18282147E+00 -0.26692377E-01
  0.66553610E-01  0.18359792E+00 -0.21556076E-01
  0.66450111E-01  0.18404156E+00 -0.16286241E-01
  0.66285584E-01  0.18413942E+00 -0.10913926E-01
  0.66058349E-01  0.18388326E+00 -0.54721848E-02
  0.65767622E-01  0.18326994E+00  0.45528962E-05
  0.55336444E-01 -0.17969381E-01  0.14567200E-05
  0.55314336E-01 -0.17721438E-01 -0.39884384E-02
  0.55245931E-01 -0.17431504E-01 -0.79619446E-02
  0.55129859E-01 -0.17100759E-01 -0.11903050E-01
  0.54964784E-01 -0.16730611E-01 -0.15796045E-01
  0.54749456E-01 -0.16322650E-01 -0.19625658E-01
  0.54482775E-01 -0.15878586E-01 -0.23377173E-01
  0.54163834E-01 -0.15400196E-01 -0.27036544E-01
  0.53791954E-01 -0.14889250E-01 -0.30590487E-01
  0.53366711E-01 -0.14347455E-01 -0.34026563E-01
  0.52887941E-01 -0.13776398E-01 -0.37333247E-01
  0.52355734E-01 -0.13177497E-01 -0.40499976E-01
  0.51770416E-01 -0.12551971E-01 -0.43517191E-01
  0.51132516E-01 -0.11900820E-01 -0.46376364E-01
  0.50442728E-01 -0.11224819E-01 -0.49070016E-01
  0.49701865E-01 -0.10524533E-01 -0.51591720E-01
  0.48910818E-01 -0.98003371E-02 -0.53936106E-01
  0.48070512E-01 -0.90524563E-02 -0.56098854E-01
  0.72910811E-01 -0.23469958E-01 -0.57441407E-03
  0.73817640E-01 -0.20285625E-01 -0.16057246E-02
  0.74772020E-01 -0.17024684E-01 -0.27627769E-02
  0.75770734E-01 -0.13696935E-01 -0.40442478E-02
  0.76809290E-01 -0.10311970E-01 -0.54479384E-02
  0.77881958E-01 -0.68790972E-02 -0.69707714E-02
  0.78981848E-01 -0.34072602E-02 -0.86087963E-02
  0.80101012E-01  0.95032237E-04 -0.10357205E-01
  0.81230576E-01  0.36197699E-02 -0.12210362E-01
  0.82360897E-01  0.71594906E-02 -0.14161845E-01
  0.83481725E-01  0.10707314E-01 -0.16204503E-01
  0.84582386E-01  0.14256956E-01 -0.18330519E-01
  0.85651957E-01  0.17802723E-01 -0.20531492E-01
  0.86679449E-01  0.21339485E-01 -0.22798512E-01
  0.87653984E-01  0.24862634E-01 -0.25122250E-01
  0.88564967E-01  0.28368020E-01 -0.27493035E-01
  0.89402256E-01  0.31851883E-01 -0.29900931E-01
  0.90156316E-01  0.35310770E-01 -0.32335811E-01
  0.90818383E-01  0.38741460E-01 -0.34787414E-01
  0.91380609E-01  0.42140887E-01 -0.37245406E-01
  0.91836208E-01  0.45506074E-01 -0.39699430E-01
  0.92179596E-01  0.48834087E-01 -0.42139156E-01
  0.92406511E-01  0.52122000E-01 -0.44554335E-01
  0.92514130E-01  0.55366893E-01 -0.46934862E-01
  0.92501158E-01  0.58565858E-01 -0.49270847E-01
  0.92367896E-01  0.61716042E-01 -0.51552695E-01
  0.92116276E-01  0.64814699E-01 -0.53771213E-01
  0.91749864E-01  0.67859269E-01 -0.55917712E-01
  0.91273816E-01  0.70847464E-01 -0.57984129E-01
  0.90694806E-01  0.73777361E-01 -0.59963148E-01
  0.90020900E-01  0.76647509E-01 -0.61848319E-01
  0.89261403E-01  0.79457015E-01 -0.63634156E-01
  0.88426665E-01  0.82205641E-01 -0.65316224E-01
  0.87527874E-01  0.84893876E-01 -0.66891191E-01
  0.86576816E-01  0.87522992E-01 -0.68356841E-01
  0.85585646E-01  0.90095088E-01 -0.69712056E-01
  0.84566645E-01  0.92613104E-01 -0.70956740E-01
  0.83531997E-01  0.95080812E-01 -0.72091716E-01
  0.82493582E-01  0.97502792E-01 -0.73118572E-01
  0.81462795E-01  0.99884375E-01 -0.74039476E-01
  0.80450382E-01  0.10223157E+00 -0.74856966E-01
  0.79466323E-01  0.10455098E+00 -0.75573721E-01
  0.78519722E-01  0.10684966E+00 -0.76192316E-01
  0.77618743E-01  0.10913503E+00 -0.76714993E-01
  0.76770556E-01  0.11141470E+00 -0.77143429E-01
  0.75981307E-01  0.11369634E+00 -0.77478530E-01
  0.75256106E-01  0.11598751E+00 -0.77720250E-01
  0.74599025E-01  0.11829548E+00 -0.77867439E-01
  0.74013099E-01  0.12062706E+00 -0.77917739E-01
  0.73500348E-01  0.12298845E+00 -0.77867502E-01
  0.73061790E-01  0.12538502E+00 -0.77711766E-01
  0.72697464E-01  0.12782117E+00 -0.77444262E-01
  0.72406464E-01  0.13030010E+00 -0.77057467E-01
  0.72186967E-01  0.13282373E+00 -0.76542693E-01
  0.72036280E-01  0.13539243E+00 -0.75890218E-01
  0.71950884E-01  0.13800497E+00 -0.75089446E-01
  0.71926495E-01  0.14065830E+00 -0.74129110E-01
  0.71958127E-01  0.14334746E+00 -0.72997496E-01
  0.72040168E-01  0.14606544E+00 -0.71682701E-01
  0.72166458E-01  0.14880314E+00 -0.70172920E-01
  0.72330375E-01  0.15154924E+00 -0.68456749E-01
  0.72524928E-01  0.15429022E+00 -0.66523511E-01
  0.72742844E-01  0.15701036E+00 -0.64363600E-01
  0.72976665E-01  0.15969176E+00 -0.61968829E-01
  0.73218834E-01  0.16231447E+00 -0.59332782E-01
  0.73461788E-01  0.16485667E+00 -0.56451164E-01
  0.73698039E-01  0.16729488E+00 -0.53322129E-01
  0.73920260E-01  0.16960431E+00 -0.49946582E-01
  0.74121362E-01  0.17175926E+00 -0.46328442E-01
  0.74294577E-01  0.17373356E+00 -0.42474847E-01
  0.74433528E-01  0.17550114E+00 -0.38396297E-01
  0.74532312E-01  0.17703668E+00 -0.34106714E-01
  0.74585570E-01  0.17831622E+00 -0.29623413E-01
  0.74588564E-01  0.17931786E+00 -0.24966979E-01
  0.74537243E-01  0.18002243E+00 -0.20161037E-01
  0.74428312E-01  0.18041416E+00 -0.15231937E-01
  0.74259282E-01  0.18048118E+00 -0.10208329E-01
  0.74028523E-01  0.18021602E+00 -0.51206716E-02
  0.73735285E-01  0.17961594E+00 -0.66452093E-06
  0.61451276E-01 -0.53619220E-01  0.80065193E-06
  0.61839976E-01 -0.53355819E-01  0.58044870E-03
  0.62236685E-01 -0.52882777E-01  0.11486516E-02
  0.62641730E-01 -0.52202102E-01  0.16932902E-02
  0.63056188E-01 -0.51316748E-01  0.22024680E-02
  0.63481870E-01 -0.50230565E-01  0.26646436E-02
  0.63921267E-01 -0.48948239E-01  0.30687536E-02
  0.64377487E-01 -0.47475228E-01  0.34043249E-02
  0.64854164E-01 -0.45817694E-01  0.36615730E-02
  0.65355345E-01 -0.43982436E-01  0.38314847E-02
  0.65885365E-01 -0.41976825E-01  0.39058858E-02
  0.66448694E-01 -0.39808736E-01  0.38774928E-02
  0.67049778E-01 -0.37486491E-01  0.37399513E-02
  0.67692871E-01 -0.35018798E-01  0.34878609E-02
  0.68381857E-01 -0.32414695E-01  0.31167904E-02
  0.69120081E-01 -0.29683497E-01  0.26232837E-02
  0.69910182E-01 -0.26834733E-01  0.20048605E-02
  0.70753947E-01 -0.23878093E-01  0.12600115E-02
  0.71652180E-01 -0.20823359E-01  0.38819050E-03
  0.72604601E-01 -0.17680345E-01 -0.61019645E-03
  0.73609771E-01 -0.14458822E-01 -0.17338045E-02
  0.74665056E-01 -0.11168446E-01 -0.29803670E-02
  0.75766617E-01 -0.78186815E-02 -0.43467169E-02
  0.76909441E-01 -0.44187315E-02 -0.58288138E-02
  0.78087398E-01 -0.97746432E-03 -0.74217781E-02
  0.79293328E-01  0.24966476E-02 -0.91199337E-02
  0.80519153E-01  0.59955803E-02 -0.10916859E-01
  0.81756005E-01  0.95117982E-02 -0.12805448E-01
  0.82994369E-01  0.13038279E-01 -0.14777978E-01
  0.84224234E-01  0.16568521E-01 -0.16826190E-01
  0.85435248E-01  0.20096540E-01 -0.18941368E-01
  0.86616875E-01  0.23616841E-01 -0.21114423E-01
  0.87758547E-01  0.27124385E-01 -0.23335984E-01
  0.88849824E-01  0.30614542E-01 -0.25596474E-01
  0.89880539E-01  0.34083037E-01 -0.27886195E-01
  0.90840950E-01  0.37525891E-01 -0.30195394E-01
  0.91721891E-01  0.40939369E-01 -0.32514333E-01
  0.92514918E-01  0.44319927E-01 -0.34833338E-01
  0.93212458E-01  0.47664169E-01 -0.37142858E-01
  0.93807953E-01  0.50968818E-01 -0.39433502E-01
  0.94295996E-01  0.54230700E-01 -0.41696092E-01
  0.94672463E-01  0.57446740E-01 -0.43921702E-01
  0.94934622E-01  0.60613977E-01 -0.46101712E-01
  0.95081226E-01  0.63729590E-01 -0.48227862E-01
  0.95112573E-01  0.66790942E-01 -0.50292318E-01
  0.95030536E-01  0.69795627E-01 -0.52287745E-01
  0.94838555E-01  0.72741536E-01 -0.54207381E-01
  0.94541585E-01  0.75626918E-01 -0.56045123E-01
  0.94146010E-01  0.78450450E-01 -0.57795600E-01
  0.93659512E-01  0.81211307E-01 -0.59454248E-01
  0.93090905E-01  0.83909223E-01 -0.61017366E-01
  0.92449952E-01  0.86544549E-01 -0.62482149E-01
  0.91747148E-01  0.89118307E-01 -0.63846706E-01
  0.90993502E-01  0.91632223E-01 -0.65110032E-01
  0.90200312E-01  0.94088758E-01 -0.66271961E-01
  0.89378954E-01  0.96491118E-01 -0.67333080E-01
  0.88540673E-01  0.98843247E-01 -0.68294603E-01
  0.87696407E-01  0.10114981E+00 -0.69158226E-01
  0.86856626E-01  0.10341615E+00 -0.69925954E-01
  0.86031199E-01  0.10564824E+00 -0.70599904E-01
  0.85229291E-01  0.10785259E+00 -0.71182106E-01
  0.84459272E-01  0.11003614E+00 -0.71674299E-01
  0.83728663E-01  0.11220619E+00 -0.72077725E-01
  0.83044084E-01  0.11437021E+00 -0.72392952E-01
  0.82411231E-01  0.11653571E+00 -0.72619706E-01
  0.81834848E-01  0.11871008E+00 -0.72756734E-01
  0.81318722E-01  0.12090039E+00 -0.72801699E-01
  0.80865674E-01  0.12311320E+00 -0.72751111E-01
  0.80477560E-01  0.12535437E+00 -0.72600298E-01
  0.80155275E-01  0.12762885E+00 -0.72343408E-01
  0.79898765E-01  0.12994048E+00 -0.71973462E-01
  0.79707046E-01  0.13229182E+00 -0.71482432E-01
  0.79578230E-01  0.13468391E+00 -0.70861365E-01
  0.79509561E-01  0.13711615E+00 -0.70100534E-01
  0.79497466E-01  0.13958614E+00 -0.69189626E-01
  0.79537610E-01  0.14208952E+00 -0.68117952E-01
  0.79624964E-01  0.14461990E+00 -0.66874694E-01
  0.79753890E-01  0.14716876E+00 -0.65449158E-01
  0.79918221E-01  0.14972540E+00 -0.63831065E-01
  0.80111360E-01  0.15227698E+00 -0.62010844E-01
  0.80326371E-01  0.15480849E+00 -0.59979945E-01
  0.80556083E-01  0.15730289E+00 -0.57731153E-01
  0.80793184E-01  0.15974119E+00 -0.55258903E-01
  0.81030322E-01  0.16210271E+00 -0.52559593E-01
  0.81260194E-01  0.16436525E+00 -0.49631871E-01
  0.81475636E-01  0.16650550E+00 -0.46476904E-01
  0.81669714E-01  0.16849937E+00 -0.43098606E-01
  0.81835804E-01  0.17032246E+00 -0.39503815E-01
  0.81967672E-01  0.17195058E+00 -0.35702414E-01
  0.82059557E-01  0.17336032E+00 -0.31707379E-01
  0.82106241E-01  0.17452964E+00 -0.27534747E-01
  0.82103122E-01  0.17543846E+00 -0.23203497E-01
  0.82046287E-01  0.17606932E+00 -0.18735346E-01
  0.81932567E-01  0.17640788E+00 -0.14154457E-01
  0.81759590E-01  0.17644347E+00 -0.94870581E-02
  0.81525828E-01  0.17616943E+00 -0.47610025E-02
  0.81230618E-01  0.17558345E+00 -0.52587765E-05
  0.59929792E-01 -0.50443425E-01  0.17205875E-06
  0.60300906E-01 -0.50206601E-01  0.64403420E-03
  0.60682677E-01 -0.49764362E-01  0.12766096E-02
  0.61075581E-01 -0.49118498E-01  0.18854824E-02
  0.61480827E-01 -0.48271666E-01  0.24584345E-02
  0.61900321E-01 -0.47227356E-01  0.29835830E-02
  0.62336616E-01 -0.45989845E-01  0.34495129E-02
  0.62792841E-01 -0.44564154E-01  0.38454006E-02
  0.63272611E-01 -0.42955992E-01  0.41611270E-02
  0.63779919E-01 -0.41171706E-01  0.43873772E-02
  0.64319016E-01 -0.39218223E-01  0.45157255E-02
  0.64894271E-01 -0.37103003E-01  0.45387056E-02
  0.65510024E-01 -0.34833978E-01  0.44498646E-02
  0.66170434E-01 -0.32419495E-01  0.42438028E-02
  0.66879323E-01 -0.29868267E-01  0.39161996E-02
  0.67640017E-01 -0.27189307E-01  0.34638256E-02
  0.68455207E-01 -0.24391870E-01  0.28845441E-02
  0.69326810E-01 -0.21485390E-01  0.21773023E-02
  0.70255858E-01 -0.18479412E-01  0.13421132E-02
  0.71242400E-01 -0.15383525E-01  0.38003031E-03
  0.72285439E-01 -0.12207287E-01 -0.70688473E-03
  0.73382883E-01 -0.89601607E-02 -0.19156010E-02
  0.74531539E-01 -0.56514371E-02 -0.32421632E-02
  0.75727119E-01 -0.22901739E-02 -0.46817422E-02
  0.76964290E-01  0.11148657E-02 -0.62286916E-02
  0.78236729E-01  0.45552655E-02 -0.78766110E-02
  0.79537211E-01  0.80229978E-02 -0.96184142E-02
  0.80857710E-01  0.11510454E-01 -0.11446404E-01
  0.82189512E-01  0.15010465E-01 -0.13352351E-01
  0.83523337E-01  0.18516304E-01 -0.15327580E-01
  0.84849466E-01  0.22021684E-01 -0.17363053E-01
  0.86157879E-01  0.25520740E-01 -0.19449462E-01
  0.87438389E-01  0.29008005E-01 -0.21577314E-01
  0.88680781E-01  0.32478380E-01 -0.23737020E-01
  0.89874954E-01  0.35927099E-01 -0.25918975E-01
  0.91011068E-01  0.39349697E-01 -0.28113634E-01
  0.92079688E-01  0.42741973E-01 -0.30311585E-01
  0.93071943E-01  0.46099963E-01 -0.32503604E-01
  0.93979670E-01  0.49419920E-01 -0.34680718E-01
  0.94795576E-01  0.52698293E-01 -0.36834242E-01
  0.95513379E-01  0.55931723E-01 -0.38955829E-01
  0.96127952E-01  0.59117042E-01 -0.41037502E-01
  0.96635447E-01  0.62251280E-01 -0.43071691E-01
  0.97033400E-01  0.65331684E-01 -0.45051268E-01
  0.97320808E-01  0.68355737E-01 -0.46969582E-01
  0.97498174E-01  0.71321186E-01 -0.48820501E-01
  0.97567515E-01  0.74226078E-01 -0.50598448E-01
  0.97532332E-01  0.77068796E-01 -0.52298448E-01
  0.97397538E-01  0.79848101E-01 -0.53916169E-01
  0.97169353E-01  0.82563172E-01 -0.55447954E-01
  0.96855158E-01  0.85213652E-01 -0.56890858E-01
  0.96463331E-01  0.87799698E-01 -0.58242659E-01
  0.96003052E-01  0.90322016E-01 -0.59501863E-01
  0.95484106E-01  0.92781911E-01 -0.60667684E-01
  0.94916677E-01  0.95181321E-01 -0.61739999E-01
  0.94311148E-01  0.97522847E-01 -0.62719282E-01
  0.93677913E-01  0.99809773E-01 -0.63606511E-01
  0.93027206E-01  0.10204608E+00 -0.64403050E-01
  0.92368949E-01  0.10423642E+00 -0.65110510E-01
  0.91712627E-01  0.10638614E+00 -0.65730593E-01
  0.91067173E-01  0.10850115E+00 -0.66264921E-01
  0.90440889E-01  0.11058793E+00 -0.66714867E-01
  0.89841376E-01  0.11265341E+00 -0.67081382E-01
  0.89275475E-01  0.11470484E+00 -0.67364830E-01
  0.88749231E-01  0.11674963E+00 -0.67564840E-01
  0.88267855E-01  0.11879524E+00 -0.67680182E-01
  0.87835694E-01  0.12084890E+00 -0.67708666E-01
  0.87456212E-01  0.12291750E+00 -0.67647077E-01
  0.87131971E-01  0.12500731E+00 -0.67491136E-01
  0.86864613E-01  0.12712377E+00 -0.67235508E-01
  0.86654858E-01  0.12927129E+00 -0.66873837E-01
  0.86502500E-01  0.13145300E+00 -0.66398823E-01
  0.86406421E-01  0.13367057E+00 -0.65802332E-01
  0.86364609E-01  0.13592403E+00 -0.65075540E-01
  0.86374199E-01  0.13821160E+00 -0.64209101E-01
  0.86431513E-01  0.14052954E+00 -0.63193354E-01
  0.86532129E-01  0.14287209E+00 -0.62018538E-01
  0.86670954E-01  0.14523135E+00 -0.60675044E-01
  0.86842307E-01  0.14759731E+00 -0.59153668E-01
  0.87040013E-01  0.14995785E+00 -0.57445891E-01
  0.87257508E-01  0.15229876E+00 -0.55544152E-01
  0.87487938E-01  0.15460393E+00 -0.53442140E-01
  0.87724268E-01  0.15685542E+00 -0.51135068E-01
  0.87959383E-01  0.15903374E+00 -0.48619956E-01
  0.88186195E-01  0.16111808E+00 -0.45895877E-01
  0.88397738E-01  0.16308665E+00 -0.42964194E-01
  0.88587261E-01  0.16491704E+00 -0.39828753E-01
  0.88748322E-01  0.16658669E+00 -0.36496040E-01
  0.88874869E-01  0.16807333E+00 -0.32975271E-01
  0.88961322E-01  0.16935550E+00 -0.29278437E-01
  0.89002651E-01  0.17041312E+00 -0.25420260E-01
  0.88994441E-01  0.17122799E+00 -0.21418088E-01
  0.88932963E-01  0.17178436E+00 -0.17291709E-01
  0.88815225E-01  0.17206938E+00 -0.13063080E-01
  0.88639020E-01  0.17207357E+00 -0.87559992E-02
  0.88402967E-01  0.17179112E+00 -0.43957045E-02
  0.88106527E-01  0.17122019E+00 -0.84257097E-05
  0.58344883E-01 -0.47500714E-01 -0.46387248E-06
  0.58699097E-01 -0.47289903E-01  0.70528774E-03
  0.59066168E-01 -0.46878276E-01  0.13997296E-02
  0.59446749E-01 -0.46267392E-01  0.20702146E-02
  0.59842203E-01 -0.45459604E-01  0.27042822E-02
  0.60254552E-01 -0.44458038E-01  0.32898003E-02
  0.60686424E-01 -0.43266563E-01  0.38151028E-02
  0.61140969E-01 -0.41889764E-01  0.42691214E-02
  0.61621772E-01 -0.40332900E-01  0.46415078E-02
  0.62132747E-01 -0.38601871E-01  0.49227437E-02
  0.62678018E-01 -0.36703167E-01  0.51042377E-02
  0.63261798E-01 -0.34643830E-01  0.51784067E-02
  0.63888250E-01 -0.32431398E-01  0.51387418E-02
  0.64561358E-01 -0.30073850E-01  0.49798572E-02
  0.65284789E-01 -0.27579554E-01  0.46975233E-02
  0.66061763E-01 -0.24957198E-01  0.42886843E-02
  0.66894928E-01 -0.22215734E-01  0.37514604E-02
  0.67786247E-01 -0.19364305E-01  0.30851367E-02
  0.68736900E-01 -0.16412179E-01  0.22901400E-02
  0.69747202E-01 -0.13368678E-01  0.13680037E-02
  0.70816539E-01 -0.10243112E-01  0.32132372E-03
  0.71943328E-01 -0.70447119E-02 -0.84629418E-03
  0.73124990E-01 -0.37825664E-02 -0.21302946E-02
  0.74357957E-01 -0.46556619E-03 -0.35252389E-02
  0.75637683E-01  0.28976457E-02 -0.50248768E-02
  0.76958687E-01  0.62987160E-02 -0.66222235E-02
  0.78314607E-01  0.97296139E-02 -0.83096403E-02
  0.79698269E-01  0.13182655E-01 -0.10078920E-01
  0.81101769E-01  0.16650517E-01 -0.11921373E-01
  0.82516572E-01  0.20126244E-01 -0.13827923E-01
  0.83933608E-01  0.23603252E-01 -0.15789194E-01
  0.85343393E-01  0.27075315E-01 -0.17795609E-01
  0.86736147E-01  0.30536563E-01 -0.19837481E-01
  0.88101924E-01  0.33981465E-01 -0.21905108E-01
  0.89430753E-01  0.37404816E-01 -0.23988861E-01
  0.90712780E-01  0.40801722E-01 -0.26079267E-01
  0.91938421E-01  0.44167595E-01 -0.28167090E-01
  0.93098525E-01  0.47498131E-01 -0.30243397E-01
  0.94184527E-01  0.50789311E-01 -0.32299620E-01
  0.95188618E-01  0.54037391E-01 -0.34327610E-01
  0.96103893E-01  0.57238898E-01 -0.36319672E-01
  0.96924503E-01  0.60390628E-01 -0.38268598E-01
  0.97645784E-01  0.63489644E-01 -0.40167694E-01
  0.98264366E-01  0.66533278E-01 -0.42010792E-01
  0.98778257E-01  0.69519133E-01 -0.43792266E-01
  0.99186893E-01  0.72445091E-01 -0.45507037E-01
  0.99491150E-01  0.75309317E-01 -0.47150585E-01
  0.99693327E-01  0.78110277E-01 -0.48718954E-01
  0.99797083E-01  0.80846753E-01 -0.50208756E-01
  0.99807347E-01  0.83517866E-01 -0.51617185E-01
  0.99730188E-01  0.86123112E-01 -0.52942010E-01
  0.99572670E-01  0.88662393E-01 -0.54181581E-01
  0.99342681E-01  0.91136062E-01 -0.55334815E-01
  0.99048757E-01  0.93544973E-01 -0.56401180E-01
  0.98699897E-01  0.95890527E-01 -0.57380653E-01
  0.98305386E-01  0.98174719E-01 -0.58273676E-01
  0.97874627E-01  0.10040019E+00 -0.59081081E-01
  0.97416985E-01  0.10257024E+00 -0.59804008E-01
  0.96941651E-01  0.10468888E+00 -0.60443790E-01
  0.96457523E-01  0.10676081E+00 -0.61001838E-01
  0.95973104E-01  0.10879140E+00 -0.61479500E-01
  0.95496418E-01  0.11078665E+00 -0.61877921E-01
  0.95034936E-01  0.11275309E+00 -0.62197894E-01
  0.94595520E-01  0.11469772E+00 -0.62439718E-01
  0.94184368E-01  0.11662782E+00 -0.62603063E-01
  0.93806970E-01  0.11855081E+00 -0.62686856E-01
  0.93468063E-01  0.12047404E+00 -0.62689181E-01
  0.93171593E-01  0.12240459E+00 -0.62607213E-01
  0.92920680E-01  0.12434905E+00 -0.62437178E-01
  0.92717584E-01  0.12631324E+00 -0.62174348E-01
  0.92563685E-01  0.12830202E+00 -0.61813072E-01
  0.92459458E-01  0.13031903E+00 -0.61346840E-01
  0.92404477E-01  0.13236649E+00 -0.60768381E-01
  0.92397413E-01  0.13444499E+00 -0.60069796E-01
  0.92436063E-01  0.13655333E+00 -0.59242716E-01
  0.92517381E-01  0.13868840E+00 -0.58278490E-01
  0.92637537E-01  0.14084506E+00 -0.57168393E-01
  0.92791980E-01  0.14301610E+00 -0.55903855E-01
  0.92975525E-01  0.14519223E+00 -0.54476699E-01
  0.93182443E-01  0.14736212E+00 -0.52879391E-01
  0.93406563E-01  0.14951248E+00 -0.51105302E-01
  0.93641383E-01  0.15162818E+00 -0.49148954E-01
  0.93880178E-01  0.15369242E+00 -0.47006280E-01
  0.94116111E-01  0.15568701E+00 -0.44674858E-01
  0.94342348E-01  0.15759257E+00 -0.42154133E-01
  0.94552156E-01  0.15938892E+00 -0.39445618E-01
  0.94739011E-01  0.16105539E+00 -0.36553056E-01
  0.94896691E-01  0.16257128E+00 -0.33482545E-01
  0.95019362E-01  0.16391626E+00 -0.30242617E-01
  0.95101667E-01  0.16507087E+00 -0.26844257E-01
  0.95138798E-01  0.16601696E+00 -0.23300866E-01
  0.95126564E-01  0.16673821E+00 -0.19628154E-01
  0.95061452E-01  0.16722058E+00 -0.15843975E-01
  0.94940679E-01  0.16745269E+00 -0.11968084E-01
  0.94762234E-01  0.16742626E+00 -0.80218479E-02
  0.94524904E-01  0.16713631E+00 -0.40278910E-02
  0.94228296E-01  0.16658147E+00 -0.97053314E-05
  0.56701843E-01 -0.44776447E-01 -0.10546892E-05
  0.57040452E-01 -0.44590710E-01  0.76477344E-03
  0.57393720E-01 -0.44209000E-01  0.15190629E-02
  0.57762465E-01 -0.43632647E-01  0.22489855E-02
  0.58148191E-01 -0.42863710E-01  0.29419061E-02
  0.58553025E-01 -0.41904963E-01  0.35855265E-02
  0.58979653E-01 -0.40759884E-01  0.41680260E-02
  0.59431233E-01 -0.39432641E-01  0.46781965E-02
  0.59911301E-01 -0.37928064E-01  0.51055678E-02
  0.60423668E-01 -0.36251621E-01  0.54405224E-02
  0.60972309E-01 -0.34409383E-01  0.56743970E-02
  0.61561248E-01 -0.32407981E-01  0.57995683E-02
  0.62194439E-01 -0.30254563E-01  0.58095233E-02
  0.62875655E-01 -0.27956739E-01  0.56989134E-02
  0.63608370E-01 -0.25522521E-01  0.54635900E-02
  0.64395654E-01 -0.22960262E-01  0.51006253E-02
  0.65240070E-01 -0.20278585E-01  0.46083159E-02
  0.66143582E-01 -0.17486320E-01  0.39861716E-02
  0.67107476E-01 -0.14592434E-01  0.32348908E-02
  0.68132286E-01 -0.11605957E-01  0.23563225E-02
  0.69217740E-01 -0.85359295E-02  0.13534180E-02
  0.70362714E-01 -0.53913312E-02  0.23017269E-03
  0.71565206E-01 -0.21810346E-02 -0.10084407E-02
  0.72822313E-01  0.10862450E-02 -0.23565454E-02
  0.74130234E-01  0.44019889E-02 -0.38074402E-02
  0.75484283E-01  0.77579080E-02 -0.53536837E-02
  0.76878910E-01  0.11145968E-01 -0.69871840E-02
  0.78307747E-01  0.14558410E-01 -0.86992908E-02
  0.79763659E-01  0.17987764E-01 -0.10480892E-01
  0.81238815E-01  0.21426862E-01 -0.12322513E-01
  0.82724767E-01  0.24868841E-01 -0.14214419E-01
  0.84212552E-01  0.28307156E-01 -0.16146717E-01
  0.85692800E-01  0.31735580E-01 -0.18109461E-01
  0.87155862E-01  0.35148214E-01 -0.20092754E-01
  0.88591944E-01  0.38539489E-01 -0.22086849E-01
  0.89991264E-01  0.41904170E-01 -0.24082245E-01
  0.91344202E-01  0.45237367E-01 -0.26069774E-01
  0.92641473E-01  0.48534531E-01 -0.28040681E-01
  0.93874294E-01  0.51791460E-01 -0.29986691E-01
  0.95034548E-01  0.55004291E-01 -0.31900061E-01
  0.96114944E-01  0.58169504E-01 -0.33773624E-01
  0.97109170E-01  0.61283901E-01 -0.35600812E-01
  0.98012017E-01  0.64344604E-01 -0.37375668E-01
  0.98819486E-01  0.67349034E-01 -0.39092844E-01
  0.99528873E-01  0.70294898E-01 -0.40747595E-01
  0.10013881E+00  0.73180171E-01 -0.42335756E-01
  0.10064928E+00  0.76003090E-01 -0.43853724E-01
  0.10106160E+00  0.78762143E-01 -0.45298432E-01
  0.10137837E+00  0.81456069E-01 -0.46667326E-01
  0.10160339E+00  0.84083877E-01 -0.47958342E-01
  0.10174153E+00  0.86644861E-01 -0.49169891E-01
  0.10179864E+00  0.89138636E-01 -0.50300834E-01
  0.10178135E+00  0.91565185E-01 -0.51350467E-01
  0.10169698E+00  0.93924910E-01 -0.52318502E-01
  0.10155333E+00  0.96218696E-01 -0.53205034E-01
  0.10135853E+00  0.98447973E-01 -0.54010513E-01
  0.10112094E+00  0.10061478E+00 -0.54735687E-01
  0.10084898E+00  0.10272181E+00 -0.55381548E-01
  0.10055100E+00  0.10477247E+00 -0.55949250E-01
  0.10023521E+00  0.10677088E+00 -0.56440019E-01
  0.99909553E-01  0.10872188E+00 -0.56855046E-01
  0.99581644E-01  0.11063101E+00 -0.57195369E-01
  0.99258692E-01  0.11250443E+00 -0.57461753E-01
  0.98947430E-01  0.11434883E+00 -0.57654557E-01
  0.98654064E-01  0.11617128E+00 -0.57773618E-01
  0.98384208E-01  0.11797909E+00 -0.57818140E-01
  0.98142835E-01  0.11977961E+00 -0.57786595E-01
  0.97934218E-01  0.12158000E+00 -0.57676654E-01
  0.97761885E-01  0.12338700E+00 -0.57485143E-01
  0.97628569E-01  0.12520670E+00 -0.57208022E-01
  0.97536167E-01  0.12704427E+00 -0.56840414E-01
  0.97485714E-01  0.12890373E+00 -0.56376647E-01
  0.97477359E-01  0.13078772E+00 -0.55810349E-01
  0.97510359E-01  0.13269734E+00 -0.55134563E-01
  0.97583093E-01  0.13463191E+00 -0.54341898E-01
  0.97693086E-01  0.13658892E+00 -0.53424699E-01
  0.97837057E-01  0.13856387E+00 -0.52375246E-01
  0.98010978E-01  0.14055026E+00 -0.51185967E-01
  0.98210153E-01  0.14253960E+00 -0.49849660E-01
  0.98429307E-01  0.14452143E+00 -0.48359725E-01
  0.98662689E-01  0.14648343E+00 -0.46710398E-01
  0.98904182E-01  0.14841158E+00 -0.44896982E-01
  0.99147412E-01  0.15029032E+00 -0.42916068E-01
  0.99385871E-01  0.15210282E+00 -0.40765744E-01
  0.99613022E-01  0.15383124E+00 -0.38445784E-01
  0.99822419E-01  0.15545703E+00 -0.35957816E-01
  0.10000781E+00  0.15696132E+00 -0.33305454E-01
  0.10016323E+00  0.15832528E+00 -0.30494394E-01
  0.10028310E+00  0.15953052E+00 -0.27532474E-01
  0.10036233E+00  0.16055953E+00 -0.24429676E-01
  0.10039635E+00  0.16139609E+00 -0.21198085E-01
  0.10038120E+00  0.16202569E+00 -0.17851788E-01
  0.10031363E+00  0.16243595E+00 -0.14406719E-01
  0.10019105E+00  0.16261692E+00 -0.10880452E-01
  0.10001166E+00  0.16256144E+00 -0.72919403E-02
  0.99774415E-01  0.16226539E+00 -0.36612171E-02
  0.99479080E-01  0.16172778E+00 -0.90569127E-05
  0.55005007E-01 -0.42256162E-01 -0.15582966E-05
  0.55329709E-01 -0.42094209E-01  0.82291361E-03
  0.55670526E-01 -0.41741218E-01  0.16354338E-02
  0.56028397E-01 -0.41198315E-01  0.24230319E-02
  0.56404920E-01 -0.40467289E-01  0.31729531E-02
  0.56802288E-01 -0.39550595E-01  0.38728039E-02
  0.57223206E-01 -0.38451357E-01  0.45106928E-02
  0.57670808E-01 -0.37173358E-01  0.50753646E-02
  0.58148556E-01 -0.35721037E-01  0.55563246E-02
  0.58660142E-01 -0.34099461E-01  0.59439518E-02
  0.59209381E-01 -0.32314307E-01  0.62295975E-02
  0.59800105E-01 -0.30371820E-01  0.64056703E-02
  0.60436063E-01 -0.28278773E-01  0.64657042E-02
  0.61120823E-01 -0.26042412E-01  0.64044115E-02
  0.61857674E-01 -0.23670398E-01  0.62177186E-02
  0.62649542E-01 -0.21170742E-01  0.59027872E-02
  0.63498906E-01 -0.18551739E-01  0.54580194E-02
  0.64407728E-01 -0.15821895E-01  0.48830483E-02
  0.65377382E-01 -0.12989866E-01  0.41787166E-02
  0.66408599E-01 -0.10064388E-01  0.33470413E-02
  0.67501407E-01 -0.70542225E-02  0.23911685E-02
  0.68655092E-01 -0.39680992E-02  0.13153176E-02
  0.69868155E-01 -0.81467350E-03  0.12471652E-03
  0.71138283E-01  0.23975135E-02 -0.11744712E-02
  0.72462330E-01  0.56600667E-02 -0.25752267E-02
  0.73836305E-01  0.89647624E-02 -0.40697632E-02
  0.75255372E-01  0.12303570E-01 -0.56496194E-02
  0.76713868E-01  0.15668670E-01 -0.73057589E-02
  0.78205336E-01  0.19052471E-01 -0.90286751E-02
  0.79722568E-01  0.22447625E-01 -0.10808501E-01
  0.81257678E-01  0.25847048E-01 -0.12635124E-01
  0.82802184E-01  0.29243933E-01 -0.14498301E-01
  0.84347116E-01  0.32631778E-01 -0.16387777E-01
  0.85883139E-01  0.36004401E-01 -0.18293405E-01
  0.87400693E-01  0.39355964E-01 -0.20205258E-01
  0.88890151E-01  0.42680995E-01 -0.22113739E-01
  0.90341978E-01  0.45974400E-01 -0.24009682E-01
  0.91746908E-01  0.49231478E-01 -0.25884436E-01
  0.93096113E-01  0.52447923E-01 -0.27729944E-01
  0.94381373E-01  0.55619826E-01 -0.29538791E-01
  0.95595233E-01  0.58743660E-01 -0.31304249E-01
  0.96731146E-01  0.61816268E-01 -0.33020289E-01
  0.97783593E-01  0.64834829E-01 -0.34681583E-01
  0.98748188E-01  0.67796838E-01 -0.36283484E-01
  0.99621736E-01  0.70700068E-01 -0.37821996E-01
  0.10040229E+00  0.73542543E-01 -0.39293734E-01
  0.10108913E+00  0.76322508E-01 -0.40695871E-01
  0.10168279E+00  0.79038413E-01 -0.42026091E-01
  0.10218495E+00  0.81688902E-01 -0.43282540E-01
  0.10259842E+00  0.84272820E-01 -0.44463781E-01
  0.10292700E+00  0.86789232E-01 -0.45568758E-01
  0.10317538E+00  0.89237457E-01 -0.46596763E-01
  0.10334906E+00  0.91617117E-01 -0.47547414E-01
  0.10345414E+00  0.93928201E-01 -0.48420633E-01
  0.10349726E+00  0.96171133E-01 -0.49216628E-01
  0.10348545E+00  0.98346848E-01 -0.49935872E-01
  0.10342602E+00  0.10045687E+00 -0.50579073E-01
  0.10332641E+00  0.10250336E+00 -0.51147137E-01
  0.10319415E+00  0.10448921E+00 -0.51641114E-01
  0.10303669E+00  0.10641804E+00 -0.52062137E-01
  0.10286139E+00  0.10829421E+00 -0.52411337E-01
  0.10267540E+00  0.11012282E+00 -0.52689752E-01
  0.10248559E+00  0.11190964E+00 -0.52898219E-01
  0.10229846E+00  0.11366102E+00 -0.53037264E-01
  0.10212014E+00  0.11538375E+00 -0.53106990E-01
  0.10195625E+00  0.11708495E+00 -0.53106972E-01
  0.10181185E+00  0.11877181E+00 -0.53036158E-01
  0.10169142E+00  0.12045143E+00 -0.52892796E-01
  0.10159873E+00  0.12213055E+00 -0.52674376E-01
  0.10153684E+00  0.12381533E+00 -0.52377612E-01
  0.10150802E+00  0.12551111E+00 -0.51998441E-01
  0.10151371E+00  0.12722213E+00 -0.51532072E-01
  0.10155449E+00  0.12895136E+00 -0.50973052E-01
  0.10163009E+00  0.13070027E+00 -0.50315378E-01
  0.10173938E+00  0.13246867E+00 -0.49552634E-01
  0.10188035E+00  0.13425459E+00 -0.48678149E-01
  0.10205022E+00  0.13605420E+00 -0.47685183E-01
  0.10224544E+00  0.13786173E+00 -0.46567129E-01
  0.10246179E+00  0.13966953E+00 -0.45317716E-01
  0.10269445E+00  0.14146812E+00 -0.43931230E-01
  0.10293811E+00  0.14324624E+00 -0.42402724E-01
  0.10318709E+00  0.14499106E+00 -0.40728226E-01
  0.10343539E+00  0.14668838E+00 -0.38904938E-01
  0.10367690E+00  0.14832280E+00 -0.36931412E-01
  0.10390543E+00  0.14987807E+00 -0.34807712E-01
  0.10411487E+00  0.15133734E+00 -0.32535550E-01
  0.10429929E+00  0.15268353E+00 -0.30118387E-01
  0.10445303E+00  0.15389968E+00 -0.27561509E-01
  0.10457081E+00  0.15496929E+00 -0.24872057E-01
  0.10464780E+00  0.15587676E+00 -0.22059019E-01
  0.10467969E+00  0.15660770E+00 -0.19133183E-01
  0.10466279E+00  0.15714934E+00 -0.16107038E-01
  0.10459405E+00  0.15749083E+00 -0.12994635E-01
  0.10447112E+00  0.15762360E+00 -0.98114033E-02
  0.10429237E+00  0.15754154E+00 -0.65739309E-02
  0.10405692E+00  0.15724127E+00 -0.32997061E-02
  0.10376466E+00  0.15672220E+00 -0.68357614E-05
  0.53257857E-01 -0.39926401E-01 -0.19459203E-05
  0.53570496E-01 -0.39786655E-01  0.87998451E-03
  0.53900413E-01 -0.39460758E-01  0.17494253E-02
  0.54248599E-01 -0.38949662E-01  0.25932947E-02
  0.54616684E-01 -0.38254930E-01  0.33987617E-02
  0.55006856E-01 -0.37378749E-01  0.41533926E-02
  0.55421790E-01 -0.36323936E-01  0.48452904E-02
  0.55864551E-01 -0.35093947E-01  0.54632253E-02
  0.56338503E-01 -0.33692874E-01  0.59967539E-02
  0.56847203E-01 -0.32125432E-01  0.64363256E-02
  0.57394312E-01 -0.30396941E-01  0.67733746E-02
  0.57983490E-01 -0.28513293E-01  0.70003965E-02
  0.58618314E-01 -0.26480912E-01  0.71110112E-02
  0.59302183E-01 -0.24306701E-01  0.71000094E-02
  0.60038248E-01 -0.21997986E-01  0.69633861E-02
  0.60829334E-01 -0.19562449E-01  0.66983599E-02
  0.61677876E-01 -0.17008064E-01  0.63033800E-02
  0.62585854E-01 -0.14343027E-01  0.57781210E-02
  0.63554742E-01 -0.11575692E-01  0.51234667E-02
  0.64585448E-01 -0.87145115E-02  0.43414835E-02
  0.65678266E-01 -0.57679811E-02  0.34353836E-02
  0.66832825E-01 -0.27445927E-02  0.24094777E-02
  0.68048044E-01  0.34720459E-03  0.12691191E-02
  0.69322091E-01  0.34990366E-02  0.20637178E-04
  0.70652347E-01  0.67026301E-02 -0.13287392E-02
  0.72035378E-01  0.99498345E-02 -0.27709672E-02
  0.73466919E-01  0.13232641E-01 -0.42972862E-02
  0.74941877E-01  0.16543202E-01 -0.58983232E-02
  0.76454340E-01  0.19873850E-01 -0.75642071E-02
  0.77997620E-01  0.23217121E-01 -0.92846908E-02
  0.79564307E-01  0.26565784E-01 -0.11049281E-01
  0.81146349E-01  0.29912863E-01 -0.12847371E-01
  0.82735159E-01  0.33251681E-01 -0.14668378E-01
  0.84321738E-01  0.36575881E-01 -0.16501877E-01
  0.85896817E-01  0.39879469E-01 -0.18337732E-01
  0.87451015E-01  0.43156838E-01 -0.20166219E-01
  0.88975008E-01  0.46402793E-01 -0.21978139E-01
  0.90459701E-01  0.49612565E-01 -0.23764910E-01
  0.91896396E-01  0.52781817E-01 -0.25518645E-01
  0.93276958E-01  0.55906640E-01 -0.27232206E-01
  0.94593964E-01  0.58983531E-01 -0.28899237E-01
  0.95840833E-01  0.62009370E-01 -0.30514170E-01
  0.97011937E-01  0.64981382E-01 -0.32072210E-01
  0.98102685E-01  0.67897099E-01 -0.33569302E-01
  0.99109579E-01  0.70754311E-01 -0.35002079E-01
  0.10003024E+00  0.73551030E-01 -0.36367796E-01
  0.10086344E+00  0.76285452E-01 -0.37664265E-01
  0.10160901E+00  0.78955935E-01 -0.38889781E-01
  0.10226788E+00  0.81560982E-01 -0.40043053E-01
  0.10284195E+00  0.84099249E-01 -0.41123145E-01
  0.10333406E+00  0.86569566E-01 -0.42129427E-01
  0.10374787E+00  0.88970973E-01 -0.43061533E-01
  0.10408775E+00  0.91302777E-01 -0.43919337E-01
  0.10435874E+00  0.93564617E-01 -0.44702937E-01
  0.10456637E+00  0.95756543E-01 -0.45412639E-01
  0.10471662E+00  0.97879095E-01 -0.46048952E-01
  0.10481580E+00  0.99933387E-01 -0.46612576E-01
  0.10487047E+00  0.10192117E+00 -0.47104382E-01
  0.10488733E+00  0.10384491E+00 -0.47525383E-01
  0.10487316E+00  0.10570780E+00 -0.47876692E-01
  0.10483473E+00  0.10751380E+00 -0.48159460E-01
  0.10477870E+00  0.10926757E+00 -0.48374799E-01
  0.10471160E+00  0.11097451E+00 -0.48523699E-01
  0.10463968E+00  0.11264056E+00 -0.48606925E-01
  0.10456889E+00  0.11427219E+00 -0.48624910E-01
  0.10450478E+00  0.11587617E+00 -0.48577659E-01
  0.10445241E+00  0.11745942E+00 -0.48464646E-01
  0.10441631E+00  0.11902880E+00 -0.48284737E-01
  0.10440039E+00  0.12059089E+00 -0.48036128E-01
  0.10440787E+00  0.12215176E+00 -0.47716311E-01
  0.10444123E+00  0.12371670E+00 -0.47322066E-01
  0.10450217E+00  0.12529005E+00 -0.46849495E-01
  0.10459159E+00  0.12687495E+00 -0.46294080E-01
  0.10470953E+00  0.12847316E+00 -0.45650778E-01
  0.10485521E+00  0.13008488E+00 -0.44914143E-01
  0.10502705E+00  0.13170868E+00 -0.44078481E-01
  0.10522266E+00  0.13334136E+00 -0.43138016E-01
  0.10543894E+00  0.13497794E+00 -0.42087081E-01
  0.10567211E+00  0.13661167E+00 -0.40920309E-01
  0.10591783E+00  0.13823409E+00 -0.39632833E-01
  0.10617123E+00  0.13983512E+00 -0.38220482E-01
  0.10642708E+00  0.14140322E+00 -0.36679967E-01
  0.10667985E+00  0.14292559E+00 -0.35009052E-01
  0.10692382E+00  0.14438836E+00 -0.33206711E-01
  0.10715325E+00  0.14577691E+00 -0.31273257E-01
  0.10736240E+00  0.14707611E+00 -0.29210452E-01
  0.10754571E+00  0.14827067E+00 -0.27021583E-01
  0.10769786E+00  0.14934543E+00 -0.24711507E-01
  0.10781388E+00  0.15028574E+00 -0.22286667E-01
  0.10788924E+00  0.15107779E+00 -0.19755069E-01
  0.10791989E+00  0.15170892E+00 -0.17126226E-01
  0.10790237E+00  0.15216795E+00 -0.14411069E-01
  0.10783386E+00  0.15244549E+00 -0.11621816E-01
  0.10771218E+00  0.15253415E+00 -0.87718152E-02
  0.10753586E+00  0.15242879E+00 -0.58753600E-02
  0.10730417E+00  0.15212668E+00 -0.29474746E-02
  0.10701707E+00  0.15162760E+00 -0.36828946E-05
  0.51463247E-01 -0.37775623E-01 -0.22027360E-05
  0.51765557E-01 -0.37656330E-01  0.93612745E-03
  0.52086064E-01 -0.37355596E-01  0.18613870E-02
  0.52425737E-01 -0.36874246E-01  0.27604096E-02
  0.52786154E-01 -0.36213674E-01  0.36203213E-02
  0.53169434E-01 -0.35375855E-01  0.44286869E-02
  0.53578156E-01 -0.34363368E-01  0.51736474E-02
  0.54015274E-01 -0.33179401E-01  0.58440449E-02
  0.54484020E-01 -0.31827760E-01  0.64295347E-02
  0.54987818E-01 -0.30312863E-01  0.69206816E-02
  0.55530183E-01 -0.28639722E-01  0.73090418E-02
  0.56114642E-01 -0.26813919E-01  0.75872297E-02
  0.56744644E-01 -0.24841566E-01  0.77489702E-02
  0.57423488E-01 -0.22729255E-01  0.77891385E-02
  0.58154248E-01 -0.20484005E-01  0.77037880E-02
  0.58939718E-01 -0.18113196E-01  0.74901677E-02
  0.59782339E-01 -0.15624507E-01  0.71467310E-02
  0.60684157E-01 -0.13025849E-01  0.66731354E-02
  0.61646757E-01 -0.10325303E-01  0.60702349E-02
  0.62671217E-01 -0.75310647E-02  0.53400637E-02
  0.63758053E-01 -0.46513898E-02  0.44858119E-02
  0.64907167E-01 -0.16945554E-02  0.35117914E-02
  0.66117792E-01  0.13311772E-02  0.24233910E-02
  0.67388446E-01  0.44175908E-02  0.12270208E-02
  0.68716887E-01  0.75565353E-02 -0.69957627E-04
  0.70100076E-01  0.10739948E-01 -0.14593138E-02
  0.71534155E-01  0.13959875E-01 -0.29320455E-02
  0.73014434E-01  0.17208487E-01 -0.44784901E-02
  0.74535407E-01  0.20478109E-01 -0.60884490E-02
  0.76090780E-01  0.23761246E-01 -0.77513239E-02
  0.77673528E-01  0.27050616E-01 -0.94562627E-02
  0.79275977E-01  0.30339188E-01 -0.11192312E-01
  0.80889906E-01  0.33620223E-01 -0.12948570E-01
  0.82506673E-01  0.36887312E-01 -0.14714346E-01
  0.84117362E-01  0.40134418E-01 -0.16479298E-01
  0.85712937E-01  0.43355907E-01 -0.18233578E-01
  0.87284404E-01  0.46546575E-01 -0.19967947E-01
  0.88822986E-01  0.49701659E-01 -0.21673878E-01
  0.90320275E-01  0.52816843E-01 -0.23343629E-01
  0.91768387E-01  0.55888243E-01 -0.24970300E-01
  0.93160100E-01  0.58912387E-01 -0.26547851E-01
  0.94488963E-01  0.61886178E-01 -0.28071100E-01
  0.95749392E-01  0.64806849E-01 -0.29535695E-01
  0.96936738E-01  0.67671919E-01 -0.30938064E-01
  0.98047330E-01  0.70479139E-01 -0.32275344E-01
  0.99078494E-01  0.73226452E-01 -0.33545303E-01
  0.10002855E+00  0.75911950E-01 -0.34746251E-01
  0.10089679E+00  0.78533855E-01 -0.35876955E-01
  0.10168346E+00  0.81090504E-01 -0.36936559E-01
  0.10238966E+00  0.83580363E-01 -0.37924508E-01
  0.10301734E+00  0.86002043E-01 -0.38840500E-01
  0.10356921E+00  0.88354354E-01 -0.39684432E-01
  0.10404867E+00  0.90636355E-01 -0.40456382E-01
  0.10445973E+00  0.92847427E-01 -0.41156591E-01
  0.10480695E+00  0.94987354E-01 -0.41785461E-01
  0.10509538E+00  0.97056401E-01 -0.42343554E-01
  0.10533042E+00  0.99055394E-01 -0.42831596E-01
  0.10551783E+00  0.10098579E+00 -0.43250471E-01
  0.10566361E+00  0.10284973E+00 -0.43601210E-01
  0.10577390E+00  0.10465007E+00 -0.43884966E-01
  0.10585495E+00  0.10639041E+00 -0.44102964E-01
  0.10591300E+00  0.10807504E+00 -0.44256450E-01
  0.10595423E+00  0.10970892E+00 -0.44346609E-01
  0.10598463E+00  0.11129760E+00 -0.44374477E-01
  0.10600996E+00  0.11284708E+00 -0.44340849E-01
  0.10603561E+00  0.11436372E+00 -0.44246174E-01
  0.10606657E+00  0.11585399E+00 -0.44090463E-01
  0.10610733E+00  0.11732438E+00 -0.43873207E-01
  0.10616179E+00  0.11878112E+00 -0.43593305E-01
  0.10623321E+00  0.12023000E+00 -0.43249025E-01
  0.10632415E+00  0.12167613E+00 -0.42837991E-01
  0.10643643E+00  0.12312378E+00 -0.42357196E-01
  0.10657111E+00  0.12457613E+00 -0.41803054E-01
  0.10672843E+00  0.12603512E+00 -0.41171480E-01
  0.10690788E+00  0.12750129E+00 -0.40458002E-01
  0.10710817E+00  0.12897367E+00 -0.39657896E-01
  0.10732726E+00  0.13044972E+00 -0.38766344E-01
  0.10756244E+00  0.13192524E+00 -0.37778606E-01
  0.10781036E+00  0.13339446E+00 -0.36690200E-01
  0.10806711E+00  0.13484999E+00 -0.35497080E-01
  0.10832832E+00  0.13628299E+00 -0.34195819E-01
  0.10858922E+00  0.13768330E+00 -0.32783772E-01
  0.10884478E+00  0.13903957E+00 -0.31259223E-01
  0.10908975E+00  0.14033952E+00 -0.29621523E-01
  0.10931882E+00  0.14157017E+00 -0.27871190E-01
  0.10952672E+00  0.14271811E+00 -0.26009997E-01
  0.10970826E+00  0.14376977E+00 -0.24041020E-01
  0.10985850E+00  0.14471177E+00 -0.21968671E-01
  0.10997280E+00  0.14553119E+00 -0.19798685E-01
  0.11004692E+00  0.14621587E+00 -0.17538097E-01
  0.11007707E+00  0.14675473E+00 -0.15195175E-01
  0.11006003E+00  0.14713806E+00 -0.12779335E-01
  0.10999313E+00  0.14735771E+00 -0.10301030E-01
  0.10987436E+00  0.14740738E+00 -0.77716126E-02
  0.10970238E+00  0.14728276E+00 -0.52031813E-02
  0.10947653E+00  0.14698168E+00 -0.26084091E-02
  0.10919686E+00  0.14650416E+00 -0.35884939E-06
  0.49623650E-01 -0.35795089E-01 -0.23264527E-05
  0.49917051E-01 -0.35694441E-01  0.99137520E-03
  0.50229371E-01 -0.35416799E-01  0.19714698E-02
  0.50561478E-01 -0.34962914E-01  0.29247323E-02
  0.50914828E-01 -0.34334068E-01  0.38382705E-02
  0.51291399E-01 -0.33532096E-01  0.46996714E-02
  0.51693622E-01 -0.32559402E-01  0.54971356E-02
  0.52124293E-01 -0.31418978E-01  0.62195966E-02
  0.52586497E-01 -0.30114410E-01  0.68568242E-02
  0.53083516E-01 -0.28649876E-01  0.73995116E-02
  0.53618745E-01 -0.27030138E-01  0.78393453E-02
  0.54195612E-01 -0.25260514E-01  0.81690615E-02
  0.54817499E-01 -0.23346848E-01  0.83824881E-02
  0.55487668E-01 -0.21295463E-01  0.84745762E-02
  0.56209196E-01 -0.19113110E-01  0.84414231E-02
  0.56984906E-01 -0.16806904E-01  0.82802876E-02
  0.57817313E-01 -0.14384269E-01  0.79896005E-02
  0.58708562E-01 -0.11852868E-01  0.75689704E-02
  0.59660369E-01 -0.92205484E-02  0.70191843E-02
  0.60673969E-01 -0.64952865E-02  0.63422039E-02
  0.61750052E-01 -0.36851357E-02  0.55411534E-02
  0.62888713E-01 -0.79818784E-03  0.46202999E-02
  0.64089388E-01  0.21574620E-02  0.35850208E-02
  0.65350809E-01  0.51737437E-02  0.24417590E-02
  0.66670955E-01  0.82426359E-02  0.11979605E-02
  0.68047013E-01  0.11356187E-01 -0.13800505E-03
  0.69475358E-01  0.14506538E-01 -0.15569426E-02
  0.70951547E-01  0.17685942E-01 -0.30489490E-02
  0.72470330E-01  0.20886797E-01 -0.46035475E-02
  0.74025690E-01  0.24101673E-01 -0.62098381E-02
  0.75610901E-01  0.27323351E-01 -0.78566600E-02
  0.77218614E-01  0.30544861E-01 -0.95327610E-02
  0.78840962E-01  0.33759527E-01 -0.11226971E-01
  0.80469689E-01  0.36961009E-01 -0.12928371E-01
  0.82096287E-01  0.40143337E-01 -0.14626454E-01
  0.83712151E-01  0.43300950E-01 -0.16311274E-01
  0.85308734E-01  0.46428710E-01 -0.17973568E-01
  0.86877697E-01  0.49521918E-01 -0.19604864E-01
  0.88411059E-01  0.52576312E-01 -0.21197552E-01
  0.89901325E-01  0.55588045E-01 -0.22744929E-01
  0.91341601E-01  0.58553661E-01 -0.24241216E-01
  0.92725691E-01  0.61470053E-01 -0.25681541E-01
  0.94048171E-01  0.64334419E-01 -0.27061899E-01
  0.95304433E-01  0.67144210E-01 -0.28379087E-01
  0.96490723E-01  0.69897082E-01 -0.29630624E-01
  0.97604151E-01  0.72590856E-01 -0.30814655E-01
  0.98642684E-01  0.75223481E-01 -0.31929858E-01
  0.99605133E-01  0.77793018E-01 -0.32975345E-01
  0.10049112E+00  0.80297633E-01 -0.33950575E-01
  0.10130107E+00  0.82735618E-01 -0.34855277E-01
  0.10203612E+00  0.85105414E-01 -0.35689391E-01
  0.10269814E+00  0.87405661E-01 -0.36453024E-01
  0.10328966E+00  0.89635263E-01 -0.37146421E-01
  0.10381379E+00  0.91793449E-01 -0.37769958E-01
  0.10427426E+00  0.93879854E-01 -0.38324140E-01
  0.10467526E+00  0.95894592E-01 -0.38809613E-01
  0.10502148E+00  0.97838327E-01 -0.39227166E-01
  0.10531798E+00  0.99712329E-01 -0.39577747E-01
  0.10557015E+00  0.10151852E+00 -0.39862453E-01
  0.10578361E+00  0.10325950E+00 -0.40082521E-01
  0.10596419E+00  0.10493855E+00 -0.40239292E-01
  0.10611774E+00  0.10655961E+00 -0.40334168E-01
  0.10625014E+00  0.10812721E+00 -0.40368544E-01
  0.10636712E+00  0.10964642E+00 -0.40343734E-01
  0.10647422E+00  0.11112274E+00 -0.40260877E-01
  0.10657667E+00  0.11256197E+00 -0.40120850E-01
  0.10667931E+00  0.11397005E+00 -0.39924170E-01
  0.10678650E+00  0.11535291E+00 -0.39670918E-01
  0.10690204E+00  0.11671630E+00 -0.39360665E-01
  0.10702912E+00  0.11806558E+00 -0.38992426E-01
  0.10717028E+00  0.11940553E+00 -0.38564640E-01
  0.10732732E+00  0.12074019E+00 -0.38075171E-01
  0.10750135E+00  0.12207268E+00 -0.37521352E-01
  0.10769274E+00  0.12340502E+00 -0.36900050E-01
  0.10790111E+00  0.12473801E+00 -0.36207761E-01
  0.10812541E+00  0.12607114E+00 -0.35440730E-01
  0.10836389E+00  0.12740248E+00 -0.34595096E-01
  0.10861417E+00  0.12872866E+00 -0.33667041E-01
  0.10887330E+00  0.13004485E+00 -0.32652956E-01
  0.10913782E+00  0.13134482E+00 -0.31549600E-01
  0.10940382E+00  0.13262102E+00 -0.30354263E-01
  0.10966704E+00  0.13386468E+00 -0.29064906E-01
  0.10992294E+00  0.13506595E+00 -0.27680294E-01
  0.11016678E+00  0.13621415E+00 -0.26200104E-01
  0.11039373E+00  0.13729793E+00 -0.24625012E-01
  0.11059897E+00  0.13830556E+00 -0.22956754E-01
  0.11077774E+00  0.13922515E+00 -0.21198158E-01
  0.11092547E+00  0.14004496E+00 -0.19353159E-01
  0.11103787E+00  0.14075368E+00 -0.17426777E-01
  0.11111097E+00  0.14134067E+00 -0.15425081E-01
  0.11114124E+00  0.14179628E+00 -0.13355126E-01
  0.11112564E+00  0.14211205E+00 -0.11224871E-01
  0.11106166E+00  0.14228095E+00 -0.90430843E-02
  0.11094741E+00  0.14229759E+00 -0.68192267E-02
  0.11078163E+00  0.14215835E+00 -0.45633287E-02
  0.11056371E+00  0.14186148E+00 -0.22858553E-02
  0.11029372E+00  0.14140725E+00  0.24358490E-05
  0.47741352E-01 -0.33979569E-01 -0.23244657E-05
  0.48026839E-01 -0.33895833E-01  0.10456912E-02
  0.48331796E-01 -0.33639247E-01  0.20796848E-02
  0.48656936E-01 -0.33210539E-01  0.30863996E-02
  0.49003535E-01 -0.32610942E-01  0.40529439E-02
  0.49373379E-01 -0.31842213E-01  0.49669377E-02
  0.49768702E-01 -0.30906652E-01  0.58166435E-02
  0.50192117E-01 -0.29807119E-01  0.65910806E-02
  0.50646542E-01 -0.28547042E-01  0.72801217E-02
  0.51135122E-01 -0.27130423E-01  0.78745705E-02
  0.51661152E-01 -0.25561823E-01  0.83662231E-02
  0.52228001E-01 -0.23846352E-01  0.87479147E-02
  0.52839033E-01 -0.21989631E-01  0.90135530E-02
  0.53497532E-01 -0.19997759E-01  0.91581440E-02
  0.54206636E-01 -0.17877261E-01  0.91778101E-02
  0.54969260E-01 -0.15635033E-01  0.90698050E-02
  0.55788035E-01 -0.13278285E-01  0.88325264E-02
  0.56665234E-01 -0.10814482E-01  0.84655269E-02
  0.57602709E-01 -0.82512803E-02  0.79695230E-02
  0.58601827E-01 -0.55964806E-02  0.73464015E-02
  0.59663405E-01 -0.28579732E-02  0.65992188E-02
  0.60787645E-01 -0.43697019E-04  0.57321929E-02
  0.61974082E-01  0.28383976E-02  0.47506817E-02
  0.63221530E-01  0.57803797E-02  0.36611460E-02
  0.64528041E-01  0.87743651E-02  0.24710931E-02
  0.65890875E-01  0.11812541E-01  0.11889994E-02
  0.67306488E-01  0.14887189E-01 -0.17579045E-03
  0.68770537E-01  0.17990715E-01 -0.16131862E-02
  0.70277905E-01  0.21115671E-01 -0.31124967E-02
  0.71822749E-01  0.24254793E-01 -0.46625918E-02
  0.73398569E-01  0.27401035E-01 -0.62520786E-02
  0.74998300E-01  0.30547606E-01 -0.78694863E-02
  0.76614420E-01  0.33688008E-01 -0.95034522E-02
  0.78239079E-01  0.36816078E-01 -0.11142904E-01
  0.79864228E-01  0.39926013E-01 -0.12777230E-01
  0.81481763E-01  0.43012403E-01 -0.14396432E-01
  0.83083666E-01  0.46070243E-01 -0.15991255E-01
  0.84662135E-01  0.49094936E-01 -0.17553288E-01
  0.86209708E-01  0.52082288E-01 -0.19075035E-01
  0.87719373E-01  0.55028486E-01 -0.20549954E-01
  0.89184659E-01  0.57930066E-01 -0.21972462E-01
  0.90599703E-01  0.60783877E-01 -0.23337913E-01
  0.91959309E-01  0.63587031E-01 -0.24642543E-01
  0.93258981E-01  0.66336866E-01 -0.25883404E-01
  0.94494940E-01  0.69030895E-01 -0.27058270E-01
  0.95664139E-01  0.71666781E-01 -0.28165537E-01
  0.96764252E-01  0.74242305E-01 -0.29204127E-01
  0.97793675E-01  0.76755363E-01 -0.30173382E-01
  0.98751507E-01  0.79203970E-01 -0.31072981E-01
  0.99637539E-01  0.81586279E-01 -0.31902855E-01
  0.10045224E+00  0.83900620E-01 -0.32663133E-01
  0.10119674E+00  0.86145550E-01 -0.33354094E-01
  0.10187280E+00  0.88319908E-01 -0.33976144E-01
  0.10248283E+00  0.90422883E-01 -0.34529802E-01
  0.10302980E+00  0.92454076E-01 -0.35015707E-01
  0.10351725E+00  0.94413569E-01 -0.35434623E-01
  0.10394925E+00  0.96301971E-01 -0.35787454E-01
  0.10433030E+00  0.98120469E-01 -0.36075255E-01
  0.10466532E+00  0.99870852E-01 -0.36299235E-01
  0.10495951E+00  0.10155552E+00 -0.36460747E-01
  0.10521832E+00  0.10317749E+00 -0.36561268E-01
  0.10544732E+00  0.10474034E+00 -0.36602362E-01
  0.10565209E+00  0.10624817E+00 -0.36585622E-01
  0.10583815E+00  0.10770555E+00 -0.36512608E-01
  0.10601081E+00  0.10911738E+00 -0.36384765E-01
  0.10617510E+00  0.11048884E+00 -0.36203342E-01
  0.10633567E+00  0.11182522E+00 -0.35969305E-01
  0.10649669E+00  0.11313180E+00 -0.35683263E-01
  0.10666181E+00  0.11441370E+00 -0.35345396E-01
  0.10683406E+00  0.11567573E+00 -0.34955413E-01
  0.10701585E+00  0.11692223E+00 -0.34512516E-01
  0.10720894E+00  0.11815692E+00 -0.34015410E-01
  0.10741439E+00  0.11938272E+00 -0.33462316E-01
  0.10763259E+00  0.12060170E+00 -0.32851037E-01
  0.10786327E+00  0.12181484E+00 -0.32179025E-01
  0.10810553E+00  0.12302203E+00 -0.31443496E-01
  0.10835787E+00  0.12422194E+00 -0.30641537E-01
  0.10861821E+00  0.12541200E+00 -0.29770252E-01
  0.10888397E+00  0.12658837E+00 -0.28826895E-01
  0.10915211E+00  0.12774597E+00 -0.27809013E-01
  0.10941918E+00  0.12887851E+00 -0.26714587E-01
  0.10968141E+00  0.12997864E+00 -0.25542148E-01
  0.10993477E+00  0.13103802E+00 -0.24290898E-01
  0.11017502E+00  0.13204752E+00 -0.22960792E-01
  0.11039782E+00  0.13299739E+00 -0.21552607E-01
  0.11059881E+00  0.13387749E+00 -0.20067994E-01
  0.11077364E+00  0.13467753E+00 -0.18509490E-01
  0.11091814E+00  0.13538730E+00 -0.16880521E-01
  0.11102831E+00  0.13599694E+00 -0.15185379E-01
  0.11110048E+00  0.13649719E+00 -0.13429178E-01
  0.11113134E+00  0.13687963E+00 -0.11617796E-01
  0.11111799E+00  0.13713691E+00 -0.97578016E-02
  0.11105809E+00  0.13726293E+00 -0.78563712E-02
  0.11094980E+00  0.13725304E+00 -0.59211975E-02
  0.11079192E+00  0.13710418E+00 -0.39603906E-02
  0.11058385E+00  0.13681497E+00 -0.19823761E-02
  0.11032566E+00  0.13638577E+00  0.42107736E-05
  0.45818511E-01 -0.32327774E-01 -0.22103777E-05
  0.46096639E-01 -0.32259393E-01  0.10990161E-02
  0.46394639E-01 -0.32022020E-01  0.21859804E-02
  0.46713036E-01 -0.31616402E-01  0.32454223E-02
  0.47052891E-01 -0.31043775E-01  0.42644660E-02
  0.47415770E-01 -0.30305874E-01  0.52307653E-02
  0.47803686E-01 -0.29404956E-01  0.61326326E-02
  0.48219051E-01 -0.28343805E-01  0.69591490E-02
  0.48664614E-01 -0.27125750E-01  0.77002559E-02
  0.49143389E-01 -0.25754665E-01  0.83468272E-02
  0.49658590E-01 -0.24234965E-01  0.88907250E-02
  0.50213550E-01 -0.22571593E-01  0.93248404E-02
  0.50811651E-01 -0.20769995E-01  0.96431228E-02
  0.51456240E-01 -0.18836087E-01  0.98406019E-02
  0.52150551E-01 -0.16776211E-01  0.99134049E-02
  0.52897624E-01 -0.14597087E-01  0.98587715E-02
  0.53700225E-01 -0.12305757E-01  0.96750692E-02
  0.54560763E-01 -0.99095274E-02  0.93618090E-02
  0.55481214E-01 -0.74159120E-02  0.89196603E-02
  0.56463043E-01 -0.48325757E-02  0.83504642E-02
  0.57507135E-01 -0.21672822E-02  0.76572408E-02
  0.58613728E-01  0.57215310E-03  0.68441879E-02
  0.59782356E-01  0.33779056E-02  0.59166653E-02
  0.61011804E-01  0.62421781E-02  0.48811624E-02
  0.62300081E-01  0.91572335E-02  0.37452437E-02
  0.63644397E-01  0.12115425E-01  0.25174702E-02
  0.65041170E-01  0.15109221E-01  0.12072958E-02
  0.66486049E-01  0.18131238E-01 -0.17506121E-03
  0.67973955E-01  0.21174263E-01 -0.16187707E-02
  0.69499144E-01  0.24231285E-01 -0.31125616E-02
  0.71055289E-01  0.27295527E-01 -0.46449076E-02
  0.72635581E-01  0.30360475E-01 -0.62042206E-02
  0.74232836E-01  0.33419906E-01 -0.77790456E-02
  0.75839622E-01  0.36467923E-01 -0.93582478E-02
  0.77448378E-01  0.39498968E-01 -0.10931187E-01
  0.79051543E-01  0.42507843E-01 -0.12487873E-01
  0.80641675E-01  0.45489715E-01 -0.14019089E-01
  0.82211558E-01  0.48440117E-01 -0.15516495E-01
  0.83754305E-01  0.51354927E-01 -0.16972689E-01
  0.85263432E-01  0.54230354E-01 -0.18381245E-01
  0.86732930E-01  0.57062904E-01 -0.19736704E-01
  0.88157312E-01  0.59849346E-01 -0.21034553E-01
  0.89531647E-01  0.62586674E-01 -0.22271167E-01
  0.90851582E-01  0.65272074E-01 -0.23443732E-01
  0.92113358E-01  0.67902893E-01 -0.24550156E-01
  0.93313815E-01  0.70476614E-01 -0.25588969E-01
  0.94450395E-01  0.72990855E-01 -0.26559228E-01
  0.95521147E-01  0.75443362E-01 -0.27460412E-01
  0.96524730E-01  0.77832030E-01 -0.28292341E-01
  0.97460420E-01  0.80154929E-01 -0.29055095E-01
  0.98328114E-01  0.82410350E-01 -0.29748961E-01
  0.99128343E-01  0.84596845E-01 -0.30374381E-01
  0.99862267E-01  0.86713287E-01 -0.30931930E-01
  0.10053168E+00  0.88758921E-01 -0.31422302E-01
  0.10113900E+00  0.90733419E-01 -0.31846308E-01
  0.10168724E+00  0.92636922E-01 -0.32204880E-01
  0.10217997E+00  0.94470080E-01 -0.32499084E-01
  0.10262128E+00  0.96234072E-01 -0.32730130E-01
  0.10301570E+00  0.97930617E-01 -0.32899371E-01
  0.10336812E+00  0.99561967E-01 -0.33008300E-01
  0.10368368E+00  0.10113089E+00 -0.33058536E-01
  0.10396770E+00  0.10264062E+00 -0.33051790E-01
  0.10422553E+00  0.10409481E+00 -0.32989823E-01
  0.10446245E+00  0.10549749E+00 -0.32874393E-01
  0.10468355E+00  0.10685295E+00 -0.32707189E-01
  0.10489365E+00  0.10816566E+00 -0.32489757E-01
  0.10509718E+00  0.10944021E+00 -0.32223433E-01
  0.10529809E+00  0.11068114E+00 -0.31909272E-01
  0.10549983E+00  0.11189289E+00 -0.31547987E-01
  0.10570526E+00  0.11307961E+00 -0.31139903E-01
  0.10591661E+00  0.11424513E+00 -0.30684930E-01
  0.10613552E+00  0.11539276E+00 -0.30182553E-01
  0.10636299E+00  0.11652520E+00 -0.29631849E-01
  0.10659939E+00  0.11764445E+00 -0.29031521E-01
  0.10684452E+00  0.11875165E+00 -0.28379964E-01
  0.10709761E+00  0.11984704E+00 -0.27675342E-01
  0.10735734E+00  0.12092986E+00 -0.26915688E-01
  0.10762193E+00  0.12199830E+00 -0.26099011E-01
  0.10788912E+00  0.12304947E+00 -0.25223413E-01
  0.10815627E+00  0.12407939E+00 -0.24287209E-01
  0.10842037E+00  0.12508305E+00 -0.23289037E-01
  0.10867812E+00  0.12605445E+00 -0.22227966E-01
  0.10892595E+00  0.12698669E+00 -0.21103581E-01
  0.10916012E+00  0.12787215E+00 -0.19916065E-01
  0.10937676E+00  0.12870258E+00 -0.18666248E-01
  0.10957191E+00  0.12946935E+00 -0.17355638E-01
  0.10974167E+00  0.13016364E+00 -0.15986441E-01
  0.10988218E+00  0.13077662E+00 -0.14561548E-01
  0.10998978E+00  0.13129977E+00 -0.13084514E-01
  0.11006102E+00  0.13172502E+00 -0.11559514E-01
  0.11009279E+00  0.13204502E+00 -0.99912937E-02
  0.11008236E+00  0.13225337E+00 -0.83851072E-02
  0.11002747E+00  0.13234473E+00 -0.67466471E-02
  0.10992634E+00  0.13231508E+00 -0.50819739E-02
  0.10977780E+00  0.13216179E+00 -0.33974410E-02
  0.10958123E+00  0.13188370E+00 -0.16996202E-02
  0.10933667E+00  0.13148126E+00  0.47735175E-05
  0.43857037E-01 -0.30842399E-01 -0.20007010E-05
  0.44128005E-01 -0.30788070E-01  0.11513144E-02
  0.44419104E-01 -0.30568377E-01  0.22903247E-02
  0.44730664E-01 -0.30184123E-01  0.34017949E-02
  0.45063529E-01 -0.29636583E-01  0.44728775E-02
  0.45419038E-01 -0.28927516E-01  0.54912560E-02
  0.45798986E-01 -0.28059175E-01  0.64452717E-02
  0.46205584E-01 -0.27034316E-01  0.73240323E-02
  0.46641417E-01 -0.25856209E-01  0.81175015E-02
  0.47109377E-01 -0.24528644E-01  0.88165697E-02
  0.47612605E-01 -0.23055926E-01  0.94131085E-02
  0.48154416E-01 -0.21442871E-01  0.99000111E-02
  0.48738221E-01 -0.19694785E-01  0.10271222E-01
  0.49367438E-01 -0.17817435E-01  0.10521761E-01
  0.50045405E-01 -0.15817017E-01  0.10647739E-01
  0.50775286E-01 -0.13700109E-01  0.10646378E-01
  0.51559972E-01 -0.11473622E-01  0.10516030E-01
  0.52401988E-01 -0.91447406E-02  0.10256192E-01
  0.53303401E-01 -0.67208693E-02  0.98675293E-02
  0.54265730E-01 -0.42095713E-02  0.93518866E-02
  0.55289873E-01 -0.16185124E-02  0.87123000E-02
  0.56376034E-01  0.10445933E-02  0.79529964E-02
  0.57523676E-01  0.37720329E-02  0.70793778E-02
  0.58731477E-01  0.65561394E-02  0.60979876E-02
  0.59997320E-01  0.93893314E-02  0.50164532E-02
  0.61318287E-01  0.12264148E-01  0.38434044E-02
  0.62690687E-01  0.15173283E-01  0.25883646E-02
  0.64110095E-01  0.18109606E-01  0.12616174E-02
  0.65571418E-01  0.21066197E-01 -0.12595092E-03
  0.67068970E-01  0.24036363E-01 -0.15630270E-02
  0.68596569E-01  0.27013666E-01 -0.30380600E-02
  0.70147640E-01  0.29991937E-01 -0.45394573E-02
  0.71715331E-01  0.32965300E-01 -0.60557798E-02
  0.73292625E-01  0.35928178E-01 -0.75759283E-02
  0.74872451E-01  0.38875309E-01 -0.90893150E-02
  0.76447796E-01  0.41801748E-01 -0.10586013E-01
  0.78011798E-01  0.44702861E-01 -0.12056879E-01
  0.79557832E-01  0.47574317E-01 -0.13493647E-01
  0.81079580E-01  0.50412070E-01 -0.14888985E-01
  0.82571087E-01  0.53212342E-01 -0.16236527E-01
  0.84026806E-01  0.55971590E-01 -0.17530870E-01
  0.85441623E-01  0.58686487E-01 -0.18767541E-01
  0.86810879E-01  0.61353889E-01 -0.19942946E-01
  0.88130382E-01  0.63970822E-01 -0.21054299E-01
  0.89396421E-01  0.66534458E-01 -0.22099533E-01
  0.90605769E-01  0.69042116E-01 -0.23077211E-01
  0.91755699E-01  0.71491266E-01 -0.23986434E-01
  0.92844000E-01  0.73879541E-01 -0.24826747E-01
  0.93868992E-01  0.76204766E-01 -0.25598059E-01
  0.94829558E-01  0.78464990E-01 -0.26300568E-01
  0.95725162E-01  0.80658532E-01 -0.26934706E-01
  0.96555879E-01  0.82784018E-01 -0.27501090E-01
  0.97322417E-01  0.84840435E-01 -0.28000491E-01
  0.98026122E-01  0.86827165E-01 -0.28433813E-01
  0.98668989E-01  0.88744024E-01 -0.28802085E-01
  0.99253639E-01  0.90591286E-01 -0.29106459E-01
  0.99783290E-01  0.92369700E-01 -0.29348208E-01
  0.10026171E+00  0.94080487E-01 -0.29528733E-01
  0.10069313E+00  0.95725335E-01 -0.29649560E-01
  0.10108218E+00  0.97306372E-01 -0.29712335E-01
  0.10143376E+00  0.98826135E-01 -0.29718809E-01
  0.10175296E+00  0.10028752E+00 -0.29670821E-01
  0.10204490E+00  0.10169374E+00 -0.29570257E-01
  0.10231464E+00  0.10304826E+00 -0.29419016E-01
  0.10256706E+00  0.10435472E+00 -0.29218958E-01
  0.10280674E+00  0.10561691E+00 -0.28971850E-01
  0.10303788E+00  0.10683864E+00 -0.28679308E-01
  0.10326422E+00  0.10802371E+00 -0.28342745E-01
  0.10348899E+00  0.10917583E+00 -0.27963318E-01
  0.10371485E+00  0.11029849E+00 -0.27541893E-01
  0.10394389E+00  0.11139494E+00 -0.27079007E-01
  0.10417760E+00  0.11246806E+00 -0.26574867E-01
  0.10441691E+00  0.11352028E+00 -0.26029345E-01
  0.10466219E+00  0.11455349E+00 -0.25442006E-01
  0.10491328E+00  0.11556895E+00 -0.24812146E-01
  0.10516952E+00  0.11656720E+00 -0.24138852E-01
  0.10542978E+00  0.11754799E+00 -0.23421069E-01
  0.10569252E+00  0.11851021E+00 -0.22657687E-01
  0.10595580E+00  0.11945184E+00 -0.21847628E-01
  0.10621732E+00  0.12036997E+00 -0.20989937E-01
  0.10647447E+00  0.12126075E+00 -0.20083873E-01
  0.10672438E+00  0.12211945E+00 -0.19128993E-01
  0.10696390E+00  0.12294054E+00 -0.18125222E-01
  0.10718972E+00  0.12371776E+00 -0.17072916E-01
  0.10739839E+00  0.12444428E+00 -0.15972904E-01
  0.10758636E+00  0.12511284E+00 -0.14826513E-01
  0.10775005E+00  0.12571594E+00 -0.13635579E-01
  0.10788595E+00  0.12624603E+00 -0.12402441E-01
  0.10799065E+00  0.12669574E+00 -0.11129919E-01
  0.10806094E+00  0.12705804E+00 -0.98212770E-02
  0.10809387E+00  0.12732654E+00 -0.84801861E-02
  0.10808684E+00  0.12749560E+00 -0.71106709E-02
  0.10803765E+00  0.12756055E+00 -0.57170586E-02
  0.10794461E+00  0.12751784E+00 -0.43039247E-02
  0.10780651E+00  0.12736517E+00 -0.28760397E-02
  0.10762274E+00  0.12710157E+00 -0.14383165E-02
  0.10739327E+00  0.12672746E+00  0.42399402E-05
  0.41858271E-01 -0.29529788E-01 -0.17124058E-05
  0.42122073E-01 -0.29488486E-01  0.12026148E-02
  0.42406116E-01 -0.29285318E-01  0.23927817E-02
  0.42710556E-01 -0.28921157E-01  0.35556046E-02
  0.43036045E-01 -0.28397344E-01  0.46782747E-02
  0.43383715E-01 -0.27715681E-01  0.57484983E-02
  0.43755162E-01 -0.26878445E-01  0.67546225E-02
  0.44152419E-01 -0.25888388E-01  0.76857439E-02
  0.44577918E-01 -0.24748750E-01  0.85317991E-02
  0.45034439E-01 -0.23463261E-01  0.92836391E-02
  0.45525055E-01 -0.22036144E-01  0.99330874E-02
  0.46053058E-01 -0.20472109E-01  0.10472985E-01
  0.46621875E-01 -0.18776345E-01  0.10897226E-01
  0.47234979E-01 -0.16954496E-01  0.11200785E-01
  0.47895784E-01 -0.15012633E-01  0.11379743E-01
  0.48607542E-01 -0.12957216E-01  0.11431306E-01
  0.49373231E-01 -0.10795043E-01  0.11353827E-01
  0.50195444E-01 -0.85332015E-02  0.11146830E-01
  0.51076289E-01 -0.61790070E-02  0.10811020E-01
  0.52017290E-01 -0.37399401E-02  0.10348306E-01
  0.53019304E-01 -0.12235848E-02  0.97617980E-02
  0.54082453E-01  0.13624330E-02  0.90558087E-02
  0.55206078E-01  0.40105038E-02  0.82358272E-02
  0.56388712E-01  0.67130883E-02  0.73084797E-02
  0.57628076E-01  0.94627646E-02  0.62814654E-02
  0.58921097E-01  0.12252270E-01  0.51634678E-02
  0.60263951E-01  0.15074535E-01  0.39640406E-02
  0.61652125E-01  0.17922713E-01  0.26934704E-02
  0.63080500E-01  0.20790202E-01  0.13626171E-02
  0.64543438E-01  0.23670659E-01 -0.17261505E-04
  0.66034895E-01  0.26558018E-01 -0.14346965E-02
  0.67548522E-01  0.29446490E-01 -0.28781991E-02
  0.69077782E-01  0.32330571E-01 -0.43364493E-02
  0.70616054E-01  0.35205038E-01 -0.57984740E-02
  0.72156731E-01  0.38064947E-01 -0.72538100E-02
  0.73693312E-01  0.40905617E-01 -0.86926447E-02
  0.75219473E-01  0.43722624E-01 -0.10105931E-01
  0.76729131E-01  0.46511779E-01 -0.11485472E-01
  0.78216492E-01  0.49269116E-01 -0.12823979E-01
  0.79676082E-01  0.51990864E-01 -0.14115097E-01
  0.81102772E-01  0.54673435E-01 -0.15353406E-01
  0.82491791E-01  0.57313407E-01 -0.16534390E-01
  0.83838737E-01  0.59907507E-01 -0.17654398E-01
  0.85139584E-01  0.62452613E-01 -0.18710576E-01
  0.86390693E-01  0.64945750E-01 -0.19700797E-01
  0.87588824E-01  0.67384103E-01 -0.20623578E-01
  0.88731156E-01  0.69765036E-01 -0.21478001E-01
  0.89815318E-01  0.72086119E-01 -0.22263627E-01
  0.90839418E-01  0.74345165E-01 -0.22980425E-01
  0.91802081E-01  0.76540263E-01 -0.23628699E-01
  0.92702494E-01  0.78669822E-01 -0.24209033E-01
  0.93540435E-01  0.80732607E-01 -0.24722235E-01
  0.94316312E-01  0.82727774E-01 -0.25169304E-01
  0.95031182E-01  0.84654898E-01 -0.25551395E-01
  0.95686755E-01  0.86513984E-01 -0.25869797E-01
  0.96285383E-01  0.88305477E-01 -0.26125920E-01
  0.96830033E-01  0.90030251E-01 -0.26321282E-01
  0.97324225E-01  0.91689595E-01 -0.26457505E-01
  0.97771968E-01  0.93285177E-01 -0.26536301E-01
  0.98177663E-01  0.94819011E-01 -0.26559474E-01
  0.98545998E-01  0.96293411E-01 -0.26528896E-01
  0.98881829E-01  0.97710942E-01 -0.26446504E-01
  0.99190063E-01  0.99074370E-01 -0.26314269E-01
  0.99475534E-01  0.10038661E+00 -0.26134176E-01
  0.99742886E-01  0.10165069E+00 -0.25908190E-01
  0.99996477E-01  0.10286967E+00 -0.25638220E-01
  0.10024028E+00  0.10404666E+00 -0.25326085E-01
  0.10047783E+00  0.10518471E+00 -0.24973469E-01
  0.10071214E+00  0.10628681E+00 -0.24581892E-01
  0.10094572E+00  0.10735580E+00 -0.24152671E-01
  0.10118051E+00  0.10839436E+00 -0.23686897E-01
  0.10141792E+00  0.10940495E+00 -0.23185421E-01
  0.10165882E+00  0.11038970E+00 -0.22648844E-01
  0.10190359E+00  0.11135038E+00 -0.22077529E-01
  0.10215213E+00  0.11228831E+00 -0.21471617E-01
  0.10240390E+00  0.11320428E+00 -0.20831061E-01
  0.10265795E+00  0.11409847E+00 -0.20155670E-01
  0.10291295E+00  0.11497040E+00 -0.19445163E-01
  0.10316724E+00  0.11581884E+00 -0.18699232E-01
  0.10341883E+00  0.11664180E+00 -0.17917601E-01
  0.10366545E+00  0.11743647E+00 -0.17100100E-01
  0.10390457E+00  0.11819928E+00 -0.16246718E-01
  0.10413342E+00  0.11892591E+00 -0.15357670E-01
  0.10434905E+00  0.11961135E+00 -0.14433434E-01
  0.10454835E+00  0.12025002E+00 -0.13474795E-01
  0.10472810E+00  0.12083589E+00 -0.12482862E-01
  0.10488503E+00  0.12136264E+00 -0.11459085E-01
  0.10501589E+00  0.12182385E+00 -0.10405245E-01
  0.10511750E+00  0.12221314E+00 -0.93234449E-02
  0.10518683E+00  0.12252445E+00 -0.82160825E-02
  0.10522110E+00  0.12275215E+00 -0.70858227E-02
  0.10521780E+00  0.12289129E+00 -0.59355606E-02
  0.10517481E+00  0.12293773E+00 -0.47683847E-02
  0.10509047E+00  0.12288832E+00 -0.35875393E-02
  0.10496358E+00  0.12274101E+00 -0.23963888E-02
  0.10479351E+00  0.12249496E+00 -0.11983838E-02
  0.10458018E+00  0.12215054E+00  0.29708575E-05
  0.39822489E-01 -0.28399249E-01 -0.13617038E-05
  0.40079091E-01 -0.28370216E-01  0.12530372E-02
  0.40355883E-01 -0.28182795E-01  0.24935681E-02
  0.40652893E-01 -0.27837934E-01  0.37071213E-02
  0.40970618E-01 -0.27337035E-01  0.48809345E-02
  0.41310031E-01 -0.26681955E-01  0.60027303E-02
  0.41672569E-01 -0.25874998E-01  0.70608410E-02
  0.42060113E-01 -0.24918921E-01  0.80443188E-02
  0.42474968E-01 -0.23816942E-01  0.89430313E-02
  0.42919809E-01 -0.22572740E-01  0.97477422E-02
  0.43397637E-01 -0.21190464E-01  0.10450178E-01
  0.43911700E-01 -0.19674731E-01  0.11043081E-01
  0.44465412E-01 -0.18030620E-01  0.11520260E-01
  0.45062252E-01 -0.16263660E-01  0.11876618E-01
  0.45705657E-01 -0.14379803E-01  0.12108194E-01
  0.46398905E-01 -0.12385394E-01  0.12212184E-01
  0.47144993E-01 -0.10287129E-01  0.12186966E-01
  0.47946520E-01 -0.80919987E-02  0.12032120E-01
  0.48805571E-01 -0.58072313E-02  0.11748443E-01
  0.49723619E-01 -0.34402277E-02  0.11337955E-01
  0.50701439E-01 -0.99849274E-03  0.10803898E-01
  0.51739039E-01  0.15104338E-02  0.10150716E-01
  0.52835625E-01  0.40790435E-02  0.93840232E-02
  0.53989577E-01  0.66999218E-02  0.85105529E-02
  0.55198464E-01  0.93658031E-02  0.75380799E-02
  0.56459077E-01  0.12069618E-01  0.64753250E-02
  0.57767486E-01  0.14804533E-01  0.53318346E-02
  0.59119116E-01  0.17563977E-01  0.41178411E-02
  0.60508847E-01  0.20341660E-01  0.28441046E-02
  0.61931111E-01  0.23131587E-01  0.15217426E-02
  0.63380007E-01  0.25928055E-01  0.16205126E-03
  0.64849408E-01  0.28725650E-01 -0.12236748E-02
  0.66333071E-01  0.31519234E-01 -0.26243177E-02
  0.67824730E-01  0.34303932E-01 -0.40291020E-02
  0.69318186E-01  0.37075108E-01 -0.54277431E-02
  0.70807377E-01  0.39828348E-01 -0.68105764E-02
  0.72286438E-01  0.42559435E-01 -0.81686628E-02
  0.73749739E-01  0.45264326E-01 -0.94938677E-02
  0.75191917E-01  0.47939137E-01 -0.10778916E-01
  0.76607898E-01  0.50580124E-01 -0.12017418E-01
  0.77992898E-01  0.53183671E-01 -0.13203878E-01
  0.79342438E-01  0.55746288E-01 -0.14333675E-01
  0.80652344E-01  0.58264608E-01 -0.15403030E-01
  0.81918754E-01  0.60735404E-01 -0.16408961E-01
  0.83138130E-01  0.63155601E-01 -0.17349219E-01
  0.84307278E-01  0.65522305E-01 -0.18222227E-01
  0.85423377E-01  0.67832834E-01 -0.19027011E-01
  0.86484008E-01  0.70084755E-01 -0.19763126E-01
  0.87487204E-01  0.72275924E-01 -0.20430589E-01
  0.88431490E-01  0.74404526E-01 -0.21029814E-01
  0.89315930E-01  0.76469110E-01 -0.21561548E-01
  0.90140175E-01  0.78468622E-01 -0.22026814E-01
  0.90904489E-01  0.80402423E-01 -0.22426863E-01
  0.91609780E-01  0.82270298E-01 -0.22763130E-01
  0.92257604E-01  0.84072459E-01 -0.23037193E-01
  0.92850151E-01  0.85809527E-01 -0.23250748E-01
  0.93390213E-01  0.87482502E-01 -0.23405577E-01
  0.93881131E-01  0.89092731E-01 -0.23503536E-01
  0.94326717E-01  0.90641861E-01 -0.23546533E-01
  0.94731167E-01  0.92131786E-01 -0.23536519E-01
  0.95098950E-01  0.93564599E-01 -0.23475478E-01
  0.95434696E-01  0.94942539E-01 -0.23365420E-01
  0.95743078E-01  0.96267946E-01 -0.23208366E-01
  0.96028690E-01  0.97543218E-01 -0.23006343E-01
  0.96295944E-01  0.98770785E-01 -0.22761371E-01
  0.96548971E-01  0.99953075E-01 -0.22475443E-01
  0.96791537E-01  0.10109250E+00 -0.22150511E-01
  0.97026980E-01  0.10219143E+00 -0.21788462E-01
  0.97258166E-01  0.10325219E+00 -0.21391100E-01
  0.97487464E-01  0.10427704E+00 -0.20960118E-01
  0.97716734E-01  0.10526813E+00 -0.20497078E-01
  0.97947338E-01  0.10622749E+00 -0.20003392E-01
  0.98180152E-01  0.10715699E+00 -0.19480311E-01
  0.98415591E-01  0.10805825E+00 -0.18928911E-01
  0.98653646E-01  0.10893261E+00 -0.18350095E-01
  0.98893904E-01  0.10978106E+00 -0.17744606E-01
  0.99135587E-01  0.11060414E+00 -0.17113036E-01
  0.99377576E-01  0.11140185E+00 -0.16455858E-01
  0.99618433E-01  0.11217364E+00 -0.15773457E-01
  0.99856429E-01  0.11291830E+00 -0.15066170E-01
  0.10008956E+00  0.11363391E+00 -0.14334325E-01
  0.10031558E+00  0.11431789E+00 -0.13578289E-01
  0.10053199E+00  0.11496696E+00 -0.12798505E-01
  0.10073613E+00  0.11557718E+00 -0.11995532E-01
  0.10092515E+00  0.11614407E+00 -0.11170076E-01
  0.10109609E+00  0.11666267E+00 -0.10323010E-01
  0.10124590E+00  0.11712770E+00 -0.94553895E-02
  0.10137155E+00  0.11753369E+00 -0.85684565E-02
  0.10147004E+00  0.11787519E+00 -0.76636333E-02
  0.10153850E+00  0.11814692E+00 -0.67425121E-02
  0.10157426E+00  0.11834396E+00 -0.58068373E-02
  0.10157493E+00  0.11846194E+00 -0.48584842E-02
  0.10153845E+00  0.11849719E+00 -0.38994364E-02
  0.10146318E+00  0.11844688E+00 -0.29317634E-02
  0.10134795E+00  0.11830919E+00 -0.19575992E-02
  0.10119211E+00  0.11808332E+00 -0.97912338E-03
  0.10099555E+00  0.11776962E+00  0.14564208E-05
  0.37748278E-01 -0.27462147E-01 -0.96411843E-06
  0.37997780E-01 -0.27444840E-01  0.13028015E-02
  0.38267251E-01 -0.27272710E-01  0.25930807E-02
  0.38556639E-01 -0.26946763E-01  0.38568515E-02
  0.38866350E-01 -0.26468455E-01  0.50814032E-02
  0.39197251E-01 -0.25839677E-01  0.62544693E-02
  0.39550667E-01 -0.25062753E-01  0.73643529E-02
  0.39928371E-01 -0.24140436E-01  0.84000391E-02
  0.40332562E-01 -0.23075911E-01  0.93512982E-02
  0.40765821E-01 -0.21872804E-01  0.10208774E-01
  0.41231063E-01 -0.20535184E-01  0.10964065E-01
  0.41731464E-01 -0.19067568E-01  0.11609787E-01
  0.42270374E-01 -0.17474923E-01  0.12139637E-01
  0.42851219E-01 -0.15762651E-01  0.12548438E-01
  0.43477383E-01 -0.13936578E-01  0.12832179E-01
  0.44152088E-01 -0.12002926E-01  0.12988055E-01
  0.44878270E-01 -0.99682680E-02  0.13014486E-01
  0.45658455E-01 -0.78394855E-02  0.12911136E-01
  0.46494644E-01 -0.56237053E-02  0.12678928E-01
  0.47388207E-01 -0.33282339E-02  0.12320030E-01
  0.48339804E-01 -0.96048472E-03  0.11837849E-01
  0.49349322E-01  0.14720961E-02  0.11236994E-01
  0.50415838E-01  0.39621038E-02  0.10523225E-01
  0.51537611E-01  0.65022442E-02  0.97033920E-02
  0.52712104E-01  0.90853967E-02  0.87853416E-02
  0.53936027E-01  0.11704667E-01  0.77778129E-02
  0.55205405E-01  0.14353429E-01  0.66903116E-02
  0.56515663E-01  0.17025356E-01  0.55329697E-02
  0.57861732E-01  0.19714433E-01  0.43163918E-02
  0.59238151E-01  0.22414968E-01  0.30514932E-02
  0.60639179E-01  0.25121580E-01  0.17493342E-02
  0.62058907E-01  0.27829186E-01  0.42095546E-03
  0.63491351E-01  0.30532975E-01 -0.92278064E-03
  0.64930547E-01  0.33228383E-01 -0.22713378E-02
  0.66370622E-01  0.35911059E-01 -0.36146393E-02
  0.67805857E-01  0.38576835E-01 -0.49431831E-02
  0.69230729E-01  0.41221693E-01 -0.62481382E-02
  0.70639946E-01  0.43841743E-01 -0.75214187E-02
  0.72028462E-01  0.46433200E-01 -0.87557380E-02
  0.73391492E-01  0.48992374E-01 -0.99446414E-02
  0.74724514E-01  0.51515661E-01 -0.11082521E-01
  0.76023275E-01  0.53999554E-01 -0.12164611E-01
  0.77283793E-01  0.56440654E-01 -0.13186971E-01
  0.78502371E-01  0.58835692E-01 -0.14146458E-01
  0.79675607E-01  0.61181564E-01 -0.15040678E-01
  0.80800420E-01  0.63475364E-01 -0.15867945E-01
  0.81874083E-01  0.65714433E-01 -0.16627220E-01
  0.82894260E-01  0.67896394E-01 -0.17318051E-01
  0.83859047E-01  0.70019206E-01 -0.17940512E-01
  0.84767027E-01  0.72081190E-01 -0.18495133E-01
  0.85617305E-01  0.74081070E-01 -0.18982838E-01
  0.86409556E-01  0.76017989E-01 -0.19404881E-01
  0.87144053E-01  0.77891520E-01 -0.19762779E-01
  0.87821686E-01  0.79701657E-01 -0.20058257E-01
  0.88443965E-01  0.81448801E-01 -0.20293192E-01
  0.89013006E-01  0.83133726E-01 -0.20469570E-01
  0.89531491E-01  0.84757535E-01 -0.20589440E-01
  0.90002618E-01  0.86321608E-01 -0.20654890E-01
  0.90430026E-01  0.87827548E-01 -0.20668017E-01
  0.90817704E-01  0.89277119E-01 -0.20630913E-01
  0.91169895E-01  0.90672191E-01 -0.20545660E-01
  0.91490986E-01  0.92014691E-01 -0.20414323E-01
  0.91785399E-01  0.93306562E-01 -0.20238956E-01
  0.92057479E-01  0.94549734E-01 -0.20021603E-01
  0.92311401E-01  0.95746101E-01 -0.19764307E-01
  0.92551078E-01  0.96897519E-01 -0.19469107E-01
  0.92780086E-01  0.98005801E-01 -0.19138046E-01
  0.93001609E-01  0.99072727E-01 -0.18773161E-01
  0.93218397E-01  0.10010005E+00 -0.18376477E-01
  0.93432747E-01  0.10108949E+00 -0.17949994E-01
  0.93646489E-01  0.10204275E+00 -0.17495663E-01
  0.93860995E-01  0.10296151E+00 -0.17015375E-01
  0.94077194E-01  0.10384734E+00 -0.16510928E-01
  0.94295590E-01  0.10470175E+00 -0.15984014E-01
  0.94516290E-01  0.10552606E+00 -0.15436195E-01
  0.94739028E-01  0.10632138E+00 -0.14868894E-01
  0.94963188E-01  0.10708849E+00 -0.14283380E-01
  0.95187832E-01  0.10782779E+00 -0.13680778E-01
  0.95411714E-01  0.10853924E+00 -0.13062069E-01
  0.95633299E-01  0.10922223E+00 -0.12428108E-01
  0.95850783E-01  0.10987560E+00 -0.11779645E-01
  0.96062111E-01  0.11049752E+00 -0.11117350E-01
  0.96264995E-01  0.11108559E+00 -0.10441844E-01
  0.96456944E-01  0.11163677E+00 -0.97537247E-02
  0.96635299E-01  0.11214747E+00 -0.90535963E-02
  0.96797266E-01  0.11261366E+00 -0.83420905E-02
  0.96939975E-01  0.11303094E+00 -0.76198851E-02
  0.97060528E-01  0.11339468E+00 -0.68877161E-02
  0.97156071E-01  0.11370022E+00 -0.61463833E-02
  0.97223857E-01  0.11394299E+00 -0.53967503E-02
  0.97261321E-01  0.11411868E+00 -0.46397403E-02
  0.97266155E-01  0.11422345E+00 -0.38763283E-02
  0.97236373E-01  0.11425405E+00 -0.31075317E-02
  0.97170379E-01  0.11420794E+00 -0.23344009E-02
  0.97067022E-01  0.11408347E+00 -0.15580101E-02
  0.96925641E-01  0.11387993E+00 -0.77944965E-03
  0.96746100E-01  0.11359760E+00  0.18014527E-06
  0.35631861E-01 -0.26730934E-01 -0.53556268E-06
  0.35874610E-01 -0.26724947E-01  0.13522189E-02
  0.36136925E-01 -0.26567866E-01  0.26918899E-02
  0.36418737E-01 -0.26260731E-01  0.40055469E-02
  0.36720416E-01 -0.25805022E-01  0.52805305E-02
  0.37042785E-01 -0.25202643E-01  0.65045820E-02
  0.37387110E-01 -0.24455909E-01  0.76659682E-02
  0.37755097E-01 -0.23567546E-01  0.87535985E-02
  0.38148862E-01 -0.22540691E-01  0.97571340E-02
  0.38570899E-01 -0.21378895E-01  0.10667089E-01
  0.39024022E-01 -0.20086133E-01  0.11474920E-01
  0.39511300E-01 -0.18666806E-01  0.12173111E-01
  0.40035965E-01 -0.17125748E-01  0.12755243E-01
  0.40601317E-01 -0.15468220E-01  0.13216053E-01
  0.41210606E-01 -0.13699896E-01  0.13551490E-01
  0.41866913E-01 -0.11826845E-01  0.13758752E-01
  0.42573030E-01 -0.98554933E-02  0.13836313E-01
  0.43331333E-01 -0.77925800E-02  0.13783938E-01
  0.44143676E-01 -0.56451004E-02  0.13602686E-01
  0.45011288E-01 -0.34202383E-02  0.13294893E-01
  0.45934697E-01 -0.11252929E-02  0.12864138E-01
  0.46913671E-01  0.12323991E-02  0.12315201E-01
  0.47947193E-01  0.36455422E-02  0.11653993E-01
  0.49033452E-01  0.61069568E-02  0.10887470E-01
  0.50169875E-01  0.86096483E-02  0.10023539E-01
  0.51353170E-01  0.11146865E-01  0.90709364E-02
  0.52579399E-01  0.13712145E-01  0.80391006E-02
  0.53844066E-01  0.16299346E-01  0.69380337E-02
  0.55142215E-01  0.18902666E-01  0.57781531E-02
  0.56468535E-01  0.21516645E-01  0.45701412E-02
  0.57817467E-01  0.24136150E-01  0.33247949E-02
  0.59183307E-01  0.26756358E-01  0.20528780E-02
  0.60560293E-01  0.29372723E-01  0.76498176E-03
  0.61942691E-01  0.31980935E-01 -0.52860541E-03
  0.63324863E-01  0.34576886E-01 -0.18180153E-02
  0.64701316E-01  0.37156628E-01 -0.30939030E-02
  0.66066748E-01  0.39716333E-01 -0.43475347E-02
  0.67416071E-01  0.42252272E-01 -0.55708591E-02
  0.68744431E-01  0.44760787E-01 -0.67565637E-02
  0.70047222E-01  0.47238282E-01 -0.78981142E-02
  0.71320092E-01  0.49681227E-01 -0.89897807E-02
  0.72558950E-01  0.52086164E-01 -0.10026648E-01
  0.73759979E-01  0.54449738E-01 -0.11004617E-01
  0.74919644E-01  0.56768720E-01 -0.11920387E-01
  0.76034718E-01  0.59040056E-01 -0.12771436E-01
  0.77102306E-01  0.61260908E-01 -0.13555980E-01
  0.78119871E-01  0.63428707E-01 -0.14272937E-01
  0.79085280E-01  0.65541195E-01 -0.14921867E-01
  0.79996836E-01  0.67596471E-01 -0.15502914E-01
  0.80853320E-01  0.69593029E-01 -0.16016742E-01
  0.81654030E-01  0.71529778E-01 -0.16464460E-01
  0.82398807E-01  0.73406059E-01 -0.16847551E-01
  0.83088060E-01  0.75221637E-01 -0.17167793E-01
  0.83722777E-01  0.76976690E-01 -0.17427194E-01
  0.84304514E-01  0.78671769E-01 -0.17627915E-01
  0.84835381E-01  0.80307761E-01 -0.17772213E-01
  0.85318002E-01  0.81885829E-01 -0.17862389E-01
  0.85755457E-01  0.83407349E-01 -0.17900742E-01
  0.86151221E-01  0.84873850E-01 -0.17889545E-01
  0.86509077E-01  0.86286951E-01 -0.17831021E-01
  0.86833031E-01  0.87648300E-01 -0.17727337E-01
  0.87127211E-01  0.88959534E-01 -0.17580614E-01
  0.87395774E-01  0.90222237E-01 -0.17392930E-01
  0.87642813E-01  0.91437929E-01 -0.17166345E-01
  0.87872266E-01  0.92608049E-01 -0.16902916E-01
  0.88087840E-01  0.93733971E-01 -0.16604720E-01
  0.88292948E-01  0.94817012E-01 -0.16273866E-01
  0.88490655E-01  0.95858460E-01 -0.15912511E-01
  0.88683642E-01  0.96859597E-01 -0.15522855E-01
  0.88874183E-01  0.97821718E-01 -0.15107141E-01
  0.89064134E-01  0.98746144E-01 -0.14667638E-01
  0.89254931E-01  0.99634225E-01 -0.14206618E-01
  0.89447602E-01  0.10048733E+00 -0.13726326E-01
  0.89642776E-01  0.10130679E+00 -0.13228952E-01
  0.89840701E-01  0.10209390E+00 -0.12716590E-01
  0.90041264E-01  0.10284980E+00 -0.12191213E-01
  0.90244005E-01  0.10357544E+00 -0.11654640E-01
  0.90448138E-01  0.10427147E+00 -0.11108517E-01
  0.90652563E-01  0.10493821E+00 -0.10554304E-01
  0.90855884E-01  0.10557549E+00 -0.99932667E-02
  0.91056425E-01  0.10618267E+00 -0.94264828E-02
  0.91252249E-01  0.10675855E+00 -0.88548531E-02
  0.91441179E-01  0.10730137E+00 -0.82791188E-02
  0.91620829E-01  0.10780880E+00 -0.76998830E-02
  0.91788639E-01  0.10827800E+00 -0.71176353E-02
  0.91941916E-01  0.10870568E+00 -0.65327754E-02
  0.92077884E-01  0.10908819E+00 -0.59456354E-02
  0.92193744E-01  0.10942163E+00 -0.53564991E-02
  0.92286734E-01  0.10970203E+00 -0.47656167E-02
  0.92354199E-01  0.10992543E+00 -0.41732157E-02
  0.92393663E-01  0.11008811E+00 -0.35795083E-02
  0.92402893E-01  0.11018669E+00 -0.29846955E-02
  0.92379970E-01  0.11021830E+00 -0.23889689E-02
  0.92323350E-01  0.11018070E+00 -0.17925122E-02
  0.92231913E-01  0.11007242E+00 -0.11955020E-02
  0.92105010E-01  0.10989280E+00 -0.59810961E-03
  0.91942492E-01  0.10964209E+00 -0.50317439E-06
  0.33466455E-01 -0.26218312E-01 -0.93888895E-07
  0.33703080E-01 -0.26223283E-01  0.14016654E-02
  0.33958695E-01 -0.26081088E-01  0.27907006E-02
  0.34233260E-01 -0.25792769E-01  0.41541640E-02
  0.34527169E-01 -0.25359794E-01  0.54794422E-02
  0.34841249E-01 -0.24784045E-01  0.67542815E-02
  0.35176760E-01 -0.24067799E-01  0.79669133E-02
  0.35535372E-01 -0.23213725E-01  0.91061746E-02
  0.35919146E-01 -0.22224884E-01  0.10161625E-01
  0.36330490E-01 -0.21104733E-01  0.11123657E-01
  0.36772104E-01 -0.19857125E-01  0.11983600E-01
  0.37246913E-01 -0.18486327E-01  0.12733816E-01
  0.37757979E-01 -0.16997015E-01  0.13367780E-01
  0.38308410E-01 -0.15394278E-01  0.13880160E-01
  0.38901246E-01 -0.13683608E-01  0.14266870E-01
  0.39539351E-01 -0.11870889E-01  0.14525120E-01
  0.40225295E-01 -0.99623583E-02  0.14653441E-01
  0.40961241E-01 -0.79645749E-02  0.14651698E-01
  0.41748848E-01 -0.58843618E-02  0.14521080E-01
  0.42589174E-01 -0.37287443E-02  0.14264076E-01
  0.43482609E-01 -0.15048774E-02  0.13884430E-01
  0.44428825E-01  0.78003165E-03  0.13387071E-01
  0.45426751E-01  0.31188039E-02  0.12778036E-01
  0.46474570E-01  0.55043670E-02  0.12064372E-01
  0.47569749E-01  0.79298279E-02  0.11254019E-01
  0.48709078E-01  0.10388537E-01  0.10355694E-01
  0.49888741E-01  0.12874138E-01  0.93787538E-02
  0.51104394E-01  0.15380608E-01  0.83330590E-02
  0.52351258E-01  0.17902273E-01  0.72288369E-02
  0.53624211E-01  0.20433816E-01  0.60765405E-02
  0.54917888E-01  0.22970266E-01  0.48867135E-02
  0.56226772E-01  0.25506974E-01  0.36698601E-02
  0.57545277E-01  0.28039578E-01  0.24363219E-02
  0.58867829E-01  0.30563961E-01  0.11961640E-02
  0.60188925E-01  0.33076210E-01 -0.40928805E-04
  0.61503188E-01  0.35572565E-01 -0.12657457E-02
  0.62805412E-01  0.38049385E-01 -0.24696318E-02
  0.64090592E-01  0.40503112E-01 -0.36445599E-02
  0.65353951E-01  0.42930249E-01 -0.47831895E-02
  0.66590959E-01  0.45327351E-01 -0.58789154E-02
  0.67797354E-01  0.47691023E-01 -0.69259052E-02
  0.68969157E-01  0.50017939E-01 -0.79191239E-02
  0.70102688E-01  0.52304868E-01 -0.88543480E-02
  0.71194590E-01  0.54548711E-01 -0.97281665E-02
  0.72241845E-01  0.56746545E-01 -0.10537970E-01
  0.73241808E-01  0.58895677E-01 -0.11281929E-01
  0.74192227E-01  0.60993689E-01 -0.11958954E-01
  0.75091277E-01  0.63038490E-01 -0.12568650E-01
  0.75937585E-01  0.65028357E-01 -0.13111258E-01
  0.76730259E-01  0.66961967E-01 -0.13587583E-01
  0.77468907E-01  0.68838415E-01 -0.13998918E-01
  0.78153658E-01  0.70657216E-01 -0.14346963E-01
  0.78785162E-01  0.72418301E-01 -0.14633736E-01
  0.79364591E-01  0.74121980E-01 -0.14861491E-01
  0.79893626E-01  0.75768911E-01 -0.15032637E-01
  0.80374427E-01  0.77360038E-01 -0.15149667E-01
  0.80809593E-01  0.78896532E-01 -0.15215094E-01
  0.81202116E-01  0.80379726E-01 -0.15231404E-01
  0.81555318E-01  0.81811046E-01 -0.15201017E-01
  0.81872778E-01  0.83191948E-01 -0.15126275E-01
  0.82158260E-01  0.84523865E-01 -0.15009432E-01
  0.82415632E-01  0.85808168E-01 -0.14852665E-01
  0.82648787E-01  0.87046132E-01 -0.14658094E-01
  0.82861564E-01  0.88238929E-01 -0.14427806E-01
  0.83057673E-01  0.89387630E-01 -0.14163891E-01
  0.83240638E-01  0.90493223E-01 -0.13868469E-01
  0.83413730E-01  0.91556638E-01 -0.13543720E-01
  0.83579930E-01  0.92578778E-01 -0.13191901E-01
  0.83741884E-01  0.93560562E-01 -0.12815361E-01
  0.83901887E-01  0.94502946E-01 -0.12416534E-01
  0.84061858E-01  0.95406951E-01 -0.11997931E-01
  0.84223336E-01  0.96273669E-01 -0.11562116E-01
  0.84387476E-01  0.97104257E-01 -0.11111669E-01
  0.84555054E-01  0.97899912E-01 -0.10649146E-01
  0.84726468E-01  0.98661828E-01 -0.10177038E-01
  0.84901755E-01  0.99391137E-01 -0.96977213E-02
  0.85080594E-01  0.10008884E+00 -0.92134152E-02
  0.85262320E-01  0.10075573E+00 -0.87261459E-02
  0.85445936E-01  0.10139230E+00 -0.82377160E-02
  0.85630130E-01  0.10199868E+00 -0.77496846E-02
  0.85813290E-01  0.10257457E+00 -0.72633572E-02
  0.85993530E-01  0.10311920E+00 -0.67797861E-02
  0.86168712E-01  0.10363127E+00 -0.62997787E-02
  0.86336485E-01  0.10410901E+00 -0.58239142E-02
  0.86494319E-01  0.10455013E+00 -0.53525644E-02
  0.86639557E-01  0.10495195E+00 -0.48859183E-02
  0.86769465E-01  0.10531143E+00 -0.44240069E-02
  0.86881292E-01  0.10562531E+00 -0.39667277E-02
  0.86972335E-01  0.10589020E+00 -0.35138669E-02
  0.87040005E-01  0.10610272E+00 -0.30651187E-02
  0.87081892E-01  0.10625965E+00 -0.26201011E-02
  0.87095834E-01  0.10635808E+00 -0.21783704E-02
  0.87079976E-01  0.10639550E+00 -0.17394313E-02
  0.87032829E-01  0.10636997E+00 -0.13027480E-02
  0.86953315E-01  0.10628018E+00 -0.86775225E-03
  0.86840807E-01  0.10612557E+00 -0.43385346E-03
  0.86695157E-01  0.10590635E+00 -0.44741676E-06
  0.31241755E-01 -0.25936704E-01  0.33975002E-06
  0.31473126E-01 -0.25952230E-01  0.14515442E-02
  0.31722756E-01 -0.25824692E-01  0.28902875E-02
  0.31990672E-01 -0.25555102E-01  0.43037852E-02
  0.32277330E-01 -0.25144884E-01  0.56794574E-02
  0.32583606E-01 -0.24595861E-01  0.70050526E-02
  0.32910784E-01 -0.23910239E-01  0.82687730E-02
  0.33260534E-01 -0.23090603E-01  0.94593977E-02
  0.33634874E-01 -0.22139912E-01  0.10566406E-01
  0.34036129E-01 -0.21061502E-01  0.11580097E-01
  0.34466874E-01 -0.19859087E-01  0.12491700E-01
  0.34929860E-01 -0.18536772E-01  0.13293485E-01
  0.35427941E-01 -0.17099052E-01  0.13978850E-01
  0.35963979E-01 -0.15550817E-01  0.14542412E-01
  0.36540747E-01 -0.13897347E-01  0.14980066E-01
  0.37160832E-01 -0.12144299E-01  0.15289037E-01
  0.37826526E-01 -0.10297688E-01  0.15467907E-01
  0.38539738E-01 -0.83638476E-02  0.15516622E-01
  0.39301896E-01 -0.63493892E-02  0.15436481E-01
  0.40113874E-01 -0.42611419E-02  0.15230091E-01
  0.40975931E-01 -0.21060862E-02  0.14901320E-01
  0.41887666E-01  0.10872055E-03  0.14455209E-01
  0.42847999E-01  0.23762232E-02  0.13897885E-01
  0.43855164E-01  0.46894480E-02  0.13236447E-01
  0.44906734E-01  0.70415787E-02  0.12478850E-01
  0.45999654E-01  0.94260248E-02  0.11633772E-01
  0.47130297E-01  0.11836479E-01  0.10710486E-01
  0.48294531E-01  0.14266961E-01  0.97187260E-02
  0.49487796E-01  0.16711844E-01  0.86685521E-02
  0.50705182E-01  0.19165867E-01  0.75702247E-02
  0.51941518E-01  0.21624129E-01  0.64340805E-02
  0.53191452E-01  0.24082068E-01  0.52704158E-02
  0.54449525E-01  0.26535432E-01  0.40893767E-02
  0.55710253E-01  0.28980233E-01  0.29008571E-02
  0.56968184E-01  0.31412704E-01  0.17144034E-02
  0.58217960E-01  0.33829255E-01  0.53912707E-03
  0.59454372E-01  0.36226422E-01 -0.61637596E-03
  0.60672396E-01  0.38600838E-01 -0.17440979E-02
  0.61867242E-01  0.40949206E-01 -0.28366842E-02
  0.63034384E-01  0.43268281E-01 -0.38874900E-02
  0.64169592E-01  0.45554876E-01 -0.48906269E-02
  0.65268964E-01  0.47805872E-01 -0.58409994E-02
  0.66328949E-01  0.50018243E-01 -0.67343299E-02
  0.67346377E-01  0.52189099E-01 -0.75671694E-02
  0.68318481E-01  0.54315725E-01 -0.83368956E-02
  0.69242917E-01  0.56395634E-01 -0.90416953E-02
  0.70117791E-01  0.58426615E-01 -0.96805316E-02
  0.70941667E-01  0.60406779E-01 -0.10253097E-01
  0.71713587E-01  0.62334599E-01 -0.10759752E-01
  0.72433075E-01  0.64208935E-01 -0.11201450E-01
  0.73100142E-01  0.66029050E-01 -0.11579658E-01
  0.73715285E-01  0.67794610E-01 -0.11896263E-01
  0.74279472E-01  0.69505662E-01 -0.12153482E-01
  0.74794128E-01  0.71162604E-01 -0.12353767E-01
  0.75261109E-01  0.72766139E-01 -0.12499721E-01
  0.75682672E-01  0.74317219E-01 -0.12594016E-01
  0.76061430E-01  0.75816973E-01 -0.12639330E-01
  0.76400310E-01  0.77266651E-01 -0.12638293E-01
  0.76702503E-01  0.78667547E-01 -0.12593453E-01
  0.76971400E-01  0.80020949E-01 -0.12507255E-01
  0.77210538E-01  0.81328082E-01 -0.12382039E-01
  0.77423539E-01  0.82590078E-01 -0.12220057E-01
  0.77614042E-01  0.83807952E-01 -0.12023489E-01
  0.77785649E-01  0.84982597E-01 -0.11794486E-01
  0.77941865E-01  0.86114795E-01 -0.11535197E-01
  0.78086045E-01  0.87205241E-01 -0.11247813E-01
  0.78221345E-01  0.88254575E-01 -0.10934598E-01
  0.78350681E-01  0.89263421E-01 -0.10597910E-01
  0.78476694E-01  0.90232428E-01 -0.10240224E-01
  0.78601714E-01  0.91162298E-01 -0.98641227E-02
  0.78727745E-01  0.92053821E-01 -0.94722933E-02
  0.78856440E-01  0.92907880E-01 -0.90674973E-02
  0.78989088E-01  0.93725447E-01 -0.86525359E-02
  0.79126610E-01  0.94507568E-01 -0.82302043E-02
  0.79269548E-01  0.95255316E-01 -0.78032404E-02
  0.79418069E-01  0.95969747E-01 -0.73742716E-02
  0.79571964E-01  0.96651823E-01 -0.69457626E-02
  0.79730655E-01  0.97302348E-01 -0.65199690E-02
  0.79893209E-01  0.97921890E-01 -0.60988974E-02
  0.80058349E-01  0.98510705E-01 -0.56842760E-02
  0.80224480E-01  0.99068682E-01 -0.52775353E-02
  0.80389712E-01  0.99595296E-01 -0.48798006E-02
  0.80551892E-01  0.10008957E+00 -0.44918940E-02
  0.80708650E-01  0.10055011E+00 -0.41143457E-02
  0.80857439E-01  0.10097505E+00 -0.37474123E-02
  0.80995590E-01  0.10136218E+00 -0.33911002E-02
  0.81120372E-01  0.10170898E+00 -0.30451914E-02
  0.81229048E-01  0.10201270E+00 -0.27092706E-02
  0.81318945E-01  0.10227047E+00 -0.23827512E-02
  0.81387514E-01  0.10247944E+00 -0.20649002E-02
  0.81432401E-01  0.10263685E+00 -0.17548606E-02
  0.81451502E-01  0.10274023E+00 -0.14516714E-02
  0.81443022E-01  0.10278744E+00 -0.11542855E-02
  0.81405527E-01  0.10277681E+00 -0.86158656E-03
  0.81337983E-01  0.10270725E+00 -0.57240480E-03
  0.81239794E-01  0.10257827E+00 -0.28553196E-03
  0.81110818E-01  0.10239008E+00  0.26312886E-06
  0.28943579E-01 -0.25898187E-01  0.74036033E-06
  0.29170701E-01 -0.25923747E-01  0.15022425E-02
  0.29415235E-01 -0.25810444E-01  0.29914176E-02
  0.29677292E-01 -0.25559228E-01  0.44555135E-02
  0.29957411E-01 -0.25171449E-01  0.58819661E-02
  0.30256541E-01 -0.24648844E-01  0.72585213E-02
  0.30576013E-01 -0.23993524E-01  0.85733601E-02
  0.30917511E-01 -0.23207966E-01  0.98152249E-02
  0.31283022E-01 -0.22295006E-01  0.10973546E-01
  0.31674790E-01 -0.21257842E-01  0.12038565E-01
  0.32095256E-01 -0.20100034E-01  0.13001454E-01
  0.32546986E-01 -0.18825508E-01  0.13854430E-01
  0.33032598E-01 -0.17438560E-01  0.14590851E-01
  0.33554680E-01 -0.15943859E-01  0.15205308E-01
  0.34115707E-01 -0.14346447E-01  0.15693689E-01
  0.34717954E-01 -0.12651731E-01  0.16053238E-01
  0.35363412E-01 -0.10865467E-01  0.16282571E-01
  0.36053707E-01 -0.89937325E-02  0.16381691E-01
  0.36790030E-01 -0.70428937E-02  0.16351961E-01
  0.37573068E-01 -0.50195528E-02  0.16196063E-01
  0.38402962E-01 -0.29304909E-02  0.15917932E-01
  0.39279260E-01 -0.78259900E-03  0.15522671E-01
  0.40200904E-01  0.14171971E-02  0.15016446E-01
  0.41166221E-01  0.36620148E-02  0.14406374E-01
  0.42172932E-01  0.59450927E-02  0.13700398E-01
  0.43218179E-01  0.82598631E-02  0.12907155E-01
  0.44298563E-01  0.10600017E-01  0.12035848E-01
  0.45410191E-01  0.12959556E-01  0.11096112E-01
  0.46548736E-01  0.15332830E-01  0.10097891E-01
  0.47709504E-01  0.17714559E-01  0.90513179E-02
  0.48887501E-01  0.20099836E-01  0.79665945E-02
  0.50077508E-01  0.22484116E-01  0.68538876E-02
  0.51274152E-01  0.24863192E-01  0.57232246E-02
  0.52471979E-01  0.27233155E-01  0.45843972E-02
  0.53665527E-01  0.29590352E-01  0.34468697E-02
  0.54849390E-01  0.31931339E-01  0.23196926E-02
  0.56018287E-01  0.34252836E-01  0.12114205E-02
  0.57167120E-01  0.36551683E-01  0.13003574E-03
  0.58291032E-01  0.38824816E-01 -0.91712192E-03
  0.59385461E-01  0.41069242E-01 -0.19234183E-02
  0.60446184E-01  0.43282038E-01 -0.28829785E-02
  0.61469365E-01  0.45460357E-01 -0.37907295E-02
  0.62451588E-01  0.47601447E-01 -0.46424307E-02
  0.63389887E-01  0.49702689E-01 -0.54346884E-02
  0.64281773E-01  0.51761634E-01 -0.61649562E-02
  0.65125248E-01  0.53776050E-01 -0.68315171E-02
  0.65918814E-01  0.55743966E-01 -0.74334497E-02
  0.66661479E-01  0.57663715E-01 -0.79705776E-02
  0.67352749E-01  0.59533971E-01 -0.84434039E-02
  0.67992616E-01  0.61353769E-01 -0.88530336E-02
  0.68581544E-01  0.63122516E-01 -0.92010852E-02
  0.69120444E-01  0.64839990E-01 -0.94895968E-02
  0.69610646E-01  0.66506313E-01 -0.97209299E-02
  0.70053869E-01  0.68121921E-01 -0.98976746E-02
  0.70452185E-01  0.69687512E-01 -0.10022561E-01
  0.70807981E-01  0.71203994E-01 -0.10098382E-01
  0.71123920E-01  0.72672418E-01 -0.10127923E-01
  0.71402902E-01  0.74093912E-01 -0.10113917E-01
  0.71648016E-01  0.75469626E-01 -0.10059008E-01
  0.71862503E-01  0.76800670E-01 -0.99657338E-02
  0.72049705E-01  0.78088077E-01 -0.98365271E-02
  0.72213028E-01  0.79332768E-01 -0.96737295E-02
  0.72355893E-01  0.80535542E-01 -0.94796171E-02
  0.72481694E-01  0.81697072E-01 -0.92564342E-02
  0.72593754E-01  0.82817923E-01 -0.90064309E-02
  0.72695284E-01  0.83898575E-01 -0.87319001E-02
  0.72789340E-01  0.84939463E-01 -0.84352100E-02
  0.72878787E-01  0.85941013E-01 -0.81188292E-02
  0.72966259E-01  0.86903681E-01 -0.77853396E-02
  0.73054130E-01  0.87827986E-01 -0.74374375E-02
  0.73144474E-01  0.88714537E-01 -0.70779211E-02
  0.73239045E-01  0.89564044E-01 -0.67096644E-02
  0.73339250E-01  0.90377313E-01 -0.63355800E-02
  0.73446128E-01  0.91155228E-01 -0.59585724E-02
  0.73560335E-01  0.91898717E-01 -0.55814859E-02
  0.73682137E-01  0.92608698E-01 -0.52070485E-02
  0.73811403E-01  0.93286026E-01 -0.48378182E-02
  0.73947607E-01  0.93931425E-01 -0.44761327E-02
  0.74089842E-01  0.94545418E-01 -0.41240662E-02
  0.74236832E-01  0.95128268E-01 -0.37833959E-02
  0.74386961E-01  0.95679921E-01 -0.34555782E-02
  0.74538300E-01  0.96199969E-01 -0.31417365E-02
  0.74688653E-01  0.96687624E-01 -0.28426585E-02
  0.74835596E-01  0.97141715E-01 -0.25588041E-02
  0.74976539E-01  0.97560709E-01 -0.22903199E-02
  0.75108776E-01  0.97942749E-01 -0.20370602E-02
  0.75229552E-01  0.98285717E-01 -0.17986113E-02
  0.75336126E-01  0.98587305E-01 -0.15743185E-02
  0.75425833E-01  0.98845108E-01 -0.13633132E-02
  0.75496153E-01  0.99056726E-01 -0.11645394E-02
  0.75544770E-01  0.99219864E-01 -0.97677931E-03
  0.75569628E-01  0.99332437E-01 -0.79867678E-03
  0.75568984E-01  0.99392668E-01 -0.62876017E-03
  0.75541454E-01  0.99399181E-01 -0.46546341E-03
  0.75486046E-01  0.99351074E-01 -0.30714672E-03
  0.75402190E-01  0.99247982E-01 -0.15211707E-03
  0.75289757E-01  0.99090122E-01  0.13513473E-05
  0.26553720E-01 -0.26114959E-01  0.10798392E-05
  0.26777593E-01 -0.26149874E-01  0.15540933E-02
  0.27017964E-01 -0.26050089E-01  0.30947738E-02
  0.27275031E-01 -0.25816476E-01  0.46103646E-02
  0.27549418E-01 -0.25450296E-01  0.60882936E-02
  0.27842150E-01 -0.24953182E-01  0.75162963E-02
  0.28154611E-01 -0.24327135E-01  0.88825401E-02
  0.28488502E-01 -0.23574511E-01  0.10175752E-01
  0.28845784E-01 -0.22698019E-01  0.11385346E-01
  0.29228624E-01 -0.21700710E-01  0.12501548E-01
  0.29639327E-01 -0.20585984E-01  0.13515517E-01
  0.30080271E-01 -0.19357584E-01  0.14419459E-01
  0.30553838E-01 -0.18019601E-01  0.15206729E-01
  0.31062340E-01 -0.16576477E-01  0.15871916E-01
  0.31607950E-01 -0.15033007E-01  0.16410918E-01
  0.32192631E-01 -0.13394332E-01  0.16820989E-01
  0.32818070E-01 -0.11665938E-01  0.17100764E-01
  0.33485619E-01 -0.98536283E-02  0.17250264E-01
  0.34196233E-01 -0.79635062E-02  0.17270871E-01
  0.34950426E-01 -0.60019309E-02  0.17165284E-01
  0.35748228E-01 -0.39754702E-02  0.16937451E-01
  0.36589153E-01 -0.18908395E-02  0.16592478E-01
  0.37472179E-01  0.24516737E-03  0.16136525E-01
  0.38395736E-01  0.24257539E-02  0.15576694E-01
  0.39357702E-01  0.46441994E-02  0.14920900E-01
  0.40355419E-01  0.68939363E-02  0.14177745E-01
  0.41385713E-01  0.91686217E-02  0.13356388E-01
  0.42444918E-01  0.11462201E-01  0.12466417E-01
  0.43528927E-01  0.13768955E-01  0.11517726E-01
  0.44633233E-01  0.16083537E-01  0.10520399E-01
  0.45752990E-01  0.18400986E-01  0.94845946E-02
  0.46883079E-01  0.20716732E-01  0.84204403E-02
  0.48018172E-01  0.23026572E-01  0.73379307E-02
  0.49152815E-01  0.25326646E-01  0.62468297E-02
  0.50281498E-01  0.27613394E-01  0.51565760E-02
  0.51398739E-01  0.29883514E-01  0.40761934E-02
  0.52499165E-01  0.32133908E-01  0.30142046E-02
  0.53577586E-01  0.34361643E-01  0.19785496E-02
  0.54629075E-01  0.36563915E-01  0.97651119E-03
  0.55649034E-01  0.38738017E-01  0.14648085E-04
  0.56633258E-01  0.40881332E-01 -0.90126108E-03
  0.57577991E-01  0.42991326E-01 -0.17662614E-02
  0.58479969E-01  0.45065568E-01 -0.25762505E-02
  0.59336451E-01  0.47101749E-01 -0.33279913E-02
  0.60145247E-01  0.49097722E-01 -0.40191064E-02
  0.60904720E-01  0.51051533E-01 -0.46480558E-02
  0.61613789E-01  0.52961468E-01 -0.52140960E-02
  0.62271918E-01  0.54826088E-01 -0.57172233E-02
  0.62879086E-01  0.56644259E-01 -0.61581026E-02
  0.63435765E-01  0.58415172E-01 -0.65379848E-02
  0.63942880E-01  0.60138355E-01 -0.68586161E-02
  0.64401765E-01  0.61813660E-01 -0.71221428E-02
  0.64814127E-01  0.63441245E-01 -0.73310162E-02
  0.65181995E-01  0.65021541E-01 -0.74879003E-02
  0.65507679E-01  0.66555202E-01 -0.75955877E-02
  0.65793728E-01  0.68043055E-01 -0.76569264E-02
  0.66042892E-01  0.69486038E-01 -0.76747588E-02
  0.66258081E-01  0.70885142E-01 -0.76518773E-02
  0.66442337E-01  0.72241357E-01 -0.75909944E-02
  0.66598796E-01  0.73555619E-01 -0.74947302E-02
  0.66730662E-01  0.74828780E-01 -0.73656132E-02
  0.66841175E-01  0.76061579E-01 -0.72060945E-02
  0.66933584E-01  0.77254635E-01 -0.70185719E-02
  0.67011116E-01  0.78408448E-01 -0.68054195E-02
  0.67076944E-01  0.79523419E-01 -0.65690211E-02
  0.67134155E-01  0.80599876E-01 -0.63118017E-02
  0.67185717E-01  0.81638108E-01 -0.60362547E-02
  0.67234442E-01  0.82638400E-01 -0.57449609E-02
  0.67282948E-01  0.83601071E-01 -0.54405983E-02
  0.67333621E-01  0.84526502E-01 -0.51259391E-02
  0.67388580E-01  0.85415159E-01 -0.48038355E-02
  0.67449641E-01  0.86267601E-01 -0.44771938E-02
  0.67518281E-01  0.87084473E-01 -0.41489377E-02
  0.67595615E-01  0.87866493E-01 -0.38219644E-02
  0.67682367E-01  0.88614414E-01 -0.34990943E-02
  0.67778858E-01  0.89328982E-01 -0.31830199E-02
  0.67884993E-01  0.90010886E-01 -0.28762538E-02
  0.68000266E-01  0.90660701E-01 -0.25810821E-02
  0.68123763E-01  0.91278828E-01 -0.22995226E-02
  0.68254186E-01  0.91865443E-01 -0.20332924E-02
  0.68389876E-01  0.92420457E-01 -0.17837834E-02
  0.68528855E-01  0.92943478E-01 -0.15520491E-02
  0.68668866E-01  0.93433798E-01 -0.13387988E-02
  0.68807429E-01  0.93890393E-01 -0.11444027E-02
  0.68941901E-01  0.94311942E-01 -0.96890241E-03
  0.69069532E-01  0.94696863E-01 -0.81202810E-03
  0.69187539E-01  0.95043363E-01 -0.67321986E-03
  0.69293166E-01  0.95349506E-01 -0.55165136E-03
  0.69383752E-01  0.95613287E-01 -0.44625506E-03
  0.69456794E-01  0.95832718E-01 -0.35574783E-03
  0.69510003E-01  0.96005907E-01 -0.27865629E-03
  0.69541361E-01  0.96131153E-01 -0.21334178E-03
  0.69549165E-01  0.96207018E-01 -0.15802477E-03
  0.69532070E-01  0.96232404E-01 -0.11080908E-03
  0.69489115E-01  0.96206615E-01 -0.69706078E-04
  0.69419751E-01  0.96129406E-01 -0.32659169E-04
  0.69323854E-01  0.96001019E-01  0.24312252E-05
  0.24049967E-01 -0.26600343E-01  0.13291399E-05
  0.24271441E-01 -0.26643754E-01  0.16073471E-02
  0.24508500E-01 -0.26556425E-01  0.32008970E-02
  0.24761410E-01 -0.26339149E-01  0.47691769E-02
  0.25030867E-01 -0.25993091E-01  0.62995804E-02
  0.25317959E-01 -0.25519781E-01  0.77798202E-02
  0.25624112E-01 -0.24921110E-01  0.91980536E-02
  0.25951037E-01 -0.24199319E-01  0.10543009E-01
  0.26300668E-01 -0.23356989E-01  0.11804112E-01
  0.26675096E-01 -0.22397037E-01  0.12971609E-01
  0.27076501E-01 -0.21322708E-01  0.14036684E-01
  0.27507089E-01 -0.20137573E-01  0.14991569E-01
  0.27969021E-01 -0.18845532E-01  0.15829646E-01
  0.28464358E-01 -0.17450810E-01  0.16545525E-01
  0.28994996E-01 -0.15957964E-01  0.17135120E-01
  0.29562614E-01 -0.14371883E-01  0.17595688E-01
  0.30168625E-01 -0.12697786E-01  0.17925860E-01
  0.30814127E-01 -0.10941213E-01  0.18125640E-01
  0.31499864E-01 -0.91080059E-02  0.18196385E-01
  0.32226190E-01 -0.72042849E-02  0.18140760E-01
  0.32993033E-01 -0.52364056E-02  0.17962671E-01
  0.33799871E-01 -0.32109086E-02  0.17667181E-01
  0.34645704E-01 -0.11344563E-02  0.17260410E-01
  0.35529043E-01  0.98623951E-03  0.16749421E-01
  0.36447896E-01  0.31444961E-02  0.16142101E-01
  0.37399765E-01  0.53337414E-02  0.15447035E-01
  0.38381651E-01  0.75475928E-02  0.14673379E-01
  0.39390072E-01  0.97799296E-02  0.13830732E-01
  0.40421086E-01  0.12024955E-01  0.12929015E-01
  0.41470325E-01  0.14277244E-01  0.11978350E-01
  0.42533051E-01  0.16531772E-01  0.10988942E-01
  0.43604206E-01  0.18783928E-01  0.99709703E-02
  0.44678487E-01  0.21029509E-01  0.89344772E-02
  0.45750420E-01  0.23264695E-01  0.78892647E-02
  0.46814453E-01  0.25486020E-01  0.68447927E-02
  0.47865038E-01  0.27690320E-01  0.58100813E-02
  0.48896734E-01  0.29874690E-01  0.47936187E-02
  0.49904293E-01  0.32036432E-01  0.38032748E-02
  0.50882755E-01  0.34173013E-01  0.28462241E-02
  0.51827529E-01  0.36282031E-01  0.19288787E-02
  0.52734469E-01  0.38361190E-01  0.10568344E-02
  0.53599936E-01  0.40408290E-01  0.23483248E-03
  0.54420848E-01  0.42421233E-01 -0.53326205E-03
  0.55194711E-01  0.44398036E-01 -0.12444635E-02
  0.55919640E-01  0.46336858E-01 -0.18966502E-02
  0.56594362E-01  0.48236030E-01 -0.24885310E-02
  0.57218200E-01  0.50094090E-01 -0.30195943E-02
  0.57791049E-01  0.51909815E-01 -0.34900430E-02
  0.58313341E-01  0.53682250E-01 -0.39007165E-02
  0.58785994E-01  0.55410720E-01 -0.42530045E-02
  0.59210366E-01  0.57094843E-01 -0.45487555E-02
  0.59588195E-01  0.58734519E-01 -0.47901837E-02
  0.59921545E-01  0.60329911E-01 -0.49797791E-02
  0.60212753E-01  0.61881412E-01 -0.51202231E-02
  0.60464377E-01  0.63389606E-01 -0.52143130E-02
  0.60679151E-01  0.64855214E-01 -0.52648984E-02
  0.60859946E-01  0.66279044E-01 -0.52748303E-02
  0.61009735E-01  0.67661938E-01 -0.52469245E-02
  0.61131566E-01  0.69004721E-01 -0.51839386E-02
  0.61228538E-01  0.70308163E-01 -0.50885631E-02
  0.61303778E-01  0.71572947E-01 -0.49634230E-02
  0.61360428E-01  0.72799649E-01 -0.48110907E-02
  0.61401620E-01  0.73988737E-01 -0.46341044E-02
  0.61430462E-01  0.75140569E-01 -0.44349912E-02
  0.61450011E-01  0.76255420E-01 -0.42162914E-02
  0.61463253E-01  0.77333499E-01 -0.39805805E-02
  0.61473068E-01  0.78374987E-01 -0.37304863E-02
  0.61482201E-01  0.79380064E-01 -0.34686995E-02
  0.61493226E-01  0.80348942E-01 -0.31979757E-02
  0.61508505E-01  0.81281889E-01 -0.29211279E-02
  0.61530147E-01  0.82179245E-01 -0.26410097E-02
  0.61559972E-01  0.83041428E-01 -0.23604887E-02
  0.61599468E-01  0.83868926E-01 -0.20824137E-02
  0.61649764E-01  0.84662280E-01 -0.18095745E-02
  0.61711596E-01  0.85422053E-01 -0.15446592E-02
  0.61785287E-01  0.86148794E-01 -0.12902094E-02
  0.61870739E-01  0.86842992E-01 -0.10485771E-02
  0.61967429E-01  0.87505030E-01 -0.82188449E-03
  0.62074417E-01  0.88135138E-01 -0.61198940E-03
  0.62190365E-01  0.88733354E-01 -0.42045692E-03
  0.62313572E-01  0.89299489E-01 -0.24853861E-03
  0.62442008E-01  0.89833106E-01 -0.97159519E-04
  0.62573367E-01  0.90333511E-01  0.33087324E-04
  0.62705121E-01  0.90799758E-01  0.14193942E-03
  0.62834586E-01  0.91230672E-01  0.22945730E-03
  0.62958982E-01  0.91624876E-01  0.29601211E-03
  0.63075504E-01  0.91980843E-01  0.34226937E-03
  0.63181388E-01  0.92296947E-01  0.36916994E-03
  0.63273977E-01  0.92571529E-01  0.37790917E-03
  0.63350780E-01  0.92802962E-01  0.36991471E-03
  0.63409533E-01  0.92989722E-01  0.34682343E-03
  0.63448241E-01  0.93130453E-01  0.31045771E-03
  0.63465232E-01  0.93224032E-01  0.26280090E-03
  0.63459181E-01  0.93269622E-01  0.20597196E-03
  0.63429147E-01  0.93266725E-01  0.14219911E-03
  0.63374588E-01  0.93215217E-01  0.73792392E-04
  0.63295373E-01  0.93115372E-01  0.31150970E-05
  0.21406251E-01 -0.27370240E-01  0.14616784E-05
  0.21625916E-01 -0.27421121E-01  0.16621624E-02
  0.21860325E-01 -0.27344841E-01  0.33101581E-02
  0.22109786E-01 -0.27142120E-01  0.49325623E-02
  0.22375039E-01 -0.26814043E-01  0.65167060E-02
  0.22657205E-01 -0.26362052E-01  0.80502634E-02
  0.22957731E-01 -0.25787941E-01  0.95213780E-02
  0.23278327E-01 -0.25093853E-01  0.10918788E-01
  0.23620890E-01 -0.24282264E-01  0.12231946E-01
  0.23987442E-01 -0.23355974E-01  0.13451143E-01
  0.24380055E-01 -0.22318100E-01  0.14567612E-01
  0.24800786E-01 -0.21172068E-01  0.15573638E-01
  0.25251619E-01 -0.19921613E-01  0.16462646E-01
  0.25734404E-01 -0.18570777E-01  0.17229282E-01
  0.26250810E-01 -0.17123913E-01  0.17869474E-01
  0.26802285E-01 -0.15585692E-01  0.18380474E-01
  0.27390012E-01 -0.13961102E-01  0.18760889E-01
  0.28014879E-01 -0.12255449E-01  0.19010677E-01
  0.28677448E-01 -0.10474345E-01  0.19131133E-01
  0.29377926E-01 -0.86236958E-02  0.19124850E-01
  0.30116138E-01 -0.67096624E-02  0.18995659E-01
  0.30891504E-01 -0.47386227E-02  0.18748550E-01
  0.31703013E-01 -0.27171120E-02  0.18389585E-01
  0.32549202E-01 -0.65175459E-03  0.17925788E-01
  0.33428136E-01  0.14508153E-02  0.17365031E-01
  0.34337400E-01  0.35840373E-02  0.16715915E-01
  0.35274092E-01  0.57415101E-02  0.15987639E-01
  0.36234823E-01  0.79170733E-02  0.15189880E-01
  0.37215742E-01  0.10104879E-01  0.14332657E-01
  0.38212557E-01  0.12299451E-01  0.13426210E-01
  0.39220580E-01  0.14495727E-01  0.12480873E-01
  0.40234786E-01  0.16689083E-01  0.11506949E-01
  0.41249884E-01  0.18875334E-01  0.10514591E-01
  0.42260396E-01  0.21050721E-01  0.95136870E-02
  0.43260753E-01  0.23211880E-01  0.85137456E-02
  0.44245396E-01  0.25355799E-01  0.75237893E-02
  0.45208877E-01  0.27479767E-01  0.65522560E-02
  0.46145964E-01  0.29581322E-01  0.56069089E-02
  0.47051743E-01  0.31658201E-01  0.46947589E-02
  0.47921703E-01  0.33708298E-01  0.38220017E-02
  0.48751824E-01  0.35729632E-01  0.29939709E-02
  0.49538640E-01  0.37720325E-01  0.22151097E-02
  0.50279287E-01  0.39678599E-01  0.14889624E-02
  0.50971538E-01  0.41602781E-01  0.81818465E-03
  0.51613816E-01  0.43491322E-01  0.20457432E-03
  0.52205189E-01  0.45342817E-01 -0.35088142E-03
  0.52745349E-01  0.47156036E-01 -0.84794291E-03
  0.53234576E-01  0.48929953E-01 -0.12870427E-02
  0.53673695E-01  0.50663764E-01 -0.16692017E-02
  0.54064013E-01  0.52356910E-01 -0.19959398E-02
  0.54407263E-01  0.54009073E-01 -0.22691863E-02
  0.54705537E-01  0.55620179E-01 -0.24911916E-02
  0.54961221E-01  0.57190375E-01 -0.26644461E-02
  0.55176938E-01  0.58720000E-01 -0.27916059E-02
  0.55355490E-01  0.60209548E-01 -0.28754306E-02
  0.55499811E-01  0.61659627E-01 -0.29187318E-02
  0.55612926E-01  0.63070905E-01 -0.29243344E-02
  0.55697920E-01  0.64444073E-01 -0.28950496E-02
  0.55757908E-01  0.65779797E-01 -0.28336603E-02
  0.55796018E-01  0.67078683E-01 -0.27429147E-02
  0.55815376E-01  0.68341258E-01 -0.26255299E-02
  0.55819089E-01  0.69567949E-01 -0.24841996E-02
  0.55810236E-01  0.70759087E-01 -0.23216070E-02
  0.55791852E-01  0.71914908E-01 -0.21404378E-02
  0.55766915E-01  0.73035574E-01 -0.19433931E-02
  0.55738320E-01  0.74121195E-01 -0.17331988E-02
  0.55708861E-01  0.75171858E-01 -0.15126109E-02
  0.55681196E-01  0.76187651E-01 -0.12844149E-02
  0.55657814E-01  0.77168689E-01 -0.10514190E-02
  0.55641002E-01  0.78115134E-01 -0.81644048E-03
  0.55632798E-01  0.79027204E-01 -0.58228568E-03
  0.55634958E-01  0.79905177E-01 -0.35172488E-03
  0.55648913E-01  0.80749381E-01 -0.12746226E-03
  0.55675736E-01  0.81560177E-01  0.87896913E-04
  0.55716113E-01  0.82337931E-01  0.29188068E-03
  0.55770321E-01  0.83082984E-01  0.48218461E-03
  0.55838215E-01  0.83795611E-01  0.65670438E-03
  0.55919228E-01  0.84475988E-01  0.81356536E-03
  0.56012376E-01  0.85124155E-01  0.95114807E-03
  0.56116282E-01  0.85739986E-01  0.10681088E-02
  0.56229206E-01  0.86323168E-01  0.11633950E-02
  0.56349086E-01  0.86873187E-01  0.12362554E-02
  0.56473586E-01  0.87389329E-01  0.12862447E-02
  0.56600157E-01  0.87870687E-01  0.13132237E-02
  0.56726100E-01  0.88316186E-01  0.13173554E-02
  0.56848627E-01  0.88724612E-01  0.12990971E-02
  0.56964934E-01  0.89094651E-01  0.12591902E-02
  0.57072265E-01  0.89424939E-01  0.11986467E-02
  0.57167974E-01  0.89714113E-01  0.11187338E-02
  0.57249589E-01  0.89960862E-01  0.10209573E-02
  0.57314863E-01  0.90163981E-01  0.90704192E-03
  0.57361822E-01  0.90322422E-01  0.77891051E-03
  0.57388805E-01  0.90435341E-01  0.63866122E-03
  0.57394499E-01  0.90502139E-01  0.48854228E-03
  0.57377962E-01  0.90522496E-01  0.33092488E-03
  0.57338642E-01  0.90496397E-01  0.16827394E-03
  0.57276387E-01  0.90424151E-01  0.31171673E-05
  0.18592788E-01 -0.28444865E-01  0.14574676E-05
  0.18810927E-01 -0.28502065E-01  0.17186165E-02
  0.19043117E-01 -0.28435124E-01  0.34227692E-02
  0.19289674E-01 -0.28244716E-01  0.51009095E-02
  0.19551344E-01 -0.27931870E-01  0.67402782E-02
  0.19829252E-01 -0.27497967E-01  0.83284913E-02
  0.20124836E-01 -0.26944738E-01  0.98536668E-02
  0.20439782E-01 -0.26274254E-01  0.11304547E-01
  0.20775947E-01 -0.25488915E-01  0.12670615E-01
  0.21135290E-01 -0.24591439E-01  0.13942209E-01
  0.21519795E-01 -0.23584851E-01  0.15110620E-01
  0.21931412E-01 -0.22472474E-01  0.16168192E-01
  0.22371991E-01 -0.21257924E-01  0.17108398E-01
  0.22843234E-01 -0.19945111E-01  0.17925917E-01
  0.23346649E-01 -0.18538239E-01  0.18616687E-01
  0.23883513E-01 -0.17041820E-01  0.19177948E-01
  0.24454842E-01 -0.15460670E-01  0.19608264E-01
  0.25061358E-01 -0.13799918E-01  0.19907532E-01
  0.25703474E-01 -0.12065002E-01  0.20076966E-01
  0.26381258E-01 -0.10261655E-01  0.20119071E-01
  0.27094423E-01 -0.83958816E-02  0.20037592E-01
  0.27842291E-01 -0.64739188E-02  0.19837446E-01
  0.28623776E-01 -0.45021831E-02  0.19524642E-01
  0.29437361E-01 -0.24872040E-02  0.19106184E-01
  0.30281074E-01 -0.43554593E-03  0.18589961E-01
  0.31152472E-01  0.16462780E-02  0.17984631E-01
  0.32048637E-01  0.37518951E-02  0.17299493E-01
  0.32966172E-01  0.58751599E-02  0.16544357E-01
  0.33901218E-01  0.80102343E-02  0.15729407E-01
  0.34849481E-01  0.10151654E-01  0.14865063E-01
  0.35806275E-01  0.12294379E-01  0.13961841E-01
  0.36766581E-01  0.14433826E-01  0.13030217E-01
  0.37725121E-01  0.16565875E-01  0.12080492E-01
  0.38676443E-01  0.18686863E-01  0.11122660E-01
  0.39615021E-01  0.20793554E-01  0.10166279E-01
  0.40535360E-01  0.22883098E-01  0.92203641E-02
  0.41432101E-01  0.24952979E-01  0.82932723E-02
  0.42300128E-01  0.27000962E-01  0.73926180E-02
  0.43134674E-01  0.29025032E-01  0.65251956E-02
  0.43931406E-01  0.31023353E-01  0.56969239E-02
  0.44686514E-01  0.32994224E-01  0.49128105E-02
  0.45396766E-01  0.34936053E-01  0.41769376E-02
  0.46059561E-01  0.36847345E-01  0.34924690E-02
  0.46672956E-01  0.38726697E-01  0.28616784E-02
  0.47235671E-01  0.40572813E-01  0.22859964E-02
  0.47747086E-01  0.42384518E-01  0.17660732E-02
  0.48207210E-01  0.44160783E-01  0.13018549E-02
  0.48616646E-01  0.45900744E-01  0.89266797E-03
  0.48976532E-01  0.47603730E-01  0.53730903E-03
  0.49288489E-01  0.49269266E-01  0.23413480E-03
  0.49554548E-01  0.50897088E-01 -0.18850734E-04
  0.49777089E-01  0.52487129E-01 -0.22391581E-03
  0.49958768E-01  0.54039507E-01 -0.38352925E-03
  0.50102459E-01  0.55554501E-01 -0.50029957E-03
  0.50211195E-01  0.57032513E-01 -0.57692586E-03
  0.50288115E-01  0.58474031E-01 -0.61616032E-03
  0.50336424E-01  0.59879590E-01 -0.62078206E-03
  0.50359359E-01  0.61249730E-01 -0.59358077E-03
  0.50360158E-01  0.62584963E-01 -0.53734857E-03
  0.50342043E-01  0.63885740E-01 -0.45487815E-03
  0.50308200E-01  0.65152438E-01 -0.34896505E-03
  0.50261769E-01  0.66385343E-01 -0.22241196E-03
  0.50205828E-01  0.67584653E-01 -0.78033190E-04
  0.50143387E-01  0.68750486E-01  0.81342307E-04
  0.50077369E-01  0.69882896E-01  0.25287072E-03
  0.50010595E-01  0.70981895E-01  0.43369682E-03
  0.49945760E-01  0.72047473E-01  0.62096162E-03
  0.49885412E-01  0.73079622E-01  0.81181429E-03
  0.49831917E-01  0.74078358E-01  0.10034283E-02
  0.49787430E-01  0.75043731E-01  0.11930209E-02
  0.49753857E-01  0.75975835E-01  0.13778758E-02
  0.49732822E-01  0.76874804E-01  0.15553676E-02
  0.49725630E-01  0.77740803E-01  0.17229873E-02
  0.49733234E-01  0.78574014E-01  0.18783675E-02
  0.49756212E-01  0.79374608E-01  0.20193074E-02
  0.49794746E-01  0.80142719E-01  0.21437955E-02
  0.49848611E-01  0.80878416E-01  0.22500299E-02
  0.49917171E-01  0.81581675E-01  0.23364368E-02
  0.49999394E-01  0.82252348E-01  0.24016846E-02
  0.50093866E-01  0.82890150E-01  0.24446959E-02
  0.50198825E-01  0.83494644E-01  0.24646558E-02
  0.50312198E-01  0.84065234E-01  0.24610181E-02
  0.50431655E-01  0.84601174E-01  0.24335080E-02
  0.50554656E-01  0.85101582E-01  0.23821230E-02
  0.50678522E-01  0.85565459E-01  0.23071316E-02
  0.50800491E-01  0.85991723E-01  0.22090701E-02
  0.50917787E-01  0.86379241E-01  0.20887373E-02
  0.51027683E-01  0.86726870E-01  0.19471871E-02
  0.51127564E-01  0.87033496E-01  0.17857199E-02
  0.51214981E-01  0.87298078E-01  0.16058700E-02
  0.51287710E-01  0.87519684E-01  0.14093922E-02
  0.51343788E-01  0.87697532E-01  0.11982440E-02
  0.51381562E-01  0.87831016E-01  0.97456536E-03
  0.51399712E-01  0.87919739E-01  0.74065525E-03
  0.51397282E-01  0.87963535E-01  0.49894486E-03
  0.51373691E-01  0.87962481E-01  0.25196795E-03
  0.51328746E-01  0.87916912E-01  0.23287019E-05
  0.15576129E-01 -0.29850589E-01  0.13072183E-05
  0.15792740E-01 -0.29912887E-01  0.17767377E-02
  0.16022931E-01 -0.29853353E-01  0.35388354E-02
  0.16266991E-01 -0.29672655E-01  0.52744469E-02
  0.16525638E-01 -0.29371802E-01  0.69706967E-02
  0.16799961E-01 -0.28952152E-01  0.86151193E-02
  0.17091364E-01 -0.28415406E-01  0.10195786E-01
  0.17401488E-01 -0.27763603E-01  0.11701426E-01
  0.17732143E-01 -0.26999105E-01  0.13121536E-01
  0.18085234E-01 -0.26124589E-01  0.14446486E-01
  0.18462684E-01 -0.25143032E-01  0.15667612E-01
  0.18866373E-01 -0.24057705E-01  0.16777302E-01
  0.19298075E-01 -0.22872164E-01  0.17769068E-01
  0.19759408E-01 -0.21590251E-01  0.18637609E-01
  0.20251786E-01 -0.20216097E-01  0.19378864E-01
  0.20776386E-01 -0.18754128E-01  0.19990050E-01
  0.21334111E-01 -0.17209070E-01  0.20469683E-01
  0.21925569E-01 -0.15585954E-01  0.20817597E-01
  0.22551042E-01 -0.13890114E-01  0.21034930E-01
  0.23210468E-01 -0.12127177E-01  0.21124112E-01
  0.23903415E-01 -0.10303037E-01  0.21088816E-01
  0.24629060E-01 -0.84238246E-02  0.20933914E-01
  0.25386166E-01 -0.64958484E-02  0.20665395E-01
  0.26173059E-01 -0.45255352E-02  0.20290285E-01
  0.26987615E-01 -0.25193496E-02  0.19816535E-01
  0.27827244E-01 -0.48370918E-03  0.19252913E-01
  0.28688886E-01  0.15751064E-02  0.18608867E-01
  0.29569021E-01  0.36510439E-02  0.17894391E-01
  0.30463682E-01  0.57383583E-02  0.17119875E-01
  0.31368498E-01  0.78316828E-02  0.16295957E-01
  0.32278732E-01  0.99260821E-02  0.15433364E-01
  0.33189354E-01  0.12017086E-01  0.14542761E-01
  0.34095113E-01  0.14100702E-01  0.13634596E-01
  0.34990630E-01  0.16173408E-01  0.12718958E-01
  0.35870490E-01  0.18232125E-01  0.11805439E-01
  0.36729355E-01  0.20274176E-01  0.10903008E-01
  0.37562060E-01  0.22297234E-01  0.10019906E-01
  0.38363721E-01  0.24299265E-01  0.91635531E-02
  0.39129828E-01  0.26278471E-01  0.83404815E-02
  0.39856329E-01  0.28233240E-01  0.75562883E-02
  0.40539709E-01  0.30162097E-01  0.68156134E-02
  0.41177038E-01  0.32063682E-01  0.61221416E-02
  0.41766018E-01  0.33936722E-01  0.54786272E-02
  0.42305002E-01  0.35780032E-01  0.48869397E-02
  0.42793000E-01  0.37592518E-01  0.43481273E-02
  0.43229665E-01  0.39373186E-01  0.38624951E-02
  0.43615269E-01  0.41121167E-01  0.34296924E-02
  0.43950662E-01  0.42835732E-01  0.30488056E-02
  0.44237219E-01  0.44516308E-01  0.27184520E-02
  0.44476788E-01  0.46162491E-01  0.24368693E-02
  0.44671620E-01  0.47774050E-01  0.22019988E-02
  0.44824307E-01  0.49350920E-01  0.20115581E-02
  0.44937719E-01  0.50893187E-01  0.18631022E-02
  0.45014937E-01  0.52401065E-01  0.17540717E-02
  0.45059200E-01  0.53874867E-01  0.16818296E-02
  0.45073847E-01  0.55314969E-01  0.16436850E-02
  0.45062277E-01  0.56721776E-01  0.16369086E-02
  0.45027907E-01  0.58095686E-01  0.16587394E-02
  0.44974137E-01  0.59437061E-01  0.17063868E-02
  0.44904331E-01  0.60746205E-01  0.17770297E-02
  0.44821787E-01  0.62023347E-01  0.18678152E-02
  0.44729725E-01  0.63268632E-01  0.19758585E-02
  0.44631271E-01  0.64482128E-01  0.20982461E-02
  0.44529438E-01  0.65663829E-01  0.22320423E-02
  0.44427118E-01  0.66813677E-01  0.23743006E-02
  0.44327060E-01  0.67931572E-01  0.25220791E-02
  0.44231856E-01  0.69017401E-01  0.26724595E-02
  0.44143917E-01  0.70071050E-01  0.28225696E-02
  0.44065450E-01  0.71092424E-01  0.29696070E-02
  0.43998431E-01  0.72081452E-01  0.31108644E-02
  0.43944579E-01  0.73038096E-01  0.32437538E-02
  0.43905329E-01  0.73962344E-01  0.33658298E-02
  0.43881799E-01  0.74854201E-01  0.34748108E-02
  0.43874770E-01  0.75713675E-01  0.35685971E-02
  0.43884666E-01  0.76540752E-01  0.36452859E-02
  0.43911536E-01  0.77335379E-01  0.37031837E-02
  0.43955046E-01  0.78097435E-01  0.37408152E-02
  0.44014483E-01  0.78826715E-01  0.37569292E-02
  0.44088760E-01  0.79522910E-01  0.37505034E-02
  0.44176437E-01  0.80185597E-01  0.37207466E-02
  0.44275750E-01  0.80814229E-01  0.36671004E-02
  0.44384645E-01  0.81408147E-01  0.35892398E-02
  0.44500827E-01  0.81966580E-01  0.34870742E-02
  0.44621806E-01  0.82488668E-01  0.33607475E-02
  0.44744957E-01  0.82973482E-01  0.32106387E-02
  0.44867580E-01  0.83420055E-01  0.30373619E-02
  0.44986957E-01  0.83827408E-01  0.28417655E-02
  0.45100419E-01  0.84194586E-01  0.26249303E-02
  0.45205398E-01  0.84520688E-01  0.23881655E-02
  0.45299484E-01  0.84804899E-01  0.21330027E-02
  0.45380480E-01  0.85046517E-01  0.18611859E-02
  0.45446437E-01  0.85244976E-01  0.15746584E-02
  0.45495702E-01  0.85399869E-01  0.12755460E-02
  0.45526940E-01  0.85510965E-01  0.96613560E-03
  0.45539166E-01  0.85578217E-01  0.64884999E-03
  0.45531756E-01  0.85601773E-01  0.32621910E-03
  0.45504461E-01  0.85581982E-01  0.84815471E-06
  0.12318961E-01 -0.31621654E-01  0.10155537E-05
  0.12533852E-01 -0.31687817E-01  0.18365535E-02
  0.12762142E-01 -0.31633639E-01  0.36584419E-02
  0.13004068E-01 -0.31459819E-01  0.54533584E-02
  0.13260284E-01 -0.31167391E-01  0.72082874E-02
  0.13531817E-01 -0.30757728E-01  0.89106550E-02
  0.13820006E-01 -0.30232545E-01  0.10548457E-01
  0.14126436E-01 -0.29593883E-01  0.12110376E-01
  0.14452864E-01 -0.28844108E-01  0.13585888E-01
  0.14801150E-01 -0.27985898E-01  0.14965364E-01
  0.15173181E-01 -0.27022231E-01  0.16240150E-01
  0.15570809E-01 -0.25956378E-01  0.17402647E-01
  0.15995782E-01 -0.24791902E-01  0.18446378E-01
  0.16449693E-01 -0.23532650E-01  0.19366042E-01
  0.16933924E-01 -0.22182760E-01  0.20157566E-01
  0.17449610E-01 -0.20746662E-01  0.20818137E-01
  0.17997596E-01 -0.19229084E-01  0.21346235E-01
  0.18578404E-01 -0.17635049E-01  0.21741644E-01
  0.19192205E-01 -0.15969873E-01  0.22005455E-01
  0.19838793E-01 -0.14239150E-01  0.22140057E-01
  0.20517561E-01 -0.12448727E-01  0.22149104E-01
  0.21227475E-01 -0.10604661E-01  0.22037471E-01
  0.21967064E-01 -0.87131752E-02  0.21811190E-01
  0.22734397E-01 -0.67805843E-02  0.21477364E-01
  0.23527078E-01 -0.48132233E-02  0.21044068E-01
  0.24342246E-01 -0.28173619E-02  0.20520230E-01
  0.25176583E-01 -0.79911639E-03  0.19915492E-01
  0.26026332E-01  0.12356355E-02  0.19240066E-01
  0.26887330E-01  0.32813333E-02  0.18504572E-01
  0.27755056E-01  0.53328000E-02  0.17719871E-01
  0.28624685E-01  0.73852922E-02  0.16896897E-01
  0.29491164E-01  0.94345316E-02  0.16046483E-01
  0.30349290E-01  0.11476715E-01  0.15179196E-01
  0.31193800E-01  0.13508506E-01  0.14305184E-01
  0.32019468E-01  0.15527008E-01  0.13434022E-01
  0.32821199E-01  0.17529720E-01  0.12574592E-01
  0.33594128E-01  0.19514489E-01  0.11734972E-01
  0.34333706E-01  0.21479452E-01  0.10922345E-01
  0.35035785E-01  0.23422980E-01  0.10142948E-01
  0.35696690E-01  0.25343625E-01  0.94020290E-02
  0.36313277E-01  0.27240079E-01  0.87038440E-02
  0.36882978E-01  0.29111143E-01  0.80516729E-02
  0.37403832E-01  0.30955705E-01  0.74478618E-02
  0.37874502E-01  0.32772731E-01  0.68938838E-02
  0.38294272E-01  0.34561271E-01  0.63904176E-02
  0.38663038E-01  0.36320467E-01  0.59374375E-02
  0.38981283E-01  0.38049565E-01  0.55343102E-02
  0.39250040E-01  0.39747934E-01  0.51798932E-02
  0.39470849E-01  0.41415079E-01  0.48726309E-02
  0.39645704E-01  0.43050647E-01  0.46106428E-02
  0.39777004E-01  0.44654430E-01  0.43918019E-02
  0.39867487E-01  0.46226358E-01  0.42138003E-02
  0.39920173E-01  0.47766484E-01  0.40742014E-02
  0.39938306E-01  0.49274964E-01  0.39704773E-02
  0.39925299E-01  0.50752024E-01  0.39000350E-02
  0.39884676E-01  0.52197935E-01  0.38602301E-02
  0.39820022E-01  0.53612980E-01  0.38483732E-02
  0.39734946E-01  0.54997421E-01  0.38617300E-02
  0.39633029E-01  0.56351481E-01  0.38975186E-02
  0.39517801E-01  0.57675315E-01  0.39529076E-02
  0.39392702E-01  0.58969008E-01  0.40250150E-02
  0.39261061E-01  0.60232565E-01  0.41109130E-02
  0.39126073E-01  0.61465918E-01  0.42076362E-02
  0.38990778E-01  0.62668933E-01  0.43121968E-02
  0.38858045E-01  0.63841427E-01  0.44216043E-02
  0.38730555E-01  0.64983184E-01  0.45328904E-02
  0.38610783E-01  0.66093973E-01  0.46431368E-02
  0.38500989E-01  0.67173563E-01  0.47495052E-02
  0.38403190E-01  0.68221737E-01  0.48492667E-02
  0.38319152E-01  0.69238299E-01  0.49398310E-02
  0.38250368E-01  0.70223074E-01  0.50187714E-02
  0.38198040E-01  0.71175907E-01  0.50838468E-02
  0.38163064E-01  0.72096651E-01  0.51330189E-02
  0.38146012E-01  0.72985150E-01  0.51644637E-02
  0.38147120E-01  0.73841227E-01  0.51765792E-02
  0.38166282E-01  0.74664663E-01  0.51679879E-02
  0.38203042E-01  0.75455179E-01  0.51375363E-02
  0.38256600E-01  0.76212421E-01  0.50842911E-02
  0.38325823E-01  0.76935948E-01  0.50075347E-02
  0.38409256E-01  0.77625230E-01  0.49067595E-02
  0.38505154E-01  0.78279644E-01  0.47816631E-02
  0.38611507E-01  0.78898485E-01  0.46321440E-02
  0.38726087E-01  0.79480978E-01  0.44582996E-02
  0.38846485E-01  0.80026294E-01  0.42604253E-02
  0.38970167E-01  0.80533575E-01  0.40390156E-02
  0.39094526E-01  0.81001960E-01  0.37947657E-02
  0.39216934E-01  0.81430606E-01  0.35285740E-02
  0.39334803E-01  0.81818721E-01  0.32415436E-02
  0.39445634E-01  0.82165583E-01  0.29349830E-02
  0.39547075E-01  0.82470566E-01  0.26104034E-02
  0.39636963E-01  0.82733154E-01  0.22695135E-02
  0.39713371E-01  0.82952960E-01  0.19142105E-02
  0.39774643E-01  0.83129733E-01  0.15465657E-02
  0.39819428E-01  0.83263367E-01  0.11688070E-02
  0.39846704E-01  0.83353908E-01  0.78329530E-03
  0.39855793E-01  0.83401547E-01  0.39249844E-03
  0.39846375E-01  0.83406629E-01 -0.10393248E-05
  0.87795621E-02 -0.33801599E-01  0.60256111E-06
  0.89924915E-02 -0.33870443E-01  0.18981506E-02
  0.92190014E-02 -0.33819544E-01  0.37817653E-02
  0.94592514E-02 -0.33649672E-01  0.56379388E-02
  0.97138137E-02 -0.33361925E-01  0.74534918E-02
  0.99836303E-02 -0.32957734E-01  0.92157114E-02
  0.10269960E-01 -0.32438858E-01  0.10912479E-01
  0.10574317E-01 -0.31807381E-01  0.12532389E-01
  0.10898407E-01 -0.31065705E-01  0.14064848E-01
  0.11244055E-01 -0.30216549E-01  0.15500175E-01
  0.11613134E-01 -0.29262935E-01  0.16829679E-01
  0.12007498E-01 -0.28208192E-01  0.18045729E-01
  0.12428911E-01 -0.27055948E-01  0.19141821E-01
  0.12878984E-01 -0.25810131E-01  0.20112630E-01
  0.13359118E-01 -0.24474966E-01  0.20954055E-01
  0.13870443E-01 -0.23054979E-01  0.21663261E-01
  0.14413777E-01 -0.21554992E-01  0.22238704E-01
  0.14989577E-01 -0.19980116E-01  0.22680156E-01
  0.15597902E-01 -0.18335739E-01  0.22988713E-01
  0.16238382E-01 -0.16627500E-01  0.23166785E-01
  0.16910188E-01 -0.14861260E-01  0.23218076E-01
  0.17612018E-01 -0.13043054E-01  0.23147544E-01
  0.18342080E-01 -0.11179038E-01  0.22961337E-01
  0.19098092E-01 -0.92754156E-02  0.22666710E-01
  0.19877285E-01 -0.73383702E-02  0.22271925E-01
  0.20676419E-01 -0.53739792E-02  0.21786119E-01
  0.21491814E-01 -0.33881349E-02  0.21219165E-01
  0.22319387E-01 -0.13864663E-02  0.20581508E-01
  0.23154704E-01  0.62573031E-03  0.19883996E-01
  0.23993040E-01  0.26435481E-02  0.19137695E-01
  0.24829451E-01  0.46625110E-02  0.18353708E-01
  0.25658855E-01  0.66785969E-02  0.17542990E-01
  0.26476118E-01  0.86882420E-02  0.16716171E-01
  0.27276134E-01  0.10688328E-01  0.15883393E-01
  0.28053925E-01  0.12676151E-01  0.15054158E-01
  0.28804714E-01  0.14649383E-01  0.14237203E-01
  0.29524014E-01  0.16606021E-01  0.13440395E-01
  0.30207697E-01  0.18544332E-01  0.12670648E-01
  0.30852058E-01  0.20462802E-01  0.11933880E-01
  0.31453867E-01  0.22360090E-01  0.11234984E-01
  0.32010414E-01  0.24234988E-01  0.10577839E-01
  0.32519536E-01  0.26086391E-01  0.99653395E-02
  0.32979637E-01  0.27913280E-01  0.93994500E-02
  0.33389696E-01  0.29714715E-01  0.88812815E-02
  0.33749268E-01  0.31489835E-01  0.84111783E-02
  0.34058465E-01  0.33237868E-01  0.79888173E-02
  0.34317944E-01  0.34958140E-01  0.76133098E-02
  0.34528873E-01  0.36650088E-01  0.72833035E-02
  0.34692902E-01  0.38313272E-01  0.69970783E-02
  0.34812118E-01  0.39947373E-01  0.67526327E-02
  0.34889004E-01  0.41552199E-01  0.65477581E-02
  0.34926386E-01  0.43127672E-01  0.63800987E-02
  0.34927387E-01  0.44673811E-01  0.62471965E-02
  0.34895368E-01  0.46190716E-01  0.61465230E-02
  0.34833877E-01  0.47678534E-01  0.60754968E-02
  0.34746592E-01  0.49137438E-01  0.60314926E-02
  0.34637270E-01  0.50567594E-01  0.60118410E-02
  0.34509692E-01  0.51969136E-01  0.60138258E-02
  0.34367618E-01  0.53342149E-01  0.60346788E-02
  0.34214741E-01  0.54686649E-01  0.60715770E-02
  0.34054645E-01  0.56002578E-01  0.61216434E-02
  0.33890771E-01  0.57289800E-01  0.61819539E-02
  0.33726388E-01  0.58548109E-01  0.62495500E-02
  0.33564564E-01  0.59777240E-01  0.63214580E-02
  0.33408145E-01  0.60976882E-01  0.63947149E-02
  0.33259740E-01  0.62146694E-01  0.64663979E-02
  0.33121704E-01  0.63286322E-01  0.65336577E-02
  0.32996130E-01  0.64395415E-01  0.65937516E-02
  0.32884835E-01  0.65473632E-01  0.66440772E-02
  0.32789358E-01  0.66520651E-01  0.66822015E-02
  0.32710947E-01  0.67536166E-01  0.67058874E-02
  0.32650557E-01  0.68519887E-01  0.67131126E-02
  0.32608840E-01  0.69471527E-01  0.67020840E-02
  0.32586146E-01  0.70390792E-01  0.66712452E-02
  0.32582514E-01  0.71277362E-01  0.66192772E-02
  0.32597673E-01  0.72130885E-01  0.65450955E-02
  0.32631044E-01  0.72950953E-01  0.64478416E-02
  0.32681747E-01  0.73737098E-01  0.63268734E-02
  0.32748604E-01  0.74488786E-01  0.61817526E-02
  0.32830164E-01  0.75205413E-01  0.60122339E-02
  0.32924715E-01  0.75886310E-01  0.58182542E-02
  0.33030317E-01  0.76530754E-01  0.55999251E-02
  0.33144830E-01  0.77137983E-01  0.53575268E-02
  0.33265955E-01  0.77707213E-01  0.50915058E-02
  0.33391274E-01  0.78237662E-01  0.48024753E-02
  0.33518299E-01  0.78728568E-01  0.44912169E-02
  0.33644519E-01  0.79179214E-01  0.41586843E-02
  0.33767450E-01  0.79588950E-01  0.38060066E-02
  0.33884685E-01  0.79957206E-01  0.34344913E-02
  0.33993941E-01  0.80283513E-01  0.30456243E-02
  0.34093109E-01  0.80567508E-01  0.26410682E-02
  0.34180290E-01  0.80808941E-01  0.22226555E-02
  0.34253835E-01  0.81007685E-01  0.17923783E-02
  0.34312377E-01  0.81163728E-01  0.13523727E-02
  0.34354857E-01  0.81277172E-01  0.90489992E-03
  0.34380538E-01  0.81348236E-01  0.45232159E-03
  0.34389025E-01  0.81377243E-01 -0.29267755E-05
  0.49108149E-02 -0.36444282E-01  0.10314260E-06
  0.51216552E-02 -0.36514719E-01  0.19617355E-02
  0.53466908E-02 -0.36465068E-01  0.39091927E-02
  0.55859974E-02 -0.36296207E-01  0.58287647E-02
  0.58400533E-02 -0.36009334E-01  0.77070827E-02
  0.61097050E-02 -0.35605967E-01  0.95312591E-02
  0.63961233E-02 -0.35087937E-01  0.11289016E-01
  0.67007505E-02 -0.34457398E-01  0.12968804E-01
  0.70252402E-02 -0.33716819E-01  0.14559903E-01
  0.73713916E-02 -0.32868986E-01  0.16052520E-01
  0.77410785E-02 -0.31917009E-01  0.17437864E-01
  0.81361765E-02 -0.30864314E-01  0.18708223E-01
  0.85584880E-02 -0.29714654E-01  0.19857025E-01
  0.90096683E-02 -0.28472100E-01  0.20878891E-01
  0.94911532E-02 -0.27141041E-01  0.21769688E-01
  0.10004091E-01 -0.25726183E-01  0.22526566E-01
  0.10549277E-01 -0.24232527E-01  0.23147995E-01
  0.11127099E-01 -0.22665362E-01  0.23633785E-01
  0.11737487E-01 -0.21030231E-01  0.23985101E-01
  0.12379875E-01 -0.19332896E-01  0.24204459E-01
  0.13053169E-01 -0.17579299E-01  0.24295702E-01
  0.13755736E-01 -0.15775500E-01  0.24263961E-01
  0.14485397E-01 -0.13927618E-01  0.24115590E-01
  0.15239440E-01 -0.12041764E-01  0.23858073E-01
  0.16014640E-01 -0.10123959E-01  0.23499920E-01
  0.16807303E-01 -0.81800694E-02  0.23050524E-01
  0.17613312E-01 -0.62157262E-02  0.22520008E-01
  0.18428196E-01 -0.42362650E-02  0.21919054E-01
  0.19247194E-01 -0.22466684E-02  0.21258713E-01
  0.20065344E-01 -0.25152354E-03  0.20550217E-01
  0.20877565E-01  0.17450054E-02  0.19804779E-01
  0.21678742E-01  0.37391884E-02  0.19033408E-01
  0.22463818E-01  0.57277247E-02  0.18246722E-01
  0.23227874E-01  0.77077233E-02  0.17454785E-01
  0.23966212E-01  0.96766710E-02  0.16666955E-01
  0.24674418E-01  0.11632391E-01  0.15891769E-01
  0.25348430E-01  0.13572997E-01  0.15136838E-01
  0.25984588E-01  0.15496844E-01  0.14408783E-01
  0.26579675E-01  0.17402483E-01  0.13713192E-01
  0.27130948E-01  0.19288624E-01  0.13054616E-01
  0.27636162E-01  0.21154097E-01  0.12436582E-01
  0.28093586E-01  0.22997836E-01  0.11861636E-01
  0.28502005E-01  0.24818862E-01  0.11331411E-01
  0.28860724E-01  0.26616275E-01  0.10846705E-01
  0.29169564E-01  0.28389263E-01  0.10407580E-01
  0.29428846E-01  0.30137101E-01  0.10013459E-01
  0.29639382E-01  0.31859165E-01  0.96632341E-02
  0.29802456E-01  0.33554936E-01  0.93553666E-02
  0.29919796E-01  0.35224010E-01  0.90879815E-02
  0.29993548E-01  0.36866094E-01  0.88589515E-02
  0.30026245E-01  0.38481001E-01  0.86659681E-02
  0.30020765E-01  0.40068642E-01  0.85065983E-02
  0.29980292E-01  0.41629005E-01  0.83783266E-02
  0.29908264E-01  0.43162131E-01  0.82785827E-02
  0.29808327E-01  0.44668096E-01  0.82047578E-02
  0.29684275E-01  0.46146977E-01  0.81542110E-02
  0.29539995E-01  0.47598830E-01  0.81242687E-02
  0.29379412E-01  0.49023669E-01  0.81122207E-02
  0.29206429E-01  0.50421446E-01  0.81153155E-02
  0.29024873E-01  0.51792043E-01  0.81307586E-02
  0.28838448E-01  0.53135264E-01  0.81557135E-02
  0.28650687E-01  0.54450838E-01  0.81873105E-02
  0.28464913E-01  0.55738426E-01  0.82226603E-02
  0.28284207E-01  0.56997635E-01  0.82588750E-02
  0.28111384E-01  0.58228029E-01  0.82930946E-02
  0.27948973E-01  0.59429148E-01  0.83225178E-02
  0.27799206E-01  0.60600520E-01  0.83444354E-02
  0.27664007E-01  0.61741678E-01  0.83562639E-02
  0.27544997E-01  0.62852167E-01  0.83555784E-02
  0.27443488E-01  0.63931549E-01  0.83401413E-02
  0.27360490E-01  0.64979402E-01  0.83079267E-02
  0.27296716E-01  0.65995319E-01  0.82571383E-02
  0.27252585E-01  0.66978896E-01  0.81862206E-02
  0.27228230E-01  0.67929723E-01  0.80938638E-02
  0.27223502E-01  0.68847370E-01  0.79790017E-02
  0.27237977E-01  0.69731380E-01  0.78408048E-02
  0.27270962E-01  0.70581251E-01  0.76786685E-02
  0.27321505E-01  0.71396436E-01  0.74921992E-02
  0.27388401E-01  0.72176338E-01  0.72811987E-02
  0.27470211E-01  0.72920311E-01  0.70456490E-02
  0.27565274E-01  0.73627667E-01  0.67856982E-02
  0.27671729E-01  0.74297689E-01  0.65016497E-02
  0.27787546E-01  0.74929647E-01  0.61939536E-02
  0.27910548E-01  0.75522810E-01  0.58632016E-02
  0.28038454E-01  0.76076475E-01  0.55101258E-02
  0.28168913E-01  0.76589979E-01  0.51355987E-02
  0.28299547E-01  0.77062718E-01  0.47406367E-02
  0.28427996E-01  0.77494169E-01  0.43264027E-02
  0.28551961E-01  0.77883892E-01  0.38942096E-02
  0.28669251E-01  0.78231549E-01  0.34455219E-02
  0.28777820E-01  0.78536901E-01  0.29819545E-02
  0.28875814E-01  0.78799811E-01  0.25052691E-02
  0.28961604E-01  0.79020241E-01  0.20173655E-02
  0.29033814E-01  0.79198246E-01  0.15202700E-02
  0.29091354E-01  0.79333969E-01  0.10161189E-02
  0.29133435E-01  0.79427628E-01  0.50713833E-03
  0.29159584E-01  0.79479516E-01 -0.43786886E-05
  0.65874458E-03 -0.39614495E-01 -0.43599545E-06
  0.86762501E-03 -0.39685555E-01  0.20276888E-02
  0.10918434E-02 -0.39635196E-01  0.40414312E-02
  0.13313927E-02 -0.39464432E-01  0.60268566E-02
  0.15866584E-02 -0.39174582E-01  0.79703745E-02
  0.18583928E-02 -0.38767270E-01  0.98588793E-02
  0.21476806E-02 -0.38244422E-01  0.11679881E-01
  0.24558942E-02 -0.37608276E-01  0.13421626E-01
  0.27846399E-02 -0.36861384E-01  0.15073202E-01
  0.31356950E-02 -0.36006630E-01  0.16624636E-01
  0.35109375E-02 -0.35047231E-01  0.18066980E-01
  0.39122681E-02 -0.33986754E-01  0.19392386E-01
  0.43415286E-02 -0.32829115E-01  0.20594173E-01
  0.48004153E-02 -0.31578585E-01  0.21666892E-01
  0.52903936E-02 -0.30239779E-01  0.22606373E-01
  0.58126133E-02 -0.28817649E-01  0.23409778E-01
  0.63678302E-02 -0.27317453E-01  0.24075630E-01
  0.69563349E-02 -0.25744730E-01  0.24603844E-01
  0.75778931E-02 -0.24105254E-01  0.24995738E-01
  0.82317004E-02 -0.22404983E-01  0.25254023E-01
  0.89163526E-02 -0.20650001E-01  0.25382781E-01
  0.96298340E-02 -0.18846450E-01  0.25387413E-01
  0.10369526E-01 -0.17000458E-01  0.25274567E-01
  0.11132231E-01 -0.15118069E-01  0.25052036E-01
  0.11914223E-01 -0.13205172E-01  0.24728632E-01
  0.12711303E-01 -0.11267427E-01  0.24314041E-01
  0.13518879E-01 -0.93102109E-02  0.23818648E-01
  0.14332055E-01 -0.73385650E-02  0.23253357E-01
  0.15145721E-01 -0.53571539E-02  0.22629389E-01
  0.15954658E-01 -0.33702420E-02  0.21958084E-01
  0.16753631E-01 -0.13816816E-02  0.21250701E-01
  0.17537490E-01  0.60508445E-03  0.20518223E-01
  0.18301255E-01  0.25870068E-02  0.19771175E-01
  0.19040193E-01  0.45614032E-02  0.19019469E-01
  0.19749889E-01  0.65259240E-02  0.18272254E-01
  0.20426298E-01  0.84785114E-02  0.17537811E-01
  0.21065789E-01  0.10417358E-01  0.16823463E-01
  0.21665175E-01  0.12340864E-01  0.16135518E-01
  0.22221730E-01  0.14247604E-01  0.15479244E-01
  0.22733205E-01  0.16136290E-01  0.14858867E-01
  0.23197826E-01  0.18005752E-01  0.14277600E-01
  0.23614296E-01  0.19854921E-01  0.13737693E-01
  0.23981790E-01  0.21682819E-01  0.13240500E-01
  0.24299944E-01  0.23488558E-01  0.12786568E-01
  0.24568851E-01  0.25271344E-01  0.12375730E-01
  0.24789051E-01  0.27030478E-01  0.12007207E-01
  0.24961518E-01  0.28765365E-01  0.11679709E-01
  0.25087652E-01  0.30475519E-01  0.11391535E-01
  0.25169262E-01  0.32160559E-01  0.11140666E-01
  0.25208550E-01  0.33820208E-01  0.10924843E-01
  0.25208089E-01  0.35454283E-01  0.10741639E-01
  0.25170792E-01  0.37062679E-01  0.10588514E-01
  0.25099881E-01  0.38645349E-01  0.10462857E-01
  0.24998841E-01  0.40202284E-01  0.10362017E-01
  0.24871377E-01  0.41733483E-01  0.10283318E-01
  0.24721354E-01  0.43238936E-01  0.10224069E-01
  0.24552743E-01  0.44718595E-01  0.10181567E-01
  0.24369557E-01  0.46172359E-01  0.10153098E-01
  0.24175789E-01  0.47600058E-01  0.10135929E-01
  0.23975351E-01  0.49001449E-01  0.10127313E-01
  0.23772016E-01  0.50376210E-01  0.10124489E-01
  0.23569364E-01  0.51723948E-01  0.10124690E-01
  0.23370736E-01  0.53044203E-01  0.10125157E-01
  0.23179202E-01  0.54336467E-01  0.10123154E-01
  0.22997524E-01  0.55600196E-01  0.10115999E-01
  0.22828143E-01  0.56834826E-01  0.10101080E-01
  0.22673164E-01  0.58039785E-01  0.10075897E-01
  0.22534358E-01  0.59214510E-01  0.10038083E-01
  0.22413160E-01  0.60358451E-01  0.99854367E-02
  0.22310680E-01  0.61471077E-01  0.99159469E-02
  0.22227717E-01  0.62551874E-01  0.98278156E-02
  0.22164770E-01  0.63600345E-01  0.97194731E-02
  0.22122054E-01  0.64615996E-01  0.95895872E-02
  0.22099515E-01  0.65598331E-01  0.94370678E-02
  0.22096845E-01  0.66546840E-01  0.92610639E-02
  0.22113490E-01  0.67460991E-01  0.90609562E-02
  0.22148666E-01  0.68340221E-01  0.88363452E-02
  0.22201365E-01  0.69183932E-01  0.85870363E-02
  0.22270371E-01  0.69991491E-01  0.83130241E-02
  0.22354267E-01  0.70762234E-01  0.80144752E-02
  0.22451452E-01  0.71495477E-01  0.76917136E-02
  0.22560156E-01  0.72190522E-01  0.73452068E-02
  0.22678459E-01  0.72846682E-01  0.69755555E-02
  0.22804319E-01  0.73463289E-01  0.65834857E-02
  0.22935596E-01  0.74039716E-01  0.61698444E-02
  0.23070086E-01  0.74575394E-01  0.57355978E-02
  0.23205555E-01  0.75069826E-01  0.52818311E-02
  0.23339780E-01  0.75522597E-01  0.48097500E-02
  0.23470584E-01  0.75933386E-01  0.43206825E-02
  0.23595879E-01  0.76301962E-01  0.38160796E-02
  0.23713705E-01  0.76628190E-01  0.32975146E-02
  0.23822268E-01  0.76912023E-01  0.27666798E-02
  0.23919970E-01  0.77153493E-01  0.22253803E-02
  0.24005447E-01  0.77352704E-01  0.16755249E-02
  0.24077589E-01  0.77509818E-01  0.11191126E-02
  0.24135562E-01  0.77625048E-01  0.55821739E-03
  0.24178824E-01  0.77698646E-01 -0.50308806E-05
 -0.40394231E-02 -0.43388251E-01 -0.96145146E-06
 -0.38320170E-02 -0.43459086E-01  0.20966040E-02
 -0.36074731E-02 -0.43406107E-01  0.41795917E-02
 -0.33658718E-02 -0.43230479E-01  0.62338075E-02
 -0.31069102E-02 -0.42933654E-01  0.82453947E-02
 -0.28299192E-02 -0.42517371E-01  0.10200977E-01
 -0.25338911E-02 -0.41983659E-01  0.12087792E-01
 -0.22175168E-02 -0.41334850E-01  0.13893815E-01
 -0.18792351E-02 -0.40573596E-01  0.15607876E-01
 -0.15172932E-02 -0.39702888E-01  0.17219758E-01
 -0.11298186E-02 -0.38726078E-01  0.18720295E-01
 -0.71490151E-03 -0.37646897E-01  0.20101459E-01
 -0.27068555E-03 -0.36469462E-01  0.21356433E-01
  0.20453528E-03 -0.35198284E-01  0.22479683E-01
  0.71221692E-03 -0.33838252E-01  0.23467019E-01
  0.12534668E-02 -0.32394616E-01  0.24315642E-01
  0.18289509E-02 -0.30872951E-01  0.25024189E-01
  0.24388112E-02 -0.29279108E-01  0.25592752E-01
  0.30825971E-02 -0.27619156E-01  0.26022885E-01
  0.37592157E-02 -0.25899314E-01  0.26317596E-01
  0.44669031E-02 -0.24125871E-01  0.26481301E-01
  0.52032199E-02 -0.22305113E-01  0.26519768E-01
  0.59650707E-02 -0.20443241E-01  0.26440023E-01
  0.67487473E-02 -0.18546292E-01  0.26250234E-01
  0.75499953E-02 -0.16620075E-01  0.25959569E-01
  0.83640984E-02 -0.14670105E-01  0.25578030E-01
  0.91859788E-02 -0.12701557E-01  0.25116268E-01
  0.10010307E-01 -0.10719229E-01  0.24585387E-01
  0.10831620E-01 -0.87275228E-02  0.23996739E-01
  0.11644432E-01 -0.67304318E-02  0.23361717E-01
  0.12443350E-01 -0.47315485E-02  0.22691556E-01
  0.13223170E-01 -0.27340808E-02  0.21997141E-01
  0.13978970E-01 -0.74087728E-03  0.21288832E-01
  0.14706179E-01  0.12455393E-02  0.20576320E-01
  0.15400637E-01  0.32229355E-02  0.19868490E-01
  0.16058630E-01  0.51893286E-02  0.19173326E-01
  0.16676924E-01  0.71429498E-02  0.18497836E-01
  0.17252765E-01  0.90822102E-02  0.17848013E-01
  0.17783888E-01  0.11005673E-01  0.17228811E-01
  0.18268506E-01  0.12912029E-01  0.16644161E-01
  0.18705295E-01  0.14800087E-01  0.16097004E-01
  0.19093381E-01  0.16668755E-01  0.15589340E-01
  0.19432324E-01  0.18517045E-01  0.15122303E-01
  0.19722100E-01  0.20344069E-01  0.14696244E-01
  0.19963091E-01  0.22149044E-01  0.14310820E-01
  0.20156077E-01  0.23931292E-01  0.13965095E-01
  0.20302222E-01  0.25690243E-01  0.13657632E-01
  0.20403075E-01  0.27425438E-01  0.13386592E-01
  0.20460554E-01  0.29136519E-01  0.13149819E-01
  0.20476942E-01  0.30823224E-01  0.12944921E-01
  0.20454868E-01  0.32485369E-01  0.12769337E-01
  0.20397287E-01  0.34122833E-01  0.12620395E-01
  0.20307451E-01  0.35735538E-01  0.12495360E-01
  0.20188873E-01  0.37323422E-01  0.12391464E-01
  0.20045283E-01  0.38886418E-01  0.12305931E-01
  0.19880574E-01  0.40424429E-01  0.12235995E-01
  0.19698743E-01  0.41937314E-01  0.12178904E-01
  0.19503830E-01  0.43424869E-01  0.12131930E-01
  0.19299850E-01  0.44886815E-01  0.12092365E-01
  0.19090730E-01  0.46322800E-01  0.12057526E-01
  0.18880247E-01  0.47732395E-01  0.12024758E-01
  0.18671970E-01  0.49115104E-01  0.11991439E-01
  0.18469210E-01  0.50470372E-01  0.11954990E-01
  0.18274984E-01  0.51797602E-01  0.11912889E-01
  0.18091979E-01  0.53096166E-01  0.11862685E-01
  0.17922538E-01  0.54365426E-01  0.11802023E-01
  0.17768646E-01  0.55604739E-01  0.11728661E-01
  0.17631933E-01  0.56813476E-01  0.11640498E-01
  0.17513679E-01  0.57991025E-01  0.11535591E-01
  0.17414830E-01  0.59136793E-01  0.11412180E-01
  0.17336016E-01  0.60250207E-01  0.11268705E-01
  0.17277569E-01  0.61330711E-01  0.11103819E-01
  0.17239550E-01  0.62377755E-01  0.10916394E-01
  0.17221765E-01  0.63390788E-01  0.10705532E-01
  0.17223785E-01  0.64369250E-01  0.10470558E-01
  0.17244966E-01  0.65312563E-01  0.10211018E-01
  0.17284461E-01  0.66220128E-01  0.99266682E-02
  0.17341232E-01  0.67091319E-01  0.96174634E-02
  0.17414064E-01  0.67925489E-01  0.92835423E-02
  0.17501577E-01  0.68721974E-01  0.89252123E-02
  0.17602232E-01  0.69480102E-01  0.85429350E-02
  0.17714350E-01  0.70199207E-01  0.81373113E-02
  0.17836124E-01  0.70878647E-01  0.77090696E-02
  0.17965642E-01  0.71517815E-01  0.72590552E-02
  0.18100904E-01  0.72116160E-01  0.67882229E-02
  0.18239855E-01  0.72673200E-01  0.62976306E-02
  0.18380407E-01  0.73188531E-01  0.57884369E-02
  0.18520480E-01  0.73661838E-01  0.52618975E-02
  0.18658029E-01  0.74092898E-01  0.47193650E-02
  0.18791084E-01  0.74481579E-01  0.41622869E-02
  0.18917783E-01  0.74827830E-01  0.35922034E-02
  0.19036408E-01  0.75131681E-01  0.30107448E-02
  0.19145417E-01  0.75393220E-01  0.24196257E-02
  0.19243469E-01  0.75612587E-01  0.18206380E-02
  0.19329455E-01  0.75789959E-01  0.12156412E-02
  0.19402512E-01  0.75925534E-01  0.60655107E-03
  0.19462042E-01  0.76019523E-01 -0.46744796E-05
 -0.92576323E-02 -0.47852958E-01 -0.14196558E-05
 -0.90508250E-02 -0.47922814E-01  0.21693058E-02
 -0.88242358E-02 -0.47865246E-01  0.43252352E-02
 -0.85780036E-02 -0.47681568E-01  0.64518586E-02
 -0.83118914E-02 -0.47373368E-01  0.85349917E-02
 -0.80252980E-02 -0.46942503E-01  0.10560921E-01
 -0.77172803E-02 -0.46391109E-01  0.12516543E-01
 -0.73865864E-02 -0.45721623E-01  0.14389495E-01
 -0.70317031E-02 -0.44936805E-01  0.16168280E-01
 -0.66509159E-02 -0.44039775E-01  0.17842379E-01
 -0.62423836E-02 -0.43034039E-01  0.19402364E-01
 -0.58042263E-02 -0.41923520E-01  0.20839989E-01
 -0.53346238E-02 -0.40712568E-01  0.22148287E-01
 -0.48319227E-02 -0.39405968E-01  0.23321645E-01
 -0.42947472E-02 -0.38008922E-01  0.24355875E-01
 -0.37221089E-02 -0.36527024E-01  0.25248267E-01
 -0.31135096E-02 -0.34966213E-01  0.25997631E-01
 -0.24690328E-02 -0.33332703E-01  0.26604314E-01
 -0.17894167E-02 -0.31632917E-01  0.27070198E-01
 -0.10761050E-02 -0.29873396E-01  0.27398677E-01
 -0.33127218E-03 -0.28060709E-01  0.27594597E-01
  0.44218038E-03 -0.26201361E-01  0.27664177E-01
  0.12406560E-02 -0.24301709E-01  0.27614895E-01
  0.20599226E-02 -0.22367878E-01  0.27455354E-01
  0.28951974E-02 -0.20405694E-01  0.27195117E-01
  0.37412515E-02 -0.18420632E-01  0.26844520E-01
  0.45925309E-02 -0.16417776E-01  0.26414480E-01
  0.54432852E-02 -0.14401792E-01  0.25916283E-01
  0.62876999E-02 -0.12376930E-01  0.25361376E-01
  0.71200245E-02 -0.10347021E-01  0.24761156E-01
  0.79346914E-02 -0.83155039E-02  0.24126779E-01
  0.87264214E-02 -0.62854469E-02  0.23468974E-01
  0.94903107E-02 -0.42595858E-02  0.22797883E-01
  0.10221900E-01 -0.22403594E-02  0.22122924E-01
  0.10917221E-01 -0.22994821E-03  0.21452678E-01
  0.11572827E-01  0.17696898E-02  0.20794805E-01
  0.12185804E-01  0.37567872E-02  0.20155988E-01
  0.12753767E-01  0.57297401E-02  0.19541899E-01
  0.13274843E-01  0.76870871E-02  0.18957197E-01
  0.13747654E-01  0.96274947E-02  0.18405543E-01
  0.14171284E-01  0.11549748E-01  0.17889637E-01
  0.14545258E-01  0.13452745E-01  0.17411276E-01
  0.14869510E-01  0.15335499E-01  0.16971416E-01
  0.15144366E-01  0.17197136E-01  0.16570256E-01
  0.15370523E-01  0.19036895E-01  0.16207320E-01
  0.15549037E-01  0.20854134E-01  0.15881548E-01
  0.15681313E-01  0.22648321E-01  0.15591386E-01
  0.15769097E-01  0.24419032E-01  0.15334875E-01
  0.15814471E-01  0.26165941E-01  0.15109731E-01
  0.15819846E-01  0.27888805E-01  0.14913429E-01
  0.15787945E-01  0.29587447E-01  0.14743266E-01
  0.15721791E-01  0.31261738E-01  0.14596425E-01
  0.15624678E-01  0.32911569E-01  0.14470026E-01
  0.15500139E-01  0.34536836E-01  0.14361164E-01
  0.15351905E-01  0.36137410E-01  0.14266946E-01
  0.15183855E-01  0.37713126E-01  0.14184512E-01
  0.14999957E-01  0.39263759E-01  0.14111055E-01
  0.14804213E-01  0.40789018E-01  0.14043826E-01
  0.14600586E-01  0.42288540E-01  0.13980151E-01
  0.14392945E-01  0.43761887E-01  0.13917425E-01
  0.14184998E-01  0.45208550E-01  0.13853123E-01
  0.13980235E-01  0.46627960E-01  0.13784801E-01
  0.13781884E-01  0.48019500E-01  0.13710097E-01
  0.13592865E-01  0.49382517E-01  0.13626742E-01
  0.13415768E-01  0.50716339E-01  0.13532565E-01
  0.13252825E-01  0.52020288E-01  0.13425504E-01
  0.13105909E-01  0.53293691E-01  0.13303618E-01
  0.12976534E-01  0.54535891E-01  0.13165099E-01
  0.12865861E-01  0.55746253E-01  0.13008289E-01
  0.12774719E-01  0.56924161E-01  0.12831692E-01
  0.12703624E-01  0.58069021E-01  0.12633987E-01
  0.12652802E-01  0.59180253E-01  0.12414041E-01
  0.12622216E-01  0.60257285E-01  0.12170916E-01
  0.12611590E-01  0.61299542E-01  0.11903876E-01
  0.12620428E-01  0.62306443E-01  0.11612388E-01
  0.12648038E-01  0.63277392E-01  0.11296122E-01
  0.12693545E-01  0.64211772E-01  0.10954948E-01
  0.12755910E-01  0.65108949E-01  0.10588924E-01
  0.12833937E-01  0.65968276E-01  0.10198289E-01
  0.12926288E-01  0.66789096E-01  0.97834518E-02
  0.13031491E-01  0.67570757E-01  0.93449743E-02
  0.13147953E-01  0.68312626E-01  0.88835609E-02
  0.13273976E-01  0.69014104E-01  0.84000437E-02
  0.13407767E-01  0.69674640E-01  0.78953702E-02
  0.13547460E-01  0.70293752E-01  0.73705918E-02
  0.13691141E-01  0.70871031E-01  0.68268543E-02
  0.13836868E-01  0.71406159E-01  0.62653890E-02
  0.13982702E-01  0.71898906E-01  0.56875065E-02
  0.14126735E-01  0.72349137E-01  0.50945911E-02
  0.14267125E-01  0.72756801E-01  0.44880954E-02
  0.14402122E-01  0.73121926E-01  0.38695366E-02
  0.14530100E-01  0.73444603E-01  0.32404919E-02
  0.14649589E-01  0.73724973E-01  0.26025935E-02
  0.14759294E-01  0.73963206E-01  0.19575230E-02
  0.14858125E-01  0.74159488E-01  0.13070052E-02
  0.14945209E-01  0.74314005E-01  0.65280007E-03
  0.15019908E-01  0.74426931E-01 -0.33057211E-05
 -0.15083722E-01 -0.53107731E-01 -0.17638316E-05
 -0.14876285E-01 -0.53175904E-01  0.22468470E-02
 -0.14645304E-01 -0.53111542E-01  0.44803756E-02
 -0.14390962E-01 -0.52916103E-01  0.66839131E-02
 -0.14113069E-01 -0.52591306E-01  0.88428637E-02
 -0.13811078E-01 -0.52139132E-01  0.10943094E-01
 -0.13484101E-01 -0.51561834E-01  0.12971080E-01
 -0.13130944E-01 -0.50861970E-01  0.14914049E-01
 -0.12750155E-01 -0.50042434E-01  0.16760113E-01
 -0.12340088E-01 -0.49106503E-01  0.18498405E-01
 -0.11898980E-01 -0.48057877E-01  0.20119194E-01
 -0.11425043E-01 -0.46900706E-01  0.21614006E-01
 -0.10916574E-01 -0.45639615E-01  0.22975721E-01
 -0.10372065E-01 -0.44279705E-01  0.24198670E-01
 -0.97903246E-02 -0.42826538E-01  0.25278706E-01
 -0.91705908E-02 -0.41286097E-01  0.26213265E-01
 -0.85126425E-02 -0.39664733E-01  0.27001399E-01
 -0.78168917E-02 -0.37969082E-01  0.27643792E-01
 -0.70844576E-02 -0.36205984E-01  0.28142738E-01
 -0.63172139E-02 -0.34382376E-01  0.28502103E-01
 -0.55178075E-02 -0.32505192E-01  0.28727246E-01
 -0.46896458E-02 -0.30581259E-01  0.28824910E-01
 -0.38368522E-02 -0.28617204E-01  0.28803092E-01
 -0.29641921E-02 -0.26619369E-01  0.28670876E-01
 -0.20769732E-02 -0.24593746E-01  0.28438250E-01
 -0.11809245E-02 -0.22545921E-01  0.28115906E-01
 -0.28206108E-03 -0.20481048E-01  0.27715026E-01
  0.61345857E-03 -0.18403830E-01  0.27247067E-01
  0.14994757E-02 -0.16318528E-01  0.26723546E-01
  0.23699679E-02 -0.14228970E-01  0.26155839E-01
  0.32191736E-02 -0.12138587E-01  0.25554987E-01
  0.40416994E-02 -0.10050441E-01  0.24931530E-01
  0.48326068E-02 -0.79672663E-02  0.24295357E-01
  0.55874774E-02 -0.58915121E-02  0.23655589E-01
  0.63024556E-02 -0.38253761E-02  0.23020482E-01
  0.69742700E-02 -0.17708405E-02  0.22397360E-01
  0.76002366E-02  0.27030066E-03  0.21792572E-01
  0.81782464E-02  0.22964187E-02  0.21211480E-01
  0.87067411E-02  0.43060344E-02  0.20658455E-01
  0.91846813E-02  0.62978072E-02  0.20136906E-01
  0.96115111E-02  0.82705290E-02  0.19649318E-01
  0.99871212E-02  0.10223121E-01  0.19197305E-01
  0.10311815E-01  0.12154633E-01  0.18781675E-01
  0.10586280E-01  0.14064241E-01  0.18402499E-01
  0.10811558E-01  0.15951247E-01  0.18059193E-01
  0.10989033E-01  0.17815073E-01  0.17750595E-01
  0.11120406E-01  0.19655254E-01  0.17475052E-01
  0.11207694E-01  0.21471426E-01  0.17230495E-01
  0.11253208E-01  0.23263317E-01  0.17014526E-01
  0.11259549E-01  0.25030720E-01  0.16824487E-01
  0.11229593E-01  0.26773484E-01  0.16657537E-01
  0.11166470E-01  0.28491480E-01  0.16510710E-01
  0.11073541E-01  0.30184591E-01  0.16380979E-01
  0.10954363E-01  0.31852682E-01  0.16265300E-01
  0.10812658E-01  0.33495584E-01  0.16160659E-01
  0.10652256E-01  0.35113078E-01  0.16064101E-01
  0.10477053E-01  0.36704883E-01  0.15972762E-01
  0.10290949E-01  0.38270648E-01  0.15883883E-01
  0.10097793E-01  0.39809951E-01  0.15794827E-01
  0.99013191E-02  0.41322302E-01  0.15703084E-01
  0.97050981E-02  0.42807147E-01  0.15606273E-01
  0.95124802E-02  0.44263884E-01  0.15502146E-01
  0.93265532E-02  0.45691870E-01  0.15388583E-01
  0.91501057E-02  0.47090441E-01  0.15263590E-01
  0.89856003E-02  0.48458920E-01  0.15125296E-01
  0.88351571E-02  0.49796634E-01  0.14971955E-01
  0.87005465E-02  0.51102924E-01  0.14801942E-01
  0.85831908E-02  0.52377148E-01  0.14613759E-01
  0.84841748E-02  0.53618687E-01  0.14406039E-01
  0.84042610E-02  0.54826946E-01  0.14177552E-01
  0.83439109E-02  0.56001346E-01  0.13927214E-01
  0.83033080E-02  0.57141321E-01  0.13654094E-01
  0.82823823E-02  0.58246308E-01  0.13357426E-01
  0.82808345E-02  0.59315742E-01  0.13036613E-01
  0.82981579E-02  0.60349044E-01  0.12691236E-01
  0.83336593E-02  0.61345620E-01  0.12321058E-01
  0.83864763E-02  0.62304859E-01  0.11926026E-01
  0.84555922E-02  0.63226129E-01  0.11506267E-01
  0.85398498E-02  0.64108791E-01  0.11062086E-01
  0.86379624E-02  0.64952202E-01  0.10593958E-01
  0.87485259E-02  0.65755732E-01  0.10102516E-01
  0.88700297E-02  0.66518776E-01  0.95885404E-02
  0.90008704E-02  0.67240773E-01  0.90529448E-02
  0.91393660E-02  0.67921221E-01  0.84967610E-02
  0.92837733E-02  0.68559691E-01  0.79211247E-02
  0.94323076E-02  0.69155841E-01  0.73272610E-02
  0.95831647E-02  0.69709421E-01  0.67164714E-02
  0.97345453E-02  0.70220276E-01  0.60901214E-02
  0.98846803E-02  0.70688344E-01  0.54496306E-02
  0.10031858E-01  0.71113647E-01  0.47964635E-02
  0.10174451E-01  0.71496278E-01  0.41321221E-02
  0.10310940E-01  0.71836387E-01  0.34581397E-02
  0.10439942E-01  0.72134156E-01  0.27760757E-02
  0.10560228E-01  0.72389788E-01  0.20875111E-02
  0.10670746E-01  0.72603479E-01  0.13940449E-02
  0.10770635E-01  0.72775407E-01  0.69728974E-03
  0.10859235E-01  0.72905719E-01 -0.11312333E-05
 -0.21622424E-01 -0.59264185E-01 -0.19602641E-05
 -0.21412866E-01 -0.59329941E-01  0.23304842E-02
 -0.21174496E-01 -0.59256091E-01  0.46474421E-02
 -0.20907526E-01 -0.59044226E-01  0.69334895E-02
 -0.20611803E-01 -0.58696201E-01  0.91735079E-02
 -0.20286826E-01 -0.58214131E-01  0.11352841E-01
 -0.19931763E-01 -0.57600418E-01  0.13457454E-01
 -0.19545496E-01 -0.56857780E-01  0.15474085E-01
 -0.19126666E-01 -0.55989300E-01  0.17390400E-01
 -0.18673745E-01 -0.54998475E-01  0.19195137E-01
 -0.18185122E-01 -0.53889262E-01  0.20878248E-01
 -0.17659195E-01 -0.52666110E-01  0.22431025E-01
 -0.17094489E-01 -0.51333991E-01  0.23846219E-01
 -0.16489771E-01 -0.49898395E-01  0.25118142E-01
 -0.15844168E-01 -0.48365311E-01  0.26242742E-01
 -0.15157291E-01 -0.46741186E-01  0.27217667E-01
 -0.14429337E-01 -0.45032854E-01  0.28042290E-01
 -0.13661182E-01 -0.43247458E-01  0.28717709E-01
 -0.12854448E-01 -0.41392340E-01  0.29246716E-01
 -0.12011546E-01 -0.39474936E-01  0.29633728E-01
 -0.11135679E-01 -0.37502664E-01  0.29884688E-01
 -0.10230827E-01 -0.35482807E-01  0.30006932E-01
 -0.93016817E-02 -0.33422418E-01  0.30009024E-01
 -0.83535683E-02 -0.31328229E-01  0.29900574E-01
 -0.73923295E-02 -0.29206581E-01  0.29692029E-01
 -0.64241955E-02 -0.27063375E-01  0.29394453E-01
 -0.54556394E-02 -0.24904041E-01  0.29019306E-01
 -0.44932265E-02 -0.22733526E-01  0.28578217E-01
 -0.35434653E-02 -0.20556303E-01  0.28082775E-01
 -0.26126669E-02 -0.18376390E-01  0.27544324E-01
 -0.17068184E-02 -0.16197378E-01  0.26973786E-01
 -0.83147454E-03 -0.14022473E-01  0.26381503E-01
  0.83287281E-05 -0.11854534E-01  0.25777105E-01
  0.80813766E-03 -0.96961120E-02  0.25169413E-01
  0.15641214E-02 -0.75494878E-02  0.24566352E-01
  0.22730909E-02 -0.54167050E-02  0.23974912E-01
  0.29324988E-02 -0.32995960E-02  0.23401114E-01
  0.35404233E-02 -0.11998033E-02  0.22850005E-01
  0.40955404E-02  0.88120497E-03  0.22325677E-01
  0.45970866E-02  0.29421244E-02  0.21831291E-01
  0.50448186E-02  0.49818065E-02  0.21369121E-01
  0.54389700E-02  0.69992526E-02  0.20940605E-01
  0.57802100E-02  0.89936095E-02  0.20546403E-01
  0.60696049E-02  0.10964163E-01  0.20186467E-01
  0.63085838E-02  0.12910330E-01  0.19860108E-01
  0.64989090E-02  0.14831651E-01  0.19566069E-01
  0.66426501E-02  0.16727771E-01  0.19302599E-01
  0.67421621E-02  0.18598431E-01  0.19067533E-01
  0.68000648E-02  0.20443445E-01  0.18858361E-01
  0.68192230E-02  0.22262679E-01  0.18672308E-01
  0.68027256E-02  0.24056032E-01  0.18506401E-01
  0.67538616E-02  0.25823412E-01  0.18357541E-01
  0.66760930E-02  0.27564716E-01  0.18222565E-01
  0.65730225E-02  0.29279809E-01  0.18098305E-01
  0.64483567E-02  0.30968511E-01  0.17981638E-01
  0.63058650E-02  0.32630583E-01  0.17869531E-01
  0.61493339E-02  0.34265720E-01  0.17759077E-01
  0.59825193E-02  0.35873547E-01  0.17647516E-01
  0.58090973E-02  0.37453621E-01  0.17532263E-01
  0.56326159E-02  0.39005440E-01  0.17410910E-01
  0.54564489E-02  0.40528447E-01  0.17281230E-01
  0.52837540E-02  0.42022048E-01  0.17141179E-01
  0.51174364E-02  0.43485619E-01  0.16988880E-01
  0.49601200E-02  0.44918526E-01  0.16822618E-01
  0.48141250E-02  0.46320135E-01  0.16640825E-01
  0.46814552E-02  0.47689820E-01  0.16442068E-01
  0.45637914E-02  0.49026977E-01  0.16225038E-01
  0.44624934E-02  0.50331021E-01  0.15988540E-01
  0.43786080E-02  0.51601392E-01  0.15731492E-01
  0.43128821E-02  0.52837550E-01  0.15452921E-01
  0.42657796E-02  0.54038969E-01  0.15151967E-01
  0.42375015E-02  0.55205129E-01  0.14827890E-01
  0.42280060E-02  0.56335510E-01  0.14480077E-01
  0.42370295E-02  0.57429578E-01  0.14108053E-01
  0.42641068E-02  0.58486784E-01  0.13711494E-01
  0.43085895E-02  0.59506555E-01  0.13290232E-01
  0.43696633E-02  0.60488298E-01  0.12844269E-01
  0.44463627E-02  0.61431398E-01  0.12373777E-01
  0.45375857E-02  0.62335231E-01  0.11879103E-01
  0.46421069E-02  0.63199170E-01  0.11360762E-01
  0.47585903E-02  0.64022606E-01  0.10819438E-01
  0.48856027E-02  0.64804959E-01  0.10255963E-01
  0.50216280E-02  0.65545698E-01  0.96713159E-02
  0.51650827E-02  0.66244360E-01  0.90665947E-02
  0.53143329E-02  0.66900560E-01  0.84430067E-02
  0.54677136E-02  0.67514007E-01  0.78018464E-02
  0.56235483E-02  0.68084506E-01  0.71444789E-02
  0.57801712E-02  0.68611962E-01  0.64723216E-02
  0.59359492E-02  0.69096374E-01  0.57868298E-02
  0.60893045E-02  0.69537824E-01  0.50894825E-02
  0.62387367E-02  0.69936462E-01  0.43817719E-02
  0.63828441E-02  0.70292484E-01  0.36651950E-02
  0.65203430E-02  0.70606117E-01  0.29412477E-02
  0.66500857E-02  0.70877588E-01  0.22114207E-02
  0.67710755E-02  0.71107111E-01  0.14771984E-02
  0.68824791E-02  0.71294862E-01  0.74005813E-03
  0.69836363E-02  0.71440970E-01  0.14716383E-05
 -0.28998547E-01 -0.66447981E-01 -0.19928163E-05
 -0.28785239E-01 -0.66510465E-01  0.24216399E-02
 -0.28535796E-01 -0.66423615E-01  0.48292102E-02
 -0.28250457E-01 -0.66189156E-01  0.72046263E-02
 -0.27929107E-01 -0.65809094E-01  0.95321047E-02
 -0.27571299E-01 -0.65285723E-01  0.11796341E-01
 -0.27176284E-01 -0.64621656E-01  0.13982681E-01
 -0.26743056E-01 -0.63819859E-01  0.16077293E-01
 -0.26270412E-01 -0.62883704E-01  0.18067335E-01
 -0.25757027E-01 -0.61817023E-01  0.19941120E-01
 -0.25201549E-01 -0.60624152E-01  0.21688271E-01
 -0.24602693E-01 -0.59309974E-01  0.23299863E-01
 -0.23959364E-01 -0.57879932E-01  0.24768557E-01
 -0.23270768E-01 -0.56340034E-01  0.26088695E-01
 -0.22536537E-01 -0.54696828E-01  0.27256395E-01
 -0.21756835E-01 -0.52957347E-01  0.28269591E-01
 -0.20932463E-01 -0.51129044E-01  0.29128059E-01
 -0.20064939E-01 -0.49219695E-01  0.29833400E-01
 -0.19156553E-01 -0.47237290E-01  0.30388981E-01
 -0.18210396E-01 -0.45189919E-01  0.30799850E-01
 -0.17230359E-01 -0.43085647E-01  0.31072602E-01
 -0.16221093E-01 -0.40932400E-01  0.31215226E-01
 -0.15187945E-01 -0.38737856E-01  0.31236907E-01
 -0.14136860E-01 -0.36509351E-01  0.31147824E-01
 -0.13074261E-01 -0.34253805E-01  0.30958916E-01
 -0.12006914E-01 -0.31977665E-01  0.30681652E-01
 -0.10941776E-01 -0.29686872E-01  0.30327794E-01
 -0.98858433E-02 -0.27386846E-01  0.29909168E-01
 -0.88459991E-02 -0.25082490E-01  0.29437451E-01
 -0.78288752E-02 -0.22778203E-01  0.28923976E-01
 -0.68407243E-02 -0.20477915E-01  0.28379564E-01
 -0.58873125E-02 -0.18185115E-01  0.27814376E-01
 -0.49738327E-02 -0.15902894E-01  0.27237801E-01
 -0.41048420E-02 -0.13633985E-01  0.26658370E-01
 -0.32842194E-02 -0.11380795E-01  0.26083693E-01
 -0.25151472E-02 -0.91454414E-02  0.25520430E-01
 -0.18001096E-02 -0.69297823E-02  0.24974275E-01
 -0.11409078E-02 -0.47354372E-02  0.24449964E-01
 -0.53868904E-03 -0.25638085E-02  0.23951299E-01
  0.60165061E-05 -0.41609718E-03  0.23481183E-01
  0.49325131E-03  0.17066832E-02  0.23041664E-01
  0.92358320E-03  0.38036940E-02  0.22633986E-01
  0.12980570E-02  0.58742589E-02  0.22258648E-01
  0.16181473E-02  0.79178508E-02  0.21915463E-01
  0.18857125E-02  0.99340766E-02  0.21603623E-01
  0.21029535E-02  0.11922660E-01  0.21321766E-01
  0.22723731E-02  0.13883425E-01  0.21068041E-01
  0.23967407E-02  0.15816269E-01  0.20840185E-01
  0.24790571E-02  0.17721150E-01  0.20635587E-01
  0.25225226E-02  0.19598053E-01  0.20451366E-01
  0.25305045E-02  0.21446978E-01  0.20284440E-01
  0.25065053E-02  0.23267911E-01  0.20131601E-01
  0.24541301E-02  0.25060809E-01  0.19989580E-01
  0.23770524E-02  0.26825582E-01  0.19855111E-01
  0.22789792E-02  0.28562082E-01  0.19724996E-01
  0.21636144E-02  0.30270094E-01  0.19596148E-01
  0.20346219E-02  0.31949335E-01  0.19465642E-01
  0.18955881E-02  0.33599451E-01  0.19330739E-01
  0.17499856E-02  0.35220025E-01  0.19188917E-01
  0.16011375E-02  0.36810587E-01  0.19037877E-01
  0.14521855E-02  0.38370622E-01  0.18875551E-01
  0.13060606E-02  0.39899587E-01  0.18700088E-01
  0.11654583E-02  0.41396923E-01  0.18509849E-01
  0.10328186E-02  0.42862066E-01  0.18303382E-01
  0.91031145E-03  0.44294465E-01  0.18079402E-01
  0.79982716E-03  0.45693581E-01  0.17836769E-01
  0.70297211E-03  0.47058901E-01  0.17574468E-01
  0.62106945E-03  0.48389934E-01  0.17291587E-01
  0.55516382E-03  0.49686212E-01  0.16987307E-01
  0.50602978E-03  0.50947282E-01  0.16660893E-01
  0.47418290E-03  0.52172701E-01  0.16311692E-01
  0.45989299E-03  0.53362024E-01  0.15939137E-01
  0.46319853E-03  0.54514796E-01  0.15542755E-01
  0.48392188E-03  0.55630540E-01  0.15122181E-01
  0.52168469E-03  0.56708755E-01  0.14677170E-01
  0.57592320E-03  0.57748909E-01  0.14207614E-01
  0.64590348E-03  0.58750440E-01  0.13713556E-01
  0.73073631E-03  0.59712761E-01  0.13195201E-01
  0.82939220E-03  0.60635270E-01  0.12652921E-01
  0.94071637E-03  0.61517364E-01  0.12087264E-01
  0.10634443E-02  0.62358452E-01  0.11498943E-01
  0.11962178E-02  0.63157977E-01  0.10888834E-01
  0.13376020E-02  0.63915435E-01  0.10257960E-01
  0.14861027E-02  0.64630391E-01  0.96074759E-02
  0.16401854E-02  0.65302495E-01  0.89386464E-02
  0.17982943E-02  0.65931492E-01  0.82528255E-02
  0.19588719E-02  0.66517230E-01  0.75514330E-02
  0.21203789E-02  0.67059659E-01  0.68359327E-02
  0.22813136E-02  0.67558824E-01  0.61078121E-02
  0.24402307E-02  0.68014852E-01  0.53685644E-02
  0.25957594E-02  0.68427939E-01  0.46196749E-02
  0.27466193E-02  0.68798321E-01  0.38626092E-02
  0.28916353E-02  0.69126257E-01  0.30988072E-02
  0.30297504E-02  0.69412003E-01  0.23296793E-02
  0.31600365E-02  0.69655787E-01  0.15566070E-02
  0.32817034E-02  0.69857791E-01  0.78094576E-03
  0.33941053E-02  0.70018137E-01  0.40303190E-05
 -0.37360327E-01 -0.74801413E-01 -0.18648980E-05
 -0.37141605E-01 -0.74859527E-01  0.25218580E-02
 -0.36876629E-01 -0.74754945E-01  0.50287172E-02
 -0.36565671E-01 -0.74489539E-01  0.75017600E-02
 -0.36208675E-01 -0.74065518E-01  0.99243628E-02
 -0.35805288E-01 -0.73485445E-01  0.12280419E-01
 -0.35354898E-01 -0.72752263E-01  0.14554533E-01
 -0.34856694E-01 -0.71869338E-01  0.16732205E-01
 -0.34309731E-01 -0.70840511E-01  0.18800025E-01
 -0.33713021E-01 -0.69670147E-01  0.20745850E-01
 -0.33065626E-01 -0.68363175E-01  0.22558975E-01
 -0.32366762E-01 -0.66925127E-01  0.24230289E-01
 -0.31615918E-01 -0.65362147E-01  0.25752406E-01
 -0.30812966E-01 -0.63680986E-01  0.27119777E-01
 -0.29958271E-01 -0.61888970E-01  0.28328763E-01
 -0.29052799E-01 -0.59993946E-01  0.29377681E-01
 -0.28098194E-01 -0.58004204E-01  0.30266804E-01
 -0.27096852E-01 -0.55928377E-01  0.30998325E-01
 -0.26051955E-01 -0.53775329E-01  0.31576278E-01
 -0.24967485E-01 -0.51554033E-01  0.32006421E-01
 -0.23848203E-01 -0.49273444E-01  0.32296079E-01
 -0.22699601E-01 -0.46942374E-01  0.32453957E-01
 -0.21527820E-01 -0.44569378E-01  0.32489923E-01
 -0.20339545E-01 -0.42162653E-01  0.32414777E-01
 -0.19141881E-01 -0.39729952E-01  0.32240000E-01
 -0.17942209E-01 -0.37278519E-01  0.31977510E-01
 -0.16748038E-01 -0.34815048E-01  0.31639413E-01
 -0.15566849E-01 -0.32345653E-01  0.31237773E-01
 -0.14405951E-01 -0.29875865E-01  0.30784399E-01
 -0.13272339E-01 -0.27410641E-01  0.30290653E-01
 -0.12172574E-01 -0.24954386E-01  0.29767291E-01
 -0.11112673E-01 -0.22510981E-01  0.29224331E-01
 -0.10098027E-01 -0.20083821E-01  0.28670949E-01
 -0.91333337E-02 -0.17675854E-01  0.28115412E-01
 -0.82225598E-02 -0.15289619E-01  0.27565031E-01
 -0.73689154E-02 -0.12927285E-01  0.27026144E-01
 -0.65748515E-02 -0.10590684E-01  0.26504118E-01
 -0.58420727E-02 -0.82813456E-02  0.26003366E-01
 -0.51715640E-02 -0.60005229E-02  0.25527382E-01
 -0.45636277E-02 -0.37492213E-02  0.25078783E-01
 -0.40179292E-02 -0.15282218E-02  0.24659359E-01
 -0.35335483E-02  0.66189586E-03  0.24270125E-01
 -0.31090351E-02  0.28207303E-02  0.23911381E-01
 -0.27424663E-02  0.49480355E-02  0.23582767E-01
 -0.24315036E-02  0.70436976E-02  0.23283329E-01
 -0.21734498E-02  0.91077102E-02  0.23011575E-01
 -0.19653051E-02  0.11140150E-01  0.22765543E-01
 -0.18038195E-02  0.13141152E-01  0.22542868E-01
 -0.16855443E-02  0.15110882E-01  0.22340846E-01
 -0.16068797E-02  0.17049516E-01  0.22156509E-01
 -0.15641205E-02  0.18957216E-01  0.21986692E-01
 -0.15534985E-02  0.20834110E-01  0.21828111E-01
 -0.15712218E-02  0.22680276E-01  0.21677431E-01
 -0.16135118E-02  0.24495727E-01  0.21531332E-01
 -0.16766371E-02  0.26280407E-01  0.21386579E-01
 -0.17569443E-02  0.28034182E-01  0.21240072E-01
 -0.18508861E-02  0.29756845E-01  0.21088897E-01
 -0.19550469E-02  0.31448115E-01  0.20930362E-01
 -0.20661650E-02  0.33107655E-01  0.20762023E-01
 -0.21811520E-02  0.34735072E-01  0.20581697E-01
 -0.22971098E-02  0.36329941E-01  0.20387465E-01
 -0.24113444E-02  0.37891811E-01  0.20177662E-01
 -0.25213778E-02  0.39420226E-01  0.19950858E-01
 -0.26249563E-02  0.40914731E-01  0.19705838E-01
 -0.27200575E-02  0.42374887E-01  0.19441567E-01
 -0.28048948E-02  0.43800276E-01  0.19157162E-01
 -0.28779199E-02  0.45190502E-01  0.18851865E-01
 -0.29378234E-02  0.46545194E-01  0.18525012E-01
 -0.29835339E-02  0.47864000E-01  0.18176015E-01
 -0.30142158E-02  0.49146579E-01  0.17804351E-01
 -0.30292653E-02  0.50392589E-01  0.17409549E-01
 -0.30283048E-02  0.51601682E-01  0.16991199E-01
 -0.30111768E-02  0.52773488E-01  0.16548954E-01
 -0.29779359E-02  0.53907606E-01  0.16082548E-01
 -0.29288386E-02  0.55003600E-01  0.15591810E-01
 -0.28643333E-02  0.56060994E-01  0.15076688E-01
 -0.27850470E-02  0.57079272E-01  0.14537263E-01
 -0.26917717E-02  0.58057888E-01  0.13973769E-01
 -0.25854486E-02  0.58996272E-01  0.13386602E-01
 -0.24671509E-02  0.59893850E-01  0.12776332E-01
 -0.23380659E-02  0.60750058E-01  0.12143700E-01
 -0.21994751E-02  0.61564363E-01  0.11489613E-01
 -0.20527340E-02  0.62336282E-01  0.10815133E-01
 -0.18992517E-02  0.63065407E-01  0.10121459E-01
 -0.17404694E-02  0.63751411E-01  0.94099032E-02
 -0.15778406E-02  0.64394067E-01  0.86818687E-02
 -0.14128112E-02  0.64993252E-01  0.79388211E-02
 -0.12468002E-02  0.65548945E-01  0.71822627E-02
 -0.10811835E-02  0.66061222E-01  0.64137081E-02
 -0.91727734E-03  0.66530243E-01  0.56346621E-02
 -0.75632526E-03  0.66956229E-01  0.48466026E-02
 -0.59948602E-03  0.67339448E-01  0.40509671E-02
 -0.44782375E-03  0.67680181E-01  0.32491452E-02
 -0.30229991E-03  0.67978705E-01  0.24424754E-02
 -0.16376677E-03  0.68235261E-01  0.16322475E-02
 -0.32962461E-04  0.68450042E-01  0.81970852E-03
  0.89492921E-04  0.68623172E-01  0.60718478E-05
 -0.46882919E-01 -0.84487164E-01 -0.15985198E-05
 -0.46657146E-01 -0.84539426E-01  0.26327626E-02
 -0.46371197E-01 -0.84410669E-01  0.52491795E-02
 -0.46025405E-01 -0.84102962E-01  0.78296031E-02
 -0.45619828E-01 -0.83618821E-01  0.10356356E-01
 -0.45154286E-01 -0.82961231E-01  0.12812349E-01
 -0.44628413E-01 -0.82133674E-01  0.15181293E-01
 -0.44041730E-01 -0.81140168E-01  0.17447914E-01
 -0.43393723E-01 -0.79985307E-01  0.19598162E-01
 -0.42683940E-01 -0.78674309E-01  0.21619406E-01
 -0.41912088E-01 -0.77213037E-01  0.23500619E-01
 -0.41078144E-01 -0.75608030E-01  0.25232537E-01
 -0.40182462E-01 -0.73866494E-01  0.26807796E-01
 -0.39225881E-01 -0.71996293E-01  0.28221034E-01
 -0.38209820E-01 -0.70005900E-01  0.29468959E-01
 -0.37136365E-01 -0.67904337E-01  0.30550376E-01
 -0.36008332E-01 -0.65701091E-01  0.31466164E-01
 -0.34829313E-01 -0.63406005E-01  0.32219220E-01
 -0.33603690E-01 -0.61029162E-01  0.32814351E-01
 -0.32336627E-01 -0.58580758E-01  0.33258125E-01
 -0.31034028E-01 -0.56070965E-01  0.33558687E-01
 -0.29702470E-01 -0.53509799E-01  0.33725543E-01
 -0.28349109E-01 -0.50906999E-01  0.33769322E-01
 -0.26981562E-01 -0.48271912E-01  0.33701514E-01
 -0.25607778E-01 -0.45613391E-01  0.33534212E-01
 -0.24235890E-01 -0.42939726E-01  0.33279843E-01
 -0.22874069E-01 -0.40258575E-01  0.32950921E-01
 -0.21530369E-01 -0.37576933E-01  0.32559807E-01
 -0.20212587E-01 -0.34901111E-01  0.32118495E-01
 -0.18928129E-01 -0.32236733E-01  0.31638431E-01
 -0.17683889E-01 -0.29588756E-01  0.31130354E-01
 -0.16486150E-01 -0.26961491E-01  0.30604178E-01
 -0.15340499E-01 -0.24358640E-01  0.30068902E-01
 -0.14251768E-01 -0.21783341E-01  0.29532555E-01
 -0.13223991E-01 -0.19238210E-01  0.29002162E-01
 -0.12260377E-01 -0.16725388E-01  0.28483740E-01
 -0.11363312E-01 -0.14246589E-01  0.27982319E-01
 -0.10534365E-01 -0.11803143E-01  0.27501968E-01
 -0.97743144E-02 -0.93960404E-02  0.27045840E-01
 -0.90831882E-02 -0.70259714E-02  0.26616227E-01
 -0.84603088E-02 -0.46933645E-02  0.26214613E-01
 -0.79043512E-02 -0.23984231E-02  0.25841735E-01
 -0.74134048E-02 -0.14116016E-03  0.25497645E-01
 -0.69850414E-02  0.20785685E-02  0.25181765E-01
 -0.66163855E-02  0.42610315E-02  0.24892953E-01
 -0.63041861E-02  0.64065904E-02  0.24629561E-01
 -0.60448892E-02  0.85156696E-02  0.24389496E-01
 -0.58347081E-02  0.10588727E-01  0.24170286E-01
 -0.56696919E-02  0.12626228E-01  0.23969140E-01
 -0.55457894E-02  0.14628617E-01  0.23783023E-01
 -0.54589082E-02  0.16596301E-01  0.23608719E-01
 -0.54049687E-02  0.18529627E-01  0.23442907E-01
 -0.53799502E-02  0.20428869E-01  0.23282230E-01
 -0.53799312E-02  0.22294218E-01  0.23123365E-01
 -0.54011220E-02  0.24125778E-01  0.22963084E-01
 -0.54398901E-02  0.25923563E-01  0.22798318E-01
 -0.54927793E-02  0.27687503E-01  0.22626202E-01
 -0.55565223E-02  0.29417452E-01  0.22444115E-01
 -0.56280487E-02  0.31113201E-01  0.22249709E-01
 -0.57044882E-02  0.32774487E-01  0.22040918E-01
 -0.57831708E-02  0.34401012E-01  0.21815964E-01
 -0.58616255E-02  0.35992460E-01  0.21573346E-01
 -0.59375776E-02  0.37548505E-01  0.21311818E-01
 -0.60089457E-02  0.39068829E-01  0.21030358E-01
 -0.60738399E-02  0.40553131E-01  0.20728140E-01
 -0.61305614E-02  0.42001128E-01  0.20404494E-01
 -0.61776021E-02  0.43412563E-01  0.20058872E-01
 -0.62136476E-02  0.44787197E-01  0.19690814E-01
 -0.62375792E-02  0.46124806E-01  0.19299927E-01
 -0.62484786E-02  0.47425172E-01  0.18885862E-01
 -0.62456307E-02  0.48688071E-01  0.18448309E-01
 -0.62285275E-02  0.49913261E-01  0.17986992E-01
 -0.61968691E-02  0.51100471E-01  0.17501679E-01
 -0.61505639E-02  0.52249389E-01  0.16992196E-01
 -0.60897250E-02  0.53359659E-01  0.16458445E-01
 -0.60146646E-02  0.54430875E-01  0.15900428E-01
 -0.59258842E-02  0.55462585E-01  0.15318269E-01
 -0.58240621E-02  0.56454295E-01  0.14712233E-01
 -0.57100370E-02  0.57405484E-01  0.14082745E-01
 -0.55847895E-02  0.58315616E-01  0.13430399E-01
 -0.54494206E-02  0.59184162E-01  0.12755962E-01
 -0.53051291E-02  0.60010621E-01  0.12060371E-01
 -0.51531877E-02  0.60794536E-01  0.11344720E-01
 -0.49949191E-02  0.61535522E-01  0.10610245E-01
 -0.48316726E-02  0.62233272E-01  0.98582987E-02
 -0.46648020E-02  0.62887580E-01  0.90903242E-02
 -0.44956454E-02  0.63498338E-01  0.83078239E-02
 -0.43255070E-02  0.64065542E-01  0.75123311E-02
 -0.41556422E-02  0.64589282E-01  0.67053809E-02
 -0.39872440E-02  0.65069730E-01  0.58884857E-02
 -0.38214336E-02  0.65507122E-01  0.50631144E-02
 -0.36592523E-02  0.65901736E-01  0.42306775E-02
 -0.35016562E-02  0.66253866E-01  0.33925187E-02
 -0.33495124E-02  0.66563797E-01  0.25499120E-02
 -0.32035963E-02  0.66831780E-01  0.17040659E-02
 -0.30645908E-02  0.67058015E-01  0.85613166E-03
 -0.29330842E-02  0.67242631E-01  0.72170349E-05
 -0.57772110E-01 -0.95693272E-01 -0.12305784E-05
 -0.57537640E-01 -0.95737640E-01  0.27560296E-02
 -0.57223927E-01 -0.95575973E-01  0.54939304E-02
 -0.56831426E-01 -0.95210630E-01  0.81930445E-02
 -0.56360409E-01 -0.94644613E-01  0.10834388E-01
 -0.55811011E-01 -0.93881585E-01  0.13399667E-01
 -0.55183297E-01 -0.92925891E-01  0.15871527E-01
 -0.54477347E-01 -0.91782589E-01  0.18233788E-01
 -0.53693344E-01 -0.90457473E-01  0.20471674E-01
 -0.52831678E-01 -0.88957098E-01  0.22572031E-01
 -0.51893043E-01 -0.87288785E-01  0.24523512E-01
 -0.50878549E-01 -0.85460623E-01  0.26316746E-01
 -0.49789816E-01 -0.83481446E-01  0.27944463E-01
 -0.48629071E-01 -0.81360796E-01  0.29401593E-01
 -0.47399219E-01 -0.79108861E-01  0.30685309E-01
 -0.46103911E-01 -0.76736398E-01  0.31795035E-01
 -0.44747575E-01 -0.74254633E-01  0.32732398E-01
 -0.43335434E-01 -0.71675147E-01  0.33501137E-01
 -0.41873494E-01 -0.69009741E-01  0.34106965E-01
 -0.40368500E-01 -0.66270301E-01  0.34557392E-01
 -0.38827874E-01 -0.63468651E-01  0.34861505E-01
 -0.37259621E-01 -0.60616412E-01  0.35029726E-01
 -0.35672216E-01 -0.57724858E-01  0.35073546E-01
 -0.34074479E-01 -0.54804792E-01  0.35005246E-01
 -0.32475429E-01 -0.51866433E-01  0.34837614E-01
 -0.30884137E-01 -0.48919319E-01  0.34583673E-01
 -0.29309577E-01 -0.45972236E-01  0.34256416E-01
 -0.27760477E-01 -0.43033168E-01  0.33868568E-01
 -0.26245187E-01 -0.40109264E-01  0.33432372E-01
 -0.24771545E-01 -0.37206836E-01  0.32959406E-01
 -0.23346774E-01 -0.34331363E-01  0.32460441E-01
 -0.21977384E-01 -0.31487528E-01  0.31945323E-01
 -0.20669099E-01 -0.28679250E-01  0.31422898E-01
 -0.19426803E-01 -0.25909740E-01  0.30900969E-01
 -0.18254497E-01 -0.23181560E-01  0.30386276E-01
 -0.17155288E-01 -0.20496677E-01  0.29884508E-01
 -0.16131379E-01 -0.17856537E-01  0.29400333E-01
 -0.15184089E-01 -0.15262115E-01  0.28937443E-01
 -0.14313879E-01 -0.12713987E-01  0.28498607E-01
 -0.13520391E-01 -0.10212379E-01  0.28085741E-01
 -0.12802502E-01 -0.77572237E-02  0.27699970E-01
 -0.12158390E-01 -0.53482127E-02  0.27341696E-01
 -0.11585597E-01 -0.29848415E-02  0.27010667E-01
 -0.11081117E-01 -0.66645461E-03  0.26706038E-01
 -0.10641469E-01  0.16077146E-02  0.26426438E-01
 -0.10262793E-01  0.38385052E-02  0.26170029E-01
 -0.99409284E-02  0.60267943E-02  0.25934569E-01
 -0.96715083E-02  0.81734648E-02  0.25717470E-01
 -0.94500387E-02  0.10279376E-01  0.25515864E-01
 -0.92719791E-02  0.12345341E-01  0.25326666E-01
 -0.91328137E-02  0.14372100E-01  0.25146641E-01
 -0.90281148E-02  0.16360309E-01  0.24972473E-01
 -0.89535961E-02  0.18310525E-01  0.24800827E-01
 -0.89051547E-02  0.20223197E-01  0.24628422E-01
 -0.88789026E-02  0.22098667E-01  0.24452091E-01
 -0.88711868E-02  0.23937168E-01  0.24268835E-01
 -0.88785994E-02  0.25738836E-01  0.24075874E-01
 -0.88979786E-02  0.27503716E-01  0.23870685E-01
 -0.89264023E-02  0.29231779E-01  0.23651027E-01
 -0.89611763E-02  0.30922936E-01  0.23414955E-01
 -0.89998192E-02  0.32577055E-01  0.23160822E-01
 -0.90400457E-02  0.34193980E-01  0.22887265E-01
 -0.90797505E-02  0.35773542E-01  0.22593187E-01
 -0.91169945E-02  0.37315576E-01  0.22277723E-01
 -0.91499946E-02  0.38819929E-01  0.21940207E-01
 -0.91771173E-02  0.40286463E-01  0.21580132E-01
 -0.91968770E-02  0.41715061E-01  0.21197110E-01
 -0.92079390E-02  0.43105620E-01  0.20790842E-01
 -0.92091257E-02  0.44458047E-01  0.20361086E-01
 -0.91994259E-02  0.45772249E-01  0.19907635E-01
 -0.91780051E-02  0.47048121E-01  0.19430308E-01
 -0.91442165E-02  0.48285532E-01  0.18928946E-01
 -0.90976104E-02  0.49484317E-01  0.18403419E-01
 -0.90379406E-02  0.50644263E-01  0.17853638E-01
 -0.89651680E-02  0.51765105E-01  0.17279577E-01
 -0.88794589E-02  0.52846522E-01  0.16681299E-01
 -0.87811784E-02  0.53888139E-01  0.16058974E-01
 -0.86708797E-02  0.54889531E-01  0.15412907E-01
 -0.85492873E-02  0.55850241E-01  0.14743558E-01
 -0.84172774E-02  0.56769789E-01  0.14051549E-01
 -0.82758538E-02  0.57647695E-01  0.13337678E-01
 -0.81261228E-02  0.58483498E-01  0.12602912E-01
 -0.79692659E-02  0.59276777E-01  0.11848376E-01
 -0.78065133E-02  0.60027172E-01  0.11075339E-01
 -0.76391182E-02  0.60734399E-01  0.10285188E-01
 -0.74683332E-02  0.61398264E-01  0.94793986E-02
 -0.72953898E-02  0.62018668E-01  0.86595028E-02
 -0.71214804E-02  0.62595608E-01  0.78270576E-02
 -0.69477449E-02  0.63129175E-01  0.69836130E-02
 -0.67752599E-02  0.63619535E-01  0.61306844E-02
 -0.66050315E-02  0.64066919E-01  0.52697299E-02
 -0.64379917E-02  0.64471597E-01  0.44021337E-02
 -0.62749957E-02  0.64833857E-01  0.35291973E-02
 -0.61168227E-02  0.65153980E-01  0.26521370E-02
 -0.59641761E-02  0.65432217E-01  0.17720894E-02
 -0.58176855E-02  0.65668769E-01  0.89012285E-03
 -0.56779078E-02  0.65863771E-01  0.72546080E-05
 -0.70268339E-01 -0.10863919E+00 -0.80701324E-06
 -0.70023359E-01 -0.10867286E+00  0.28933745E-02
 -0.69673147E-01 -0.10846653E+00  0.57663880E-02
 -0.69218383E-01 -0.10802304E+00  0.85970932E-02
 -0.68659720E-01 -0.10734614E+00  0.11364897E-01
 -0.67997843E-01 -0.10644058E+00  0.14050042E-01
 -0.67233548E-01 -0.10531206E+00  0.16633894E-01
 -0.66367832E-01 -0.10396725E+00  0.19099210E-01
 -0.65401989E-01 -0.10241382E+00  0.21430390E-01
 -0.64337713E-01 -0.10066037E+00  0.23613704E-01
 -0.63177196E-01 -0.98716454E-01  0.25637495E-01
 -0.61923224E-01 -0.96592525E-01  0.27492332E-01
 -0.60579261E-01 -0.94299870E-01  0.29171137E-01
 -0.59149513E-01 -0.91850548E-01  0.30669254E-01
 -0.57638985E-01 -0.89257294E-01  0.31984473E-01
 -0.56053499E-01 -0.86533410E-01  0.33117008E-01
 -0.54399703E-01 -0.83692646E-01  0.34069409E-01
 -0.52685042E-01 -0.80749052E-01  0.34846442E-01
 -0.50917708E-01 -0.77716833E-01  0.35454909E-01
 -0.49106560E-01 -0.74610183E-01  0.35903433E-01
 -0.47261029E-01 -0.71443126E-01  0.36202208E-01
 -0.45390992E-01 -0.68229353E-01  0.36362726E-01
 -0.43506636E-01 -0.64982061E-01  0.36397476E-01
 -0.41618315E-01 -0.61713812E-01  0.36319651E-01
 -0.39736388E-01 -0.58436405E-01  0.36142848E-01
 -0.37871075E-01 -0.55160769E-01  0.35880772E-01
 -0.36032301E-01 -0.51896878E-01  0.35546980E-01
 -0.34229554E-01 -0.48653697E-01  0.35154623E-01
 -0.32471761E-01 -0.45439148E-01  0.34716246E-01
 -0.30767174E-01 -0.42260108E-01  0.34243603E-01
 -0.29123268E-01 -0.39122425E-01  0.33747518E-01
 -0.27546668E-01 -0.36030960E-01  0.33237789E-01
 -0.26043088E-01 -0.32989639E-01  0.32723111E-01
 -0.24617289E-01 -0.30001524E-01  0.32211054E-01
 -0.23273053E-01 -0.27068892E-01  0.31708057E-01
 -0.22013178E-01 -0.24193316E-01  0.31219452E-01
 -0.20839488E-01 -0.21375750E-01  0.30749508E-01
 -0.19752850E-01 -0.18616610E-01  0.30301493E-01
 -0.18753216E-01 -0.15915858E-01  0.29877746E-01
 -0.17839670E-01 -0.13273077E-01  0.29479750E-01
 -0.17010488E-01 -0.10687537E-01  0.29108214E-01
 -0.16263210E-01 -0.81582612E-02  0.28763149E-01
 -0.15594720E-01 -0.56840862E-02  0.28443947E-01
 -0.15001334E-01 -0.32637113E-02  0.28149449E-01
 -0.14478894E-01 -0.89574785E-03  0.27878015E-01
 -0.14022866E-01  0.14212389E-02  0.27627591E-01
 -0.13628442E-01  0.36886910E-02  0.27395763E-01
 -0.13290639E-01  0.59080244E-02  0.27179827E-01
 -0.13004391E-01  0.80805988E-02  0.26976842E-01
 -0.12764645E-01  0.10207693E-01  0.26783693E-01
 -0.12566439E-01  0.12290482E-01  0.26597153E-01
 -0.12404971E-01  0.14330025E-01  0.26413944E-01
 -0.12275657E-01  0.16327249E-01  0.26230799E-01
 -0.12174179E-01  0.18282949E-01  0.26044522E-01
 -0.12096506E-01  0.20197781E-01  0.25852043E-01
 -0.12038917E-01  0.22072271E-01  0.25650476E-01
 -0.11997998E-01  0.23906823E-01  0.25437156E-01
 -0.11970633E-01  0.25701728E-01  0.25209679E-01
 -0.11953988E-01  0.27457186E-01  0.24965922E-01
 -0.11945484E-01  0.29173318E-01  0.24704061E-01
 -0.11942768E-01  0.30850187E-01  0.24422566E-01
 -0.11943686E-01  0.32487820E-01  0.24120192E-01
 -0.11946252E-01  0.34086216E-01  0.23795958E-01
 -0.11948626E-01  0.35645370E-01  0.23449115E-01
 -0.11949099E-01  0.37165278E-01  0.23079114E-01
 -0.11946074E-01  0.38645943E-01  0.22685562E-01
 -0.11938071E-01  0.40087382E-01  0.22268189E-01
 -0.11923725E-01  0.41489621E-01  0.21826810E-01
 -0.11901792E-01  0.42852689E-01  0.21361293E-01
 -0.11871171E-01  0.44176610E-01  0.20871540E-01
 -0.11830911E-01  0.45461392E-01  0.20357475E-01
 -0.11780232E-01  0.46707017E-01  0.19819033E-01
 -0.11718541E-01  0.47913423E-01  0.19256174E-01
 -0.11645441E-01  0.49080503E-01  0.18668889E-01
 -0.11560743E-01  0.50208090E-01  0.18057225E-01
 -0.11464469E-01  0.51295960E-01  0.17421304E-01
 -0.11356843E-01  0.52343829E-01  0.16761353E-01
 -0.11238287E-01  0.53351360E-01  0.16077723E-01
 -0.11109404E-01  0.54318176E-01  0.15370914E-01
 -0.10970952E-01  0.55243871E-01  0.14641585E-01
 -0.10823828E-01  0.56128030E-01  0.13890569E-01
 -0.10669031E-01  0.56970248E-01  0.13118864E-01
 -0.10507642E-01  0.57770150E-01  0.12327627E-01
 -0.10340787E-01  0.58527411E-01  0.11518158E-01
 -0.10169615E-01  0.59241770E-01  0.10691874E-01
 -0.99952745E-02  0.59913045E-01  0.98502766E-02
 -0.98188868E-02  0.60541138E-01  0.89949233E-02
 -0.96415345E-02  0.61126040E-01  0.81273884E-02
 -0.94642463E-02  0.61667824E-01  0.72492319E-02
 -0.92879895E-02  0.62166637E-01  0.63619692E-02
 -0.91136642E-02  0.62622681E-01  0.54670463E-02
 -0.89421031E-02  0.63036202E-01  0.45658226E-02
 -0.87740716E-02  0.63407464E-01  0.36595614E-02
 -0.86102711E-02  0.63736724E-01  0.27494281E-02
 -0.84513422E-02  0.64024219E-01  0.18364976E-02
 -0.82978686E-02  0.64270143E-01  0.92176792E-03
 -0.81503803E-02  0.64474631E-01  0.61807195E-05
 -0.84651128E-01 -0.12358269E+00 -0.37587588E-06
 -0.84393364E-01 -0.12360181E+00  0.30465611E-02
 -0.83995098E-01 -0.12333518E+00  0.60700603E-02
 -0.83457399E-01 -0.12278633E+00  0.90468691E-02
 -0.82781575E-01 -0.12196024E+00  0.11954423E-01
 -0.81969234E-01 -0.12086331E+00  0.14771189E-01
 -0.81022373E-01 -0.11950334E+00  0.17477000E-01
 -0.79943462E-01 -0.11788947E+00  0.20053358E-01
 -0.78735540E-01 -0.11603218E+00  0.22483715E-01
 -0.77402312E-01 -0.11394320E+00  0.24753716E-01
 -0.75948225E-01 -0.11163543E+00  0.26851397E-01
 -0.74378545E-01 -0.10912284E+00  0.28767342E-01
 -0.72699411E-01 -0.10642037E+00  0.30494780E-01
 -0.70917865E-01 -0.10354378E+00  0.32029637E-01
 -0.69041861E-01 -0.10050952E+00  0.33370519E-01
 -0.67080242E-01 -0.97334558E-01  0.34518649E-01
 -0.65042694E-01 -0.94036239E-01  0.35477742E-01
 -0.62939668E-01 -0.90632064E-01  0.36253831E-01
 -0.60782279E-01 -0.87139518E-01  0.36855045E-01
 -0.58582180E-01 -0.83575878E-01  0.37291353E-01
 -0.56351417E-01 -0.79958012E-01  0.37574269E-01
 -0.54102271E-01 -0.76302196E-01  0.37716544E-01
 -0.51847094E-01 -0.72623937E-01  0.37731840E-01
 -0.49598134E-01 -0.68937812E-01  0.37634408E-01
 -0.47367373E-01 -0.65257333E-01  0.37438769E-01
 -0.45166365E-01 -0.61594838E-01  0.37159412E-01
 -0.43006091E-01 -0.57961408E-01  0.36810522E-01
 -0.40896826E-01 -0.54366823E-01  0.36405731E-01
 -0.38848025E-01 -0.50819544E-01  0.35957913E-01
 -0.36868235E-01 -0.47326724E-01  0.35479009E-01
 -0.34965014E-01 -0.43894256E-01  0.34979897E-01
 -0.33144882E-01 -0.40526835E-01  0.34470305E-01
 -0.31413287E-01 -0.37228040E-01  0.33958756E-01
 -0.29774586E-01 -0.34000437E-01  0.33452552E-01
 -0.28232045E-01 -0.30845683E-01  0.32957785E-01
 -0.26787858E-01 -0.27764637E-01  0.32479384E-01
 -0.25443166E-01 -0.24757470E-01  0.32021171E-01
 -0.24198107E-01 -0.21823772E-01  0.31585937E-01
 -0.23051860E-01 -0.18962651E-01  0.31175532E-01
 -0.22002714E-01 -0.16172827E-01  0.30790955E-01
 -0.21048134E-01 -0.13452714E-01  0.30432446E-01
 -0.20184847E-01 -0.10800495E-01  0.30099577E-01
 -0.19408930E-01 -0.82141897E-02  0.29791339E-01
 -0.18715907E-01 -0.56917115E-02  0.29506222E-01
 -0.18100855E-01 -0.32309184E-02  0.29242288E-01
 -0.17558505E-01 -0.82965867E-03  0.28997241E-01
 -0.17083357E-01  0.15141897E-02  0.28768488E-01
 -0.16669783E-01  0.38026847E-02  0.28553203E-01
 -0.16312131E-01  0.60377908E-02  0.28348380E-01
 -0.16004820E-01  0.82213536E-02  0.28150889E-01
 -0.15742429E-01  0.10355080E-01  0.27957535E-01
 -0.15519766E-01  0.12440521E-01  0.27765106E-01
 -0.15331929E-01  0.14479064E-01  0.27570434E-01
 -0.15174350E-01  0.16471927E-01  0.27370440E-01
 -0.15042815E-01  0.18420156E-01  0.27162188E-01
 -0.14933482E-01  0.20324634E-01  0.26942929E-01
 -0.14842870E-01  0.22186089E-01  0.26710137E-01
 -0.14767845E-01  0.24005110E-01  0.26461541E-01
 -0.14705588E-01  0.25782160E-01  0.26195146E-01
 -0.14653561E-01  0.27517602E-01  0.25909243E-01
 -0.14609472E-01  0.29211715E-01  0.25602410E-01
 -0.14571228E-01  0.30864718E-01  0.25273498E-01
 -0.14536904E-01  0.32476784E-01  0.24921616E-01
 -0.14504711E-01  0.34048065E-01  0.24546096E-01
 -0.14472968E-01  0.35578696E-01  0.24146468E-01
 -0.14440093E-01  0.37068813E-01  0.23722417E-01
 -0.14404589E-01  0.38518549E-01  0.23273747E-01
 -0.14365054E-01  0.39928044E-01  0.22800349E-01
 -0.14320182E-01  0.41297433E-01  0.22302171E-01
 -0.14268787E-01  0.42626845E-01  0.21779192E-01
 -0.14209816E-01  0.43916390E-01  0.21231416E-01
 -0.14142371E-01  0.45166149E-01  0.20658857E-01
 -0.14065731E-01  0.46376167E-01  0.20061550E-01
 -0.13979364E-01  0.47546439E-01  0.19439560E-01
 -0.13882945E-01  0.48676902E-01  0.18793003E-01
 -0.13776355E-01  0.49767438E-01  0.18122064E-01
 -0.13659684E-01  0.50817866E-01  0.17427027E-01
 -0.13533219E-01  0.51827954E-01  0.16708295E-01
 -0.13397434E-01  0.52797421E-01  0.15966415E-01
 -0.13252965E-01  0.53725952E-01  0.15202087E-01
 -0.13100584E-01  0.54613216E-01  0.14416180E-01
 -0.12941176E-01  0.55458879E-01  0.13609726E-01
 -0.12775703E-01  0.56262626E-01  0.12783916E-01
 -0.12605177E-01  0.57024176E-01  0.11940077E-01
 -0.12430635E-01  0.57743296E-01  0.11079654E-01
 -0.12253110E-01  0.58419817E-01  0.10204172E-01
 -0.12073614E-01  0.59053642E-01  0.93152070E-02
 -0.11893118E-01  0.59644743E-01  0.84143484E-02
 -0.11712544E-01  0.60193165E-01  0.75031629E-02
 -0.11532756E-01  0.60699018E-01  0.65831642E-02
 -0.11354559E-01  0.61162463E-01  0.56557869E-02
 -0.11178697E-01  0.61583699E-01  0.47223686E-02
 -0.11005859E-01  0.61962945E-01  0.37841398E-02
 -0.10836680E-01  0.62300421E-01  0.28422234E-02
 -0.10671751E-01  0.62596333E-01  0.18976433E-02
 -0.10511620E-01  0.62850853E-01  0.95134063E-03
 -0.10356798E-01  0.63064109E-01  0.41967098E-05
 -0.10124401E+00 -0.14082724E+00  0.19457781E-07
 -0.10097029E+00 -0.14082661E+00  0.32174232E-02
 -0.10050838E+00 -0.14047894E+00  0.64085761E-02
 -0.99859995E-01 -0.13978891E+00  0.95476300E-02
 -0.99027532E-01 -0.13876336E+00  0.12609610E-01
 -0.98014107E-01 -0.13741120E+00  0.15570830E-01
 -0.96823645E-01 -0.13574340E+00  0.18409282E-01
 -0.95460950E-01 -0.13377284E+00  0.21104990E-01
 -0.93931779E-01 -0.13151421E+00  0.23640315E-01
 -0.92242905E-01 -0.12898387E+00  0.26000220E-01
 -0.90402167E-01 -0.12619966E+00  0.28172465E-01
 -0.88418494E-01 -0.12318073E+00  0.30147747E-01
 -0.86301907E-01 -0.11994730E+00  0.31919776E-01
 -0.84063496E-01 -0.11652050E+00  0.33485284E-01
 -0.81715356E-01 -0.11292207E+00  0.34843960E-01
 -0.79270505E-01 -0.10917417E+00  0.35998338E-01
 -0.76742760E-01 -0.10529909E+00  0.36953609E-01
 -0.74146596E-01 -0.10131904E+00  0.37717391E-01
 -0.71496973E-01 -0.97255855E-01  0.38299450E-01
 -0.68809154E-01 -0.93130796E-01  0.38711389E-01
 -0.66098508E-01 -0.88964283E-01  0.38966308E-01
 -0.63380303E-01 -0.84775693E-01  0.39078447E-01
 -0.60669512E-01 -0.80583171E-01  0.39062837E-01
 -0.57980619E-01 -0.76403456E-01  0.38934940E-01
 -0.55327442E-01 -0.72251763E-01  0.38710321E-01
 -0.52722974E-01 -0.68141682E-01  0.38404331E-01
 -0.50179250E-01 -0.64085125E-01  0.38031834E-01
 -0.47707230E-01 -0.60092315E-01  0.37606958E-01
 -0.45316720E-01 -0.56171806E-01  0.37142898E-01
 -0.43016306E-01 -0.52330543E-01  0.36651754E-01
 -0.40813319E-01 -0.48573946E-01  0.36144415E-01
 -0.38713823E-01 -0.44906026E-01  0.35630486E-01
 -0.36722614E-01 -0.41329508E-01  0.35118253E-01
 -0.34843245E-01 -0.37845979E-01  0.34614682E-01
 -0.33078063E-01 -0.34456023E-01  0.34125458E-01
 -0.31428252E-01 -0.31159375E-01  0.33655037E-01
 -0.29893894E-01 -0.27955052E-01  0.33206730E-01
 -0.28474035E-01 -0.24841487E-01  0.32782794E-01
 -0.27166756E-01 -0.21816647E-01  0.32384537E-01
 -0.25969256E-01 -0.18878137E-01  0.32012423E-01
 -0.24877941E-01 -0.16023297E-01  0.31666182E-01
 -0.23888511E-01 -0.13249278E-01  0.31344910E-01
 -0.22996066E-01 -0.10553118E-01  0.31047167E-01
 -0.22195206E-01 -0.79317933E-02  0.30771066E-01
 -0.21480142E-01 -0.53822785E-02  0.30514354E-01
 -0.20844807E-01 -0.29015841E-02  0.30274482E-01
 -0.20282962E-01 -0.48679733E-03  0.30048675E-01
 -0.19788311E-01  0.18648856E-02  0.29833985E-01
 -0.19354604E-01  0.41561309E-02  0.29627348E-01
 -0.18975729E-01  0.63894433E-02  0.29425634E-01
 -0.18645799E-01  0.85671464E-02  0.29225691E-01
 -0.18359225E-01  0.10691367E-01  0.29024398E-01
 -0.18110770E-01  0.12764027E-01  0.28818701E-01
 -0.17895589E-01  0.14786836E-01  0.28605664E-01
 -0.17709251E-01  0.16761292E-01  0.28382502E-01
 -0.17547742E-01  0.18688689E-01  0.28146618E-01
 -0.17407456E-01  0.20570126E-01  0.27895639E-01
 -0.17285169E-01  0.22406524E-01  0.27627436E-01
 -0.17178007E-01  0.24198641E-01  0.27340141E-01
 -0.17083399E-01  0.25947100E-01  0.27032157E-01
 -0.16999034E-01  0.27652407E-01  0.26702159E-01
 -0.16922815E-01  0.29314976E-01  0.26349078E-01
 -0.16852814E-01  0.30935152E-01  0.25972090E-01
 -0.16787239E-01  0.32513233E-01  0.25570588E-01
 -0.16724401E-01  0.34049481E-01  0.25144149E-01
 -0.16662698E-01  0.35544143E-01  0.24692506E-01
 -0.16600604E-01  0.36997454E-01  0.24215511E-01
 -0.16536673E-01  0.38409643E-01  0.23713101E-01
 -0.16469544E-01  0.39780934E-01  0.23185277E-01
 -0.16397958E-01  0.41111541E-01  0.22632074E-01
 -0.16320777E-01  0.42401660E-01  0.22053553E-01
 -0.16237010E-01  0.43651464E-01  0.21449792E-01
 -0.16145827E-01  0.44861092E-01  0.20820892E-01
 -0.16046586E-01  0.46030638E-01  0.20166982E-01
 -0.15938838E-01  0.47160147E-01  0.19488241E-01
 -0.15822340E-01  0.48249611E-01  0.18784917E-01
 -0.15697053E-01  0.49298962E-01  0.18057349E-01
 -0.15563136E-01  0.50308082E-01  0.17305994E-01
 -0.15420929E-01  0.51276802E-01  0.16531445E-01
 -0.15270937E-01  0.52204914E-01  0.15734446E-01
 -0.15113803E-01  0.53092185E-01  0.14915903E-01
 -0.14950280E-01  0.53938368E-01  0.14076883E-01
 -0.14781204E-01  0.54743218E-01  0.13218606E-01
 -0.14607462E-01  0.55506508E-01  0.12342427E-01
 -0.14429965E-01  0.56228044E-01  0.11449813E-01
 -0.14249628E-01  0.56907670E-01  0.10542312E-01
 -0.14067346E-01  0.57545286E-01  0.96215154E-02
 -0.13883982E-01  0.58140843E-01  0.86890243E-02
 -0.13700352E-01  0.58694349E-01  0.77464113E-02
 -0.13517227E-01  0.59205865E-01  0.67951889E-02
 -0.13335322E-01  0.59675495E-01  0.58367833E-02
 -0.13155308E-01  0.60103375E-01  0.48725149E-02
 -0.12977807E-01  0.60489664E-01  0.39035892E-02
 -0.12803404E-01  0.60834527E-01  0.29310970E-02
 -0.12632651E-01  0.61138122E-01  0.19560236E-02
 -0.12466072E-01  0.61400588E-01  0.97926767E-03
 -0.12304170E-01  0.61622034E-01  0.16667145E-05
 -0.12041996E+00 -0.16072937E+00  0.34573516E-06
 -0.12012561E+00 -0.16070194E+00  0.34078915E-02
 -0.11957878E+00 -0.16024592E+00  0.67857240E-02
 -0.11878227E+00 -0.15936772E+00  0.10104805E-01
 -0.11774019E+00 -0.15807698E+00  0.13337211E-01
 -0.11645809E+00 -0.15638645E+00  0.16456639E-01
 -0.11494296E+00 -0.15431182E+00  0.19438875E-01
 -0.11320324E+00 -0.15187152E+00  0.22262198E-01
 -0.11124890E+00 -0.14908649E+00  0.24907732E-01
 -0.10909136E+00 -0.14597987E+00  0.27359714E-01
 -0.10674354E+00 -0.14257671E+00  0.29605696E-01
 -0.10421976E+00 -0.13890362E+00  0.31636657E-01
 -0.10153566E+00 -0.13498841E+00  0.33447037E-01
 -0.98708089E-01 -0.13085977E+00  0.35034688E-01
 -0.95754911E-01 -0.12654682E+00  0.36400756E-01
 -0.92694863E-01 -0.12207882E+00  0.37549479E-01
 -0.89547308E-01 -0.11748476E+00  0.38487935E-01
 -0.86332010E-01 -0.11279301E+00  0.39225733E-01
 -0.83068879E-01 -0.10803103E+00  0.39774658E-01
 -0.79777715E-01 -0.10322499E+00  0.40148296E-01
 -0.76477948E-01 -0.98399582E-01  0.40361635E-01
 -0.73188399E-01 -0.93577705E-01  0.40430664E-01
 -0.69927049E-01 -0.88780326E-01  0.40371977E-01
 -0.66710835E-01 -0.84026311E-01  0.40202397E-01
 -0.63555476E-01 -0.79332335E-01  0.39938626E-01
 -0.60475332E-01 -0.74712839E-01  0.39596926E-01
 -0.57483298E-01 -0.70180037E-01  0.39192842E-01
 -0.54590729E-01 -0.65743969E-01  0.38740970E-01
 -0.51807402E-01 -0.61412597E-01  0.38254770E-01
 -0.49141507E-01 -0.57191936E-01  0.37746424E-01
 -0.46599664E-01 -0.53086217E-01  0.37226740E-01
 -0.44186964E-01 -0.49098061E-01  0.36705103E-01
 -0.41907029E-01 -0.45228673E-01  0.36189463E-01
 -0.39762083E-01 -0.41478038E-01  0.35686360E-01
 -0.37753038E-01 -0.37845108E-01  0.35200974E-01
 -0.35879584E-01 -0.34327985E-01  0.34737213E-01
 -0.34140282E-01 -0.30924091E-01  0.34297805E-01
 -0.32532667E-01 -0.27630316E-01  0.33884412E-01
 -0.31053346E-01 -0.24443154E-01  0.33497749E-01
 -0.29698100E-01 -0.21358814E-01  0.33137710E-01
 -0.28461989E-01 -0.18373321E-01  0.32803482E-01
 -0.27339457E-01 -0.15482591E-01  0.32493662E-01
 -0.26324435E-01 -0.12682505E-01  0.32206367E-01
 -0.25410458E-01 -0.99689576E-02  0.31939325E-01
 -0.24590765E-01 -0.73379092E-02  0.31689963E-01
 -0.23858413E-01 -0.47854202E-02  0.31455484E-01
 -0.23206386E-01 -0.23076867E-02  0.31232930E-01
 -0.22627696E-01  0.98931459E-04  0.31019241E-01
 -0.22115480E-01  0.24378848E-02  0.30811303E-01
 -0.21663095E-01  0.47124129E-02  0.30605991E-01
 -0.21264191E-01  0.69255259E-02  0.30400213E-01
 -0.20912777E-01  0.90799899E-02  0.30190942E-01
 -0.20603272E-01  0.11178317E-01  0.29975252E-01
 -0.20330536E-01  0.13222763E-01  0.29750353E-01
 -0.20089886E-01  0.15215320E-01  0.29513618E-01
 -0.19877097E-01  0.17157733E-01  0.29262609E-01
 -0.19688385E-01  0.19051503E-01  0.28995106E-01
 -0.19520376E-01  0.20897906E-01  0.28709120E-01
 -0.19370071E-01  0.22698012E-01  0.28402908E-01
 -0.19234796E-01  0.24452714E-01  0.28074980E-01
 -0.19112155E-01  0.26162745E-01  0.27724096E-01
 -0.18999979E-01  0.27828715E-01  0.27349257E-01
 -0.18896282E-01  0.29451129E-01  0.26949694E-01
 -0.18799217E-01  0.31030417E-01  0.26524841E-01
 -0.18707049E-01  0.32566954E-01  0.26074308E-01
 -0.18618134E-01  0.34061077E-01  0.25597858E-01
 -0.18530900E-01  0.35513098E-01  0.25095371E-01
 -0.18443856E-01  0.36923319E-01  0.24566814E-01
 -0.18355590E-01  0.38292028E-01  0.24012223E-01
 -0.18264786E-01  0.39619505E-01  0.23431672E-01
 -0.18170244E-01  0.40906017E-01  0.22825268E-01
 -0.18070898E-01  0.42151813E-01  0.22193139E-01
 -0.17965840E-01  0.43357114E-01  0.21535438E-01
 -0.17854333E-01  0.44522111E-01  0.20852353E-01
 -0.17735831E-01  0.45646950E-01  0.20144118E-01
 -0.17609980E-01  0.46731733E-01  0.19411036E-01
 -0.17476623E-01  0.47776511E-01  0.18653500E-01
 -0.17335796E-01  0.48781286E-01  0.17872015E-01
 -0.17187708E-01  0.49746010E-01  0.17067219E-01
 -0.17032732E-01  0.50670592E-01  0.16239896E-01
 -0.16871372E-01  0.51554907E-01  0.15390986E-01
 -0.16704245E-01  0.52398806E-01  0.14521588E-01
 -0.16532049E-01  0.53202125E-01  0.13632947E-01
 -0.16355537E-01  0.53964700E-01  0.12726444E-01
 -0.16175490E-01  0.54686377E-01  0.11803565E-01
 -0.15992698E-01  0.55367021E-01  0.10865875E-01
 -0.15807939E-01  0.56006527E-01  0.99149810E-02
 -0.15621965E-01  0.56604825E-01  0.89524928E-02
 -0.15435494E-01  0.57161880E-01  0.79799898E-02
 -0.15249206E-01  0.57677695E-01  0.69989859E-02
 -0.15063739E-01  0.58152306E-01  0.60109032E-02
 -0.14879698E-01  0.58585778E-01  0.50170527E-02
 -0.14697652E-01  0.58978195E-01  0.40186248E-02
 -0.14518147E-01  0.59329653E-01  0.30166902E-02
 -0.14341709E-01  0.59640251E-01  0.20122106E-02
 -0.14168850E-01  0.59910081E-01  0.10060585E-02
 -0.14000072E-01  0.60139222E-01 -0.95526780E-06
 -0.35947112E-01 -0.45659559E-01  0.30350126E-07
 -0.36409608E-01 -0.46135960E-01  0.39938847E-02
 -0.36752541E-01 -0.46480203E-01  0.79794840E-02
 -0.36976428E-01 -0.46691053E-01  0.11948475E-01
 -0.37082389E-01 -0.46767986E-01  0.15892651E-01
 -0.37072116E-01 -0.46711197E-01  0.19804039E-01
 -0.36947824E-01 -0.46521604E-01  0.23674980E-01
 -0.13347817E+00 -0.17246995E+00  0.23532024E-01
 -0.13096259E+00 -0.16899879E+00  0.26291850E-01
 -0.12818961E+00 -0.16514487E+00  0.28836352E-01
 -0.12517968E+00 -0.16094360E+00  0.31153018E-01
 -0.12195501E+00 -0.15643224E+00  0.33233377E-01
 -0.11853931E+00 -0.15164925E+00  0.35072971E-01
 -0.11495753E+00 -0.14663376E+00  0.36671228E-01
 -0.11123551E+00 -0.14142498E+00  0.38031242E-01
 -0.10739971E+00 -0.13606163E+00  0.39159486E-01
 -0.10347680E+00 -0.13058143E+00  0.40065444E-01
 -0.99493330E-01 -0.12502061E+00  0.40761209E-01
 -0.95475391E-01 -0.11941352E+00  0.41261040E-01
 -0.91448273E-01 -0.11379220E+00  0.41580899E-01
 -0.87436153E-01 -0.10818614E+00  0.41737987E-01
 -0.83461829E-01 -0.10262199E+00  0.41750291E-01
 -0.79546476E-01 -0.97123473E-01  0.41636151E-01
 -0.75709464E-01 -0.91711219E-01  0.41413861E-01
 -0.71968209E-01 -0.86402810E-01  0.41101304E-01
 -0.68338084E-01 -0.81212810E-01  0.40715644E-01
 -0.64832369E-01 -0.76152884E-01  0.40273054E-01
 -0.61462245E-01 -0.71231965E-01  0.39788509E-01
 -0.58236832E-01 -0.66456462E-01  0.39275617E-01
 -0.55163251E-01 -0.61830501E-01  0.38746511E-01
 -0.52246724E-01 -0.57356183E-01  0.38211784E-01
 -0.49490682E-01 -0.53033859E-01  0.37680464E-01
 -0.46896900E-01 -0.48862393E-01  0.37160034E-01
 -0.44465629E-01 -0.44839422E-01  0.36656483E-01
 -0.42195738E-01 -0.40961602E-01  0.36174387E-01
 -0.40084860E-01 -0.37224822E-01  0.35717011E-01
 -0.38129524E-01 -0.33624402E-01  0.35286428E-01
 -0.36325295E-01 -0.30155262E-01  0.34883646E-01
 -0.34666900E-01 -0.26812058E-01  0.34508751E-01
 -0.33148354E-01 -0.23589299E-01  0.34161031E-01
 -0.31763077E-01 -0.20481443E-01  0.33839120E-01
 -0.30504012E-01 -0.17482963E-01  0.33541112E-01
 -0.29363734E-01 -0.14588413E-01  0.33264679E-01
 -0.28334558E-01 -0.11792462E-01  0.33007173E-01
 -0.27408646E-01 -0.90899383E-02  0.32765716E-01
 -0.26578107E-01 -0.64758539E-02  0.32537272E-01
 -0.25835098E-01 -0.39454301E-02  0.32318717E-01
 -0.25171911E-01 -0.14941194E-02  0.32106887E-01
 -0.24581068E-01  0.88237442E-03  0.31898628E-01
 -0.24055388E-01  0.31880790E-02  0.31690832E-01
 -0.23588060E-01  0.54267374E-02  0.31480464E-01
 -0.23172692E-01  0.76017950E-02  0.31264596E-01
 -0.22803354E-01  0.97163909E-02  0.31040428E-01
 -0.22474597E-01  0.11773352E-01  0.30805312E-01
 -0.22181468E-01  0.13775196E-01  0.30556774E-01
 -0.21919496E-01  0.15724132E-01  0.30292527E-01
 -0.21684676E-01  0.17622079E-01  0.30010496E-01
 -0.21473439E-01  0.19470678E-01  0.29708826E-01
 -0.21282607E-01  0.21271316E-01  0.29385888E-01
 -0.21109345E-01  0.23025153E-01  0.29040292E-01
 -0.20951116E-01  0.24733150E-01  0.28670876E-01
 -0.20805627E-01  0.26396098E-01  0.28276705E-01
 -0.20670782E-01  0.28014655E-01  0.27857055E-01
 -0.20544644E-01  0.29589366E-01  0.27411395E-01
 -0.20425401E-01  0.31120700E-01  0.26939363E-01
 -0.20311342E-01  0.32609067E-01  0.26440742E-01
 -0.20200843E-01  0.34054838E-01  0.25915434E-01
 -0.20092362E-01  0.35458363E-01  0.25363428E-01
 -0.19984446E-01  0.36819979E-01  0.24784785E-01
 -0.19875736E-01  0.38140011E-01  0.24179611E-01
 -0.19764986E-01  0.39418780E-01  0.23548048E-01
 -0.19651080E-01  0.40656596E-01  0.22890266E-01
 -0.19533050E-01  0.41853752E-01  0.22206463E-01
 -0.19410091E-01  0.43010522E-01  0.21496873E-01
 -0.19281574E-01  0.44127148E-01  0.20761780E-01
 -0.19147055E-01  0.45203839E-01  0.20001534E-01
 -0.19006271E-01  0.46240760E-01  0.19216573E-01
 -0.18859142E-01  0.47238034E-01  0.18407443E-01
 -0.18705754E-01  0.48195734E-01  0.17574821E-01
 -0.18546344E-01  0.49113892E-01  0.16719523E-01
 -0.18381282E-01  0.49992494E-01  0.15842520E-01
 -0.18211043E-01  0.50831494E-01  0.14944933E-01
 -0.18036183E-01  0.51630813E-01  0.14028031E-01
 -0.17857319E-01  0.52390355E-01  0.13093211E-01
 -0.17675099E-01  0.53110011E-01  0.12141975E-01
 -0.17490185E-01  0.53789669E-01  0.11175902E-01
 -0.17303239E-01  0.54429223E-01  0.10196610E-01
 -0.17114906E-01  0.55028578E-01  0.92057183E-02
 -0.16925808E-01  0.55587656E-01  0.82048141E-02
 -0.16736541E-01  0.56106401E-01  0.71954161E-02
 -0.16547675E-01  0.56584776E-01  0.61789484E-02
 -0.16359756E-01  0.57022767E-01  0.51567218E-02
 -0.16173313E-01  0.57420378E-01  0.41299234E-02
 -0.15988859E-01  0.57777627E-01  0.30996185E-02
 -0.15806906E-01  0.58094544E-01  0.20667614E-02
 -0.15627961E-01  0.58371167E-01  0.10322164E-02
 -0.15452534E-01  0.58607534E-01 -0.32134652E-05
 -0.34460883E-01 -0.46233805E-01 -0.50810806E-08
 -0.34934404E-01 -0.46718131E-01  0.39261162E-02
 -0.35295506E-01 -0.47073867E-01  0.78447752E-02
 -0.35544692E-01 -0.47299783E-01  0.11748326E-01
 -0.35683027E-01 -0.47395382E-01  0.15629238E-01
 -0.35712095E-01 -0.47360902E-01  0.19480165E-01
 -0.35633958E-01 -0.47197310E-01  0.23294023E-01
 -0.35451097E-01 -0.46906285E-01  0.27064063E-01
 -0.35166361E-01 -0.46490185E-01  0.30783957E-01
 -0.34782896E-01 -0.45952006E-01  0.34447865E-01
 -0.34304089E-01 -0.45295327E-01  0.38050513E-01
 -0.14178364E+00 -0.17590138E+00  0.34932228E-01
 -0.13743126E+00 -0.17002341E+00  0.36788271E-01
 -0.13289164E+00 -0.16389796E+00  0.38381954E-01
 -0.12820149E+00 -0.15757758E+00  0.39718995E-01
 -0.12339743E+00 -0.15111327E+00  0.40808764E-01
 -0.11851555E+00 -0.14455377E+00  0.41663794E-01
 -0.11359085E+00 -0.13794492E+00  0.42299245E-01
 -0.10865686E+00 -0.13132915E+00  0.42732347E-01
 -0.10374518E+00 -0.12474508E+00  0.42981850E-01
 -0.98885204E-01 -0.11822722E+00  0.43067481E-01
 -0.94103821E-01 -0.11180585E+00  0.43009442E-01
 -0.89425235E-01 -0.10550687E+00  0.42827941E-01
 -0.84870828E-01 -0.99351927E-01  0.42542781E-01
 -0.80459108E-01 -0.93358505E-01  0.42173000E-01
 -0.76205704E-01 -0.87540147E-01  0.41736576E-01
 -0.72123427E-01 -0.81906742E-01  0.41250183E-01
 -0.68222373E-01 -0.76464851E-01  0.40729012E-01
 -0.64510063E-01 -0.71218078E-01  0.40186648E-01
 -0.60991619E-01 -0.66167448E-01  0.39634994E-01
 -0.57669952E-01 -0.61311798E-01  0.39084243E-01
 -0.54545970E-01 -0.56648156E-01  0.38542899E-01
 -0.51618787E-01 -0.52172094E-01  0.38017824E-01
 -0.48885932E-01 -0.47878062E-01  0.37514322E-01
 -0.46343555E-01 -0.43759677E-01  0.37036247E-01
 -0.43986619E-01 -0.39809982E-01  0.36586131E-01
 -0.41809079E-01 -0.36021653E-01  0.36165320E-01
 -0.39804059E-01 -0.32387185E-01  0.35774121E-01
 -0.37963999E-01 -0.28899019E-01  0.35411953E-01
 -0.36280803E-01 -0.25549658E-01  0.35077494E-01
 -0.34745968E-01 -0.22331739E-01  0.34768817E-01
 -0.33350701E-01 -0.19238093E-01  0.34483524E-01
 -0.32086036E-01 -0.16261783E-01  0.34218865E-01
 -0.30942929E-01 -0.13396127E-01  0.33971837E-01
 -0.29912361E-01 -0.10634721E-01  0.33739277E-01
 -0.28985420E-01 -0.79714510E-02  0.33517938E-01
 -0.28153390E-01 -0.54005025E-02  0.33304549E-01
 -0.27407820E-01 -0.29163747E-02  0.33095861E-01
 -0.26740599E-01 -0.51389017E-03  0.32888693E-01
 -0.26144011E-01  0.18117932E-02  0.32679955E-01
 -0.25610782E-01  0.40651706E-02  0.32466674E-01
 -0.25134124E-01  0.62503807E-02  0.32246014E-01
 -0.24707754E-01  0.83711978E-02  0.32015293E-01
 -0.24325912E-01  0.10431028E-01  0.31771993E-01
 -0.23983358E-01  0.12432912E-01  0.31513775E-01
 -0.23675358E-01  0.14379527E-01  0.31238493E-01
 -0.23397664E-01  0.16273205E-01  0.30944201E-01
 -0.23146473E-01  0.18115947E-01  0.30629160E-01
 -0.22918396E-01  0.19909450E-01  0.30291850E-01
 -0.22710400E-01  0.21655133E-01  0.29930968E-01
 -0.22519767E-01  0.23354172E-01  0.29545426E-01
 -0.22344044E-01  0.25007531E-01  0.29134345E-01
 -0.22180994E-01  0.26616003E-01  0.28697048E-01
 -0.22028561E-01  0.28180238E-01  0.28233037E-01
 -0.21884834E-01  0.29700782E-01  0.27741979E-01
 -0.21748023E-01  0.31178101E-01  0.27223678E-01
 -0.21616443E-01  0.32612610E-01  0.26678057E-01
 -0.21488504E-01  0.34004692E-01  0.26105129E-01
 -0.21362714E-01  0.35354713E-01  0.25504978E-01
 -0.21237683E-01  0.36663032E-01  0.24877739E-01
 -0.21112135E-01  0.37930005E-01  0.24223586E-01
 -0.20984920E-01  0.39155989E-01  0.23542723E-01
 -0.20855028E-01  0.40341337E-01  0.22835388E-01
 -0.20721604E-01  0.41486391E-01  0.22101855E-01
 -0.20583956E-01  0.42591479E-01  0.21342446E-01
 -0.20441560E-01  0.43656906E-01  0.20557550E-01
 -0.20294065E-01  0.44682944E-01  0.19747643E-01
 -0.20141285E-01  0.45669827E-01  0.18913303E-01
 -0.19983188E-01  0.46617748E-01  0.18055235E-01
 -0.19819886E-01  0.47526850E-01  0.17174280E-01
 -0.19651615E-01  0.48397234E-01  0.16271429E-01
 -0.19478712E-01  0.49228950E-01  0.15347821E-01
 -0.19301599E-01  0.50022006E-01  0.14404736E-01
 -0.19120753E-01  0.50776372E-01  0.13443584E-01
 -0.18936692E-01  0.51491985E-01  0.12465877E-01
 -0.18749958E-01  0.52168759E-01  0.11473201E-01
 -0.18561097E-01  0.52806586E-01  0.10467182E-01
 -0.18370651E-01  0.53405352E-01  0.94494484E-02
 -0.18179154E-01  0.53964938E-01  0.84215953E-02
 -0.17987124E-01  0.54485227E-01  0.73851503E-02
 -0.17795068E-01  0.54966114E-01  0.63415470E-02
 -0.17603483E-01  0.55407504E-01  0.52921054E-02
 -0.17412859E-01  0.55809320E-01  0.42380228E-02
 -0.17223690E-01  0.56171501E-01  0.31803744E-02
 -0.17036474E-01  0.56494007E-01  0.21201250E-02
 -0.16851722E-01  0.56776813E-01  0.10581500E-02
 -0.16669959E-01  0.57019913E-01 -0.47357599E-05
 -0.33144911E-01 -0.47005622E-01 -0.51908685E-07
 -0.33627942E-01 -0.47496627E-01  0.38589014E-02
 -0.34005276E-01 -0.47862332E-01  0.77111698E-02
 -0.34277419E-01 -0.48101560E-01  0.11549832E-01
 -0.34445403E-01 -0.48213888E-01  0.15368042E-01
 -0.34510740E-01 -0.48199649E-01  0.19159091E-01
 -0.34475382E-01 -0.48059911E-01  0.22916464E-01
 -0.34341653E-01 -0.47796449E-01  0.26633911E-01
 -0.34112194E-01 -0.47411693E-01  0.30305520E-01
 -0.33789891E-01 -0.46908675E-01  0.33925789E-01
 -0.33377810E-01 -0.46290960E-01  0.37489699E-01
 -0.32879135E-01 -0.45562574E-01  0.40992778E-01
 -0.32297109E-01 -0.44727929E-01  0.44431168E-01
 -0.15255146E+00 -0.18267705E+00  0.40146241E-01
 -0.14665425E+00 -0.17499207E+00  0.41439626E-01
 -0.14065503E+00 -0.16718972E+00  0.42469711E-01
 -0.13460156E+00 -0.15933208E+00  0.43252824E-01
 -0.12853898E+00 -0.15147617E+00  0.43807834E-01
 -0.12250928E+00 -0.14367338E+00  0.44155462E-01
 -0.11655091E+00 -0.13596910E+00  0.44317631E-01
 -0.11069846E+00 -0.12840259E+00  0.44316848E-01
 -0.10498251E+00 -0.12100689E+00  0.44175663E-01
 -0.99429577E-01 -0.11380901E+00  0.43916178E-01
 -0.94062056E-01 -0.10683020E+00  0.43559647E-01
 -0.88898389E-01 -0.10008628E+00  0.43126130E-01
 -0.83953194E-01 -0.93588139E-01  0.42634237E-01
 -0.79237500E-01 -0.87342234E-01  0.42100929E-01
 -0.74758998E-01 -0.81351131E-01  0.41541388E-01
 -0.70522335E-01 -0.75614080E-01  0.40968937E-01
 -0.66529419E-01 -0.70127568E-01  0.40395022E-01
 -0.62779724E-01 -0.64885851E-01  0.39829229E-01
 -0.59270604E-01 -0.59881458E-01  0.39279342E-01
 -0.55997586E-01 -0.55105631E-01  0.38751437E-01
 -0.52954655E-01 -0.50548728E-01  0.38249993E-01
 -0.50134516E-01 -0.46200557E-01  0.37778030E-01
 -0.47528837E-01 -0.42050656E-01  0.37337258E-01
 -0.45128465E-01 -0.38088517E-01  0.36928237E-01
 -0.42923623E-01 -0.34303756E-01  0.36550535E-01
 -0.40904086E-01 -0.30686237E-01  0.36202888E-01
 -0.39059332E-01 -0.27226159E-01  0.35883361E-01
 -0.37378676E-01 -0.23914111E-01  0.35589483E-01
 -0.35851388E-01 -0.20741097E-01  0.35318390E-01
 -0.34466798E-01 -0.17698553E-01  0.35066935E-01
 -0.33214385E-01 -0.14778341E-01  0.34831799E-01
 -0.32083856E-01 -0.11972753E-01  0.34609570E-01
 -0.31065217E-01 -0.92744951E-02  0.34396821E-01
 -0.30148838E-01 -0.66766865E-02  0.34190161E-01
 -0.29325501E-01 -0.41728545E-02  0.33986280E-01
 -0.28586450E-01 -0.17569343E-02  0.33781980E-01
 -0.27923428E-01  0.57672801E-03  0.33574199E-01
 -0.27328702E-01  0.28333711E-02  0.33360024E-01
 -0.26795089E-01  0.50178127E-02  0.33136705E-01
 -0.26315959E-01  0.71344457E-02  0.32901663E-01
 -0.25885239E-01  0.91872367E-02  0.32652493E-01
 -0.25497402E-01  0.11179728E-01  0.32386977E-01
 -0.25147445E-01  0.13115048E-01  0.32103085E-01
 -0.24830865E-01  0.14995919E-01  0.31798983E-01
 -0.24543619E-01  0.16824687E-01  0.31473035E-01
 -0.24282085E-01  0.18603339E-01  0.31123814E-01
 -0.24043019E-01  0.20333537E-01  0.30750094E-01
 -0.23823504E-01  0.22016657E-01  0.30350857E-01
 -0.23620909E-01  0.23653823E-01  0.29925279E-01
 -0.23432843E-01  0.25245950E-01  0.29472728E-01
 -0.23257115E-01  0.26793780E-01  0.28992745E-01
 -0.23091708E-01  0.28297924E-01  0.28485028E-01
 -0.22934745E-01  0.29758894E-01  0.27949411E-01
 -0.22784476E-01  0.31177137E-01  0.27385843E-01
 -0.22639266E-01  0.32553057E-01  0.26794365E-01
 -0.22497588E-01  0.33887038E-01  0.26175086E-01
 -0.22358028E-01  0.35179457E-01  0.25528174E-01
 -0.22219288E-01  0.36430696E-01  0.24853832E-01
 -0.22080196E-01  0.37641146E-01  0.24152299E-01
 -0.21939715E-01  0.38811201E-01  0.23423846E-01
 -0.21796950E-01  0.39941262E-01  0.22668781E-01
 -0.21651161E-01  0.41031727E-01  0.21887461E-01
 -0.21501760E-01  0.42082979E-01  0.21080304E-01
 -0.21348316E-01  0.43095385E-01  0.20247813E-01
 -0.21190550E-01  0.44069276E-01  0.19390592E-01
 -0.21028327E-01  0.45004948E-01  0.18509365E-01
 -0.20861643E-01  0.45902649E-01  0.17604988E-01
 -0.20690609E-01  0.46762577E-01  0.16678464E-01
 -0.20515436E-01  0.47584873E-01  0.15730939E-01
 -0.20336415E-01  0.48369623E-01  0.14763698E-01
 -0.20153898E-01  0.49116860E-01  0.13778153E-01
 -0.19968281E-01  0.49826565E-01  0.12775818E-01
 -0.19779989E-01  0.50498673E-01  0.11758282E-01
 -0.19589463E-01  0.51133081E-01  0.10727176E-01
 -0.19397151E-01  0.51729656E-01  0.96841316E-02
 -0.19203503E-01  0.52288243E-01  0.86307540E-02
 -0.19008966E-01  0.52808674E-01  0.75685826E-02
 -0.18813991E-01  0.53290777E-01  0.64990666E-02
 -0.18619027E-01  0.53734387E-01  0.54235454E-02
 -0.18424536E-01  0.54139349E-01  0.43432392E-02
 -0.18230990E-01  0.54505529E-01  0.32592490E-02
 -0.18038881E-01  0.54832816E-01  0.21725684E-02
 -0.17848722E-01  0.55121128E-01  0.10841032E-02
 -0.17661053E-01  0.55370411E-01 -0.52998684E-05
 -0.31986366E-01 -0.47963813E-01 -0.89465294E-07
 -0.32476761E-01 -0.48460421E-01  0.37911753E-02
 -0.32867875E-01 -0.48835164E-01  0.75765194E-02
 -0.33160232E-01 -0.49086947E-01  0.11349775E-01
 -0.33354850E-01 -0.49215444E-01  0.15104809E-01
 -0.33453205E-01 -0.49221090E-01  0.18835565E-01
 -0.33457172E-01 -0.49105047E-01  0.22536106E-01
 -0.33368962E-01 -0.48869167E-01  0.26200678E-01
 -0.33191048E-01 -0.48515923E-01  0.29823771E-01
 -0.32926098E-01 -0.48048348E-01  0.33400191E-01
 -0.32576898E-01 -0.47469951E-01  0.36925140E-01
 -0.32146291E-01 -0.46784641E-01  0.40394281E-01
 -0.31637118E-01 -0.45996652E-01  0.43803817E-01
 -0.31052176E-01 -0.45110461E-01  0.47150544E-01
 -0.30394182E-01 -0.44130727E-01  0.50431900E-01
 -0.15908152E+00 -0.18419745E+00  0.44105832E-01
 -0.15161579E+00 -0.17479945E+00  0.44793990E-01
 -0.14419747E+00 -0.16548102E+00  0.45247306E-01
 -0.13687757E+00 -0.15630266E+00  0.45490473E-01
 -0.12970119E+00 -0.14731594E+00  0.45548887E-01
 -0.12270742E+00 -0.13856359E+00  0.45447982E-01
 -0.11592935E+00 -0.13007979E+00  0.45212656E-01
 -0.10939422E+00 -0.12189067E+00  0.44866798E-01
 -0.10312375E+00 -0.11401491E+00  0.44432916E-01
 -0.97134473E-01 -0.10646447E+00  0.43931841E-01
 -0.91438113E-01 -0.99245391E-01  0.43382531E-01
 -0.86042082E-01 -0.92358561E-01  0.42801932E-01
 -0.80949928E-01 -0.85800582E-01  0.42204916E-01
 -0.76161803E-01 -0.79564540E-01  0.41604266E-01
 -0.71674925E-01 -0.73640756E-01  0.41010710E-01
 -0.67484017E-01 -0.68017472E-01  0.40432994E-01
 -0.63581721E-01 -0.62681465E-01  0.39877989E-01
 -0.59958975E-01 -0.57618578E-01  0.39350816E-01
 -0.56605360E-01 -0.52814170E-01  0.38854996E-01
 -0.53509414E-01 -0.48253481E-01  0.38392617E-01
 -0.50658904E-01 -0.43921921E-01  0.37964496E-01
 -0.48041071E-01 -0.39805284E-01  0.37570360E-01
 -0.45642833E-01 -0.35889899E-01  0.37209017E-01
 -0.43450970E-01 -0.32162726E-01  0.36878521E-01
 -0.41452273E-01 -0.28611409E-01  0.36576335E-01
 -0.39633671E-01 -0.25224290E-01  0.36299476E-01
 -0.37982338E-01 -0.21990405E-01  0.36044645E-01
 -0.36485780E-01 -0.18899458E-01  0.35808347E-01
 -0.35131907E-01 -0.15941789E-01  0.35586985E-01
 -0.33909089E-01 -0.13108341E-01  0.35376943E-01
 -0.32806205E-01 -0.10390624E-01  0.35174651E-01
 -0.31812680E-01 -0.77806867E-02  0.34976632E-01
 -0.30918511E-01 -0.52710990E-02  0.34779539E-01
 -0.30114291E-01 -0.28549317E-02  0.34580175E-01
 -0.29391216E-01 -0.52575014E-03  0.34375513E-01
 -0.28741101E-01  0.17223907E-02  0.34162701E-01
 -0.28156370E-01  0.38949481E-02  0.33939068E-01
 -0.27630054E-01  0.59968922E-02  0.33702125E-01
 -0.27155776E-01  0.80327084E-02  0.33449566E-01
 -0.26727731E-01  0.10006403E-01  0.33179272E-01
 -0.26340654E-01  0.11921515E-01  0.32889312E-01
 -0.25989795E-01  0.13781128E-01  0.32577944E-01
 -0.25670876E-01  0.15587898E-01  0.32243621E-01
 -0.25380051E-01  0.17344078E-01  0.31884994E-01
 -0.25113865E-01  0.19051553E-01  0.31500908E-01
 -0.24869208E-01  0.20711878E-01  0.31090406E-01
 -0.24643273E-01  0.22326322E-01  0.30652719E-01
 -0.24433514E-01  0.23895911E-01  0.30187264E-01
 -0.24237612E-01  0.25421469E-01  0.29693623E-01
 -0.24053440E-01  0.26903664E-01  0.29171533E-01
 -0.23879039E-01  0.28343048E-01  0.28620862E-01
 -0.23712595E-01  0.29740090E-01  0.28041595E-01
 -0.23552427E-01  0.31095211E-01  0.27433803E-01
 -0.23396980E-01  0.32408805E-01  0.26797632E-01
 -0.23244817E-01  0.33681260E-01  0.26133279E-01
 -0.23094624E-01  0.34912972E-01  0.25440983E-01
 -0.22945212E-01  0.36104351E-01  0.24721016E-01
 -0.22795523E-01  0.37255825E-01  0.23973681E-01
 -0.22644635E-01  0.38367834E-01  0.23199318E-01
 -0.22491764E-01  0.39440827E-01  0.22398310E-01
 -0.22336272E-01  0.40475253E-01  0.21571106E-01
 -0.22177660E-01  0.41471546E-01  0.20718227E-01
 -0.22015571E-01  0.42430121E-01  0.19840296E-01
 -0.21849777E-01  0.43351354E-01  0.18938049E-01
 -0.21680173E-01  0.44235578E-01  0.18012350E-01
 -0.21506764E-01  0.45083072E-01  0.17064205E-01
 -0.21329647E-01  0.45894053E-01  0.16094759E-01
 -0.21148998E-01  0.46668673E-01  0.15105294E-01
 -0.20965058E-01  0.47407016E-01  0.14097216E-01
 -0.20778113E-01  0.48109101E-01  0.13072034E-01
 -0.20588487E-01  0.48774884E-01  0.12031330E-01
 -0.20396524E-01  0.49404267E-01  0.10976733E-01
 -0.20202589E-01  0.49997102E-01  0.99098786E-02
 -0.20007055E-01  0.50553204E-01  0.88323779E-02
 -0.19810308E-01  0.51072364E-01  0.77457842E-02
 -0.19612743E-01  0.51554356E-01  0.66515676E-02
 -0.19414771E-01  0.51998953E-01  0.55510951E-02
 -0.19216822E-01  0.52405935E-01  0.44456214E-02
 -0.19019348E-01  0.52775104E-01  0.33362884E-02
 -0.18822834E-01  0.53106288E-01  0.22241352E-02
 -0.18627795E-01  0.53399351E-01  0.11101171E-02
 -0.18434783E-01  0.53654197E-01 -0.48681762E-05
 -0.30971508E-01 -0.49093665E-01 -0.10271261E-06
 -0.31466560E-01 -0.49595015E-01  0.37219802E-02
 -0.31868557E-01 -0.49978507E-01  0.74388946E-02
 -0.32178060E-01 -0.50243143E-01  0.11145261E-01
 -0.32396099E-01 -0.50388678E-01  0.14835691E-01
 -0.32524134E-01 -0.50415604E-01  0.18504802E-01
 -0.32563991E-01 -0.50325111E-01  0.22147252E-01
 -0.32517791E-01 -0.50119036E-01  0.25757779E-01
 -0.32387872E-01 -0.49799791E-01  0.29331265E-01
 -0.32176707E-01 -0.49370294E-01  0.32862804E-01
 -0.31886829E-01 -0.48833882E-01  0.36347785E-01
 -0.31520764E-01 -0.48194237E-01  0.39781971E-01
 -0.31080974E-01 -0.47455314E-01  0.43161589E-01
 -0.30569817E-01 -0.46621269E-01  0.46483397E-01
 -0.29989527E-01 -0.45696406E-01  0.49744757E-01
 -0.29342201E-01 -0.44685127E-01  0.52943668E-01
 -0.16937145E+00 -0.19077838E+00  0.46240160E-01
 -0.16036346E+00 -0.17977192E+00  0.46570501E-01
 -0.15155010E+00 -0.16902635E+00  0.46691175E-01
 -0.14298191E+00 -0.15859753E+00  0.46631208E-01
 -0.13470059E+00 -0.14852921E+00  0.46418925E-01
 -0.12673944E+00 -0.13885386E+00  0.46081401E-01
 -0.11912396E+00 -0.12959371E+00  0.45644033E-01
 -0.11187252E+00 -0.12076184E+00  0.45130233E-01
 -0.10499711E+00 -0.11236338E+00  0.44561223E-01
 -0.98504053E-01 -0.10439670E+00  0.43955913E-01
 -0.92394780E-01 -0.96854629E-01  0.43330859E-01
 -0.86666542E-01 -0.89725492E-01  0.42700270E-01
 -0.81313077E-01 -0.82994205E-01  0.42076069E-01
 -0.76325236E-01 -0.76643185E-01  0.41467992E-01
 -0.71691541E-01 -0.70653178E-01  0.40883715E-01
 -0.67398696E-01 -0.65003965E-01  0.40329003E-01
 -0.63432026E-01 -0.59674957E-01  0.39807875E-01
 -0.59775874E-01 -0.54645670E-01  0.39322785E-01
 -0.56413930E-01 -0.49896092E-01  0.38874805E-01
 -0.53329522E-01 -0.45406958E-01  0.38463816E-01
 -0.50505858E-01 -0.41159934E-01  0.38088688E-01
 -0.47926226E-01 -0.37137728E-01  0.37747468E-01
 -0.45574163E-01 -0.33324141E-01  0.37437543E-01
 -0.43433588E-01 -0.29704069E-01  0.37155809E-01
 -0.41488909E-01 -0.26263476E-01  0.36898806E-01
 -0.39725107E-01 -0.22989336E-01  0.36662851E-01
 -0.38127794E-01 -0.19869565E-01  0.36444148E-01
 -0.36683267E-01 -0.16892954E-01  0.36238872E-01
 -0.35378527E-01 -0.14049093E-01  0.36043251E-01
 -0.34201307E-01 -0.11328313E-01  0.35853613E-01
 -0.33140077E-01 -0.87216258E-02  0.35666431E-01
 -0.32184043E-01 -0.62206841E-02  0.35478346E-01
 -0.31323146E-01 -0.38177473E-02  0.35286184E-01
 -0.30548042E-01 -0.15056583E-02  0.35086963E-01
 -0.29850097E-01  0.72217325E-03  0.34877897E-01
 -0.29221355E-01  0.28717810E-02  0.34656387E-01
 -0.28654522E-01  0.49486504E-02  0.34420029E-01
 -0.28142931E-01  0.69577263E-02  0.34166603E-01
 -0.27680518E-01  0.89034231E-02  0.33894074E-01
 -0.27261777E-01  0.10789639E-01  0.33600594E-01
 -0.26881734E-01  0.12619773E-01  0.33284500E-01
 -0.26535897E-01  0.14396753E-01  0.32944319E-01
 -0.26220221E-01  0.16123066E-01  0.32578769E-01
 -0.25931063E-01  0.17800789E-01  0.32186759E-01
 -0.25665139E-01  0.19431641E-01  0.31767388E-01
 -0.25419487E-01  0.21017017E-01  0.31319943E-01
 -0.25191426E-01  0.22558041E-01  0.30843885E-01
 -0.24978517E-01  0.24055614E-01  0.30338843E-01
 -0.24778540E-01  0.25510457E-01  0.29804597E-01
 -0.24589459E-01  0.26923155E-01  0.29241055E-01
 -0.24409402E-01  0.28294201E-01  0.28648239E-01
 -0.24236648E-01  0.29624026E-01  0.28026261E-01
 -0.24069612E-01  0.30913032E-01  0.27375301E-01
 -0.23906839E-01  0.32161613E-01  0.26695594E-01
 -0.23746998E-01  0.33370171E-01  0.25987415E-01
 -0.23588886E-01  0.34539127E-01  0.25251070E-01
 -0.23431426E-01  0.35668924E-01  0.24486897E-01
 -0.23273671E-01  0.36760030E-01  0.23695266E-01
 -0.23114806E-01  0.37812926E-01  0.22876590E-01
 -0.22954146E-01  0.38828102E-01  0.22031341E-01
 -0.22791140E-01  0.39806044E-01  0.21160061E-01
 -0.22625364E-01  0.40747218E-01  0.20263387E-01
 -0.22456514E-01  0.41652063E-01  0.19342064E-01
 -0.22284404E-01  0.42520971E-01  0.18396962E-01
 -0.22108946E-01  0.43354280E-01  0.17429082E-01
 -0.21930146E-01  0.44152263E-01  0.16439563E-01
 -0.21748086E-01  0.44915119E-01  0.15429677E-01
 -0.21562910E-01  0.45642973E-01  0.14400815E-01
 -0.21374815E-01  0.46335873E-01  0.13354472E-01
 -0.21184037E-01  0.46993791E-01  0.12292220E-01
 -0.20990841E-01  0.47616632E-01  0.11215676E-01
 -0.20795517E-01  0.48204240E-01  0.10126475E-01
 -0.20598375E-01  0.48756409E-01  0.90262305E-02
 -0.20399741E-01  0.49272897E-01  0.79165099E-02
 -0.20199963E-01  0.49753438E-01  0.67988061E-02
 -0.19999414E-01  0.50197759E-01  0.56745201E-02
 -0.19798493E-01  0.50605591E-01  0.45449505E-02
 -0.19597632E-01  0.50976685E-01  0.34112921E-02
 -0.19397303E-01  0.51310821E-01  0.22746449E-02
 -0.19198020E-01  0.51607820E-01  0.11360301E-02
 -0.19000341E-01  0.51867549E-01 -0.35858287E-05
 -0.30085966E-01 -0.50373903E-01 -0.85011009E-07
 -0.30582544E-01 -0.50879363E-01  0.36504611E-02
 -0.30992223E-01 -0.51271921E-01  0.72965805E-02
 -0.31315621E-01 -0.51550668E-01  0.10933712E-01
 -0.31553798E-01 -0.51715389E-01  0.14557236E-01
 -0.31708212E-01 -0.51766541E-01  0.18162469E-01
 -0.31780652E-01 -0.51705218E-01  0.21744672E-01
 -0.31773160E-01 -0.51533086E-01  0.25299081E-01
 -0.31687945E-01 -0.51252328E-01  0.28820964E-01
 -0.31527297E-01 -0.50865562E-01  0.32305683E-01
 -0.31293506E-01 -0.50375778E-01  0.35748793E-01
 -0.30988793E-01 -0.49786267E-01  0.39146127E-01
 -0.30615256E-01 -0.49100564E-01  0.42493906E-01
 -0.30174832E-01 -0.48322390E-01  0.45788830E-01
 -0.29669286E-01 -0.47455621E-01  0.49028163E-01
 -0.29100212E-01 -0.46504244E-01  0.52209792E-01
 -0.28469061E-01 -0.45472335E-01  0.55332272E-01
 -0.17676540E+00 -0.19409824E+00  0.47723547E-01
 -0.16625569E+00 -0.18160069E+00  0.47706181E-01
 -0.15612849E+00 -0.16958249E+00  0.47516463E-01
 -0.14642480E+00 -0.15808433E+00  0.47185353E-01
 -0.13717451E+00 -0.14713271E+00  0.46741713E-01
 -0.12839763E+00 -0.13674173E+00  0.46211976E-01
 -0.12010556E+00 -0.12691486E+00  0.45619952E-01
 -0.11230230E+00 -0.11764670E+00  0.44986743E-01
 -0.10498562E+00 -0.10892468E+00  0.44330733E-01
 -0.98148146E-01 -0.10073061E+00  0.43667641E-01
 -0.91778359E-01 -0.93042071E-01  0.43010628E-01
 -0.85861452E-01 -0.85833700E-01  0.42370429E-01
 -0.80380106E-01 -0.79078262E-01  0.41755518E-01
 -0.75315157E-01 -0.72747581E-01  0.41172282E-01
 -0.70646157E-01 -0.66813297E-01  0.40625218E-01
 -0.66351853E-01 -0.61247477E-01  0.40117124E-01
 -0.62410587E-01 -0.56023082E-01  0.39649307E-01
 -0.58800622E-01 -0.51114302E-01  0.39221781E-01
 -0.55500414E-01 -0.46496781E-01  0.38833468E-01
 -0.52488823E-01 -0.42147747E-01  0.38482391E-01
 -0.49745287E-01 -0.38046065E-01  0.38165855E-01
 -0.47249953E-01 -0.34172220E-01  0.37880621E-01
 -0.44983778E-01 -0.30508260E-01  0.37623060E-01
 -0.42928597E-01 -0.27037707E-01  0.37389290E-01
 -0.41067172E-01 -0.23745449E-01  0.37175299E-01
 -0.39383222E-01 -0.20617616E-01  0.36977042E-01
 -0.37861431E-01 -0.17641470E-01  0.36790525E-01
 -0.36487448E-01 -0.14805291E-01  0.36611863E-01
 -0.35247871E-01 -0.12098281E-01  0.36437328E-01
 -0.34130230E-01 -0.95104794E-02  0.36263377E-01
 -0.33122958E-01 -0.70326961E-02  0.36086671E-01
 -0.32215354E-01 -0.46564561E-02  0.35904078E-01
 -0.31397553E-01 -0.23739606E-02  0.35712677E-01
 -0.30660486E-01 -0.17805622E-03  0.35509751E-01
 -0.29995837E-01  0.19377863E-02  0.35292784E-01
 -0.29396005E-01  0.39794893E-02  0.35059448E-01
 -0.28854061E-01  0.59523834E-02  0.34807604E-01
 -0.28363707E-01  0.78612229E-02  0.34535295E-01
 -0.27919231E-01  0.97102043E-02  0.34240746E-01
 -0.27515465E-01  0.11502989E-01  0.33922366E-01
 -0.27147742E-01  0.13242731E-01  0.33578746E-01
 -0.26811853E-01  0.14932110E-01  0.33208665E-01
 -0.26504005E-01  0.16573370E-01  0.32811089E-01
 -0.26220776E-01  0.18168366E-01  0.32385171E-01
 -0.25959081E-01  0.19718606E-01  0.31930246E-01
 -0.25716129E-01  0.21225302E-01  0.31445824E-01
 -0.25489390E-01  0.22689421E-01  0.30931577E-01
 -0.25276565E-01  0.24111735E-01  0.30387326E-01
 -0.25075557E-01  0.25492863E-01  0.29813022E-01
 -0.24884447E-01  0.26833319E-01  0.29208726E-01
 -0.24701478E-01  0.28133547E-01  0.28574587E-01
 -0.24525038E-01  0.29393955E-01  0.27910826E-01
 -0.24353652E-01  0.30614937E-01  0.27217715E-01
 -0.24185974E-01  0.31796898E-01  0.26495567E-01
 -0.24020786E-01  0.32940260E-01  0.25744726E-01
 -0.23856992E-01  0.34045473E-01  0.24965564E-01
 -0.23693624E-01  0.35113012E-01  0.24158486E-01
 -0.23529837E-01  0.36143374E-01  0.23323938E-01
 -0.23364913E-01  0.37137071E-01  0.22462416E-01
 -0.23198256E-01  0.38094612E-01  0.21574489E-01
 -0.23029390E-01  0.39016495E-01  0.20660810E-01
 -0.22857955E-01  0.39903191E-01  0.19722133E-01
 -0.22683698E-01  0.40755127E-01  0.18759332E-01
 -0.22506466E-01  0.41572676E-01  0.17773406E-01
 -0.22326189E-01  0.42356144E-01  0.16765482E-01
 -0.22142878E-01  0.43105761E-01  0.15736816E-01
 -0.21956605E-01  0.43821674E-01  0.14688783E-01
 -0.21767494E-01  0.44503950E-01  0.13622855E-01
 -0.21575712E-01  0.45152572E-01  0.12540584E-01
 -0.21381459E-01  0.45767447E-01  0.11443573E-01
 -0.21184966E-01  0.46348414E-01  0.10333444E-01
 -0.20986486E-01  0.46895255E-01  0.92118119E-02
 -0.20786298E-01  0.47407707E-01  0.80802539E-02
 -0.20584705E-01  0.47885479E-01  0.69402864E-02
 -0.20382042E-01  0.48328269E-01  0.57933470E-02
 -0.20178678E-01  0.48735774E-01  0.46407842E-02
 -0.19975023E-01  0.49107712E-01  0.34838552E-02
 -0.19771531E-01  0.49443832E-01  0.23237319E-02
 -0.19568709E-01  0.49743923E-01  0.11615155E-02
 -0.19367113E-01  0.50007827E-01 -0.17441362E-05
 -0.29314857E-01 -0.51773722E-01 -0.39200036E-07
 -0.29809597E-01 -0.52282867E-01  0.35758471E-02
 -0.30223633E-01 -0.52685287E-01  0.71480373E-02
 -0.30557655E-01 -0.52980128E-01  0.10712803E-01
 -0.30812763E-01 -0.53167124E-01  0.14266310E-01
 -0.30990416E-01 -0.53246569E-01  0.17804581E-01
 -0.31092363E-01 -0.53219289E-01  0.21323490E-01
 -0.31120556E-01 -0.53086586E-01  0.24818774E-01
 -0.31077067E-01 -0.52850193E-01  0.28286078E-01
 -0.30963994E-01 -0.52512213E-01  0.31721030E-01
 -0.30783380E-01 -0.52075076E-01  0.35119334E-01
 -0.30537141E-01 -0.51541491E-01  0.38476885E-01
 -0.30227017E-01 -0.50914409E-01  0.41789885E-01
 -0.29854543E-01 -0.50196999E-01  0.45054964E-01
 -0.29421036E-01 -0.49392623E-01  0.48269285E-01
 -0.28927616E-01 -0.48504826E-01  0.51430631E-01
 -0.28375240E-01 -0.47537314E-01  0.54537454E-01
 -0.19306012E+00 -0.20814149E+00  0.48647431E-01
 -0.18066386E+00 -0.19372692E+00  0.48480767E-01
 -0.16882877E+00 -0.17999636E+00  0.48154815E-01
 -0.15758997E+00 -0.16698143E+00  0.47702647E-01
 -0.14696872E+00 -0.15469684E+00  0.47154283E-01
 -0.13697460E+00 -0.14314308E+00  0.46536531E-01
 -0.12760737E+00 -0.13230908E+00  0.45872950E-01
 -0.11885890E+00 -0.12217460E+00  0.45183908E-01
 -0.11071473E+00 -0.11271241E+00  0.44486715E-01
 -0.10315552E+00 -0.10389020E+00  0.43795783E-01
 -0.96158323E-01 -0.95672241E-01  0.43122829E-01
 -0.89697580E-01 -0.88020849E-01  0.42477086E-01
 -0.83746026E-01 -0.80897516E-01  0.41865519E-01
 -0.78275390E-01 -0.74263889E-01  0.41293050E-01
 -0.73256973E-01 -0.68082518E-01  0.40762782E-01
 -0.68662108E-01 -0.62317424E-01  0.40276218E-01
 -0.64462527E-01 -0.56934502E-01  0.39833478E-01
 -0.60630633E-01 -0.51901789E-01  0.39433515E-01
 -0.57139720E-01 -0.47189600E-01  0.39074310E-01
 -0.53964127E-01 -0.42770577E-01  0.38753073E-01
 -0.51079351E-01 -0.38619656E-01  0.38466422E-01
 -0.48462120E-01 -0.34713974E-01  0.38210544E-01
 -0.46090441E-01 -0.31032732E-01  0.37981351E-01
 -0.43943619E-01 -0.27557043E-01  0.37774601E-01
 -0.42002256E-01 -0.24269753E-01  0.37586016E-01
 -0.40248239E-01 -0.21155272E-01  0.37411363E-01
 -0.38664705E-01 -0.18199409E-01  0.37246530E-01
 -0.37236009E-01 -0.15389218E-01  0.37087569E-01
 -0.35947671E-01 -0.12712863E-01  0.36930740E-01
 -0.34786329E-01 -0.10159507E-01  0.36772518E-01
 -0.33739680E-01 -0.77192143E-02  0.36609613E-01
 -0.32796420E-01 -0.53828767E-02  0.36438958E-01
 -0.31946193E-01 -0.31421527E-02  0.36257711E-01
 -0.31179523E-01 -0.98942374E-03  0.36063239E-01
 -0.30487765E-01  0.10822409E-02  0.35853109E-01
 -0.29863042E-01  0.30791116E-02  0.35625082E-01
 -0.29298196E-01  0.50068214E-02  0.35377101E-01
 -0.28786734E-01  0.68703892E-02  0.35107287E-01
 -0.28322774E-01  0.86742425E-02  0.34813938E-01
 -0.27901001E-01  0.10422245E-01  0.34495530E-01
 -0.27516616E-01  0.12117727E-01  0.34150720E-01
 -0.27165293E-01  0.13763523E-01  0.33778343E-01
 -0.26843131E-01  0.15362008E-01  0.33377420E-01
 -0.26546615E-01  0.16915149E-01  0.32947153E-01
 -0.26272575E-01  0.18424547E-01  0.32486922E-01
 -0.26018147E-01  0.19891492E-01  0.31996279E-01
 -0.25780739E-01  0.21317011E-01  0.31474937E-01
 -0.25557997E-01  0.22701921E-01  0.30922754E-01
 -0.25347781E-01  0.24046877E-01  0.30339716E-01
 -0.25148137E-01  0.25352413E-01  0.29725920E-01
 -0.24957279E-01  0.26618987E-01  0.29081551E-01
 -0.24773574E-01  0.27847011E-01  0.28406864E-01
 -0.24595527E-01  0.29036882E-01  0.27702169E-01
 -0.24421778E-01  0.30188999E-01  0.26967816E-01
 -0.24251090E-01  0.31303781E-01  0.26204189E-01
 -0.24082353E-01  0.32381671E-01  0.25411699E-01
 -0.23914579E-01  0.33423141E-01  0.24590791E-01
 -0.23746899E-01  0.34428687E-01  0.23741947E-01
 -0.23578567E-01  0.35398818E-01  0.22865699E-01
 -0.23408956E-01  0.36334049E-01  0.21962645E-01
 -0.23237554E-01  0.37234882E-01  0.21033462E-01
 -0.23063959E-01  0.38101797E-01  0.20078922E-01
 -0.22887875E-01  0.38935230E-01  0.19099905E-01
 -0.22709099E-01  0.39735566E-01  0.18097411E-01
 -0.22527513E-01  0.40503120E-01  0.17072557E-01
 -0.22343076E-01  0.41238133E-01  0.16026583E-01
 -0.22155808E-01  0.41940761E-01  0.14960840E-01
 -0.21965782E-01  0.42611078E-01  0.13876776E-01
 -0.21773114E-01  0.43249071E-01  0.12775915E-01
 -0.21577957E-01  0.43854648E-01  0.11659838E-01
 -0.21380492E-01  0.44427645E-01  0.10530150E-01
 -0.21180928E-01  0.44967839E-01  0.93884583E-02
 -0.20979502E-01  0.45474959E-01  0.82363470E-02
 -0.20776480E-01  0.45948703E-01  0.70753526E-02
 -0.20572162E-01  0.46388754E-01  0.59069491E-02
 -0.20366884E-01  0.46794796E-01  0.47325375E-02
 -0.20161032E-01  0.47166530E-01  0.35534422E-02
 -0.19955040E-01  0.47503687E-01  0.23709153E-02
 -0.19749398E-01  0.47806044E-01  0.11861469E-02
 -0.19544656E-01  0.48073425E-01  0.28193667E-06
 -0.28642598E-01 -0.53250246E-01  0.23201281E-07
 -0.29132109E-01 -0.53762810E-01  0.34974210E-02
 -0.29547229E-01 -0.54176164E-01  0.69918403E-02
 -0.29888737E-01 -0.54489458E-01  0.10480378E-01
 -0.30157771E-01 -0.54702269E-01  0.13959975E-01
 -0.30355781E-01 -0.54814580E-01  0.17427361E-01
 -0.30484451E-01 -0.54826759E-01  0.20879015E-01
 -0.30545623E-01 -0.54739533E-01  0.24311173E-01
 -0.30541201E-01 -0.54553958E-01  0.27719863E-01
 -0.30473067E-01 -0.54271399E-01  0.31100976E-01
 -0.30342996E-01 -0.53893515E-01  0.34450375E-01
 -0.30152596E-01 -0.53422245E-01  0.37764020E-01
 -0.29903253E-01 -0.52859809E-01  0.41038106E-01
 -0.29596114E-01 -0.52208713E-01  0.44269208E-01
 -0.29232080E-01 -0.51471749E-01  0.47454405E-01
 -0.28811837E-01 -0.50652000E-01  0.50591394E-01
 -0.28335892E-01 -0.49752836E-01  0.53678550E-01
 -0.27804643E-01 -0.48777893E-01  0.56714961E-01
 -0.19438984E+00 -0.20505499E+00  0.48959565E-01
 -0.18073008E+00 -0.18952694E+00  0.48497441E-01
 -0.16787739E+00 -0.17494677E+00  0.47928526E-01
 -0.15583765E+00 -0.16130998E+00  0.47283156E-01
 -0.14460377E+00 -0.14859693E+00  0.46587686E-01
 -0.13415848E+00 -0.13677635E+00  0.45864661E-01
 -0.12447675E+00 -0.12580842E+00  0.45133049E-01
 -0.11552796E+00 -0.11564736E+00  0.44408511E-01
 -0.10727753E+00 -0.10624366E+00  0.43703689E-01
 -0.99688434E-01 -0.97545907E-01  0.43028491E-01
 -0.92722291E-01 -0.89502243E-01  0.42390370E-01
 -0.86340268E-01 -0.82061551E-01  0.41794589E-01
 -0.80503773E-01 -0.75174344E-01  0.41244480E-01
 -0.75174971E-01 -0.68793428E-01  0.40741682E-01
 -0.70317168E-01 -0.62874356E-01  0.40286378E-01
 -0.65895079E-01 -0.57375717E-01  0.39877518E-01
 -0.61875013E-01 -0.52259274E-01  0.39513025E-01
 -0.58224995E-01 -0.47489988E-01  0.39190002E-01
 -0.54914827E-01 -0.43035949E-01  0.38904916E-01
 -0.51916116E-01 -0.38868243E-01  0.38653771E-01
 -0.49202269E-01 -0.34960757E-01  0.38432264E-01
 -0.46748468E-01 -0.31289967E-01  0.38235921E-01
 -0.44531624E-01 -0.27834697E-01  0.38060220E-01
 -0.42530318E-01 -0.24575885E-01  0.37900681E-01
 -0.40724739E-01 -0.21496349E-01  0.37752948E-01
 -0.39096604E-01 -0.18580574E-01  0.37612844E-01
 -0.37629084E-01 -0.15814516E-01  0.37476410E-01
 -0.36306718E-01 -0.13185430E-01  0.37339927E-01
 -0.35115334E-01 -0.10681725E-01  0.37199929E-01
 -0.34041964E-01 -0.82928414E-02  0.37053200E-01
 -0.33074766E-01 -0.60091540E-02  0.36896762E-01
 -0.32202939E-01 -0.38218931E-02  0.36727871E-01
 -0.31416653E-01 -0.17230827E-02  0.36543994E-01
 -0.30706974E-01  0.29450704E-03  0.36342800E-01
 -0.30065795E-01  0.22373991E-02  0.36122146E-01
 -0.29485769E-01  0.41114421E-02  0.35880067E-01
 -0.28960253E-01  0.59218397E-02  0.35614772E-01
 -0.28483243E-01  0.76731808E-02  0.35324641E-01
 -0.28049323E-01  0.93694700E-02  0.35008223E-01
 -0.27653613E-01  0.11014163E-01  0.34664240E-01
 -0.27291716E-01  0.12610202E-01  0.34291588E-01
 -0.26959675E-01  0.14160062E-01  0.33889342E-01
 -0.26653924E-01  0.15665794E-01  0.33456750E-01
 -0.26371251E-01  0.17129074E-01  0.32993233E-01
 -0.26108756E-01  0.18551253E-01  0.32498378E-01
 -0.25863814E-01  0.19933411E-01  0.31971930E-01
 -0.25634045E-01  0.21276406E-01  0.31413775E-01
 -0.25417285E-01  0.22580923E-01  0.30823926E-01
 -0.25211560E-01  0.23847520E-01  0.30202505E-01
 -0.25015066E-01  0.25076666E-01  0.29549724E-01
 -0.24826153E-01  0.26268780E-01  0.28865868E-01
 -0.24643314E-01  0.27424255E-01  0.28151279E-01
 -0.24465172E-01  0.28543485E-01  0.27406343E-01
 -0.24290478E-01  0.29626878E-01  0.26631483E-01
 -0.24118108E-01  0.30674864E-01  0.25827154E-01
 -0.23947058E-01  0.31687898E-01  0.24993845E-01
 -0.23776444E-01  0.32666459E-01  0.24132084E-01
 -0.23605501E-01  0.33611040E-01  0.23242447E-01
 -0.23433582E-01  0.34522138E-01  0.22325574E-01
 -0.23260153E-01  0.35400242E-01  0.21382174E-01
 -0.23084789E-01  0.36245816E-01  0.20413047E-01
 -0.22907166E-01  0.37059284E-01  0.19419090E-01
 -0.22727054E-01  0.37841019E-01  0.18401306E-01
 -0.22544306E-01  0.38591329E-01  0.17360811E-01
 -0.22358850E-01  0.39310446E-01  0.16298829E-01
 -0.22170674E-01  0.39998523E-01  0.15216687E-01
 -0.21979817E-01  0.40655627E-01  0.14115805E-01
 -0.21786363E-01  0.41281743E-01  0.12997677E-01
 -0.21590428E-01  0.41876779E-01  0.11863854E-01
 -0.21392160E-01  0.42440571E-01  0.10715918E-01
 -0.21191734E-01  0.42972895E-01  0.95554638E-02
 -0.20989352E-01  0.43473483E-01  0.83840740E-02
 -0.20785247E-01  0.43942033E-01  0.72033014E-02
 -0.20579687E-01  0.44378230E-01  0.60146534E-02
 -0.20372981E-01  0.44781757E-01  0.48195823E-02
 -0.20165485E-01  0.45152316E-01  0.36194812E-02
 -0.19957611E-01  0.45489638E-01  0.24156851E-02
 -0.19749828E-01  0.45793495E-01  0.12094789E-02
 -0.19542672E-01  0.46063711E-01  0.21087792E-05
 -0.28052334E-01 -0.54746750E-01  0.84508881E-07
 -0.28533365E-01 -0.55262547E-01  0.34144890E-02
 -0.28946496E-01 -0.55687931E-01  0.68266135E-02
 -0.29292594E-01 -0.56021986E-01  0.10234342E-01
 -0.29572828E-01 -0.56264021E-01  0.13635363E-01
 -0.29788609E-01 -0.56413558E-01  0.17027080E-01
 -0.29941524E-01 -0.56470333E-01  0.20406567E-01
 -0.30033260E-01 -0.56434301E-01  0.23770551E-01
 -0.30065514E-01 -0.56305649E-01  0.27115444E-01
 -0.30039915E-01 -0.56084811E-01  0.30437420E-01
 -0.29957947E-01 -0.55772502E-01  0.33732523E-01
 -0.29820893E-01 -0.55369750E-01  0.36996810E-01
 -0.29629793E-01 -0.54877939E-01  0.40226508E-01
 -0.29385426E-01 -0.54298842E-01  0.43418175E-01
 -0.29088319E-01 -0.53634654E-01  0.46568850E-01
 -0.28738771E-01 -0.52888014E-01  0.49676181E-01
 -0.28336910E-01 -0.52062004E-01  0.52738505E-01
 -0.27882747E-01 -0.51160123E-01  0.55754888E-01
 -0.20700493E+00 -0.21519403E+00  0.49090097E-01
 -0.19145092E+00 -0.19783534E+00  0.48499895E-01
 -0.17695187E+00 -0.18169120E+00  0.47826167E-01
 -0.16349008E+00 -0.16672921E+00  0.47098534E-01
 -0.15103472E+00 -0.15290227E+00  0.46341972E-01
 -0.13954549E+00 -0.14015291E+00  0.45577203E-01
 -0.12897561E+00 -0.12841694E+00  0.44821118E-01
 -0.11927430E+00 -0.11762635E+00  0.44087194E-01
 -0.11038869E+00 -0.10771165E+00  0.43385887E-01
 -0.10226530E+00 -0.98603691E-01  0.42724994E-01
 -0.94851148E-01 -0.90235065E-01  0.42109983E-01
 -0.88094564E-01 -0.82541122E-01  0.41544293E-01
 -0.81945759E-01 -0.75460693E-01  0.41029604E-01
 -0.76357199E-01 -0.68936568E-01  0.40566088E-01
 -0.71283833E-01 -0.62915758E-01  0.40152645E-01
 -0.66683223E-01 -0.57349605E-01  0.39787113E-01
 -0.62515581E-01 -0.52193749E-01  0.39466477E-01
 -0.58743753E-01 -0.47408000E-01  0.39187054E-01
 -0.55333164E-01 -0.42956131E-01  0.38944670E-01
 -0.52251732E-01 -0.38805617E-01  0.38734820E-01
 -0.49469769E-01 -0.34927343E-01  0.38552807E-01
 -0.46959862E-01 -0.31295286E-01  0.38393870E-01
 -0.44696757E-01 -0.27886208E-01  0.38253284E-01
 -0.42657233E-01 -0.24679345E-01  0.38126446E-01
 -0.40819980E-01 -0.21656117E-01  0.38008940E-01
 -0.39165479E-01 -0.18799868E-01  0.37896579E-01
 -0.37675876E-01 -0.16095624E-01  0.37785436E-01
 -0.36334870E-01 -0.13529888E-01  0.37671857E-01
 -0.35127601E-01 -0.11090464E-01  0.37552463E-01
 -0.34040541E-01 -0.87663092E-02  0.37424139E-01
 -0.33061392E-01 -0.65474124E-02  0.37284022E-01
 -0.32178990E-01 -0.44246976E-02  0.37129484E-01
 -0.31383216E-01 -0.23899457E-02  0.36958113E-01
 -0.30664907E-01 -0.43573304E-03  0.36767697E-01
 -0.30015779E-01  0.14446189E-02  0.36556205E-01
 -0.29428354E-01  0.32570858E-02  0.36321783E-01
 -0.28895887E-01  0.50069777E-02  0.36062742E-01
 -0.28412302E-01  0.66989741E-02  0.35777555E-01
 -0.27972135E-01  0.83371599E-02  0.35464857E-01
 -0.27570469E-01  0.99250625E-02  0.35123445E-01
 -0.27202888E-01  0.11465692E-01  0.34752282E-01
 -0.26865422E-01  0.12961583E-01  0.34350497E-01
 -0.26554498E-01  0.14414843E-01  0.33917382E-01
 -0.26266900E-01  0.15827199E-01  0.33452396E-01
 -0.25999727E-01  0.17200050E-01  0.32955153E-01
 -0.25750353E-01  0.18534516E-01  0.32425420E-01
 -0.25516396E-01  0.19831487E-01  0.31863099E-01
 -0.25295688E-01  0.21091676E-01  0.31268216E-01
 -0.25086252E-01  0.22315657E-01  0.30640907E-01
 -0.24886279E-01  0.23503913E-01  0.29981400E-01
 -0.24694113E-01  0.24656864E-01  0.29289999E-01
 -0.24508237E-01  0.25774902E-01  0.28567071E-01
 -0.24327271E-01  0.26858410E-01  0.27813034E-01
 -0.24149957E-01  0.27907780E-01  0.27028349E-01
 -0.23975162E-01  0.28923421E-01  0.26213518E-01
 -0.23801876E-01  0.29905765E-01  0.25369080E-01
 -0.23629208E-01  0.30855261E-01  0.24495617E-01
 -0.23456385E-01  0.31772372E-01  0.23593761E-01
 -0.23282753E-01  0.32657565E-01  0.22664201E-01
 -0.23107770E-01  0.33511295E-01  0.21707695E-01
 -0.22931003E-01  0.34333996E-01  0.20725080E-01
 -0.22752119E-01  0.35126061E-01  0.19717282E-01
 -0.22570876E-01  0.35887836E-01  0.18685319E-01
 -0.22387116E-01  0.36619602E-01  0.17630310E-01
 -0.22200752E-01  0.37321571E-01  0.16553468E-01
 -0.22011756E-01  0.37993877E-01  0.15456100E-01
 -0.21820151E-01  0.38636575E-01  0.14339598E-01
 -0.21625998E-01  0.39249643E-01  0.13205423E-01
 -0.21429393E-01  0.39832983E-01  0.12055092E-01
 -0.21230462E-01  0.40386434E-01  0.10890160E-01
 -0.21029353E-01  0.40909776E-01  0.97122016E-02
 -0.20826243E-01  0.41402748E-01  0.85227931E-02
 -0.20621338E-01  0.41865061E-01  0.73234970E-02
 -0.20414878E-01  0.42296411E-01  0.61158492E-02
 -0.20207147E-01  0.42696497E-01  0.49013495E-02
 -0.19998473E-01  0.43065030E-01  0.36814568E-02
 -0.19789245E-01  0.43401754E-01  0.24575887E-02
 -0.19579909E-01  0.43706450E-01  0.12311252E-02
 -0.19370981E-01  0.43978949E-01  0.34164526E-05
 -0.27524961E-01 -0.56191850E-01  0.12461602E-06
 -0.27994517E-01 -0.56710677E-01  0.33263592E-02
 -0.28402862E-01 -0.57148933E-01  0.66509826E-02
 -0.28750946E-01 -0.57505561E-01  0.99725996E-02
 -0.29039936E-01 -0.57779500E-01  0.13289582E-01
 -0.29271172E-01 -0.57969686E-01  0.16599967E-01
 -0.29446097E-01 -0.58075092E-01  0.19901387E-01
 -0.29566191E-01 -0.58094765E-01  0.23191050E-01
 -0.29632895E-01 -0.58027888E-01  0.26465763E-01
 -0.29647546E-01 -0.57873851E-01  0.29722007E-01
 -0.29611307E-01 -0.57632332E-01  0.32956052E-01
 -0.29525126E-01 -0.57303381E-01  0.36164111E-01
 -0.29389705E-01 -0.56887505E-01  0.39342506E-01
 -0.29205485E-01 -0.56385741E-01  0.42487849E-01
 -0.28972668E-01 -0.55799713E-01  0.45597204E-01
 -0.28691235E-01 -0.55131662E-01  0.48668229E-01
 -0.28361009E-01 -0.54384451E-01  0.51699270E-01
 -0.27981701E-01 -0.53561529E-01  0.54689407E-01
 -0.27552989E-01 -0.52666858E-01  0.57638434E-01
 -0.20059711E+00 -0.20457261E+00  0.48125921E-01
 -0.18447705E+00 -0.18692532E+00  0.47367556E-01
 -0.16964207E+00 -0.17071818E+00  0.46579669E-01
 -0.15603014E+00 -0.15586911E+00  0.45784901E-01
 -0.14357194E+00 -0.14228863E+00  0.45001377E-01
 -0.13219430E+00 -0.12988382E+00  0.44243308E-01
 -0.12182279E+00 -0.11856129E+00  0.43521536E-01
 -0.11238365E+00 -0.10822942E+00  0.42844014E-01
 -0.10380510E+00 -0.98799935E-01  0.42216223E-01
 -0.96018349E-01 -0.90189081E-01  0.41641536E-01
 -0.88958107E-01 -0.82318314E-01  0.41121529E-01
 -0.82562966E-01 -0.75114737E-01  0.40656251E-01
 -0.76775529E-01 -0.68511291E-01  0.40244474E-01
 -0.71542421E-01 -0.62446751E-01  0.39883904E-01
 -0.66814207E-01 -0.56865598E-01  0.39571387E-01
 -0.62545251E-01 -0.51717778E-01  0.39303095E-01
 -0.58693527E-01 -0.46958385E-01  0.39074692E-01
 -0.55220418E-01 -0.42547299E-01  0.38881495E-01
 -0.52090501E-01 -0.38448791E-01  0.38718613E-01
 -0.49271331E-01 -0.34631112E-01  0.38581075E-01
 -0.46733236E-01 -0.31066090E-01  0.38463931E-01
 -0.44449107E-01 -0.27728732E-01  0.38362351E-01
 -0.42394207E-01 -0.24596850E-01  0.38271686E-01
 -0.40545991E-01 -0.21650722E-01  0.38187524E-01
 -0.38883932E-01 -0.18872775E-01  0.38105725E-01
 -0.37389361E-01 -0.16247311E-01  0.38022439E-01
 -0.36045315E-01 -0.13760268E-01  0.37934113E-01
 -0.34836403E-01 -0.11399012E-01  0.37837481E-01
 -0.33748670E-01 -0.91521706E-02  0.37729559E-01
 -0.32769481E-01 -0.70094856E-02  0.37607618E-01
 -0.31887407E-01 -0.49617025E-02  0.37469168E-01
 -0.31092126E-01 -0.30004753E-02  0.37311938E-01
 -0.30374325E-01 -0.11182920E-02  0.37133851E-01
 -0.29725613E-01  0.69158608E-03  0.36933014E-01
 -0.29138436E-01  0.24351761E-02  0.36707698E-01
 -0.28606009E-01  0.41178175E-02  0.36456336E-01
 -0.28122237E-01  0.57442131E-02  0.36177512E-01
 -0.27681652E-01  0.73184685E-02  0.35869960E-01
 -0.27279351E-01  0.88441320E-02  0.35532566E-01
 -0.26910940E-01  0.10324236E-01  0.35164365E-01
 -0.26572475E-01  0.11761339E-01  0.34764546E-01
 -0.26260414E-01  0.13157576E-01  0.34332449E-01
 -0.25971571E-01  0.14514700E-01  0.33867563E-01
 -0.25703072E-01  0.15834137E-01  0.33369524E-01
 -0.25452317E-01  0.17117031E-01  0.32838108E-01
 -0.25216945E-01  0.18364294E-01  0.32273223E-01
 -0.24994805E-01  0.19576658E-01  0.31674896E-01
 -0.24783933E-01  0.20754709E-01  0.31043261E-01
 -0.24582529E-01  0.21898936E-01  0.30378549E-01
 -0.24388945E-01  0.23009761E-01  0.29681073E-01
 -0.24201670E-01  0.24087567E-01  0.28951217E-01
 -0.24019325E-01  0.25132726E-01  0.28189424E-01
 -0.23840658E-01  0.26145609E-01  0.27396193E-01
 -0.23664540E-01  0.27126601E-01  0.26572071E-01
 -0.23489963E-01  0.28076101E-01  0.25717652E-01
 -0.23316042E-01  0.28994523E-01  0.24833580E-01
 -0.23142011E-01  0.29882293E-01  0.23920549E-01
 -0.22967221E-01  0.30739833E-01  0.22979312E-01
 -0.22791135E-01  0.31567557E-01  0.22010686E-01
 -0.22613325E-01  0.32365855E-01  0.21015558E-01
 -0.22433463E-01  0.33135078E-01  0.19994892E-01
 -0.22251311E-01  0.33875532E-01  0.18949734E-01
 -0.22066710E-01  0.34587462E-01  0.17881212E-01
 -0.21879571E-01  0.35271047E-01  0.16790539E-01
 -0.21689863E-01  0.35926397E-01  0.15679006E-01
 -0.21497602E-01  0.36553547E-01  0.14547977E-01
 -0.21302841E-01  0.37152460E-01  0.13398883E-01
 -0.21105663E-01  0.37723035E-01  0.12233206E-01
 -0.20906178E-01  0.38265110E-01  0.11052469E-01
 -0.20704521E-01  0.38778473E-01  0.98582234E-02
 -0.20500849E-01  0.39262877E-01  0.86520335E-02
 -0.20295348E-01  0.39718050E-01  0.74354658E-02
 -0.20088239E-01  0.40143707E-01  0.62100783E-02
 -0.19879780E-01  0.40539568E-01  0.49774126E-02
 -0.19670281E-01  0.40905369E-01  0.37389882E-02
 -0.19460105E-01  0.41240870E-01  0.24963007E-02
 -0.19249677E-01  0.41545872E-01  0.12508223E-02
 -0.19039491E-01  0.41820216E-01  0.40044485E-05
 -0.27037867E-01 -0.57499775E-01  0.12523666E-06
 -0.27493248E-01 -0.58021303E-01  0.32323413E-02
 -0.27894291E-01 -0.58472754E-01  0.64635701E-02
 -0.28242006E-01 -0.58852862E-01  0.96930407E-02
 -0.28537529E-01 -0.59160119E-01  0.12919725E-01
 -0.28782076E-01 -0.59392810E-01  0.16142223E-01
 -0.28976896E-01 -0.59549079E-01  0.19358685E-01
 -0.29123211E-01 -0.59627015E-01  0.22566782E-01
 -0.29222159E-01 -0.59624770E-01  0.25763727E-01
 -0.29274742E-01 -0.59540676E-01  0.28946347E-01
 -0.29281782E-01 -0.59373385E-01  0.32111201E-01
 -0.29243888E-01 -0.59122004E-01  0.35254734E-01
 -0.29161439E-01 -0.58786217E-01  0.38373456E-01
 -0.29034582E-01 -0.58366391E-01  0.41464123E-01
 -0.28863247E-01 -0.57863656E-01  0.44523911E-01
 -0.28647179E-01 -0.57279941E-01  0.47550565E-01
 -0.28385982E-01 -0.56617972E-01  0.50542496E-01
 -0.28079166E-01 -0.55881218E-01  0.53498834E-01
 -0.27726208E-01 -0.55073790E-01  0.56419405E-01
 -0.20778151E+00 -0.20940053E+00  0.47351377E-01
 -0.19013293E+00 -0.19037751E+00  0.46536779E-01
 -0.17403206E+00 -0.17306229E+00  0.45717541E-01
 -0.15937853E+00 -0.15733090E+00  0.44913101E-01
 -0.14606870E+00 -0.14305690E+00  0.44138336E-01
 -0.13399915E+00 -0.13011523E+00  0.43404309E-01
 -0.12306915E+00 -0.11838495E+00  0.42718921E-01
 -0.11318229E+00 -0.10775107E+00  0.42087440E-01
 -0.10424749E+00 -0.98105675E-01  0.41512958E-01
 -0.96179598E-01 -0.89348606E-01  0.40996750E-01
 -0.88899580E-01 -0.81387721E-01  0.40538590E-01
 -0.82334532E-01 -0.74138909E-01  0.40137000E-01
 -0.76417491E-01 -0.67525892E-01  0.39789479E-01
 -0.71087170E-01 -0.61479907E-01  0.39492694E-01
 -0.66287618E-01 -0.55939283E-01  0.39242660E-01
 -0.61967854E-01 -0.50848957E-01  0.39034897E-01
 -0.58081494E-01 -0.46159960E-01  0.38864578E-01
 -0.54586381E-01 -0.41828881E-01  0.38726664E-01
 -0.51444230E-01 -0.37817330E-01  0.38616022E-01
 -0.48620295E-01 -0.34091418E-01  0.38527530E-01
 -0.46083053E-01 -0.30621257E-01  0.38456170E-01
 -0.43803925E-01 -0.27380485E-01  0.38397096E-01
 -0.41757002E-01 -0.24345835E-01  0.38345697E-01
 -0.39918812E-01 -0.21496739E-01  0.38297634E-01
 -0.38268096E-01 -0.18814972E-01  0.38248869E-01
 -0.36785610E-01 -0.16284346E-01  0.38195669E-01
 -0.35453946E-01 -0.13890439E-01  0.38134615E-01
 -0.34257365E-01 -0.11620364E-01  0.38062588E-01
 -0.33181648E-01 -0.94625773E-02  0.37976752E-01
 -0.32213962E-01 -0.74067220E-02  0.37874534E-01
 -0.31342738E-01 -0.54434927E-02  0.37753603E-01
 -0.30557555E-01 -0.35645312E-02  0.37611844E-01
 -0.29849042E-01 -0.17623403E-02  0.37447337E-01
 -0.29208777E-01 -0.30212032E-04  0.37258342E-01
 -0.28629206E-01  0.16378304E-02  0.37043277E-01
 -0.28103559E-01  0.32470836E-02  0.36800715E-01
 -0.27625775E-01  0.48022098E-02  0.36529366E-01
 -0.27190432E-01  0.63072789E-02  0.36228081E-01
 -0.26792681E-01  0.77658104E-02  0.35895847E-01
 -0.26428184E-01  0.91808161E-02  0.35531781E-01
 -0.26093059E-01  0.10554843E-01  0.35135137E-01
 -0.25783823E-01  0.11890018E-01  0.34705304E-01
 -0.25497345E-01  0.13188097E-01  0.34241802E-01
 -0.25230802E-01  0.14450507E-01  0.33744284E-01
 -0.24981641E-01  0.15678401E-01  0.33212527E-01
 -0.24747541E-01  0.16872699E-01  0.32646433E-01
 -0.24526388E-01  0.18034136E-01  0.32046019E-01
 -0.24316248E-01  0.19163304E-01  0.31411406E-01
 -0.24115346E-01  0.20260691E-01  0.30742818E-01
 -0.23922059E-01  0.21326713E-01  0.30040563E-01
 -0.23734896E-01  0.22361743E-01  0.29305035E-01
 -0.23552499E-01  0.23366136E-01  0.28536696E-01
 -0.23373634E-01  0.24340241E-01  0.27736078E-01
 -0.23197193E-01  0.25284412E-01  0.26903773E-01
 -0.23022187E-01  0.26199015E-01  0.26040432E-01
 -0.22847751E-01  0.27084426E-01  0.25146762E-01
 -0.22673137E-01  0.27941024E-01  0.24223529E-01
 -0.22497717E-01  0.28769188E-01  0.23271556E-01
 -0.22320971E-01  0.29569280E-01  0.22291727E-01
 -0.22142489E-01  0.30341642E-01  0.21284990E-01
 -0.21961957E-01  0.31086577E-01  0.20252358E-01
 -0.21779147E-01  0.31804344E-01  0.19194912E-01
 -0.21593913E-01  0.32495146E-01  0.18113802E-01
 -0.21406170E-01  0.33159125E-01  0.17010245E-01
 -0.21215891E-01  0.33796358E-01  0.15885524E-01
 -0.21023090E-01  0.34406858E-01  0.14740982E-01
 -0.20827820E-01  0.34990574E-01  0.13578021E-01
 -0.20630160E-01  0.35547394E-01  0.12398091E-01
 -0.20430211E-01  0.36077158E-01  0.11202683E-01
 -0.20228098E-01  0.36579664E-01  0.99933226E-02
 -0.20023970E-01  0.37054678E-01  0.87715587E-02
 -0.19817999E-01  0.37501948E-01  0.75389573E-02
 -0.19610393E-01  0.37921214E-01  0.62970928E-02
 -0.19401395E-01  0.38312222E-01  0.50475416E-02
 -0.19191297E-01  0.38674731E-01  0.37918770E-02
 -0.18980445E-01  0.39008530E-01  0.25316655E-02
 -0.18769246E-01  0.39313437E-01  0.12684644E-02
 -0.18558172E-01  0.39589313E-01  0.38210187E-05
 -0.26563589E-01 -0.58571755E-01  0.73832059E-07
 -0.27002351E-01 -0.59095406E-01  0.31317777E-02
 -0.27393788E-01 -0.59559630E-01  0.62630539E-02
 -0.27738933E-01 -0.59962900E-01  0.93936380E-02
 -0.28038848E-01 -0.60303236E-01  0.12522997E-01
 -0.28294581E-01 -0.60578268E-01  0.15650212E-01
 -0.28507136E-01 -0.60785344E-01  0.18773896E-01
 -0.28677428E-01 -0.60921658E-01  0.21892162E-01
 -0.28806253E-01 -0.60984415E-01  0.25002643E-01
 -0.28894255E-01 -0.60971007E-01  0.28102555E-01
 -0.28941901E-01 -0.60879190E-01  0.31188820E-01
 -0.28949467E-01 -0.60707269E-01  0.34258209E-01
 -0.28917040E-01 -0.60454252E-01  0.37307525E-01
 -0.28844517E-01 -0.60119980E-01  0.40333774E-01
 -0.28731628E-01 -0.59705218E-01  0.43334346E-01
 -0.28577962E-01 -0.59211692E-01  0.46307153E-01
 -0.28383000E-01 -0.58642071E-01  0.49250735E-01
 -0.28146153E-01 -0.57999897E-01  0.52164300E-01
 -0.27866795E-01 -0.57289448E-01  0.55047712E-01
 -0.21264574E+00 -0.21201464E+00  0.46167817E-01
 -0.19363400E+00 -0.19181289E+00  0.45332820E-01
 -0.17643558E+00 -0.17358397E+00  0.44516987E-01
 -0.16090592E+00 -0.15715660E+00  0.43735873E-01
 -0.14690307E+00 -0.14236393E+00  0.43000657E-01
 -0.13429086E+00 -0.12904688E+00  0.42318997E-01
 -0.12294085E+00 -0.11705612E+00  0.41695727E-01
 -0.11273339E+00 -0.10625325E+00  0.41133423E-01
 -0.10355806E+00 -0.96511177E-01  0.40632846E-01
 -0.95313688E-01 -0.87714157E-01  0.40193299E-01
 -0.87908064E-01 -0.79757439E-01  0.39812907E-01
 -0.81257501E-01 -0.72546769E-01  0.39488845E-01
 -0.75286260E-01 -0.65997750E-01  0.39217535E-01
 -0.69925941E-01 -0.60035139E-01  0.38994802E-01
 -0.65114863E-01 -0.54592110E-01  0.38816025E-01
 -0.60797456E-01 -0.49609514E-01  0.38676265E-01
 -0.56923681E-01 -0.45035153E-01  0.38570385E-01
 -0.53448491E-01 -0.40823067E-01  0.38493154E-01
 -0.50331333E-01 -0.36932871E-01  0.38439347E-01
 -0.47535695E-01 -0.33329117E-01  0.38403828E-01
 -0.45028694E-01 -0.29980706E-01  0.38381621E-01
 -0.42780709E-01 -0.26860354E-01  0.38367969E-01
 -0.40765048E-01 -0.23944098E-01  0.38358380E-01
 -0.38957654E-01 -0.21210860E-01  0.38348654E-01
 -0.37336842E-01 -0.18642054E-01  0.38334905E-01
 -0.35883064E-01 -0.16221256E-01  0.38313563E-01
 -0.34578700E-01 -0.13933901E-01  0.38281376E-01
 -0.33407875E-01 -0.11767039E-01  0.38235394E-01
 -0.32356288E-01 -0.97091277E-02  0.38172954E-01
 -0.31411069E-01 -0.77498514E-02  0.38091654E-01
 -0.30560645E-01 -0.58799828E-02  0.37989338E-01
 -0.29794618E-01 -0.40912634E-02  0.37864063E-01
 -0.29103660E-01 -0.23763080E-02  0.37714082E-01
 -0.28479408E-01 -0.72852653E-03  0.37537820E-01
 -0.27914380E-01  0.85794191E-03  0.37333862E-01
 -0.27401887E-01  0.23882840E-02  0.37100930E-01
 -0.26935953E-01  0.38670614E-02  0.36837881E-01
 -0.26511245E-01  0.52982557E-02  0.36543694E-01
 -0.26123004E-01  0.66853111E-02  0.36217464E-01
 -0.25766980E-01  0.80311773E-02  0.35858406E-01
 -0.25439375E-01  0.93383517E-02  0.35465843E-01
 -0.25136787E-01  0.10608924E-01  0.35039217E-01
 -0.24856160E-01  0.11844621E-01  0.34578079E-01
 -0.24594740E-01  0.13046851E-01  0.34082097E-01
 -0.24350035E-01  0.14216752E-01  0.33551047E-01
 -0.24119782E-01  0.15355233E-01  0.32984820E-01
 -0.23901919E-01  0.16463022E-01  0.32383413E-01
 -0.23694558E-01  0.17540703E-01  0.31746929E-01
 -0.23495972E-01  0.18588754E-01  0.31075573E-01
 -0.23304576E-01  0.19607578E-01  0.30369645E-01
 -0.23118923E-01  0.20597534E-01  0.29629538E-01
 -0.22937692E-01  0.21558955E-01  0.28855728E-01
 -0.22759690E-01  0.22492164E-01  0.28048775E-01
 -0.22583844E-01  0.23397486E-01  0.27209312E-01
 -0.22409205E-01  0.24275251E-01  0.26338045E-01
 -0.22234942E-01  0.25125794E-01  0.25435748E-01
 -0.22060345E-01  0.25949450E-01  0.24503255E-01
 -0.21884814E-01  0.26746549E-01  0.23541464E-01
 -0.21707861E-01  0.27517406E-01  0.22551333E-01
 -0.21529100E-01  0.28262311E-01  0.21533873E-01
 -0.21348239E-01  0.28981517E-01  0.20490154E-01
 -0.21165069E-01  0.29675236E-01  0.19421301E-01
 -0.20979454E-01  0.30343627E-01  0.18328491E-01
 -0.20791323E-01  0.30986794E-01  0.17212955E-01
 -0.20600651E-01  0.31604780E-01  0.16075973E-01
 -0.20407460E-01  0.32197575E-01  0.14918877E-01
 -0.20211801E-01  0.32765108E-01  0.13743045E-01
 -0.20013751E-01  0.33307261E-01  0.12549898E-01
 -0.19813412E-01  0.33823874E-01  0.11340900E-01
 -0.19610906E-01  0.34314751E-01  0.10117551E-01
 -0.19406376E-01  0.34779673E-01  0.88813846E-02
 -0.19199993E-01  0.35218409E-01  0.76339631E-02
 -0.18991956E-01  0.35630723E-01  0.63768726E-02
 -0.18782504E-01  0.36016386E-01  0.51117185E-02
 -0.18571920E-01  0.36375185E-01  0.38401198E-02
 -0.18360537E-01  0.36706933E-01  0.25637052E-02
 -0.18148750E-01  0.37011470E-01  0.12841080E-02
 -0.17937014E-01  0.37288673E-01  0.29619438E-05
 -0.26068672E-01 -0.59298446E-01 -0.33537181E-07
 -0.26488546E-01 -0.59823279E-01  0.30241133E-02
 -0.26868163E-01 -0.60298955E-01  0.60483071E-02
 -0.27208543E-01 -0.60723663E-01  0.90726596E-02
 -0.27510628E-01 -0.61094984E-01  0.12097018E-01
 -0.27775255E-01 -0.61409980E-01  0.15120851E-01
 -0.28003145E-01 -0.61665332E-01  0.18143177E-01
 -0.28194876E-01 -0.61857518E-01  0.21162525E-01
 -0.28350878E-01 -0.61983009E-01  0.24176956E-01
 -0.28471426E-01 -0.62038488E-01  0.27184127E-01
 -0.28556638E-01 -0.62021067E-01  0.30181392E-01
 -0.28606483E-01 -0.61928493E-01  0.33165947E-01
 -0.28620788E-01 -0.61759329E-01  0.36134991E-01
 -0.28599260E-01 -0.61513094E-01  0.39085893E-01
 -0.28541500E-01 -0.61190353E-01  0.42016355E-01
 -0.28447023E-01 -0.60792747E-01  0.44924537E-01
 -0.28315283E-01 -0.60322962E-01  0.47809159E-01
 -0.28145684E-01 -0.59784626E-01  0.50669537E-01
 -0.27937599E-01 -0.59182149E-01  0.53505558E-01
 -0.21488167E+00 -0.21216647E+00  0.44585238E-01
 -0.19474602E+00 -0.19105081E+00  0.43771491E-01
 -0.17667806E+00 -0.17215607E+00  0.42997954E-01
 -0.16048527E+00 -0.15526069E+00  0.42275909E-01
 -0.14598546E+00 -0.14015616E+00  0.41612664E-01
 -0.13300905E+00 -0.12664935E+00  0.41012449E-01
 -0.12140006E+00 -0.11456337E+00  0.40477126E-01
 -0.11101633E+00 -0.10373769E+00  0.40006739E-01
 -0.10172918E+00 -0.94027627E-01  0.39599931E-01
 -0.93422664E-01 -0.85303498E-01  0.39254263E-01
 -0.85992729E-01 -0.77449633E-01  0.38966459E-01
 -0.79346208E-01 -0.70363251E-01  0.38732596E-01
 -0.73399830E-01 -0.63953339E-01  0.38548259E-01
 -0.68079252E-01 -0.58139551E-01  0.38408665E-01
 -0.63318133E-01 -0.52851151E-01  0.38308778E-01
 -0.59057280E-01 -0.48026009E-01  0.38243404E-01
 -0.55243869E-01 -0.43609667E-01  0.38207280E-01
 -0.51830734E-01 -0.39554476E-01  0.38195156E-01
 -0.48775740E-01 -0.35818792E-01  0.38201865E-01
 -0.46041212E-01 -0.32366251E-01  0.38222388E-01
 -0.43593439E-01 -0.29165105E-01  0.38251908E-01
 -0.41402230E-01 -0.26187625E-01  0.38285850E-01
 -0.39440521E-01 -0.23409563E-01  0.38319921E-01
 -0.37684037E-01 -0.20809687E-01  0.38350124E-01
 -0.36110989E-01 -0.18369357E-01  0.38372777E-01
 -0.34701808E-01 -0.16072171E-01  0.38384516E-01
 -0.33438915E-01 -0.13903649E-01  0.38382284E-01
 -0.32306519E-01 -0.11850974E-01  0.38363325E-01
 -0.31290433E-01 -0.99027647E-02  0.38325166E-01
 -0.30377921E-01 -0.80488946E-02  0.38265594E-01
 -0.29557553E-01 -0.62803365E-02  0.38182637E-01
 -0.28819084E-01 -0.45890380E-02  0.38074537E-01
 -0.28153338E-01 -0.29678184E-02  0.37939726E-01
 -0.27552106E-01 -0.14102852E-02  0.37776809E-01
 -0.27008053E-01  0.89235901E-04  0.37584541E-01
 -0.26514634E-01  0.15357598E-02  0.37361809E-01
 -0.26066010E-01  0.29336930E-02  0.37107620E-01
 -0.25656979E-01  0.42868799E-02  0.36821092E-01
 -0.25282901E-01  0.55986456E-02  0.36501440E-01
 -0.24939640E-01  0.68718384E-02  0.36147977E-01
 -0.24623502E-01  0.81088712E-02  0.35760108E-01
 -0.24331178E-01  0.93117644E-02  0.35337329E-01
 -0.24059703E-01  0.10482188E-01  0.34879229E-01
 -0.23806401E-01  0.11621506E-01  0.34385491E-01
 -0.23568858E-01  0.12730820E-01  0.33855893E-01
 -0.23344880E-01  0.13811012E-01  0.33290314E-01
 -0.23132471E-01  0.14862784E-01  0.32688731E-01
 -0.22929808E-01  0.15886699E-01  0.32051226E-01
 -0.22735227E-01  0.16883215E-01  0.31377981E-01
 -0.22547205E-01  0.17852716E-01  0.30669285E-01
 -0.22364356E-01  0.18795540E-01  0.29925524E-01
 -0.22185420E-01  0.19711993E-01  0.29147184E-01
 -0.22009263E-01  0.20602373E-01  0.28334848E-01
 -0.21834873E-01  0.21466972E-01  0.27489184E-01
 -0.21661354E-01  0.22306086E-01  0.26610949E-01
 -0.21487931E-01  0.23120009E-01  0.25700975E-01
 -0.21313940E-01  0.23909035E-01  0.24760165E-01
 -0.21138827E-01  0.24673449E-01  0.23789490E-01
 -0.20962141E-01  0.25413518E-01  0.22789974E-01
 -0.20783528E-01  0.26129485E-01  0.21762699E-01
 -0.20602721E-01  0.26821555E-01  0.20708791E-01
 -0.20419532E-01  0.27489896E-01  0.19629421E-01
 -0.20233840E-01  0.28134624E-01  0.18525800E-01
 -0.20045581E-01  0.28755806E-01  0.17399179E-01
 -0.19854739E-01  0.29353456E-01  0.16250844E-01
 -0.19661338E-01  0.29927538E-01  0.15082122E-01
 -0.19465430E-01  0.30477964E-01  0.13894374E-01
 -0.19267097E-01  0.31004610E-01  0.12689003E-01
 -0.19066439E-01  0.31507312E-01  0.11467449E-01
 -0.18863583E-01  0.31985882E-01  0.10231193E-01
 -0.18658673E-01  0.32440113E-01  0.89817546E-02
 -0.18451885E-01  0.32869792E-01  0.77206932E-02
 -0.18243420E-01  0.33274704E-01  0.64496039E-02
 -0.18033521E-01  0.33654644E-01  0.51701155E-02
 -0.17822469E-01  0.34009424E-01  0.38838858E-02
 -0.17610598E-01  0.34338876E-01  0.25925960E-02
 -0.17398295E-01  0.34642862E-01  0.12979448E-02
 -0.17186003E-01  0.34921272E-01  0.16408700E-05
 -0.25513078E-01 -0.59563351E-01 -0.19097052E-06
 -0.25911864E-01 -0.60087968E-01  0.29090062E-02
 -0.26277411E-01 -0.60572814E-01  0.58186211E-02
 -0.26610681E-01 -0.61015819E-01  0.87290107E-02
 -0.26912459E-01 -0.61414219E-01  0.11640286E-01
 -0.27183347E-01 -0.61764673E-01  0.14552214E-01
 -0.27423757E-01 -0.62063430E-01  0.17464152E-01
 -0.27633920E-01 -0.62306530E-01  0.20375019E-01
 -0.27813903E-01 -0.62490031E-01  0.23283310E-01
 -0.27963623E-01 -0.62610244E-01  0.26187156E-01
 -0.28082875E-01 -0.62663975E-01  0.29084410E-01
 -0.28171354E-01 -0.62648735E-01  0.31972774E-01
 -0.28228682E-01 -0.62562931E-01  0.34849940E-01
 -0.28254431E-01 -0.62405998E-01  0.37713730E-01
 -0.28248141E-01 -0.62178483E-01  0.40562239E-01
 -0.28209332E-01 -0.61882055E-01  0.43393944E-01
 -0.28137510E-01 -0.61519455E-01  0.46207783E-01
 -0.28032161E-01 -0.61094373E-01  0.49003184E-01
 -0.27892737E-01 -0.60611260E-01  0.51780041E-01
 -0.21425032E+00 -0.20968220E+00  0.42633585E-01
 -0.19329969E+00 -0.18797846E+00  0.41886161E-01
 -0.17464420E+00 -0.16871163E+00  0.41195660E-01
 -0.15804263E+00 -0.15160997E+00  0.40569050E-01
 -0.14327314E+00 -0.13642479E+00  0.40009895E-01
 -0.13013420E+00 -0.12293105E+00  0.39519235E-01
 -0.11844424E+00 -0.11092688E+00  0.39096261E-01
 -0.10804079E+00 -0.10023229E+00  0.38738816E-01
 -0.98779089E-01 -0.90687621E-01  0.38443763E-01
 -0.90530602E-01 -0.82151785E-01  0.38207255E-01
 -0.83181423E-01 -0.74500474E-01  0.38024933E-01
 -0.76630757E-01 -0.67624455E-01  0.37892072E-01
 -0.70789472E-01 -0.61427947E-01  0.37803694E-01
 -0.65578761E-01 -0.55827130E-01  0.37754662E-01
 -0.60928927E-01 -0.50748776E-01  0.37739751E-01
 -0.56778300E-01 -0.46129007E-01  0.37753716E-01
 -0.53072262E-01 -0.41912175E-01  0.37791354E-01
 -0.49762395E-01 -0.38049853E-01  0.37847556E-01
 -0.46805727E-01 -0.34499931E-01  0.37917357E-01
 -0.44164070E-01 -0.31225803E-01  0.37995976E-01
 -0.41803447E-01 -0.28195648E-01  0.38078859E-01
 -0.39693583E-01 -0.25381784E-01  0.38161705E-01
 -0.37807472E-01 -0.22760103E-01  0.38240490E-01
 -0.36120992E-01 -0.20309576E-01  0.38311484E-01
 -0.34612575E-01 -0.18011817E-01  0.38371257E-01
 -0.33262921E-01 -0.15850708E-01  0.38416683E-01
 -0.32054747E-01 -0.13812077E-01  0.38444935E-01
 -0.30972568E-01 -0.11883426E-01  0.38453473E-01
 -0.30002510E-01 -0.10053700E-01  0.38440029E-01
 -0.29132142E-01 -0.83130974E-02  0.38402589E-01
 -0.28350333E-01 -0.66529082E-02  0.38339374E-01
 -0.27647116E-01 -0.50653860E-02  0.38248814E-01
 -0.27013581E-01 -0.35436408E-02  0.38129527E-01
 -0.26441766E-01 -0.20815518E-02  0.37980298E-01
 -0.25924560E-01 -0.67369534E-03  0.37800054E-01
 -0.25455625E-01  0.68471501E-03  0.37587850E-01
 -0.25029309E-01  0.19978807E-02  0.37342846E-01
 -0.24640575E-01  0.32694641E-02  0.37064299E-01
 -0.24284934E-01  0.45026313E-02  0.36751549E-01
 -0.23958384E-01  0.57000930E-02  0.36404013E-01
 -0.23657350E-01  0.68641448E-02  0.36021181E-01
 -0.23378631E-01  0.79967075E-02  0.35602610E-01
 -0.23119358E-01  0.90993686E-02  0.35147933E-01
 -0.22876948E-01  0.10173423E-01  0.34656854E-01
 -0.22649070E-01  0.11219916E-01  0.34129161E-01
 -0.22433613E-01  0.12239681E-01  0.33564725E-01
 -0.22228662E-01  0.13233382E-01  0.32963511E-01
 -0.22032473E-01  0.14201547E-01  0.32325580E-01
 -0.21843463E-01  0.15144604E-01  0.31651099E-01
 -0.21660192E-01  0.16062911E-01  0.30940340E-01
 -0.21481353E-01  0.16956774E-01  0.30193687E-01
 -0.21305772E-01  0.17826476E-01  0.29411629E-01
 -0.21132394E-01  0.18672283E-01  0.28594765E-01
 -0.20960283E-01  0.19494456E-01  0.27743796E-01
 -0.20788621E-01  0.20293256E-01  0.26859517E-01
 -0.20616698E-01  0.21068941E-01  0.25942812E-01
 -0.20443913E-01  0.21821767E-01  0.24994644E-01
 -0.20269766E-01  0.22551975E-01  0.24016045E-01
 -0.20093850E-01  0.23259791E-01  0.23008105E-01
 -0.19915847E-01  0.23945415E-01  0.21971964E-01
 -0.19735519E-01  0.24609010E-01  0.20908803E-01
 -0.19552696E-01  0.25250703E-01  0.19819841E-01
 -0.19367271E-01  0.25870574E-01  0.18706322E-01
 -0.19179187E-01  0.26468657E-01  0.17569522E-01
 -0.18988433E-01  0.27044938E-01  0.16410741E-01
 -0.18795033E-01  0.27599358E-01  0.15231307E-01
 -0.18599044E-01  0.28131817E-01  0.14032576E-01
 -0.18400547E-01  0.28642179E-01  0.12815939E-01
 -0.18199649E-01  0.29130282E-01  0.11582825E-01
 -0.17996482E-01  0.29595939E-01  0.10334701E-01
 -0.17791201E-01  0.30038956E-01  0.90730798E-02
 -0.17583990E-01  0.30459133E-01  0.77995195E-02
 -0.17375066E-01  0.30856272E-01  0.65156244E-02
 -0.17164679E-01  0.31230187E-01  0.52230435E-02
 -0.16953124E-01  0.31580710E-01  0.39234667E-02
 -0.16740739E-01  0.31907689E-01  0.26186188E-02
 -0.16527913E-01  0.32211000E-01  0.13102525E-02
 -0.16315086E-01  0.32490544E-01  0.13883967E-06
 -0.24850460E-01 -0.59247185E-01 -0.38332006E-06
 -0.25225954E-01 -0.59769680E-01  0.27864744E-02
 -0.25575039E-01 -0.60260513E-01  0.55740040E-02
 -0.25898586E-01 -0.60717421E-01  0.83626880E-02
 -0.26197202E-01 -0.61137454E-01  0.11152796E-01
 -0.26471238E-01 -0.61517106E-01  0.13944308E-01
 -0.26720804E-01 -0.61852499E-01  0.16736859E-01
 -0.26945800E-01 -0.62139591E-01  0.19529723E-01
 -0.27145954E-01 -0.62374414E-01  0.22321827E-01
 -0.27320864E-01 -0.62553308E-01  0.25111790E-01
 -0.27470043E-01 -0.62673160E-01  0.27898006E-01
 -0.27592964E-01 -0.62731605E-01  0.30678739E-01
 -0.27689097E-01 -0.62727196E-01  0.33452230E-01
 -0.27757937E-01 -0.62659528E-01  0.36216819E-01
 -0.27799024E-01 -0.62529294E-01  0.38971044E-01
 -0.27811945E-01 -0.62338275E-01  0.41713731E-01
 -0.27796320E-01 -0.62089273E-01  0.44444052E-01
 -0.27751782E-01 -0.61785963E-01  0.47161534E-01
 -0.27677931E-01 -0.61432700E-01  0.49866038E-01
 -0.21059605E+00 -0.20447518E+00  0.40362687E-01
 -0.18919959E+00 -0.18255883E+00  0.39727118E-01
 -0.17028312E+00 -0.16324846E+00  0.39159576E-01
 -0.15355945E+00 -0.14622594E+00  0.38663037E-01
 -0.13877058E+00 -0.13120666E+00  0.38237744E-01
 -0.12568673E+00 -0.11793816E+00  0.37882024E-01
 -0.11410450E+00 -0.10619780E+00  0.37592879E-01
 -0.10384464E+00 -0.95790163E-01  0.37366422E-01
 -0.94749609E-01 -0.86544201E-01  0.37198175E-01
 -0.86681202E-01 -0.78310599E-01  0.37083287E-01
 -0.79518298E-01 -0.70959225E-01  0.37016678E-01
 -0.73154775E-01 -0.64376828E-01  0.36993147E-01
 -0.67497634E-01 -0.58464957E-01  0.37007444E-01
 -0.62465330E-01 -0.53138111E-01  0.37054324E-01
 -0.57986294E-01 -0.48322105E-01  0.37128599E-01
 -0.53997641E-01 -0.43952615E-01  0.37225166E-01
 -0.50444044E-01 -0.39973913E-01  0.37339048E-01
 -0.47276750E-01 -0.36337735E-01  0.37465422E-01
 -0.44452738E-01 -0.33002302E-01  0.37599648E-01
 -0.41933978E-01 -0.29931442E-01  0.37737292E-01
 -0.39686796E-01 -0.27093834E-01  0.37874154E-01
 -0.37681329E-01 -0.24462330E-01  0.38006281E-01
 -0.35891051E-01 -0.22013377E-01  0.38129986E-01
 -0.34292361E-01 -0.19726497E-01  0.38241854E-01
 -0.32864235E-01 -0.17583854E-01  0.38338754E-01
 -0.31587921E-01 -0.15569865E-01  0.38417833E-01
 -0.30446678E-01 -0.13670880E-01  0.38476518E-01
 -0.29425547E-01 -0.11874899E-01  0.38512502E-01
 -0.28511154E-01 -0.10171346E-01  0.38523738E-01
 -0.27691544E-01 -0.85508719E-02  0.38508420E-01
 -0.26956026E-01 -0.70051935E-02  0.38464963E-01
 -0.26295041E-01 -0.55269629E-02  0.38391987E-01
 -0.25700051E-01 -0.41096592E-02  0.38288292E-01
 -0.25163427E-01 -0.27475012E-02  0.38152837E-01
 -0.24678362E-01 -0.14353749E-02  0.37984719E-01
 -0.24238781E-01 -0.16877305E-03  0.37783151E-01
 -0.23839265E-01  0.10562553E-02  0.37547443E-01
 -0.23474981E-01  0.22431507E-02  0.37276989E-01
 -0.23141618E-01  0.33948839E-02  0.36971250E-01
 -0.22835327E-01  0.45139954E-02  0.36629749E-01
 -0.22552666E-01  0.56026340E-02  0.36252062E-01
 -0.22290555E-01  0.66625948E-02  0.35837816E-01
 -0.22046231E-01  0.76953584E-02  0.35386692E-01
 -0.21817212E-01  0.87021299E-02  0.34898430E-01
 -0.21601261E-01  0.96838781E-02  0.34372834E-01
 -0.21396360E-01  0.10641374E-01  0.33809781E-01
 -0.21200688E-01  0.11575227E-01  0.33209232E-01
 -0.21012597E-01  0.12485921E-01  0.32571242E-01
 -0.20830601E-01  0.13373843E-01  0.31895965E-01
 -0.20653359E-01  0.14239316E-01  0.31183667E-01
 -0.20479667E-01  0.15082616E-01  0.30434726E-01
 -0.20308448E-01  0.15903991E-01  0.29649637E-01
 -0.20138750E-01  0.16703678E-01  0.28829011E-01
 -0.19969731E-01  0.17481905E-01  0.27973568E-01
 -0.19800660E-01  0.18238902E-01  0.27084137E-01
 -0.19630911E-01  0.18974891E-01  0.26161639E-01
 -0.19459953E-01  0.19690091E-01  0.25207084E-01
 -0.19287346E-01  0.20384709E-01  0.24221551E-01
 -0.19112734E-01  0.21058932E-01  0.23206182E-01
 -0.18935838E-01  0.21712922E-01  0.22162168E-01
 -0.18756445E-01  0.22346806E-01  0.21090736E-01
 -0.18574405E-01  0.22960677E-01  0.19993144E-01
 -0.18389622E-01  0.23554583E-01  0.18870672E-01
 -0.18202045E-01  0.24128530E-01  0.17724621E-01
 -0.18011662E-01  0.24682482E-01  0.16556310E-01
 -0.17818500E-01  0.25216360E-01  0.15367075E-01
 -0.17622616E-01  0.25730052E-01  0.14158280E-01
 -0.17424094E-01  0.26223416E-01  0.12931315E-01
 -0.17223049E-01  0.26696285E-01  0.11687604E-01
 -0.17019622E-01  0.27148480E-01  0.10428614E-01
 -0.16813984E-01  0.27579810E-01  0.91558581E-02
 -0.16606337E-01  0.27990086E-01  0.78708983E-02
 -0.16396915E-01  0.28379123E-01  0.65753505E-02
 -0.16185990E-01  0.28746751E-01  0.52708824E-02
 -0.15973875E-01  0.29092810E-01  0.39592109E-02
 -0.15760923E-01  0.29417163E-01  0.26420963E-02
 -0.15547531E-01  0.29719694E-01  0.13213340E-02
 -0.15334144E-01  0.30000307E-01 -0.12556711E-05
 -0.24029584E-01 -0.58233200E-01 -0.58848518E-06
 -0.24379560E-01 -0.58751181E-01  0.26570666E-02
 -0.24709622E-01 -0.59244096E-01  0.53155271E-02
 -0.25020523E-01 -0.59709606E-01  0.79753045E-02
 -0.25312688E-01 -0.60144776E-01  0.10636740E-01
 -0.25586230E-01 -0.60546218E-01  0.13299953E-01
 -0.25840985E-01 -0.60910266E-01  0.15964801E-01
 -0.26076565E-01 -0.61233185E-01  0.18630875E-01
 -0.26292412E-01 -0.61511387E-01  0.21297504E-01
 -0.26487860E-01 -0.61741647E-01  0.23963793E-01
 -0.26662204E-01 -0.61921313E-01  0.26628679E-01
 -0.26814752E-01 -0.62048482E-01  0.29290994E-01
 -0.26944877E-01 -0.62122134E-01  0.31949547E-01
 -0.27052049E-01 -0.62142226E-01  0.34603205E-01
 -0.27135853E-01 -0.62109719E-01  0.37250955E-01
 -0.27195982E-01 -0.62026548E-01  0.39891968E-01
 -0.27232214E-01 -0.61895528E-01  0.42525625E-01
 -0.27244365E-01 -0.61720212E-01  0.45151522E-01
 -0.27232225E-01 -0.61504683E-01  0.47769434E-01
 -0.20385442E+00 -0.19655065E+00  0.37840577E-01
 -0.18242763E+00 -0.17483188E+00  0.37359584E-01
 -0.16360876E+00 -0.15582817E+00  0.36951311E-01
 -0.14707109E+00 -0.13918247E+00  0.36615389E-01
 -0.13252677E+00 -0.12458139E+00  0.36349419E-01
 -0.11972369E+00 -0.11175153E+00  0.36149668E-01
 -0.10844196E+00 -0.10045532E+00  0.36011571E-01
 -0.98490314E-01 -0.90486949E-01  0.35930069E-01
 -0.89702579E-01 -0.81668372E-01  0.35899846E-01
 -0.81934492E-01 -0.73845785E-01  0.35915485E-01
 -0.75060799E-01 -0.66886399E-01  0.35971570E-01
 -0.68972678E-01 -0.60675612E-01  0.36062751E-01
 -0.63575498E-01 -0.55114548E-01  0.36183783E-01
 -0.58786861E-01 -0.50117911E-01  0.36329557E-01
 -0.54534914E-01 -0.45612130E-01  0.36495116E-01
 -0.50756899E-01 -0.41533761E-01  0.36675672E-01
 -0.47397902E-01 -0.37828095E-01  0.36866615E-01
 -0.44409784E-01 -0.34447962E-01  0.37063527E-01
 -0.41750268E-01 -0.31352687E-01  0.37262194E-01
 -0.39382152E-01 -0.28507187E-01  0.37458615E-01
 -0.37272636E-01 -0.25881188E-01  0.37649013E-01
 -0.35392751E-01 -0.23448540E-01  0.37829845E-01
 -0.33716859E-01 -0.21186628E-01  0.37997811E-01
 -0.32222237E-01 -0.19075859E-01  0.38149856E-01
 -0.30888708E-01 -0.17099218E-01  0.38283181E-01
 -0.29698333E-01 -0.15241893E-01  0.38395236E-01
 -0.28635142E-01 -0.13490948E-01  0.38483721E-01
 -0.27684903E-01 -0.11835050E-01  0.38546582E-01
 -0.26834923E-01 -0.10264239E-01  0.38582001E-01
 -0.26073870E-01 -0.87697358E-02  0.38588381E-01
 -0.25391628E-01 -0.73437824E-02  0.38564335E-01
 -0.24779164E-01 -0.59795135E-02  0.38508667E-01
 -0.24228405E-01 -0.46708491E-02  0.38420349E-01
 -0.23732142E-01 -0.34124085E-02  0.38298505E-01
 -0.23283936E-01 -0.21994396E-02  0.38142389E-01
 -0.22878033E-01 -0.10277609E-02  0.37951360E-01
 -0.22509293E-01  0.10628851E-03  0.37724867E-01
 -0.22173121E-01  0.12058914E-02  0.37462430E-01
 -0.21865410E-01  0.22737921E-02  0.37163627E-01
 -0.21582486E-01  0.33123328E-02  0.36828080E-01
 -0.21321060E-01  0.43234902E-02  0.36455454E-01
 -0.21078182E-01  0.53089117E-02  0.36045449E-01
 -0.20851211E-01  0.62699510E-02  0.35597805E-01
 -0.20637773E-01  0.72077059E-02  0.35112306E-01
 -0.20435740E-01  0.81230543E-02  0.34588788E-01
 -0.20243198E-01  0.90166904E-02  0.34027148E-01
 -0.20058433E-01  0.98891596E-02  0.33427360E-01
 -0.19879907E-01  0.10740891E-01  0.32789484E-01
 -0.19706244E-01  0.11572225E-01  0.32113675E-01
 -0.19536220E-01  0.12383443E-01  0.31400201E-01
 -0.19368747E-01  0.13174783E-01  0.30649440E-01
 -0.19202865E-01  0.13946462E-01  0.29861891E-01
 -0.19037731E-01  0.14698680E-01  0.29038174E-01
 -0.18872614E-01  0.15431637E-01  0.28179025E-01
 -0.18706883E-01  0.16145527E-01  0.27285288E-01
 -0.18540000E-01  0.16840541E-01  0.26357912E-01
 -0.18371512E-01  0.17516865E-01  0.25397934E-01
 -0.18201046E-01  0.18174670E-01  0.24406466E-01
 -0.18028297E-01  0.18814112E-01  0.23384684E-01
 -0.17853024E-01  0.19435319E-01  0.22333815E-01
 -0.17675043E-01  0.20038389E-01  0.21255120E-01
 -0.17494222E-01  0.20623383E-01  0.20149890E-01
 -0.17310471E-01  0.21190325E-01  0.19019435E-01
 -0.17123743E-01  0.21739197E-01  0.17865079E-01
 -0.16934029E-01  0.22269945E-01  0.16688164E-01
 -0.16741354E-01  0.22782475E-01  0.15490045E-01
 -0.16545776E-01  0.23276666E-01  0.14272096E-01
 -0.16347385E-01  0.23752370E-01  0.13035721E-01
 -0.16146305E-01  0.24209419E-01  0.11782354E-01
 -0.15942691E-01  0.24647634E-01  0.10513469E-01
 -0.15736733E-01  0.25066831E-01  0.92305890E-02
 -0.15528657E-01  0.25466827E-01  0.79352896E-02
 -0.15318722E-01  0.25847447E-01  0.66292009E-02
 -0.15107229E-01  0.26208525E-01  0.53140099E-02
 -0.14894512E-01  0.26549912E-01  0.39914568E-02
 -0.14680948E-01  0.26871476E-01  0.26633300E-02
 -0.14466949E-01  0.27173103E-01  0.13314576E-02
 -0.14252968E-01  0.27454697E-01 -0.23036585E-05
 -0.22997012E-01 -0.56413512E-01 -0.78096379E-06
 -0.23319311E-01 -0.56924212E-01  0.25220335E-02
 -0.23627688E-01 -0.57414891E-01  0.50456750E-02
 -0.23922773E-01 -0.57883280E-01  0.75706160E-02
 -0.24204823E-01 -0.58326686E-01  0.10097208E-01
 -0.24473750E-01 -0.58742122E-01  0.12625651E-01
 -0.24729172E-01 -0.59126471E-01  0.15155976E-01
 -0.24970476E-01 -0.59476658E-01  0.17688038E-01
 -0.25196892E-01 -0.59789840E-01  0.20221530E-01
 -0.25407568E-01 -0.60063578E-01  0.22755996E-01
 -0.25601648E-01 -0.60295997E-01  0.25290873E-01
 -0.25778340E-01 -0.60485919E-01  0.27825522E-01
 -0.25936972E-01 -0.60632956E-01  0.30359277E-01
 -0.26077028E-01 -0.60737556E-01  0.32891482E-01
 -0.26198164E-01 -0.60801005E-01  0.35421530E-01
 -0.26300199E-01 -0.60825368E-01  0.37948881E-01
 -0.26383080E-01 -0.60813393E-01  0.40473072E-01
 -0.26446818E-01 -0.60768363E-01  0.42993704E-01
 -0.26491409E-01 -0.60693912E-01  0.45510402E-01
 -0.19405316E+00 -0.18600226E+00  0.35150323E-01
 -0.17304093E+00 -0.16490904E+00  0.34860575E-01
 -0.15469593E+00 -0.14656974E+00  0.34641620E-01
 -0.13866189E+00 -0.13059926E+00  0.34490633E-01
 -0.12462995E+00 -0.11666501E+00  0.34403412E-01
 -0.11233346E+00 -0.10448089E+00  0.34374940E-01
 -0.10154272E+00 -0.93801401E-01  0.34399762E-01
 -0.92060107E-01 -0.84416214E-01  0.34472251E-01
 -0.83715639E-01 -0.76145208E-01  0.34586767E-01
 -0.76363036E-01 -0.68834163E-01  0.34737768E-01
 -0.69876293E-01 -0.62351000E-01  0.34919871E-01
 -0.64146719E-01 -0.56582554E-01  0.35127882E-01
 -0.59080405E-01 -0.51431814E-01  0.35356819E-01
 -0.54596063E-01 -0.46815578E-01  0.35601912E-01
 -0.50623188E-01 -0.42662454E-01  0.35858608E-01
 -0.47100503E-01 -0.38911158E-01  0.36122566E-01
 -0.43974638E-01 -0.35509068E-01  0.36389654E-01
 -0.41199007E-01 -0.32410987E-01  0.36655951E-01
 -0.38732861E-01 -0.29578075E-01  0.36917737E-01
 -0.36540481E-01 -0.26976945E-01  0.37171502E-01
 -0.34590488E-01 -0.24578878E-01  0.37413944E-01
 -0.32855266E-01 -0.22359143E-01  0.37641971E-01
 -0.31310459E-01 -0.20296417E-01  0.37852701E-01
 -0.29934547E-01 -0.18372285E-01  0.38043474E-01
 -0.28708483E-01 -0.16570803E-01  0.38211842E-01
 -0.27615383E-01 -0.14878136E-01  0.38355580E-01
 -0.26640257E-01 -0.13282236E-01  0.38472681E-01
 -0.25769777E-01 -0.11772582E-01  0.38561351E-01
 -0.24992084E-01 -0.10339954E-01  0.38620006E-01
 -0.24296607E-01 -0.89762456E-02  0.38647263E-01
 -0.23673921E-01 -0.76743118E-02  0.38641925E-01
 -0.23115612E-01 -0.64278438E-02  0.38602972E-01
 -0.22614163E-01 -0.52312653E-02  0.38529538E-01
 -0.22162856E-01 -0.40796502E-02  0.38420896E-01
 -0.21755679E-01 -0.29686550E-02  0.38276439E-01
 -0.21387250E-01 -0.18944636E-02  0.38095655E-01
 -0.21052751E-01 -0.85374034E-03  0.37878116E-01
 -0.20747860E-01  0.15640972E-03  0.37623455E-01
 -0.20468704E-01  0.11384776E-02  0.37331352E-01
 -0.20211806E-01  0.20945846E-02  0.37001527E-01
 -0.19974050E-01  0.30265154E-02  0.36633728E-01
 -0.19752638E-01  0.39357519E-02  0.36227733E-01
 -0.19545062E-01  0.48235067E-02  0.35783345E-01
 -0.19349075E-01  0.56907573E-02  0.35300405E-01
 -0.19162668E-01  0.65382799E-02  0.34778795E-01
 -0.18984048E-01  0.73666834E-02  0.34218448E-01
 -0.18811618E-01  0.81764411E-02  0.33619368E-01
 -0.18643965E-01  0.89679209E-02  0.32981635E-01
 -0.18479837E-01  0.97414125E-02  0.32305422E-01
 -0.18318135E-01  0.10497150E-01  0.31591006E-01
 -0.18157900E-01  0.11235334E-01  0.30838776E-01
 -0.17998296E-01  0.11956141E-01  0.30049236E-01
 -0.17838604E-01  0.12659740E-01  0.29223012E-01
 -0.17678205E-01  0.13346295E-01  0.28360845E-01
 -0.17516574E-01  0.14015967E-01  0.27463590E-01
 -0.17353267E-01  0.14668917E-01  0.26532203E-01
 -0.17187912E-01  0.15305296E-01  0.25567732E-01
 -0.17020202E-01  0.15925246E-01  0.24571306E-01
 -0.16849886E-01  0.16528889E-01  0.23544115E-01
 -0.16676761E-01  0.17116324E-01  0.22487405E-01
 -0.16500671E-01  0.17687623E-01  0.21402458E-01
 -0.16321499E-01  0.18242822E-01  0.20290587E-01
 -0.16139166E-01  0.18781922E-01  0.19153122E-01
 -0.15953628E-01  0.19304889E-01  0.17991414E-01
 -0.15764876E-01  0.19811651E-01  0.16806825E-01
 -0.15572936E-01  0.20302106E-01  0.15600733E-01
 -0.15377871E-01  0.20776126E-01  0.14374537E-01
 -0.15179779E-01  0.21233557E-01  0.13129659E-01
 -0.14978794E-01  0.21674232E-01  0.11867556E-01
 -0.14775092E-01  0.22097974E-01  0.10589723E-01
 -0.14568885E-01  0.22504602E-01  0.92977020E-02
 -0.14360425E-01  0.22893938E-01  0.79930882E-02
 -0.14150004E-01  0.23265810E-01  0.66775322E-02
 -0.13937951E-01  0.23620058E-01  0.53527411E-02
 -0.13724631E-01  0.23956535E-01  0.40204766E-02
 -0.13510447E-01  0.24275111E-01  0.26825492E-02
 -0.13295830E-01  0.24575669E-01  0.13408103E-02
 -0.13081244E-01  0.24858110E-01 -0.28582395E-05
 -0.21701035E-01 -0.53696411E-01 -0.93600582E-06
 -0.21993746E-01 -0.54196913E-01  0.23834716E-02
 -0.22277860E-01 -0.54681034E-01  0.47686368E-02
 -0.22553894E-01 -0.55146742E-01  0.71549571E-02
 -0.22821971E-01 -0.55591797E-01  0.95427571E-02
 -0.23081860E-01 -0.56013862E-01  0.11932279E-01
 -0.23333034E-01 -0.56410636E-01  0.14323675E-01
 -0.23574740E-01 -0.56779979E-01  0.16717013E-01
 -0.23806082E-01 -0.57120054E-01  0.19112275E-01
 -0.24026107E-01 -0.57429439E-01  0.21509372E-01
 -0.24233884E-01 -0.57707233E-01  0.23908148E-01
 -0.24428582E-01 -0.57953130E-01  0.26308401E-01
 -0.24609528E-01 -0.58167458E-01  0.28709885E-01
 -0.24776248E-01 -0.58351190E-01  0.31112323E-01
 -0.24928480E-01 -0.58505903E-01  0.33515407E-01
 -0.25066162E-01 -0.58633720E-01  0.35918793E-01
 -0.25189395E-01 -0.58737195E-01  0.38322082E-01
 -0.25298371E-01 -0.58819191E-01  0.40724802E-01
 -0.25393280E-01 -0.58882724E-01  0.43126356E-01
 -0.18130689E+00 -0.17300121E+00  0.32385722E-01
 -0.16116494E+00 -0.15296194E+00  0.32314959E-01
 -0.14367291E+00 -0.13563860E+00  0.32306859E-01
 -0.12845780E+00 -0.12063171E+00  0.32357156E-01
 -0.11520067E+00 -0.10760091E+00  0.32460757E-01
 -0.10362941E+00 -0.96256856E-01  0.32612145E-01
 -0.93512111E-01 -0.86353911E-01  0.32805665E-01
 -0.84651095E-01 -0.77683588E-01  0.33035695E-01
 -0.76877744E-01 -0.70068866E-01  0.33296759E-01
 -0.70048027E-01 -0.63359326E-01  0.33583591E-01
 -0.64038699E-01 -0.57427019E-01  0.33891167E-01
 -0.58744085E-01 -0.52162988E-01  0.34214720E-01
 -0.54073375E-01 -0.47474343E-01  0.34549738E-01
 -0.49948343E-01 -0.43281805E-01  0.34891959E-01
 -0.46301445E-01 -0.39517648E-01  0.35237360E-01
 -0.43074213E-01 -0.36123965E-01  0.35582147E-01
 -0.40215916E-01 -0.33051212E-01  0.35922740E-01
 -0.37682426E-01 -0.30256976E-01  0.36255762E-01
 -0.35435273E-01 -0.27704921E-01  0.36578036E-01
 -0.33440842E-01 -0.25363905E-01  0.36886571E-01
 -0.31669693E-01 -0.23207214E-01  0.37178561E-01
 -0.30095992E-01 -0.21211912E-01  0.37451385E-01
 -0.28697023E-01 -0.19358278E-01  0.37702601E-01
 -0.27452772E-01 -0.17629330E-01  0.37929949E-01
 -0.26345577E-01 -0.16010411E-01  0.38131353E-01
 -0.25359820E-01 -0.14488839E-01  0.38304920E-01
 -0.24481670E-01 -0.13053603E-01  0.38448941E-01
 -0.23698861E-01 -0.11695120E-01  0.38561890E-01
 -0.23000493E-01 -0.10405010E-01  0.38642418E-01
 -0.22376870E-01 -0.91759311E-02  0.38689352E-01
 -0.21819351E-01 -0.80014244E-02  0.38701679E-01
 -0.21320226E-01 -0.68758008E-02  0.38678543E-01
 -0.20872602E-01 -0.57940417E-02  0.38619225E-01
 -0.20470309E-01 -0.47517218E-02  0.38523130E-01
 -0.20107818E-01 -0.37449458E-02  0.38389771E-01
 -0.19780165E-01 -0.27702968E-02  0.38218747E-01
 -0.19482889E-01 -0.18247936E-02  0.38009732E-01
 -0.19211978E-01 -0.90585388E-03  0.37762454E-01
 -0.18963823E-01 -0.11260640E-04  0.37476684E-01
 -0.18735176E-01  0.86086851E-03  0.37152228E-01
 -0.18523113E-01  0.17121119E-02  0.36788914E-01
 -0.18325013E-01  0.25437740E-02  0.36386594E-01
 -0.18138522E-01  0.33569164E-02  0.35945144E-01
 -0.17961539E-01  0.41523887E-02  0.35464468E-01
 -0.17792191E-01  0.49308594E-02  0.34944505E-01
 -0.17628821E-01  0.56928471E-02  0.34385243E-01
 -0.17469964E-01  0.64387492E-02  0.33786728E-01
 -0.17314339E-01  0.71688695E-02  0.33149079E-01
 -0.17160831E-01  0.78834429E-02  0.32472499E-01
 -0.17008476E-01  0.85826564E-02  0.31757286E-01
 -0.16856446E-01  0.92666664E-02  0.31003846E-01
 -0.16704035E-01  0.99356123E-02  0.30212693E-01
 -0.16550648E-01  0.10589625E-01  0.29384457E-01
 -0.16395783E-01  0.11228834E-01  0.28519880E-01
 -0.16239018E-01  0.11853366E-01  0.27619813E-01
 -0.16080005E-01  0.12463347E-01  0.26685210E-01
 -0.15918450E-01  0.13058896E-01  0.25717112E-01
 -0.15754112E-01  0.13640122E-01  0.24716646E-01
 -0.15586792E-01  0.14207118E-01  0.23685001E-01
 -0.15416328E-01  0.14759955E-01  0.22623424E-01
 -0.15242589E-01  0.15298678E-01  0.21533203E-01
 -0.15065476E-01  0.15823302E-01  0.20415661E-01
 -0.14884922E-01  0.16333808E-01  0.19272144E-01
 -0.14700889E-01  0.16830147E-01  0.18104022E-01
 -0.14513373E-01  0.17312237E-01  0.16912678E-01
 -0.14322406E-01  0.17779968E-01  0.15699520E-01
 -0.14128056E-01  0.18233207E-01  0.14465973E-01
 -0.13930433E-01  0.18671799E-01  0.13213491E-01
 -0.13729691E-01  0.19095578E-01  0.11943561E-01
 -0.13526024E-01  0.19504368E-01  0.10657710E-01
 -0.13319671E-01  0.19897992E-01  0.93575081E-02
 -0.13110917E-01  0.20276274E-01  0.80445783E-02
 -0.12900084E-01  0.20639047E-01  0.67205959E-02
 -0.12687534E-01  0.20986151E-01  0.53872904E-02
 -0.12473663E-01  0.21317440E-01  0.40464430E-02
 -0.12258901E-01  0.21632781E-01  0.26998816E-02
 -0.12043700E-01  0.21932054E-01  0.13494734E-02
 -0.11828538E-01  0.22215153E-01 -0.28853636E-05
 -0.20096577E-01 -0.50014498E-01 -0.10336420E-05
 -0.20358322E-01 -0.50502058E-01  0.22444035E-02
 -0.20615968E-01 -0.50975778E-01  0.44904689E-02
 -0.20869945E-01 -0.51434017E-01  0.67374778E-02
 -0.21120297E-01 -0.51875151E-01  0.89857143E-02
 -0.21366719E-01 -0.52297663E-01  0.11235435E-01
 -0.21608622E-01 -0.52700222E-01  0.13486871E-01
 -0.21845209E-01 -0.53081766E-01  0.15740234E-01
 -0.22075550E-01 -0.53441570E-01  0.17995710E-01
 -0.22298676E-01 -0.53779305E-01  0.20253462E-01
 -0.22513658E-01 -0.54095080E-01  0.22513621E-01
 -0.22719683E-01 -0.54389452E-01  0.24776275E-01
 -0.22916114E-01 -0.54663419E-01  0.27041454E-01
 -0.23102531E-01 -0.54918393E-01  0.29309108E-01
 -0.23278749E-01 -0.55156136E-01  0.31579086E-01
 -0.23444803E-01 -0.55378688E-01  0.33851109E-01
 -0.23600913E-01 -0.55588272E-01  0.36124733E-01
 -0.23747413E-01 -0.55787190E-01  0.38399317E-01
 -0.23884650E-01 -0.55977711E-01  0.40673977E-01
 -0.16580656E+00 -0.15777999E+00  0.29646316E-01
 -0.14698315E+00 -0.13920720E+00  0.29811107E-01
 -0.13071179E+00 -0.12323293E+00  0.30025232E-01
 -0.11661768E+00 -0.10945883E+00  0.30284003E-01
 -0.10438398E+00 -0.97549287E-01  0.30582292E-01
 -0.93743067E-01 -0.87221847E-01  0.30914822E-01
 -0.84468845E-01 -0.78238836E-01  0.31276342E-01
 -0.76370105E-01 -0.70400119E-01  0.31661743E-01
 -0.69284868E-01 -0.63536966E-01  0.32066123E-01
 -0.63075628E-01 -0.57506909E-01  0.32484826E-01
 -0.57625373E-01 -0.52189456E-01  0.32913455E-01
 -0.52834265E-01 -0.47482517E-01  0.33347872E-01
 -0.48616886E-01 -0.43299456E-01  0.33784195E-01
 -0.44899951E-01 -0.39566629E-01  0.34218787E-01
 -0.41620407E-01 -0.36221355E-01  0.34648238E-01
 -0.38723853E-01 -0.33210217E-01  0.35069355E-01
 -0.36163228E-01 -0.30487650E-01  0.35479144E-01
 -0.33897711E-01 -0.28014750E-01  0.35874798E-01
 -0.31891810E-01 -0.25758280E-01  0.36253685E-01
 -0.30114587E-01 -0.23689823E-01  0.36613339E-01
 -0.28539019E-01 -0.21785066E-01  0.36951451E-01
 -0.27141447E-01 -0.20023187E-01  0.37265864E-01
 -0.25901120E-01 -0.18386331E-01  0.37554572E-01
 -0.24799798E-01 -0.16859166E-01  0.37815717E-01
 -0.23821422E-01 -0.15428498E-01  0.38047589E-01
 -0.22951826E-01 -0.14082945E-01  0.38248627E-01
 -0.22178492E-01 -0.12812658E-01  0.38417420E-01
 -0.21490336E-01 -0.11609088E-01  0.38552704E-01
 -0.20877529E-01 -0.10464785E-01  0.38653364E-01
 -0.20331333E-01 -0.93732394E-02  0.38718426E-01
 -0.19843967E-01 -0.83287401E-02  0.38747057E-01
 -0.19408484E-01 -0.73262688E-02  0.38738548E-01
 -0.19018673E-01 -0.63614087E-02  0.38692314E-01
 -0.18668960E-01 -0.54302725E-02  0.38607874E-01
 -0.18354341E-01 -0.45294451E-02  0.38484840E-01
 -0.18070307E-01 -0.36559361E-02  0.38322903E-01
 -0.17812795E-01 -0.28071416E-02  0.38121819E-01
 -0.17578134E-01 -0.19808106E-02  0.37881395E-01
 -0.17363012E-01 -0.11750157E-02  0.37601478E-01
 -0.17164438E-01 -0.38812559E-03  0.37281944E-01
 -0.16979716E-01  0.38122231E-03  0.36922697E-01
 -0.16806422E-01  0.11341483E-02  0.36523661E-01
 -0.16642385E-01  0.18715579E-02  0.36084784E-01
 -0.16485671E-01  0.25941695E-02  0.35606037E-01
 -0.16334564E-01  0.33025420E-02  0.35087430E-01
 -0.16187556E-01  0.39971024E-02  0.34529012E-01
 -0.16043332E-01  0.46781712E-02  0.33930886E-01
 -0.15900752E-01  0.53459877E-02  0.33293222E-01
 -0.15758843E-01  0.60007311E-02  0.32616263E-01
 -0.15616779E-01  0.66425394E-02  0.31900343E-01
 -0.15473866E-01  0.72715252E-02  0.31145887E-01
 -0.15329527E-01  0.78877869E-02  0.30353425E-01
 -0.15183288E-01  0.84914168E-02  0.29523590E-01
 -0.15034757E-01  0.90825056E-02  0.28657120E-01
 -0.14883616E-01  0.96611437E-02  0.27754856E-01
 -0.14729601E-01  0.10227420E-01  0.26817735E-01
 -0.14572499E-01  0.10781420E-01  0.25846782E-01
 -0.14412129E-01  0.11323217E-01  0.24843104E-01
 -0.14248343E-01  0.11852875E-01  0.23807875E-01
 -0.14081017E-01  0.12370434E-01  0.22742329E-01
 -0.13910051E-01  0.12875915E-01  0.21647748E-01
 -0.13735367E-01  0.13369312E-01  0.20525452E-01
 -0.13556913E-01  0.13850588E-01  0.19376796E-01
 -0.13374663E-01  0.14319682E-01  0.18203164E-01
 -0.13188623E-01  0.14776502E-01  0.17005964E-01
 -0.12998838E-01  0.15220934E-01  0.15786627E-01
 -0.12805389E-01  0.15652841E-01  0.14546616E-01
 -0.12608404E-01  0.16072071E-01  0.13287421E-01
 -0.12408056E-01  0.16478458E-01  0.12010567E-01
 -0.12204566E-01  0.16871832E-01  0.10717618E-01
 -0.11998204E-01  0.17252018E-01  0.94101837E-02
 -0.11789282E-01  0.17618845E-01  0.80899182E-02
 -0.11578157E-01  0.17972145E-01  0.67585261E-02
 -0.11365223E-01  0.18311762E-01  0.54177607E-02
 -0.11150905E-01  0.18637547E-01  0.40694213E-02
 -0.10935659E-01  0.18949364E-01  0.27153496E-02
 -0.10719957E-01  0.19247089E-01  0.13574218E-02
 -0.10504290E-01  0.19530608E-01 -0.24598052E-05
 -0.18150610E-01 -0.45333200E-01 -0.10619208E-05
 -0.18380873E-01 -0.45805646E-01  0.21087597E-02
 -0.18610578E-01 -0.46266094E-01  0.42190564E-02
 -0.18840106E-01 -0.46713401E-01  0.63300761E-02
 -0.19069480E-01 -0.47146649E-01  0.84420648E-02
 -0.19298399E-01 -0.47565191E-01  0.10555276E-01
 -0.19526301E-01 -0.47968683E-01  0.12669978E-01
 -0.19752431E-01 -0.48357111E-01  0.14786453E-01
 -0.19975922E-01 -0.48730797E-01  0.16904993E-01
 -0.20195869E-01 -0.49090402E-01  0.19025886E-01
 -0.20411413E-01 -0.49436902E-01  0.21149397E-01
 -0.20621811E-01 -0.49771552E-01  0.23275737E-01
 -0.20826491E-01 -0.50095842E-01  0.25405036E-01
 -0.21025097E-01 -0.50411433E-01  0.27537300E-01
 -0.21217504E-01 -0.50720086E-01  0.29672376E-01
 -0.21403813E-01 -0.51023593E-01  0.31809902E-01
 -0.21584316E-01 -0.51323702E-01  0.33949271E-01
 -0.21759430E-01 -0.51622043E-01  0.36089586E-01
 -0.21929613E-01 -0.51920077E-01  0.38229622E-01
 -0.14780585E+00 -0.14061312E+00  0.27032223E-01
 -0.13072485E+00 -0.12388945E+00  0.27436550E-01
 -0.11601785E+00 -0.10956888E+00  0.27873170E-01
 -0.10332420E+00 -0.97270462E-01  0.28337852E-01
 -0.92341838E-01 -0.86676223E-01  0.28826170E-01
 -0.82817727E-01 -0.77520765E-01  0.29333677E-01
 -0.74539632E-01 -0.69582382E-01  0.29856010E-01
 -0.67329212E-01 -0.62675593E-01  0.30388960E-01
 -0.61036243E-01 -0.56644932E-01  0.30928509E-01
 -0.55533838E-01 -0.51359812E-01  0.31470852E-01
 -0.50714500E-01 -0.46710296E-01  0.32012399E-01
 -0.46486873E-01 -0.42603624E-01  0.32549782E-01
 -0.42773074E-01 -0.38961360E-01  0.33079844E-01
 -0.39506488E-01 -0.35717054E-01  0.33599633E-01
 -0.36629965E-01 -0.32814307E-01  0.34106390E-01
 -0.34094322E-01 -0.30205182E-01  0.34597538E-01
 -0.31857107E-01 -0.27848884E-01  0.35070667E-01
 -0.29881579E-01 -0.25710660E-01  0.35523525E-01
 -0.28135854E-01 -0.23760882E-01  0.35954009E-01
 -0.26592196E-01 -0.21974272E-01  0.36360150E-01
 -0.25226419E-01 -0.20329249E-01  0.36740110E-01
 -0.24017392E-01 -0.18807376E-01  0.37092175E-01
 -0.22946613E-01 -0.17392881E-01  0.37414751E-01
 -0.21997850E-01 -0.16072258E-01  0.37706362E-01
 -0.21156836E-01 -0.14833921E-01  0.37965647E-01
 -0.20411011E-01 -0.13667904E-01  0.38191364E-01
 -0.19749291E-01 -0.12565613E-01  0.38382387E-01
 -0.19161878E-01 -0.11519615E-01  0.38537704E-01
 -0.18640089E-01 -0.10523453E-01  0.38656421E-01
 -0.18176213E-01 -0.95715050E-02  0.38737757E-01
 -0.17763382E-01 -0.86588536E-02  0.38781041E-01
 -0.17395461E-01 -0.77811902E-02  0.38785703E-01
 -0.17066956E-01 -0.69347326E-02  0.38751273E-01
 -0.16772930E-01 -0.61161600E-02  0.38677368E-01
 -0.16508934E-01 -0.53225611E-02  0.38563683E-01
 -0.16270952E-01 -0.45513919E-02  0.38409982E-01
 -0.16055348E-01 -0.38004418E-02  0.38216086E-01
 -0.15858827E-01 -0.30678045E-02  0.37981861E-01
 -0.15678407E-01 -0.23518519E-02  0.37707216E-01
 -0.15511387E-01 -0.16512108E-02  0.37392088E-01
 -0.15355327E-01 -0.96473927E-03  0.37036444E-01
 -0.15208034E-01 -0.29150405E-03  0.36640274E-01
 -0.15067547E-01  0.36924336E-03  0.36203594E-01
 -0.14932122E-01  0.10180903E-02  0.35726448E-01
 -0.14800223E-01  0.16554870E-02  0.35208915E-01
 -0.14670508E-01  0.22817698E-02  0.34651113E-01
 -0.14541821E-01  0.28971840E-02  0.34053209E-01
 -0.14413177E-01  0.35019050E-02  0.33415432E-01
 -0.14283746E-01  0.40960569E-02  0.32738076E-01
 -0.14152840E-01  0.46797287E-02  0.32021511E-01
 -0.14019897E-01  0.52529878E-02  0.31266194E-01
 -0.13884462E-01  0.58158900E-02  0.30472668E-01
 -0.13746175E-01  0.63684864E-02  0.29641571E-01
 -0.13604747E-01  0.69108269E-02  0.28773636E-01
 -0.13459952E-01  0.74429620E-02  0.27869686E-01
 -0.13311609E-01  0.79649414E-02  0.26930636E-01
 -0.13159572E-01  0.84768114E-02  0.25957485E-01
 -0.13003722E-01  0.89786112E-02  0.24951310E-01
 -0.12843959E-01  0.94703688E-02  0.23913258E-01
 -0.12680199E-01  0.99520968E-02  0.22844540E-01
 -0.12512373E-01  0.10423788E-01  0.21746419E-01
 -0.12340431E-01  0.10885416E-01  0.20620209E-01
 -0.12164343E-01  0.11336927E-01  0.19467266E-01
 -0.11984103E-01  0.11778248E-01  0.18288982E-01
 -0.11799737E-01  0.12209279E-01  0.17086786E-01
 -0.11611308E-01  0.12629904E-01  0.15862139E-01
 -0.11418920E-01  0.13039985E-01  0.14616538E-01
 -0.11222725E-01  0.13439373E-01  0.13351514E-01
 -0.11022922E-01  0.13827907E-01  0.12068635E-01
 -0.10819762E-01  0.14205419E-01  0.10769509E-01
 -0.10613542E-01  0.14571743E-01  0.94557848E-02
 -0.10404607E-01  0.14926709E-01  0.81291544E-02
 -0.10193345E-01  0.15270155E-01  0.67913533E-02
 -0.99801775E-02  0.15601923E-01  0.54441585E-02
 -0.97655579E-02  0.15921866E-01  0.40893867E-02
 -0.95499613E-02  0.16229844E-01  0.27288894E-02
 -0.93338793E-02  0.16525727E-01  0.13645469E-02
 -0.91178134E-02  0.16809395E-01 -0.17388700E-05
 -0.15847392E-01 -0.39658856E-01 -0.10188497E-05
 -0.16046860E-01 -0.40115001E-01  0.19812336E-02
 -0.16248262E-01 -0.40560702E-01  0.39638193E-02
 -0.16451980E-01 -0.40995359E-01  0.59469452E-02
 -0.16658072E-01 -0.41418743E-01  0.79308300E-02
 -0.16866316E-01 -0.41830999E-01  0.99157132E-02
 -0.17076255E-01 -0.42232631E-01  0.11901859E-01
 -0.17287265E-01 -0.42624477E-01  0.13889553E-01
 -0.17498616E-01 -0.43007670E-01  0.15879090E-01
 -0.17709545E-01 -0.43383583E-01  0.17870756E-01
 -0.17919326E-01 -0.43753764E-01  0.19864796E-01
 -0.18127330E-01 -0.44119871E-01  0.21861385E-01
 -0.18333078E-01 -0.44483589E-01  0.23860578E-01
 -0.18536286E-01 -0.44846566E-01  0.25862272E-01
 -0.18736874E-01 -0.45210336E-01  0.27866154E-01
 -0.18934977E-01 -0.45576265E-01  0.29871655E-01
 -0.19130907E-01 -0.45945504E-01  0.31877900E-01
 -0.19325111E-01 -0.46318960E-01  0.33883673E-01
 -0.19518087E-01 -0.46697285E-01  0.35887366E-01
 -0.12760625E+00 -0.12179780E+00  0.24639233E-01
 -0.11265275E+00 -0.10726488E+00  0.25273991E-01
 -0.99819387E-01 -0.94866621E-01  0.25922080E-01
 -0.88775513E-01 -0.84255546E-01  0.26580393E-01
 -0.79246271E-01 -0.75143786E-01  0.27245724E-01
 -0.71002912E-01 -0.67292646E-01  0.27914863E-01
 -0.63854678E-01 -0.60503890E-01  0.28584652E-01
 -0.57642083E-01 -0.54612532E-01  0.29252026E-01
 -0.52231385E-01 -0.49480917E-01  0.29914031E-01
 -0.47510059E-01 -0.44993893E-01  0.30567846E-01
 -0.43383106E-01 -0.41054864E-01  0.31210786E-01
 -0.39770038E-01 -0.37582588E-01  0.31840308E-01
 -0.36602418E-01 -0.34508557E-01  0.32454013E-01
 -0.33821849E-01 -0.31774871E-01  0.33049643E-01
 -0.31378334E-01 -0.29332496E-01  0.33625079E-01
 -0.29228923E-01 -0.27139831E-01  0.34178334E-01
 -0.27336607E-01 -0.25161533E-01  0.34707549E-01
 -0.25669401E-01 -0.23367543E-01  0.35210986E-01
 -0.24199586E-01 -0.21732276E-01  0.35687021E-01
 -0.22903077E-01 -0.20233938E-01  0.36134139E-01
 -0.21758904E-01 -0.18853959E-01  0.36550924E-01
 -0.20748759E-01 -0.17576505E-01  0.36936062E-01
 -0.19856636E-01 -0.16388065E-01  0.37288331E-01
 -0.19068506E-01 -0.15277100E-01  0.37606600E-01
 -0.18372055E-01 -0.14233739E-01  0.37889828E-01
 -0.17756449E-01 -0.13249525E-01  0.38137064E-01
 -0.17212138E-01 -0.12317192E-01  0.38347442E-01
 -0.16730684E-01 -0.11430476E-01  0.38520187E-01
 -0.16304613E-01 -0.10583964E-01  0.38654607E-01
 -0.15927286E-01 -0.97729582E-02  0.38750098E-01
 -0.15592784E-01 -0.89933662E-02  0.38806136E-01
 -0.15295817E-01 -0.82416159E-02  0.38822276E-01
 -0.15031637E-01 -0.75145818E-02  0.38798150E-01
 -0.14795969E-01 -0.68095277E-02  0.38733457E-01
 -0.14584949E-01 -0.61240614E-02  0.38627960E-01
 -0.14395078E-01 -0.54560977E-02  0.38481481E-01
 -0.14223179E-01 -0.48038292E-02  0.38293888E-01
 -0.14066364E-01 -0.41657011E-02  0.38065096E-01
 -0.13922011E-01 -0.35403901E-02  0.37795059E-01
 -0.13787740E-01 -0.29267838E-02  0.37483764E-01
 -0.13661404E-01 -0.23239624E-02  0.37131228E-01
 -0.13541070E-01 -0.17311793E-02  0.36737500E-01
 -0.13425013E-01 -0.11478417E-02  0.36302658E-01
 -0.13311705E-01 -0.57349123E-03  0.35826813E-01
 -0.13199810E-01 -0.77842218E-05  0.35310111E-01
 -0.13088171E-01  0.54952785E-03  0.34752739E-01
 -0.12975802E-01  0.10986170E-02  0.34154931E-01
 -0.12861876E-01  0.16395963E-02  0.33516974E-01
 -0.12745709E-01  0.21725355E-02  0.32839216E-01
 -0.12626750E-01  0.26974748E-02  0.32122070E-01
 -0.12504560E-01  0.32144357E-02  0.31366022E-01
 -0.12378801E-01  0.37234300E-02  0.30571634E-01
 -0.12249212E-01  0.42244650E-02  0.29739548E-01
 -0.12115599E-01  0.47175476E-02  0.28870489E-01
 -0.11977817E-01  0.52026853E-02  0.27965265E-01
 -0.11835759E-01  0.56798854E-02  0.27024762E-01
 -0.11689341E-01  0.61491531E-02  0.26049948E-01
 -0.11538499E-01  0.66104891E-02  0.25041867E-01
 -0.11383181E-01  0.70638854E-02  0.24001631E-01
 -0.11223344E-01  0.75093228E-02  0.22930422E-01
 -0.11058958E-01  0.79467676E-02  0.21829482E-01
 -0.10890006E-01  0.83761698E-02  0.20700109E-01
 -0.10716487E-01  0.87974611E-02  0.19543655E-01
 -0.10538427E-01  0.92105550E-02  0.18361521E-01
 -0.10355881E-01  0.96153475E-02  0.17155152E-01
 -0.10168942E-01  0.10011718E-01  0.15926037E-01
 -0.99777450E-02  0.10399532E-01  0.14675708E-01
 -0.97824711E-02  0.10778643E-01  0.13405736E-01
 -0.95833514E-02  0.11148897E-01  0.12117734E-01
 -0.93806670E-02  0.11510134E-01  0.10813353E-01
 -0.91747469E-02  0.11862192E-01  0.94942848E-02
 -0.89659653E-02  0.12204909E-01  0.81622584E-02
 -0.87547363E-02  0.12538127E-01  0.68190400E-02
 -0.85415070E-02  0.12861691E-01  0.54664298E-02
 -0.83267510E-02  0.13175453E-01  0.41062597E-02
 -0.81109605E-02  0.13479272E-01  0.27403881E-02
 -0.78946394E-02  0.13773015E-01  0.13706958E-02
 -0.76782969E-02  0.14056556E-01 -0.92073034E-06
 -0.13192737E-01 -0.33045184E-01 -0.91275493E-06
 -0.13363570E-01 -0.33485179E-01  0.18669992E-02
 -0.13537763E-01 -0.33916341E-01  0.37351414E-02
 -0.13715734E-01 -0.34338580E-01  0.56037063E-02
 -0.13897635E-01 -0.34752232E-01  0.74728971E-02
 -0.14083380E-01 -0.35158030E-01  0.93429304E-02
 -0.14272691E-01 -0.35557049E-01  0.11214033E-01
 -0.14465139E-01 -0.35950650E-01  0.13086434E-01
 -0.14660204E-01 -0.36340395E-01  0.14960346E-01
 -0.14857328E-01 -0.36727971E-01  0.16835944E-01
 -0.15055971E-01 -0.37115098E-01  0.18713333E-01
 -0.15255665E-01 -0.37503445E-01  0.20592511E-01
 -0.15456055E-01 -0.37894551E-01  0.22473329E-01
 -0.15656939E-01 -0.38289750E-01  0.24355442E-01
 -0.15858284E-01 -0.38690120E-01  0.26238267E-01
 -0.16060231E-01 -0.39096449E-01  0.28120935E-01
 -0.16263076E-01 -0.39509215E-01  0.30002244E-01
 -0.16467239E-01 -0.39928605E-01  0.31880624E-01
 -0.16673194E-01 -0.40354538E-01  0.33754091E-01
 -0.10554278E+00 -0.10163685E+00  0.22554492E-01
 -0.93051623E-01 -0.89587193E-01  0.23397882E-01
 -0.82358701E-01 -0.79338839E-01  0.24235650E-01
 -0.73178193E-01 -0.70592634E-01  0.25066189E-01
 -0.65273855E-01 -0.63102150E-01  0.25887786E-01
 -0.58450040E-01 -0.56664085E-01  0.26698659E-01
 -0.52544298E-01 -0.51110342E-01  0.27496984E-01
 -0.47421318E-01 -0.46301563E-01  0.28280921E-01
 -0.42968000E-01 -0.42121878E-01  0.29048633E-01
 -0.39089456E-01 -0.38474644E-01  0.29798304E-01
 -0.35705773E-01 -0.35279002E-01  0.30528152E-01
 -0.32749387E-01 -0.32467093E-01  0.31236444E-01
 -0.30162950E-01 -0.29981804E-01  0.31921505E-01
 -0.27897606E-01 -0.27774938E-01  0.32581729E-01
 -0.25911576E-01 -0.25805729E-01  0.33215583E-01
 -0.24169011E-01 -0.24039632E-01  0.33821613E-01
 -0.22639047E-01 -0.22447325E-01  0.34398446E-01
 -0.21295027E-01 -0.21003895E-01  0.34944790E-01
 -0.20113866E-01 -0.19688158E-01  0.35459435E-01
 -0.19075516E-01 -0.18482089E-01  0.35941251E-01
 -0.18162526E-01 -0.17370354E-01  0.36389185E-01
 -0.17359668E-01 -0.16339899E-01  0.36802260E-01
 -0.16653631E-01 -0.15379615E-01  0.37179571E-01
 -0.16032752E-01 -0.14480037E-01  0.37520285E-01
 -0.15486792E-01 -0.13633101E-01  0.37823635E-01
 -0.15006744E-01 -0.12831919E-01  0.38088922E-01
 -0.14584666E-01 -0.12070605E-01  0.38315512E-01
 -0.14213537E-01 -0.11344107E-01  0.38502832E-01
 -0.13887133E-01 -0.10648083E-01  0.38650372E-01
 -0.13599918E-01 -0.99787829E-02  0.38757683E-01
 -0.13346952E-01 -0.93329593E-02  0.38824371E-01
 -0.13123809E-01 -0.87077902E-02  0.38850102E-01
 -0.12926507E-01 -0.81008179E-02  0.38834594E-01
 -0.12751450E-01 -0.75099000E-02  0.38777617E-01
 -0.12595382E-01 -0.69331700E-02  0.38678988E-01
 -0.12455344E-01 -0.63690069E-02  0.38538574E-01
 -0.12328642E-01 -0.58160100E-02  0.38356282E-01
 -0.12212823E-01 -0.52729786E-02  0.38132060E-01
 -0.12105654E-01 -0.47388947E-02  0.37865896E-01
 -0.12005110E-01 -0.42129073E-02  0.37557814E-01
 -0.11909362E-01 -0.36943174E-02  0.37207872E-01
 -0.11816765E-01 -0.31825635E-02  0.36816166E-01
 -0.11725860E-01 -0.26772063E-02  0.36382826E-01
 -0.11635358E-01 -0.21779142E-02  0.35908020E-01
 -0.11544141E-01 -0.16844476E-02  0.35391956E-01
 -0.11451250E-01 -0.11966436E-02  0.34834882E-01
 -0.11355878E-01 -0.71440202E-03  0.34237093E-01
 -0.11257360E-01 -0.23767070E-03  0.33598934E-01
 -0.11155160E-01  0.23356639E-03  0.32920802E-01
 -0.11048855E-01  0.69930030E-03  0.32203150E-01
 -0.10938126E-01  0.11595061E-02  0.31446494E-01
 -0.10822734E-01  0.16141501E-02  0.30651415E-01
 -0.10702513E-01  0.20631945E-02  0.29818561E-01
 -0.10577349E-01  0.25066010E-02  0.28948649E-01
 -0.10447169E-01  0.29443319E-02  0.28042468E-01
 -0.10311927E-01  0.33763500E-02  0.27100883E-01
 -0.10171599E-01  0.38026177E-02  0.26124827E-01
 -0.10026171E-01  0.42230948E-02  0.25115311E-01
 -0.98756394E-02  0.46377364E-02  0.24073413E-01
 -0.97200067E-02  0.50464903E-02  0.23000285E-01
 -0.95592848E-02  0.54492951E-02  0.21897143E-01
 -0.93934981E-02  0.58460782E-02  0.20765270E-01
 -0.92226885E-02  0.62367550E-02  0.19606013E-01
 -0.90469215E-02  0.66212279E-02  0.18420774E-01
 -0.88662931E-02  0.69993871E-02  0.17211017E-01
 -0.86809354E-02  0.73711110E-02  0.15978253E-01
 -0.84910222E-02  0.77362677E-02  0.14724046E-01
 -0.82967726E-02  0.80947166E-02  0.13450007E-01
 -0.80984531E-02  0.84463108E-02  0.12157789E-01
 -0.78963775E-02  0.87908987E-02  0.10849085E-01
 -0.76909050E-02  0.91283264E-02  0.95256255E-02
 -0.74824364E-02  0.94584398E-02  0.81891750E-02
 -0.72714082E-02  0.97810860E-02  0.68415278E-02
 -0.70582867E-02  0.10096115E-01  0.54845051E-02
 -0.68435598E-02  0.10403381E-01  0.41199509E-02
 -0.66277309E-02  0.10702744E-01  0.27497287E-02
 -0.64113107E-02  0.10994067E-01  0.13757164E-02
 -0.61948121E-02  0.11277223E-01 -0.19715643E-06
 -0.10216523E-01 -0.25596775E-01 -0.76100522E-06
 -0.10362508E-01 -0.26022309E-01  0.17713044E-02
 -0.10512264E-01 -0.26440904E-01  0.35435487E-02
 -0.10666283E-01 -0.26852856E-01  0.53161697E-02
 -0.10824849E-01 -0.27258856E-01  0.70893627E-02
 -0.10988065E-01 -0.27659924E-01  0.88633140E-02
 -0.11155877E-01 -0.28057344E-01  0.10638190E-01
 -0.11328110E-01 -0.28452575E-01  0.12414121E-01
 -0.11504510E-01 -0.28847165E-01  0.14191185E-01
 -0.11684777E-01 -0.29242658E-01  0.15969378E-01
 -0.11868611E-01 -0.29640509E-01  0.17748590E-01
 -0.12055748E-01 -0.30042000E-01  0.19528568E-01
 -0.12245998E-01 -0.30448173E-01  0.21308880E-01
 -0.12439267E-01 -0.30859783E-01  0.23088881E-01
 -0.12635578E-01 -0.31277264E-01  0.24867667E-01
 -0.12835078E-01 -0.31700724E-01  0.26644040E-01
 -0.13038026E-01 -0.32129961E-01  0.28416467E-01
 -0.13244771E-01 -0.32564507E-01  0.30183040E-01
 -0.13455711E-01 -0.33003689E-01  0.31941441E-01
 -0.81971620E-01 -0.80425812E-01  0.20852988E-01
 -0.72218907E-01 -0.71097553E-01  0.21871727E-01
 -0.63885037E-01 -0.63182823E-01  0.22867771E-01
 -0.56741917E-01 -0.56443593E-01  0.23841089E-01
 -0.50601733E-01 -0.50684562E-01  0.24791474E-01
 -0.45309455E-01 -0.45745157E-01  0.25718539E-01
 -0.40736711E-01 -0.41493006E-01  0.26621739E-01
 -0.36776823E-01 -0.37818647E-01  0.27500389E-01
 -0.33340800E-01 -0.34631265E-01  0.28353687E-01
 -0.30354098E-01 -0.31855247E-01  0.29180735E-01
 -0.27754022E-01 -0.29427422E-01  0.29980565E-01
 -0.25487614E-01 -0.27294833E-01  0.30752166E-01
 -0.23509961E-01 -0.25412940E-01  0.31494496E-01
 -0.21782820E-01 -0.23744180E-01  0.32206511E-01
 -0.20273496E-01 -0.22256789E-01  0.32887175E-01
 -0.18953939E-01 -0.20923851E-01  0.33535478E-01
 -0.17799995E-01 -0.19722526E-01  0.34150444E-01
 -0.16790801E-01 -0.18633409E-01  0.34731144E-01
 -0.15908279E-01 -0.17640005E-01  0.35276698E-01
 -0.15136720E-01 -0.16728289E-01  0.35786282E-01
 -0.14462442E-01 -0.15886342E-01  0.36259128E-01
 -0.13873496E-01 -0.15104036E-01  0.36694528E-01
 -0.13359422E-01 -0.14372769E-01  0.37091828E-01
 -0.12911049E-01 -0.13685240E-01  0.37450430E-01
 -0.12520309E-01 -0.13035250E-01  0.37769789E-01
 -0.12180098E-01 -0.12417536E-01  0.38049411E-01
 -0.11884134E-01 -0.11827619E-01  0.38288847E-01
 -0.11626857E-01 -0.11261689E-01  0.38487696E-01
 -0.11403322E-01 -0.10716488E-01  0.38645596E-01
 -0.11209120E-01 -0.10189228E-01  0.38762227E-01
 -0.11040304E-01 -0.96775098E-02  0.38837308E-01
 -0.10893327E-01 -0.91792670E-02  0.38870594E-01
 -0.10764986E-01 -0.86927112E-02  0.38861877E-01
 -0.10652383E-01 -0.82162937E-02  0.38810984E-01
 -0.10552882E-01 -0.77486737E-02  0.38717780E-01
 -0.10464084E-01 -0.72886929E-02  0.38582164E-01
 -0.10383799E-01 -0.68353563E-02  0.38404072E-01
 -0.10310032E-01 -0.63878155E-02  0.38183478E-01
 -0.10240966E-01 -0.59453566E-02  0.37920392E-01
 -0.10174954E-01 -0.55073880E-02  0.37614865E-01
 -0.10110511E-01 -0.50734300E-02  0.37266986E-01
 -0.10046309E-01 -0.46431045E-02  0.36876885E-01
 -0.99811712E-02 -0.42161246E-02  0.36444731E-01
 -0.99140692E-02 -0.37922839E-02  0.35970739E-01
 -0.98441169E-02 -0.33714460E-02  0.35455164E-01
 -0.97705646E-02 -0.29535332E-02  0.34898306E-01
 -0.96927911E-02 -0.25385163E-02  0.34300511E-01
 -0.96102949E-02 -0.21264044E-02  0.33662169E-01
 -0.95226827E-02 -0.17172355E-02  0.32983721E-01
 -0.94296577E-02 -0.13110680E-02  0.32265656E-01
 -0.93310067E-02 -0.90797410E-03  0.31508518E-01
 -0.92265859E-02 -0.50803395E-03  0.30712901E-01
 -0.91163082E-02 -0.11133124E-03  0.29879459E-01
 -0.90001301E-02  0.28204955E-03  0.29008906E-01
 -0.88780403E-02  0.67202480E-03  0.28102016E-01
 -0.87500503E-02  0.10585123E-02  0.27159632E-01
 -0.86161868E-02  0.14414310E-02  0.26182661E-01
 -0.84764869E-02  0.18206999E-02  0.25172082E-01
 -0.83309952E-02  0.21962370E-02  0.24128945E-01
 -0.81797640E-02  0.25679574E-02  0.23054373E-01
 -0.80228551E-02  0.29357721E-02  0.21949562E-01
 -0.78603433E-02  0.32995867E-02  0.20815779E-01
 -0.76923220E-02  0.36593005E-02  0.19654364E-01
 -0.75189080E-02  0.40148057E-02  0.18466723E-01
 -0.73402481E-02  0.43659873E-02  0.17254331E-01
 -0.71565234E-02  0.47127233E-02  0.16018720E-01
 -0.69679544E-02  0.50548852E-02  0.14761482E-01
 -0.67748033E-02  0.53923389E-02  0.13484260E-01
 -0.65773754E-02  0.57249455E-02  0.12188741E-01
 -0.63760183E-02  0.60525630E-02  0.10876656E-01
 -0.61711199E-02  0.63750466E-02  0.95497677E-02
 -0.59631036E-02  0.66922510E-02  0.82098706E-02
 -0.57524240E-02  0.70040307E-02  0.68587827E-02
 -0.55395599E-02  0.73102415E-02  0.54983424E-02
 -0.53250080E-02  0.76107415E-02  0.41304032E-02
 -0.51092760E-02  0.79053917E-02  0.27568309E-02
 -0.48928769E-02  0.81940570E-02  0.13794995E-02
 -0.46763235E-02  0.84766064E-02  0.28886975E-06
 -0.69727797E-02 -0.17468285E-01 -0.58727029E-06
 -0.70993065E-02 -0.17882577E-01  0.16989794E-02
 -0.72291476E-02 -0.18292167E-01  0.33987234E-02
 -0.73628913E-02 -0.18697557E-01  0.50988554E-02
 -0.75009852E-02 -0.19099516E-01  0.67995644E-02
 -0.76437497E-02 -0.19499017E-01  0.85010020E-02
 -0.77913952E-02 -0.19897153E-01  0.10203264E-01
 -0.79440423E-02 -0.20295058E-01  0.11906373E-01
 -0.81017437E-02 -0.20693828E-01  0.13610254E-01
 -0.82645084E-02 -0.21094441E-01  0.15314713E-01
 -0.84323253E-02 -0.21497693E-01  0.17019412E-01
 -0.86051867E-02 -0.21904139E-01  0.18723843E-01
 -0.87831093E-02 -0.22314060E-01  0.20427299E-01
 -0.89661508E-02 -0.22727437E-01  0.22128843E-01
 -0.91544226E-02 -0.23143955E-01  0.23827281E-01
 -0.93480939E-02 -0.23563024E-01  0.25521126E-01
 -0.95473877E-02 -0.23983821E-01  0.27208567E-01
 -0.97525672E-02 -0.24405351E-01  0.28887431E-01
 -0.99639099E-02 -0.24826526E-01  0.30555145E-01
 -0.57260479E-01 -0.58445272E-01  0.19594902E-01
 -0.50457763E-01 -0.52019214E-01  0.20746111E-01
 -0.44649611E-01 -0.46576705E-01  0.21861082E-01
 -0.39675953E-01 -0.41951000E-01  0.22941157E-01
 -0.35405181E-01 -0.38005526E-01  0.23987401E-01
 -0.31728780E-01 -0.34628156E-01  0.25000599E-01
 -0.28556962E-01 -0.31726561E-01  0.25981259E-01
 -0.25815149E-01 -0.29224453E-01  0.26929641E-01
 -0.23441131E-01 -0.27058566E-01  0.27845778E-01
 -0.21382797E-01 -0.25176236E-01  0.28729511E-01
 -0.19596295E-01 -0.23533453E-01  0.29580524E-01
 -0.18044564E-01 -0.22093304E-01  0.30398368E-01
 -0.16696145E-01 -0.20824720E-01  0.31182499E-01
 -0.15524219E-01 -0.19701467E-01  0.31932303E-01
 -0.14505829E-01 -0.18701335E-01  0.32647122E-01
 -0.13621249E-01 -0.17805480E-01  0.33326278E-01
 -0.12853461E-01 -0.16997892E-01  0.33969090E-01
 -0.12187736E-01 -0.16264954E-01  0.34574889E-01
 -0.11611284E-01 -0.15595085E-01  0.35143035E-01
 -0.11112962E-01 -0.14978440E-01  0.35672922E-01
 -0.10683036E-01 -0.14406656E-01  0.36163983E-01
 -0.10312980E-01 -0.13872642E-01  0.36615700E-01
 -0.99953036E-02 -0.13370392E-01  0.37027599E-01
 -0.97234133E-02 -0.12894833E-01  0.37399249E-01
 -0.94914868E-02 -0.12441680E-01  0.37730266E-01
 -0.92943700E-02 -0.12007325E-01  0.38020304E-01
 -0.91274868E-02 -0.11588725E-01  0.38269053E-01
 -0.89867613E-02 -0.11183318E-01  0.38476238E-01
 -0.88685512E-02 -0.10788941E-01  0.38641609E-01
 -0.87695896E-02 -0.10403766E-01  0.38764947E-01
 -0.86869352E-02 -0.10026242E-01  0.38846056E-01
 -0.86179303E-02 -0.96550521E-02  0.38884761E-01
 -0.85601644E-02 -0.92890706E-02  0.38880913E-01
 -0.85114448E-02 -0.89273365E-02  0.38834385E-01
 -0.84697719E-02 -0.85690284E-02  0.38745075E-01
 -0.84333200E-02 -0.82134452E-02  0.38612911E-01
 -0.84004218E-02 -0.78599923E-02  0.38437850E-01
 -0.83695573E-02 -0.75081703E-02  0.38219882E-01
 -0.83393452E-02 -0.71575664E-02  0.37959034E-01
 -0.83085366E-02 -0.68078464E-02  0.37655373E-01
 -0.82760109E-02 -0.64587493E-02  0.37309007E-01
 -0.82407721E-02 -0.61100801E-02  0.36920089E-01
 -0.82019453E-02 -0.57617047E-02  0.36488817E-01
 -0.81587737E-02 -0.54135431E-02  0.36015433E-01
 -0.81106142E-02 -0.50655630E-02  0.35500227E-01
 -0.80569318E-02 -0.47177737E-02  0.34943536E-01
 -0.79972937E-02 -0.43702185E-02  0.34345741E-01
 -0.79313609E-02 -0.40229692E-02  0.33707268E-01
 -0.78588797E-02 -0.36761188E-02  0.33028590E-01
 -0.77796715E-02 -0.33297768E-02  0.32310222E-01
 -0.76936226E-02 -0.29840632E-02  0.31552727E-01
 -0.76006730E-02 -0.26391047E-02  0.30756714E-01
 -0.75008069E-02 -0.22950308E-02  0.29922843E-01
 -0.73940424E-02 -0.19519717E-02  0.29051823E-01
 -0.72804233E-02 -0.16100559E-02  0.28144421E-01
 -0.71600123E-02 -0.12694092E-02  0.27201462E-01
 -0.70328861E-02 -0.93015478E-03  0.26223835E-01
 -0.68991319E-02 -0.59241248E-03  0.25212496E-01
 -0.67588463E-02 -0.25629984E-03  0.24168473E-01
 -0.66121361E-02  0.78067408E-04  0.23092869E-01
 -0.64591202E-02  0.41057446E-03  0.21986861E-01
 -0.62999330E-02  0.74110651E-03  0.20851708E-01
 -0.61347284E-02  0.10695479E-02  0.19688741E-01
 -0.59636845E-02  0.13957815E-02  0.18499372E-01
 -0.57870076E-02  0.17196879E-02  0.17285081E-01
 -0.56049360E-02  0.20411452E-02  0.16047419E-01
 -0.54177428E-02  0.23600287E-02  0.14787996E-01
 -0.52257376E-02  0.26762107E-02  0.13508480E-01
 -0.50292663E-02  0.29895611E-02  0.12210588E-01
 -0.48287103E-02  0.32999469E-02  0.10896074E-01
 -0.46244838E-02  0.36072335E-02  0.95667284E-02
 -0.44170295E-02  0.39112844E-02  0.82243678E-02
 -0.42068146E-02  0.42119623E-02  0.68708277E-02
 -0.39943252E-02  0.45091298E-02  0.55079586E-02
 -0.37800606E-02  0.48026498E-02  0.41376206E-02
 -0.35645284E-02  0.50923865E-02  0.27616799E-02
 -0.33482391E-02  0.53782061E-02  0.13820064E-02
 -0.31317023E-02  0.56599774E-02  0.47166924E-06
 -0.35370181E-02 -0.88585047E-02 -0.41769709E-06
 -0.36508669E-02 -0.92660475E-02  0.16539297E-02
 -0.37669361E-02 -0.96713846E-02  0.33084864E-02
 -0.38859242E-02 -0.10075001E-01  0.49634724E-02
 -0.40084578E-02 -0.10477473E-01  0.66190678E-02
 -0.41350969E-02 -0.10879398E-01  0.82753912E-02
 -0.42663406E-02 -0.11281333E-01  0.99324773E-02
 -0.44026344E-02 -0.11683735E-01  0.11590256E-01
 -0.45443766E-02 -0.12086902E-01  0.13248529E-01
 -0.46919258E-02 -0.12490936E-01  0.14906955E-01
 -0.48456076E-02 -0.12895705E-01  0.16565023E-01
 -0.50057208E-02 -0.13300832E-01  0.18222033E-01
 -0.51725431E-02 -0.13705691E-01  0.19877080E-01
 -0.53463346E-02 -0.14109422E-01  0.21529027E-01
 -0.55273398E-02 -0.14510963E-01  0.23176481E-01
 -0.57157877E-02 -0.14909098E-01  0.24817771E-01
 -0.59118879E-02 -0.15302506E-01  0.26450914E-01
 -0.61158232E-02 -0.15689838E-01  0.28073581E-01
 -0.63277385E-02 -0.16069785E-01  0.29683056E-01
 -0.31781897E-01 -0.35958689E-01  0.18823810E-01
 -0.28072583E-01 -0.32556915E-01  0.20057418E-01
 -0.24902686E-01 -0.29679888E-01  0.21246072E-01
 -0.22187346E-01 -0.27239184E-01  0.22392046E-01
 -0.19856560E-01 -0.25162190E-01  0.23497261E-01
 -0.17852411E-01 -0.23389137E-01  0.24563281E-01
 -0.16126800E-01 -0.21870669E-01  0.25591313E-01
 -0.14639619E-01 -0.20565880E-01  0.26582236E-01
 -0.13357278E-01 -0.19440736E-01  0.27536636E-01
 -0.12251511E-01 -0.18466797E-01  0.28454833E-01
 -0.11298424E-01 -0.17620202E-01  0.29336932E-01
 -0.10477720E-01 -0.16880844E-01  0.30182849E-01
 -0.97720807E-02 -0.16231717E-01  0.30992357E-01
 -0.91666597E-02 -0.15658392E-01  0.31765114E-01
 -0.86486723E-02 -0.15148588E-01  0.32500697E-01
 -0.82070629E-02 -0.14691835E-01  0.33198632E-01
 -0.78322311E-02 -0.14279197E-01  0.33858416E-01
 -0.75158077E-02 -0.13903048E-01  0.34479536E-01
 -0.72504687E-02 -0.13556884E-01  0.35061492E-01
 -0.70297821E-02 -0.13235169E-01  0.35603803E-01
 -0.68480791E-02 -0.12933209E-01  0.36106021E-01
 -0.67003471E-02 -0.12647031E-01  0.36567735E-01
 -0.65821388E-02 -0.12373295E-01  0.36988574E-01
 -0.64894957E-02 -0.12109200E-01  0.37368208E-01
 -0.64188823E-02 -0.11852417E-01  0.37706344E-01
 -0.63671310E-02 -0.11601011E-01  0.38002726E-01
 -0.63313936E-02 -0.11353389E-01  0.38257129E-01
 -0.63091006E-02 -0.11108243E-01  0.38469354E-01
 -0.62979257E-02 -0.10864503E-01  0.38639226E-01
 -0.62957562E-02 -0.10621295E-01  0.38766588E-01
 -0.63006670E-02 -0.10377907E-01  0.38851300E-01
 -0.63108996E-02 -0.10133760E-01  0.38893236E-01
 -0.63248439E-02 -0.98883807E-02  0.38892286E-01
 -0.63410240E-02 -0.96413851E-02  0.38848355E-01
 -0.63580867E-02 -0.93924608E-02  0.38761367E-01
 -0.63747924E-02 -0.91413558E-02  0.38631266E-01
 -0.63900081E-02 -0.88878698E-02  0.38458025E-01
 -0.64027030E-02 -0.86318477E-02  0.38241644E-01
 -0.64119442E-02 -0.83731751E-02  0.37982160E-01
 -0.64168941E-02 -0.81117751E-02  0.37679649E-01
 -0.64168085E-02 -0.78476057E-02  0.37334227E-01
 -0.64110343E-02 -0.75806574E-02  0.36946059E-01
 -0.63990068E-02 -0.73109518E-02  0.36515356E-01
 -0.63802476E-02 -0.70385387E-02  0.36042376E-01
 -0.63543602E-02 -0.67634942E-02  0.35527428E-01
 -0.63210262E-02 -0.64859177E-02  0.34970866E-01
 -0.62799999E-02 -0.62059292E-02  0.34373093E-01
 -0.62311021E-02 -0.59236654E-02  0.33734555E-01
 -0.61742134E-02 -0.56392773E-02  0.33055742E-01
 -0.61092671E-02 -0.53529261E-02  0.32337187E-01
 -0.60362422E-02 -0.50647802E-02  0.31579466E-01
 -0.59551556E-02 -0.47750123E-02  0.30783197E-01
 -0.58660563E-02 -0.44837968E-02  0.29949042E-01
 -0.57690185E-02 -0.41913069E-02  0.29077713E-01
 -0.56641376E-02 -0.38977135E-02  0.28169970E-01
 -0.55515256E-02 -0.36031829E-02  0.27226631E-01
 -0.54313091E-02 -0.33078766E-02  0.26248574E-01
 -0.53036279E-02 -0.30119499E-02  0.25236743E-01
 -0.51686350E-02 -0.27155522E-02  0.24192153E-01
 -0.50264975E-02 -0.24188269E-02  0.23115894E-01
 -0.48773984E-02 -0.21219119E-02  0.22009136E-01
 -0.47215396E-02 -0.18249400E-02  0.20873128E-01
 -0.45591438E-02 -0.15280398E-02  0.19709201E-01
 -0.43904578E-02 -0.12313368E-02  0.18518766E-01
 -0.42157545E-02 -0.93495388E-03  0.17303310E-01
 -0.40353350E-02 -0.63901277E-03  0.16064393E-01
 -0.38495291E-02 -0.34363458E-03  0.14803639E-01
 -0.36586961E-02 -0.48940720E-04  0.13522731E-01
 -0.34632234E-02  0.24494641E-03  0.12223401E-01
 -0.32635248E-02  0.53790295E-03  0.10907421E-01
 -0.30600382E-02  0.82980328E-03  0.95765978E-02
 -0.28532223E-02  0.11205199E-02  0.82327604E-02
 -0.26435525E-02  0.14099235E-02  0.68777555E-02
 -0.24315174E-02  0.16978835E-02  0.55134404E-02
 -0.22176149E-02  0.19842680E-02  0.41416785E-02
 -0.20023481E-02  0.22689451E-02  0.27643359E-02
 -0.17862222E-02  0.25517831E-02  0.13832785E-02
 -0.15697422E-02  0.28326515E-02  0.37185956E-06
 -0.88495287E-06  0.74395498E-06 -0.27657544E-06
 -0.10983399E-03 -0.40534604E-03  0.16386915E-02
 -0.21957228E-03 -0.81178874E-03  0.32779110E-02
 -0.33091467E-03 -0.12188421E-02  0.49176005E-02
 -0.44467562E-03 -0.16266517E-02  0.65579292E-02
 -0.56166680E-03 -0.20352039E-02  0.81989922E-02
 -0.68269318E-03 -0.24442874E-02  0.98407888E-02
 -0.80854727E-03 -0.28534656E-02  0.11483201E-01
 -0.94000165E-03 -0.32620621E-02  0.13125976E-01
 -0.10777997E-02 -0.36691594E-02  0.14768703E-01
 -0.12226448E-02 -0.40736112E-02  0.16410803E-01
 -0.13751891E-02 -0.44740684E-02  0.18051505E-01
 -0.15360212E-02 -0.48690164E-02  0.19689834E-01
 -0.17056548E-02 -0.52568231E-02  0.21324588E-01
 -0.18845183E-02 -0.56357938E-02  0.22954319E-01
 -0.20729455E-02 -0.60042308E-02  0.24577310E-01
 -0.22711699E-02 -0.63604946E-02  0.26191540E-01
 -0.24793205E-02 -0.67030621E-02  0.27794654E-01
 -0.26974221E-02 -0.70305800E-02  0.29383918E-01
 -0.59092413E-02 -0.13214978E-01  0.18565638E-01
 -0.53666785E-02 -0.12900454E-01  0.19827147E-01
 -0.48923917E-02 -0.12637092E-01  0.21040648E-01
 -0.44804908E-02 -0.12418427E-01  0.22208751E-01
 -0.41254017E-02 -0.12238496E-01  0.23333692E-01
 -0.38219312E-02 -0.12091875E-01  0.24417316E-01
 -0.35652869E-02 -0.11973662E-01  0.25461085E-01
 -0.33510707E-02 -0.11879446E-01  0.26466104E-01
 -0.31752571E-02 -0.11805254E-01  0.27433158E-01
 -0.30341656E-02 -0.11747509E-01  0.28362744E-01
 -0.29244300E-02 -0.11702982E-01  0.29255117E-01
 -0.28429679E-02 -0.11668755E-01  0.30110324E-01
 -0.27869521E-02 -0.11642189E-01  0.30928250E-01
 -0.27537838E-02 -0.11620900E-01  0.31708648E-01
 -0.27410685E-02 -0.11602739E-01  0.32451174E-01
 -0.27465943E-02 -0.11585777E-01  0.33155421E-01
 -0.27683122E-02 -0.11568296E-01  0.33820941E-01
 -0.28043191E-02 -0.11548781E-01  0.34447270E-01
 -0.28528419E-02 -0.11525908E-01  0.35033947E-01
 -0.29122240E-02 -0.11498543E-01  0.35580526E-01
 -0.29809134E-02 -0.11465725E-01  0.36086591E-01
 -0.30574512E-02 -0.11426667E-01  0.36551760E-01
 -0.31404630E-02 -0.11380734E-01  0.36975690E-01
 -0.32286505E-02 -0.11327439E-01  0.37358079E-01
 -0.33207844E-02 -0.11266426E-01  0.37698662E-01
 -0.34156986E-02 -0.11197453E-01  0.37997210E-01
 -0.35122858E-02 -0.11120380E-01  0.38253525E-01
 -0.36094937E-02 -0.11035153E-01  0.38467437E-01
 -0.37063222E-02 -0.10941787E-01  0.38638796E-01
 -0.38018216E-02 -0.10840353E-01  0.38767471E-01
 -0.38950919E-02 -0.10730966E-01  0.38853345E-01
 -0.39852826E-02 -0.10613771E-01  0.38896312E-01
 -0.40715930E-02 -0.10488933E-01  0.38896282E-01
 -0.41532729E-02 -0.10356633E-01  0.38853174E-01
 -0.42296243E-02 -0.10217056E-01  0.38766925E-01
 -0.43000025E-02 -0.10070391E-01  0.38637489E-01
 -0.43638173E-02 -0.99168271E-02  0.38464844E-01
 -0.44205345E-02 -0.97565490E-02  0.38248996E-01
 -0.44696767E-02 -0.95897403E-02  0.37989984E-01
 -0.45108234E-02 -0.94165823E-02  0.37687884E-01
 -0.45436113E-02 -0.92372555E-02  0.37342816E-01
 -0.45677327E-02 -0.90519404E-02  0.36954944E-01
 -0.45829349E-02 -0.88608196E-02  0.36524479E-01
 -0.45890172E-02 -0.86640791E-02  0.36051683E-01
 -0.45858283E-02 -0.84619090E-02  0.35536865E-01
 -0.45732630E-02 -0.82545048E-02  0.34980384E-01
 -0.45512586E-02 -0.80420673E-02  0.34382646E-01
 -0.45197904E-02 -0.78248026E-02  0.33744103E-01
 -0.44788681E-02 -0.76029216E-02  0.33065249E-01
 -0.44285315E-02 -0.73766387E-02  0.32346624E-01
 -0.43688469E-02 -0.71461706E-02  0.31588806E-01
 -0.42999041E-02 -0.69117346E-02  0.30792419E-01
 -0.42218133E-02 -0.66735470E-02  0.29958127E-01
 -0.41347036E-02 -0.64318210E-02  0.29086644E-01
 -0.40387210E-02 -0.61867652E-02  0.28178732E-01
 -0.39340283E-02 -0.59385818E-02  0.27235207E-01
 -0.38208048E-02 -0.56874655E-02  0.26256945E-01
 -0.36992470E-02 -0.54336023E-02  0.25244889E-01
 -0.35695691E-02 -0.51771686E-02  0.24200050E-01
 -0.34320046E-02 -0.49183314E-02  0.23123516E-01
 -0.32868074E-02 -0.46572479E-02  0.22016455E-01
 -0.31342526E-02 -0.43940661E-02  0.20880114E-01
 -0.29746382E-02 -0.41289258E-02  0.19715823E-01
 -0.28082847E-02 -0.38619591E-02  0.18524995E-01
 -0.26355363E-02 -0.35932923E-02  0.17309118E-01
 -0.24567595E-02 -0.33230469E-02  0.16069755E-01
 -0.22723432E-02 -0.30513409E-02  0.14808535E-01
 -0.20826966E-02 -0.27782908E-02  0.13527145E-01
 -0.18882478E-02 -0.25040122E-02  0.12227323E-01
 -0.16894416E-02 -0.22286213E-02  0.10910848E-01
 -0.14867373E-02 -0.19522360E-02  0.95795302E-02
 -0.12806059E-02 -0.16749759E-02  0.82352034E-02
 -0.10715284E-02 -0.13969630E-02  0.68797177E-02
 -0.85999273E-03 -0.11183218E-02  0.55149327E-02
 -0.64649235E-03 -0.83917895E-03  0.41427124E-02
 -0.43152397E-03 -0.55966256E-03  0.27649218E-02
 -0.21558625E-03 -0.27990186E-03  0.13834251E-02
  0.82156780E-06 -0.26282922E-07  0.84616251E-07
  
