 -0.44152238E-06  0.19166120E-05  0.54540061E-06
 -0.18049466E-03  0.88866704E-04 -0.41781057E-02
 -0.37059714E-03  0.17485690E-03 -0.81973029E-02
 -0.58087727E-03  0.26193531E-03 -0.11900299E-01
 -0.82197841E-03  0.35218185E-03 -0.15140960E-01
 -0.11044354E-02  0.44647641E-03 -0.17796485E-01
 -0.14365336E-02  0.54475202E-03 -0.19779607E-01
 -0.18214199E-02  0.64739506E-03 -0.21045213E-01
 -0.22553509E-02  0.75619897E-03 -0.21591365E-01
 -0.27284777E-02  0.87380404E-03 -0.21459108E-01
 -0.32275083E-02  0.10023085E-02 -0.20734531E-01
 -0.37377641E-02  0.11428036E-02 -0.19551251E-01
 -0.42426377E-02  0.12970085E-02 -0.18086817E-01
 -0.47223936E-02  0.14729955E-02 -0.16546543E-01
  0.35386992E-02 -0.57676801E-02 -0.63299618E-02
  0.33256171E-02 -0.56081845E-02 -0.54957581E-02
  0.31187779E-02 -0.53339102E-02 -0.51047113E-02
  0.29228930E-02 -0.49304686E-02 -0.50581720E-02
  0.27343182E-02 -0.43896041E-02 -0.50803963E-02
 -0.80207164E-02 -0.56762287E-02  0.58713546E-02
 -0.71416086E-02 -0.50423241E-02  0.70838194E-02
 -0.60420450E-02 -0.42598569E-02  0.73823015E-02
 -0.47402061E-02 -0.33388295E-02  0.66975430E-02
 -0.32667043E-02 -0.22996796E-02  0.50840401E-02
 -0.16669747E-02 -0.11735542E-02  0.27416780E-02
  0.41852604E-08 -0.65988498E-06 -0.17211776E-05
  0.16670816E-02  0.11729445E-02 -0.27443562E-02
  0.32669445E-02  0.23002027E-02 -0.50848502E-02
  0.47403367E-02  0.33391185E-02 -0.66963859E-02
  0.60417990E-02  0.42581675E-02 -0.73800461E-02
  0.71410130E-02  0.50385765E-02 -0.70817138E-02
  0.80200900E-02  0.56723506E-02 -0.58702891E-02
 -0.27344402E-02  0.43878764E-02  0.50801823E-02
 -0.29227328E-02  0.49311706E-02  0.50574139E-02
 -0.31183305E-02  0.53356808E-02  0.51042518E-02
 -0.33247677E-02  0.56095132E-02  0.54961131E-02
 -0.35372891E-02  0.57682770E-02  0.63310689E-02
  0.47246392E-02 -0.14723113E-02  0.16548024E-01
  0.42444662E-02 -0.12964690E-02  0.18087753E-01
  0.37381649E-02 -0.11431058E-02  0.19551630E-01
  0.32260254E-02 -0.10039198E-02  0.20734782E-01
  0.27257555E-02 -0.87588194E-03  0.21459743E-01
  0.22527812E-02 -0.75701240E-03  0.21592618E-01
  0.18201338E-02 -0.64610554E-03  0.21046928E-01
  0.14366103E-02 -0.54260397E-03  0.19781413E-01
  0.11050136E-02 -0.44581575E-03  0.17798070E-01
  0.82210295E-03 -0.35405626E-03  0.15142234E-01
  0.58024902E-03 -0.26477317E-03  0.11901365E-01
  0.36957721E-03 -0.17580407E-03  0.81983219E-02
  0.17951770E-03 -0.86600059E-04  0.41791670E-02
 -0.44152238E-06  0.19166120E-05  0.54540062E-06
 -0.87946193E-04  0.18236759E-03  0.50342863E-02
 -0.26971047E-03  0.27152956E-03  0.84565801E-03
 -0.45770661E-03  0.37357313E-03 -0.33647648E-02
 -0.66654368E-03  0.48788668E-03 -0.74331445E-02
 -0.90528503E-03  0.61109301E-03 -0.11200650E-01
 -0.11761128E-02  0.74156114E-03 -0.14523775E-01
 -0.14800998E-02  0.88123755E-03 -0.17283135E-01
 -0.18219995E-02  0.10315292E-02 -0.19390832E-01
 -0.22066494E-02  0.11877303E-02 -0.20799976E-01
 -0.26298939E-02  0.13394147E-02 -0.21517197E-01
 -0.30742925E-02  0.14780094E-02 -0.21612096E-01
 -0.35149003E-02  0.16041775E-02 -0.21215310E-01
 -0.39290743E-02  0.17277312E-02 -0.20503427E-01
  0.42177172E-02 -0.56459885E-02 -0.13771881E-01
  0.40075755E-02 -0.55539932E-02 -0.13162599E-01
  0.37731206E-02 -0.53736931E-02 -0.12908027E-01
  0.35293629E-02 -0.50945043E-02 -0.13127104E-01
  0.32870716E-02 -0.46984334E-02 -0.13776121E-01
  0.30442406E-02 -0.41650233E-02 -0.14538108E-01
 -0.10170878E-01 -0.63419819E-02  0.97782847E-02
 -0.94791961E-02 -0.59520454E-02  0.11984105E-01
 -0.85421837E-02 -0.54050877E-02  0.13174822E-01
 -0.73725230E-02 -0.46965942E-02  0.13279406E-01
 -0.60012365E-02 -0.38237515E-02  0.12344909E-01
 -0.44811220E-02 -0.27968366E-02  0.10559781E-01
 -0.28794851E-02 -0.16501653E-02  0.82239662E-02
 -0.12638104E-02 -0.44059969E-03  0.56828985E-02
  0.30949455E-03  0.76799745E-03  0.32635863E-02
  0.17968220E-02  0.19234826E-02  0.12351901E-02
  0.31624656E-02  0.29940140E-02 -0.21080690E-03
  0.43748477E-02  0.39625222E-02 -0.97474983E-03
  0.54079033E-02  0.48144438E-02 -0.10578147E-02
 -0.25113193E-02  0.45525105E-02 -0.41117554E-02
 -0.26367150E-02  0.51083840E-02 -0.43310471E-02
 -0.27709858E-02  0.55241666E-02 -0.42357771E-02
 -0.29200209E-02  0.58039006E-02 -0.36661676E-02
  0.55860853E-02 -0.12564803E-02  0.10712605E-01
  0.50645640E-02 -0.97463947E-03  0.12699491E-01
  0.45003291E-02 -0.76646313E-03  0.14882755E-01
  0.39240170E-02 -0.60512613E-03  0.17054685E-01
  0.33633002E-02 -0.47772095E-03  0.19001079E-01
  0.28304938E-02 -0.37418662E-03  0.20538896E-01
  0.23283132E-02 -0.28960934E-03  0.21528907E-01
  0.18617151E-02 -0.22319929E-03  0.21870598E-01
  0.14424547E-02 -0.17287636E-03  0.21494672E-01
  0.10818505E-02 -0.13116975E-03  0.20363973E-01
  0.78045173E-03 -0.87346119E-04  0.18481926E-01
  0.52630608E-03 -0.33731362E-04  0.15899103E-01
  0.30339864E-03  0.30666459E-04  0.12709930E-01
  0.10061736E-03  0.10301926E-03  0.90403454E-02
 -0.87946193E-04  0.18236759E-03  0.50342863E-02
 -0.17526502E-03  0.37215135E-03  0.99281879E-02
 -0.37277886E-03  0.45955761E-03  0.58921404E-02
 -0.57259452E-03  0.57389692E-03  0.16528440E-02
 -0.78440414E-03  0.71167683E-03 -0.26237527E-02
 -0.10167791E-02  0.86298768E-03 -0.67708566E-02
 -0.12753545E-02  0.10223422E-02 -0.10628852E-01
 -0.15613320E-02  0.11929925E-02 -0.14052401E-01
 -0.18716057E-02  0.13777270E-02 -0.16918876E-01
 -0.22006027E-02  0.15664511E-02 -0.19142413E-01
 -0.25420963E-02  0.17368124E-02 -0.20692645E-01
 -0.28885724E-02  0.18701264E-02 -0.21609178E-01
 -0.32275762E-02  0.19665957E-02 -0.22002159E-01
  0.48391609E-02 -0.55116723E-02 -0.18176777E-01
  0.46662472E-02 -0.54670966E-02 -0.18111065E-01
  0.44639685E-02 -0.53394004E-02 -0.18181389E-01
  0.42384820E-02 -0.51287941E-02 -0.18627051E-01
  0.39921194E-02 -0.48319567E-02 -0.19619199E-01
  0.37244791E-02 -0.44290766E-02 -0.21132696E-01
  0.34354379E-02 -0.38911544E-02 -0.22768867E-01
 -0.11536603E-01 -0.68123776E-02  0.13767083E-01
 -0.11033987E-01 -0.66713011E-02  0.17885339E-01
 -0.10296531E-01 -0.63701083E-02  0.21205172E-01
 -0.93532409E-02 -0.58887861E-02  0.23486525E-01
 -0.82333170E-02 -0.52001425E-02  0.24560951E-01
 -0.69601229E-02 -0.42937736E-02  0.24401423E-01
 -0.55587174E-02 -0.31998404E-02  0.23110896E-01
 -0.40685646E-02 -0.19879111E-02  0.20865380E-01
 -0.25477308E-02 -0.73866983E-03  0.17882772E-01
 -0.10625173E-02  0.48832570E-03  0.14439202E-01
  0.33041978E-03  0.16649883E-02  0.10883325E-01
  0.15958559E-02  0.27787932E-02  0.75885841E-02
  0.27182108E-02  0.38084006E-02  0.48470858E-02
  0.36969756E-02  0.46976370E-02  0.27796379E-02
 -0.24285931E-02  0.52154512E-02 -0.14233757E-01
 -0.24961950E-02  0.56462136E-02 -0.15130392E-01
  0.64270931E-02 -0.12636782E-02  0.38199534E-02
  0.58887396E-02 -0.74086875E-03  0.57737130E-02
  0.53196321E-02 -0.41079780E-03  0.82065205E-02
  0.47156045E-02 -0.17624087E-03  0.10936445E-01
  0.41030214E-02 -0.18596897E-04  0.13750472E-01
  0.35050978E-02  0.84663880E-04  0.16430243E-01
  0.29380168E-02  0.15514043E-03  0.18778379E-01
  0.24114855E-02  0.20247580E-03  0.20633400E-01
  0.19310351E-02  0.22520614E-03  0.21871528E-01
  0.14999285E-02  0.22351967E-03  0.22401847E-01
  0.11195099E-02  0.20944322E-03  0.22163572E-01
  0.78840761E-03  0.20273993E-03  0.21129716E-01
  0.50187288E-03  0.21732835E-03  0.19313909E-01
  0.25215503E-03  0.25377201E-03  0.16773223E-01
  0.29761760E-04  0.30579150E-03  0.13603225E-01
 -0.17526502E-03  0.37215135E-03  0.99281879E-02
 -0.26350881E-03  0.58164618E-03  0.14544482E-01
 -0.48849685E-03  0.66754659E-03  0.10820531E-01
 -0.71161502E-03  0.78519644E-03  0.67166889E-02
 -0.93201466E-03  0.93197711E-03  0.23958707E-02
 -0.11573051E-02  0.11029219E-02 -0.19716264E-02
 -0.14022782E-02  0.12918388E-02 -0.62140573E-02
 -0.16727725E-02  0.14911079E-02 -0.10166168E-01
 -0.19541339E-02  0.16900153E-02 -0.13680453E-01
 -0.22209052E-02  0.18741608E-02 -0.16642092E-01
 -0.24593622E-02  0.20282655E-02 -0.18985582E-01
 -0.26765941E-02  0.21411855E-02 -0.20708960E-01
  0.53708729E-02 -0.53918737E-02 -0.19430886E-01
  0.52519323E-02 -0.53669751E-02 -0.20218105E-01
  0.50870857E-02 -0.52876521E-02 -0.20861344E-01
  0.49036090E-02 -0.51367100E-02 -0.21646449E-01
  0.47084537E-02 -0.49024285E-02 -0.22873827E-01
  0.44837323E-02 -0.45747629E-02 -0.24760808E-01
  0.42090885E-02 -0.41394598E-02 -0.27286625E-01
 -0.12068639E-01 -0.68611034E-02  0.99217281E-02
 -0.11972299E-01 -0.71019429E-02  0.16412717E-01
 -0.11644115E-01 -0.71875429E-02  0.22812154E-01
 -0.11120243E-01 -0.70874791E-02  0.28728860E-01
 -0.10454187E-01 -0.67781565E-02  0.33624237E-01
 -0.96693084E-02 -0.62451008E-02  0.37010237E-01
 -0.87399003E-02 -0.54889437E-02  0.38597521E-01
 -0.76240221E-02 -0.45313462E-02  0.38300451E-01
 -0.63202803E-02 -0.34147829E-02  0.36161240E-01
 -0.48957182E-02 -0.21942220E-02  0.32321453E-01
 -0.34585062E-02 -0.92520903E-03  0.27082247E-01
 -0.21004709E-02  0.34457338E-03  0.20961939E-01
 -0.85989078E-03  0.15761135E-02  0.14631917E-01
  0.26948035E-03  0.27306466E-02  0.87217903E-02
  0.13164790E-02  0.37128075E-02  0.36188065E-02
 -0.23040801E-02  0.52415967E-02 -0.26029124E-01
  0.75593920E-02 -0.27981454E-02 -0.35008126E-02
  0.66377344E-02 -0.71380830E-03 -0.22473890E-02
  0.60802155E-02 -0.18981174E-03  0.30613275E-05
  0.54950714E-02  0.17353158E-03  0.28963546E-02
  0.48913000E-02  0.42669097E-03  0.61760524E-02
  0.42744818E-02  0.58972288E-03  0.96249971E-02
  0.36549225E-02  0.68100541E-03  0.13033393E-01
  0.30574551E-02  0.71757362E-03  0.16194154E-01
  0.25110403E-02  0.71369408E-03  0.18918295E-01
  0.20284716E-02  0.68128055E-03  0.21053817E-01
  0.15993472E-02  0.63193549E-03  0.22492719E-01
  0.12047078E-02  0.57827889E-03  0.23164077E-01
  0.83720931E-03  0.53286341E-03  0.23024292E-01
  0.50498969E-03  0.50566587E-03  0.22055864E-01
  0.21671020E-03  0.50275242E-03  0.20274998E-01
 -0.33444175E-04  0.52732515E-03  0.17738828E-01
 -0.26350881E-03  0.58164618E-03  0.14544482E-01
 -0.35388942E-03  0.82203305E-03  0.18752558E-01
 -0.61252564E-03  0.90510200E-03  0.15494682E-01
 -0.86408890E-03  0.10164094E-02  0.11690026E-01
 -0.11040479E-02  0.11565353E-02  0.74925136E-02
 -0.13355474E-02  0.13340493E-02  0.30712374E-02
 -0.15694177E-02  0.15450046E-02 -0.13950306E-02
 -0.18085614E-02  0.17627261E-02 -0.57275683E-02
 -0.20362894E-02  0.19527112E-02 -0.97613543E-02
 -0.22257919E-02  0.20973925E-02 -0.13359215E-01
 -0.23623960E-02  0.22023014E-02 -0.16424363E-01
  0.57038727E-02 -0.53907088E-02 -0.17440672E-01
  0.56905122E-02 -0.53300421E-02 -0.19380273E-01
  0.56109938E-02 -0.52389664E-02 -0.20934816E-01
  0.54857221E-02 -0.51220264E-02 -0.22342754E-01
  0.53405519E-02 -0.49568705E-02 -0.23946795E-01
  0.51782241E-02 -0.47044397E-02 -0.26132873E-01
  0.49742684E-02 -0.43360340E-02 -0.29223249E-01
  0.47024780E-02 -0.38462351E-02 -0.33322164E-01
 -0.11505537E-01 -0.67926349E-02  0.72586648E-02
 -0.11531660E-01 -0.72312307E-02  0.14339492E-01
 -0.11365674E-01 -0.75007789E-02  0.21462797E-01
 -0.11044137E-01 -0.75405472E-02  0.28087915E-01
 -0.10616342E-01 -0.73359774E-02  0.33543523E-01
 -0.10096438E-01 -0.69180674E-02  0.37297733E-01
 -0.94452039E-02 -0.63254012E-02  0.39116516E-01
 -0.86051111E-02 -0.55669767E-02  0.39003418E-01
 -0.75603429E-02 -0.46242634E-02  0.37030288E-01
 -0.63672388E-02 -0.34908394E-02  0.33257811E-01
 -0.51274672E-02 -0.22090380E-02  0.27823193E-01
 -0.39291973E-02 -0.86582851E-03  0.21079529E-01
 -0.28079030E-02  0.44781919E-03  0.13609592E-01
 -0.17530818E-02  0.16670481E-02  0.60605318E-02
 -0.71476985E-03  0.26230095E-02 -0.10787000E-02
  0.10059730E-01 -0.28240466E-02  0.23819711E-01
  0.73543776E-02 -0.13030690E-02 -0.11468333E-01
  0.67456131E-02 -0.17016007E-03 -0.10010063E-01
  0.61856630E-02  0.37403647E-03 -0.71777194E-02
  0.56064679E-02  0.75082092E-03 -0.35754710E-02
  0.50152446E-02  0.10170179E-02  0.43989130E-03
  0.44102471E-02  0.11977403E-02  0.46365251E-02
  0.37975626E-02  0.12932934E-02  0.88220043E-02
  0.32019443E-02  0.13007860E-02  0.12803077E-01
  0.26537430E-02  0.12382183E-02  0.16388986E-01
  0.21652780E-02  0.11440836E-02  0.19416302E-01
  0.17231520E-02  0.10531514E-02  0.21765905E-01
  0.13054092E-02  0.97605550E-03  0.23358441E-01
  0.90472304E-03  0.90494470E-03  0.24138303E-01
  0.53279279E-03  0.83696144E-03  0.24065375E-01
  0.20309736E-03  0.78763549E-03  0.23122547E-01
 -0.86838669E-04  0.77965598E-03  0.21330027E-01
 -0.35388942E-03  0.82203305E-03  0.18752558E-01
 -0.44745246E-03  0.11041626E-02  0.22439752E-01
 -0.74293339E-03  0.11750325E-02  0.19791564E-01
 -0.10240252E-02  0.12739497E-02  0.16444560E-01
 -0.12939301E-02  0.14008655E-02  0.12536462E-01
 -0.15475334E-02  0.15677696E-02  0.82309789E-02
 -0.17725375E-02  0.17700056E-02  0.37084171E-02
 -0.19569067E-02  0.19724466E-02 -0.84660297E-03
 -0.20953800E-02  0.21309652E-02 -0.52578231E-02
 -0.21877021E-02  0.22264427E-02 -0.93687961E-02
  0.58474058E-02 -0.54778116E-02 -0.12292671E-01
  0.58993614E-02 -0.54241164E-02 -0.15453943E-01
  0.59172601E-02 -0.53114385E-02 -0.18157003E-01
  0.59042995E-02 -0.51670138E-02 -0.20513044E-01
  0.58584831E-02 -0.50080479E-02 -0.22778473E-01
  0.57725786E-02 -0.48116539E-02 -0.25350903E-01
  0.56372645E-02 -0.45262644E-02 -0.28730173E-01
  0.54431249E-02 -0.41117277E-02 -0.33448319E-01
 -0.10020287E-01 -0.59740880E-02 -0.54349325E-02
 -0.10275719E-01 -0.66422057E-02  0.34659082E-03
 -0.10399894E-01 -0.72247364E-02  0.61121974E-02
 -0.10390462E-01 -0.76339232E-02  0.11481928E-01
 -0.10248202E-01 -0.77954839E-02  0.15934108E-01
 -0.99743018E-02 -0.76999215E-02  0.19015648E-01
 -0.95720812E-02 -0.73993068E-02  0.20581579E-01
 -0.90494892E-02 -0.69477849E-02  0.20843227E-01
 -0.84187744E-02 -0.63443617E-02  0.20161088E-01
 -0.76940540E-02 -0.55374185E-02  0.18747285E-01
 -0.68903889E-02 -0.44886772E-02  0.16520753E-01
 -0.60257974E-02 -0.32337540E-02  0.13214719E-01
 -0.51229604E-02 -0.18799488E-02  0.86172191E-02
 -0.42058408E-02 -0.54617919E-03  0.27368484E-02
 -0.32892964E-02  0.68271519E-03 -0.42103598E-02
  0.80393529E-02 -0.47281289E-02  0.23108375E-01
  0.84628596E-02 -0.32292674E-02  0.21815004E-01
  0.87761677E-02 -0.18189392E-02  0.20664635E-01
  0.67517424E-02  0.35883158E-03 -0.20187677E-01
  0.62227730E-02  0.92555409E-03 -0.16262221E-01
  0.56634189E-02  0.13179096E-02 -0.11522308E-01
  0.50812435E-02  0.15968719E-02 -0.64360383E-02
  0.44939921E-02  0.17881724E-02 -0.12679702E-02
  0.39200208E-02  0.18823753E-02  0.38052681E-02
  0.33695708E-02  0.18678664E-02  0.86326684E-02
  0.28435214E-02  0.17662712E-02  0.13068042E-01
  0.23394237E-02  0.16301677E-02  0.16974852E-01
  0.18576572E-02  0.15058605E-02  0.20236632E-01
  0.14019424E-02  0.14032244E-02  0.22760015E-01
  0.97557245E-03  0.13051238E-02  0.24471045E-01
  0.57887157E-03  0.12030916E-02  0.25313176E-01
  0.21037660E-03  0.11173853E-02  0.25251932E-01
 -0.13115892E-03  0.10801393E-02  0.24283288E-01
 -0.44745246E-03  0.11041626E-02  0.22439752E-01
 -0.54530537E-03  0.14362140E-02  0.25522063E-01
 -0.88245827E-03  0.14787216E-02  0.23608335E-01
 -0.11950930E-02  0.15596570E-02  0.20865934E-01
 -0.14941776E-02  0.16715032E-02  0.17408293E-01
 -0.17665602E-02  0.18075436E-02  0.13388984E-01
 -0.19764235E-02  0.19551867E-02  0.89842017E-02
 -0.20964724E-02  0.20931632E-02  0.43761795E-02
 -0.21334170E-02  0.21972736E-02 -0.25529940E-03
  0.58793169E-02 -0.55803244E-02 -0.45150514E-02
  0.59745231E-02 -0.55432310E-02 -0.86543778E-02
  0.60299699E-02 -0.54648974E-02 -0.12443720E-01
  0.60809275E-02 -0.53431322E-02 -0.15860078E-01
  0.61412028E-02 -0.51810201E-02 -0.19013488E-01
  0.61836349E-02 -0.49767303E-02 -0.22172706E-01
  0.61644805E-02 -0.47142383E-02 -0.25780382E-01
  0.60624222E-02 -0.43651287E-02 -0.30464942E-01
 -0.79772292E-02 -0.49019274E-02 -0.16926372E-01
 -0.83259605E-02 -0.56933086E-02 -0.12801130E-01
 -0.85966531E-02 -0.64457834E-02 -0.87460426E-02
 -0.88009188E-02 -0.71103839E-02 -0.51440234E-02
 -0.89344533E-02 -0.76263848E-02 -0.24166203E-02
 -0.89531540E-02 -0.79422287E-02 -0.91132957E-03
 -0.88020573E-02 -0.80331882E-02 -0.71271025E-03
 -0.84743018E-02 -0.78992624E-02 -0.15209583E-02
 -0.80371361E-02 -0.75461843E-02 -0.27420000E-02
 -0.75897168E-02 -0.69702860E-02 -0.37858523E-02
 -0.71867041E-02 -0.61646132E-02 -0.43987550E-02
 -0.67991621E-02 -0.51417540E-02 -0.48173597E-02
 -0.63490326E-02 -0.39508934E-02 -0.56643194E-02
 -0.57813012E-02 -0.26712369E-02 -0.76843969E-02
 -0.51034210E-02 -0.13876967E-02 -0.11496934E-01
  0.65012607E-02 -0.67976878E-02  0.16993761E-01
  0.68431274E-02 -0.51200143E-02  0.17664526E-01
  0.71119757E-02 -0.35180241E-02  0.17709688E-01
  0.73437934E-02 -0.20297484E-02  0.17288954E-01
  0.75420878E-02 -0.68841796E-03  0.16608111E-01
  0.61802098E-02  0.14442314E-02 -0.27568041E-01
  0.56581551E-02  0.18727827E-02 -0.21165246E-01
  0.50994199E-02  0.21673737E-02 -0.14601705E-01
  0.45447561E-02  0.23454200E-02 -0.81738038E-02
  0.40260665E-02  0.24146205E-02 -0.20404603E-02
  0.35358929E-02  0.23866024E-02  0.37073813E-02
  0.30409804E-02  0.22867144E-02  0.90042821E-02
  0.25227609E-02  0.21491678E-02  0.13779890E-01
  0.19987748E-02  0.20022476E-02  0.17944402E-01
  0.15032734E-02  0.18589227E-02  0.21394545E-01
  0.10521309E-02  0.17219399E-02  0.24033948E-01
  0.63225985E-03  0.15967057E-02  0.25792491E-01
  0.22400755E-03  0.14975478E-02  0.26632081E-01
 -0.17365310E-03  0.14412811E-02  0.26539917E-01
 -0.54530537E-03  0.14362140E-02  0.25522063E-01
 -0.64897902E-03  0.18210577E-02  0.27949254E-01
 -0.10336932E-02  0.18208609E-02  0.26867912E-01
 -0.13810374E-02  0.18705019E-02  0.24860332E-01
 -0.16945961E-02  0.19537967E-02  0.22008429E-01
 -0.19581257E-02  0.20364928E-02  0.18446890E-01
 -0.21364576E-02  0.20949545E-02  0.14339368E-01
 -0.22022033E-02  0.21311886E-02  0.98575547E-02
  0.57498191E-02 -0.57545438E-02  0.49726762E-02
  0.59079449E-02 -0.57061891E-02  0.35301120E-03
  0.60289587E-02 -0.56210838E-02 -0.41841137E-02
  0.61244991E-02 -0.55296971E-02 -0.84948829E-02
  0.62242797E-02 -0.54261761E-02 -0.12538235E-01
  0.63373638E-02 -0.52700995E-02 -0.16413673E-01
  0.64346640E-02 -0.50227952E-02 -0.20389743E-01
  0.64721901E-02 -0.46769162E-02 -0.24942832E-01
 -0.58012844E-02 -0.37487207E-02 -0.24615949E-01
 -0.61109350E-02 -0.45896961E-02 -0.22133581E-01
 -0.64046339E-02 -0.54326582E-02 -0.19343514E-01
 -0.66773528E-02 -0.62197286E-02 -0.16542442E-01
 -0.69390985E-02 -0.69123410E-02 -0.14059693E-01
 -0.71796869E-02 -0.75040945E-02 -0.12192911E-01
 -0.73484701E-02 -0.79864249E-02 -0.11119823E-01
 -0.73841058E-02 -0.83052601E-02 -0.10815826E-01
 -0.72725387E-02 -0.83636913E-02 -0.11040074E-01
 -0.70726530E-02 -0.80804560E-02 -0.11434367E-01
 -0.68752399E-02 -0.74532074E-02 -0.11708049E-01
 -0.67279508E-02 -0.65653971E-02 -0.11816154E-01
 -0.65960101E-02 -0.55293697E-02 -0.12037947E-01
 -0.63947811E-02 -0.44204391E-02 -0.12930340E-01
 -0.60598973E-02 -0.32624371E-02 -0.15206044E-01
  0.54894867E-02 -0.89148227E-02  0.98462614E-02
  0.56764646E-02 -0.71130902E-02  0.11863927E-01
  0.58295867E-02 -0.53440062E-02  0.13110489E-01
  0.59648900E-02 -0.36900677E-02  0.13609278E-01
  0.61076015E-02 -0.21844876E-02  0.13508910E-01
  0.62548198E-02 -0.81924833E-03  0.13060812E-01
  0.63725724E-02  0.41523441E-03  0.12550644E-01
  0.55750742E-02  0.23905340E-02 -0.32858989E-01
  0.50838579E-02  0.27009615E-02 -0.24309331E-01
  0.45922654E-02  0.28540543E-02 -0.16261653E-01
  0.41242361E-02  0.28900924E-02 -0.88168613E-02
  0.36685185E-02  0.28604533E-02 -0.19898790E-02
  0.31920298E-02  0.27924366E-02  0.42444528E-02
  0.26778019E-02  0.26829941E-02  0.99014058E-02
  0.21443304E-02  0.25261296E-02  0.14946881E-01
  0.16264342E-02  0.23401531E-02  0.19294829E-01
  0.11416093E-02  0.21634423E-02  0.22842181E-01
  0.67966558E-03  0.20256679E-02  0.25510532E-01
  0.22376513E-03  0.19293181E-02  0.27261024E-01
 -0.22514001E-03  0.18618593E-02  0.28078141E-01
 -0.64897902E-03  0.18210577E-02  0.27949254E-01
 -0.76037397E-03  0.22548482E-02  0.29703704E-01
 -0.11923673E-02  0.22060224E-02  0.29526151E-01
 -0.15721988E-02  0.22004098E-02  0.28365914E-01
 -0.18809804E-02  0.22215077E-02  0.26269052E-01
 -0.21045360E-02  0.22267978E-02  0.23337481E-01
 -0.22330455E-02  0.21879688E-02  0.19708745E-01
  0.55733447E-02 -0.58816242E-02  0.14946779E-01
  0.56998270E-02 -0.59121890E-02  0.10540866E-01
  0.58474276E-02 -0.58537986E-02  0.58364573E-02
  0.60138511E-02 -0.57533646E-02  0.10451145E-02
  0.61867255E-02 -0.56565123E-02 -0.36670828E-02
  0.63491290E-02 -0.55560239E-02 -0.82302300E-02
  0.64887684E-02 -0.53931884E-02 -0.12715930E-01
  0.66008687E-02 -0.51124557E-02 -0.17379793E-01
 -0.38772863E-02 -0.27165413E-02 -0.27701968E-01
 -0.40267472E-02 -0.35204870E-02 -0.26982914E-01
 -0.42065557E-02 -0.43589709E-02 -0.25684291E-01
 -0.44319776E-02 -0.51941190E-02 -0.23790575E-01
 -0.46977275E-02 -0.59642911E-02 -0.21314228E-01
 -0.49867364E-02 -0.66447748E-02 -0.18284081E-01
 -0.52853015E-02 -0.72599055E-02 -0.14766316E-01
 -0.55894504E-02 -0.78223204E-02 -0.10912601E-01
 -0.58958218E-02 -0.82628577E-02 -0.70027326E-02
 -0.61866497E-02 -0.84374685E-02 -0.34437102E-02
 -0.64257131E-02 -0.82226514E-02 -0.70916830E-03
 -0.65722267E-02 -0.76148871E-02  0.76065496E-03
 -0.66020317E-02 -0.67372764E-02  0.64966007E-03
 -0.65176064E-02 -0.57456753E-02 -0.12048908E-02
 -0.63380300E-02 -0.47253627E-02 -0.48718092E-02
  0.49791448E-02 -0.10799209E-01  0.11208258E-01
  0.49382813E-02 -0.90465316E-02  0.10916874E-01
  0.49094954E-02 -0.72173923E-02  0.10638304E-01
  0.49119109E-02 -0.54227495E-02  0.10387263E-01
  0.49483820E-02 -0.37635512E-02  0.10099132E-01
  0.50093753E-02 -0.22705480E-02  0.97254665E-02
  0.50847105E-02 -0.91623578E-03  0.93009108E-02
  0.51708281E-02  0.32339432E-03  0.89370508E-02
  0.54117813E-02  0.28299960E-02 -0.47465164E-01
  0.50316390E-02  0.31510363E-02 -0.36093539E-01
  0.46313055E-02  0.33016148E-02 -0.25874109E-01
  0.42030966E-02  0.33361020E-02 -0.16731342E-01
  0.37489181E-02  0.33211775E-02 -0.85528606E-02
  0.32751024E-02  0.32818942E-02 -0.12156638E-02
  0.27856148E-02  0.31965656E-02  0.53852774E-02
  0.22805664E-02  0.30434981E-02  0.11298710E-01
  0.17609113E-02  0.28438066E-02  0.16500984E-01
  0.12332494E-02  0.26521318E-02  0.20921298E-01
  0.70882311E-03  0.25089235E-02  0.24488120E-01
  0.19790634E-03  0.24105871E-02  0.27157266E-01
 -0.29350426E-03  0.23293416E-02  0.28904421E-01
 -0.76037397E-03  0.22548482E-02  0.29703704E-01
 -0.88121565E-03  0.27278518E-02  0.30797214E-01
 -0.13473162E-02  0.26297220E-02  0.31581014E-01
 -0.17455398E-02  0.25424188E-02  0.31367545E-01
 -0.20374369E-02  0.24599428E-02  0.30165931E-01
 -0.22108777E-02  0.23626977E-02  0.28032138E-01
  0.54687194E-02 -0.58493870E-02  0.24067625E-01
  0.55353403E-02 -0.59772590E-02  0.20633014E-01
  0.56135993E-02 -0.60333263E-02  0.16500866E-01
  0.57453319E-02 -0.60205405E-02  0.11882665E-01
  0.59485374E-02 -0.59574727E-02  0.69893190E-02
  0.61886210E-02 -0.58610005E-02  0.20010163E-02
  0.64049038E-02 -0.57258009E-02 -0.29834225E-02
  0.65656656E-02 -0.55234976E-02 -0.80040031E-02
 -0.22649749E-02 -0.18037858E-02 -0.26586040E-01
 -0.23013986E-02 -0.26233119E-02 -0.27430847E-01
 -0.23225842E-02 -0.34249212E-02 -0.27910950E-01
 -0.23900614E-02 -0.42144936E-02 -0.27789615E-01
 -0.25510587E-02 -0.49761438E-02 -0.26784090E-01
 -0.27976906E-02 -0.56828646E-02 -0.24573955E-01
 -0.30886257E-02 -0.63179455E-02 -0.20875538E-01
 -0.34139480E-02 -0.68785900E-02 -0.15585945E-01
 -0.38259174E-02 -0.73526164E-02 -0.89456497E-02
 -0.43867209E-02 -0.76929734E-02 -0.16265566E-02
 -0.50756608E-02 -0.78237046E-02  0.53367361E-02
 -0.57536546E-02 -0.76813445E-02  0.10782045E-01
 -0.62358542E-02 -0.72574423E-02  0.13735278E-01
 -0.64163877E-02 -0.66031000E-02  0.13665578E-01
 -0.63329757E-02 -0.57925432E-02  0.10560847E-01
  0.47792061E-02 -0.12260820E-01  0.18326163E-01
  0.45838254E-02 -0.10620973E-01  0.14911296E-01
  0.43458126E-02 -0.88833484E-02  0.11513494E-01
  0.41396074E-02 -0.71086669E-02  0.87307401E-02
  0.40205616E-02 -0.53786554E-02  0.68058467E-02
  0.39810805E-02 -0.37638908E-02  0.56742789E-02
  0.39809980E-02 -0.22962729E-02  0.51056915E-02
  0.40048213E-02 -0.97248688E-03  0.48641731E-02
  0.40760462E-02  0.22037587E-03  0.48135886E-02
  0.42159221E-02  0.12877605E-02  0.49286813E-02
  0.49193806E-02  0.34919772E-02 -0.50903382E-01
  0.46116444E-02  0.36827923E-02 -0.37555333E-01
  0.42256686E-02  0.37694276E-02 -0.26096840E-01
  0.37771960E-02  0.37873302E-02 -0.16157876E-01
  0.33110765E-02  0.37549588E-02 -0.74603736E-02
  0.28508562E-02  0.36716655E-02  0.21510718E-03
  0.23778746E-02  0.35372014E-02  0.70285689E-02
  0.18598082E-02  0.33696641E-02  0.13062200E-01
  0.12927997E-02  0.32011869E-02  0.18321622E-01
  0.70939425E-03  0.30563939E-02  0.22767595E-01
  0.14729160E-03  0.29375156E-02  0.26353734E-01
 -0.38085710E-03  0.28312898E-02  0.29042163E-01
 -0.88121565E-03  0.27278518E-02  0.30797214E-01
 -0.10125904E-02  0.32268514E-02  0.31269665E-01
 -0.14887448E-02  0.30741670E-02  0.33077464E-01
 -0.18810842E-02  0.28884562E-02  0.33905450E-01
 -0.21516599E-02  0.26756947E-02  0.33725906E-01
  0.53795181E-02 -0.57072018E-02  0.31079438E-01
  0.54141132E-02 -0.59031077E-02  0.29336535E-01
  0.54561121E-02 -0.60340543E-02  0.26537210E-01
  0.55213967E-02 -0.61295438E-02  0.22862362E-01
  0.56475631E-02 -0.61936841E-02  0.18502280E-01
  0.58506913E-02 -0.61979942E-02  0.13658268E-01
  0.60992503E-02 -0.61106026E-02  0.85145343E-02
  0.63377354E-02 -0.59290263E-02  0.31818380E-02
 -0.91168345E-03 -0.92296319E-03 -0.22254907E-01
 -0.86852399E-03 -0.18006812E-02 -0.24004236E-01
 -0.80353874E-03 -0.26469112E-02 -0.25936229E-01
 -0.74247498E-03 -0.34313732E-02 -0.27771206E-01
 -0.74285409E-03 -0.41390852E-02 -0.29172041E-01
 -0.85095922E-03 -0.47873990E-02 -0.29734002E-01
 -0.10647176E-02 -0.53977485E-02 -0.29031426E-01
 -0.13526182E-02 -0.59520765E-02 -0.26732243E-01
 -0.17123249E-02 -0.63880063E-02 -0.22748560E-01
 -0.21974387E-02 -0.66476147E-02 -0.17355970E-01
 -0.28662807E-02 -0.67325367E-02 -0.11209202E-01
 -0.36926651E-02 -0.67036258E-02 -0.52200610E-02
 -0.45319389E-02 -0.66178000E-02 -0.33168257E-03
 -0.51913420E-02 -0.64627098E-02  0.27201286E-02
 -0.55515400E-02 -0.61576613E-02  0.35613316E-02
  0.50737439E-02 -0.13183832E-01  0.90242032E-02
  0.46076666E-02 -0.11740682E-01  0.73571791E-02
  0.41499300E-02 -0.10124635E-01  0.48886653E-02
  0.37103149E-02 -0.84569722E-02  0.23179414E-02
  0.33525357E-02 -0.68170058E-02  0.21992184E-03
  0.31219247E-02 -0.52317554E-02 -0.10797455E-02
  0.30077756E-02 -0.37141993E-02 -0.15475012E-02
  0.29715100E-02 -0.22968831E-02 -0.13799439E-02
  0.29956756E-02 -0.10213260E-02 -0.85903905E-03
  0.30927994E-02  0.10017194E-03 -0.19770143E-03
  0.32679847E-02  0.11016424E-02  0.53565800E-03
  0.34855489E-02  0.20373527E-02  0.13738748E-02
  0.44810598E-02  0.39999627E-02 -0.52092104E-01
  0.41538462E-02  0.41696140E-02 -0.37337871E-01
  0.37541980E-02  0.42356175E-02 -0.25050007E-01
  0.33213728E-02  0.42081832E-02 -0.14641907E-01
  0.28759871E-02  0.41258617E-02 -0.56883513E-02
  0.24015322E-02  0.40260093E-02  0.21310641E-02
  0.18705118E-02  0.39196804E-02  0.90324896E-02
  0.12823585E-02  0.37973715E-02  0.15121971E-01
  0.67048303E-03  0.36546069E-02  0.20418694E-01
  0.74394533E-04  0.35045323E-02  0.24898856E-01
 -0.48737809E-03  0.33630272E-02  0.28528377E-01
 -0.10125904E-02  0.32268514E-02  0.31269665E-01
 -0.11552626E-02  0.37369870E-02  0.31188381E-01
 -0.16165931E-02  0.35140650E-02  0.34100007E-01
 -0.19780855E-02  0.32257646E-02  0.36068147E-01
  0.53797973E-02 -0.53746525E-02  0.34944994E-01
  0.53185766E-02 -0.56953909E-02  0.35483512E-01
  0.53007073E-02 -0.59227835E-02  0.34708614E-01
  0.53333595E-02 -0.60866921E-02  0.32753789E-01
  0.54171150E-02 -0.62303799E-02  0.29738748E-01
  0.55467378E-02 -0.63562447E-02  0.25810380E-01
  0.57152181E-02 -0.64138890E-02  0.21158133E-01
  0.59168446E-02 -0.63489675E-02  0.15970462E-01
  0.88906659E-04 -0.94074462E-04 -0.16342380E-01
  0.23426013E-03 -0.10331020E-02 -0.17810774E-01
  0.40531899E-03 -0.19238691E-02 -0.20197720E-01
  0.56009928E-03 -0.27583365E-02 -0.23232197E-01
  0.66673316E-03 -0.34938672E-02 -0.26580869E-01
  0.70096561E-03 -0.41120577E-02 -0.29877543E-01
  0.64169067E-03 -0.46475677E-02 -0.32782675E-01
  0.46999611E-03 -0.51434320E-02 -0.35055288E-01
  0.17346561E-03 -0.55809175E-02 -0.36600189E-01
 -0.24764910E-03 -0.58736769E-02 -0.37461311E-01
 -0.77777174E-03 -0.59510155E-02 -0.37757987E-01
 -0.13892188E-02 -0.58495637E-02 -0.37589775E-01
 -0.20482490E-02 -0.57072647E-02 -0.36956955E-01
 -0.27183211E-02 -0.56473081E-02 -0.35746537E-01
 -0.33581484E-02 -0.56585308E-02 -0.33803865E-01
  0.66621657E-02 -0.13270773E-01 -0.28847958E-01
  0.55602834E-02 -0.12227942E-01 -0.25974752E-01
  0.45619229E-02 -0.10897433E-01 -0.22961317E-01
  0.37195659E-02 -0.93956393E-02 -0.20132825E-01
  0.30526367E-02 -0.78742310E-02 -0.17660489E-01
  0.25557366E-02 -0.64133129E-02 -0.15509090E-01
  0.22154390E-02 -0.50063729E-02 -0.13522431E-01
  0.20220138E-02 -0.36313836E-02 -0.11570744E-01
  0.19672203E-02 -0.23138524E-02 -0.96380860E-02
  0.20329595E-02 -0.11116676E-02 -0.77870477E-02
  0.21848234E-02 -0.49727173E-04 -0.60525957E-02
  0.23796126E-02  0.91228529E-03 -0.43812326E-02
  0.25813552E-02  0.18413388E-02 -0.26824012E-02
  0.27712710E-02  0.27697163E-02 -0.94364046E-03
  0.39771302E-02  0.44968130E-02 -0.51053189E-01
  0.36615486E-02  0.46210935E-02 -0.35546937E-01
  0.32813213E-02  0.46355293E-02 -0.22945613E-01
  0.28343573E-02  0.45925827E-02 -0.12430010E-01
  0.23269159E-02  0.45431256E-02 -0.34198386E-02
  0.17718649E-02  0.44923283E-02  0.44601265E-02
  0.11839433E-02  0.44094010E-02  0.11413134E-01
  0.57759339E-03  0.42740200E-02  0.17532196E-01
 -0.30396947E-04  0.41021182E-02  0.22861687E-01
 -0.61730524E-03  0.39225740E-02  0.27420301E-01
 -0.11552626E-02  0.37369870E-02  0.31188381E-01
 -0.13110831E-02  0.42412214E-02  0.30642392E-01
 -0.17404295E-02  0.39263233E-02  0.34751853E-01
  0.54985107E-02 -0.48431336E-02  0.34993116E-01
  0.53551931E-02 -0.52566764E-02  0.38199119E-01
  0.52278029E-02 -0.56165480E-02  0.39932527E-01
  0.51561230E-02 -0.59107222E-02  0.40343686E-01
  0.51706495E-02 -0.61482508E-02  0.39486885E-01
  0.52604737E-02 -0.63445931E-02  0.37368880E-01
  0.53838399E-02 -0.64960958E-02  0.34058692E-01
  0.55133561E-02 -0.65737793E-02  0.29738611E-01
  0.91773053E-03  0.90896805E-03 -0.11399198E-01
  0.10271410E-02 -0.23866492E-03 -0.11105883E-01
  0.12465164E-02 -0.12524998E-02 -0.12372707E-01
  0.15028144E-02 -0.21471517E-02 -0.15105161E-01
  0.17203936E-02 -0.29282591E-02 -0.19038784E-01
  0.18647800E-02 -0.35889207E-02 -0.23766398E-01
  0.19392058E-02 -0.41301970E-02 -0.28879042E-01
  0.19374070E-02 -0.45736101E-02 -0.34140649E-01
  0.18120990E-02 -0.49435128E-02 -0.39559301E-01
  0.15073584E-02 -0.52373122E-02 -0.45285581E-01
  0.10290456E-02 -0.54230113E-02 -0.51394917E-01
  0.47188577E-03 -0.54768035E-02 -0.57681299E-01
 -0.44482471E-04 -0.54250877E-02 -0.63563921E-01
 -0.48089332E-03 -0.53410917E-02 -0.68140251E-01
 -0.91856729E-03 -0.52883542E-02 -0.70370666E-01
 -0.14799383E-02 -0.52609724E-02 -0.69349548E-01
  0.75703059E-02 -0.12124712E-01 -0.66931373E-01
  0.59541357E-02 -0.11072102E-01 -0.61430150E-01
  0.44528726E-02 -0.98670301E-02 -0.54201018E-01
  0.32454188E-02 -0.85666219E-02 -0.46387257E-01
  0.23667324E-02 -0.72512833E-02 -0.38941162E-01
  0.17467555E-02 -0.59709607E-02 -0.32382469E-01
  0.13140559E-02 -0.47319197E-02 -0.26824821E-01
  0.10558216E-02 -0.35261876E-02 -0.22173214E-01
  0.98801735E-03 -0.23619110E-02 -0.18292184E-01
  0.10895719E-02 -0.12610672E-02 -0.15031205E-01
  0.12839555E-02 -0.23431089E-03 -0.12173489E-01
  0.14876959E-02  0.73249840E-03 -0.94556194E-02
  0.16677577E-02  0.16649828E-02 -0.67043938E-02
  0.18442867E-02  0.25801178E-02 -0.39735398E-02
  0.20403400E-02  0.34861931E-02 -0.15306366E-02
  0.34633143E-02  0.49271223E-02 -0.48079074E-01
  0.31245029E-02  0.50344758E-02 -0.32565828E-01
  0.26755183E-02  0.50826824E-02 -0.20092804E-01
  0.21434852E-02  0.50957642E-02 -0.96410132E-02
  0.15759686E-02  0.50771595E-02 -0.61649829E-03
  0.99989873E-03  0.50122572E-02  0.72748265E-02
  0.41244805E-03  0.48895337E-02  0.14203617E-01
 -0.18967862E-03  0.47140359E-02  0.20332630E-01
 -0.78063296E-03  0.44979605E-02  0.25801532E-01
 -0.13110831E-02  0.42412214E-02  0.30642392E-01
 -0.14872264E-02  0.47188565E-02  0.29726102E-01
  0.56297869E-02 -0.42223949E-02  0.30788156E-01
  0.54533241E-02 -0.46716341E-02  0.36948540E-01
  0.52759584E-02 -0.50924224E-02  0.41483596E-01
  0.51115041E-02 -0.54911851E-02  0.44618351E-01
  0.49979317E-02 -0.58648469E-02  0.46492913E-01
  0.49668411E-02 -0.61911895E-02  0.47049917E-01
  0.50133086E-02 -0.64427353E-02  0.46121959E-01
  0.51033126E-02 -0.66085898E-02  0.43659811E-01
  0.17986705E-02  0.22631736E-02 -0.98274368E-02
  0.17951785E-02  0.86680017E-03 -0.68062373E-02
  0.19178757E-02 -0.40870978E-03 -0.55018040E-02
  0.21407912E-02 -0.15083003E-02 -0.61118716E-02
  0.24031662E-02 -0.24095799E-02 -0.87191931E-02
  0.26436905E-02 -0.31349969E-02 -0.13094442E-01
  0.28346719E-02 -0.37264408E-02 -0.18703818E-01
  0.29734821E-02 -0.42060415E-02 -0.24983919E-01
  0.30387248E-02 -0.45657024E-02 -0.31652680E-01
  0.29675127E-02 -0.47986237E-02 -0.38760306E-01
  0.26953421E-02 -0.49372420E-02 -0.46426137E-01
  0.22281062E-02 -0.50490957E-02 -0.54498846E-01
  0.16653538E-02 -0.51851589E-02 -0.62417879E-01
  0.11310719E-02 -0.53306369E-02 -0.69330853E-01
  0.66550904E-03 -0.54131917E-02 -0.74298993E-01
  0.18637447E-03 -0.53673157E-02 -0.76423790E-01
  0.92816404E-02 -0.12147196E-01 -0.78958436E-01
  0.75456459E-02 -0.10976698E-01 -0.77000507E-01
  0.57001047E-02 -0.98387816E-02 -0.72372282E-01
  0.39951974E-02 -0.87583540E-02 -0.65793719E-01
  0.26192764E-02 -0.76973320E-02 -0.58239784E-01
  0.16137449E-02 -0.66140237E-02 -0.50585924E-01
  0.90942267E-03 -0.55118589E-02 -0.43362894E-01
  0.42837111E-03 -0.44316098E-02 -0.36783753E-01
  0.14516942E-03 -0.34035867E-02 -0.30939250E-01
  0.62822094E-04 -0.24161286E-02 -0.25905727E-01
  0.15375369E-03 -0.14334503E-02 -0.21652570E-01
  0.34272083E-03 -0.43918899E-03 -0.17914771E-01
  0.54904187E-03  0.54474468E-03 -0.14276290E-01
  0.73652236E-03  0.14847565E-02 -0.10475890E-01
  0.91639012E-03  0.23784832E-02 -0.66588573E-02
  0.11056043E-02  0.32693353E-02 -0.33029868E-02
  0.12903087E-02  0.42198620E-02 -0.87023498E-03
  0.27960504E-02  0.54112872E-02 -0.43688580E-01
  0.23592150E-02  0.55710917E-02 -0.28696854E-01
  0.18438777E-02  0.56515924E-02 -0.16499401E-01
  0.12924389E-02  0.56560949E-02 -0.61470200E-02
  0.72955207E-03  0.56003402E-02  0.27756149E-02
  0.15579533E-03  0.54909494E-02  0.10522510E-01
 -0.42684616E-03  0.53166552E-02  0.17413346E-01
 -0.99045138E-03  0.50609669E-02  0.23772568E-01
 -0.14872264E-02  0.47188565E-02  0.29726102E-01
  0.57477279E-02 -0.35435862E-02  0.22099656E-01
  0.55364975E-02 -0.40139355E-02  0.31306571E-01
  0.53246129E-02 -0.44707472E-02  0.38874034E-01
  0.51246969E-02 -0.49097222E-02  0.44938610E-01
  0.49471286E-02 -0.53461243E-02  0.49756007E-01
  0.48032247E-02 -0.57787340E-02  0.53459612E-01
  0.47062012E-02 -0.61720072E-02  0.55842947E-01
  0.46688255E-02 -0.64806488E-02  0.56501429E-01
  0.27099759E-02  0.38730436E-02 -0.12840471E-01
  0.26168480E-02  0.22989554E-02 -0.68750870E-02
  0.26409959E-02  0.80159985E-03 -0.24760280E-02
  0.27528646E-02 -0.56324662E-03  0.18151883E-03
  0.29227690E-02 -0.17254344E-02  0.68972960E-03
  0.31292073E-02 -0.26498081E-02 -0.12878213E-02
  0.33573180E-02 -0.33631701E-02 -0.55852698E-02
  0.35885821E-02 -0.39203870E-02 -0.11479534E-01
  0.37907851E-02 -0.43438244E-02 -0.18117250E-01
  0.39172472E-02 -0.46090178E-02 -0.24993710E-01
  0.39170658E-02 -0.47017933E-02 -0.31987499E-01
  0.37503083E-02 -0.46847555E-02 -0.38945506E-01
  0.33995640E-02 -0.46858811E-02 -0.45312539E-01
  0.28726149E-02 -0.47995381E-02 -0.50244326E-01
  0.21970610E-02 -0.49934607E-02 -0.53096436E-01
  0.14126552E-02 -0.51262483E-02 -0.53757152E-01
  0.10257034E-01 -0.12090662E-01 -0.56769103E-01
  0.83963455E-02 -0.10807305E-01 -0.57474989E-01
  0.65119299E-02 -0.95287673E-02 -0.57744343E-01
  0.47193027E-02 -0.84213578E-02 -0.57375341E-01
  0.31233923E-02 -0.75147625E-02 -0.56176685E-01
  0.17987019E-02 -0.67073709E-02 -0.54121236E-01
  0.77640066E-03 -0.58801061E-02 -0.51232009E-01
  0.46072595E-04 -0.49989362E-02 -0.47460703E-01
 -0.42946633E-03 -0.41116011E-02 -0.42807887E-01
 -0.69553302E-03 -0.32632202E-02 -0.37562732E-01
 -0.79316875E-03 -0.24345179E-02 -0.32296855E-01
 -0.75754888E-03 -0.15661632E-02 -0.27487392E-01
 -0.62405353E-03 -0.63013979E-03 -0.23119328E-01
 -0.43346895E-03  0.33814318E-03 -0.18736942E-01
 -0.22885832E-03  0.12810873E-02 -0.13970772E-01
 -0.44433897E-04  0.21842491E-02 -0.90294042E-02
  0.10480210E-03  0.30952377E-02 -0.46401078E-02
  0.22311039E-03  0.40817271E-02 -0.14919247E-02
  0.32275769E-03  0.51790529E-02  0.23473249E-03
  0.41022519E-03  0.63820057E-02  0.76427336E-03
  0.14102422E-02  0.61692197E-02 -0.23847492E-01
  0.89569401E-03  0.62116274E-02 -0.12005745E-01
  0.34848055E-03  0.61760236E-02 -0.19814210E-02
 -0.21144151E-03  0.60728821E-02  0.65849411E-02
 -0.75928165E-03  0.58827601E-02  0.14198691E-01
 -0.12710106E-02  0.55785109E-02  0.21419980E-01
  0.57477279E-02 -0.35435862E-02  0.22099656E-01
  0.55874865E-02 -0.33326146E-02  0.21157349E-01
  0.53555781E-02 -0.37811055E-02  0.31670134E-01
  0.51133856E-02 -0.42468100E-02  0.40800937E-01
  0.48902912E-02 -0.47161518E-02  0.48632864E-01
  0.46957132E-02 -0.51851160E-02  0.55489247E-01
  0.45201220E-02 -0.56441320E-02  0.61514794E-01
  0.43601175E-02 -0.60701470E-02  0.66312309E-01
  0.37416064E-02  0.57950043E-02 -0.20796413E-01
  0.35126223E-02  0.40216940E-02 -0.11889871E-01
  0.34173122E-02  0.23186386E-02 -0.45509621E-02
  0.34250492E-02  0.73893746E-03  0.13442149E-02
  0.34889077E-02 -0.67081677E-03  0.56448701E-02
  0.35845065E-02 -0.18698325E-02  0.76593562E-02
  0.37217427E-02 -0.28402574E-02  0.66896026E-02
  0.39153391E-02 -0.35939255E-02  0.27986066E-02
  0.41481339E-02 -0.41528978E-02 -0.30397842E-02
  0.43705306E-02 -0.45225219E-02 -0.95922866E-02
  0.45357109E-02 -0.46910760E-02 -0.16116133E-01
  0.46236139E-02 -0.46635662E-02 -0.22409140E-01
  0.46167187E-02 -0.44950756E-02 -0.28180296E-01
  0.44525586E-02 -0.42808077E-02 -0.32563547E-01
  0.40206031E-02 -0.41019063E-02 -0.34452572E-01
  0.13788656E-01 -0.12318051E-01 -0.34763553E-01
  0.11794346E-01 -0.11048627E-01 -0.33756480E-01
  0.95287709E-02 -0.97421136E-02 -0.33007458E-01
  0.72833378E-02 -0.84927477E-02 -0.33859599E-01
  0.52736424E-02 -0.74194122E-02 -0.36575663E-01
  0.35663652E-02 -0.65931448E-02 -0.40481292E-01
  0.21233809E-02 -0.59837688E-02 -0.44616718E-01
  0.90400546E-03 -0.54803864E-02 -0.48163355E-01
 -0.78383913E-04 -0.49687625E-02 -0.50398555E-01
 -0.78728371E-03 -0.43952740E-02 -0.50601354E-01
 -0.12278354E-02 -0.37666172E-02 -0.48342724E-01
 -0.14652267E-02 -0.31017520E-02 -0.43952022E-01
 -0.15791612E-02 -0.23940102E-02 -0.38511917E-01
 -0.16104369E-02 -0.16181633E-02 -0.33142992E-01
 -0.15585350E-02 -0.76349894E-03 -0.28183016E-01
 -0.14260978E-02  0.14974960E-03 -0.23116050E-01
 -0.12539078E-02  0.10879905E-02 -0.17372421E-01
 -0.11050037E-02  0.20343776E-02 -0.11180383E-01
 -0.10161151E-02  0.30004650E-02 -0.55745118E-02
 -0.97001005E-03  0.40129112E-02 -0.15683751E-02
 -0.91756572E-03  0.50955549E-02  0.60824315E-03
 -0.82499468E-03  0.62675955E-02  0.13997976E-02
 -0.69881706E-03  0.75559597E-02  0.10971097E-02
  0.32599576E-03  0.67356766E-02 -0.17875098E-01
 -0.19719262E-03  0.67316242E-02 -0.67642484E-02
 -0.73420615E-03  0.66248844E-02  0.25386028E-02
 -0.12718089E-02  0.64106518E-02  0.10765552E-01
  0.57793167E-02 -0.29279887E-02  0.93153846E-02
  0.55874865E-02 -0.33326146E-02  0.21157349E-01
  0.53136168E-02 -0.31282910E-02  0.19896310E-01
  0.50769946E-02 -0.35391996E-02  0.31806805E-01
  0.48172850E-02 -0.40024340E-02  0.42642702E-01
  0.45636561E-02 -0.44940057E-02  0.52454664E-01
  0.43290208E-02 -0.49839673E-02  0.61751829E-01
  0.41083839E-02 -0.54522458E-02  0.70774889E-01
  0.48938404E-02  0.79684877E-02 -0.33298513E-01
  0.45817039E-02  0.61041709E-02 -0.21684177E-01
  0.43506433E-02  0.42006404E-02 -0.11550798E-01
  0.42066134E-02  0.23843591E-02 -0.30294831E-02
  0.41326022E-02  0.73716397E-03  0.43859392E-02
  0.41070745E-02 -0.70660850E-03  0.10596443E-01
  0.41259112E-02 -0.19446521E-02  0.14466779E-01
  0.42015801E-02 -0.29785225E-02  0.14729051E-01
  0.43390567E-02 -0.37952461E-02  0.11278098E-01
  0.45180671E-02 -0.43744077E-02  0.54462249E-02
  0.47059901E-02 -0.47094757E-02 -0.10608053E-02
  0.48861079E-02 -0.48155774E-02 -0.74189883E-02
  0.50586275E-02 -0.47123972E-02 -0.13796548E-01
  0.51972082E-02 -0.44047471E-02 -0.20296414E-01
  0.52022866E-02 -0.38942147E-02 -0.26034440E-01
  0.15373149E-01 -0.11924919E-01 -0.30148271E-01
  0.13793348E-01 -0.99674000E-02 -0.32424488E-01
  0.11681546E-01 -0.80882344E-02 -0.33165342E-01
  0.92769052E-02 -0.65283444E-02 -0.34187496E-01
  0.68878374E-02 -0.54147566E-02 -0.36827743E-01
  0.47455425E-02 -0.47309949E-02 -0.41111318E-01
  0.29304137E-02 -0.43634419E-02 -0.46152500E-01
  0.14165403E-02 -0.41769365E-02 -0.51084487E-01
  0.16950455E-03 -0.40617274E-02 -0.55398042E-01
 -0.80365616E-03 -0.39358268E-02 -0.58499114E-01
 -0.14858111E-02 -0.37316105E-02 -0.59377040E-01
 -0.19055426E-02 -0.33977607E-02 -0.57145837E-01
 -0.21447689E-02 -0.29148678E-02 -0.52013123E-01
 -0.22902413E-02 -0.22997926E-02 -0.45460299E-01
 -0.23844085E-02 -0.15862579E-02 -0.39151831E-01
 -0.24253202E-02 -0.79786936E-03 -0.33570248E-01
 -0.24073049E-02  0.60818718E-04 -0.27833448E-01
 -0.23533770E-02  0.98933153E-03 -0.20944831E-01
 -0.23061274E-02  0.19722676E-02 -0.13163520E-01
 -0.22912124E-02  0.29801036E-02 -0.60343903E-02
 -0.22940794E-02  0.39925376E-02 -0.10697995E-02
 -0.22727756E-02  0.50233988E-02  0.14809469E-02
 -0.21914288E-02  0.61240295E-02  0.24754300E-02
 -0.20413783E-02  0.73625033E-02  0.25625099E-02
 -0.18352950E-02  0.87962519E-02  0.11655004E-02
 -0.12994421E-02  0.73234490E-02 -0.11074980E-01
 -0.26926088E-02  0.74891622E-02 -0.13375997E-02
  0.56180214E-02 -0.25087498E-02 -0.63896257E-02
  0.54991701E-02 -0.27820144E-02  0.72214844E-02
  0.53136168E-02 -0.31282910E-02  0.19896310E-01
  0.49113396E-02 -0.29354475E-02  0.18136760E-01
  0.46826512E-02 -0.32994545E-02  0.31508659E-01
  0.44167758E-02 -0.37374592E-02  0.44095257E-01
  0.41310961E-02 -0.42226582E-02  0.55968529E-01
  0.38422528E-02 -0.47160243E-02  0.68099146E-01
  0.59615036E-02  0.10004940E-01 -0.48563184E-01
  0.56831694E-02  0.83150402E-02 -0.35505709E-01
  0.54238862E-02  0.63966338E-02 -0.22651558E-01
  0.51861426E-02  0.44250602E-02 -0.11765736E-01
  0.49689229E-02  0.25440631E-02 -0.25143970E-02
  0.47810505E-02  0.84377378E-03  0.63333385E-02
  0.46419663E-02 -0.64850311E-03  0.14798916E-01
  0.45683543E-02 -0.19432807E-02  0.20988114E-01
  0.45604674E-02 -0.30434870E-02  0.22659558E-01
  0.46039167E-02 -0.39210505E-02  0.19446416E-01
  0.46866288E-02 -0.45387795E-02  0.13315910E-01
  0.48122657E-02 -0.48886377E-02  0.67209100E-02
  0.49913203E-02 -0.49935398E-02  0.41164992E-03
  0.52122712E-02 -0.48611023E-02 -0.67649556E-02
  0.54175931E-02 -0.44450060E-02 -0.15957465E-01
  0.15759909E-01 -0.12796507E-01 -0.26276019E-01
  0.14769383E-01 -0.10419610E-01 -0.37364015E-01
  0.13351775E-01 -0.78160395E-02 -0.46320855E-01
  0.11553267E-01 -0.54091007E-02 -0.53181073E-01
  0.94796155E-02 -0.35852572E-02 -0.59175324E-01
  0.72675139E-02 -0.25173271E-02 -0.65032156E-01
  0.50606288E-02 -0.21209879E-02 -0.70187537E-01
  0.29986716E-02 -0.21625679E-02 -0.73677779E-01
  0.12080272E-02 -0.24107733E-02 -0.75412874E-01
 -0.21965080E-03 -0.27124182E-02 -0.76135140E-01
 -0.12555131E-02 -0.29705996E-02 -0.76109124E-01
 -0.19448477E-02 -0.30982337E-02 -0.74309867E-01
 -0.23848262E-02 -0.30164099E-02 -0.69390283E-01
 -0.26795545E-02 -0.26912867E-02 -0.61487187E-01
 -0.29029398E-02 -0.21536567E-02 -0.52663457E-01
 -0.30902544E-02 -0.14709017E-02 -0.45173323E-01
 -0.32526293E-02 -0.69789854E-03 -0.39292608E-01
 -0.33939533E-02  0.14638384E-03 -0.33152807E-01
 -0.35173860E-02  0.10610422E-02 -0.24904160E-01
 -0.36236797E-02  0.20313114E-02 -0.14941598E-01
 -0.37085818E-02  0.30205594E-02 -0.58032584E-02
 -0.37618023E-02  0.39965271E-02  0.14186276E-03
 -0.37661973E-02  0.49662193E-02  0.27394130E-02
 -0.36978673E-02  0.59855891E-02  0.37017351E-02
 -0.35306522E-02  0.71359088E-02  0.43467964E-02
 -0.32462205E-02  0.84890642E-02  0.38973058E-02
 -0.28451829E-02  0.10085408E-01  0.10992133E-03
  0.52124173E-02 -0.23226487E-02 -0.22879634E-01
  0.51903158E-02 -0.24444419E-02 -0.84814751E-02
  0.50859603E-02 -0.26508466E-02  0.47385703E-02
  0.49113396E-02 -0.29354475E-02  0.18136760E-01
  0.43720644E-02 -0.27503992E-02  0.15633208E-01
  0.41515582E-02 -0.30600994E-02  0.30382000E-01
  0.38822621E-02 -0.34518734E-02  0.44524216E-01
  0.68395863E-02  0.12042387E-01 -0.67709260E-01
  0.67747165E-02  0.11482224E-01 -0.62835383E-01
  0.66273164E-02  0.10257178E-01 -0.51703204E-01
  0.64336659E-02  0.85829715E-02 -0.37150193E-01
  0.62101996E-02  0.66673145E-02 -0.23330734E-01
  0.59568207E-02  0.46896125E-02 -0.12445920E-01
  0.56765337E-02  0.27901458E-02 -0.32442219E-02
  0.53916617E-02  0.10572775E-02  0.68563766E-02
  0.51371718E-02 -0.47701981E-03  0.18127320E-01
  0.49372210E-02 -0.18181857E-02  0.27362234E-01
  0.47927157E-02 -0.29724402E-02  0.30659276E-01
  0.46966387E-02 -0.39209754E-02  0.27290524E-01
  0.46593789E-02 -0.46267342E-02  0.20453192E-01
  0.47092611E-02 -0.50610695E-02  0.13994744E-01
  0.48589463E-02 -0.52141102E-02  0.85950286E-02
  0.50714124E-02 -0.50728677E-02  0.14900252E-02
  0.15206428E-01 -0.14136814E-01 -0.89238986E-02
  0.14462707E-01 -0.11995502E-01 -0.25479401E-01
  0.13470113E-01 -0.93630043E-02 -0.42848045E-01
  0.12284816E-01 -0.65173067E-02 -0.57771451E-01
  0.10936728E-01 -0.38733645E-02 -0.69701930E-01
  0.93891721E-02 -0.18407948E-02 -0.79958576E-01
  0.75801073E-02 -0.65342046E-03 -0.89076834E-01
  0.55213983E-02 -0.28873507E-03 -0.95758824E-01
  0.33653829E-02 -0.52446881E-03 -0.98566867E-01
  0.13663886E-02 -0.10729838E-02 -0.97986764E-01
 -0.24469375E-03 -0.16918628E-02 -0.96032401E-01
 -0.13781451E-02 -0.22177919E-02 -0.93721089E-01
 -0.21091142E-02 -0.25471033E-02 -0.89628629E-01
 -0.26015988E-02 -0.26148845E-02 -0.81646128E-01
 -0.30026749E-02 -0.23960325E-02 -0.70107427E-01
 -0.33841362E-02 -0.19136671E-02 -0.58433201E-01
 -0.37538050E-02 -0.12319888E-02 -0.50064312E-01
 -0.41002846E-02 -0.42918630E-03 -0.44861273E-01
 -0.44221085E-02  0.43312844E-03 -0.39105384E-01
 -0.47240553E-02  0.13230227E-02 -0.29406884E-01
 -0.49998735E-02  0.22281111E-02 -0.16455224E-01
 -0.52269569E-02  0.31377297E-02 -0.45984261E-02
 -0.53767903E-02  0.40392040E-02  0.23011355E-02
 -0.54253747E-02  0.49336531E-02  0.43395254E-02
 -0.53519657E-02  0.58550435E-02  0.48105947E-02
 -0.51329110E-02  0.68724533E-02  0.62273230E-02
 -0.47448774E-02  0.80712678E-02  0.74428230E-02
  0.26176267E-02 -0.69402502E-03 -0.17916004E-01
  0.36988236E-02  0.13336055E-02 -0.20108127E-01
  0.46765883E-02  0.37066723E-02 -0.28959042E-01
  0.45349533E-02 -0.25284597E-02  0.17997943E-02
  0.43720644E-02 -0.27503992E-02  0.15633208E-01
  0.56437317E-02  0.80081353E-02 -0.49572759E-01
  0.63115923E-02  0.10147666E-01 -0.59417207E-01
  0.67860106E-02  0.11507882E-01 -0.66865390E-01
  0.70798459E-02  0.11943358E-01 -0.70174850E-01
  0.72125525E-02  0.11506016E-01 -0.66197643E-01
  0.72087209E-02  0.10378964E-01 -0.54111646E-01
  0.70970088E-02  0.87846935E-02 -0.37804887E-01
  0.69019025E-02  0.69268173E-02 -0.23331731E-01
  0.66370260E-02  0.49772509E-02 -0.13493590E-01
  0.63117997E-02  0.30807320E-02 -0.54258455E-02
  0.59462272E-02  0.13454809E-02  0.57158777E-02
  0.55747448E-02 -0.18008899E-03  0.20602018E-01
  0.52311662E-02 -0.15133507E-02  0.33871820E-01
  0.49318770E-02 -0.27006804E-02  0.38978565E-01
  0.46805530E-02 -0.37552053E-02  0.34771906E-01
  0.44918210E-02 -0.46212814E-02  0.26664644E-01
  0.44020497E-02 -0.52010846E-02  0.20954917E-01
  0.44427931E-02 -0.54201797E-02  0.18367845E-01
  0.14146423E-01 -0.15197606E-01  0.15941770E-01
  0.13479431E-01 -0.13468829E-01  0.36920484E-02
  0.12626269E-01 -0.11257067E-01 -0.15113799E-01
  0.11606154E-01 -0.86791221E-02 -0.34694411E-01
  0.10508069E-01 -0.59166083E-02 -0.50129745E-01
  0.94107767E-02 -0.32647180E-02 -0.61511567E-01
  0.82870791E-02 -0.10960287E-02 -0.72109229E-01
  0.69987938E-02  0.27630568E-03 -0.83435494E-01
  0.54137299E-02  0.75031332E-03 -0.93323265E-01
  0.35549862E-02  0.48464272E-03 -0.98961078E-01
  0.16458098E-02 -0.19505741E-03 -0.10062551E+00
 -0.65406702E-05 -0.95959807E-03 -0.10113839E+00
 -0.12046896E-02 -0.15913305E-02 -0.10165233E+00
 -0.19780484E-02 -0.19917672E-02 -0.99327702E-01
 -0.25323287E-02 -0.21214901E-02 -0.90459963E-01
 -0.30833337E-02 -0.19555549E-02 -0.75766277E-01
 -0.37174751E-02 -0.14936138E-02 -0.61240445E-01
 -0.43826705E-02 -0.79053054E-03 -0.52705431E-01
 -0.49884107E-02  0.48363103E-04 -0.49690617E-01
 -0.55035316E-02  0.91692964E-03 -0.45623011E-01
 -0.59644698E-02  0.17582477E-02 -0.34606195E-01
 -0.64082062E-02  0.25701211E-02 -0.17734144E-01
 -0.68134196E-02  0.33696632E-02 -0.22301819E-02
 -0.71076556E-02  0.41602414E-02  0.56305949E-02
 -0.72204218E-02  0.49346090E-02  0.63124545E-02
 -0.71209971E-02  0.57064710E-02  0.56263607E-02
 -0.68100570E-02  0.65355653E-02  0.80150494E-02
  0.66627874E-03 -0.32656893E-02 -0.13254527E-01
  0.16494327E-02 -0.17288395E-02 -0.79492407E-02
  0.27112363E-02  0.29046519E-03 -0.11693513E-01
  0.37859275E-02  0.27311799E-02 -0.23169475E-01
  0.47883422E-02  0.54089166E-02 -0.37182420E-01
  0.56437317E-02  0.80081353E-02 -0.49572759E-01
  0.50109204E-02  0.71287426E-02 -0.45399790E-01
  0.59217957E-02  0.94541834E-02 -0.56116845E-01
  0.66444641E-02  0.11002842E-01 -0.65601661E-01
  0.71651289E-02  0.11612844E-01 -0.71531953E-01
  0.74823311E-02  0.11338079E-01 -0.68745810E-01
  0.76182728E-02  0.10367914E-01 -0.55425967E-01
  0.76127295E-02  0.89167702E-02 -0.37036136E-01
  0.74924478E-02  0.71659286E-02 -0.22320715E-01
  0.72506004E-02  0.52742630E-02 -0.14789055E-01
  0.68714877E-02  0.34046455E-02 -0.90938099E-02
  0.63823235E-02  0.17043833E-02  0.29091210E-02
  0.58686104E-02  0.24112205E-03  0.22370067E-01
  0.54184128E-02 -0.10344255E-02  0.40708871E-01
  0.50453862E-02 -0.22334085E-02  0.47587428E-01
  0.46832937E-02 -0.34060422E-02  0.41455224E-01
  0.42788749E-02 -0.44602898E-02  0.31203570E-01
  0.38921759E-02 -0.52095558E-02  0.26841769E-01
  0.12806882E-01 -0.15755063E-01  0.32322020E-01
  0.12005832E-01 -0.14453172E-01  0.32498051E-01
  0.11268195E-01 -0.12614185E-01  0.22397009E-01
  0.10414138E-01 -0.10402453E-01  0.34690040E-02
  0.93187999E-02 -0.79063329E-02 -0.15131038E-01
  0.80799150E-02 -0.52082039E-02 -0.26493973E-01
  0.69629763E-02 -0.25239107E-02 -0.32509383E-01
  0.61484889E-02 -0.23974594E-03 -0.40166010E-01
  0.55241840E-02  0.12415071E-02 -0.52847176E-01
  0.47474890E-02  0.17399427E-02 -0.67045793E-01
  0.35468755E-02  0.14152036E-02 -0.77634318E-01
  0.19844482E-02  0.65655398E-03 -0.84346562E-01
  0.42226601E-03 -0.15263196E-03 -0.91065458E-01
 -0.78409752E-03 -0.79724163E-03 -0.98937341E-01
 -0.15763223E-02 -0.12166604E-02 -0.10260252E+00
 -0.22015010E-02 -0.13892779E-02 -0.95431035E-01
 -0.29547043E-02 -0.12656243E-02 -0.78267589E-01
 -0.39223110E-02 -0.81110793E-03 -0.60825274E-01
 -0.49586092E-02 -0.80997751E-04 -0.52733028E-01
 -0.58727350E-02  0.77970879E-03 -0.53484986E-01
 -0.66080073E-02  0.16222864E-02 -0.52633647E-01
 -0.72456805E-02  0.23789219E-02 -0.40626978E-01
 -0.78693840E-02  0.30675122E-02 -0.18935231E-01
 -0.84542050E-02  0.37283048E-02  0.12473112E-02
 -0.88839935E-02  0.43682129E-02  0.10174548E-01
 -0.90511437E-02  0.49661275E-02  0.86958553E-02
 -0.89230713E-02  0.55228370E-02  0.60914140E-02
 -0.13997205E-02 -0.50812185E-02 -0.14531070E-01
 -0.55977799E-03 -0.41800027E-02 -0.33959402E-02
  0.43267073E-03 -0.27809676E-02  0.31117889E-02
  0.15587690E-02 -0.83600399E-03 -0.16898455E-02
  0.27582442E-02  0.16113221E-02 -0.15809495E-01
  0.39381345E-02  0.43771995E-02 -0.32034654E-01
  0.50109204E-02  0.71287426E-02 -0.45399790E-01
  0.42320429E-02  0.60298249E-02 -0.39303549E-01
  0.53764982E-02  0.85166639E-02 -0.50762852E-01
  0.63434342E-02  0.10263537E-01 -0.62545025E-01
  0.70651775E-02  0.11086074E-01 -0.71517948E-01
  0.75231693E-02  0.11013778E-01 -0.70038177E-01
  0.77813672E-02  0.10224324E-01 -0.55190205E-01
  0.79291206E-02  0.89356093E-02 -0.34529187E-01
  0.79735238E-02  0.73347380E-02 -0.20120195E-01
  0.78107137E-02  0.55765648E-02 -0.16149448E-01
  0.73438137E-02  0.38129163E-02 -0.13949920E-01
  0.66418885E-02  0.21860764E-02 -0.12135369E-02
  0.59473001E-02  0.77035346E-03  0.23633274E-01
  0.54739841E-02 -0.47570164E-03  0.47755111E-01
  0.51830175E-02 -0.16693274E-02  0.56024346E-01
  0.47982488E-02 -0.28808686E-02  0.46614738E-01
  0.41009724E-02 -0.40334015E-02  0.33103449E-01
  0.11936699E-01 -0.15378217E-01  0.34372605E-01
  0.10430024E-01 -0.14766901E-01  0.43159968E-01
  0.93730073E-02 -0.13459495E-01  0.49651412E-01
  0.86898931E-02 -0.11592463E-01  0.41640367E-01
  0.79165661E-02 -0.93084309E-02  0.21451195E-01
  0.66853668E-02 -0.66802868E-02  0.27002305E-02
  0.51594075E-02 -0.37940385E-02 -0.49871050E-02
  0.39509283E-02 -0.90932457E-03 -0.55790397E-02
  0.35577256E-02  0.15080773E-02 -0.10397231E-01
  0.38520718E-02  0.29875981E-02 -0.24585333E-01
  0.41361105E-02  0.33495716E-02 -0.42432112E-01
  0.37317220E-02  0.28308479E-02 -0.55988158E-01
  0.25436408E-02  0.19206838E-02 -0.65204334E-01
  0.10655569E-02  0.10523888E-02 -0.76558650E-01
 -0.13947214E-03  0.41092002E-03 -0.92031856E-01
 -0.94428723E-03 -0.16707499E-04 -0.10305609E+00
 -0.16739417E-02 -0.25459876E-03 -0.98605564E-01
 -0.26951010E-02 -0.22839406E-03 -0.78914143E-01
 -0.40494954E-02  0.16407766E-03 -0.58043794E-01
 -0.54748098E-02  0.90330775E-03 -0.50565322E-01
 -0.67055825E-02  0.18024941E-02 -0.56254553E-01
 -0.76947654E-02  0.26266576E-02 -0.59952213E-01
 -0.85612576E-02  0.32562763E-02 -0.47392691E-01
 -0.93896101E-02  0.37347931E-02 -0.20254375E-01
 -0.10121896E-01  0.41703931E-02  0.54687633E-02
 -0.10623658E-01  0.46094949E-02  0.15650762E-01
 -0.10806228E-01  0.50094126E-02  0.11435714E-01
 -0.32696736E-02 -0.60418096E-02 -0.13586820E-01
 -0.26786348E-02 -0.57582578E-02 -0.77906127E-02
 -0.18880268E-02 -0.50949915E-02  0.60218775E-02
 -0.87615294E-03 -0.38987820E-02  0.14790431E-01
  0.33079873E-03 -0.20728531E-02  0.95014839E-02
  0.16471973E-02  0.34875557E-03 -0.70508580E-02
  0.29719296E-02  0.31664131E-02 -0.25273146E-01
  0.42320429E-02  0.60298249E-02 -0.39303549E-01
  0.33164316E-02  0.47296333E-02 -0.31385603E-01
  0.46712196E-02  0.73477812E-02 -0.43487489E-01
  0.58634963E-02  0.93187211E-02 -0.57662138E-01
  0.67568279E-02  0.10416005E-01 -0.69777786E-01
  0.73202358E-02  0.10581749E-01 -0.69552260E-01
  0.76878022E-02  0.99488896E-02 -0.53066544E-01
  0.80212107E-02  0.87860517E-02 -0.30282099E-01
  0.82918646E-02  0.73718798E-02 -0.16798071E-01
  0.82496440E-02  0.58807379E-02 -0.17292084E-01
  0.76826628E-02  0.43675918E-02 -0.19279622E-01
  0.67261563E-02  0.28487941E-02 -0.59367697E-02
  0.58459111E-02  0.13800173E-02  0.24548216E-01
  0.54225949E-02  0.43428970E-04  0.54481325E-01
  0.53289486E-02 -0.11321485E-02  0.63503208E-01
  0.49927671E-02 -0.22070035E-02  0.49709300E-01
  0.12330837E-01 -0.13802938E-01  0.36934627E-01
  0.99782506E-02 -0.13805510E-01  0.36277700E-01
  0.78244215E-02 -0.13352186E-01  0.51784183E-01
  0.65254139E-02 -0.12272787E-01  0.64292553E-01
  0.59268895E-02 -0.10493133E-01  0.56713570E-01
  0.52187872E-02 -0.80732928E-02  0.32250809E-01
  0.37976359E-02 -0.51643553E-02  0.96363303E-02
  0.19823157E-02 -0.19929060E-02  0.19152654E-02
  0.81903086E-03  0.10838001E-02  0.34809767E-02
  0.11076048E-02  0.35698234E-02 -0.85508357E-03
  0.25812848E-02  0.49996100E-02 -0.17173653E-01
  0.40529522E-02  0.52136399E-02 -0.36730133E-01
  0.44013034E-02  0.44986608E-02 -0.48803522E-01
  0.34506172E-02  0.34324091E-02 -0.54906762E-01
  0.19333999E-02  0.25308537E-02 -0.66035407E-01
  0.66619296E-03  0.19752870E-02 -0.86210410E-01
 -0.18188662E-03  0.16367278E-02 -0.10347847E+00
 -0.10541949E-02  0.13571668E-02 -0.10137795E+00
 -0.23920329E-02  0.12020535E-02 -0.78719695E-01
 -0.41663483E-02  0.14163622E-02 -0.53915973E-01
 -0.59837986E-02  0.21273933E-02 -0.46948160E-01
 -0.75197508E-02  0.31278930E-02 -0.58078276E-01
 -0.87599855E-02  0.39993442E-02 -0.67079451E-01
 -0.98620564E-02  0.44605258E-02 -0.54420398E-01
 -0.10890038E-01  0.45780295E-02 -0.21775956E-01
 -0.11737709E-01  0.46332094E-02  0.97984052E-02
 -0.12265201E-01  0.48103791E-02  0.21398900E-01
 -0.47297779E-02 -0.63212190E-02  0.55117493E-03
 -0.44249118E-02 -0.63776070E-02 -0.83619398E-02
 -0.39530692E-02 -0.63271906E-02 -0.22948375E-02
 -0.32354194E-02 -0.59962196E-02  0.14771174E-01
 -0.22134035E-02 -0.50925691E-02  0.26418177E-01
 -0.93404816E-03 -0.34258084E-02  0.21208475E-01
  0.47487562E-03 -0.10404276E-02  0.27380623E-02
  0.19054697E-02  0.18030329E-02 -0.17019057E-01
  0.33164316E-02  0.47296333E-02 -0.31385603E-01
  0.22836776E-02  0.32587030E-02 -0.21899582E-01
  0.38030657E-02  0.59782598E-02 -0.34577275E-01
  0.51779950E-02  0.81976122E-02 -0.51030887E-01
  0.62260262E-02  0.96265411E-02 -0.66045553E-01
  0.69042669E-02  0.10056701E-01 -0.66943193E-01
  0.73889889E-02  0.95447756E-02 -0.49066552E-01
  0.78888460E-02  0.84602863E-02 -0.24721633E-01
  0.83514583E-02  0.72624212E-02 -0.12679955E-01
  0.84247850E-02  0.61692724E-02 -0.17839018E-01
  0.78129263E-02  0.50495193E-02 -0.24028153E-01
  0.66955730E-02  0.36681545E-02 -0.10309120E-01
  0.57012025E-02  0.20371487E-02  0.25144204E-01
  0.53366257E-02  0.48326790E-03  0.60000720E-01
  0.54109677E-02 -0.66294458E-03  0.69115358E-01
  0.51261534E-02 -0.14240172E-02  0.50701747E-01
  0.11061046E-01 -0.11815035E-01  0.35729532E-01
  0.80963157E-02 -0.11700538E-01  0.36675719E-01
  0.54128278E-02 -0.11556320E-01  0.58311462E-01
  0.38775851E-02 -0.10923502E-01  0.75930202E-01
  0.32744669E-02 -0.93955063E-02  0.67767726E-01
  0.25373152E-02 -0.69611711E-02  0.37843733E-01
  0.91643690E-03 -0.39662092E-02  0.97471265E-02
 -0.10926414E-02 -0.84296009E-03 -0.10522065E-03
 -0.20645710E-02  0.20413506E-02  0.14847359E-02
 -0.97656828E-03  0.43376209E-02 -0.37561623E-02
  0.17184096E-02  0.56998523E-02 -0.22175363E-01
  0.43425914E-02  0.59577853E-02 -0.41834591E-01
  0.53532370E-02  0.53271187E-02 -0.49671975E-01
  0.45186906E-02  0.43843997E-02 -0.49516125E-01
  0.28382203E-02  0.37239712E-02 -0.57575269E-01
  0.14171026E-02  0.35411320E-02 -0.80353525E-01
  0.49269459E-03  0.35458589E-02 -0.10271466E+00
 -0.50692362E-03  0.33559411E-02 -0.10272330E+00
 -0.21438779E-02  0.29966796E-02 -0.77434344E-01
 -0.43550506E-02  0.29384249E-02 -0.49080050E-01
 -0.65982757E-02  0.35776620E-02 -0.42659866E-01
 -0.84322454E-02  0.47250328E-02 -0.58976943E-01
 -0.98445304E-02  0.56997756E-02 -0.73167902E-01
 -0.11068748E-01  0.59573846E-02 -0.60788918E-01
 -0.12220921E-01  0.55775207E-02 -0.23383926E-01
 -0.13181420E-01  0.51057259E-02  0.13457336E-01
 -0.57899898E-02 -0.63083010E-02  0.18871830E-01
 -0.57477923E-02 -0.64985124E-02  0.71398992E-02
 -0.55299853E-02 -0.65815021E-02 -0.40953217E-02
 -0.51386047E-02 -0.67802392E-02  0.25278452E-02
 -0.44843612E-02 -0.68598325E-02  0.22793325E-01
 -0.34891838E-02 -0.63274395E-02  0.37351516E-01
 -0.21969725E-02 -0.48571959E-02  0.32684204E-01
 -0.74570258E-03 -0.25212532E-02  0.13082492E-01
  0.75658772E-03  0.31870764E-03 -0.75174671E-02
  0.22836776E-02  0.32587030E-02 -0.21899582E-01
  0.11646335E-02  0.16624006E-02 -0.11257078E-01
  0.27824177E-02  0.44606976E-02 -0.24472308E-01
  0.42768927E-02  0.69241459E-02 -0.42884503E-01
  0.54736885E-02  0.86936102E-02 -0.60270953E-01
  0.63138017E-02  0.94010910E-02 -0.62184985E-01
  0.69388010E-02  0.90202169E-02 -0.43583759E-01
  0.75376036E-02  0.80242609E-02 -0.18598292E-01
  0.80712102E-02  0.70639337E-02 -0.82401880E-02
  0.82129978E-02  0.64065259E-02 -0.17377101E-01
  0.76714283E-02  0.57222951E-02 -0.27043716E-01
  0.66072277E-02  0.45023918E-02 -0.13377264E-01
  0.56366638E-02  0.27061086E-02  0.25308833E-01
  0.52802769E-02  0.92368015E-03  0.63261472E-01
  0.53644957E-02 -0.18108935E-03  0.71963438E-01
  0.12105054E-01 -0.10266242E-01  0.57487031E-01
  0.97542766E-02 -0.95532655E-02  0.34884261E-01
  0.65324571E-02 -0.92998117E-02  0.37439752E-01
  0.35822868E-02 -0.94841098E-02  0.63990213E-01
  0.18393001E-02 -0.93757472E-02  0.85846867E-01
  0.11042241E-02 -0.82727976E-02  0.77984445E-01
  0.25570664E-03 -0.61501153E-02  0.45076340E-01
 -0.14970986E-02 -0.35771363E-02  0.14132531E-01
 -0.35759534E-02 -0.11337724E-02  0.38121319E-02
 -0.43589948E-02  0.95365073E-03  0.62790299E-02
 -0.26797859E-02  0.26600675E-02  0.98114998E-03
  0.91898540E-03  0.38733235E-02 -0.18552275E-01
  0.44357738E-02  0.44135499E-02 -0.37997111E-01
  0.59858913E-02  0.43264886E-02 -0.42655363E-01
  0.52293082E-02  0.40487648E-02 -0.38219729E-01
  0.33479740E-02  0.41390336E-02 -0.44801185E-01
  0.17323797E-02  0.47462283E-02 -0.70605960E-01
  0.75150755E-03  0.54036383E-02 -0.97924768E-01
 -0.27522985E-03  0.55109702E-02 -0.10060965E+00
 -0.21052024E-02  0.50626228E-02 -0.74335537E-01
 -0.47257670E-02  0.47620515E-02 -0.44105211E-01
 -0.74280695E-02  0.52923868E-02 -0.38587955E-01
 -0.95430613E-02  0.65189800E-02 -0.59023500E-01
 -0.10985651E-01  0.75410471E-02 -0.77263915E-01
 -0.12124616E-01  0.75692390E-02 -0.65380623E-01
 -0.13266838E-01  0.66799621E-02 -0.24811555E-01
 -0.61463860E-02 -0.55236481E-02  0.13156001E-01
 -0.65983831E-02 -0.63861201E-02  0.24640510E-01
 -0.67353025E-02 -0.65820740E-02  0.12155470E-01
 -0.65612229E-02 -0.67168245E-02 -0.15868720E-03
 -0.61570134E-02 -0.71710953E-02  0.73439789E-02
 -0.55289018E-02 -0.76631142E-02  0.30211658E-01
 -0.46176706E-02 -0.75165391E-02  0.47135410E-01
 -0.34110519E-02 -0.62767486E-02  0.43298822E-01
 -0.19870438E-02 -0.40379729E-02  0.23506237E-01
 -0.44352916E-03 -0.12511501E-02  0.28772406E-02
  0.11646335E-02  0.16624006E-02 -0.11257078E-01
 -0.26985831E-06 -0.44379015E-06  0.25058142E-06
  0.16437122E-02  0.28623680E-02 -0.13715840E-01
  0.31903196E-02  0.55242123E-02 -0.33576145E-01
  0.45215141E-02  0.75771554E-02 -0.52603143E-01
  0.55581077E-02  0.85593300E-02 -0.55492318E-01
  0.63365208E-02  0.83880805E-02 -0.37168269E-01
  0.69636071E-02  0.75762142E-02 -0.12668587E-01
  0.74478767E-02  0.68661618E-02 -0.39015916E-02
  0.76096826E-02  0.65522342E-02 -0.15553049E-01
  0.72494050E-02  0.62033200E-02 -0.27398264E-01
  0.64497930E-02  0.51610390E-02 -0.14431047E-01
  0.56430546E-02  0.33461013E-02  0.24862006E-01
  0.52493075E-02  0.14857080E-02  0.63330812E-01
  0.12156994E-01 -0.92756561E-02  0.78664850E-01
  0.10823004E-01 -0.84051773E-02  0.58449377E-01
  0.85046811E-02 -0.73072454E-02  0.35756394E-01
  0.54147437E-02 -0.69097977E-02  0.39915752E-01
  0.25074380E-02 -0.72715901E-02  0.69528202E-01
  0.64546950E-03 -0.75678671E-02  0.94514416E-01
 -0.27186410E-03 -0.69867167E-02  0.88766746E-01
 -0.12271118E-02 -0.55261131E-02  0.57171220E-01
 -0.29780709E-02 -0.38663618E-02  0.27718079E-01
 -0.50082326E-02 -0.25955201E-02  0.19480743E-01
 -0.57240121E-02 -0.17242466E-02  0.23931584E-01
 -0.38948626E-02 -0.91930936E-03  0.19590698E-01
 -0.57572889E-06 -0.77902026E-06  0.49658830E-06
  0.38940195E-02  0.91800742E-03 -0.19590063E-01
  0.57238509E-02  0.17235535E-02 -0.23931610E-01
  0.50085969E-02  0.25954573E-02 -0.19480962E-01
  0.29784182E-02  0.38667255E-02 -0.27717753E-01
  0.12269749E-02  0.55266951E-02 -0.57170112E-01
  0.27125842E-03  0.69873913E-02 -0.88765317E-01
 -0.64601782E-03  0.75684966E-02 -0.94513281E-01
 -0.25072916E-02  0.72719385E-02 -0.69527521E-01
 -0.54137098E-02  0.69096249E-02 -0.39915222E-01
 -0.85033190E-02  0.73065114E-02 -0.35755809E-01
 -0.10822413E-01  0.84041114E-02 -0.58449058E-01
 -0.12158142E-01  0.92745699E-02 -0.78665445E-01
 -0.52523195E-02 -0.14863644E-02 -0.63332779E-01
 -0.56468276E-02 -0.33465506E-02 -0.24864856E-01
 -0.64527665E-02 -0.51616425E-02  0.14428208E-01
 -0.72502431E-02 -0.62041980E-02  0.27396145E-01
 -0.76080406E-02 -0.65531138E-02  0.15551750E-01
 -0.74445677E-02 -0.68666688E-02  0.39007330E-02
 -0.69600732E-02 -0.75762871E-02  0.12667775E-01
 -0.63339968E-02 -0.83880591E-02  0.37167422E-01
 -0.55570450E-02 -0.85596315E-02  0.55491629E-01
 -0.45215854E-02 -0.75778977E-02  0.52602824E-01
 -0.31908795E-02 -0.55251794E-02  0.33576244E-01
 -0.16443024E-02 -0.28633101E-02  0.13716236E-01
 -0.26985831E-06 -0.44379015E-06  0.25058142E-06
 -0.11651308E-02 -0.16631401E-02  0.11257806E-01
  0.44325145E-03  0.12505907E-02 -0.28763789E-02
  0.19870143E-02  0.40376318E-02 -0.23505637E-01
  0.34115416E-02  0.62766830E-02 -0.43298810E-01
  0.46190626E-02  0.75166523E-02 -0.47136011E-01
  0.55313007E-02  0.76631453E-02 -0.30212555E-01
  0.61599219E-02  0.71708868E-02 -0.73447721E-02
  0.65636232E-02  0.67165858E-02  0.15808527E-03
  0.67361763E-02  0.65822788E-02 -0.12156254E-01
  0.65973343E-02  0.63870507E-02 -0.24641995E-01
  0.61439172E-02  0.55250245E-02 -0.13158293E-01
  0.13263856E-01 -0.66794473E-02  0.24809034E-01
  0.12122614E-01 -0.75695046E-02  0.65378766E-01
  0.10985373E-01 -0.75418700E-02  0.77263189E-01
  0.95443627E-02 -0.65197619E-02  0.59023692E-01
  0.74301170E-02 -0.52926807E-02  0.38588474E-01
  0.47275632E-02 -0.47619265E-02  0.44105706E-01
  0.21061201E-02 -0.50625267E-02  0.74336169E-01
  0.27527091E-03 -0.55112541E-02  0.10061074E+00
 -0.75184569E-03 -0.54042294E-02  0.97926237E-01
 -0.17325265E-02 -0.47467548E-02  0.70607227E-01
 -0.33477057E-02 -0.41392454E-02  0.44801725E-01
 -0.52288649E-02 -0.40488144E-02  0.38219652E-01
 -0.59857132E-02 -0.43268032E-02  0.42655340E-01
 -0.44360909E-02 -0.44144354E-02  0.37997662E-01
 -0.91961986E-03 -0.38746734E-02  0.18553201E-01
  0.26792389E-02 -0.26614106E-02 -0.98054625E-03
  0.43587876E-02 -0.95444138E-03 -0.62791722E-02
  0.35759667E-02  0.11338770E-02 -0.38127098E-02
  0.14969800E-02  0.35781552E-02 -0.14132836E-01
 -0.25618514E-03  0.61517416E-02 -0.45075988E-01
 -0.11049218E-02  0.82744601E-02 -0.77983684E-01
 -0.18397974E-02  0.93767785E-02 -0.85846198E-01
 -0.35822365E-02  0.94840501E-02 -0.63989819E-01
 -0.65319142E-02  0.92986951E-02 -0.37439405E-01
 -0.97537528E-02  0.95516097E-02 -0.34883762E-01
 -0.12105248E-01  0.10264642E-01 -0.57486637E-01
 -0.53658966E-02  0.17967437E-03 -0.71963920E-01
 -0.52827712E-02 -0.92509375E-03 -0.63263083E-01
 -0.56394646E-02 -0.27079875E-02 -0.25311270E-01
 -0.66092693E-02 -0.45048985E-02  0.13374830E-01
 -0.76719044E-02 -0.57249334E-02  0.27042084E-01
 -0.82117795E-02 -0.64084327E-02  0.17376549E-01
 -0.80689017E-02 -0.70645808E-02  0.82404094E-02
 -0.75352055E-02 -0.80239036E-02  0.18598730E-01
 -0.69371891E-02 -0.90196693E-02  0.43583999E-01
 -0.63133306E-02 -0.94010646E-02  0.62184933E-01
 -0.54741339E-02 -0.86942465E-02  0.60270784E-01
 -0.42777215E-02 -0.69251121E-02  0.42884494E-01
 -0.27831679E-02 -0.44616208E-02  0.24472665E-01
 -0.11651308E-02 -0.16631401E-02  0.11257806E-01
 -0.22840961E-02 -0.32591556E-02  0.21900785E-01
 -0.75669672E-03 -0.31877324E-03  0.75189011E-02
  0.74597232E-03  0.25218097E-02 -0.13081385E-01
  0.21977252E-02  0.48583596E-02 -0.32683785E-01
  0.34904195E-02  0.63287856E-02 -0.37351676E-01
  0.44857972E-02  0.68607456E-02 -0.22793557E-01
  0.51397113E-02  0.67804274E-02 -0.25276380E-02
  0.55302908E-02  0.65813223E-02  0.40960430E-02
  0.57472142E-02  0.64987287E-02 -0.71391475E-02
  0.57888902E-02  0.63094364E-02 -0.18871729E-01
  0.13180274E-01 -0.51040100E-02 -0.13458337E-01
  0.12220100E-01 -0.55761957E-02  0.23382432E-01
  0.11068580E-01 -0.59570323E-02  0.60787666E-01
  0.98452289E-02 -0.57003217E-02  0.73167407E-01
  0.84338892E-02 -0.47259276E-02  0.58977134E-01
  0.66006592E-02 -0.35784391E-02  0.42660275E-01
  0.43575900E-02 -0.29390694E-02  0.49080342E-01
  0.21458100E-02 -0.29974929E-02  0.77434619E-01
  0.50776312E-03 -0.33571083E-02  0.10272387E+00
 -0.49280614E-03 -0.35471823E-02  0.10271556E+00
 -0.14175053E-02 -0.35421801E-02  0.80354351E-01
 -0.28382413E-02 -0.37244666E-02  0.57575591E-01
 -0.45181058E-02 -0.43844638E-02  0.49515973E-01
 -0.53523098E-02 -0.53271603E-02  0.49671865E-01
 -0.43417410E-02 -0.59581570E-02  0.41834980E-01
 -0.17178891E-02 -0.57005768E-02  0.22176119E-01
  0.97670663E-03 -0.43383736E-02  0.37566471E-02
  0.20643173E-02 -0.20416607E-02 -0.14850455E-02
  0.10919658E-02  0.84345187E-03  0.10421375E-03
 -0.91744770E-03  0.39675527E-02 -0.97482407E-02
 -0.25383286E-02  0.69630156E-02 -0.37844441E-01
 -0.32750329E-02  0.93971648E-02 -0.67767980E-01
 -0.38774838E-02  0.10924224E-01 -0.75930273E-01
 -0.54123041E-02  0.11555700E-01 -0.58311517E-01
 -0.80959305E-02  0.11698798E-01 -0.36675653E-01
 -0.11061241E-01  0.11812896E-01 -0.35729220E-01
 -0.51265098E-02  0.14223263E-02 -0.50701613E-01
 -0.54117246E-02  0.66152203E-03 -0.69115722E-01
 -0.53373857E-02 -0.48477342E-03 -0.60001906E-01
 -0.57017064E-02 -0.20392521E-02 -0.25146018E-01
 -0.66957842E-02 -0.36709094E-02  0.10307418E-01
 -0.78129011E-02 -0.50522798E-02  0.24027434E-01
 -0.84245397E-02 -0.61711106E-02  0.17839725E-01
 -0.83509951E-02 -0.72628404E-02  0.12681820E-01
 -0.78882778E-02 -0.84595858E-02  0.24723856E-01
 -0.73885714E-02 -0.95437679E-02  0.49068303E-01
 -0.69042510E-02 -0.10056095E-01  0.66944079E-01
 -0.62264605E-02 -0.96265557E-02  0.66045783E-01
 -0.51786818E-02 -0.81980578E-02  0.51031046E-01
 -0.38037163E-02 -0.59788382E-02  0.34577896E-01
 -0.22840961E-02 -0.32591556E-02  0.21900785E-01
 -0.33168477E-02 -0.47299386E-02  0.31387117E-01
 -0.19058328E-02 -0.18028298E-02  0.17020731E-01
 -0.47498293E-03  0.10416110E-02 -0.27369398E-02
  0.93442105E-03  0.34280269E-02 -0.21208155E-01
  0.22141943E-02  0.50952636E-02 -0.26418252E-01
  0.32361233E-02  0.59984407E-02 -0.14770885E-01
  0.39530412E-02  0.63281748E-02  0.22960416E-02
  0.44239440E-02  0.63773017E-02  0.83639948E-02
  0.47283824E-02  0.63203365E-02 -0.54891240E-03
  0.12264515E-01 -0.48104495E-02 -0.21397464E-01
  0.11737963E-01 -0.46324764E-02 -0.97979031E-02
  0.10891011E-01 -0.45768613E-02  0.21775758E-01
  0.98632437E-02 -0.44596803E-02  0.54420075E-01
  0.87612488E-02 -0.39994319E-02  0.67079447E-01
  0.75214756E-02 -0.31290285E-02  0.58078597E-01
  0.59863533E-02 -0.21292296E-02  0.46948475E-01
  0.41694302E-02 -0.14183894E-02  0.53915998E-01
  0.23946639E-02 -0.12038947E-02  0.78719474E-01
  0.10554638E-02 -0.13586802E-02  0.10137776E+00
  0.18173724E-03 -0.16379185E-02  0.10347847E+00
 -0.66689312E-03 -0.19761756E-02  0.86210473E-01
 -0.19335567E-02 -0.25314295E-02  0.66035289E-01
 -0.34497001E-02 -0.34326762E-02  0.54906449E-01
 -0.43995684E-02 -0.44986825E-02  0.48803321E-01
 -0.40510693E-02 -0.52135098E-02  0.36730347E-01
 -0.25798641E-02 -0.49993727E-02  0.17174183E-01
 -0.11070122E-02 -0.35694342E-02  0.85539948E-03
 -0.81942202E-03 -0.10831725E-02 -0.34814257E-02
 -0.19836032E-02  0.19937994E-02 -0.19165833E-02
 -0.37993561E-02  0.51654118E-02 -0.96381004E-02
 -0.52201544E-02  0.80742824E-02 -0.32252450E-01
 -0.59272313E-02  0.10493766E-01 -0.56714746E-01
 -0.65247189E-02  0.12272816E-01 -0.64293269E-01
 -0.78234506E-02  0.13351517E-01 -0.51784557E-01
 -0.99779689E-02  0.13804275E-01 -0.36277757E-01
 -0.12331587E-01  0.13801467E-01 -0.36934363E-01
 -0.49932790E-02  0.22059437E-02 -0.49709220E-01
 -0.53290339E-02  0.11313142E-02 -0.63503435E-01
 -0.54217405E-02 -0.44135476E-04 -0.54482187E-01
 -0.58443741E-02 -0.13808430E-02 -0.24549645E-01
 -0.67247455E-02 -0.28498613E-02  0.59354400E-02
 -0.76820638E-02 -0.43687123E-02  0.19279371E-01
 -0.82499206E-02 -0.58815024E-02  0.17293556E-01
 -0.82925442E-02 -0.73719520E-02  0.16801044E-01
 -0.80217771E-02 -0.87854151E-02  0.30285533E-01
 -0.76880858E-02 -0.99478546E-02  0.53069219E-01
 -0.73203903E-02 -0.10580753E-01  0.69553558E-01
 -0.67570469E-02 -0.10415390E-01  0.69778034E-01
 -0.58638270E-02 -0.93186121E-02  0.57662259E-01
 -0.46716135E-02 -0.73480601E-02  0.43488265E-01
 -0.33168477E-02 -0.47299386E-02  0.31387117E-01
 -0.42326137E-02 -0.60301717E-02  0.39304998E-01
 -0.29729347E-02 -0.31662171E-02  0.25274589E-01
 -0.16482449E-02 -0.34757165E-03  0.70514235E-02
 -0.33124334E-03  0.20751197E-02 -0.95018870E-02
  0.87663638E-03  0.39017607E-02 -0.14791048E-01
  0.18890479E-02  0.50978403E-02 -0.60217048E-02
  0.26793577E-02  0.57599167E-02  0.77921024E-02
  0.32695583E-02  0.60415605E-02  0.13589373E-01
  0.10805677E-01 -0.50111500E-02 -0.11433069E-01
  0.10623512E-01 -0.46115383E-02 -0.15648642E-01
  0.10122583E-01 -0.41714396E-02 -0.54674808E-02
  0.93908476E-02 -0.37343555E-02  0.20254975E-01
  0.85625472E-02 -0.32550864E-02  0.47392994E-01
  0.76961025E-02 -0.26261231E-02  0.59952516E-01
  0.67075223E-02 -0.18036069E-02  0.56254876E-01
  0.54777480E-02 -0.90590484E-03  0.50565459E-01
  0.40529503E-02 -0.16705192E-03  0.58043535E-01
  0.26978556E-02  0.22617485E-03  0.78913478E-01
  0.16750131E-02  0.25349549E-03  0.98604700E-01
  0.94379509E-03  0.16269257E-04  0.10305529E+00
  0.13855880E-03 -0.41134677E-03  0.92031234E-01
 -0.10656555E-02 -0.10530456E-02  0.76558174E-01
 -0.25424816E-02 -0.19212927E-02  0.65203956E-01
 -0.37297680E-02 -0.28309625E-02  0.55987942E-01
 -0.41341718E-02 -0.33489626E-02  0.42432158E-01
 -0.38507430E-02 -0.29863646E-02  0.24585569E-01
 -0.35572602E-02 -0.15065310E-02  0.10397302E-01
 -0.39513844E-02  0.91079250E-03  0.55784883E-02
 -0.51606679E-02  0.37950388E-02  0.49857161E-02
 -0.66869847E-02  0.66805539E-02 -0.27022216E-02
 -0.79177867E-02  0.93080042E-02 -0.21453239E-01
 -0.86900924E-02  0.11591751E-01 -0.41641963E-01
 -0.93722566E-02  0.13459045E-01 -0.49652358E-01
 -0.10429178E-01  0.14766988E-01 -0.43160315E-01
 -0.11936760E-01  0.15378626E-01 -0.34372454E-01
 -0.41016530E-02  0.40337954E-02 -0.33103126E-01
 -0.47991219E-02  0.28810299E-02 -0.46614322E-01
 -0.51830946E-02  0.16694849E-02 -0.56024179E-01
 -0.54727291E-02  0.47627169E-03 -0.47755641E-01
 -0.59451085E-02 -0.76922863E-03 -0.23634602E-01
 -0.66397825E-02 -0.21847543E-02  0.12120308E-02
 -0.73426627E-02 -0.38119855E-02  0.13949386E-01
 -0.78106835E-02 -0.55763181E-02  0.16150784E-01
 -0.79741611E-02 -0.73348976E-02  0.20123262E-01
 -0.79298547E-02 -0.89355791E-02  0.34532749E-01
 -0.77818980E-02 -0.10223732E-01  0.55192740E-01
 -0.75234731E-02 -0.11012800E-01  0.70038954E-01
 -0.70653197E-02 -0.11085250E-01  0.71517496E-01
 -0.63435040E-02 -0.10263288E-01  0.62544605E-01
 -0.53766882E-02 -0.85169483E-02  0.50763406E-01
 -0.42326137E-02 -0.60301717E-02  0.39304998E-01
 -0.50117377E-02 -0.71290692E-02  0.45400907E-01
 -0.39397025E-02 -0.43770608E-02  0.32035631E-01
 -0.27600295E-02 -0.16107278E-02  0.15809319E-01
 -0.15597717E-02  0.83700404E-03  0.16885624E-02
 -0.43212857E-03  0.27824676E-02 -0.31131496E-02
  0.56177664E-03  0.41819213E-02  0.33956569E-02
  0.14022711E-02  0.50828562E-02  0.14532302E-01
  0.89248390E-02 -0.55228639E-02 -0.60892250E-02
  0.90520911E-02 -0.49681235E-02 -0.86935408E-02
  0.88843775E-02 -0.43712336E-02 -0.10172768E-01
  0.84543609E-02 -0.37305607E-02 -0.12462674E-02
  0.78695149E-02 -0.30677936E-02  0.18935694E-01
  0.72460504E-02 -0.23776701E-02  0.40627122E-01
  0.66091380E-02 -0.16212308E-02  0.52633655E-01
  0.58751354E-02 -0.78034128E-03  0.53484905E-01
  0.49621590E-02  0.78695422E-04  0.52732782E-01
  0.39259860E-02  0.80852227E-03  0.60824724E-01
  0.29571286E-02  0.12641790E-02  0.78266656E-01
  0.22019737E-02  0.13892357E-02  0.95429817E-01
  0.15753818E-02  0.12171253E-02  0.10260130E+00
  0.78306475E-03  0.79718408E-03  0.98936410E-01
 -0.42235380E-03  0.15184326E-03  0.91064940E-01
 -0.19835389E-02 -0.65741406E-03  0.84346351E-01
 -0.35456843E-02 -0.14153091E-02  0.77634224E-01
 -0.47467224E-02 -0.17389665E-02  0.67045700E-01
 -0.55240142E-02 -0.12397285E-02  0.52847041E-01
 -0.61486748E-02  0.24173905E-03  0.40165729E-01
 -0.69633052E-02  0.25254959E-02  0.32508737E-01
 -0.80803929E-02  0.52088463E-02  0.26492782E-01
 -0.93194406E-02  0.79057573E-02  0.15129393E-01
 -0.10414721E-01  0.10400939E-01 -0.34707122E-02
 -0.11268386E-01  0.12612664E-01 -0.22398321E-01
 -0.12005593E-01  0.14452773E-01 -0.32498717E-01
 -0.12806686E-01  0.15756295E-01 -0.32322035E-01
 -0.38926807E-02  0.52115841E-02 -0.26841221E-01
 -0.42800224E-02  0.44622506E-02 -0.31202671E-01
 -0.46846478E-02  0.34073260E-02 -0.41454112E-01
 -0.50461305E-02  0.22343168E-02 -0.47586559E-01
 -0.54179507E-02  0.10358171E-02 -0.40708919E-01
 -0.58670210E-02 -0.23879850E-03 -0.22371348E-01
 -0.63803013E-02 -0.17017020E-02 -0.29110446E-02
 -0.68698638E-02 -0.34027971E-02  0.90925951E-02
 -0.72498695E-02 -0.52739885E-02  0.14789718E-01
 -0.74926267E-02 -0.71668418E-02  0.22323227E-01
 -0.76135153E-02 -0.89177367E-02  0.37039129E-01
 -0.76192628E-02 -0.10368086E-01  0.55427712E-01
 -0.74831604E-02 -0.11337552E-01  0.68745544E-01
 -0.71655776E-02 -0.11612349E-01  0.71530418E-01
 -0.66445971E-02 -0.11002899E-01  0.65600405E-01
 -0.59220149E-02 -0.94546395E-02  0.56116907E-01
 -0.50117377E-02 -0.71290692E-02  0.45400907E-01
 -0.56446667E-02 -0.80081563E-02  0.49573489E-01
 -0.47897814E-02 -0.54086840E-02  0.37182971E-01
 -0.37874062E-02 -0.27313883E-02  0.23168796E-01
 -0.27119325E-02 -0.29145121E-03  0.11691752E-01
 -0.16486525E-02  0.17276791E-02  0.79475604E-02
 -0.66392183E-03  0.32653748E-02  0.13254100E-01
  0.68130465E-02 -0.65347834E-02 -0.80140139E-02
  0.71238241E-02 -0.57061785E-02 -0.56244944E-02
  0.72223569E-02 -0.49358231E-02 -0.63106988E-02
  0.71082931E-02 -0.41627346E-02 -0.56295679E-02
  0.68128330E-02 -0.33719596E-02  0.22303854E-02
  0.64070162E-02 -0.25708067E-02  0.17733743E-01
  0.59637233E-02 -0.17573004E-02  0.34605450E-01
  0.55042694E-02 -0.91568728E-03  0.45622130E-01
  0.49910270E-02 -0.48159118E-04  0.49689760E-01
  0.43864959E-02  0.78964823E-03  0.52704662E-01
  0.37210351E-02  0.14927941E-02  0.61239672E-01
  0.30852597E-02  0.19558616E-02  0.75765319E-01
  0.25322753E-02  0.21228083E-02  0.90458774E-01
  0.19768502E-02  0.19929837E-02  0.99326518E-01
  0.12036011E-02  0.15914917E-02  0.10165154E+00
  0.62186891E-05  0.95880286E-03  0.10113821E+00
 -0.16456984E-02  0.19425701E-03  0.10062575E+00
 -0.35552487E-02 -0.48457996E-03  0.98961309E-01
 -0.54147798E-02 -0.74927339E-03  0.93323159E-01
 -0.70002530E-02 -0.27481089E-03  0.83435028E-01
 -0.82881555E-02  0.10973592E-02  0.72108579E-01
 -0.94109832E-02  0.32654781E-02  0.61510865E-01
 -0.10507593E-01  0.59165464E-02  0.50128992E-01
 -0.11605598E-01  0.86781122E-02  0.34693610E-01
 -0.12626088E-01  0.11255374E-01  0.15113075E-01
 -0.13479624E-01  0.13467337E-01 -0.36925097E-02
 -0.14146733E-01  0.15197481E-01 -0.15941860E-01
 -0.44431951E-02  0.54219545E-02 -0.18367386E-01
 -0.44026647E-02  0.52038349E-02 -0.20954078E-01
 -0.44929093E-02  0.46238446E-02 -0.26663325E-01
 -0.46820699E-02  0.37567550E-02 -0.34770177E-01
 -0.49332955E-02  0.27014525E-02 -0.38976993E-01
 -0.52317349E-02  0.15143306E-02 -0.33871325E-01
 -0.55740150E-02  0.18190448E-03 -0.20603146E-01
 -0.59444389E-02 -0.13433424E-02 -0.57180915E-02
 -0.63098155E-02 -0.30795322E-02  0.54240509E-02
 -0.66358477E-02 -0.49777949E-02  0.13493612E-01
 -0.69021047E-02 -0.69286598E-02  0.23333665E-01
 -0.70984603E-02 -0.87865629E-02  0.37807323E-01
 -0.72107405E-02 -0.10379935E-01  0.54112742E-01
 -0.72143584E-02 -0.11506207E-01  0.66196602E-01
 -0.70810010E-02 -0.11943493E-01  0.70172520E-01
 -0.67866103E-02 -0.11508339E-01  0.66863469E-01
 -0.63121172E-02 -0.10148123E-01  0.59416785E-01
 -0.56446667E-02 -0.80081563E-02  0.49573489E-01
 -0.43726112E-02  0.27507016E-02 -0.15632827E-01
 -0.45348073E-02  0.25288331E-02 -0.17995934E-02
 -0.46766614E-02 -0.37074208E-02  0.28958175E-01
 -0.36985022E-02 -0.13361598E-02  0.20106407E-01
 -0.26168187E-02  0.69052712E-03  0.17914593E-01
  0.47461051E-02 -0.80728725E-02 -0.74429275E-02
  0.51344749E-02 -0.68728194E-02 -0.62259759E-02
  0.53537632E-02 -0.58548177E-02 -0.48086035E-02
  0.54269010E-02 -0.49340013E-02 -0.43379517E-02
  0.53773474E-02 -0.40405837E-02 -0.23006219E-02
  0.52261907E-02 -0.31394096E-02  0.45978336E-02
  0.49982194E-02 -0.22289349E-02  0.16453829E-01
  0.47226613E-02 -0.13225529E-02  0.29405064E-01
  0.44221766E-02 -0.43193670E-03  0.39103499E-01
  0.41022485E-02  0.43031382E-03  0.44859656E-01
  0.37569608E-02  0.12329560E-02  0.50063155E-01
  0.33870589E-02  0.19150500E-02  0.58432421E-01
  0.30041590E-02  0.23982112E-02  0.70106728E-01
  0.26014156E-02  0.26173711E-02  0.81645312E-01
  0.21079976E-02  0.25488655E-02  0.89627857E-01
  0.13770473E-02  0.22182330E-02  0.93720782E-01
  0.24396602E-03  0.16913909E-02  0.96032819E-01
 -0.13671919E-02  0.10725756E-02  0.97987672E-01
 -0.33669475E-02  0.52472596E-03  0.98567650E-01
 -0.55238764E-02  0.28942230E-03  0.95758961E-01
 -0.75828304E-02  0.65387516E-03  0.89076284E-01
 -0.93910966E-02  0.18406463E-02  0.79957743E-01
 -0.10937218E-01  0.38727650E-02  0.69701306E-01
 -0.12284099E-01  0.65165464E-02  0.57771293E-01
 -0.13469045E-01  0.93621154E-02  0.42848316E-01
 -0.14462082E-01  0.11994396E-01  0.25479910E-01
 -0.15206433E-01  0.14135753E-01  0.89244207E-02
 -0.50715318E-02  0.50730823E-02 -0.14895357E-02
 -0.48589022E-02  0.52152964E-02 -0.85946200E-02
 -0.47091774E-02  0.50629917E-02 -0.13994170E-01
 -0.46597162E-02  0.46284973E-02 -0.20452061E-01
 -0.46976894E-02  0.39217253E-02 -0.27288736E-01
 -0.47941397E-02  0.29721375E-02 -0.30657426E-01
 -0.49381190E-02  0.18176008E-02 -0.27361415E-01
 -0.51367361E-02  0.47690035E-03 -0.18128274E-01
 -0.53898980E-02 -0.10570061E-02 -0.68586700E-02
 -0.56744212E-02 -0.27902880E-02  0.32421264E-02
 -0.59557172E-02 -0.46908200E-02  0.12445546E-01
 -0.62109396E-02 -0.66693734E-02  0.23332315E-01
 -0.64360598E-02 -0.85850163E-02  0.37152392E-01
 -0.66304071E-02 -0.10258554E-01  0.51704171E-01
 -0.67775095E-02 -0.11483014E-01  0.62834248E-01
 -0.68416211E-02 -0.12043052E-01  0.67706783E-01
 -0.38839246E-02  0.34511961E-02 -0.44526295E-01
 -0.41526970E-02  0.30597987E-02 -0.30382680E-01
 -0.43726112E-02  0.27507016E-02 -0.15632827E-01
 -0.49114672E-02  0.29356175E-02 -0.18136827E-01
 -0.50844304E-02  0.26512598E-02 -0.47386978E-02
 -0.51877682E-02  0.24440938E-02  0.84805590E-02
 -0.52102399E-02  0.23208368E-02  0.22878186E-01
  0.28457674E-02 -0.10087685E-01 -0.11092539E-03
  0.32456329E-02 -0.84912094E-02 -0.38968707E-02
  0.35296699E-02 -0.71371331E-02 -0.43449531E-02
  0.36973514E-02 -0.59859976E-02 -0.36994073E-02
  0.37663887E-02 -0.49666133E-02 -0.27377456E-02
  0.37621755E-02 -0.39975053E-02 -0.14153925E-03
  0.37083674E-02 -0.30218786E-02  0.58022131E-02
  0.36225968E-02 -0.20321460E-02  0.14939579E-01
  0.35159625E-02 -0.10607854E-02  0.24901686E-01
  0.33931684E-02 -0.14509675E-03  0.33150391E-01
  0.32531645E-02  0.69978883E-03  0.39290703E-01
  0.30919506E-02  0.14731682E-02  0.45172183E-01
  0.29048904E-02  0.21563776E-02  0.52662982E-01
  0.26807546E-02  0.26944088E-02  0.61487001E-01
  0.23848467E-02  0.30193952E-02  0.69390073E-01
  0.19440000E-02  0.31003289E-02  0.74309711E-01
  0.12544106E-02  0.29714967E-02  0.76109430E-01
  0.21859362E-03  0.27125528E-02  0.76136206E-01
 -0.12092905E-02  0.24108663E-02  0.75414477E-01
 -0.30006161E-02  0.21628706E-02  0.73679227E-01
 -0.50633838E-02  0.21210531E-02  0.70188167E-01
 -0.72705833E-02  0.25165693E-02  0.65031855E-01
 -0.94821436E-02  0.35836888E-02  0.59174601E-01
 -0.11554623E-01  0.54074227E-02  0.53180677E-01
 -0.13351959E-01  0.78149695E-02  0.46321266E-01
 -0.14768921E-01  0.10419177E-01  0.37365192E-01
 -0.15759362E-01  0.12796088E-01  0.26277487E-01
 -0.54172721E-02  0.44444981E-02  0.15958583E-01
 -0.52115563E-02  0.48602714E-02  0.67654453E-02
 -0.49901923E-02  0.49929155E-02 -0.41175083E-03
 -0.48110870E-02  0.48885575E-02 -0.67211060E-02
 -0.46859890E-02  0.45388655E-02 -0.13315529E-01
 -0.46041347E-02  0.39204979E-02 -0.19445181E-01
 -0.45611962E-02  0.30418638E-02 -0.22658006E-01
 -0.45687250E-02  0.19409772E-02 -0.20987378E-01
 -0.46412529E-02  0.64636409E-03 -0.14799838E-01
 -0.47793333E-02 -0.84522089E-03 -0.63356201E-02
 -0.49671585E-02 -0.25449765E-02  0.25121784E-02
 -0.51855318E-02 -0.44259388E-02  0.11765090E-01
 -0.54250476E-02 -0.63977331E-02  0.22652842E-01
 -0.56857976E-02 -0.83162048E-02  0.35507780E-01
 -0.59647407E-02 -0.10005940E-01  0.48564302E-01
 -0.38454954E-02  0.47151563E-02 -0.68099953E-01
 -0.41339777E-02  0.42217693E-02 -0.55970659E-01
 -0.44191720E-02  0.37365661E-02 -0.44097310E-01
 -0.46842003E-02  0.32989551E-02 -0.31509637E-01
 -0.49114672E-02  0.29356175E-02 -0.18136827E-01
 -0.53135711E-02  0.31277583E-02 -0.19896850E-01
 -0.54970274E-02  0.27822644E-02 -0.72219102E-02
 -0.56146878E-02  0.25092122E-02  0.63887398E-02
  0.26931911E-02 -0.74884456E-02  0.13363501E-02
  0.12996317E-02 -0.73242003E-02  0.11074315E-01
  0.18336156E-02 -0.87975418E-02 -0.11647907E-02
  0.20388023E-02 -0.73638520E-02 -0.25605534E-02
  0.21893217E-02 -0.61252558E-02 -0.24731558E-02
  0.22719866E-02 -0.50247563E-02 -0.14794654E-02
  0.22944514E-02 -0.39941959E-02  0.10698620E-02
  0.22918171E-02 -0.29816775E-02  0.60330961E-02
  0.23060323E-02 -0.19729844E-02  0.13161367E-01
  0.23523667E-02 -0.98868457E-03  0.20942406E-01
  0.24060132E-02 -0.58994789E-04  0.27831264E-01
  0.24246859E-02  0.80023741E-03  0.33568703E-01
  0.23848984E-02  0.15886944E-02  0.39151134E-01
  0.22914753E-02  0.23022580E-02  0.45460344E-01
  0.21458379E-02  0.29174679E-02  0.52013536E-01
  0.19057213E-02  0.34003236E-02  0.57146264E-01
  0.14850453E-02  0.37336889E-02  0.59377477E-01
  0.80244141E-03  0.39371208E-02  0.58499916E-01
 -0.17066905E-03  0.40623799E-02  0.55399540E-01
 -0.14175934E-02  0.41772996E-02  0.51086547E-01
 -0.29317037E-02  0.43635732E-02  0.46154468E-01
 -0.47474304E-02  0.47305217E-02  0.41112462E-01
 -0.68903340E-02  0.54133524E-02  0.36827834E-01
 -0.92796367E-02  0.65263104E-02  0.34187012E-01
 -0.11683996E-01  0.80864631E-02  0.33165138E-01
 -0.13795111E-01  0.99666182E-02  0.32425186E-01
 -0.15374007E-01  0.11924937E-01  0.30149846E-01
 -0.52027400E-02  0.38938970E-02  0.26036133E-01
 -0.51964790E-02  0.44034016E-02  0.20297591E-01
 -0.50569365E-02  0.47099930E-02  0.13796751E-01
 -0.48840116E-02  0.48129658E-02  0.74183280E-02
 -0.47041864E-02  0.47075045E-02  0.10599204E-02
 -0.45170314E-02  0.43730879E-02 -0.54465613E-02
 -0.43387531E-02  0.37938045E-02 -0.11277555E-01
 -0.42015006E-02  0.29762480E-02 -0.14728093E-01
 -0.41254681E-02  0.19416569E-02 -0.14466422E-01
 -0.41060679E-02  0.70376982E-03 -0.10597468E-01
 -0.41313942E-02 -0.73895580E-03 -0.43881438E-02
 -0.42058624E-02 -0.23848733E-02  0.30272961E-02
 -0.43508245E-02 -0.42003191E-02  0.11549965E-01
 -0.45828235E-02 -0.61036323E-02  0.21685106E-01
 -0.48955687E-02 -0.79681109E-02  0.33300310E-01
 -0.41106466E-02  0.54522107E-02 -0.70773832E-01
 -0.43315572E-02  0.49836680E-02 -0.61752356E-01
 -0.45664156E-02  0.44932090E-02 -0.52456499E-01
 -0.48199471E-02  0.40011831E-02 -0.42644746E-01
 -0.50787636E-02  0.35380012E-02 -0.31808124E-01
 -0.53135711E-02  0.31277583E-02 -0.19896850E-01
 -0.55878731E-02  0.33311059E-02 -0.21158097E-01
 -0.57779236E-02  0.29279856E-02 -0.93158047E-02
  0.12737829E-02 -0.64089613E-02 -0.10766182E-01
  0.73589223E-03 -0.66229460E-02 -0.25393774E-02
  0.19760906E-03 -0.67303767E-02  0.67639097E-02
 -0.32718961E-03 -0.67354144E-02  0.17875706E-01
  0.69676942E-03 -0.75567924E-02 -0.10955172E-02
  0.82321487E-03 -0.62691602E-02 -0.13981540E-02
  0.91692543E-03 -0.50978182E-02 -0.60748025E-03
  0.97059608E-03 -0.40155043E-02  0.15678513E-02
  0.10171916E-02 -0.30024591E-02  0.55729766E-02
  0.11055879E-02 -0.20347483E-02  0.11178458E-01
  0.12535545E-02 -0.10864463E-02  0.17370650E-01
  0.14252513E-02 -0.14706899E-03  0.23114731E-01
  0.15581195E-02  0.76605281E-03  0.28182288E-01
  0.16110164E-02  0.16198303E-02  0.33142914E-01
  0.15804099E-02  0.23949830E-02  0.38512411E-01
  0.14661864E-02  0.31027213E-02  0.43952820E-01
  0.12277180E-02  0.37679725E-02  0.48343522E-01
  0.78609154E-03  0.43967844E-02  0.50602090E-01
  0.76827169E-04  0.49699433E-02  0.50399509E-01
 -0.90514841E-03  0.54810093E-02  0.48164881E-01
 -0.21238612E-02  0.59839329E-02  0.44618809E-01
 -0.35665648E-02  0.65929504E-02  0.40483404E-01
 -0.52742238E-02  0.74187704E-02  0.36577043E-01
 -0.72848060E-02  0.84916223E-02  0.33859881E-01
 -0.95312243E-02  0.97408602E-02  0.33007003E-01
 -0.11797431E-01  0.11047876E-01  0.33756144E-01
 -0.13791641E-01  0.12318094E-01  0.34764048E-01
 -0.40229631E-02  0.41019493E-02  0.34453798E-01
 -0.44532537E-02  0.42800456E-02  0.32565023E-01
 -0.46156253E-02  0.44928191E-02  0.28181280E-01
 -0.46213885E-02  0.46601695E-02  0.22409220E-01
 -0.45334520E-02  0.46876741E-02  0.16115473E-01
 -0.43691077E-02  0.45200565E-02  0.95914778E-02
 -0.41476657E-02  0.41513648E-02  0.30394278E-02
 -0.39152416E-02  0.35925517E-02 -0.27983334E-02
 -0.37213219E-02  0.28383804E-02 -0.66891139E-02
 -0.35835989E-02  0.18675920E-02 -0.76594008E-02
 -0.34880170E-02  0.66902181E-03 -0.56459606E-02
 -0.34248680E-02 -0.73954492E-03 -0.13461371E-02
 -0.34180701E-02 -0.23179587E-02  0.45491282E-02
 -0.35138592E-02 -0.40202038E-02  0.11889138E-01
 -0.37425827E-02 -0.57932875E-02  0.20797107E-01
 -0.43606734E-02  0.60714220E-02 -0.66310942E-01
 -0.45206853E-02  0.56451245E-02 -0.61513876E-01
 -0.46967530E-02  0.51854267E-02 -0.55489621E-01
 -0.48921010E-02  0.47153176E-02 -0.48634462E-01
 -0.51156516E-02  0.42448499E-02 -0.40802922E-01
 -0.53573937E-02  0.37788004E-02 -0.31671626E-01
 -0.55878731E-02  0.33311059E-02 -0.21158097E-01
 -0.57490549E-02  0.35416135E-02 -0.22100165E-01
  0.12708142E-02 -0.55777522E-02 -0.21419868E-01
  0.75987180E-03 -0.58806180E-02 -0.14198560E-01
  0.21252542E-03 -0.60704627E-02 -0.65849147E-02
 -0.34749604E-03 -0.61741095E-02  0.19816382E-02
 -0.89527062E-03 -0.62104311E-02  0.12006469E-01
 -0.14103611E-02 -0.61688223E-02  0.23848570E-01
 -0.41042166E-03 -0.63830773E-02 -0.76335550E-03
 -0.32252876E-03 -0.51811956E-02 -0.23481727E-03
 -0.22236154E-03 -0.40844161E-02  0.14907510E-02
 -0.10388019E-03 -0.30971419E-02  0.46384142E-02
  0.45091105E-04 -0.21840581E-02  0.90279473E-02
  0.22921067E-03 -0.12786518E-02  0.13969971E-01
  0.43399437E-03 -0.33477006E-03  0.18736749E-01
  0.62529621E-03  0.63264512E-03  0.23119503E-01
  0.75947371E-03  0.15668649E-02  0.27487793E-01
  0.79496974E-03  0.24338841E-02  0.32297452E-01
  0.69616383E-03  0.32624349E-02  0.37563443E-01
  0.42846669E-03  0.41114440E-02  0.42808545E-01
 -0.48186390E-04  0.49992983E-02  0.47461251E-01
 -0.77851452E-03  0.58804099E-02  0.51232675E-01
 -0.17998928E-02  0.67072517E-02  0.54122392E-01
 -0.31234727E-02  0.75142988E-02  0.56178433E-01
 -0.47187887E-02  0.84208099E-02  0.57377234E-01
 -0.65116284E-02  0.95283156E-02  0.57745597E-01
 -0.83969391E-02  0.10807092E-01  0.57475094E-01
 -0.10258834E-01  0.12090908E-01  0.56768281E-01
 -0.14154752E-02  0.51268674E-02  0.53756227E-01
 -0.22000643E-02  0.49944014E-02  0.53096155E-01
 -0.28747394E-02  0.47999557E-02  0.50244908E-01
 -0.34000062E-02  0.46849419E-02  0.45313582E-01
 -0.37490654E-02  0.46823780E-02  0.38946410E-01
 -0.39150368E-02  0.46988363E-02  0.31987956E-01
 -0.39156833E-02  0.46066359E-02  0.24993855E-01
 -0.37904209E-02  0.43425543E-02  0.18117429E-01
 -0.35891381E-02  0.39198369E-02  0.11479949E-01
 -0.33578291E-02  0.33625903E-02  0.55857989E-02
 -0.31289363E-02  0.26489330E-02  0.12880989E-02
 -0.29219170E-02  0.17247394E-02 -0.69005870E-03
 -0.27524306E-02  0.56341358E-03 -0.18253472E-03
 -0.26418806E-02 -0.80038786E-03  0.24746536E-02
 -0.26189879E-02 -0.22971478E-02  0.68739842E-02
 -0.27122880E-02 -0.38712248E-02  0.12840226E-01
 -0.46696683E-02  0.64821005E-02 -0.56500693E-01
 -0.47060938E-02  0.61733005E-02 -0.55841717E-01
 -0.48025071E-02  0.57797927E-02 -0.53458709E-01
 -0.49466461E-02  0.53463482E-02 -0.49756117E-01
 -0.51251433E-02  0.49084531E-02 -0.44939788E-01
 -0.53260390E-02  0.44680559E-02 -0.38875663E-01
 -0.55382998E-02  0.40108864E-02 -0.31307838E-01
 -0.57490549E-02  0.35416135E-02 -0.22100165E-01
  0.14848922E-02 -0.47194014E-02 -0.29726076E-01
  0.98874112E-03 -0.50599572E-02 -0.23771917E-01
  0.42643445E-03 -0.53150395E-02 -0.17412447E-01
 -0.15492592E-03 -0.54896238E-02 -0.10521619E-01
 -0.72796308E-03 -0.55994339E-02 -0.27746642E-02
 -0.12907715E-02 -0.56552082E-02  0.61481582E-02
 -0.18424568E-02 -0.56506207E-02  0.16500507E-01
 -0.23580183E-02 -0.55705847E-02  0.28697336E-01
 -0.27949824E-02 -0.54118282E-02  0.43687962E-01
 -0.12897241E-02 -0.42215376E-02  0.86881913E-03
 -0.11052967E-02 -0.32704707E-02  0.33014313E-02
 -0.91613314E-03 -0.23777413E-02  0.66580206E-02
 -0.73572680E-03 -0.14819904E-02  0.10476060E-01
 -0.54710811E-03 -0.54130301E-03  0.14277094E-01
 -0.33964831E-03  0.44148475E-03  0.17915617E-01
 -0.15045055E-03  0.14336906E-02  0.21653125E-01
 -0.60704344E-04  0.24147954E-02  0.25906014E-01
 -0.14524884E-03  0.34018348E-02  0.30939391E-01
 -0.43054188E-03  0.44302093E-02  0.36783771E-01
 -0.91253748E-03  0.55108031E-02  0.43362818E-01
 -0.16164021E-02  0.66129494E-02  0.50585995E-01
 -0.26206610E-02  0.76960975E-02  0.58240397E-01
 -0.39953688E-02  0.87571763E-02  0.65795028E-01
 -0.56996851E-02  0.98379897E-02  0.72373863E-01
 -0.75453318E-02  0.10976532E-01  0.77001504E-01
 -0.92819205E-02  0.12147821E-01  0.78958184E-01
 -0.18759264E-03  0.53685049E-02  0.76422463E-01
 -0.66730772E-03  0.54150541E-02  0.74297330E-01
 -0.11328763E-02  0.53324994E-02  0.69329742E-01
 -0.16664534E-02  0.51861160E-02  0.62417749E-01
 -0.22280456E-02  0.50486692E-02  0.54499514E-01
 -0.26942888E-02  0.49358708E-02  0.46427173E-01
 -0.29662511E-02  0.47973977E-02  0.38761465E-01
 -0.30381564E-02  0.45654689E-02  0.31653977E-01
 -0.29739600E-02  0.42067106E-02  0.24985362E-01
 -0.28357252E-02  0.37271946E-02  0.18705167E-01
 -0.26444287E-02  0.31352091E-02  0.13095290E-01
 -0.24030746E-02  0.24095053E-02  0.87192721E-02
 -0.21402463E-02  0.15088151E-02  0.61112656E-02
 -0.19178997E-02  0.41037503E-03  0.55008886E-02
 -0.17965922E-02 -0.86436799E-03  0.68054557E-02
 -0.18013368E-02 -0.22609744E-02  0.98271180E-02
 -0.51051285E-02  0.66099198E-02 -0.43659464E-01
 -0.50145714E-02  0.64432223E-02 -0.46121088E-01
 -0.49669058E-02  0.61913055E-02 -0.47048750E-01
 -0.49969451E-02  0.58647330E-02 -0.46491913E-01
 -0.51102775E-02  0.54903983E-02 -0.44618025E-01
 -0.52754374E-02  0.50904995E-02 -0.41484113E-01
 -0.54540334E-02  0.46688477E-02 -0.36949528E-01
 -0.56315639E-02  0.42198129E-02 -0.30788930E-01
  0.14848922E-02 -0.47194014E-02 -0.29726076E-01
  0.13085601E-02 -0.42403398E-02 -0.30642427E-01
  0.77912612E-03 -0.44966301E-02 -0.25800919E-01
  0.18974717E-03 -0.47133839E-02 -0.20331611E-01
 -0.41109808E-03 -0.48899303E-02 -0.14202441E-01
 -0.99804349E-03 -0.50130240E-02 -0.72735145E-02
 -0.15742510E-02 -0.50772726E-02  0.61796821E-03
 -0.21420933E-02 -0.50948742E-02  0.96423528E-02
 -0.26743627E-02 -0.50814118E-02  0.20093407E-01
 -0.31235864E-02 -0.50336903E-02  0.32565270E-01
 -0.34628074E-02 -0.49269565E-02  0.48077659E-01
 -0.20407133E-02 -0.34863607E-02  0.15294809E-02
 -0.18446168E-02 -0.25791363E-02  0.39732862E-02
 -0.16670993E-02 -0.16626432E-02  0.67052440E-02
 -0.14854010E-02 -0.72969966E-03  0.94570087E-02
 -0.12803916E-02  0.23628682E-03  0.12174613E-01
 -0.10861568E-02  0.12615167E-02  0.15031617E-01
 -0.98640054E-03  0.23610113E-02  0.18291944E-01
 -0.10567967E-02  0.35245340E-02  0.22172603E-01
 -0.13170658E-02  0.47299415E-02  0.26824042E-01
 -0.17503589E-02  0.59687970E-02  0.32381674E-01
 -0.23695962E-02  0.72490499E-02  0.38940653E-01
 -0.32470321E-02  0.85645967E-02  0.46387452E-01
 -0.44535347E-02  0.98655335E-02  0.54202076E-01
 -0.59544379E-02  0.11071309E-01  0.61431611E-01
 -0.75706577E-02  0.12124682E-01  0.66932285E-01
  0.14793913E-02  0.52615279E-02  0.69349157E-01
  0.91777286E-03  0.52897902E-02  0.70369042E-01
  0.48008651E-03  0.53431869E-02  0.68138115E-01
  0.43922508E-04  0.54272345E-02  0.63562246E-01
 -0.47200673E-03  0.54783006E-02  0.57680665E-01
 -0.10287233E-02  0.54236359E-02  0.51395302E-01
 -0.15068393E-02  0.52375855E-02  0.45286665E-01
 -0.18117684E-02  0.49442706E-02  0.39560855E-01
 -0.19375297E-02  0.45752046E-02  0.34142567E-01
 -0.19397124E-02  0.41321209E-02  0.28881075E-01
 -0.18652977E-02  0.35902895E-02  0.23768020E-01
 -0.17205365E-02  0.29287146E-02  0.19039457E-01
 -0.15025268E-02  0.21472717E-02  0.15104774E-01
 -0.12461946E-02  0.12532657E-02  0.12371706E-01
 -0.10274076E-02  0.24049556E-03  0.11104943E-01
 -0.91898972E-03 -0.90665788E-03  0.11398746E-01
 -0.55143828E-02  0.65754544E-02 -0.29738515E-01
 -0.53852610E-02  0.64966949E-02 -0.34058343E-01
 -0.52616200E-02  0.63440948E-02 -0.37368369E-01
 -0.51709907E-02  0.61470402E-02 -0.39486163E-01
 -0.51556124E-02  0.59090682E-02 -0.40342852E-01
 -0.52269523E-02  0.56144844E-02 -0.39931934E-01
 -0.53547981E-02  0.52543749E-02 -0.38199095E-01
 -0.54991604E-02  0.48411944E-02 -0.34993600E-01
  0.17380548E-02 -0.39268333E-02 -0.34752406E-01
  0.13085601E-02 -0.42403398E-02 -0.30642427E-01
  0.11540962E-02 -0.37347653E-02 -0.31189076E-01
  0.61767768E-03 -0.39209768E-02 -0.27420482E-01
  0.32069062E-04 -0.41021283E-02 -0.22861454E-01
 -0.57549375E-03 -0.42754745E-02 -0.17531704E-01
 -0.11822941E-02 -0.44111676E-02 -0.11412348E-01
 -0.17709955E-02 -0.44932134E-02 -0.44589898E-02
 -0.23265675E-02 -0.45427383E-02  0.34210476E-02
 -0.28341287E-02 -0.45914366E-02  0.12430654E-01
 -0.32811211E-02 -0.46343966E-02  0.22945201E-01
 -0.36615830E-02 -0.46203020E-02  0.35545711E-01
 -0.39774498E-02 -0.44961276E-02  0.51052131E-01
 -0.27720927E-02 -0.27689395E-02  0.94362289E-03
 -0.25813771E-02 -0.18399304E-02  0.26834196E-02
 -0.23782665E-02 -0.91054207E-03  0.43826826E-02
 -0.21824708E-02  0.51275369E-04  0.60536276E-02
 -0.20308387E-02  0.11125993E-02  0.77871921E-02
 -0.19666507E-02  0.23139418E-02  0.96374296E-02
 -0.20234931E-02  0.36305246E-02  0.11569637E-01
 -0.22183669E-02  0.50045987E-02  0.13521166E-01
 -0.25589414E-02  0.64109305E-02  0.15507896E-01
 -0.30552029E-02  0.78718214E-02  0.17659709E-01
 -0.37212873E-02  0.93937781E-02  0.20132887E-01
 -0.45631342E-02  0.10896351E-01  0.22962365E-01
 -0.55613729E-02  0.12227484E-01  0.25976296E-01
 -0.66632419E-02  0.13270717E-01  0.28849006E-01
  0.33574130E-02  0.56587355E-02  0.33803614E-01
  0.27176968E-02  0.56480543E-02  0.35745021E-01
  0.20478996E-02  0.57085902E-02  0.36954860E-01
  0.13891609E-02  0.58512458E-02  0.37588043E-01
  0.77786423E-03  0.59527128E-02  0.37757174E-01
  0.24766585E-03  0.58752497E-02  0.37461397E-01
 -0.17369055E-03  0.55825393E-02  0.36600886E-01
 -0.47042284E-03  0.51453207E-02  0.35056410E-01
 -0.64205363E-03  0.46496141E-02  0.32784129E-01
 -0.70093978E-03  0.41137875E-02  0.29879043E-01
 -0.66618330E-03  0.34948349E-02  0.26581846E-01
 -0.55921321E-03  0.27585703E-02  0.23232153E-01
 -0.40451155E-03  0.19238963E-02  0.20196701E-01
 -0.23392390E-03  0.10334996E-02  0.17809414E-01
 -0.89194926E-04  0.94976524E-04  0.16341402E-01
 -0.59168312E-02  0.63497647E-02 -0.15970840E-01
 -0.57154314E-02  0.64145330E-02 -0.21158215E-01
 -0.55469601E-02  0.63564017E-02 -0.25810645E-01
 -0.54172136E-02  0.62298560E-02 -0.29739203E-01
 -0.53333385E-02  0.60853675E-02 -0.32754058E-01
 -0.53007231E-02  0.59206701E-02 -0.34708458E-01
 -0.53188951E-02  0.56928736E-02 -0.35483173E-01
 -0.53806445E-02  0.53725949E-02 -0.34944976E-01
  0.19760275E-02 -0.32261538E-02 -0.36068830E-01
  0.16144716E-02 -0.35126666E-02 -0.34100959E-01
  0.11540962E-02 -0.37347653E-02 -0.31189076E-01
  0.10132839E-02 -0.32244249E-02 -0.31271103E-01
  0.48989300E-03 -0.33614610E-02 -0.28529485E-01
 -0.71272949E-04 -0.35045438E-02 -0.24899723E-01
 -0.66802748E-03 -0.36558858E-02 -0.20419416E-01
 -0.12812082E-02 -0.37989396E-02 -0.15122384E-01
 -0.18704933E-02 -0.39206683E-02 -0.90323667E-02
 -0.24020226E-02 -0.40261739E-02 -0.21305583E-02
 -0.28764676E-02 -0.41255004E-02  0.56886107E-02
 -0.33217325E-02 -0.42076920E-02  0.14641321E-01
 -0.37546033E-02 -0.42351870E-02  0.25048661E-01
 -0.41543697E-02 -0.41692704E-02  0.37336620E-01
 -0.44814567E-02 -0.39997289E-02  0.52091904E-01
 -0.34862402E-02 -0.20369219E-02 -0.13731851E-02
 -0.32680291E-02 -0.11009540E-02 -0.53452679E-03
 -0.30922738E-02 -0.99198319E-04  0.19848030E-03
 -0.29951430E-02  0.10224271E-02  0.85903042E-03
 -0.29716292E-02  0.22976951E-02  0.13792382E-02
 -0.30088437E-02  0.37142361E-02  0.15464263E-02
 -0.31237269E-02  0.52308541E-02  0.10785606E-02
 -0.33545844E-02  0.68155561E-02 -0.22101781E-03
 -0.37122225E-02  0.84556897E-02 -0.23186287E-02
 -0.41515948E-02  0.10124027E-01 -0.48885382E-02
 -0.46091759E-02  0.11740692E-01 -0.73561054E-02
 -0.50751596E-02  0.13183996E-01 -0.90226495E-02
  0.55508997E-02  0.61575322E-02 -0.35603511E-02
  0.51907677E-02  0.64624122E-02 -0.27202431E-02
  0.45314688E-02  0.66175755E-02  0.33047269E-03
  0.36922906E-02  0.67037878E-02  0.52184160E-02
  0.28659160E-02  0.67332682E-02  0.11207887E-01
  0.21969431E-02  0.66489319E-02  0.17355292E-01
  0.17115854E-02  0.63897921E-02  0.22748315E-01
  0.13516702E-02  0.59540720E-02  0.26732134E-01
  0.10638200E-02  0.53995580E-02  0.29031416E-01
  0.85051974E-03  0.47886373E-02  0.29734211E-01
  0.74319671E-03  0.41396286E-02  0.29172361E-01
  0.74359257E-03  0.34314750E-02  0.27771192E-01
  0.80502818E-03  0.26469950E-02  0.25935484E-01
  0.86978699E-03  0.18009541E-02  0.24002895E-01
  0.91227625E-03  0.92323330E-03  0.22253622E-01
 -0.63371996E-02  0.59288255E-02 -0.31825254E-02
 -0.60990508E-02  0.61100868E-02 -0.85146001E-02
 -0.58503372E-02  0.61975996E-02 -0.13658420E-01
 -0.56467325E-02  0.61938319E-02 -0.18503095E-01
 -0.55202435E-02  0.61301017E-02 -0.22863724E-01
 -0.54552546E-02  0.60342993E-02 -0.26538473E-01
 -0.54142736E-02  0.59023659E-02 -0.29337222E-01
 -0.53810194E-02  0.57056256E-02 -0.31079717E-01
  0.21487023E-02 -0.26767252E-02 -0.33726412E-01
  0.18781114E-02 -0.28879615E-02 -0.33906573E-01
  0.14872309E-02 -0.30721991E-02 -0.33078984E-01
  0.10132839E-02 -0.32244249E-02 -0.31271103E-01
  0.88280527E-03 -0.27266643E-02 -0.30798615E-01
  0.38419818E-03 -0.28302340E-02 -0.29043349E-01
 -0.14391905E-03 -0.29371491E-02 -0.26354975E-01
 -0.70725955E-03 -0.30567505E-02 -0.22769040E-01
 -0.12921434E-02 -0.32018872E-02 -0.18322973E-01
 -0.18600932E-02 -0.33703334E-02 -0.13062997E-01
 -0.23784455E-02 -0.35377305E-02 -0.70287779E-02
 -0.28513899E-02 -0.36721227E-02 -0.21532566E-03
 -0.33115692E-02 -0.37553745E-02  0.74594433E-02
 -0.37776963E-02 -0.37876579E-02  0.16156174E-01
 -0.42261098E-02 -0.37696885E-02  0.26095124E-01
 -0.46119046E-02 -0.36831368E-02  0.37554537E-01
 -0.49194280E-02 -0.34925048E-02  0.50903776E-01
 -0.42165921E-02 -0.12878769E-02 -0.49278595E-02
 -0.40765052E-02 -0.22015656E-03 -0.48128998E-02
 -0.40049490E-02  0.97309167E-03 -0.48640381E-02
 -0.39808582E-02  0.22970380E-02 -0.51060551E-02
 -0.39809342E-02  0.37644900E-02 -0.56748957E-02
 -0.40207444E-02  0.53790010E-02 -0.68065610E-02
 -0.41403365E-02  0.71090373E-02 -0.87314434E-02
 -0.43470589E-02  0.88841176E-02 -0.11513933E-01
 -0.45853330E-02  0.10622196E-01 -0.14911115E-01
 -0.47806332E-02  0.12262108E-01 -0.18325254E-01
  0.63324375E-02  0.57931646E-02 -0.10559692E-01
  0.64162931E-02  0.66031637E-02 -0.13664956E-01
  0.62359569E-02  0.72569894E-02 -0.13735625E-01
  0.57536439E-02  0.76806413E-02 -0.10783125E-01
  0.50752880E-02  0.78230929E-02 -0.53378563E-02
  0.43858788E-02  0.76927835E-02  0.16259105E-02
  0.38246651E-02  0.73530920E-02  0.89453760E-02
  0.34124805E-02  0.68797286E-02  0.15585532E-01
  0.30872028E-02  0.63193553E-02  0.20874669E-01
  0.27965613E-02  0.56838928E-02  0.24572846E-01
  0.25504201E-02  0.49763360E-02  0.26783205E-01
  0.23900463E-02  0.42140330E-02  0.27789104E-01
  0.23232316E-02  0.34245596E-02  0.27910484E-01
  0.23025780E-02  0.26237181E-02  0.27430061E-01
  0.22663285E-02  0.18048639E-02  0.26585067E-01
 -0.65642228E-02  0.55243993E-02  0.80035228E-02
 -0.64040223E-02  0.57257259E-02  0.29837827E-02
 -0.61883507E-02  0.58599627E-02 -0.20001450E-02
 -0.59483737E-02  0.59565201E-02 -0.69888113E-02
 -0.57446261E-02  0.60208930E-02 -0.11883163E-01
 -0.56122308E-02  0.60352589E-02 -0.16502207E-01
 -0.55340551E-02  0.59797892E-02 -0.20634456E-01
 -0.54687143E-02  0.58510987E-02 -0.24068607E-01
  0.22085648E-02 -0.23622382E-02 -0.28032653E-01
  0.20335518E-02 -0.24601250E-02 -0.30166685E-01
  0.17420777E-02 -0.25424573E-02 -0.31368822E-01
  0.13461254E-02 -0.26290678E-02 -0.31582560E-01
  0.88280527E-03 -0.27266643E-02 -0.30798615E-01
  0.76129244E-03 -0.22556794E-02 -0.29703949E-01
  0.29593682E-03 -0.23292545E-02 -0.28904468E-01
 -0.19546706E-03 -0.24100690E-02 -0.27157675E-01
 -0.70740105E-03 -0.25085419E-02 -0.24489148E-01
 -0.12328991E-02 -0.26521559E-02 -0.20922533E-01
 -0.17610981E-02 -0.28442160E-02 -0.16501752E-01
 -0.22808488E-02 -0.30441764E-02 -0.11298842E-01
 -0.27859340E-02 -0.31974069E-02 -0.53853855E-02
 -0.32755409E-02 -0.32827798E-02  0.12147722E-02
 -0.37493643E-02 -0.33219691E-02  0.85510440E-02
 -0.42032560E-02 -0.33367331E-02  0.16729361E-01
 -0.46310132E-02 -0.33021731E-02  0.25872973E-01
 -0.50310576E-02 -0.31516950E-02  0.36093614E-01
 -0.54112238E-02 -0.28308215E-02  0.47465922E-01
 -0.51709500E-02 -0.32408306E-03 -0.89360643E-02
 -0.50844053E-02  0.91572430E-03 -0.93003458E-02
 -0.50084251E-02  0.22704796E-02 -0.97253491E-02
 -0.49470801E-02  0.37641754E-02 -0.10099293E-01
 -0.49109396E-02  0.54242267E-02 -0.10387601E-01
 -0.49094338E-02  0.72196911E-02 -0.10638740E-01
 -0.49391641E-02  0.90493276E-02 -0.10917184E-01
 -0.49804435E-02  0.10801923E-01 -0.11208147E-01
  0.63369633E-02  0.47269465E-02  0.48725488E-02
  0.65174894E-02  0.57465215E-02  0.12055207E-02
  0.66027753E-02  0.67375457E-02 -0.64977396E-03
  0.65733186E-02  0.76147900E-02 -0.76164937E-03
  0.64265428E-02  0.82222995E-02  0.70787374E-03
  0.61867693E-02  0.84369114E-02  0.34429398E-02
  0.58950833E-02  0.82622481E-02  0.70027857E-02
  0.55880323E-02  0.78219588E-02  0.10912952E-01
  0.52836119E-02  0.72600203E-02  0.14766119E-01
  0.49851896E-02  0.66452349E-02  0.18282999E-01
  0.46965170E-02  0.59646250E-02  0.21312743E-01
  0.44310471E-02  0.51939520E-02  0.23789478E-01
  0.42058238E-02  0.43585012E-02  0.25683911E-01
  0.40263605E-02  0.35204582E-02  0.26982911E-01
  0.38775748E-02  0.27175991E-02  0.27701886E-01
 -0.65998266E-02  0.51143166E-02  0.17379922E-01
 -0.64871014E-02  0.53950919E-02  0.12716601E-01
 -0.63477579E-02  0.55568587E-02  0.82318181E-02
 -0.61863923E-02  0.56560574E-02  0.36692186E-02
 -0.60144444E-02  0.57526364E-02 -0.10433560E-02
 -0.58480499E-02  0.58543076E-02 -0.58357730E-02
 -0.56996671E-02  0.59146928E-02 -0.10541162E-01
 -0.55725788E-02  0.58854508E-02 -0.14947397E-01
  0.22330522E-02 -0.21843534E-02 -0.19709001E-01
  0.21026320E-02 -0.22245758E-02 -0.23337631E-01
  0.18775653E-02 -0.22213871E-02 -0.26269481E-01
  0.15689009E-02 -0.22017905E-02 -0.28366655E-01
  0.11908963E-02 -0.22076206E-02 -0.29526806E-01
  0.76129244E-03 -0.22556794E-02 -0.29703949E-01
  0.64847702E-03 -0.18235599E-02 -0.27947917E-01
  0.22592610E-03 -0.18629063E-02 -0.28076595E-01
 -0.22256149E-03 -0.19291942E-02 -0.27260058E-01
 -0.67884147E-03 -0.20252236E-02 -0.25510444E-01
 -0.11413549E-02 -0.21633544E-02 -0.22842446E-01
 -0.16264754E-02 -0.23405764E-02 -0.19294641E-01
 -0.21444255E-02 -0.25268594E-02 -0.14946053E-01
 -0.26779840E-02 -0.26838019E-02 -0.99006469E-02
 -0.31923853E-02 -0.27932218E-02 -0.42446831E-02
 -0.36688649E-02 -0.28611719E-02  0.19884898E-02
 -0.41241502E-02 -0.28906841E-02  0.88151541E-02
 -0.45914599E-02 -0.28545257E-02  0.16260769E-01
 -0.50824694E-02 -0.27015156E-02  0.24309745E-01
 -0.55735222E-02 -0.23915099E-02  0.32860206E-01
 -0.63718092E-02 -0.41688611E-03 -0.12549086E-01
 -0.62538719E-02  0.81733836E-03 -0.13059799E-01
 -0.61062936E-02  0.21831023E-02 -0.13508568E-01
 -0.59634741E-02  0.36901032E-02 -0.13609437E-01
 -0.58286611E-02  0.53458885E-02 -0.13110957E-01
 -0.56764890E-02  0.71164227E-02 -0.11864500E-01
 -0.54903409E-02  0.89185538E-02 -0.98466542E-02
  0.60584177E-02  0.32649894E-02  0.15206279E-01
  0.63939632E-02  0.44216910E-02  0.12930897E-01
  0.65963769E-02  0.55298110E-02  0.12038127E-01
  0.67293697E-02  0.65657155E-02  0.11815339E-01
  0.68771477E-02  0.74537327E-02  0.11706362E-01
  0.70744110E-02  0.80810013E-02  0.11432737E-01
  0.72736498E-02  0.83638571E-02  0.11039514E-01
  0.73842988E-02  0.83048799E-02  0.10816520E-01
  0.73477632E-02  0.79857433E-02  0.11120925E-01
  0.71784005E-02  0.75035464E-02  0.12193301E-01
  0.69376905E-02  0.69121771E-02  0.14058994E-01
  0.66761164E-02  0.62198608E-02  0.16541313E-01
  0.64035366E-02  0.54328710E-02  0.19342952E-01
  0.61098204E-02  0.45899945E-02  0.22133972E-01
  0.58002679E-02  0.37494381E-02  0.24616841E-01
 -0.64729360E-02  0.46781932E-02  0.24943728E-01
 -0.64342172E-02  0.50248626E-02  0.20390541E-01
 -0.63358420E-02  0.52724244E-02  0.16414931E-01
 -0.62226965E-02  0.54279472E-02  0.12540415E-01
 -0.61240927E-02  0.55304678E-02  0.84977217E-02
 -0.60301490E-02  0.56212205E-02  0.41867561E-02
 -0.59099165E-02  0.57066966E-02 -0.35127166E-03
 -0.57512278E-02  0.57563287E-02 -0.49718530E-02
  0.22016997E-02 -0.21281107E-02 -0.98570136E-02
  0.21363368E-02 -0.20911171E-02 -0.14338815E-01
  0.19573611E-02 -0.20337851E-02 -0.18446440E-01
  0.16926705E-02 -0.19535797E-02 -0.22008244E-01
  0.13785073E-02 -0.18726670E-02 -0.24860177E-01
  0.10317568E-02 -0.18240087E-02 -0.26867268E-01
  0.64847702E-03 -0.18235599E-02 -0.27947917E-01
  0.54410538E-03 -0.14392137E-02 -0.25519946E-01
  0.17344851E-03 -0.14431297E-02 -0.26537632E-01
 -0.22350951E-03 -0.14980826E-02 -0.26630464E-01
 -0.63166362E-03 -0.15966302E-02 -0.25791761E-01
 -0.10517752E-02 -0.17220689E-02 -0.24033468E-01
 -0.15030843E-02 -0.18595456E-02 -0.21393477E-01
 -0.19985740E-02 -0.20031035E-02 -0.17942627E-01
 -0.25225709E-02 -0.21498822E-02 -0.13778228E-01
 -0.30409585E-02 -0.22871646E-02 -0.90037243E-02
 -0.35360169E-02 -0.23868983E-02 -0.37080949E-02
 -0.40259948E-02 -0.24148829E-02  0.20393734E-02
 -0.45440670E-02 -0.23457268E-02  0.81735561E-02
 -0.50979895E-02 -0.21679399E-02  0.14602817E-01
 -0.56562799E-02 -0.18740403E-02  0.21167205E-01
 -0.61783715E-02 -0.14465013E-02  0.27569823E-01
 -0.75411409E-02  0.68526955E-03 -0.16607005E-01
 -0.73431275E-02  0.20270062E-02 -0.17288895E-01
 -0.71117125E-02  0.35169307E-02 -0.17710412E-01
 -0.68434040E-02  0.51211424E-02 -0.17665612E-01
 -0.65020477E-02  0.68004335E-02 -0.16994763E-01
  0.51023514E-02  0.13906855E-02  0.11496446E-01
  0.57803305E-02  0.26727558E-02  0.76847068E-02
  0.63487340E-02  0.39509552E-02  0.56649872E-02
  0.67998168E-02  0.51413433E-02  0.48174887E-02
  0.71882237E-02  0.61647648E-02  0.43976937E-02
  0.75918167E-02  0.69712897E-02  0.37838840E-02
  0.80394823E-02  0.75475364E-02  0.27402970E-02
  0.84764946E-02  0.79002416E-02  0.15206813E-02
  0.88036090E-02  0.80334480E-02  0.71399897E-03
  0.89536613E-02  0.79419476E-02  0.91314616E-03
  0.89338819E-02  0.76260014E-02  0.24176530E-02
  0.87996842E-02  0.71102604E-02  0.51438256E-02
  0.85953333E-02  0.64460603E-02  0.87453320E-02
  0.83248841E-02  0.56939545E-02  0.12800999E-01
  0.79763615E-02  0.49028524E-02  0.16927236E-01
 -0.60635086E-02  0.43661480E-02  0.30466092E-01
 -0.61653006E-02  0.47154311E-02  0.25781350E-01
 -0.61837412E-02  0.49781891E-02  0.22173372E-01
 -0.61404557E-02  0.51827997E-02  0.19014379E-01
 -0.60799029E-02  0.53450660E-02  0.15861720E-01
 -0.60296833E-02  0.54665646E-02  0.12446006E-01
 -0.59755879E-02  0.55442244E-02  0.86566302E-02
 -0.58813223E-02  0.55806631E-02  0.45166573E-02
  0.21311272E-02 -0.21971092E-02  0.25623538E-03
  0.20951235E-02 -0.20919554E-02 -0.43754863E-02
  0.19762694E-02 -0.19529661E-02 -0.89835657E-02
  0.17668182E-02 -0.18054229E-02 -0.13388496E-01
  0.14938027E-02 -0.16708918E-02 -0.17407960E-01
  0.11937344E-02 -0.15611746E-02 -0.20865376E-01
  0.88071252E-03 -0.14817035E-02 -0.23607029E-01
  0.54410538E-03 -0.14392137E-02 -0.25519946E-01
  0.44700074E-03 -0.11063769E-02 -0.22438282E-01
  0.13112230E-03 -0.10819988E-02 -0.24281747E-01
 -0.20998421E-03 -0.11182669E-02 -0.25251041E-01
 -0.57827097E-03 -0.12033185E-02 -0.25313012E-01
 -0.97488322E-03 -0.13054743E-02 -0.24470917E-01
 -0.14010639E-02 -0.14041185E-02 -0.22759139E-01
 -0.18564910E-02 -0.15070255E-02 -0.20234959E-01
 -0.23381512E-02 -0.16310137E-02 -0.16973198E-01
 -0.28425733E-02 -0.17664922E-02 -0.13067345E-01
 -0.33692660E-02 -0.18676596E-02 -0.86330720E-02
 -0.39202233E-02 -0.18821849E-02 -0.38059273E-02
 -0.44941489E-02 -0.17883688E-02  0.12681754E-02
 -0.50808091E-02 -0.15977177E-02  0.64375653E-02
 -0.56623092E-02 -0.13196804E-02  0.11524619E-01
 -0.62214663E-02 -0.92843070E-03  0.16264250E-01
 -0.67509345E-02 -0.36248903E-03  0.20188591E-01
 -0.87766313E-02  0.18153200E-02 -0.20665220E-01
 -0.84642092E-02  0.32268852E-02 -0.21816481E-01
 -0.80411699E-02  0.47274707E-02 -0.23110082E-01
  0.32880743E-02 -0.68156551E-03  0.42090542E-02
  0.42051437E-02  0.54696461E-03 -0.27372018E-02
  0.51228029E-02  0.18795141E-02 -0.86165483E-02
  0.60260392E-02  0.32323758E-02 -0.13213654E-01
  0.68909224E-02  0.44874649E-02 -0.16520320E-01
  0.76949785E-02  0.55373124E-02 -0.18748132E-01
  0.84203596E-02  0.63454210E-02 -0.20162836E-01
  0.90518871E-02  0.69493391E-02 -0.20844606E-01
  0.95749977E-02  0.74006526E-02 -0.20581399E-01
  0.99769554E-02  0.77008182E-02 -0.19013826E-01
  0.10249711E-01  0.77960820E-02 -0.15931792E-01
  0.10390420E-01  0.76344102E-02 -0.11480556E-01
  0.10398667E-01  0.72251684E-02 -0.61123146E-02
  0.10274189E-01  0.66426208E-02 -0.34750555E-03
  0.10019234E-01  0.59746146E-02  0.54343854E-02
 -0.54438268E-02  0.41124814E-02  0.33448336E-01
 -0.56376594E-02  0.45271477E-02  0.28730719E-01
 -0.57730225E-02  0.48124071E-02  0.25351321E-01
 -0.58590587E-02  0.50086054E-02  0.22778496E-01
 -0.59048279E-02  0.51676669E-02  0.20512998E-01
 -0.59175985E-02  0.53125313E-02  0.18157332E-01
 -0.58996106E-02  0.54255302E-02  0.15454666E-01
 -0.58477909E-02  0.54788575E-02  0.12293368E-01
  0.21868277E-02 -0.22262655E-02  0.93689956E-02
  0.20941016E-02 -0.21316643E-02  0.52577023E-02
  0.19559362E-02 -0.19730874E-02  0.84638862E-03
  0.17723631E-02 -0.17696872E-02 -0.37086446E-02
  0.15479838E-02 -0.15664675E-02 -0.82313068E-02
  0.12943745E-02 -0.13995508E-02 -0.12536833E-01
  0.10239765E-02 -0.12738018E-02 -0.16444587E-01
  0.74245232E-03 -0.11764303E-02 -0.19790817E-01
  0.44700074E-03 -0.11063769E-02 -0.22438282E-01
  0.35492148E-03 -0.82265392E-03 -0.18752535E-01
  0.87409811E-04 -0.78063691E-03 -0.21330024E-01
 -0.20277814E-03 -0.78830169E-03 -0.23123107E-01
 -0.53224356E-03 -0.83731895E-03 -0.24066482E-01
 -0.90348042E-03 -0.90553976E-03 -0.24139336E-01
 -0.13032959E-02 -0.97727021E-03 -0.23358740E-01
 -0.17204106E-02 -0.10546975E-02 -0.21765423E-01
 -0.21625255E-02 -0.11452075E-02 -0.19415685E-01
 -0.26517362E-02 -0.12383865E-02 -0.16388967E-01
 -0.32012104E-02 -0.13001707E-02 -0.12803759E-01
 -0.37980679E-02 -0.12926394E-02 -0.88227180E-02
 -0.44113485E-02 -0.11978246E-02 -0.46363998E-02
 -0.50160580E-02 -0.10182294E-02 -0.43860478E-03
 -0.56064823E-02 -0.75313524E-03  0.35774154E-02
 -0.61851606E-02 -0.37720732E-03  0.71793638E-02
 -0.67455020E-02  0.16650024E-03  0.10010635E-01
 -0.73554130E-02  0.12993326E-02  0.11467655E-01
 -0.10061980E-01  0.28208803E-02 -0.23821518E-01
  0.71250385E-03 -0.26251311E-02  0.10771128E-02
  0.17516036E-02 -0.16689982E-02 -0.60614430E-02
  0.28076717E-02 -0.45001086E-03 -0.13609366E-01
  0.39297562E-02  0.86332289E-03 -0.21078295E-01
  0.51279620E-02  0.22066961E-02 -0.27821725E-01
  0.63672411E-02  0.34893602E-02 -0.33257125E-01
  0.75602614E-02  0.46239900E-02 -0.37030906E-01
  0.86058318E-02  0.55676516E-02 -0.39004845E-01
  0.94472831E-02  0.63264789E-02 -0.39117471E-01
  0.10099539E-01  0.69192147E-02 -0.37297111E-01
  0.10619364E-01  0.73372233E-02 -0.33541341E-01
  0.11045905E-01  0.75419787E-02 -0.28085402E-01
  0.11365665E-01  0.75022037E-02 -0.21461475E-01
  0.11530269E-01  0.72322414E-02 -0.14340018E-01
  0.11503766E-01  0.67930085E-02 -0.72604121E-02
 -0.47039768E-02  0.38463208E-02  0.33320253E-01
 -0.49749196E-02  0.43362031E-02  0.29222122E-01
 -0.51782590E-02  0.47048583E-02  0.26132531E-01
 -0.53406713E-02  0.49572963E-02  0.23946668E-01
 -0.54865642E-02  0.51221191E-02  0.22342363E-01
 -0.56126312E-02  0.52387103E-02  0.20934123E-01
 -0.56923386E-02  0.53297681E-02  0.19379489E-01
 -0.57050034E-02  0.53906639E-02  0.17439896E-01
  0.23625280E-02 -0.22018548E-02  0.16423368E-01
  0.22264682E-02 -0.20973219E-02  0.13358077E-01
  0.20367840E-02 -0.19533798E-02  0.97601524E-02
  0.18084897E-02 -0.17637251E-02  0.57263976E-02
  0.15689769E-02 -0.15454005E-02  0.13938435E-02
  0.13352982E-02 -0.13332255E-02 -0.30725582E-02
  0.11044441E-02 -0.11548258E-02 -0.74938998E-02
  0.86513543E-03 -0.10148750E-02 -0.11691135E-01
  0.61381051E-03 -0.90463690E-03 -0.15495183E-01
  0.35492148E-03 -0.82265392E-03 -0.18752535E-01
  0.26532876E-03 -0.58050387E-03 -0.14545382E-01
  0.34006090E-04 -0.52693646E-03 -0.17739779E-01
 -0.21690687E-03 -0.50299642E-03 -0.20276380E-01
 -0.50468337E-03 -0.50634947E-03 -0.22057669E-01
 -0.83541538E-03 -0.53394169E-03 -0.23026078E-01
 -0.12014176E-02 -0.57974934E-03 -0.23165356E-01
 -0.15954224E-02 -0.63354620E-03 -0.22493402E-01
 -0.20250164E-02 -0.68245779E-03 -0.21054292E-01
 -0.25088414E-02 -0.71390069E-03 -0.18919030E-01
 -0.30567802E-02 -0.71683126E-03 -0.16195220E-01
 -0.36555516E-02 -0.68005884E-03 -0.13034347E-01
 -0.42757913E-02 -0.58959864E-03 -0.96252511E-02
 -0.48924557E-02 -0.42797409E-03 -0.61753893E-02
 -0.54954564E-02 -0.17598842E-03 -0.28951471E-02
 -0.60799259E-02  0.18692692E-03 -0.20363263E-05
 -0.66377216E-02  0.71106651E-03  0.22476228E-02
 -0.75621548E-02  0.27959475E-02  0.35001258E-02
  0.23020752E-02 -0.52449435E-02  0.26028236E-01
 -0.13186235E-02 -0.37164664E-02 -0.36196169E-02
 -0.27078769E-03 -0.27353379E-02 -0.87217433E-02
  0.86000115E-03 -0.15809176E-02 -0.14630812E-01
  0.21013083E-02 -0.34845671E-03 -0.20960158E-01
  0.34588668E-02  0.92279834E-03 -0.27080660E-01
  0.48950814E-02  0.21931413E-02 -0.32320952E-01
  0.63193394E-02  0.34144861E-02 -0.36162098E-01
  0.76240529E-02  0.45313734E-02 -0.38301984E-01
  0.87415878E-02  0.54892078E-02 -0.38598430E-01
  0.96721241E-02  0.62457995E-02 -0.37009521E-01
  0.10456804E-01  0.67794457E-02 -0.33622011E-01
  0.11121510E-01  0.70891963E-02 -0.28726391E-01
  0.11643726E-01  0.71891975E-02 -0.22811007E-01
  0.11970772E-01  0.71029867E-02 -0.16413653E-01
  0.12066845E-01  0.68612912E-02 -0.99242256E-02
 -0.42107812E-02  0.41393743E-02  0.27283848E-01
 -0.44846851E-02  0.45746348E-02  0.24758857E-01
 -0.47086516E-02  0.49026474E-02  0.22873021E-01
 -0.49036013E-02  0.51372335E-02  0.21646343E-01
 -0.50877234E-02  0.52879880E-02  0.20861257E-01
 -0.52537127E-02  0.53665472E-02  0.20217616E-01
 -0.53733588E-02  0.53905007E-02  0.19429947E-01
  0.26745892E-02 -0.21429367E-02  0.20707597E-01
  0.24589106E-02 -0.20294119E-02  0.18984180E-01
  0.22218590E-02 -0.18744772E-02  0.16640818E-01
  0.19553407E-02 -0.16898167E-02  0.13679363E-01
  0.16729996E-02 -0.14908287E-02  0.10165165E-01
  0.14012868E-02 -0.12915759E-02  0.62129224E-02
  0.11560845E-02 -0.11023802E-02  0.19701876E-02
  0.93191225E-03 -0.93084461E-03 -0.23975439E-02
  0.71313106E-03 -0.78354985E-03 -0.67182850E-02
  0.49084407E-03 -0.66587864E-03 -0.10821761E-01
  0.26532876E-03 -0.58050387E-03 -0.14545382E-01
  0.17644704E-03 -0.36955069E-03 -0.99287416E-02
 -0.30060298E-04 -0.30419844E-03 -0.13603807E-01
 -0.25314681E-03 -0.25395787E-03 -0.16774084E-01
 -0.50192439E-03 -0.21882423E-03 -0.19315080E-01
 -0.78647739E-03 -0.20448956E-03 -0.21130951E-01
 -0.11160022E-02 -0.21077627E-03 -0.22164559E-01
 -0.14962777E-02 -0.22444000E-03 -0.22402488E-01
 -0.19285547E-02 -0.22589211E-03 -0.21872025E-01
 -0.24105678E-02 -0.20278890E-03 -0.20634049E-01
 -0.29382223E-02 -0.15481653E-03 -0.18779257E-01
 -0.35057493E-02 -0.83915838E-04 -0.16431083E-01
 -0.41036112E-02  0.18938710E-04 -0.13750857E-01
 -0.47158034E-02  0.17541716E-03 -0.10936152E-01
 -0.53192448E-02  0.40894837E-03 -0.82057352E-02
 -0.58879059E-02  0.73898814E-03 -0.57729379E-02
 -0.64266867E-02  0.12627337E-02 -0.38196717E-02
  0.24964150E-02 -0.56469523E-02  0.15130181E-01
  0.24278098E-02 -0.52174802E-02  0.14233377E-01
 -0.36983776E-02 -0.47015413E-02 -0.27794777E-02
 -0.27190805E-02 -0.38144357E-02 -0.48460190E-02
 -0.15957030E-02 -0.27848678E-02 -0.75866726E-02
 -0.32980379E-03 -0.16691010E-02 -0.10881194E-01
  0.10625609E-02 -0.49000604E-03 -0.14437807E-01
  0.25467979E-02  0.73834778E-03 -0.17882876E-01
  0.40673891E-02  0.19876179E-02 -0.20866993E-01
  0.55585217E-02  0.31991943E-02 -0.23113110E-01
  0.69614486E-02  0.42933539E-02 -0.24402862E-01
  0.82354973E-02  0.52005585E-02 -0.24560639E-01
  0.93549855E-02  0.58899330E-02 -0.23484591E-01
  0.10296972E-01  0.63713143E-02 -0.21202834E-01
  0.11033184E-01  0.66720060E-02 -0.17884132E-01
  0.11535196E-01  0.68125258E-02 -0.13767852E-01
 -0.34369742E-02  0.38914154E-02  0.22766545E-01
 -0.37259098E-02  0.44293500E-02  0.21129961E-01
 -0.39931492E-02  0.48323157E-02  0.19617275E-01
 -0.42388390E-02  0.51293717E-02  0.18626467E-01
 -0.44637333E-02  0.53402938E-02  0.18181833E-01
 -0.46660798E-02  0.54679754E-02  0.18111778E-01
 -0.48399167E-02  0.55116691E-02  0.18177112E-01
  0.32255072E-02 -0.19684963E-02  0.22001737E-01
  0.28860802E-02 -0.18730789E-02  0.21608434E-01
  0.25403764E-02 -0.17393585E-02  0.20692050E-01
  0.22001959E-02 -0.15672040E-02  0.19142257E-01
  0.18718569E-02 -0.13764919E-02  0.16919127E-01
  0.15610305E-02 -0.11909666E-02  0.14052756E-01
  0.12739886E-02 -0.10210764E-02  0.10628943E-01
  0.10151372E-02 -0.86300759E-03  0.67704724E-02
  0.78385427E-03 -0.71206984E-03  0.26229665E-02
  0.57371102E-03 -0.57327622E-03 -0.16537441E-02
  0.37469642E-03 -0.45746697E-03 -0.58928841E-02
  0.17644704E-03 -0.36955069E-03 -0.99287416E-02
  0.87756566E-04 -0.17884553E-03 -0.50337647E-02
 -0.10177870E-03 -0.10082419E-03 -0.90398307E-02
 -0.30482252E-03 -0.31272189E-04 -0.12709550E-01
 -0.52669452E-03  0.31253830E-04 -0.15898870E-01
 -0.77911716E-03  0.85187130E-04 -0.18481697E-01
 -0.10794444E-02  0.13063132E-03 -0.20363569E-01
 -0.14405005E-02  0.17342983E-03 -0.21494066E-01
 -0.18613724E-02  0.22349370E-03 -0.21869985E-01
 -0.23295048E-02  0.28907592E-03 -0.21528571E-01
 -0.28321147E-02  0.37344434E-03 -0.20538958E-01
 -0.33641796E-02  0.47754455E-03 -0.19001340E-01
 -0.39236975E-02  0.60540277E-03 -0.17054728E-01
 -0.44990918E-02  0.76643444E-03 -0.14882253E-01
 -0.50629414E-02  0.97404720E-03 -0.12698486E-01
 -0.55844880E-02  0.12560915E-02 -0.10711521E-01
  0.29213533E-02 -0.58033273E-02  0.36665554E-02
  0.27718105E-02 -0.55231103E-02  0.42356492E-02
  0.26368933E-02 -0.51087521E-02  0.43308362E-02
  0.25110927E-02 -0.45558447E-02  0.41121072E-02
 -0.54084544E-02 -0.48200711E-02  0.10593193E-02
 -0.43749876E-02 -0.39681359E-02  0.97703203E-03
 -0.31623398E-02 -0.29972522E-02  0.21306463E-03
 -0.17969359E-02 -0.19241035E-02 -0.12340371E-02
 -0.31010387E-03 -0.76768918E-03 -0.32642814E-02
  0.12630989E-02  0.44019597E-03 -0.56853121E-02
  0.28793975E-02  0.16490256E-02 -0.82270273E-02
  0.44819652E-02  0.27961394E-02 -0.10562010E-01
  0.60025098E-02  0.38241891E-02 -0.12345267E-01
  0.73733300E-02  0.46974464E-02 -0.13277925E-01
  0.85420197E-02  0.54050493E-02 -0.13172566E-01
  0.94783007E-02  0.59507258E-02 -0.11982493E-01
  0.10169857E-01  0.63403205E-02 -0.97782138E-02
 -0.30449911E-02  0.41646090E-02  0.14536750E-01
 -0.32877036E-02  0.46992178E-02  0.13774286E-01
 -0.35298161E-02  0.50958032E-02  0.13125885E-01
 -0.37730800E-02  0.53748671E-02  0.12908002E-01
 -0.40067821E-02  0.55550424E-02  0.13163591E-01
 -0.42164958E-02  0.56470226E-02  0.13773219E-01
  0.39300085E-02 -0.17273222E-02  0.20504358E-01
  0.35142525E-02 -0.16054086E-02  0.21215592E-01
  0.30720896E-02 -0.14808241E-02  0.21612168E-01
  0.26271436E-02 -0.13423065E-02  0.21517624E-01
  0.22045085E-02 -0.11886750E-02  0.20801051E-01
  0.18208393E-02 -0.10298307E-02  0.19392428E-01
  0.14793954E-02 -0.87840801E-03  0.17284848E-01
  0.11752110E-02 -0.74008121E-03  0.14525198E-01
  0.90418278E-03 -0.61206946E-03  0.11201596E-01
  0.66582940E-03 -0.48992712E-03  0.74336931E-02
  0.45775983E-03 -0.37410881E-03  0.33651496E-02
  0.27009724E-03 -0.26934889E-03 -0.84523050E-03
  0.87756566E-04 -0.17884553E-03 -0.50337647E-02
 -0.44152238E-06  0.19166120E-05  0.54540061E-06
 -0.18049466E-03  0.88866704E-04 -0.41781057E-02
 -0.37059714E-03  0.17485690E-03 -0.81973029E-02
 -0.58087727E-03  0.26193531E-03 -0.11900299E-01
 -0.82197841E-03  0.35218185E-03 -0.15140960E-01
 -0.11044354E-02  0.44647641E-03 -0.17796485E-01
 -0.14365336E-02  0.54475202E-03 -0.19779607E-01
 -0.18214199E-02  0.64739506E-03 -0.21045213E-01
 -0.22553509E-02  0.75619897E-03 -0.21591365E-01
 -0.27284777E-02  0.87380404E-03 -0.21459108E-01
 -0.32275083E-02  0.10023085E-02 -0.20734531E-01
 -0.37377641E-02  0.11428036E-02 -0.19551251E-01
 -0.42426377E-02  0.12970085E-02 -0.18086817E-01
 -0.47223936E-02  0.14729955E-02 -0.16546543E-01
  0.35386992E-02 -0.57676801E-02 -0.63299618E-02
  0.33256171E-02 -0.56081845E-02 -0.54957581E-02
  0.31187779E-02 -0.53339102E-02 -0.51047113E-02
  0.29228930E-02 -0.49304686E-02 -0.50581720E-02
  0.27343182E-02 -0.43896041E-02 -0.50803963E-02
 -0.80207164E-02 -0.56762287E-02  0.58713546E-02
 -0.71416086E-02 -0.50423241E-02  0.70838194E-02
 -0.60420450E-02 -0.42598569E-02  0.73823015E-02
 -0.47402061E-02 -0.33388295E-02  0.66975430E-02
 -0.32667043E-02 -0.22996796E-02  0.50840401E-02
 -0.16669747E-02 -0.11735542E-02  0.27416780E-02
  0.41852603E-08 -0.65988498E-06 -0.17211776E-05
  0.16670816E-02  0.11729445E-02 -0.27443562E-02
  0.32669445E-02  0.23002027E-02 -0.50848502E-02
  0.47403367E-02  0.33391185E-02 -0.66963859E-02
  0.60417990E-02  0.42581675E-02 -0.73800461E-02
  0.71410130E-02  0.50385765E-02 -0.70817138E-02
  0.80200900E-02  0.56723506E-02 -0.58702891E-02
 -0.27344402E-02  0.43878764E-02  0.50801823E-02
 -0.29227328E-02  0.49311706E-02  0.50574139E-02
 -0.31183305E-02  0.53356808E-02  0.51042518E-02
 -0.33247677E-02  0.56095132E-02  0.54961131E-02
 -0.35372891E-02  0.57682770E-02  0.63310689E-02
  0.47246392E-02 -0.14723113E-02  0.16548024E-01
  0.42444662E-02 -0.12964690E-02  0.18087753E-01
  0.37381649E-02 -0.11431058E-02  0.19551630E-01
  0.32260254E-02 -0.10039198E-02  0.20734782E-01
  0.27257555E-02 -0.87588194E-03  0.21459743E-01
  0.22527812E-02 -0.75701240E-03  0.21592618E-01
  0.18201338E-02 -0.64610554E-03  0.21046928E-01
  0.14366103E-02 -0.54260397E-03  0.19781413E-01
  0.11050136E-02 -0.44581575E-03  0.17798070E-01
  0.82210295E-03 -0.35405626E-03  0.15142234E-01
  0.58024902E-03 -0.26477317E-03  0.11901365E-01
  0.36957721E-03 -0.17580407E-03  0.81983219E-02
  0.17951770E-03 -0.86600059E-04  0.41791670E-02
 -0.44152238E-06  0.19166120E-05  0.54540061E-06
  
