 -0.67642273E-06 -0.92164779E-07 -0.76172432E-06
 -0.26464305E-03 -0.11880279E-02  0.63407225E-02
 -0.52606921E-03 -0.23305901E-02  0.12321486E-01
 -0.78299997E-03 -0.33850530E-02  0.17617377E-01
 -0.10345452E-02 -0.43137647E-02  0.21973919E-01
 -0.12812732E-02 -0.50862355E-02  0.25232704E-01
 -0.15254495E-02 -0.56807282E-02  0.27348541E-01
 -0.17710868E-02 -0.60852452E-02  0.28395636E-01
 -0.20237879E-02 -0.62978517E-02  0.28562140E-01
 -0.22903795E-02 -0.63263251E-02  0.28133440E-01
 -0.25783575E-02 -0.61871717E-02  0.27465677E-01
 -0.28951816E-02 -0.59040950E-02  0.26951848E-01
 -0.32474774E-02 -0.55060391E-02  0.26983604E-01
 -0.36402187E-02 -0.50249601E-02  0.27912271E-01
 -0.40759719E-02 -0.44934936E-02  0.30012740E-01
 -0.45542836E-02 -0.39426879E-02  0.33453649E-01
 -0.50712893E-02 -0.33999655E-02  0.38276750E-01
 -0.56196023E-02 -0.28874509E-02  0.44387550E-01
 -0.61885187E-02 -0.24207722E-02  0.51558299E-01
 -0.67645483E-02 -0.20084057E-02  0.59443305E-01
 -0.73322459E-02 -0.16515878E-02  0.67605421E-01
 -0.78752884E-02 -0.13447774E-02  0.75551525E-01
 -0.83777144E-02 -0.10766102E-02  0.82773978E-01
 -0.88252238E-02 -0.83125056E-03  0.88794455E-01
 -0.92064208E-02 -0.59002213E-03  0.93206298E-01
 -0.95138861E-02 -0.33317998E-03  0.95711630E-01
 -0.97449731E-02 -0.41682829E-04  0.96149854E-01
 -0.99022444E-02  0.30117090E-03  0.94514941E-01
 -0.99934944E-02  0.70836323E-03  0.90959831E-01
 -0.10031341E-01  0.11881282E-02  0.85787379E-01
 -0.10032404E-01  0.17433395E-02  0.79428495E-01
 -0.10016132E-01  0.23713422E-02  0.72409169E-01
 -0.10003362E-01  0.30642240E-02  0.65309110E-01
 -0.10014729E-01  0.38094839E-02  0.58715404E-01
 -0.10069060E-01  0.45910293E-02  0.53175079E-01
 -0.10181882E-01  0.53904103E-02  0.49150535E-01
 -0.10364162E-01  0.61881836E-02  0.46981582E-01
 -0.10621410E-01  0.69652964E-02  0.46857260E-01
 -0.10953192E-01  0.77043803E-02  0.48799809E-01
 -0.11353124E-01  0.83908618E-02  0.52662112E-01
 -0.11809330E-01  0.90138114E-02  0.58138841E-01
 -0.12305339E-01  0.95664794E-02  0.64790370E-01
 -0.12821355E-01  0.10046493E-01  0.72077485E-01
 -0.13335773E-01  0.10455719E-01  0.79404032E-01
 -0.13826847E-01  0.10799814E-01  0.86164019E-01
 -0.14274358E-01  0.11087522E-01  0.91789340E-01
 -0.14661141E-01  0.11329787E-01  0.95794265E-01
 -0.14974374E-01  0.11538745E-01  0.97813161E-01
 -0.15206502E-01  0.11726701E-01  0.97628456E-01
 -0.15355733E-01  0.11905158E-01  0.95186723E-01
 -0.20206505E-01  0.26177053E-02  0.16059055E+00
 -0.20148786E-01  0.28024920E-02  0.15301244E+00
 -0.20033579E-01  0.30133400E-02  0.14397364E+00
 -0.19878454E-01  0.32520478E-02  0.13398128E+00
 -0.19702886E-01  0.35174585E-02  0.12360443E+00
 -0.19526716E-01  0.38057249E-02  0.11342994E+00
 -0.19368614E-01  0.41107624E-02  0.10401759E+00
 -0.19244666E-01  0.44248403E-02  0.95858190E-01
 -0.19167177E-01  0.47392558E-02  0.89337851E-01
 -0.19143813E-01  0.50450304E-02  0.84711143E-01
 -0.19177097E-01  0.53335735E-02  0.82085055E-01
 -0.19264326E-01  0.55972621E-02  0.81414818E-01
 -0.19397882E-01  0.58298971E-02  0.82511615E-01
 -0.19565905E-01  0.60270095E-02  0.85061311E-01
 -0.19753268E-01  0.61860035E-02  0.88652409E-01
 -0.19942758E-01  0.63061397E-02  0.92810795E-01
 -0.20116371E-01  0.63883710E-02  0.97038297E-01
 -0.20256611E-01  0.64350603E-02  0.10085190E+00
 -0.20347681E-01  0.64496109E-02  0.10382041E+00
 -0.20376488E-01  0.64360504E-02  0.10559578E+00
 -0.20333381E-01  0.63986070E-02  0.10593661E+00
 -0.20212569E-01  0.63413147E-02  0.10472228E+00
 -0.20012202E-01  0.62676799E-02  0.10195679E+00
 -0.19734125E-01  0.61804320E-02  0.97762371E-01
 -0.19383332E-01  0.60813735E-02  0.92363652E-01
 -0.18967176E-01  0.59713327E-02  0.86064070E-01
 -0.18494425E-01  0.58502139E-02  0.79216705E-01
 -0.17974238E-01  0.57171331E-02  0.72192158E-01
 -0.17415157E-01  0.55706163E-02  0.65346262E-01
 -0.16824210E-01  0.54088385E-02  0.58990375E-01
 -0.16206194E-01  0.52298760E-02  0.53366678E-01
 -0.15563204E-01  0.50319479E-02  0.48630450E-01
 -0.14894453E-01  0.48136237E-02  0.44840608E-01
 -0.14196377E-01  0.45739816E-02  0.41959109E-01
 -0.13463048E-01  0.43127064E-02  0.39858981E-01
 -0.12686813E-01  0.40301226E-02  0.38340054E-01
 -0.11859149E-01  0.37271674E-02  0.37150784E-01
 -0.10971619E-01  0.34053106E-02  0.36014085E-01
 -0.10016872E-01  0.30664367E-02  0.34654757E-01
 -0.89895759E-02  0.27127041E-02  0.32826023E-01
 -0.78872245E-02  0.23464002E-02  0.30332780E-01
 -0.67107180E-02  0.19698079E-02  0.27049520E-01
 -0.54646833E-02  0.15850984E-02  0.22931380E-01
 -0.41574913E-02  0.11942593E-02  0.18017394E-01
 -0.28009689E-02  0.79906445E-03  0.12425754E-01
 -0.14098238E-02  0.40108397E-03  0.63415970E-02
 -0.82977375E-06  0.17308501E-05 -0.15049440E-05
  0.36634067E-02 -0.26575605E-03 -0.73612901E-05
  0.34128163E-02 -0.13665854E-02  0.62706313E-02
  0.31579333E-02 -0.23589415E-02  0.12153670E-01
  0.29011688E-02 -0.32180263E-02  0.17329229E-01
  0.26443589E-02 -0.39320806E-02  0.21555589E-01
  0.23882379E-02 -0.45017350E-02  0.24687074E-01
  0.21320277E-02 -0.49382255E-02  0.26690112E-01
  0.18731965E-02 -0.52607022E-02  0.27648468E-01
  0.16074298E-02 -0.54929319E-02  0.27757078E-01
  0.13288331E-02 -0.56597516E-02  0.27304907E-01
  0.10303675E-02 -0.57836393E-02  0.26648344E-01
  0.70449000E-03 -0.58817525E-02  0.26177485E-01
  0.34394645E-03 -0.59637293E-02  0.26278400E-01
 -0.57355050E-04 -0.60304672E-02  0.27294843E-01
 -0.50348151E-03 -0.60739927E-02  0.29492986E-01
 -0.99571826E-03 -0.60784243E-02  0.33032516E-01
 -0.15320111E-02 -0.60219230E-02  0.37946896E-01
 -0.21066860E-02 -0.58794216E-02  0.44134799E-01
 -0.27105009E-02 -0.56258483E-02  0.51363711E-01
 -0.33310529E-02 -0.52395071E-02  0.59285636E-01
 -0.39535276E-02 -0.47052605E-02  0.67463706E-01
 -0.45617411E-02 -0.40171745E-02  0.75407524E-01
 -0.51393930E-02 -0.31803381E-02  0.82614238E-01
 -0.56714201E-02 -0.22116422E-02  0.88611784E-01
 -0.61453282E-02 -0.11394065E-02  0.93000518E-01
 -0.65523745E-02 -0.18502000E-05  0.95489523E-01
 -0.68884821E-02  0.11554863E-02  0.95924341E-01
 -0.71547899E-02  0.22831562E-02  0.94303564E-01
 -0.73577740E-02  0.33317644E-02  0.90782699E-01
 -0.75089140E-02  0.42561166E-02  0.85664806E-01
 -0.76239183E-02  0.50191828E-02  0.79378537E-01
 -0.77215661E-02  0.55955083E-02  0.72445344E-01
 -0.78222575E-02  0.59737486E-02  0.65438507E-01
 -0.79463913E-02  0.61580779E-02  0.58937391E-01
 -0.81127085E-02  0.61683166E-02  0.53480738E-01
 -0.83367417E-02  0.60387366E-02  0.49522898E-01
 -0.86295046E-02  0.58156165E-02  0.47396662E-01
 -0.89965356E-02  0.55537322E-02  0.47285788E-01
 -0.94373772E-02  0.53120596E-02  0.49209534E-01
 -0.99455400E-02  0.51490412E-02  0.53020461E-01
 -0.10508953E-01  0.51178075E-02  0.58415703E-01
 -0.11110868E-01  0.52617505E-02  0.64960749E-01
 -0.11731139E-01  0.56108233E-02  0.72123786E-01
 -0.12347772E-01  0.61788784E-02  0.79317771E-01
 -0.12938624E-01  0.69622725E-02  0.85946793E-01
 -0.13483095E-01  0.79398623E-02  0.91452963E-01
 -0.13963698E-01  0.90743993E-02  0.95360054E-01
 -0.14367358E-01  0.10315216E-01  0.97310412E-01
 -0.14686353E-01  0.11601988E-01  0.97092240E-01
 -0.14918820E-01  0.12869275E-01  0.94655181E-01
 -0.24529690E-01  0.37109933E-02  0.15980838E+00
 -0.24386421E-01  0.51351272E-02  0.15232729E+00
 -0.24183455E-01  0.63457545E-02  0.14341359E+00
 -0.23941471E-01  0.73054947E-02  0.13356641E+00
 -0.23683433E-01  0.79931351E-02  0.12334516E+00
 -0.23432781E-01  0.84051179E-02  0.11332616E+00
 -0.23211613E-01  0.85556456E-02  0.10405865E+00
 -0.23039007E-01  0.84754114E-02  0.96023708E-01
 -0.22929620E-01  0.82090727E-02  0.89599299E-01
 -0.22892664E-01  0.78116817E-02  0.85034072E-01
 -0.22931327E-01  0.73443723E-02  0.82431770E-01
 -0.23042667E-01  0.68696562E-02  0.81747272E-01
 -0.23217988E-01  0.64467053E-02  0.82794309E-01
 -0.23443625E-01  0.61269951E-02  0.85263936E-01
 -0.23702085E-01  0.59506459E-02  0.88752047E-01
 -0.23973432E-01  0.59437362E-02  0.92793483E-01
 -0.24236796E-01  0.61167800E-02  0.96899863E-01
 -0.24471876E-01  0.64644608E-02  0.10059799E+00
 -0.24660340E-01  0.69666112E-02  0.10346575E+00
 -0.24786984E-01  0.75903269E-02  0.10516271E+00
 -0.24840589E-01  0.82930150E-02  0.10545306E+00
 -0.24814414E-01  0.90261043E-02  0.10421938E+00
 -0.24706296E-01  0.97390977E-02  0.10146625E+00
 -0.24518364E-01  0.10383629E-01  0.97313935E-01
 -0.24256412E-01  0.10917194E-01  0.91982765E-01
 -0.23928997E-01  0.11306259E-01  0.85770011E-01
 -0.23546341E-01  0.11528516E-01  0.79021283E-01
 -0.23119143E-01  0.11574125E-01  0.72099078E-01
 -0.22657407E-01  0.11445875E-01  0.65351200E-01
 -0.22169386E-01  0.11158293E-01  0.59081727E-01
 -0.21660734E-01  0.10735813E-01  0.53526902E-01
 -0.21133929E-01  0.10210191E-01  0.48837865E-01
 -0.20588022E-01  0.96174234E-02  0.45071479E-01
 -0.20018728E-01  0.89944469E-02  0.42189826E-01
 -0.19418841E-01  0.83759226E-02  0.40068137E-01
 -0.18778938E-01  0.77913777E-02  0.38510235E-01
 -0.18088306E-01  0.72629519E-02  0.37269923E-01
 -0.17336018E-01  0.68039277E-02  0.36076264E-01
 -0.16512042E-01  0.64181530E-02  0.34660407E-01
 -0.15608310E-01  0.61003805E-02  0.32781501E-01
 -0.14619632E-01  0.58374665E-02  0.30249395E-01
 -0.13544395E-01  0.56102938E-02  0.26942104E-01
 -0.12384965E-01  0.53962202E-02  0.22816546E-01
 -0.11147779E-01  0.51718095E-02  0.17911659E-01
 -0.98431102E-02  0.49155773E-02  0.12343709E-01
 -0.84845260E-02  0.46104883E-02  0.62942976E-02
 -0.70880971E-02  0.42459634E-02 -0.77594679E-05
  0.74628460E-02 -0.71243831E-03 -0.12862902E-04
  0.72572579E-02 -0.16326142E-02  0.61246207E-02
  0.70411197E-02 -0.23902903E-02  0.11854913E-01
  0.68163723E-02 -0.29822205E-02  0.16889663E-01
  0.65848265E-02 -0.34248158E-02  0.21008923E-01
  0.63475626E-02 -0.37506996E-02  0.24084178E-01
  0.61044078E-02 -0.40036211E-02  0.26092677E-01
  0.58535594E-02 -0.42322677E-02  0.27121610E-01
  0.55914135E-02 -0.44836217E-02  0.27361618E-01
  0.53126366E-02 -0.47965491E-02  0.27090128E-01
  0.50104961E-02 -0.51962838E-02  0.26645931E-01
  0.46774337E-02 -0.56903848E-02  0.26397280E-01
  0.43058359E-02 -0.62666001E-02  0.26706399E-01
  0.38889304E-02 -0.68928870E-02  0.27893651E-01
  0.34217133E-02 -0.75196272E-02  0.30204729E-01
  0.29018028E-02 -0.80838629E-02  0.33783938E-01
  0.23301135E-02 -0.85151760E-02  0.38656193E-01
  0.17112598E-02 -0.87426688E-02  0.44719534E-01
  0.10536184E-02 -0.87023842E-02  0.51749067E-01
  0.36901607E-03 -0.83444517E-02  0.59412219E-01
 -0.32795547E-03 -0.76392504E-02  0.67294131E-01
 -0.10209520E-02 -0.65819622E-02  0.74931124E-01
 -0.16931356E-02 -0.51950225E-02  0.81849410E-01
 -0.23285686E-02 -0.35281633E-02  0.87605686E-01
 -0.29136116E-02 -0.16559574E-02  0.91826080E-01
 -0.34381898E-02  0.32699646E-03  0.94239979E-01
 -0.38967995E-02  0.23128897E-02  0.94705725E-01
 -0.42891487E-02  0.41889749E-02  0.93225794E-01
 -0.46203584E-02  0.58465989E-02  0.89950026E-01
 -0.49006914E-02  0.71902268E-02  0.85166454E-01
 -0.51448206E-02  0.81456670E-02  0.79280387E-01
 -0.53706917E-02  0.86667664E-02  0.72783393E-01
 -0.55980731E-02  0.87399640E-02  0.66214722E-01
 -0.58469176E-02  0.83862666E-02  0.60118352E-01
 -0.61356765E-02  0.76604286E-02  0.54999243E-01
 -0.64797136E-02  0.66473514E-02  0.51282437E-01
 -0.68899571E-02  0.54559566E-02  0.49278414E-01
 -0.73719079E-02  0.42110032E-02  0.49157609E-01
 -0.79250910E-02  0.30434959E-02  0.50936183E-01
 -0.85429980E-02  0.20804560E-02  0.54474242E-01
 -0.92135266E-02  0.14348830E-02  0.59486638E-01
 -0.99198802E-02  0.11967255E-02  0.65565453E-01
 -0.10641851E-01  0.14255981E-02  0.72212295E-01
 -0.11357381E-01  0.21458430E-02  0.78877766E-01
 -0.12044262E-01  0.33443396E-02  0.85004869E-01
 -0.12681851E-01  0.49712456E-02  0.90072832E-01
 -0.13252635E-01  0.69436112E-02  0.93637821E-01
 -0.13743539E-01  0.91515780E-02  0.95367312E-01
 -0.14146869E-01  0.11466664E-01  0.95065423E-01
 -0.14460806E-01  0.13751473E-01  0.92687281E-01
 -0.28688203E-01  0.44927105E-02  0.15715607E+00
 -0.28467003E-01  0.70927149E-02  0.15004984E+00
 -0.28184721E-01  0.92539082E-02  0.14160371E+00
 -0.27864791E-01  0.10902837E-01  0.13228517E+00
 -0.27533248E-01  0.12000099E-01  0.12261766E+00
 -0.27216679E-01  0.12542907E-01  0.11313999E+00
 -0.26940155E-01  0.12564810E-01  0.10436527E+00
 -0.26725342E-01  0.12132645E-01  0.96742584E-01
 -0.26588906E-01  0.11340991E-01  0.90624442E-01
 -0.26541364E-01  0.10304603E-01  0.86242387E-01
 -0.26586431E-01  0.91494657E-02  0.83692564E-01
 -0.26720915E-01  0.80031784E-02  0.82932139E-01
 -0.26935136E-01  0.69854525E-02  0.83786602E-01
 -0.27213828E-01  0.61994530E-02  0.85967095E-01
 -0.27537427E-01  0.57246478E-02  0.89096155E-01
 -0.27883627E-01  0.56116883E-02  0.92739581E-01
 -0.28229079E-01  0.58796684E-02  0.96441732E-01
 -0.28551084E-01  0.65159152E-02  0.99761336E-01
 -0.28829151E-01  0.74782527E-02  0.10230493E+00
 -0.29046300E-01  0.86994861E-02  0.10375532E+00
 -0.29190021E-01  0.10093681E-01  0.10389293E+00
 -0.29252820E-01  0.11563677E-01  0.10260848E+00
 -0.29232323E-01  0.13009193E-01  0.99906373E-01
 -0.29130965E-01  0.14334852E-01  0.95898617E-01
 -0.28955283E-01  0.15457474E-01  0.90790307E-01
 -0.28714899E-01  0.16312077E-01  0.84857976E-01
 -0.28421299E-01  0.16856132E-01  0.78422949E-01
 -0.28086494E-01  0.17071803E-01  0.71822043E-01
 -0.27721706E-01  0.16966044E-01  0.65378182E-01
 -0.27336175E-01  0.16568641E-01  0.59373400E-01
 -0.26936195E-01  0.15928442E-01  0.54026462E-01
 -0.26524451E-01  0.15108162E-01  0.49476861E-01
 -0.26099720E-01  0.14178264E-01  0.45776364E-01
 -0.25656935E-01  0.13210486E-01  0.42888632E-01
 -0.25187626E-01  0.12271578E-01  0.40696676E-01
 -0.24680676E-01  0.11417805E-01  0.39017309E-01
 -0.24123325E-01  0.10690660E-01  0.37621105E-01
 -0.23502339E-01  0.10114143E-01  0.36255958E-01
 -0.22805237E-01  0.96937741E-02  0.34672059E-01
 -0.22021457E-01  0.94173955E-02  0.32646007E-01
 -0.21143383E-01  0.92576167E-02  0.30001889E-01
 -0.20167132E-01  0.91756336E-02  0.26627494E-01
 -0.19093029E-01  0.91260259E-02  0.22484237E-01
 -0.17925765E-01  0.90620558E-02  0.17609989E-01
 -0.16674194E-01  0.89409543E-02  0.12114634E-01
 -0.15350831E-01  0.87286846E-02  0.61688521E-02
 -0.13971070E-01  0.84037326E-02 -0.12808034E-04
  0.11498581E-01 -0.14803891E-02 -0.16366001E-04
  0.11362812E-01 -0.21491629E-02  0.59144038E-02
  0.11211848E-01 -0.26129424E-02  0.11451698E-01
  0.11046222E-01 -0.28913320E-02  0.16341556E-01
  0.10866632E-01 -0.30284255E-02  0.20392521E-01
  0.10673352E-01 -0.30867792E-02  0.23495609E-01
  0.10465673E-01 -0.31393933E-02  0.25636488E-01
  0.10241481E-01 -0.32605164E-02  0.26898609E-01
  0.99970130E-02 -0.35162093E-02  0.27456893E-01
  0.97268603E-02 -0.39556285E-02  0.27562436E-01
  0.94242315E-02 -0.46039321E-02  0.27519548E-01
  0.90814757E-02 -0.54575582E-02  0.27657158E-01
  0.86908235E-02 -0.64824078E-02  0.28297175E-01
  0.82452761E-02 -0.76151880E-02  0.29722704E-01
  0.77395497E-02 -0.87678700E-02  0.32149060E-01
  0.71709648E-02 -0.98349167E-02  0.35700336E-01
  0.65401713E-02 -0.10702659E-01  0.40393766E-01
  0.58516082E-02 -0.11259985E-01  0.46133508E-01
  0.51136208E-02 -0.11409357E-01  0.52714572E-01
  0.43381942E-02 -0.11077122E-01  0.59836767E-01
  0.35402998E-02 -0.10222117E-01  0.67127605E-01
  0.27368954E-02 -0.88417098E-02  0.74172279E-01
  0.19456587E-02 -0.69746205E-02  0.80548193E-01
  0.11835685E-02 -0.47001616E-02  0.85861064E-01
  0.46546489E-03 -0.21338406E-02  0.89779439E-01
 -0.19726849E-03  0.58039938E-03  0.92064580E-01
 -0.79776791E-03  0.32807188E-02  0.92593042E-01
 -0.13343866E-02  0.57998569E-02  0.91369874E-01
 -0.18109471E-02  0.79785123E-02  0.88531181E-01
 -0.22365126E-02  0.96784964E-02  0.84335690E-01
 -0.26246865E-02  0.10794528E-01  0.79145920E-01
 -0.29924945E-02  0.11263631E-01  0.73400441E-01
 -0.33589435E-02  0.11071299E-01  0.67579500E-01
 -0.37433825E-02  0.10253831E-01  0.62166843E-01
 -0.41638088E-02  0.88965933E-02  0.57610911E-01
 -0.46352699E-02  0.71282726E-02  0.54288632E-01
 -0.51685007E-02  0.51115416E-02  0.52474838E-01
 -0.57689167E-02  0.30308593E-02  0.52319836E-01
 -0.64360509E-02  0.10783671E-02  0.53837001E-01
 -0.71634831E-02 -0.56098955E-03  0.56901402E-01
 -0.79392672E-02 -0.17239171E-02  0.61259567E-01
 -0.87468193E-02 -0.22816394E-02  0.66549579E-01
 -0.95661895E-02 -0.21501329E-02  0.72329817E-01
 -0.10375609E-01 -0.12969040E-02  0.78113997E-01
 -0.11153183E-01  0.25623678E-03  0.83409645E-01
 -0.11878579E-01  0.24346273E-02  0.87756873E-01
 -0.12534589E-01  0.51163098E-02  0.90764362E-01
 -0.13108412E-01  0.81412431E-02  0.92139672E-01
 -0.13592581E-01  0.11323428E-01  0.91711523E-01
 -0.13985443E-01  0.14464974E-01  0.89442350E-01
 -0.32558488E-01  0.47929722E-02  0.15278034E+00
 -0.32273360E-01  0.84287578E-02  0.14629977E+00
 -0.31926915E-01  0.11433482E-01  0.13862858E+00
 -0.31544779E-01  0.13703863E-01  0.13018163E+00
 -0.31155389E-01  0.15185710E-01  0.12142307E+00
 -0.30787765E-01  0.15877336E-01  0.11283036E+00
 -0.30469255E-01  0.15828919E-01  0.10485795E+00
 -0.30223478E-01  0.15137907E-01  0.97903405E-01
 -0.30068597E-01  0.13940920E-01  0.92278649E-01
 -0.30016071E-01  0.12402820E-01  0.88188438E-01
 -0.30069958E-01  0.10703876E-01  0.85717674E-01
 -0.30226812E-01  0.90260540E-02  0.84828301E-01
 -0.30476153E-01  0.75395303E-02  0.85365834E-01
 -0.30801454E-01  0.63904645E-02  0.87074734E-01
 -0.31181550E-01  0.56909698E-02  0.89621204E-01
 -0.31592336E-01  0.55119979E-02  0.92621379E-01
 -0.32008603E-01  0.58796212E-02  0.95672525E-01
 -0.32405875E-01  0.67749040E-02  0.98384671E-01
 -0.32762090E-01  0.81372668E-02  0.10041012E+00
 -0.33059008E-01  0.98709662E-02  0.10146853E+00
 -0.33283229E-01  0.11854076E-01  0.10136576E+00
 -0.33426778E-01  0.13949171E-01  0.10000495E+00
 -0.33487208E-01  0.16014796E-01  0.97389476E-01
 -0.33467250E-01  0.17916773E-01  0.93617574E-01
 -0.33374036E-01  0.19538438E-01  0.88869415E-01
 -0.33218002E-01  0.20789013E-01  0.83388017E-01
 -0.33011548E-01  0.21609503E-01  0.77455698E-01
 -0.32767596E-01  0.21975726E-01  0.71368247E-01
 -0.32498163E-01  0.21898335E-01  0.65409016E-01
 -0.32213065E-01  0.21419959E-01  0.59825161E-01
 -0.31918874E-01  0.20609808E-01  0.54807967E-01
 -0.31618199E-01  0.19556307E-01  0.50478802E-01
 -0.31309350E-01  0.18358464E-01  0.46881765E-01
 -0.30986407E-01  0.17116767E-01  0.43983425E-01
 -0.30639685E-01  0.15924422E-01  0.41679501E-01
 -0.30256535E-01  0.14859680E-01  0.39807673E-01
 -0.29822421E-01  0.13979895E-01  0.38165252E-01
 -0.29322168E-01  0.13317777E-01  0.36530006E-01
 -0.28741267E-01  0.12880095E-01  0.34682200E-01
 -0.28067138E-01  0.12648876E-01  0.32425862E-01
 -0.27290220E-01  0.12584886E-01  0.29607353E-01
 -0.26404821E-01  0.12633028E-01  0.26129613E-01
 -0.25409655E-01  0.12729077E-01  0.21960855E-01
 -0.24308023E-01  0.12807094E-01  0.17136985E-01
 -0.23107641E-01  0.12806800E-01  0.11757602E-01
 -0.21820151E-01  0.12680195E-01  0.59760205E-02
 -0.20460355E-01  0.12396804E-01 -0.15735849E-04
  0.15810450E-01 -0.26374519E-02 -0.17287642E-04
  0.15758614E-01 -0.30166228E-02  0.56551450E-02
  0.15688917E-01 -0.31614286E-02  0.10974460E-01
  0.15599695E-01 -0.31129562E-02  0.15728293E-01
  0.15489555E-01 -0.29395955E-02  0.19757764E-01
  0.15356856E-01 -0.27288992E-02  0.22973832E-01
  0.15199226E-01 -0.25772731E-02  0.25367098E-01
  0.15013170E-01 -0.25785213E-02  0.27010032E-01
  0.14793849E-01 -0.28123929E-02  0.28051334E-01
  0.14535080E-01 -0.33342870E-02  0.28702841E-01
  0.14229593E-01 -0.41671784E-02  0.29220097E-01
  0.13869520E-01 -0.52966260E-02  0.29878318E-01
  0.13447112E-01 -0.66694452E-02  0.30945898E-01
  0.12955592E-01 -0.81962837E-02  0.32657903E-01
  0.12390070E-01 -0.97579722E-02  0.35191981E-01
  0.11748406E-01 -0.11215160E-01  0.38648985E-01
  0.11031911E-01 -0.12420421E-01  0.43040166E-01
  0.10245787E-01 -0.13231768E-01  0.48282239E-01
  0.93992360E-02 -0.13526351E-01  0.54200935E-01
  0.85051788E-02 -0.13213063E-01  0.60542888E-01
  0.75795940E-02 -0.12242865E-01  0.66994950E-01
  0.66405087E-02 -0.10615787E-01  0.73209355E-01
  0.57067226E-02 -0.83838727E-02  0.78832605E-01
  0.47963771E-02 -0.56496609E-02  0.83535595E-01
  0.39255032E-02 -0.25601949E-02  0.87042350E-01
  0.31066882E-02  0.70304489E-03  0.89154827E-01
  0.23479972E-02  0.39375311E-02  0.89771592E-01
  0.16522593E-02  0.69353294E-02  0.88898638E-01
  0.10167989E-02  0.94997052E-02  0.86651326E-01
  0.43364762E-03  0.11461299E-01  0.83247179E-01
 -0.10977151E-03  0.12692493E-01  0.78990021E-01
 -0.62954238E-03  0.13118712E-01  0.74246752E-01
 -0.11438309E-02  0.12725665E-01  0.69418627E-01
 -0.16712614E-02  0.11561837E-01  0.64909432E-01
 -0.22292384E-02  0.97359642E-02  0.61093181E-01
 -0.28323611E-02  0.74096104E-02  0.58284038E-01
 -0.34910726E-02  0.47854102E-02  0.56710946E-01
 -0.42106596E-02  0.20918713E-02  0.56499084E-01
 -0.49906917E-02 -0.43405390E-03  0.57659670E-01
 -0.58249464E-02 -0.25652395E-02  0.60088951E-01
 -0.67018251E-02 -0.41020352E-02  0.63576451E-01
 -0.76052218E-02 -0.48878748E-02  0.67821780E-01
 -0.85157689E-02 -0.48215913E-02  0.72458609E-01
 -0.94123512E-02 -0.38654498E-02  0.77083836E-01
 -0.10273759E-01 -0.20482610E-02  0.81289571E-01
 -0.11080339E-01  0.53666829E-03  0.84695329E-01
 -0.11815511E-01  0.37385719E-02  0.86977867E-01
 -0.12467013E-01  0.73606756E-02  0.87896274E-01
 -0.13027795E-01  0.11175139E-01  0.87310379E-01
 -0.13496470E-01  0.14940294E-01  0.85191061E-01
 -0.36025086E-01  0.44861572E-02  0.14692860E+00
 -0.35695616E-01  0.89553179E-02  0.14127734E+00
 -0.35305952E-01  0.12649544E-01  0.13462825E+00
 -0.34883172E-01  0.15444426E-01  0.12732711E+00
 -0.34457259E-01  0.17275548E-01  0.11976051E+00
 -0.34058754E-01  0.18142471E-01  0.11232601E+00
 -0.33716398E-01  0.18107777E-01  0.10540193E+00
 -0.33454972E-01  0.17291334E-01  0.99319211E-01
 -0.33293497E-01  0.15860327E-01  0.94337544E-01
 -0.33243935E-01  0.14015882E-01  0.90627528E-01
 -0.33310474E-01  0.11977434E-01  0.88260141E-01
 -0.33489437E-01  0.99660697E-02  0.87204197E-01
 -0.33769793E-01  0.81881935E-02  0.87331783E-01
 -0.34134209E-01  0.68207639E-02  0.88431046E-01
 -0.34560538E-01  0.59992232E-02  0.90225121E-01
 -0.35023599E-01  0.58089864E-02  0.92395535E-01
 -0.35497112E-01  0.62810552E-02  0.94608080E-01
 -0.35955612E-01  0.73919798E-02  0.96539047E-01
 -0.36376200E-01  0.90680366E-02  0.97899680E-01
 -0.36739999E-01  0.11193156E-01  0.98456963E-01
 -0.37033207E-01  0.13619850E-01  0.98049171E-01
 -0.37247683E-01  0.16182158E-01  0.96595093E-01
 -0.37381041E-01  0.18709518E-01  0.94096397E-01
 -0.37436255E-01  0.21040403E-01  0.90633150E-01
 -0.37420838E-01  0.23034633E-01  0.86353121E-01
 -0.37345676E-01  0.24583419E-01  0.81455929E-01
 -0.37223617E-01  0.25616399E-01  0.76173559E-01
 -0.37067964E-01  0.26105202E-01  0.70748972E-01
 -0.36890975E-01  0.26063403E-01  0.65414697E-01
 -0.36702520E-01  0.25542990E-01  0.60373201E-01
 -0.36508997E-01  0.24627809E-01  0.55780664E-01
 -0.36312591E-01  0.23424641E-01  0.51735437E-01
 -0.36110935E-01  0.22052785E-01  0.48272037E-01
 -0.35897199E-01  0.20633100E-01  0.45361035E-01
 -0.35660578E-01  0.19277472E-01  0.42914679E-01
 -0.35387147E-01  0.18079616E-01  0.40797591E-01
 -0.35060985E-01  0.17107983E-01  0.38841476E-01
 -0.34665480E-01  0.16401301E-01  0.36862425E-01
 -0.34184687E-01  0.15967082E-01  0.34679203E-01
 -0.33604636E-01  0.15783108E-01  0.32130873E-01
 -0.32914464E-01  0.15801674E-01  0.29092163E-01
 -0.32107291E-01  0.15956095E-01  0.25485223E-01
 -0.31180769E-01  0.16168825E-01  0.21286771E-01
 -0.30137278E-01  0.16360360E-01  0.16530014E-01
 -0.28983754E-01  0.16458075E-01  0.11301247E-01
 -0.27731197E-01  0.16404150E-01  0.57314787E-02
 -0.26393913E-01  0.16161821E-01 -0.16093548E-04
  0.20364003E-01 -0.41635928E-02 -0.15457406E-04
  0.20397319E-01 -0.42520187E-02  0.53645231E-02
  0.20411669E-01 -0.40906385E-02  0.10455495E-01
  0.20402705E-01 -0.37380401E-02  0.15090515E-01
  0.20366262E-01 -0.32808824E-02  0.19144711E-01
  0.20297988E-01 -0.28243226E-02  0.22547772E-01
  0.20192998E-01 -0.24802649E-02  0.25291345E-01
  0.20045600E-01 -0.23545780E-02  0.27430585E-01
  0.19849175E-01 -0.25345467E-02  0.29079635E-01
  0.19596243E-01 -0.30778150E-02  0.30401377E-01
  0.19278748E-01 -0.40039593E-02  0.31592328E-01
  0.18888558E-01 -0.52895962E-02  0.32864019E-01
  0.18418142E-01 -0.68676110E-02  0.34422526E-01
  0.17861378E-01 -0.86307115E-02  0.36448026E-01
  0.17214391E-01 -0.10439110E-01  0.39076265E-01
  0.16476327E-01 -0.12131740E-01  0.42383689E-01
  0.15649970E-01 -0.13540069E-01  0.46377648E-01
  0.14742099E-01 -0.14503309E-01  0.50992699E-01
  0.13763513E-01 -0.14883652E-01  0.56093436E-01
  0.12728692E-01 -0.14580144E-01  0.61483729E-01
  0.11655093E-01 -0.13539877E-01  0.66921669E-01
  0.10562111E-01 -0.11765395E-01  0.72138992E-01
  0.94697966E-02 -0.93175392E-02  0.76863331E-01
  0.83974277E-02 -0.63133240E-02  0.80841401E-01
  0.73620781E-02 -0.29188781E-02  0.83861072E-01
  0.63773074E-02  0.66207185E-03  0.85770410E-01
  0.54521097E-02  0.42033063E-02  0.86491967E-01
  0.45902249E-02  0.74736023E-02  0.86031033E-01
  0.37898888E-02  0.10255173E-01  0.84477054E-01
  0.30440547E-02  0.12361518E-01  0.81998025E-01
  0.23410753E-02  0.13653162E-01  0.78828250E-01
  0.16657912E-02  0.14049933E-01  0.75250453E-01
  0.10009305E-02  0.13538682E-01  0.71573699E-01
  0.32869871E-03  0.12175745E-01  0.68108950E-01
 -0.36758221E-03  0.10083850E-01  0.65144279E-01
 -0.11019301E-02  0.74436664E-02  0.62921808E-01
 -0.18843893E-02  0.44806041E-02  0.61618285E-01
 -0.27200621E-02  0.14479079E-02  0.61330902E-01
 -0.36085676E-02 -0.13926364E-02  0.62069524E-01
 -0.45439724E-02 -0.37908361E-02  0.63755972E-01
 -0.55151969E-02 -0.55274612E-02  0.66230384E-01
 -0.65068571E-02 -0.64312968E-02  0.69264141E-01
 -0.75004694E-02 -0.63925157E-02  0.72578258E-01
 -0.84759097E-02 -0.53713057E-02  0.75865747E-01
 -0.94130038E-02 -0.34010707E-02  0.78816108E-01
 -0.10293112E-01 -0.58596561E-03  0.81139960E-01
 -0.11100574E-01  0.29070253E-02  0.82591857E-01
 -0.11823903E-01  0.68608151E-02  0.82989446E-01
 -0.12456615E-01  0.11024721E-01  0.82227502E-01
 -0.12997656E-01  0.15133430E-01  0.80285759E-01
 -0.38983934E-01  0.35075319E-02  0.13992279E+00
 -0.38634185E-01  0.85662157E-02  0.13524229E+00
 -0.38226750E-01  0.12764586E-01  0.12978362E+00
 -0.37789322E-01  0.15967325E-01  0.12381293E+00
 -0.37352459E-01  0.18105031E-01  0.11762766E+00
 -0.36947202E-01  0.19178455E-01  0.11153370E+00
 -0.36602699E-01  0.19257334E-01  0.10582224E+00
 -0.36344021E-01  0.18474004E-01  0.10074814E+00
 -0.36190349E-01  0.17012389E-01  0.96511648E-01
 -0.36153680E-01  0.15093306E-01  0.93244681E-01
 -0.36238121E-01  0.12957319E-01  0.91002760E-01
 -0.36439815E-01  0.10846519E-01  0.89763028E-01
 -0.36747487E-01  0.89866814E-02  0.89428396E-01
 -0.37143524E-01  0.75711799E-02  0.89837316E-01
 -0.37605497E-01  0.67478584E-02  0.90778266E-01
 -0.38107977E-01  0.66098143E-02  0.92007645E-01
 -0.38624486E-01  0.71906943E-02  0.93269576E-01
 -0.39129439E-01  0.84647371E-02  0.94315960E-01
 -0.39599894E-01  0.10351410E-01  0.94925185E-01
 -0.40017012E-01  0.12724124E-01  0.94918016E-01
 -0.40367093E-01  0.15422197E-01  0.94169483E-01
 -0.40642145E-01  0.18265001E-01  0.92615925E-01
 -0.40839948E-01  0.21067084E-01  0.90256796E-01
 -0.40963624E-01  0.23653018E-01  0.87151240E-01
 -0.41020789E-01  0.25870780E-01  0.83409912E-01
 -0.41022348E-01  0.27602639E-01  0.79182885E-01
 -0.40981062E-01  0.28772763E-01  0.74644770E-01
 -0.40910010E-01  0.29351034E-01  0.69978419E-01
 -0.40821088E-01  0.29352931E-01  0.65358603E-01
 -0.40723658E-01  0.28835634E-01  0.60937087E-01
 -0.40623471E-01  0.27890836E-01  0.56830305E-01
 -0.40521944E-01  0.26635010E-01  0.53110634E-01
 -0.40415850E-01  0.25198058E-01  0.49801907E-01
 -0.40297435E-01  0.23711391E-01  0.46879435E-01
 -0.40154948E-01  0.22296496E-01  0.44274407E-01
 -0.39973521E-01  0.21054965E-01  0.41882167E-01
 -0.39736333E-01  0.20060819E-01  0.39573548E-01
 -0.39425934E-01  0.19355716E-01  0.37208162E-01
 -0.39025625E-01  0.18947367E-01  0.34648437E-01
 -0.38520765E-01  0.18811203E-01  0.31773106E-01
 -0.37899907E-01  0.18895013E-01  0.28488957E-01
 -0.37155654E-01  0.19126046E-01  0.24739789E-01
 -0.36285196E-01  0.19419838E-01  0.20511812E-01
 -0.35290483E-01  0.19689881E-01  0.15835036E-01
 -0.34178035E-01  0.19857214E-01  0.10780561E-01
 -0.32958440E-01  0.19858989E-01  0.54540523E-02
 -0.31645587E-01  0.19655238E-01 -0.13978232E-04
  0.25053552E-01 -0.59547617E-02 -0.11147372E-04
  0.25160204E-01 -0.57869097E-02  0.50617148E-02
  0.25247273E-01 -0.53678119E-02  0.99272059E-02
  0.25307630E-01 -0.47674164E-02  0.14464220E-01
  0.25334118E-01 -0.40826251E-02  0.18580905E-01
  0.25319361E-01 -0.34271096E-02  0.22223327E-01
  0.25255605E-01 -0.29190849E-02  0.25380608E-01
  0.25134626E-01 -0.26682193E-02  0.28086049E-01
  0.24947745E-01 -0.27629620E-02  0.30414061E-01
  0.24686015E-01 -0.32595519E-02  0.32473147E-01
  0.24340564E-01 -0.41738342E-02  0.34395540E-01
  0.23903113E-01 -0.54767659E-02  0.36324409E-01
  0.23366627E-01 -0.70941610E-02  0.38399777E-01
  0.22726045E-01 -0.89108399E-02  0.40744455E-01
  0.21979008E-01 -0.10778934E-01  0.43451265E-01
  0.21126514E-01 -0.12529708E-01  0.46572764E-01
  0.20173388E-01 -0.13987915E-01  0.50114458E-01
  0.19128506E-01 -0.14987441E-01  0.54032174E-01
  0.18004696E-01 -0.15386856E-01  0.58233917E-01
  0.16818309E-01 -0.15083438E-01  0.62586129E-01
  0.15588443E-01 -0.14024374E-01  0.66923850E-01
  0.14335874E-01 -0.12214028E-01  0.71063969E-01
  0.13081770E-01 -0.97165117E-02  0.74820423E-01
  0.11846300E-01 -0.66531957E-02  0.78020038E-01
  0.10647242E-01 -0.31952180E-02  0.80517636E-01
  0.94987446E-02  0.44849146E-03  0.82209074E-01
  0.84103396E-02  0.40467637E-02  0.83041043E-01
  0.73863181E-02  0.73640811E-02  0.83016758E-01
  0.64255296E-02  0.10179341E-01  0.82196972E-01
  0.55216348E-02  0.12303934E-01  0.80696203E-01
  0.46637963E-02  0.13597597E-01  0.78674425E-01
  0.38377507E-02  0.13980698E-01  0.76324904E-01
  0.30271729E-02  0.13441851E-01  0.73859162E-01
  0.22152105E-02  0.12040179E-01  0.71490330E-01
  0.13860581E-02  0.99019565E-02  0.69416248E-01
  0.52643044E-03  0.72118427E-02  0.67803747E-01
 -0.37318971E-03  0.41993528E-02  0.66775391E-01
 -0.13176383E-02  0.11216269E-02  0.66399791E-01
 -0.23065666E-02 -0.17561471E-02  0.66686284E-01
 -0.33343871E-02 -0.41810999E-02  0.67584407E-01
 -0.43906713E-02 -0.59322080E-02  0.68988196E-01
 -0.54609576E-02 -0.68374255E-02  0.70744944E-01
 -0.65278998E-02 -0.67870546E-02  0.72667690E-01
 -0.75726516E-02 -0.57422946E-02  0.74550398E-01
 -0.85763694E-02 -0.37383013E-02  0.76184588E-01
 -0.95217041E-02 -0.88152988E-03  0.77376073E-01
 -0.10394157E-01  0.26584063E-02  0.77960443E-01
 -0.11183186E-01  0.66616931E-02  0.77816080E-01
 -0.11882982E-01  0.10875042E-01  0.76873679E-01
 -0.41611025E-01 -0.42159653E-02  0.13506682E+00
 -0.41344819E-01  0.18624170E-02  0.13212505E+00
 -0.41002020E-01  0.72502028E-02  0.12848632E+00
 -0.40605278E-01  0.11754626E-01  0.12429753E+00
 -0.40182033E-01  0.15240103E-01  0.11974131E+00
 -0.39762421E-01  0.17637607E-01  0.11502179E+00
 -0.39376948E-01  0.18948858E-01  0.11034909E+00
 -0.39054175E-01  0.19245058E-01  0.10592340E+00
 -0.38818591E-01  0.18660386E-01  0.10192035E+00
 -0.38688859E-01  0.17380844E-01  0.98478343E-01
 -0.38676561E-01  0.15629423E-01  0.95689254E-01
 -0.38785535E-01  0.13648817E-01  0.93592796E-01
 -0.39011833E-01  0.11683079E-01  0.92175128E-01
 -0.39344270E-01  0.99596862E-02  0.91371613E-01
 -0.39765511E-01  0.86733865E-02  0.91073420E-01
 -0.40253573E-01  0.79730439E-02  0.91137338E-01
 -0.40783610E-01  0.79524232E-02  0.91397933E-01
 -0.41329835E-01  0.86455205E-02  0.91680994E-01
 -0.41867397E-01  0.10026664E-01  0.91817177E-01
 -0.42374091E-01  0.12015225E-01  0.91654724E-01
 -0.42831758E-01  0.14484418E-01  0.91070282E-01
 -0.43227268E-01  0.17273342E-01  0.89976991E-01
 -0.43553047E-01  0.20201209E-01  0.88329299E-01
 -0.43807099E-01  0.23082519E-01  0.86124202E-01
 -0.43992560E-01  0.25741953E-01  0.83398941E-01
 -0.44116831E-01  0.28027770E-01  0.80225479E-01
 -0.44190380E-01  0.29822693E-01  0.76702310E-01
 -0.44225326E-01  0.31051491E-01  0.72944398E-01
 -0.44233935E-01  0.31684758E-01  0.69072155E-01
 -0.44227151E-01  0.31738747E-01  0.65200421E-01
 -0.44213301E-01  0.31271417E-01  0.61428403E-01
 -0.44197071E-01  0.30375193E-01  0.57831396E-01
 -0.44178831E-01  0.29167183E-01  0.54454963E-01
 -0.44154384E-01  0.27777791E-01  0.51312002E-01
 -0.44115118E-01  0.26338776E-01  0.48382889E-01
 -0.44048575E-01  0.24971801E-01  0.45618596E-01
 -0.43939349E-01  0.23778478E-01  0.42946439E-01
 -0.43770256E-01  0.22832700E-01  0.40277895E-01
 -0.43523652E-01  0.22175888E-01  0.37517732E-01
 -0.43182781E-01  0.21815437E-01  0.34573631E-01
 -0.42733055E-01  0.21726426E-01  0.31365395E-01
 -0.42163139E-01  0.21856288E-01  0.27832956E-01
 -0.41465763E-01  0.22131950E-01  0.23942442E-01
 -0.40638208E-01  0.22468680E-01  0.19689787E-01
 -0.39682428E-01  0.22779769E-01  0.15101582E-01
 -0.38604841E-01  0.22986120E-01  0.10233098E-01
 -0.37415794E-01  0.23024810E-01  0.51636927E-02
 -0.36128806E-01  0.22855830E-01 -0.99814351E-05
  0.29720555E-01 -0.78448752E-02 -0.50320593E-05
  0.29877554E-01 -0.74837539E-02  0.47662341E-02
  0.30013441E-01 -0.68832898E-02  0.94205411E-02
  0.30118628E-01 -0.61172880E-02  0.13879910E-01
  0.30183243E-01 -0.52838169E-02  0.18082540E-01
  0.30197144E-01 -0.44952809E-02  0.21987927E-01
  0.30149952E-01 -0.38666985E-02  0.25580035E-01
  0.30031148E-01 -0.35033038E-02  0.28868207E-01
  0.29830253E-01 -0.34886759E-02  0.31885716E-01
  0.29537131E-01 -0.38745701E-02  0.34686074E-01
  0.29142410E-01 -0.46734893E-02  0.37337413E-01
  0.28638009E-01 -0.58547963E-02  0.39915444E-01
  0.28017754E-01 -0.73448521E-02  0.42495632E-01
  0.27278016E-01 -0.90312984E-02  0.45145295E-01
  0.26418311E-01 -0.10771222E-01  0.47916358E-01
  0.25441799E-01 -0.12402571E-01  0.50839437E-01
  0.24355585E-01 -0.13757869E-01  0.53919824E-01
  0.23170785E-01 -0.14679064E-01  0.57135746E-01
  0.21902289E-01 -0.15032180E-01  0.60439123E-01
  0.20568218E-01 -0.14720454E-01  0.63758766E-01
  0.19189088E-01 -0.13694736E-01  0.67005783E-01
  0.17786715E-01 -0.11960133E-01  0.70080736E-01
  0.16382953E-01 -0.95782090E-02  0.72881932E-01
  0.14998353E-01 -0.66644142E-02  0.75314138E-01
  0.13650866E-01 -0.33808293E-02  0.77296944E-01
  0.12354697E-01  0.75266085E-04  0.78772040E-01
  0.11119425E-01  0.34861340E-02  0.79708752E-01
  0.99494703E-02  0.66304519E-02  0.80107346E-01
  0.88439676E-02  0.93009406E-02  0.79999771E-01
  0.77970627E-02  0.11321282E-01  0.79447763E-01
  0.67986140E-02  0.12560903E-01  0.78538449E-01
  0.58352431E-02  0.12946355E-01  0.77377798E-01
  0.48916446E-02  0.12468298E-01  0.76082466E-01
  0.39520441E-02  0.11183458E-01  0.74770712E-01
  0.30016787E-02  0.92113178E-02  0.73553136E-01
  0.20281727E-02  0.67257641E-02  0.72524028E-01
  0.10226916E-02  0.39423150E-02  0.71754030E-01
 -0.19221319E-04  0.11019192E-02  0.71284727E-01
 -0.10971956E-02 -0.15473895E-02  0.71125621E-01
 -0.22060040E-02 -0.37695264E-02  0.71253709E-01
 -0.33359509E-02 -0.53585603E-02  0.71615713E-01
 -0.44736397E-02 -0.61546395E-02  0.72132756E-01
 -0.56030505E-02 -0.60563723E-02  0.72707091E-01
 -0.67068304E-02 -0.50286855E-02  0.73230324E-01
 -0.77676872E-02 -0.31055505E-02  0.73592447E-01
 -0.87697650E-02 -0.38737734E-03  0.73690957E-01
 -0.96998883E-02  0.29666910E-02  0.73439307E-01
 -0.10548570E-01  0.67509528E-02  0.72774025E-01
 -0.11310708E-01  0.10728804E-01  0.71659948E-01
 -0.43268515E-01 -0.65063940E-02  0.12608319E+00
 -0.43032922E-01 -0.37326859E-03  0.12389986E+00
 -0.42726084E-01  0.50924468E-02  0.12130281E+00
 -0.42369970E-01  0.97113506E-02  0.11837405E+00
 -0.41990938E-01  0.13357543E-01  0.11521547E+00
 -0.41617764E-01  0.15967321E-01  0.11194120E+00
 -0.41279459E-01  0.17543032E-01  0.10866896E+00
 -0.41003086E-01  0.18151842E-01  0.10551138E+00
 -0.40811763E-01  0.17919630E-01  0.10256777E+00
 -0.40723025E-01  0.17020550E-01  0.99917188E-01
 -0.40747658E-01  0.15663175E-01  0.97613088E-01
 -0.40889099E-01  0.14074366E-01  0.95680178E-01
 -0.41143418E-01  0.12482180E-01  0.94113504E-01
 -0.41499866E-01  0.11099157E-01  0.92879863E-01
 -0.41941925E-01  0.10107290E-01  0.91921326E-01
 -0.42448744E-01  0.96458000E-02  0.91160550E-01
 -0.42996843E-01  0.98025804E-02  0.90507394E-01
 -0.43561923E-01  0.10609883E-01  0.89866255E-01
 -0.44120644E-01  0.12044447E-01  0.89143542E-01
 -0.44652220E-01  0.14031912E-01  0.88254650E-01
 -0.45139717E-01  0.16455033E-01  0.87129902E-01
 -0.45570959E-01  0.19164901E-01  0.85719020E-01
 -0.45938978E-01  0.21994189E-01  0.83993793E-01
 -0.46242012E-01  0.24771261E-01  0.81948803E-01
 -0.46483034E-01  0.27334014E-01  0.79600219E-01
 -0.46668906E-01  0.29542310E-01  0.76982822E-01
 -0.46809224E-01  0.31288071E-01  0.74145588E-01
 -0.46914958E-01  0.32502289E-01  0.71146252E-01
 -0.46997031E-01  0.33158507E-01  0.68045354E-01
 -0.47064943E-01  0.33272623E-01  0.64900304E-01
 -0.47125563E-01  0.32899191E-01  0.61759982E-01
 -0.47182201E-01  0.32124658E-01  0.58660335E-01
 -0.47234020E-01  0.31058268E-01  0.55621328E-01
 -0.47275839E-01  0.29821467E-01  0.52645496E-01
 -0.47298348E-01  0.28536812E-01  0.49718185E-01
 -0.47288691E-01  0.27317352E-01  0.46809427E-01
 -0.47231369E-01  0.26257398E-01  0.43877259E-01
 -0.47109386E-01  0.25425429E-01  0.40872157E-01
 -0.46905521E-01  0.24859706E-01  0.37742179E-01
 -0.46603618E-01  0.24566865E-01  0.34438346E-01
 -0.46189786E-01  0.24523533E-01  0.30919769E-01
 -0.45653408E-01  0.24680688E-01  0.27158062E-01
 -0.44987870E-01  0.24970314E-01  0.23140659E-01
 -0.44190978E-01  0.25313616E-01  0.18872723E-01
 -0.43265024E-01  0.25630023E-01  0.14377489E-01
 -0.42216525E-01  0.25846075E-01  0.96950124E-02
 -0.41055685E-01  0.25903362E-01  0.48794299E-02
 -0.39795629E-01  0.25764764E-01 -0.50242605E-05
  0.34183121E-01 -0.96407997E-02  0.19159604E-05
  0.34359777E-01 -0.91666046E-02  0.44966026E-02
  0.34511581E-01 -0.84769035E-02  0.89634530E-02
  0.34627152E-01 -0.76415102E-02  0.13362328E-01
  0.34694648E-01 -0.67506573E-02  0.17657077E-01
  0.34701937E-01 -0.59061357E-02  0.21817618E-01
  0.34636816E-01 -0.52109620E-02  0.25821468E-01
  0.34487262E-01 -0.47585491E-02  0.29654630E-01
  0.34241758E-01 -0.46224226E-02  0.33311740E-01
  0.33889695E-01 -0.48474940E-02  0.36795474E-01
  0.33421837E-01 -0.54437757E-02  0.40115295E-01
  0.32830854E-01 -0.63832153E-02  0.43285636E-01
  0.32111875E-01 -0.76000448E-02  0.46323706E-01
  0.31263025E-01 -0.89947295E-02  0.49247114E-01
  0.30285880E-01 -0.10441264E-01  0.52071542E-01
  0.29185804E-01 -0.11797251E-01  0.54808659E-01
  0.27972082E-01 -0.12915930E-01  0.57464495E-01
  0.26657821E-01 -0.13659124E-01  0.60038403E-01
  0.25259586E-01 -0.13909960E-01  0.62522703E-01
  0.23796767E-01 -0.13584229E-01  0.64903058E-01
  0.22290691E-01 -0.12639314E-01  0.67159528E-01
  0.20763537E-01 -0.11079844E-01  0.69268206E-01
  0.19237126E-01 -0.89594674E-02  0.71203300E-01
  0.17731670E-01 -0.63785008E-02  0.72939450E-01
  0.16264593E-01 -0.34775276E-02  0.74454078E-01
  0.14849524E-01 -0.42740880E-03  0.75729560E-01
  0.13495538E-01  0.25835361E-02  0.76755004E-01
  0.12206745E-01  0.53641525E-02  0.77527489E-01
  0.10982244E-01  0.77356860E-02  0.78052642E-01
  0.98164710E-02  0.95463639E-02  0.78344499E-01
  0.86998998E-02  0.10684099E-01  0.78424658E-01
  0.76200612E-02  0.11086229E-01  0.78320800E-01
  0.65627768E-02  0.10745446E-01  0.78064708E-01
  0.55135146E-02  0.97113797E-02  0.77689946E-01
  0.44587493E-02  0.80876440E-02  0.77229410E-01
  0.33872124E-02  0.60245535E-02  0.76712952E-01
  0.22909299E-02  0.37080458E-02  0.76165288E-01
  0.11659615E-02  0.13456831E-02  0.75604356E-01
  0.12783690E-04 -0.84916409E-03  0.75040275E-01
 -0.11637109E-02 -0.26736939E-02  0.74474968E-01
 -0.23545919E-02 -0.39513050E-02  0.73902494E-01
 -0.35476096E-02 -0.45452420E-02  0.73310047E-01
 -0.47281884E-02 -0.43691699E-02  0.72679519E-01
 -0.58806062E-02 -0.33938474E-02  0.71989517E-01
 -0.69892589E-02 -0.16493819E-02  0.71217628E-01
 -0.80399011E-02  0.77709531E-03  0.70342765E-01
 -0.90207613E-02  0.37481258E-02  0.69347390E-01
 -0.99234383E-02  0.70864416E-02  0.68219417E-01
 -0.10743509E-01  0.10588453E-01  0.66953670E-01
 -0.44166161E-01 -0.89917089E-02  0.11703352E+00
 -0.43989529E-01 -0.30610658E-02  0.11557717E+00
 -0.43748088E-01  0.22642710E-02  0.11395744E+00
 -0.43462536E-01  0.68301912E-02  0.11219844E+00
 -0.43157421E-01  0.10528748E-01  0.11033017E+00
 -0.42859354E-01  0.13305612E-01  0.10838660E+00
 -0.42595035E-01  0.15163365E-01  0.10640329E+00
 -0.42389268E-01  0.16160422E-01  0.10441496E+00
 -0.42263157E-01  0.16405758E-01  0.10245316E+00
 -0.42232628E-01  0.16049915E-01  0.10054419E+00
 -0.42307387E-01  0.15273077E-01  0.98707469E-01
 -0.42490393E-01  0.14271179E-01  0.96954453E-01
 -0.42777871E-01  0.13241211E-01  0.95288185E-01
 -0.43159833E-01  0.12366838E-01  0.93703488E-01
 -0.43621059E-01  0.11805490E-01  0.92187748E-01
 -0.44142426E-01  0.11677845E-01  0.90722215E-01
 -0.44702470E-01  0.12060490E-01  0.89283689E-01
 -0.45279048E-01  0.12982225E-01  0.87846441E-01
 -0.45850947E-01  0.14424175E-01  0.86384190E-01
 -0.46399331E-01  0.16323599E-01  0.84871990E-01
 -0.46908899E-01  0.18580946E-01  0.83287856E-01
 -0.47368685E-01  0.21069504E-01  0.81614012E-01
 -0.47772434E-01  0.23646767E-01  0.79837680E-01
 -0.48118558E-01  0.26166550E-01  0.77951352E-01
 -0.48409678E-01  0.28490861E-01  0.75952557E-01
 -0.48651817E-01  0.30500557E-01  0.73843167E-01
 -0.48853317E-01  0.32103987E-01  0.71628319E-01
 -0.49023588E-01  0.33242992E-01  0.69315090E-01
 -0.49171808E-01  0.33895861E-01  0.66911033E-01
 -0.49305673E-01  0.34077141E-01  0.64422751E-01
 -0.49430328E-01  0.33834438E-01  0.61854624E-01
 -0.49547549E-01  0.33242605E-01  0.59207836E-01
 -0.49655260E-01  0.32395912E-01  0.56479772E-01
 -0.49747412E-01  0.31398961E-01  0.53663885E-01
 -0.49814236E-01  0.30357172E-01  0.50750006E-01
 -0.49842837E-01  0.29367680E-01  0.47725124E-01
 -0.49818080E-01  0.28511430E-01  0.44574535E-01
 -0.49723676E-01  0.27847123E-01  0.41283283E-01
 -0.49543378E-01  0.27407468E-01  0.37837770E-01
 -0.49262177E-01  0.27198008E-01  0.34227379E-01
 -0.48867395E-01  0.27198523E-01  0.30445986E-01
 -0.48349583E-01  0.27366802E-01  0.26493207E-01
 -0.47703157E-01  0.27644358E-01  0.22375278E-01
 -0.46926727E-01  0.27963495E-01  0.18105471E-01
 -0.46023099E-01  0.28255028E-01  0.13704001E-01
 -0.44998982E-01  0.28455910E-01  0.91974175E-02
 -0.43864430E-01  0.28516031E-01  0.46175210E-02
 -0.42632102E-01  0.28403561E-01 -0.12809964E-06
  0.38270253E-01 -0.11162637E-01  0.85789803E-05
  0.38432610E-01 -0.10659175E-01  0.42688948E-02
  0.38563332E-01 -0.99738082E-02  0.85792920E-02
  0.38650165E-01 -0.91652495E-02  0.12930335E-01
  0.38680349E-01 -0.83080988E-02  0.17306309E-01
  0.38640924E-01 -0.74857132E-02  0.21684868E-01
  0.38519056E-01 -0.67819567E-02  0.26037316E-01
  0.38302410E-01 -0.62726048E-02  0.30329544E-01
  0.37979555E-01 -0.60172233E-02  0.34523563E-01
  0.37540417E-01 -0.60523138E-02  0.38579541E-01
  0.36976761E-01 -0.63864158E-02  0.42458158E-01
  0.36282677E-01 -0.69976890E-02  0.46123122E-01
  0.35455059E-01 -0.78342791E-02  0.49543599E-01
  0.34494024E-01 -0.88175187E-02  0.52696368E-01
  0.33403223E-01 -0.98477588E-02  0.55567488E-01
  0.32190019E-01 -0.10812375E-01  0.58153323E-01
  0.30865468E-01 -0.11595290E-01  0.60460819E-01
  0.29444089E-01 -0.12087189E-01  0.62506978E-01
  0.27943402E-01 -0.12195546E-01  0.64317560E-01
  0.26383231E-01 -0.11853543E-01  0.65925079E-01
  0.24784819E-01 -0.11027071E-01  0.67366264E-01
  0.23169787E-01 -0.97191416E-02  0.68679164E-01
  0.21559015E-01 -0.79712509E-02  0.69900123E-01
  0.19971519E-01 -0.58614946E-02  0.71060885E-01
  0.18423427E-01 -0.34995231E-02  0.72186046E-01
  0.16927120E-01 -0.10186869E-02  0.73291073E-01
  0.15490636E-01  0.14340202E-02  0.74381058E-01
  0.14117370E-01  0.37094148E-02  0.75450309E-01
  0.12806120E-01  0.56680404E-02  0.76482831E-01
  0.11551471E-01  0.71915568E-02  0.77453649E-01
  0.10344492E-01  0.81926451E-02  0.78330891E-01
  0.91736947E-02  0.86225865E-02  0.79078463E-01
  0.80261705E-02  0.84758554E-02  0.79659098E-01
  0.68888180E-02  0.77913128E-02  0.80037551E-01
  0.57495570E-02  0.66498644E-02  0.80183682E-01
  0.45984309E-02  0.51687382E-02  0.80075168E-01
  0.34285075E-02  0.34928155E-02  0.79699654E-01
  0.22365071E-02  0.17836958E-02  0.79056141E-01
  0.10231106E-02  0.20735759E-03  0.78155524E-01
 -0.20707339E-03 -0.10786004E-02  0.77020229E-01
 -0.14458736E-02 -0.19371234E-02  0.75682964E-01
 -0.26822171E-02 -0.22623013E-02  0.74184709E-01
 -0.39030259E-02 -0.19875679E-02  0.72572082E-01
 -0.50942705E-02 -0.10908523E-02  0.70894290E-01
 -0.62420900E-02  0.40371321E-03  0.69199919E-01
 -0.73338842E-02  0.24276495E-02  0.67533787E-01
 -0.83592867E-02  0.48733860E-02  0.65934126E-01
 -0.93109418E-02  0.76024802E-02  0.64430293E-01
 -0.44278987E-01 -0.17446681E-01  0.10906621E+00
 -0.44261696E-01 -0.11547868E-01  0.10821719E+00
 -0.44172097E-01 -0.60154373E-02  0.10742137E+00
 -0.44024651E-01 -0.99730587E-03  0.10666343E+00
 -0.43838284E-01  0.33861535E-02  0.10592038E+00
 -0.43635149E-01  0.70507655E-02  0.10516381E+00
 -0.43439069E-01  0.99543752E-02  0.10436256E+00
 -0.43273812E-01  0.12099421E-01  0.10348546E+00
 -0.43161361E-01  0.13532102E-01  0.10250396E+00
 -0.43120347E-01  0.14338261E-01  0.10139458E+00
 -0.43164760E-01  0.14636361E-01  0.10014079E+00
 -0.43303052E-01  0.14568161E-01  0.98734359E-01
 -0.43537698E-01  0.14287863E-01  0.97175982E-01
 -0.43865221E-01  0.13950613E-01  0.95475188E-01
 -0.44276679E-01  0.13701260E-01  0.93649545E-01
 -0.44758538E-01  0.13664246E-01  0.91723221E-01
 -0.45293861E-01  0.13935383E-01  0.89725026E-01
 -0.45863694E-01  0.14576101E-01  0.87686108E-01
 -0.46448519E-01  0.15610541E-01  0.85637468E-01
 -0.47029681E-01  0.17025642E-01  0.83607494E-01
 -0.47590638E-01  0.18774090E-01  0.81619715E-01
 -0.48117964E-01  0.20779828E-01  0.79690926E-01
 -0.48602025E-01  0.22945575E-01  0.77829835E-01
 -0.49037288E-01  0.25161691E-01  0.76036315E-01
 -0.49422238E-01  0.27315631E-01  0.74301316E-01
 -0.49758953E-01  0.29301194E-01  0.72607420E-01
 -0.50052360E-01  0.31026836E-01  0.70929989E-01
 -0.50309262E-01  0.32422399E-01  0.69238804E-01
 -0.50537228E-01  0.33443780E-01  0.67500050E-01
 -0.50743438E-01  0.34075222E-01  0.65678507E-01
 -0.50933603E-01  0.34329155E-01  0.63739759E-01
 -0.51111044E-01  0.34243684E-01  0.61652273E-01
 -0.51276010E-01  0.33878039E-01  0.59389188E-01
 -0.51425300E-01  0.33306468E-01  0.56929709E-01
 -0.51552214E-01  0.32611138E-01  0.54260012E-01
 -0.51646835E-01  0.31874716E-01  0.51373632E-01
 -0.51696618E-01  0.31173275E-01  0.48271335E-01
 -0.51687219E-01  0.30570138E-01  0.44960516E-01
 -0.51603510E-01  0.30111169E-01  0.41454223E-01
 -0.51430661E-01  0.29821870E-01  0.37769890E-01
 -0.51155215E-01  0.29706483E-01  0.33927939E-01
 -0.50766055E-01  0.29749107E-01  0.29950357E-01
 -0.50255176E-01  0.29916663E-01  0.25859390E-01
 -0.49618217E-01  0.30163366E-01  0.21676453E-01
 -0.48854700E-01  0.30436253E-01  0.17421343E-01
 -0.47967977E-01  0.30681222E-01  0.13111803E-01
 -0.46964911E-01  0.30848985E-01  0.87634416E-02
 -0.45855324E-01  0.30900378E-01  0.43899859E-02
 -0.44651289E-01  0.30810530E-01  0.38177778E-05
  0.41853720E-01 -0.12280834E-01  0.13872061E-04
  0.41969170E-01 -0.11822127E-01  0.40952814E-02
  0.42043053E-01 -0.11222001E-01  0.82851639E-02
  0.42063254E-01 -0.10522666E-01  0.12596634E-01
  0.42017295E-01 -0.97774725E-02  0.17028954E-01
  0.41892698E-01 -0.90459457E-02  0.21565417E-01
  0.41677368E-01 -0.83880518E-02  0.26172738E-01
  0.41360003E-01 -0.78582288E-02  0.30802041E-01
  0.40930520E-01 -0.74997447E-02  0.35391428E-01
  0.40380492E-01 -0.73399298E-02  0.39869922E-01
  0.39703585E-01 -0.73867574E-02  0.44162484E-01
  0.38895976E-01 -0.76271323E-02  0.48195675E-01
  0.37956717E-01 -0.80270953E-02  0.51903460E-01
  0.36888029E-01 -0.85339817E-02  0.55232658E-01
  0.35695483E-01 -0.90803906E-02  0.58147510E-01
  0.34388031E-01 -0.95896559E-02  0.60632967E-01
  0.32977875E-01 -0.99823637E-02  0.62696340E-01
  0.31480143E-01 -0.10183360E-01  0.64367155E-01
  0.29912371E-01 -0.10128629E-01  0.65695150E-01
  0.28293810E-01 -0.97714368E-02  0.66746565E-01
  0.26644579E-01 -0.90871582E-02  0.67598989E-01
  0.24984723E-01 -0.80763495E-02  0.68335184E-01
  0.23333225E-01 -0.67657378E-02  0.69036377E-01
  0.21707050E-01 -0.52069982E-02  0.69775591E-01
  0.20120290E-01 -0.34733716E-02  0.70611560E-01
  0.18583492E-01 -0.16543642E-02  0.71583761E-01
  0.17103205E-01  0.15105769E-03  0.72708982E-01
  0.15681809E-01  0.18422321E-02  0.73979735E-01
  0.14317633E-01  0.33248867E-02  0.75364660E-01
  0.13005364E-01  0.45188732E-02  0.76810917E-01
  0.11736716E-01  0.53648998E-02  0.78248376E-01
  0.10501303E-01  0.58296872E-02  0.79595275E-01
  0.92876578E-02  0.59091029E-02  0.80764898E-01
  0.80843076E-02  0.56289894E-02  0.81672730E-01
  0.68808178E-02  0.50435965E-02  0.82243505E-01
  0.56687302E-02  0.42317205E-02  0.82417580E-01
  0.44423143E-02  0.32908470E-02  0.82156112E-01
  0.31990765E-02  0.23297569E-02  0.81444622E-01
  0.19399904E-02  0.14601816E-02  0.80294658E-01
  0.66943377E-03  0.78817439E-03  0.78743418E-01
 -0.60515693E-03  0.40588471E-03  0.76851375E-01
 -0.18738803E-02  0.38439216E-03  0.74698095E-01
 -0.31251593E-02  0.76816747E-03  0.72376581E-01
 -0.43466577E-02  0.15715966E-02  0.69986607E-01
 -0.55262442E-02  0.27778356E-02  0.67627569E-01
 -0.66529272E-02  0.43400772E-02  0.65391417E-01
 -0.77176806E-02  0.61851144E-02  0.63356232E-01
 -0.87140971E-02  0.82189082E-02  0.61580935E-01
 -0.43441641E-01 -0.19357336E-01  0.10027917E+00
 -0.43529820E-01 -0.14038219E-01  0.99835186E-01
 -0.43553905E-01 -0.90244561E-02  0.99609728E-01
 -0.43527074E-01 -0.44173358E-02  0.99564428E-01
 -0.43466095E-01 -0.29919111E-03  0.99642372E-01
 -0.43390306E-01  0.32724991E-02  0.99773108E-01
 -0.43320315E-01  0.62690992E-02  0.99878596E-01
 -0.43276560E-01  0.86925969E-02  0.99879595E-01
 -0.43277863E-01  0.10575063E-01  0.99702007E-01
 -0.43340116E-01  0.11975866E-01  0.99282663E-01
 -0.43475208E-01  0.12976890E-01  0.98574134E-01
 -0.43690281E-01  0.13676180E-01  0.97548187E-01
 -0.43987371E-01  0.14180524E-01  0.96197667E-01
 -0.44363445E-01  0.14597583E-01  0.94536671E-01
 -0.44810823E-01  0.15028191E-01  0.92599046E-01
 -0.45317937E-01  0.15559420E-01  0.90435357E-01
 -0.45870336E-01  0.16258924E-01  0.88108604E-01
 -0.46451869E-01  0.17170973E-01  0.85689039E-01
 -0.47045921E-01  0.18314431E-01  0.83248525E-01
 -0.47636609E-01  0.19682774E-01  0.80854872E-01
 -0.48209834E-01  0.21246080E-01  0.78566618E-01
 -0.48754121E-01  0.22954755E-01  0.76428635E-01
 -0.49261166E-01  0.24744650E-01  0.74468892E-01
 -0.49726076E-01  0.26543098E-01  0.72696610E-01
 -0.50147280E-01  0.28275352E-01  0.71101892E-01
 -0.50526140E-01  0.29870893E-01  0.69656849E-01
 -0.50866304E-01  0.31269096E-01  0.68318057E-01
 -0.51172864E-01  0.32423816E-01  0.67030139E-01
 -0.51451404E-01  0.33306572E-01  0.65730133E-01
 -0.51707027E-01  0.33908105E-01  0.64352297E-01
 -0.51943451E-01  0.34238257E-01  0.62832928E-01
 -0.52162244E-01  0.34324259E-01  0.61114850E-01
 -0.52362286E-01  0.34207615E-01  0.59151187E-01
 -0.52539486E-01  0.33939927E-01  0.56908187E-01
 -0.52686798E-01  0.33578051E-01  0.54366882E-01
 -0.52794510E-01  0.33179031E-01  0.51523527E-01
 -0.52850801E-01  0.32795261E-01  0.48388827E-01
 -0.52842504E-01  0.32470292E-01  0.44986080E-01
 -0.52756002E-01  0.32235624E-01  0.41348456E-01
 -0.52578197E-01  0.32108742E-01  0.37515687E-01
 -0.52297432E-01  0.32092520E-01  0.33530481E-01
 -0.51904325E-01  0.32175999E-01  0.29435004E-01
 -0.51392416E-01  0.32336434E-01  0.25267741E-01
 -0.50758585E-01  0.32542364E-01  0.21060994E-01
 -0.50003221E-01  0.32757413E-01  0.16839237E-01
 -0.49130125E-01  0.32944425E-01  0.12618431E-01
 -0.48146182E-01  0.33069548E-01  0.84063227E-02
 -0.47060835E-01  0.33105884E-01  0.42036730E-02
 -0.45885429E-01  0.33036342E-01  0.62349893E-05
  0.44871181E-01 -0.12942617E-01  0.16918149E-04
  0.44912527E-01 -0.12581983E-01  0.39827521E-02
  0.44899887E-01 -0.12123840E-01  0.80904098E-02
  0.44822252E-01 -0.11590917E-01  0.12367221E-01
  0.44668563E-01 -0.11012537E-01  0.16822210E-01
  0.44428072E-01 -0.10421992E-01  0.21442882E-01
  0.44090709E-01 -0.98534583E-02  0.26194023E-01
  0.43647457E-01 -0.93387448E-02  0.31018670E-01
  0.43090727E-01 -0.89041772E-02  0.35841244E-01
  0.42414720E-01 -0.85679132E-02  0.40572600E-01
  0.41615768E-01 -0.83379515E-02  0.45116597E-01
  0.40692635E-01 -0.82110347E-02  0.49377622E-01
  0.39646759E-01 -0.81725718E-02  0.53268404E-01
  0.38482417E-01 -0.81976088E-02  0.56717431E-01
  0.37206775E-01 -0.82527848E-02  0.59675283E-01
  0.35829821E-01 -0.82991178E-02  0.62119289E-01
  0.34364149E-01 -0.82953868E-02  0.64056049E-01
  0.32824597E-01 -0.82018169E-02  0.65521557E-01
  0.31227729E-01 -0.79837444E-02  0.66578838E-01
  0.29591198E-01 -0.76149321E-02  0.67313268E-01
  0.27932992E-01 -0.70802320E-02  0.67825924E-01
  0.26270638E-01 -0.63773455E-02  0.68225495E-01
  0.24620378E-01 -0.55175056E-02  0.68619421E-01
  0.22996411E-01 -0.45250012E-02  0.69105003E-01
  0.21410231E-01 -0.34355594E-02  0.69761239E-01
  0.19870127E-01 -0.22937062E-02  0.70642074E-01
  0.18380888E-01 -0.11493129E-02  0.71771664E-01
  0.16943741E-01 -0.53611644E-04  0.73142061E-01
  0.15556518E-01  0.94499001E-03  0.74713554E-01
  0.14214075E-01  0.18049428E-02  0.76417638E-01
  0.12908898E-01  0.24950951E-02  0.78162416E-01
  0.11631877E-01  0.29974342E-02  0.79839977E-01
  0.10373173E-01  0.33087910E-02  0.81335173E-01
  0.91231261E-02  0.34413538E-02  0.82535074E-01
  0.78731169E-02  0.34219376E-02  0.83338329E-01
  0.66163276E-02  0.32900580E-02  0.83663668E-01
  0.53483398E-02  0.30949575E-02  0.83456857E-01
  0.40675251E-02  0.28918209E-02  0.82695532E-01
  0.27752012E-02  0.27374814E-02  0.81391527E-01
  0.14755459E-02  0.26859651E-02  0.79590510E-01
  0.17528059E-03  0.27842289E-02  0.77368957E-01
 -0.11168470E-02  0.30684365E-02  0.74828717E-01
 -0.23907355E-02  0.35610692E-02  0.72089615E-01
 -0.36357001E-02  0.42690999E-02  0.69280684E-01
 -0.48412767E-02  0.51833738E-02  0.66530734E-01
 -0.59979949E-02  0.62792385E-02  0.63959016E-01
 -0.70980569E-02  0.75183691E-02  0.61666699E-01
 -0.41461052E-01 -0.25895575E-01  0.92451696E-01
 -0.41743570E-01 -0.21021374E-01  0.92047975E-01
 -0.41961584E-01 -0.16326814E-01  0.91979132E-01
 -0.42123496E-01 -0.11872896E-01  0.92222789E-01
 -0.42240923E-01 -0.77141977E-02  0.92726945E-01
 -0.42328208E-01 -0.38949975E-02  0.93414717E-01
 -0.42401622E-01 -0.44613427E-03  0.94190910E-01
 -0.42478335E-01  0.26171416E-02  0.94949892E-01
 -0.42575272E-01  0.52961604E-02  0.95584101E-01
 -0.42707963E-01  0.76085925E-02  0.95992540E-01
 -0.42889485E-01  0.95870083E-02  0.96088563E-01
 -0.43129612E-01  0.11276363E-01  0.95806386E-01
 -0.43434217E-01  0.12730622E-01  0.95105811E-01
 -0.43804986E-01  0.14008805E-01  0.93974856E-01
 -0.44239454E-01  0.15170764E-01  0.92430098E-01
 -0.44731352E-01  0.16273041E-01  0.90514783E-01
 -0.45271222E-01  0.17365111E-01  0.88294872E-01
 -0.45847235E-01  0.18486307E-01  0.85853398E-01
 -0.46446153E-01  0.19663636E-01  0.83283610E-01
 -0.47054325E-01  0.20910635E-01  0.80681475E-01
 -0.47658661E-01  0.22227315E-01  0.78138137E-01
 -0.48247476E-01  0.23601167E-01  0.75732946E-01
 -0.48811165E-01  0.25009106E-01  0.73527573E-01
 -0.49342641E-01  0.26420162E-01  0.71561660E-01
 -0.49837514E-01  0.27798674E-01  0.69850304E-01
 -0.50294011E-01  0.29107706E-01  0.68383519E-01
 -0.50712647E-01  0.30312404E-01  0.67127669E-01
 -0.51095685E-01  0.31383014E-01  0.66028689E-01
 -0.51446452E-01  0.32297325E-01  0.65016793E-01
 -0.51768554E-01  0.33042372E-01  0.64012232E-01
 -0.52065095E-01  0.33615264E-01  0.62931626E-01
 -0.52337943E-01  0.34023126E-01  0.61694321E-01
 -0.52587137E-01  0.34282173E-01  0.60228281E-01
 -0.52810464E-01  0.34416058E-01  0.58475038E-01
 -0.53003275E-01  0.34453630E-01  0.56393358E-01
 -0.53158526E-01  0.34426354E-01  0.53961349E-01
 -0.53267072E-01  0.34365598E-01  0.51176936E-01
 -0.53318156E-01  0.34300059E-01  0.48056717E-01
 -0.53300088E-01  0.34253519E-01  0.44633372E-01
 -0.53201014E-01  0.34243149E-01  0.40951928E-01
 -0.53009736E-01  0.34278463E-01  0.37065239E-01
 -0.52716496E-01  0.34361020E-01  0.33029131E-01
 -0.52313666E-01  0.34484860E-01  0.28897647E-01
 -0.51796267E-01  0.34637616E-01  0.24718831E-01
 -0.51162304E-01  0.34802184E-01  0.20531400E-01
 -0.50412867E-01  0.34958784E-01  0.16362587E-01
 -0.49552016E-01  0.35087198E-01  0.12227315E-01
 -0.48586465E-01  0.35168992E-01  0.81287182E-02
 -0.47525103E-01  0.35189493E-01  0.40599355E-02
 -0.46378406E-01  0.35139352E-01  0.69433410E-05
  0.47336146E-01 -0.13182672E-01  0.17192602E-04
  0.47284540E-01 -0.12946046E-01  0.39322287E-02
  0.47165328E-01 -0.12655446E-01  0.79954587E-02
  0.46969409E-01 -0.12313894E-01  0.12240666E-01
  0.46688062E-01 -0.11927010E-01  0.16682044E-01
  0.46313252E-01 -0.11502616E-01  0.21310476E-01
  0.45837926E-01 -0.11050137E-01  0.26091984E-01
  0.45256287E-01 -0.10579874E-01  0.30968566E-01
  0.44564063E-01 -0.10102205E-01  0.35861392E-01
  0.43758740E-01 -0.96267832E-02  0.40676139E-01
  0.42839764E-01 -0.91618032E-02  0.45310022E-01
  0.41808708E-01 -0.87134069E-02  0.49659916E-01
  0.40669378E-01 -0.82852703E-02  0.53630866E-01
  0.39427845E-01 -0.78784119E-02  0.57144203E-01
  0.38092405E-01 -0.74912339E-02  0.60144552E-01
  0.36673430E-01 -0.71197895E-02  0.62605040E-01
  0.35183124E-01 -0.67582496E-02  0.64530232E-01
  0.33635164E-01 -0.63995219E-02  0.65956452E-01
  0.32044245E-01 -0.60359657E-02  0.66949429E-01
  0.30425540E-01 -0.56601344E-02  0.67599388E-01
  0.28794095E-01 -0.52654793E-02  0.68013992E-01
  0.27164203E-01 -0.48469494E-02  0.68309678E-01
  0.25548787E-01 -0.44014362E-02  0.68602119E-01
  0.23958840E-01 -0.39280230E-02  0.68996606E-01
  0.22402960E-01 -0.34280222E-02  0.69579176E-01
  0.20887027E-01 -0.29047978E-02  0.70409235E-01
  0.19414042E-01 -0.23633957E-02  0.71514328E-01
  0.17984142E-01 -0.18100179E-02  0.72887520E-01
  0.16594811E-01 -0.12513919E-02  0.74487628E-01
  0.15241263E-01 -0.69409734E-03  0.76242310E-01
  0.13916966E-01 -0.14391188E-03  0.78053781E-01
  0.12614292E-01  0.39476206E-03  0.79806697E-01
  0.11325219E-01  0.91933568E-03  0.81377564E-01
  0.10042054E-01  0.14292979E-02  0.82644907E-01
  0.87581045E-02  0.19262805E-02  0.83499368E-01
  0.74682675E-02  0.24139183E-02  0.83852897E-01
  0.61694739E-02  0.28975176E-02  0.83646293E-01
  0.48609697E-02  0.33835617E-02  0.82854479E-01
  0.35444092E-02  0.38790982E-02  0.81489075E-01
  0.22237581E-02  0.43910625E-02  0.79598075E-01
  0.90501610E-03  0.49255966E-02  0.77262649E-01
 -0.40421268E-03  0.54874245E-02  0.74591353E-01
 -0.16952687E-02  0.60793368E-02  0.71712192E-01
 -0.29590575E-02  0.67018314E-02  0.68763217E-01
 -0.41866922E-02  0.73529399E-02  0.65882376E-01
 -0.53701081E-02  0.80282563E-02  0.63197466E-01
 -0.38282469E-01 -0.31087814E-01  0.84898144E-01
 -0.38769319E-01 -0.26667577E-01  0.84452577E-01
 -0.39194653E-01 -0.22396868E-01  0.84361565E-01
 -0.39563714E-01 -0.18291102E-01  0.84634832E-01
 -0.39884070E-01 -0.14364664E-01  0.85247573E-01
 -0.40165556E-01 -0.10630170E-01  0.86143023E-01
 -0.40419933E-01 -0.70977359E-02  0.87237484E-01
 -0.40660308E-01 -0.37743298E-02  0.88427369E-01
 -0.40900373E-01 -0.66328668E-03  0.89597669E-01
 -0.41153550E-01  0.22359692E-02  0.90631152E-01
 -0.41432127E-01  0.49279541E-02  0.91417557E-01
 -0.41746456E-01  0.74208982E-02  0.91862065E-01
 -0.42104302E-01  0.97262759E-02  0.91892379E-01
 -0.42510384E-01  0.11858127E-01  0.91463911E-01
 -0.42966148E-01  0.13832222E-01  0.90562673E-01
 -0.43469790E-01  0.15665145E-01  0.89205726E-01
 -0.44016513E-01  0.17373351E-01  0.87439175E-01
 -0.44598990E-01  0.18972293E-01  0.85333942E-01
 -0.45207992E-01  0.20475663E-01  0.82979686E-01
 -0.45833122E-01  0.21894823E-01  0.80477398E-01
 -0.46463577E-01  0.23238443E-01  0.77931287E-01
 -0.47088904E-01  0.24512382E-01  0.75440612E-01
 -0.47699648E-01  0.25719800E-01  0.73092105E-01
 -0.48287878E-01  0.26861483E-01  0.70953574E-01
 -0.48847528E-01  0.27936346E-01  0.69069155E-01
 -0.49374538E-01  0.28942059E-01  0.67456543E-01
 -0.49866796E-01  0.29875736E-01  0.66106375E-01
 -0.50323885E-01  0.30734622E-01  0.64983735E-01
 -0.50746671E-01  0.31516729E-01  0.64031610E-01
 -0.51136767E-01  0.32221348E-01  0.63175953E-01
 -0.51495939E-01  0.32849417E-01  0.62331898E-01
 -0.51825498E-01  0.33403699E-01  0.61410592E-01
 -0.52125740E-01  0.33888778E-01  0.60326067E-01
 -0.52395499E-01  0.34310861E-01  0.59001603E-01
 -0.52631835E-01  0.34677434E-01  0.57375086E-01
 -0.52829908E-01  0.34996781E-01  0.55402957E-01
 -0.52983048E-01  0.35277435E-01  0.53062494E-01
 -0.53083002E-01  0.35527602E-01  0.50352302E-01
 -0.53120364E-01  0.35754607E-01  0.47291056E-01
 -0.53085128E-01  0.35964429E-01  0.43914678E-01
 -0.52967333E-01  0.36161336E-01  0.40272262E-01
 -0.52757730E-01  0.36347688E-01  0.36421156E-01
 -0.52448422E-01  0.36523884E-01  0.32421677E-01
 -0.52033419E-01  0.36688487E-01  0.28331940E-01
 -0.51509052E-01  0.36838495E-01  0.24203274E-01
 -0.50874231E-01  0.36969743E-01  0.20076615E-01
 -0.50130507E-01  0.37077389E-01  0.15980167E-01
 -0.49281962E-01  0.37156454E-01  0.11928525E-01
 -0.48334923E-01  0.37202354E-01  0.79232657E-02
 -0.47297556E-01  0.37211389E-01  0.39549307E-02
 -0.46179359E-01  0.37181145E-01  0.61455658E-05
  0.49333018E-01 -0.13116192E-01  0.14613580E-04
  0.49179456E-01 -0.13000627E-01  0.39382597E-02
  0.48945097E-01 -0.12870428E-01  0.79913398E-02
  0.48623297E-01 -0.12711364E-01  0.12207512E-01
  0.48208270E-01 -0.12508591E-01  0.16602401E-01
  0.47695293E-01 -0.12248121E-01  0.21169845E-01
  0.47080886E-01 -0.11918309E-01  0.25880179E-01
  0.46362953E-01 -0.11511200E-01  0.30680793E-01
  0.45540892E-01 -0.11023631E-01  0.35498938E-01
  0.44615681E-01 -0.10457958E-01  0.40246610E-01
  0.43589921E-01 -0.98223310E-02  0.44827074E-01
  0.42467854E-01 -0.91304765E-02  0.49142500E-01
  0.41255334E-01 -0.84009812E-02  0.53102009E-01
  0.39959762E-01 -0.76561155E-02  0.56629422E-01
  0.38589960E-01 -0.69202824E-02  0.59669997E-01
  0.37155996E-01 -0.62182054E-02  0.62195519E-01
  0.35668945E-01 -0.55730012E-02  0.64207254E-01
  0.34140584E-01 -0.50042915E-02  0.65736457E-01
  0.32583042E-01 -0.45265141E-02  0.66842330E-01
  0.31008397E-01 -0.41475790E-02  0.67607570E-01
  0.29428250E-01 -0.38679900E-02  0.68131834E-01
  0.27853294E-01 -0.36805194E-02  0.68523662E-01
  0.26292908E-01 -0.35704764E-02  0.68891533E-01
  0.24754798E-01 -0.35165649E-02  0.69334788E-01
  0.23244721E-01 -0.34922775E-02  0.69935227E-01
  0.21766310E-01 -0.34677274E-02  0.70750079E-01
  0.20321018E-01 -0.34117830E-02  0.71806960E-01
  0.18908196E-01 -0.32943445E-02  0.73101287E-01
  0.17525296E-01 -0.30885859E-02  0.74596364E-01
  0.16168199E-01 -0.27729890E-02  0.76226168E-01
  0.14831639E-01 -0.23330065E-02  0.77900618E-01
  0.13509698E-01 -0.17622238E-02  0.79512910E-01
  0.12196339E-01 -0.10629225E-02  0.80948308E-01
  0.10885937E-01 -0.24599919E-03  0.82093678E-01
  0.95737719E-02  0.66975972E-03  0.82846979E-01
  0.82564410E-02  0.16589939E-02  0.83125929E-01
  0.69321754E-02  0.26915766E-02  0.82875133E-01
  0.56010233E-02  0.37347775E-02  0.82071092E-01
  0.42648974E-02  0.47556136E-02  0.80724684E-01
  0.29274826E-02  0.57232106E-02  0.78880920E-01
  0.15940127E-02  0.66109935E-02  0.76615994E-01
  0.27093617E-03  0.73985410E-02  0.74031888E-01
 -0.10345038E-02  0.80729629E-02  0.71248949E-01
 -0.23147395E-02  0.86297024E-02  0.68397072E-01
 -0.35623645E-02  0.90727032E-02  0.65606179E-01
 -0.33899482E-01 -0.35290648E-01  0.77309694E-01
 -0.34596058E-01 -0.31158108E-01  0.76945699E-01
 -0.35235260E-01 -0.27218014E-01  0.76867740E-01
 -0.35820880E-01 -0.23450297E-01  0.77116137E-01
 -0.36357945E-01 -0.19832436E-01  0.77699110E-01
 -0.36852914E-01 -0.16341728E-01  0.78592541E-01
 -0.37313679E-01 -0.12957391E-01  0.79742309E-01
 -0.37749361E-01 -0.96623559E-02  0.81068949E-01
 -0.38169937E-01 -0.64446282E-02  0.82474240E-01
 -0.38585731E-01 -0.32981461E-02  0.83849152E-01
 -0.39006827E-01 -0.22308646E-03  0.85082518E-01
 -0.39442469E-01  0.27743721E-02  0.86069707E-01
 -0.39900488E-01  0.56827899E-02  0.86720646E-01
 -0.40386835E-01  0.84866316E-02  0.86966533E-01
 -0.40905231E-01  0.11167750E-01  0.86764775E-01
 -0.41456995E-01  0.13707058E-01  0.86101763E-01
 -0.42041027E-01  0.16086260E-01  0.84993330E-01
 -0.42653977E-01  0.18289493E-01  0.83482896E-01
 -0.43290557E-01  0.20304758E-01  0.81637496E-01
 -0.43943973E-01  0.22125041E-01  0.79542047E-01
 -0.44606444E-01  0.23749028E-01  0.77292355E-01
 -0.45269753E-01  0.25181385E-01  0.74987428E-01
 -0.45925789E-01  0.26432585E-01  0.72721731E-01
 -0.46567033E-01  0.27518299E-01  0.70577994E-01
 -0.47186948E-01  0.28458426E-01  0.68621114E-01
 -0.47780244E-01  0.29275833E-01  0.66893622E-01
 -0.48343008E-01  0.29994913E-01  0.65413022E-01
 -0.48872678E-01  0.30640083E-01  0.64171156E-01
 -0.49367878E-01  0.31234329E-01  0.63135592E-01
 -0.49828138E-01  0.31797919E-01  0.62252868E-01
 -0.50253514E-01  0.32347365E-01  0.61453255E-01
 -0.50644165E-01  0.32894721E-01  0.60656638E-01
 -0.50999916E-01  0.33447237E-01  0.59778980E-01
 -0.51319849E-01  0.34007398E-01  0.58738845E-01
 -0.51601982E-01  0.34573319E-01  0.57463445E-01
 -0.51843044E-01  0.35139447E-01  0.55893746E-01
 -0.52038387E-01  0.35697499E-01  0.53988242E-01
 -0.52182049E-01  0.36237551E-01  0.51725161E-01
 -0.52266952E-01  0.36749167E-01  0.49102964E-01
 -0.52285237E-01  0.37222488E-01  0.46139200E-01
 -0.52228702E-01  0.37649169E-01  0.42867858E-01
 -0.52089301E-01  0.38023113E-01  0.39335536E-01
 -0.51859671E-01  0.38340920E-01  0.35596801E-01
 -0.51533634E-01  0.38602053E-01  0.31709190E-01
 -0.51106635E-01  0.38808700E-01  0.27728312E-01
 -0.50576067E-01  0.38965369E-01  0.23703500E-01
 -0.49941475E-01  0.39078264E-01  0.19674370E-01
 -0.49204609E-01  0.39154515E-01  0.15668593E-01
 -0.48369328E-01  0.39201345E-01  0.11701030E-01
 -0.47441376E-01  0.39225254E-01  0.77742726E-02
 -0.46428059E-01  0.39231317E-01  0.38804817E-02
 -0.45337834E-01  0.39222647E-01  0.43250612E-05
  0.50998318E-01 -0.12915834E-01  0.95627602E-05
  0.50743648E-01 -0.12893135E-01  0.39894292E-02
  0.50397034E-01 -0.12887508E-01  0.80601055E-02
  0.49954569E-01 -0.12872116E-01  0.12250147E-01
  0.49413632E-01 -0.12817200E-01  0.16573825E-01
  0.48772980E-01 -0.12692894E-01  0.21027688E-01
  0.48032784E-01 -0.12472173E-01  0.25588810E-01
  0.47194616E-01 -0.12133681E-01  0.30214936E-01
  0.46261401E-01 -0.11664165E-01  0.34846554E-01
  0.45237333E-01 -0.11060280E-01  0.39410750E-01
  0.44127771E-01 -0.10329576E-01  0.43826507E-01
  0.42939116E-01 -0.94905530E-02  0.48011009E-01
  0.41678672E-01 -0.85717271E-02  0.51886379E-01
  0.40354506E-01 -0.76097786E-02  0.55386234E-01
  0.38975276E-01 -0.66468916E-02  0.58461468E-01
  0.37550066E-01 -0.57274991E-02  0.61084710E-01
  0.36088188E-01 -0.48946936E-02  0.63253020E-01
  0.34598975E-01 -0.41865990E-02  0.64988569E-01
  0.33091562E-01 -0.36330156E-02  0.66337163E-01
  0.31574645E-01 -0.32526281E-02  0.67364738E-01
  0.30056248E-01 -0.30510309E-02  0.68152073E-01
  0.28543489E-01 -0.30197577E-02  0.68788162E-01
  0.27042378E-01 -0.31364239E-02  0.69362800E-01
  0.25557640E-01 -0.33659979E-02  0.69959013E-01
  0.24092597E-01 -0.36631233E-02  0.70645984E-01
  0.22649110E-01 -0.39753276E-02  0.71473083E-01
  0.21227600E-01 -0.42468732E-02  0.72465535E-01
  0.19827135E-01 -0.44229530E-02  0.73622093E-01
  0.18445609E-01 -0.44538991E-02  0.74914954E-01
  0.17079981E-01 -0.42990683E-02  0.76291920E-01
  0.15726573E-01 -0.39300892E-02  0.77680656E-01
  0.14381406E-01 -0.33332069E-02  0.78994688E-01
  0.13040560E-01 -0.25105288E-02  0.80140649E-01
  0.11700519E-01 -0.14800636E-02  0.81026183E-01
  0.10358491E-01 -0.27454225E-03  0.81567841E-01
  0.90126798E-02  0.10608950E-02  0.81698320E-01
  0.76624773E-02  0.24719695E-02  0.81372447E-01
  0.63085809E-02  0.38992395E-02  0.80571415E-01
  0.49530154E-02  0.52824736E-02  0.79304919E-01
  0.35990630E-02  0.65650811E-02  0.77611027E-01
  0.22511079E-02  0.76982560E-02  0.75553796E-01
  0.91440510E-03  0.86445155E-02  0.73218824E-01
 -0.40520755E-03  0.93803624E-02  0.70707125E-01
 -0.17016344E-02  0.98978692E-02  0.68127799E-01
 -0.29688598E-02  0.10205072E-01  0.65590115E-01
 -0.29247704E-01 -0.34979416E-01  0.69079720E-01
 -0.30101412E-01 -0.31159238E-01  0.69198610E-01
 -0.30905398E-01 -0.27566457E-01  0.69542589E-01
 -0.31663573E-01 -0.24157089E-01  0.70143593E-01
 -0.32380362E-01 -0.20883226E-01  0.71007092E-01
 -0.33060871E-01 -0.17697290E-01  0.72111802E-01
 -0.33710947E-01 -0.14556067E-01  0.73411554E-01
 -0.34337097E-01 -0.11424232E-01  0.74839114E-01
 -0.34946308E-01 -0.82770839E-02  0.76311641E-01
 -0.35545755E-01 -0.51023418E-02  0.77737300E-01
 -0.36142462E-01 -0.19008623E-02  0.79022498E-01
 -0.36742920E-01  0.13137200E-02  0.80079153E-01
 -0.37352724E-01  0.45163803E-02  0.80831417E-01
 -0.37976245E-01  0.76729750E-02  0.81221334E-01
 -0.38616382E-01  0.10743196E-01  0.81213004E-01
 -0.39274408E-01  0.13683957E-01  0.80794942E-01
 -0.39949921E-01  0.16452930E-01  0.79980492E-01
 -0.40640912E-01  0.19011962E-01  0.78806298E-01
 -0.41343930E-01  0.21330093E-01  0.77328975E-01
 -0.42054337E-01  0.23385960E-01  0.75620309E-01
 -0.42766634E-01  0.25169409E-01  0.73761366E-01
 -0.43474811E-01  0.26682216E-01  0.71836011E-01
 -0.44172718E-01  0.27937881E-01  0.69924370E-01
 -0.44854400E-01  0.28960535E-01  0.68096729E-01
 -0.45514390E-01  0.29783077E-01  0.66408365E-01
 -0.46147920E-01  0.30444714E-01  0.64895666E-01
 -0.46751050E-01  0.30988097E-01  0.63573842E-01
 -0.47320692E-01  0.31456312E-01  0.62436334E-01
 -0.47854541E-01  0.31889955E-01  0.61455942E-01
 -0.48350922E-01  0.32324525E-01  0.60587520E-01
 -0.48808559E-01  0.32788315E-01  0.59771973E-01
 -0.49226309E-01  0.33300974E-01  0.58941210E-01
 -0.49602871E-01  0.33872798E-01  0.58023602E-01
 -0.49936512E-01  0.34504799E-01  0.56949520E-01
 -0.50224842E-01  0.35189500E-01  0.55656482E-01
 -0.50464645E-01  0.35912359E-01  0.54093517E-01
 -0.50651813E-01  0.36653682E-01  0.52224434E-01
 -0.50781374E-01  0.37390831E-01  0.50029753E-01
 -0.50847631E-01  0.38100531E-01  0.47507222E-01
 -0.50844387E-01  0.38761083E-01  0.44670928E-01
 -0.50765264E-01  0.39354268E-01  0.41549144E-01
 -0.50604065E-01  0.39866826E-01  0.38181160E-01
 -0.50355169E-01  0.40291366E-01  0.34613422E-01
 -0.50013906E-01  0.40626665E-01  0.30895345E-01
 -0.49576904E-01  0.40877358E-01  0.27075198E-01
 -0.49042342E-01  0.41053064E-01  0.23196426E-01
 -0.48410128E-01  0.41167061E-01  0.19294724E-01
 -0.47681957E-01  0.41234653E-01  0.15396110E-01
 -0.46861257E-01  0.41271393E-01  0.11516137E-01
 -0.45953044E-01  0.41291348E-01  0.76602739E-02
 -0.44963678E-01  0.41305570E-01  0.38253789E-02
 -0.43900570E-01  0.41320932E-01  0.20919669E-05
  0.52491787E-01 -0.12777098E-01  0.28315199E-05
  0.52145407E-01 -0.12801646E-01  0.40695205E-02
  0.51699281E-01 -0.12864673E-01  0.81763200E-02
  0.51152243E-01 -0.12932773E-01  0.12343505E-01
  0.50504729E-01 -0.12968250E-01  0.16582154E-01
  0.49758737E-01 -0.12932619E-01  0.20891240E-01
  0.48917727E-01 -0.12790329E-01  0.25255913E-01
  0.47986454E-01 -0.12512371E-01  0.29647180E-01
  0.46970765E-01 -0.12079433E-01  0.34023021E-01
  0.45877376E-01 -0.11484287E-01  0.38330872E-01
  0.44713632E-01 -0.10733190E-01  0.42511269E-01
  0.43487282E-01 -0.98461093E-02  0.46502318E-01
  0.42206261E-01 -0.88557296E-02  0.50244598E-01
  0.40878505E-01 -0.78052849E-02  0.53686042E-01
  0.39511789E-01 -0.67453674E-02  0.56786342E-01
  0.38113589E-01 -0.57299615E-02  0.59520457E-01
  0.36690975E-01 -0.48120229E-02  0.61880898E-01
  0.35250518E-01 -0.40389737E-02  0.63878544E-01
  0.33798219E-01 -0.34484968E-02  0.65541887E-01
  0.32339441E-01 -0.30649985E-02  0.66914769E-01
  0.30878863E-01 -0.28970581E-02  0.68052751E-01
  0.29420429E-01 -0.29361059E-02  0.69018451E-01
  0.27967318E-01 -0.31564712E-02  0.69876222E-01
  0.26521919E-01 -0.35168298E-02  0.70686642E-01
  0.25085832E-01 -0.39629633E-02  0.71501291E-01
  0.23659886E-01 -0.44316290E-02  0.72358270E-01
  0.22244181E-01 -0.48552484E-02  0.73278865E-01
  0.20838169E-01 -0.51670451E-02  0.74265645E-01
  0.19440754E-01 -0.53062245E-02  0.75302175E-01
  0.18050429E-01 -0.52227769E-02  0.76354381E-01
  0.16665437E-01 -0.48815151E-02  0.77373457E-01
  0.15283940E-01 -0.42650124E-02  0.78300069E-01
  0.13904210E-01 -0.33751963E-02  0.79069527E-01
  0.12524808E-01 -0.22334592E-02  0.79617460E-01
  0.11144758E-01 -0.87926638E-03  0.79885550E-01
  0.97636847E-02  0.63263848E-03  0.79826815E-01
  0.83819334E-02  0.22362158E-02  0.79410028E-01
  0.70006344E-02  0.38589931E-02  0.78622874E-01
  0.56217270E-02  0.54274288E-02  0.77473602E-01
  0.42479316E-02  0.68723582E-02  0.75991032E-01
  0.28826729E-02  0.81340989E-02  0.74222909E-01
  0.15299588E-02  0.91668175E-02  0.72232751E-01
  0.19422133E-03  0.99418248E-02  0.70095444E-01
 -0.11198703E-02  0.10449547E-01  0.67891953E-01
 -0.22787806E-01 -0.38662859E-01  0.60331087E-01
 -0.23849946E-01 -0.34746034E-01  0.60865964E-01
 -0.24866613E-01 -0.31112061E-01  0.61507803E-01
 -0.25841606E-01 -0.27715602E-01  0.62294372E-01
 -0.26778469E-01 -0.24501554E-01  0.63246393E-01
 -0.27680676E-01 -0.21410084E-01  0.64365677E-01
 -0.28551788E-01 -0.18381853E-01  0.65634833E-01
 -0.29395561E-01 -0.15363003E-01  0.67018543E-01
 -0.30215989E-01 -0.12309537E-01  0.68466296E-01
 -0.31017276E-01 -0.91907666E-02  0.69916321E-01
 -0.31803752E-01 -0.59915840E-02  0.71300396E-01
 -0.32579715E-01 -0.27134189E-02  0.72549132E-01
 -0.33349253E-01  0.62616093E-03  0.73597304E-01
 -0.34116031E-01  0.39951376E-02  0.74388792E-01
 -0.34883091E-01  0.73498506E-02  0.74880760E-01
 -0.35652662E-01  0.10638675E-01  0.75046736E-01
 -0.36426020E-01  0.13806256E-01  0.74878381E-01
 -0.37203389E-01  0.16797964E-01  0.74385812E-01
 -0.37983919E-01  0.19564191E-01  0.73596490E-01
 -0.38765712E-01  0.22064182E-01  0.72552775E-01
 -0.39545927E-01  0.24269097E-01  0.71308375E-01
 -0.40320922E-01  0.26164082E-01  0.69923975E-01
 -0.41086457E-01  0.27749227E-01  0.68462422E-01
 -0.41837902E-01  0.29039350E-01  0.66983836E-01
 -0.42570472E-01  0.30062672E-01  0.65541046E-01
 -0.43279434E-01  0.30858511E-01  0.64175689E-01
 -0.43960298E-01  0.31474208E-01  0.62915276E-01
 -0.44608950E-01  0.31961555E-01  0.61771418E-01
 -0.45221748E-01  0.32373017E-01  0.60739328E-01
 -0.45795535E-01  0.32758061E-01  0.59798602E-01
 -0.46327612E-01  0.33159864E-01  0.58915177E-01
 -0.46815643E-01  0.33612672E-01  0.58044285E-01
 -0.47257517E-01  0.34139962E-01  0.57134129E-01
 -0.47651189E-01  0.34753557E-01  0.56129969E-01
 -0.47994508E-01  0.35453699E-01  0.54978289E-01
 -0.48285053E-01  0.36230040E-01  0.53630698E-01
 -0.48520011E-01  0.37063433E-01  0.52047274E-01
 -0.48696096E-01  0.37928337E-01  0.50199104E-01
 -0.48809536E-01  0.38795592E-01  0.48069852E-01
 -0.48856130E-01  0.39635328E-01  0.45656268E-01
 -0.48831375E-01  0.40419746E-01  0.42967656E-01
 -0.48730659E-01  0.41125525E-01  0.40024389E-01
 -0.48549498E-01  0.41735673E-01  0.36855654E-01
 -0.48283811E-01  0.42240678E-01  0.33496659E-01
 -0.47930199E-01  0.42638879E-01  0.29985572E-01
 -0.47486204E-01  0.42936067E-01  0.26360481E-01
 -0.46950532E-01  0.43144377E-01  0.22656652E-01
 -0.46323209E-01  0.43280611E-01  0.18904310E-01
 -0.45605674E-01  0.43364157E-01  0.15127139E-01
 -0.44800780E-01  0.43414743E-01  0.11341599E-01
 -0.43912726E-01  0.43450231E-01  0.75570961E-02
 -0.42946917E-01  0.43484669E-01  0.37769466E-02
 -0.41909768E-01  0.43526807E-01  0.21625364E-07
  0.53962861E-01 -0.12878747E-01 -0.45005115E-05
  0.53540499E-01 -0.12897838E-01  0.41593619E-02
  0.53014669E-01 -0.12964986E-01  0.83096106E-02
  0.52386728E-01 -0.13046674E-01  0.12456855E-01
  0.51659778E-01 -0.13104589E-01  0.16607990E-01
  0.50838509E-01 -0.13099157E-01  0.20763911E-01
  0.49928968E-01 -0.12993345E-01  0.24917887E-01
  0.48938265E-01 -0.12756364E-01  0.29054772E-01
  0.47874247E-01 -0.12366943E-01  0.33151115E-01
  0.46745162E-01 -0.11815846E-01  0.37176195E-01
  0.45559332E-01 -0.11107387E-01  0.41093866E-01
  0.44324857E-01 -0.10259775E-01  0.44865047E-01
  0.43049375E-01 -0.93042156E-02  0.48450626E-01
  0.41739868E-01 -0.82828094E-02  0.51814499E-01
  0.40402544E-01 -0.72454049E-02  0.54926455E-01
  0.39042772E-01 -0.62456438E-02  0.57764625E-01
  0.37665076E-01 -0.53365240E-02  0.60317268E-01
  0.36273181E-01 -0.45658526E-02  0.62583704E-01
  0.34870086E-01 -0.39719790E-02  0.64574306E-01
  0.33458170E-01 -0.35801810E-02  0.66309533E-01
  0.32039298E-01 -0.34000320E-02  0.67818086E-01
  0.30614931E-01 -0.34239956E-02  0.69134338E-01
  0.29186228E-01 -0.36273977E-02  0.70295275E-01
  0.27754129E-01 -0.39698094E-02  0.71337207E-01
  0.26319422E-01 -0.43977564E-02  0.72292556E-01
  0.24882787E-01 -0.48485591E-02  0.73187000E-01
  0.23444831E-01 -0.52550079E-02  0.74037228E-01
  0.22006104E-01 -0.55505067E-02  0.74849523E-01
  0.20567110E-01 -0.56742725E-02  0.75619283E-01
  0.19128321E-01 -0.55761707E-02  0.76331548E-01
  0.17690184E-01 -0.52207919E-02  0.76962467E-01
  0.16253144E-01 -0.45904318E-02  0.77481602E-01
  0.14817669E-01 -0.36867269E-02  0.77854856E-01
  0.13384297E-01 -0.25308010E-02  0.78047778E-01
  0.11953674E-01 -0.11619020E-02  0.78028955E-01
  0.10526615E-01  0.36537316E-03  0.77773207E-01
  0.91041573E-02  0.19850530E-02  0.77264295E-01
  0.76876165E-02  0.36246558E-02  0.76496926E-01
  0.62786292E-02  0.52105641E-02  0.75477872E-01
  0.48791855E-02  0.66734890E-02  0.74226106E-01
  0.34916411E-02  0.79535978E-02  0.72771948E-01
  0.21187064E-02  0.90049062E-02  0.71155292E-01
  0.76341133E-03  0.97985964E-02  0.69423047E-01
 -0.15325095E-01 -0.42544429E-01  0.50372633E-01
 -0.16580853E-01 -0.38405873E-01  0.51465487E-01
 -0.17795884E-01 -0.34566613E-01  0.52576259E-01
 -0.18974346E-01 -0.30996525E-01  0.53730718E-01
 -0.20119656E-01 -0.27651208E-01  0.54947023E-01
 -0.21234579E-01 -0.24476381E-01  0.56233665E-01
 -0.22321357E-01 -0.21412885E-01  0.57588277E-01
 -0.23381871E-01 -0.18401901E-01  0.58997365E-01
 -0.24417808E-01 -0.15389972E-01  0.60437002E-01
 -0.25430801E-01 -0.12333425E-01  0.61874406E-01
 -0.26422540E-01 -0.92018799E-02  0.63270266E-01
 -0.27394838E-01 -0.59805895E-02  0.64581617E-01
 -0.28349638E-01 -0.26714470E-02  0.65765029E-01
 -0.29288977E-01  0.70736950E-03  0.66779841E-01
 -0.30214902E-01  0.41230626E-02  0.67591179E-01
 -0.31129344E-01  0.75310229E-02  0.68172522E-01
 -0.32033980E-01  0.10878529E-01  0.68507606E-01
 -0.32930080E-01  0.14109026E-01  0.68591524E-01
 -0.33818368E-01  0.17166630E-01  0.68430942E-01
 -0.34698905E-01  0.20000502E-01  0.68043424E-01
 -0.35571003E-01  0.22568739E-01  0.67455923E-01
 -0.36433194E-01  0.24841505E-01  0.66702571E-01
 -0.37283236E-01  0.26803155E-01  0.65821954E-01
 -0.38118180E-01  0.28453229E-01  0.64854078E-01
 -0.38934473E-01  0.29806260E-01  0.63837286E-01
 -0.39728101E-01  0.30890444E-01  0.62805345E-01
 -0.40494753E-01  0.31745310E-01  0.61784943E-01
 -0.41229999E-01  0.32418610E-01  0.60793777E-01
 -0.41929452E-01  0.32962689E-01  0.59839354E-01
 -0.42588920E-01  0.33430643E-01  0.58918605E-01
 -0.43204517E-01  0.33872576E-01  0.58018305E-01
 -0.43772733E-01  0.34332247E-01  0.57116243E-01
 -0.44290457E-01  0.34844364E-01  0.56183047E-01
 -0.44754952E-01  0.35432708E-01  0.55184489E-01
 -0.45163790E-01  0.36109211E-01  0.54084085E-01
 -0.45514754E-01  0.36874018E-01  0.52845769E-01
 -0.45805724E-01  0.37716490E-01  0.51436446E-01
 -0.46034559E-01  0.38617014E-01  0.49828222E-01
 -0.46198997E-01  0.39549445E-01  0.48000149E-01
 -0.46296587E-01  0.40483936E-01  0.45939386E-01
 -0.46324660E-01  0.41389897E-01  0.43641691E-01
 -0.46280357E-01  0.42238826E-01  0.41111269E-01
 -0.46160708E-01  0.43006773E-01  0.38360009E-01
 -0.45962762E-01  0.43676228E-01  0.35406205E-01
 -0.45683756E-01  0.44237300E-01  0.32272926E-01
 -0.45321315E-01  0.44688100E-01  0.28986166E-01
 -0.44873658E-01  0.45034344E-01  0.25572976E-01
 -0.44339791E-01  0.45288230E-01  0.22059730E-01
 -0.43719681E-01  0.45466724E-01  0.18470684E-01
 -0.43014378E-01  0.45589458E-01  0.14826930E-01
 -0.42226087E-01  0.45676429E-01  0.11145843E-01
 -0.41358185E-01  0.45745754E-01  0.74410128E-02
 -0.40415173E-01  0.45811685E-01  0.37226725E-02
 -0.39402575E-01  0.45883094E-01 -0.14738489E-05
  0.55518911E-01 -0.13345779E-01 -0.11236494E-04
  0.55039919E-01 -0.13310469E-01  0.42391668E-02
  0.54457892E-01 -0.13320816E-01  0.84280971E-02
  0.53776318E-01 -0.13349076E-01  0.12556708E-01
  0.53000389E-01 -0.13362915E-01  0.16627426E-01
  0.52136737E-01 -0.13328422E-01  0.20642280E-01
  0.51193104E-01 -0.13213368E-01  0.24601414E-01
  0.50177950E-01 -0.12990436E-01  0.28501893E-01
  0.49100045E-01 -0.12640091E-01  0.32336947E-01
  0.47968066E-01 -0.12152838E-01  0.36095676E-01
  0.46790226E-01 -0.11530630E-01  0.39763268E-01
  0.45573970E-01 -0.10787279E-01  0.43321672E-01
  0.44325736E-01 -0.99477987E-02  0.46750657E-01
  0.43050815E-01 -0.90467080E-02  0.50029135E-01
  0.41753299E-01 -0.81254195E-02  0.53136628E-01
  0.40436117E-01 -0.72289141E-02  0.56054711E-01
  0.39101151E-01 -0.64019780E-02  0.58768302E-01
  0.37749412E-01 -0.56853202E-02  0.61266674E-01
  0.36381262E-01 -0.51119036E-02  0.63544088E-01
  0.34996655E-01 -0.47038151E-02  0.65599997E-01
  0.33595377E-01 -0.44699572E-02  0.67438807E-01
  0.32177270E-01 -0.44047789E-02  0.69069222E-01
  0.30742421E-01 -0.44881782E-02  0.70503244E-01
  0.29291298E-01 -0.46866121E-02  0.71754930E-01
  0.27824837E-01 -0.49553463E-02  0.72839025E-01
  0.26344469E-01 -0.52416810E-02  0.73769606E-01
  0.24852101E-01 -0.54889042E-02  0.74558868E-01
  0.23350045E-01 -0.56406588E-02  0.75216158E-01
  0.21840914E-01 -0.56453740E-02  0.75747354E-01
  0.20327503E-01 -0.54603997E-02  0.76154637E-01
  0.18812654E-01 -0.50555046E-02  0.76436668E-01
  0.17299136E-01 -0.44154485E-02  0.76589162E-01
  0.15789537E-01 -0.35414114E-02  0.76605779E-01
  0.14286190E-01 -0.24511566E-02  0.76479265E-01
  0.12791130E-01 -0.11779021E-02  0.76202706E-01
  0.11306089E-01  0.23201484E-03  0.75770806E-01
  0.98325299E-02  0.17225027E-02  0.75181035E-01
  0.83717076E-02  0.32318474E-02  0.74434568E-01
  0.69247589E-02  0.46972871E-02  0.73536901E-01
  0.54928037E-02  0.60596721E-02  0.72498105E-01
  0.40770508E-02  0.72678433E-02  0.71332682E-01
  0.26788948E-02  0.82823906E-02  0.70059037E-01
 -0.70166927E-02 -0.46634613E-01  0.39245567E-01
 -0.84404624E-02 -0.42288247E-01  0.40892246E-01
 -0.98293315E-02 -0.38201007E-01  0.42524748E-01
 -0.11187860E-01 -0.34365304E-01  0.44146221E-01
 -0.12519680E-01 -0.30758400E-01  0.45758736E-01
 -0.13827426E-01 -0.27345194E-01  0.47362201E-01
 -0.15112770E-01 -0.24081898E-01  0.48953507E-01
 -0.16376531E-01 -0.20920246E-01  0.50525971E-01
 -0.17618858E-01 -0.17811932E-01  0.52069147E-01
 -0.18839449E-01 -0.14712894E-01  0.53569011E-01
 -0.20037775E-01 -0.11587121E-01  0.55008518E-01
 -0.21213304E-01 -0.84096944E-02  0.56368472E-01
 -0.22365679E-01 -0.51688297E-02  0.57628654E-01
 -0.23494850E-01 -0.18667994E-02  0.58769090E-01
 -0.24601142E-01  0.14803251E-02  0.59771370E-01
 -0.25685249E-01  0.48440552E-02  0.60619899E-01
 -0.26748174E-01  0.81858561E-02  0.61302967E-01
 -0.27791103E-01  0.11460294E-01  0.61813564E-01
 -0.28815241E-01  0.14618694E-01  0.62149855E-01
 -0.29821626E-01  0.17613002E-01  0.62315276E-01
 -0.30810933E-01  0.20399543E-01  0.62318248E-01
 -0.31783301E-01  0.22942379E-01  0.62171512E-01
 -0.32738186E-01  0.25216009E-01  0.61891146E-01
 -0.33674272E-01  0.27207217E-01  0.61495338E-01
 -0.34589432E-01  0.28915940E-01  0.61002997E-01
 -0.35480756E-01  0.30355109E-01  0.60432318E-01
 -0.36344637E-01  0.31549516E-01  0.59799406E-01
 -0.37176910E-01  0.32533807E-01  0.59117058E-01
 -0.37973034E-01  0.33349791E-01  0.58393800E-01
 -0.38728288E-01  0.34043305E-01  0.57633236E-01
 -0.39437979E-01  0.34660879E-01  0.56833770E-01
 -0.40097636E-01  0.35246486E-01  0.55988701E-01
 -0.40703161E-01  0.35838627E-01  0.55086685E-01
 -0.41250952E-01  0.36467965E-01  0.54112521E-01
 -0.41737956E-01  0.37155678E-01  0.53048198E-01
 -0.42161677E-01  0.37912645E-01  0.51874117E-01
 -0.42520129E-01  0.38739473E-01  0.50570405E-01
 -0.42811737E-01  0.39627350E-01  0.49118204E-01
 -0.43035220E-01  0.40559603E-01  0.47500868E-01
 -0.43189452E-01  0.41513797E-01  0.45704974E-01
 -0.43273333E-01  0.42464188E-01  0.43721084E-01
 -0.43285682E-01  0.43384287E-01  0.41544226E-01
 -0.43225172E-01  0.44249318E-01  0.39174071E-01
 -0.43090307E-01  0.45038368E-01  0.36614829E-01
 -0.42879463E-01  0.45736031E-01  0.33874868E-01
 -0.42590974E-01  0.46333449E-01  0.30966146E-01
 -0.42223271E-01  0.46828667E-01  0.27903477E-01
 -0.41775052E-01  0.47226296E-01  0.24703744E-01
 -0.41245468E-01  0.47536561E-01  0.21385097E-01
 -0.40634316E-01  0.47773839E-01  0.17966224E-01
 -0.39942206E-01  0.47954834E-01  0.14465743E-01
 -0.39170705E-01  0.48096608E-01  0.10901757E-01
 -0.38322432E-01  0.48214636E-01  0.72915853E-02
 -0.37401092E-01  0.48321093E-01  0.36516949E-02
 -0.36411470E-01  0.48423540E-01 -0.22133595E-05
  0.57201337E-01 -0.14222048E-01 -0.16256366E-04
  0.56685972E-01 -0.14096505E-01  0.42910827E-02
  0.56071579E-01 -0.14003574E-01  0.85023342E-02
  0.55363286E-01 -0.13925722E-01  0.12610663E-01
  0.54567704E-01 -0.13841569E-01  0.16614271E-01
  0.53692593E-01 -0.13727943E-01  0.20515283E-01
  0.52746455E-01 -0.13562182E-01  0.24318414E-01
  0.51738088E-01 -0.13324438E-01  0.28029542E-01
  0.50676140E-01 -0.12999796E-01  0.31654305E-01
  0.49568686E-01 -0.12579985E-01  0.35196832E-01
  0.48422860E-01 -0.12064517E-01  0.38658709E-01
  0.47244582E-01 -0.11461136E-01  0.42038244E-01
  0.46038372E-01 -0.10785505E-01  0.45330082E-01
  0.44807293E-01 -0.10060155E-01  0.48525181E-01
  0.43552988E-01 -0.93127578E-02  0.51611130E-01
  0.42275836E-01 -0.85738693E-02  0.54572772E-01
  0.40975190E-01 -0.78743267E-02  0.57393064E-01
  0.39649678E-01 -0.72425253E-02  0.60054098E-01
  0.38297544E-01 -0.67018119E-02  0.62538191E-01
  0.36917007E-01 -0.62682289E-02  0.64828964E-01
  0.35506589E-01 -0.59488138E-02  0.66912317E-01
  0.34065407E-01 -0.57406171E-02  0.68777247E-01
  0.32593402E-01 -0.56305396E-02  0.70416442E-01
  0.31091483E-01 -0.55960231E-02  0.71826626E-01
  0.29561589E-01 -0.56065533E-02  0.73008646E-01
  0.28006661E-01 -0.56258676E-02  0.73967300E-01
  0.26430536E-01 -0.56146931E-02  0.74710947E-01
  0.24837773E-01 -0.55338001E-02  0.75250927E-01
  0.23233425E-01 -0.53471210E-02  0.75600852E-01
  0.21622784E-01 -0.50246804E-02  0.75775828E-01
  0.20011126E-01 -0.45450924E-02  0.75791650E-01
  0.18403457E-01 -0.38974185E-02  0.75664049E-01
  0.16804308E-01 -0.30822251E-02  0.75408018E-01
  0.15217567E-01 -0.21117508E-02  0.75037273E-01
  0.13646387E-01 -0.10091603E-02  0.74563853E-01
  0.12093146E-01  0.19306054E-03  0.73997897E-01
  0.10559485E-01  0.14554460E-02  0.73347573E-01
  0.90464008E-02  0.27344441E-02  0.72619172E-01
  0.75543911E-02  0.39856369E-02  0.71817323E-01
  0.60836318E-02  0.51670315E-02  0.70945319E-01
  0.35211554E-02 -0.55199960E-01  0.25362636E-01
  0.19338019E-02 -0.50637341E-01  0.27375254E-01
  0.37927624E-03 -0.46221334E-01  0.29420965E-01
 -0.11477833E-02 -0.41975833E-01  0.31479140E-01
 -0.26521739E-02 -0.37912603E-01  0.33529974E-01
 -0.41378021E-02 -0.34031414E-01  0.35554995E-01
 -0.56074638E-02 -0.30321084E-01  0.37537429E-01
 -0.70627419E-02 -0.26761331E-01  0.39462433E-01
 -0.85040216E-02 -0.23325271E-01  0.41317207E-01
 -0.99306125E-02 -0.19982355E-01  0.43090983E-01
 -0.11340958E-01 -0.16701475E-01  0.44774934E-01
 -0.12732903E-01 -0.13454012E-01  0.46362004E-01
 -0.14103996E-01 -0.10216563E-01  0.47846698E-01
 -0.15451786E-01 -0.69731482E-02  0.49224850E-01
 -0.16774088E-01 -0.37167202E-02  0.50493395E-01
 -0.18069193E-01 -0.44988053E-03  0.51650156E-01
 -0.19336006E-01  0.28152405E-02  0.52693665E-01
 -0.20574095E-01  0.60579118E-02  0.53623026E-01
 -0.21783651E-01  0.92504433E-02  0.54437814E-01
 -0.22965378E-01  0.12360395E-01  0.55138018E-01
 -0.24120301E-01  0.15353158E-01  0.55724012E-01
 -0.25249542E-01  0.18194704E-01  0.56196541E-01
 -0.26354066E-01  0.20854262E-01  0.56556723E-01
 -0.27434430E-01  0.23306722E-01  0.56806030E-01
 -0.28490573E-01  0.25534577E-01  0.56946260E-01
 -0.29521639E-01  0.27529252E-01  0.56979467E-01
 -0.30525882E-01  0.29291735E-01  0.56907870E-01
 -0.31500643E-01  0.30832469E-01  0.56733705E-01
 -0.32442405E-01  0.32170537E-01  0.56459066E-01
 -0.33346925E-01  0.33332212E-01  0.56085696E-01
 -0.34209428E-01  0.34349015E-01  0.55614791E-01
 -0.35024837E-01  0.35255431E-01  0.55046783E-01
 -0.35788037E-01  0.36086490E-01  0.54381165E-01
 -0.36494126E-01  0.36875387E-01  0.53616336E-01
 -0.37138639E-01  0.37651349E-01  0.52749520E-01
 -0.37717735E-01  0.38437891E-01  0.51776738E-01
 -0.38228313E-01  0.39251590E-01  0.50692865E-01
 -0.38668061E-01  0.40101459E-01  0.49491777E-01
 -0.39035434E-01  0.40988942E-01  0.48166568E-01
 -0.39329567E-01  0.41908498E-01  0.46709854E-01
 -0.39550129E-01  0.42848715E-01  0.45114137E-01
 -0.39697151E-01  0.43793818E-01  0.43372220E-01
 -0.39770838E-01  0.44725440E-01  0.41477645E-01
 -0.39771386E-01  0.45624489E-01  0.39425150E-01
 -0.39698835E-01  0.46472938E-01  0.37211091E-01
 -0.39552974E-01  0.47255409E-01  0.34833843E-01
 -0.39333296E-01  0.47960384E-01  0.32294123E-01
 -0.39039033E-01  0.48580995E-01  0.29595246E-01
 -0.38669244E-01  0.49115306E-01  0.26743277E-01
 -0.38222969E-01  0.49566107E-01  0.23747085E-01
 -0.37699418E-01  0.49940250E-01  0.20618290E-01
 -0.37098187E-01  0.50247615E-01  0.17371093E-01
 -0.36419478E-01  0.50499812E-01  0.14022022E-01
 -0.35664301E-01  0.50708770E-01  0.10589581E-01
 -0.34834637E-01  0.50885340E-01  0.70938393E-02
 -0.33933558E-01  0.51038067E-01  0.35559667E-02
 -0.32965276E-01  0.51172235E-01 -0.22451856E-05
  0.58974259E-01 -0.15457956E-01 -0.18702502E-04
  0.58441324E-01 -0.15225736E-01  0.43016032E-02
  0.57815844E-01 -0.15005147E-01  0.85092527E-02
  0.57104044E-01 -0.14791264E-01  0.12591713E-01
  0.56313293E-01 -0.14576382E-01  0.16543575E-01
  0.55451708E-01 -0.14350904E-01  0.20365877E-01
  0.54527720E-01 -0.14104422E-01  0.24064970E-01
  0.53549604E-01 -0.13826900E-01  0.27651046E-01
  0.52525037E-01 -0.13509829E-01  0.31136424E-01
  0.51460692E-01 -0.13147252E-01  0.34533748E-01
  0.50361922E-01 -0.12736539E-01  0.37854232E-01
  0.49232545E-01 -0.12278848E-01  0.41106082E-01
  0.48074749E-01 -0.11779213E-01  0.44293222E-01
  0.46889122E-01 -0.11246241E-01  0.47414408E-01
  0.45674813E-01 -0.10691449E-01  0.50462800E-01
  0.44429790E-01 -0.10128283E-01  0.53426022E-01
  0.43151195E-01 -0.95709149E-02  0.56286680E-01
  0.41835757E-01 -0.90329217E-02  0.59023328E-01
  0.40480222E-01 -0.85259713E-02  0.61611761E-01
  0.39081786E-01 -0.80586302E-02  0.64026577E-01
  0.37638481E-01 -0.76354139E-02  0.66242853E-01
  0.36149490E-01 -0.72561673E-02  0.68237835E-01
  0.34615371E-01 -0.69158436E-02  0.69992496E-01
  0.33038175E-01 -0.66047084E-02  0.71492869E-01
  0.31421450E-01 -0.63089641E-02  0.72731034E-01
  0.29770132E-01 -0.60117470E-02  0.73705715E-01
  0.28090336E-01 -0.56944216E-02  0.74422431E-01
  0.26389073E-01 -0.53380648E-02  0.74893201E-01
  0.24673906E-01 -0.49250176E-02  0.75135828E-01
  0.22952575E-01 -0.44403738E-02  0.75172820E-01
  0.21232627E-01 -0.38732800E-02  0.75030024E-01
  0.19521077E-01 -0.32179335E-02  0.74735085E-01
  0.17824115E-01 -0.24741932E-02  0.74315827E-01
  0.16146893E-01 -0.16477464E-02  0.73798687E-01
  0.14493393E-01 -0.74981403E-03  0.73207296E-01
  0.12866397E-01  0.20358661E-03  0.72561323E-01
  0.11267535E-01  0.11927647E-02  0.71875633E-01
  0.96974244E-02  0.21957767E-02  0.71159835E-01
  0.81558770E-02  0.31900317E-02  0.70418228E-01
  0.12945236E-01 -0.58415691E-01  0.13358188E-01
  0.11284380E-01 -0.54094266E-01  0.15440953E-01
  0.96470193E-02 -0.49807465E-01  0.17633631E-01
  0.80279858E-02 -0.45581297E-01  0.19903267E-01
  0.64224097E-02 -0.41436277E-01  0.22215502E-01
  0.48261482E-02 -0.37386765E-01  0.24536229E-01
  0.32361250E-02 -0.33440806E-01  0.26833168E-01
  0.16505570E-02 -0.29600449E-01  0.29077227E-01
  0.69053757E-04 -0.25862524E-01  0.31243605E-01
 -0.15074122E-02 -0.22219800E-01  0.33312540E-01
 -0.30766530E-02 -0.18662395E-01  0.35269704E-01
 -0.46355112E-02 -0.15179340E-01  0.37106216E-01
 -0.61801754E-02 -0.11760142E-01  0.38818300E-01
 -0.77065315E-02 -0.83962259E-02  0.40406641E-01
 -0.92105151E-02 -0.50821237E-02  0.41875496E-01
 -0.10688431E-01 -0.18163350E-02  0.43231640E-01
 -0.12137208E-01  0.13982217E-02  0.44483244E-01
 -0.13554578E-01  0.45541878E-02  0.45638765E-01
 -0.14939140E-01  0.76401669E-02  0.46705931E-01
 -0.16290345E-01  0.10641509E-01  0.47690902E-01
 -0.17608362E-01  0.13541406E-01  0.48597647E-01
 -0.18893882E-01  0.16322192E-01  0.49427580E-01
 -0.20147854E-01  0.18966753E-01  0.50179462E-01
 -0.21371188E-01  0.21459911E-01  0.50849558E-01
 -0.22564468E-01  0.23789674E-01  0.51432011E-01
 -0.23727681E-01  0.25948257E-01  0.51919398E-01
 -0.24860010E-01  0.27932783E-01  0.52303387E-01
 -0.25959695E-01  0.29745616E-01  0.52575450E-01
 -0.27023991E-01  0.31394307E-01  0.52727543E-01
 -0.28049210E-01  0.32891153E-01  0.52752702E-01
 -0.29030862E-01  0.34252416E-01  0.52645507E-01
 -0.29963860E-01  0.35497271E-01  0.52402359E-01
 -0.30842788E-01  0.36646557E-01  0.52021573E-01
 -0.31662201E-01  0.37721452E-01  0.51503271E-01
 -0.32416922E-01  0.38742156E-01  0.50849093E-01
 -0.33102318E-01  0.39726699E-01  0.50061769E-01
 -0.33714520E-01  0.40689950E-01  0.49144591E-01
 -0.34250585E-01  0.41642907E-01  0.48100846E-01
 -0.34708562E-01  0.42592310E-01  0.46933264E-01
 -0.35087478E-01  0.43540584E-01  0.45643542E-01
 -0.35387247E-01  0.44486126E-01  0.44232000E-01
 -0.35608496E-01  0.45423864E-01  0.42697404E-01
 -0.35752357E-01  0.46346061E-01  0.41036973E-01
 -0.35820218E-01  0.47243266E-01  0.39246602E-01
 -0.35813492E-01  0.48105328E-01  0.37321267E-01
 -0.35733397E-01  0.48922392E-01  0.35255597E-01
 -0.35580801E-01  0.49685780E-01  0.33044570E-01
 -0.35356125E-01  0.50388696E-01  0.30684275E-01
 -0.35059327E-01  0.51026695E-01  0.28172687E-01
 -0.34689972E-01  0.51597892E-01  0.25510374E-01
 -0.34247369E-01  0.52102897E-01  0.22701096E-01
 -0.33730770E-01  0.52544511E-01  0.19752220E-01
 -0.33139616E-01  0.52927203E-01  0.16674936E-01
 -0.32473795E-01  0.53256453E-01  0.13484222E-01
 -0.31733899E-01  0.53538013E-01  0.10198581E-01
 -0.30921444E-01  0.53777177E-01  0.68395393E-02
 -0.30039047E-01  0.53978125E-01  0.34309620E-02
 -0.29090527E-01  0.54143417E-01 -0.17861303E-05
  0.60728327E-01 -0.16915990E-01 -0.18126125E-04
  0.60193446E-01 -0.16582315E-01  0.42634820E-02
  0.59573557E-01 -0.16235120E-01  0.84355135E-02
  0.58875456E-01 -0.15882206E-01  0.12482389E-01
  0.58106676E-01 -0.15529781E-01  0.16395910E-01
  0.57275073E-01 -0.15182156E-01  0.20174884E-01
  0.56388379E-01 -0.14841616E-01  0.23824236E-01
  0.55453751E-01 -0.14508442E-01  0.27353687E-01
  0.54477359E-01 -0.14181101E-01  0.30776095E-01
  0.53464032E-01 -0.13856550E-01  0.34105601E-01
  0.52417016E-01 -0.13530642E-01  0.37355720E-01
  0.51337838E-01 -0.13198571E-01  0.40537533E-01
  0.50226311E-01 -0.12855341E-01  0.43658119E-01
  0.49080664E-01 -0.12496195E-01  0.46719348E-01
  0.47897806E-01 -0.12116993E-01  0.49717137E-01
  0.46673689E-01 -0.11714490E-01  0.52641212E-01
  0.45403752E-01 -0.11286520E-01  0.55475419E-01
  0.44083410E-01 -0.10832065E-01  0.58198526E-01
  0.42708552E-01 -0.10351221E-01  0.60785491E-01
  0.41276007E-01 -0.98450659E-02  0.63209065E-01
  0.39783949E-01 -0.93154611E-02  0.65441631E-01
  0.38232202E-01 -0.87648031E-02  0.67457122E-01
  0.36622433E-01 -0.81957531E-02  0.69232884E-01
  0.34958217E-01 -0.76109744E-02  0.70751329E-01
  0.33244963E-01 -0.70128996E-02  0.72001262E-01
  0.31489720E-01 -0.64035464E-02  0.72978780E-01
  0.29700872E-01 -0.57843960E-02  0.73687676E-01
  0.27887751E-01 -0.51563402E-02  0.74139308E-01
  0.26060190E-01 -0.45196951E-02  0.74351964E-01
  0.24228061E-01 -0.38742761E-02  0.74349756E-01
  0.22400820E-01 -0.32195207E-02  0.74161125E-01
  0.20587101E-01 -0.25546438E-02  0.73817084E-01
  0.18794380E-01 -0.18788068E-02  0.73349316E-01
  0.17028731E-01 -0.11912834E-02  0.72788272E-01
  0.15294695E-01 -0.49160478E-03  0.72161406E-01
  0.13595255E-01  0.22032813E-03  0.71491678E-01
  0.11931920E-01  0.94417616E-03  0.70796428E-01
  0.24138765E-01 -0.64363597E-01  0.58541748E-03
  0.22444590E-01 -0.60507928E-01  0.22722537E-02
  0.20767623E-01 -0.56582964E-01  0.41653377E-02
  0.19103423E-01 -0.52603949E-01  0.62384313E-02
  0.17447082E-01 -0.48587174E-01  0.84592152E-02
  0.15793722E-01 -0.44549504E-01  0.10791025E-01
  0.14138984E-01 -0.40507881E-01  0.13194805E-01
  0.12479443E-01 -0.36478850E-01  0.15631140E-01
  0.10812932E-01 -0.32478137E-01  0.18062224E-01
  0.91387460E-02 -0.28520307E-01  0.20453634E-01
  0.74577103E-02 -0.24618514E-01  0.22775789E-01
  0.57721200E-02 -0.20784367E-01  0.25005014E-01
  0.40855554E-02 -0.17027883E-01  0.27124143E-01
  0.24025990E-02 -0.13357540E-01  0.29122650E-01
  0.72848352E-03 -0.97803973E-02  0.30996314E-01
 -0.93129357E-03 -0.63022669E-02  0.32746476E-01
 -0.25713530E-02 -0.29279129E-02  0.34378959E-01
 -0.41867784E-02  0.33874946E-03  0.35902749E-01
 -0.57733916E-02  0.34944729E-02  0.37328563E-01
 -0.73279373E-02  0.65365334E-02  0.38667400E-01
 -0.88481612E-02  0.94626329E-02  0.39929211E-01
 -0.10332779E-01  0.12270857E-01  0.41121764E-01
 -0.11781345E-01  0.14959682E-01  0.42249801E-01
 -0.13194028E-01  0.17528037E-01  0.43314515E-01
 -0.14571335E-01  0.19975390E-01  0.44313401E-01
 -0.15913792E-01  0.22301867E-01  0.45240438E-01
 -0.17221633E-01  0.24508369E-01  0.46086593E-01
 -0.18494508E-01  0.26596678E-01  0.46840572E-01
 -0.19731264E-01  0.28569538E-01  0.47489744E-01
 -0.20929795E-01  0.30430691E-01  0.48021146E-01
 -0.22086995E-01  0.32184859E-01  0.48422483E-01
 -0.23198809E-01  0.33837676E-01  0.48683024E-01
 -0.24260378E-01  0.35395553E-01  0.48794330E-01
 -0.25266270E-01  0.36865501E-01  0.48750739E-01
 -0.26210769E-01  0.38254904E-01  0.48549595E-01
 -0.27088201E-01  0.39571266E-01  0.48191189E-01
 -0.27893256E-01  0.40821943E-01  0.47678442E-01
 -0.28621294E-01  0.42013878E-01  0.47016355E-01
 -0.29268584E-01  0.43153367E-01  0.46211299E-01
 -0.29832481E-01  0.44245851E-01  0.45270204E-01
 -0.30311494E-01  0.45295765E-01  0.44199732E-01
 -0.30705276E-01  0.46306452E-01  0.43005520E-01
 -0.31014506E-01  0.47280129E-01  0.41691557E-01
 -0.31240703E-01  0.48217931E-01  0.40259766E-01
 -0.31385970E-01  0.49120003E-01  0.38709829E-01
 -0.31452719E-01  0.49985644E-01  0.37039283E-01
 -0.31443380E-01  0.50813490E-01  0.35243873E-01
 -0.31360146E-01  0.51601709E-01  0.33318154E-01
 -0.31204769E-01  0.52348203E-01  0.31256274E-01
 -0.30978426E-01  0.53050803E-01  0.29052889E-01
 -0.30681679E-01  0.53707426E-01  0.26704125E-01
 -0.30314524E-01  0.54316209E-01  0.24208501E-01
 -0.29876522E-01  0.54875590E-01  0.21567741E-01
 -0.29367018E-01  0.55384349E-01  0.18787392E-01
 -0.28785398E-01  0.55841605E-01  0.15877192E-01
 -0.28131385E-01  0.56246778E-01  0.12851157E-01
 -0.27405328E-01  0.56599522E-01  0.97273664E-02
 -0.26608473E-01  0.56899648E-01  0.65274551E-02
 -0.25743169E-01  0.57147040E-01  0.32758615E-02
 -0.24813011E-01  0.57341581E-01 -0.11261100E-05
  0.62299444E-01 -0.18393694E-01 -0.14569133E-04
  0.61774107E-01 -0.17983583E-01  0.41768375E-02
  0.61170856E-01 -0.17534984E-01  0.82797056E-02
  0.60496585E-01 -0.17066380E-01  0.12277982E-01
  0.59758536E-01 -0.16595780E-01  0.16161569E-01
  0.58963883E-01 -0.16139415E-01  0.19926131E-01
  0.58119305E-01 -0.15710559E-01  0.23572487E-01
  0.57230575E-01 -0.15318588E-01  0.27105619E-01
  0.56302196E-01 -0.14968321E-01  0.30533395E-01
  0.55337121E-01 -0.14659713E-01  0.33865099E-01
  0.54336581E-01 -0.14387917E-01  0.37109889E-01
  0.53300040E-01 -0.14143711E-01  0.40275311E-01
  0.52225288E-01 -0.13914250E-01  0.43365982E-01
  0.51108659E-01 -0.13684096E-01  0.46382553E-01
  0.49945375E-01 -0.13436446E-01  0.49321032E-01
  0.48729986E-01 -0.13154455E-01  0.52172523E-01
  0.47456871E-01 -0.12822565E-01  0.54923403E-01
  0.46120774E-01 -0.12427726E-01  0.57555928E-01
  0.44717324E-01 -0.11960432E-01  0.60049217E-01
  0.43243510E-01 -0.11415476E-01  0.62380541E-01
  0.41698068E-01 -0.10792387E-01  0.64526818E-01
  0.40081764E-01 -0.10095490E-01  0.66466203E-01
  0.38397529E-01 -0.93336180E-02  0.68179637E-01
  0.36650467E-01 -0.85194676E-02  0.69652250E-01
  0.34847710E-01 -0.76686716E-02  0.70874506E-01
  0.32998147E-01 -0.67986475E-02  0.71842992E-01
  0.31112038E-01 -0.59273141E-02  0.72560806E-01
  0.29200551E-01 -0.50717751E-02  0.73037498E-01
  0.27275251E-01 -0.42470683E-02  0.73288579E-01
  0.25347568E-01 -0.34650758E-02  0.73334627E-01
  0.23428307E-01 -0.27336773E-02  0.73200063E-01
  0.21527198E-01 -0.20562086E-02  0.72911682E-01
  0.19652550E-01 -0.14312654E-02  0.72497050E-01
  0.17811000E-01 -0.85286476E-03  0.71982893E-01
  0.16007389E-01 -0.31094972E-03  0.71393576E-01
  0.35019580E-01 -0.68023450E-01 -0.97625813E-02
  0.33374418E-01 -0.64737077E-01 -0.87103889E-02
  0.31737468E-01 -0.61358964E-01 -0.74158859E-02
  0.30105865E-01 -0.57883289E-01 -0.58866882E-02
  0.28475604E-01 -0.54306865E-01 -0.41382383E-02
  0.26841994E-01 -0.50630048E-01 -0.21930741E-02
  0.25200142E-01 -0.46857385E-01 -0.79682997E-04
  0.23545453E-01 -0.42997966E-01  0.21689750E-02
  0.21874097E-01 -0.39065453E-01  0.45171690E-02
  0.20183390E-01 -0.35077778E-01  0.69282010E-02
  0.18472088E-01 -0.31056540E-01  0.93661877E-02
  0.16740541E-01 -0.27026143E-01  0.11797696E-01
  0.14990723E-01 -0.23012740E-01  0.14193126E-01
  0.13226130E-01 -0.19043048E-01  0.16527764E-01
  0.11451557E-01 -0.15143129E-01  0.18782429E-01
  0.96727804E-02 -0.11337205E-01  0.20943716E-01
  0.78961903E-02 -0.76466035E-02  0.23003813E-01
  0.61283817E-02 -0.40888784E-02  0.24959954E-01
  0.43757659E-02 -0.67718597E-03  0.26813554E-01
  0.26442228E-02  0.25800681E-02  0.28569124E-01
  0.93882918E-03  0.56792859E-02  0.30233051E-01
 -0.73631835E-03  0.86214460E-02  0.31812357E-01
 -0.23781719E-02  0.11411611E-01  0.33313532E-01
 -0.39846908E-02  0.14058216E-01  0.34741522E-01
 -0.55546980E-02  0.16572196E-01  0.36098958E-01
 -0.70876519E-02  0.18966026E-01  0.37385665E-01
 -0.85833588E-02  0.21252734E-01  0.38598470E-01
 -0.10041655E-01  0.23444973E-01  0.39731321E-01
 -0.11462093E-01  0.25554201E-01  0.40775672E-01
 -0.12843657E-01  0.27590037E-01  0.41721099E-01
 -0.14184551E-01  0.29559816E-01  0.42556075E-01
 -0.15482055E-01  0.31468375E-01  0.43268822E-01
 -0.16732497E-01  0.33318068E-01  0.43848174E-01
 -0.17931311E-01  0.35108984E-01  0.44284352E-01
 -0.19073203E-01  0.36839355E-01  0.44569609E-01
 -0.20152391E-01  0.38506091E-01  0.44698669E-01
 -0.21162913E-01  0.40105390E-01  0.44668943E-01
 -0.22098958E-01  0.41633379E-01  0.44480493E-01
 -0.22955207E-01  0.43086708E-01  0.44135774E-01
 -0.23727132E-01  0.44463063E-01  0.43639170E-01
 -0.24411252E-01  0.45761546E-01  0.42996375E-01
 -0.25005292E-01  0.46982897E-01  0.42213689E-01
 -0.25508257E-01  0.48129544E-01  0.41297288E-01
 -0.25920400E-01  0.49205480E-01  0.40252552E-01
 -0.26243091E-01  0.50215989E-01  0.39083498E-01
 -0.26478611E-01  0.51167247E-01  0.37792400E-01
 -0.26629868E-01  0.52065834E-01  0.36379620E-01
 -0.26700096E-01  0.52918211E-01  0.34843667E-01
 -0.26692535E-01  0.53730207E-01  0.33181504E-01
 -0.26610150E-01  0.54506558E-01  0.31389060E-01
 -0.26455397E-01  0.55250546E-01  0.29461927E-01
 -0.26230073E-01  0.55963762E-01  0.27396164E-01
 -0.25935256E-01  0.56646016E-01  0.25189156E-01
 -0.25571344E-01  0.57295398E-01  0.22840448E-01
 -0.25138191E-01  0.57908487E-01  0.20352474E-01
 -0.24635322E-01  0.58480681E-01  0.17731123E-01
 -0.24062210E-01  0.59006620E-01  0.14986082E-01
 -0.23418588E-01  0.59480666E-01  0.12130927E-01
 -0.22704761E-01  0.59897395E-01  0.91829403E-02
 -0.21921895E-01  0.60252058E-01  0.61626629E-02
 -0.21072252E-01  0.60540970E-01  0.30932219E-02
 -0.20159340E-01  0.60761799E-01 -0.52932187E-06
  0.63499455E-01 -0.19660456E-01 -0.85660218E-05
  0.62990817E-01 -0.19213353E-01  0.40492302E-02
  0.62409596E-01 -0.18707285E-01  0.80529393E-02
  0.61762399E-01 -0.18167685E-01  0.11988154E-01
  0.61055876E-01 -0.17620409E-01  0.15843723E-01
  0.60296327E-01 -0.17089763E-01  0.19611653E-01
  0.59489312E-01 -0.16596623E-01  0.23286782E-01
  0.58639286E-01 -0.16156819E-01  0.26866266E-01
  0.57749299E-01 -0.15779904E-01  0.30348912E-01
  0.56820780E-01 -0.15468405E-01  0.33734423E-01
  0.55853434E-01 -0.15217631E-01  0.37022610E-01
  0.54845267E-01 -0.15016047E-01  0.40212648E-01
  0.53792741E-01 -0.14846198E-01  0.43302419E-01
  0.52691052E-01 -0.14686106E-01  0.46288010E-01
  0.51534520E-01 -0.14511039E-01  0.49163410E-01
  0.50317063E-01 -0.14295510E-01  0.51920411E-01
  0.49032722E-01 -0.14015352E-01  0.54548751E-01
  0.47676196E-01 -0.13649704E-01  0.57036465E-01
  0.46243361E-01 -0.13182749E-01  0.59370427E-01
  0.44731721E-01 -0.12605066E-01  0.61537051E-01
  0.43140761E-01 -0.11914490E-01  0.63523080E-01
  0.41472188E-01 -0.11116404E-01  0.65316416E-01
  0.39730019E-01 -0.10223445E-01  0.66906923E-01
  0.37920534E-01 -0.92546322E-02  0.68287144E-01
  0.36052080E-01 -0.82339977E-02  0.69452868E-01
  0.34134751E-01 -0.71888162E-02  0.70403515E-01
  0.32179956E-01 -0.61475716E-02  0.71142305E-01
  0.30199916E-01 -0.51378222E-02  0.71676187E-01
  0.28207125E-01 -0.41841266E-02  0.72015544E-01
  0.26213804E-01 -0.33061943E-02  0.72173696E-01
  0.24231388E-01 -0.25174032E-02  0.72166214E-01
  0.22270090E-01 -0.18237996E-02  0.72010126E-01
  0.20338549E-01 -0.12236573E-02  0.71723041E-01
  0.45087922E-01 -0.69909100E-01 -0.17485173E-01
  0.43578633E-01 -0.67039938E-01 -0.17051799E-01
  0.42066028E-01 -0.64118684E-01 -0.16400849E-01
  0.40549206E-01 -0.61127602E-01 -0.15525710E-01
  0.39025743E-01 -0.58048134E-01 -0.14425291E-01
  0.37491969E-01 -0.54862875E-01 -0.13104228E-01
  0.35943368E-01 -0.51557488E-01 -0.11572790E-01
  0.34375024E-01 -0.48122407E-01 -0.98464922E-02
  0.32782114E-01 -0.44554195E-01 -0.79454349E-02
  0.31160379E-01 -0.40856451E-01 -0.58934259E-02
  0.29506553E-01 -0.37040201E-01 -0.37169337E-02
  0.27818709E-01 -0.33123741E-01 -0.14439489E-02
  0.26096491E-01 -0.29131947E-01  0.89717088E-03
  0.24341226E-01 -0.25095106E-01  0.32787986E-02
  0.22555908E-01 -0.21047353E-01  0.56750097E-02
  0.20745045E-01 -0.17024836E-01  0.80623726E-02
  0.18914419E-01 -0.13063737E-01  0.10420517E-01
  0.17070742E-01 -0.91983026E-02  0.12732461E-01
  0.15221277E-01 -0.54590074E-02  0.14984688E-01
  0.13373438E-01 -0.18710028E-02  0.17167000E-01
  0.11534406E-01  0.15470637E-02  0.19272162E-01
  0.97108006E-02  0.47837722E-02  0.21295408E-01
  0.79084261E-02  0.78351597E-02  0.23233825E-01
  0.61321164E-02  0.10704450E-01  0.25085713E-01
  0.43856826E-02  0.13401318E-01  0.26849940E-01
  0.26719678E-02  0.15940761E-01  0.28525370E-01
  0.99299678E-03  0.18341657E-01  0.30110385E-01
 -0.64979691E-03  0.20625154E-01  0.31602553E-01
 -0.22552913E-02  0.22812981E-01  0.32998435E-01
 -0.38223736E-02  0.24925839E-01  0.34293557E-01
 -0.53496451E-02  0.26981967E-01  0.35482515E-01
 -0.68351644E-02  0.28996001E-01  0.36559210E-01
 -0.82762540E-02  0.30978182E-01  0.37517171E-01
 -0.96693903E-02  0.32933972E-01  0.38349926E-01
 -0.11010190E-01  0.34864071E-01  0.39051385E-01
 -0.12293491E-01  0.36764835E-01  0.39616201E-01
 -0.13513533E-01  0.38629017E-01  0.40040060E-01
 -0.14664204E-01  0.40446772E-01  0.40319881E-01
 -0.15739351E-01  0.42206819E-01  0.40453909E-01
 -0.16733111E-01  0.43897658E-01  0.40441683E-01
 -0.17640239E-01  0.45508744E-01  0.40283902E-01
 -0.18456404E-01  0.47031506E-01  0.39982184E-01
 -0.19178424E-01  0.48460141E-01  0.39538754E-01
 -0.19804416E-01  0.49792119E-01  0.38956098E-01
 -0.20333850E-01  0.51028372E-01  0.38236607E-01
 -0.20767501E-01  0.52173154E-01  0.37382255E-01
 -0.21107307E-01  0.53233610E-01  0.36394359E-01
 -0.21356143E-01  0.54219083E-01  0.35273425E-01
 -0.21517528E-01  0.55140252E-01  0.34019127E-01
 -0.21595306E-01  0.56008168E-01  0.32630415E-01
 -0.21593322E-01  0.56833277E-01  0.31105760E-01
 -0.21515122E-01  0.57624529E-01  0.29443514E-01
 -0.21363713E-01  0.58388640E-01  0.27642367E-01
 -0.21141406E-01  0.59129572E-01  0.25701862E-01
 -0.20849742E-01  0.59848278E-01  0.23622936E-01
 -0.20489533E-01  0.60542715E-01  0.21408422E-01
 -0.20060990E-01  0.61208138E-01  0.19063490E-01
 -0.19563938E-01  0.61837618E-01  0.16595971E-01
 -0.18998095E-01  0.62422752E-01  0.14016537E-01
 -0.18363384E-01  0.62954490E-01  0.11338710E-01
 -0.17660254E-01  0.63423991E-01  0.85786971E-02
 -0.16889973E-01  0.63823446E-01  0.57550582E-02
 -0.16054860E-01  0.64146783E-01  0.28882137E-02
 -0.15158451E-01  0.64390193E-01 -0.16061512E-06
  0.64153518E-01 -0.20501842E-01 -0.10636470E-05
  0.63664853E-01 -0.20063939E-01  0.38946432E-02
  0.63106237E-01 -0.19554716E-01  0.77775982E-02
  0.62483716E-01 -0.19001831E-01  0.11636439E-01
  0.61803207E-01 -0.18433947E-01  0.15459682E-01
  0.61070155E-01 -0.17878490E-01  0.19235638E-01
  0.60289185E-01 -0.17359505E-01  0.22952379E-01
  0.59463790E-01 -0.16895745E-01  0.26597745E-01
  0.58596080E-01 -0.16499190E-01  0.30159420E-01
  0.57686621E-01 -0.16174083E-01  0.33625056E-01
  0.56734378E-01 -0.15916595E-01  0.36982450E-01
  0.55736774E-01 -0.15715126E-01  0.40219760E-01
  0.54689874E-01 -0.15551252E-01  0.43325743E-01
  0.53588681E-01 -0.15401213E-01  0.46289994E-01
  0.52427524E-01 -0.15237861E-01  0.49103180E-01
  0.51200527E-01 -0.15032888E-01  0.51757231E-01
  0.49902105E-01 -0.14759172E-01  0.54245493E-01
  0.48527479E-01 -0.14393043E-01  0.56562818E-01
  0.47073147E-01 -0.13916302E-01  0.58705592E-01
  0.45537300E-01 -0.13317811E-01  0.60671697E-01
  0.43920129E-01 -0.12594531E-01  0.62460412E-01
  0.42224022E-01 -0.11751935E-01  0.64072265E-01
  0.40453625E-01 -0.10803732E-01  0.65508851E-01
  0.38615753E-01 -0.97709433E-02  0.66772622E-01
  0.36719184E-01 -0.86803965E-02  0.67866684E-01
  0.34774319E-01 -0.75627406E-02  0.68794596E-01
  0.32792751E-01 -0.64501534E-02  0.69560212E-01
  0.30786776E-01 -0.53739103E-02  0.70167552E-01
  0.28768861E-01 -0.43620097E-02  0.70620724E-01
  0.26751120E-01 -0.34370390E-02  0.70923898E-01
  0.55129783E-01 -0.73604580E-01 -0.22811875E-01
  0.53863687E-01 -0.70944914E-01 -0.23027261E-01
  0.52578397E-01 -0.68280154E-01 -0.23075625E-01
  0.51276340E-01 -0.65604361E-01 -0.22947417E-01
  0.49958410E-01 -0.62904977E-01 -0.22635006E-01
  0.48623940E-01 -0.60164152E-01 -0.22132861E-01
  0.47270788E-01 -0.57360537E-01 -0.21437714E-01
  0.45895555E-01 -0.54471385E-01 -0.20548696E-01
  0.44493902E-01 -0.51474800E-01 -0.19467449E-01
  0.43060944E-01 -0.48351953E-01 -0.18198180E-01
  0.41591703E-01 -0.45089086E-01 -0.16747672E-01
  0.40081563E-01 -0.41679152E-01 -0.15125237E-01
  0.38526708E-01 -0.38122959E-01 -0.13342595E-01
  0.36924503E-01 -0.34429738E-01 -0.11413700E-01
  0.35273780E-01 -0.30617077E-01 -0.93545023E-02
  0.33575020E-01 -0.26710248E-01 -0.71826516E-02
  0.31830413E-01 -0.22740955E-01 -0.49171646E-02
  0.30043796E-01 -0.18745629E-01 -0.25780527E-02
  0.28220476E-01 -0.14763363E-01 -0.18593225E-03
  0.26366964E-01 -0.10833679E-01  0.22383744E-02
  0.24490633E-01 -0.69942588E-02  0.46742330E-02
  0.22599343E-01 -0.32788311E-02  0.71015743E-02
  0.20701058E-01  0.28465608E-03  0.95012450E-02
  0.18803495E-01  0.36754337E-02  0.11855319E-01
  0.16913820E-01  0.68807974E-02  0.14147365E-01
  0.15038429E-01  0.98964247E-02  0.16362657E-01
  0.13182816E-01  0.12726114E-01  0.18488329E-01
  0.11351544E-01  0.15380984E-01  0.20513462E-01
  0.95483078E-02  0.17878198E-01  0.22429106E-01
  0.77760838E-02  0.20239341E-01  0.24228239E-01
  0.60373472E-02  0.22488556E-01  0.25905658E-01
  0.43343289E-02  0.24650609E-01  0.27457817E-01
  0.26692881E-02  0.26749017E-01  0.28882614E-01
  0.10447717E-02  0.28804385E-01  0.30179141E-01
 -0.53616751E-03  0.30833061E-01  0.31347411E-01
 -0.20698152E-02  0.32846211E-01  0.32388066E-01
 -0.35517202E-02  0.34849350E-01  0.33302099E-01
 -0.49767077E-02  0.36842366E-01  0.34090585E-01
 -0.63389830E-02  0.38819985E-01  0.34754446E-01
 -0.76323176E-02  0.40772647E-01  0.35294255E-01
 -0.88503019E-02  0.42687679E-01  0.35710087E-01
 -0.99866440E-02  0.44550667E-01  0.36001429E-01
 -0.11035487E-01  0.46346902E-01  0.36167131E-01
 -0.11991716E-01  0.48062772E-01  0.36205430E-01
 -0.12851233E-01  0.49686986E-01  0.36114003E-01
 -0.13611161E-01  0.51211534E-01  0.35890080E-01
 -0.14269974E-01  0.52632313E-01  0.35530579E-01
 -0.14827533E-01  0.53949373E-01  0.35032282E-01
 -0.15285020E-01  0.55166781E-01  0.34392017E-01
 -0.15644785E-01  0.56292129E-01  0.33606866E-01
 -0.15910113E-01  0.57335739E-01  0.32674361E-01
 -0.16084933E-01  0.58309647E-01  0.31592694E-01
 -0.16173496E-01  0.59226472E-01  0.30360911E-01
 -0.16180059E-01  0.60098257E-01  0.28979096E-01
 -0.16108582E-01  0.60935405E-01  0.27448539E-01
 -0.15962500E-01  0.61745788E-01  0.25771887E-01
 -0.15744556E-01  0.62534120E-01  0.23953264E-01
 -0.15456734E-01  0.63301625E-01  0.21998367E-01
 -0.15100288E-01  0.64046039E-01  0.19914530E-01
 -0.14675868E-01  0.64761929E-01  0.17710747E-01
 -0.14183723E-01  0.65441294E-01  0.15397651E-01
 -0.13623965E-01  0.66074388E-01  0.12987453E-01
 -0.12996877E-01  0.66650682E-01  0.10493829E-01
 -0.12303216E-01  0.67159874E-01  0.79317669E-02
 -0.11544493E-01  0.67592856E-01  0.53173594E-02
 -0.10723203E-01  0.67942547E-01  0.26675670E-02
 -0.98429710E-02  0.68204513E-01 -0.55466275E-07
  0.64137450E-01 -0.20763570E-01  0.67296217E-05
  0.63669052E-01 -0.20379387E-01  0.37314559E-02
  0.63130245E-01 -0.19921997E-01  0.74842883E-02
  0.62526339E-01 -0.19416410E-01  0.11257454E-01
  0.61862526E-01 -0.18888837E-01  0.15039655E-01
  0.61143580E-01 -0.18364637E-01  0.18815971E-01
  0.60373555E-01 -0.17866308E-01  0.22568071E-01
  0.59555524E-01 -0.17411711E-01  0.26274735E-01
  0.58691357E-01 -0.17012650E-01  0.29912649E-01
  0.57781591E-01 -0.16673937E-01  0.33457409E-01
  0.56825383E-01 -0.16393020E-01  0.36884674E-01
  0.55820574E-01 -0.16160214E-01  0.40171357E-01
  0.54763848E-01 -0.15959502E-01  0.43296781E-01
  0.53651001E-01 -0.15769872E-01  0.46243694E-01
  0.52477286E-01 -0.15567059E-01  0.48999064E-01
  0.51237823E-01 -0.15325574E-01  0.51554597E-01
  0.49928041E-01 -0.15020842E-01  0.53906922E-01
  0.48544123E-01 -0.14631284E-01  0.56057451E-01
  0.47083422E-01 -0.14140181E-01  0.58011896E-01
  0.45544817E-01 -0.13537150E-01  0.59779508E-01
  0.43928982E-01 -0.12819127E-01  0.61372092E-01
  0.42238549E-01 -0.11990772E-01  0.62802868E-01
  0.40478151E-01 -0.11064255E-01  0.64085289E-01
  0.38654341E-01 -0.10058438E-01  0.65231898E-01
  0.36775395E-01 -0.89975266E-02  0.66253315E-01
  0.34851009E-01 -0.79092733E-02  0.67157452E-01
  0.63627069E-01 -0.79127379E-01 -0.24567363E-01
  0.62760920E-01 -0.76707348E-01 -0.25466748E-01
  0.61854055E-01 -0.74229813E-01 -0.26221859E-01
  0.60910497E-01 -0.71714613E-01 -0.26824487E-01
  0.59933829E-01 -0.69176412E-01 -0.27269537E-01
  0.58926864E-01 -0.66623673E-01 -0.27554477E-01
  0.57891381E-01 -0.64058153E-01 -0.27678673E-01
  0.56827928E-01 -0.61474975E-01 -0.27642667E-01
  0.55735742E-01 -0.58863274E-01 -0.27447499E-01
  0.54612760E-01 -0.56207355E-01 -0.27094108E-01
  0.53455755E-01 -0.53488277E-01 -0.26582900E-01
  0.52260569E-01 -0.50685732E-01 -0.25913505E-01
  0.51022431E-01 -0.47780074E-01 -0.25084753E-01
  0.49736342E-01 -0.44754329E-01 -0.24094865E-01
  0.48397488E-01 -0.41596031E-01 -0.22941839E-01
  0.47001655E-01 -0.38298734E-01 -0.21623998E-01
  0.45545609E-01 -0.34863090E-01 -0.20140648E-01
  0.44027413E-01 -0.31297398E-01 -0.18492773E-01
  0.42446661E-01 -0.27617591E-01 -0.16683724E-01
  0.40804600E-01 -0.23846651E-01 -0.14719813E-01
  0.39104147E-01 -0.20013509E-01 -0.12610774E-01
  0.37349792E-01 -0.16151506E-01 -0.10370025E-01
  0.35547408E-01 -0.12296534E-01 -0.80147126E-02
  0.33703975E-01 -0.84849952E-02 -0.55655128E-02
  0.31827257E-01 -0.47517340E-02 -0.30461917E-02
  0.29925447E-01 -0.11280871E-02 -0.48294676E-03
  0.28006825E-01  0.23598015E-02  0.20964350E-02
  0.26079433E-01  0.56922867E-02  0.46635503E-02
  0.24150826E-01  0.88570607E-02  0.71904219E-02
  0.22227879E-01  0.11849474E-01  0.96505406E-02
  0.20316688E-01  0.14672325E-01  0.12019838E-01
  0.18422558E-01  0.17335156E-01  0.14277523E-01
  0.16550074E-01  0.19853109E-01  0.16406721E-01
  0.14703240E-01  0.22245449E-01  0.18394889E-01
  0.12885676E-01  0.24533877E-01  0.20233951E-01
  0.11100842E-01  0.26740753E-01  0.21920180E-01
  0.93522669E-02  0.28887380E-01  0.23453813E-01
  0.76437652E-02  0.30992471E-01  0.24838446E-01
  0.59796034E-02  0.33070902E-01  0.26080254E-01
  0.43646124E-02  0.35132843E-01  0.27187084E-01
  0.28042241E-02  0.37183315E-01  0.28167508E-01
  0.13044284E-02  0.39222188E-01  0.29029894E-01
 -0.12834789E-03  0.41244593E-01  0.29781556E-01
 -0.14874322E-02  0.43241708E-01  0.30428056E-01
 -0.27661529E-02  0.45201827E-01  0.30972697E-01
 -0.39581207E-02  0.47111610E-01  0.31416222E-01
 -0.50575203E-02  0.48957406E-01  0.31756761E-01
 -0.60593883E-02  0.50726536E-01  0.31989990E-01
 -0.69598513E-02  0.52408417E-01  0.32109494E-01
 -0.77563035E-02  0.53995451E-01  0.32107302E-01
 -0.84475075E-02  0.55483606E-01  0.31974524E-01
 -0.90336073E-02  0.56872651E-01  0.31702065E-01
 -0.95160529E-02  0.58166032E-01  0.31281335E-01
 -0.98974404E-02  0.59370425E-01  0.30704914E-01
 -0.10181282E-01  0.60495004E-01  0.29967129E-01
 -0.10371725E-01  0.61550512E-01  0.29064495E-01
 -0.10473247E-01  0.62548210E-01  0.27996009E-01
 -0.10490346E-01  0.63498813E-01  0.26763280E-01
 -0.10427263E-01  0.64411503E-01  0.25370507E-01
 -0.10287759E-01  0.65293113E-01  0.23824309E-01
 -0.10074955E-01  0.66147539E-01  0.22133450E-01
 -0.97912717E-02  0.66975447E-01  0.20308482E-01
 -0.94384442E-02  0.67774273E-01  0.18361339E-01
 -0.90176377E-02  0.68538527E-01  0.16304938E-01
 -0.85296319E-02  0.69260358E-01  0.14152801E-01
 -0.79750649E-02  0.69930327E-01  0.11918736E-01
 -0.73547098E-02  0.70538303E-01  0.96166006E-02
 -0.66697547E-02  0.71074416E-01  0.72601430E-02
 -0.59220600E-02  0.71529959E-01  0.48629394E-02
 -0.51143638E-02  0.71898166E-01  0.24384046E-02
 -0.42504127E-02  0.72174798E-01 -0.13733420E-06
  0.63408015E-01 -0.20386931E-01  0.13541477E-04
  0.62958338E-01 -0.20091710E-01  0.35796672E-02
  0.62434889E-01 -0.19732510E-01  0.72073229E-02
  0.61842184E-01 -0.19327464E-01  0.10892010E-01
  0.61184799E-01 -0.18895743E-01  0.14622901E-01
  0.60467115E-01 -0.18456044E-01  0.18382712E-01
  0.59693070E-01 -0.18025113E-01  0.22148114E-01
  0.58865914E-01 -0.17616427E-01  0.25890660E-01
  0.57988019E-01 -0.17239138E-01  0.29578163E-01
  0.57060735E-01 -0.16897361E-01  0.33176429E-01
  0.56084329E-01 -0.16589885E-01  0.36651194E-01
  0.55058000E-01 -0.16310307E-01  0.39970132E-01
  0.53979988E-01 -0.16047595E-01  0.43104760E-01
  0.52847760E-01 -0.15787033E-01  0.46032093E-01
  0.51658275E-01 -0.15511473E-01  0.48735915E-01
  0.50408295E-01 -0.15202792E-01  0.51207563E-01
  0.49094743E-01 -0.14843431E-01  0.53446163E-01
  0.47715053E-01 -0.14417903E-01  0.55458289E-01
  0.46267518E-01 -0.13914143E-01  0.57257094E-01
  0.44751580E-01 -0.13324579E-01  0.58860955E-01
  0.68849557E-01 -0.85354790E-01 -0.19083678E-01
  0.68558493E-01 -0.83889637E-01 -0.20742635E-01
  0.68224528E-01 -0.82263349E-01 -0.22366069E-01
  0.67845893E-01 -0.80484513E-01 -0.23921117E-01
  0.67421837E-01 -0.78565729E-01 -0.25377900E-01
  0.66952513E-01 -0.76522561E-01 -0.26710925E-01
  0.66438787E-01 -0.74372259E-01 -0.27900096E-01
  0.65881999E-01 -0.72132383E-01 -0.28931255E-01
  0.65283690E-01 -0.69819415E-01 -0.29796235E-01
  0.64645301E-01 -0.67447495E-01 -0.30492441E-01
  0.63967899E-01 -0.65027373E-01 -0.31022015E-01
  0.63251918E-01 -0.62565669E-01 -0.31390665E-01
  0.62496963E-01 -0.60064509E-01 -0.31606296E-01
  0.61701682E-01 -0.57521549E-01 -0.31677546E-01
  0.60863732E-01 -0.54930408E-01 -0.31612387E-01
  0.59979829E-01 -0.52281462E-01 -0.31416904E-01
  0.59045896E-01 -0.49562937E-01 -0.31094359E-01
  0.58057291E-01 -0.46762222E-01 -0.30644637E-01
  0.57009103E-01 -0.43867276E-01 -0.30064099E-01
  0.55896496E-01 -0.40868044E-01 -0.29345875E-01
  0.54715064E-01 -0.37757740E-01 -0.28480549E-01
  0.53461187E-01 -0.34533914E-01 -0.27457187E-01
  0.52132337E-01 -0.31199208E-01 -0.26264621E-01
  0.50727333E-01 -0.27761741E-01 -0.24892868E-01
  0.49246508E-01 -0.24235092E-01 -0.23334569E-01
  0.47691784E-01 -0.20637881E-01 -0.21586324E-01
  0.46066655E-01 -0.16992976E-01 -0.19649808E-01
  0.44376065E-01 -0.13326393E-01 -0.17532569E-01
  0.42626219E-01 -0.96659511E-02 -0.15248439E-01
  0.40824322E-01 -0.60398124E-02 -0.12817512E-01
  0.38978280E-01 -0.24749830E-02 -0.10265685E-01
  0.37096387E-01  0.10040947E-02 -0.76237804E-02
  0.35187026E-01  0.43767675E-02 -0.49263147E-02
  0.33258399E-01  0.76271279E-02 -0.22099963E-02
  0.31318311E-01  0.10744637E-01  0.48794531E-03
  0.29374027E-01  0.13724377E-01  0.31314748E-02
  0.27432194E-01  0.16566924E-01  0.56873926E-02
  0.25498846E-01  0.19277865E-01  0.81267835E-02
  0.23579470E-01  0.21866994E-01  0.10426172E-01
  0.21679133E-01  0.24347268E-01  0.12568308E-01
  0.19802648E-01  0.26733607E-01  0.14542522E-01
  0.17954751E-01  0.29041623E-01  0.16344650E-01
  0.16140293E-01  0.31286383E-01  0.17976528E-01
  0.14364389E-01  0.33481299E-01  0.19445106E-01
  0.12632542E-01  0.35637219E-01  0.20761267E-01
  0.10950706E-01  0.37761781E-01  0.21938435E-01
  0.93252816E-02  0.39859065E-01  0.22991092E-01
  0.77630498E-02  0.41929562E-01  0.23933309E-01
  0.62710345E-02  0.43970440E-01  0.24777410E-01
  0.48563126E-02  0.45976072E-01  0.25532865E-01
  0.35257812E-02  0.47938770E-01  0.26205476E-01
  0.22858999E-02  0.49849655E-01  0.26796927E-01
  0.11424312E-02  0.51699578E-01  0.27304699E-01
  0.10019980E-03  0.53480017E-01  0.27722346E-01
 -0.83710891E-03  0.55183863E-01  0.28040108E-01
 -0.16670927E-02  0.56806044E-01  0.28245772E-01
 -0.23887054E-02  0.58343930E-01  0.28325731E-01
 -0.30022521E-02  0.59797490E-01  0.28266118E-01
 -0.35093047E-02  0.61169198E-01  0.28053950E-01
 -0.39125445E-02  0.62463710E-01  0.27678170E-01
 -0.42155433E-02  0.63687340E-01  0.27130517E-01
 -0.44225015E-02  0.64847388E-01  0.26406169E-01
 -0.45379641E-02  0.65951393E-01  0.25504112E-01
 -0.45665389E-02  0.67006378E-01  0.24427224E-01
 -0.45126403E-02  0.68018148E-01  0.23182096E-01
 -0.43802799E-02  0.68990719E-01  0.21778602E-01
 -0.41729231E-02  0.69925915E-01  0.20229295E-01
 -0.38934206E-02  0.70823176E-01  0.18548674E-01
 -0.35440223E-02  0.71679584E-01  0.16752403E-01
 -0.31264683E-02  0.72490109E-01  0.14856556E-01
 -0.26421490E-02  0.73248046E-01  0.12876948E-01
 -0.20923156E-02  0.73945598E-01  0.10828609E-01
 -0.14783199E-02  0.74574555E-01  0.87254364E-02
 -0.80185928E-03  0.75127004E-01  0.65800483E-02
 -0.65198855E-04  0.75596006E-01  0.44038289E-02
  0.72865154E-03  0.75976175E-01  0.22071504E-02
  0.15758273E-02  0.76264113E-01 -0.27145427E-06
  0.62020093E-01 -0.19428616E-01  0.18247577E-04
  0.61586881E-01 -0.19242843E-01  0.34577563E-02
  0.61074367E-01 -0.19012184E-01  0.69793504E-02
  0.60486304E-01 -0.18744989E-01  0.10580756E-01
  0.59826817E-01 -0.18450170E-01  0.14251648E-01
  0.59100198E-01 -0.18136492E-01  0.17973507E-01
  0.58310690E-01 -0.17811887E-01  0.21720149E-01
  0.57462264E-01 -0.17482830E-01  0.25458901E-01
  0.68974745E-01 -0.87386411E-01 -0.57620926E-02
  0.68865606E-01 -0.87156509E-01 -0.63795551E-02
  0.68790421E-01 -0.86872135E-01 -0.70618981E-02
  0.68746635E-01 -0.86530190E-01 -0.78383650E-02
  0.68730805E-01 -0.86125393E-01 -0.87340850E-02
  0.68738639E-01 -0.85650614E-01 -0.97680896E-02
  0.68765082E-01 -0.85097350E-01 -0.10951726E-01
  0.68804456E-01 -0.84456297E-01 -0.12287594E-01
  0.68850638E-01 -0.83717975E-01 -0.13769091E-01
  0.68897263E-01 -0.82873362E-01 -0.15380605E-01
  0.68937940E-01 -0.81914487E-01 -0.17098343E-01
  0.68966471E-01 -0.80834936E-01 -0.18891724E-01
  0.68977045E-01 -0.79630237E-01 -0.20725235E-01
  0.68964396E-01 -0.78298092E-01 -0.22560596E-01
  0.68923920E-01 -0.76838443E-01 -0.24359069E-01
  0.68851733E-01 -0.75253371E-01 -0.26083728E-01
  0.68744666E-01 -0.73546842E-01 -0.27701511E-01
  0.68600205E-01 -0.71724312E-01 -0.29184899E-01
  0.68416370E-01 -0.69792247E-01 -0.30513105E-01
  0.68191555E-01 -0.67757585E-01 -0.31672678E-01
  0.67924337E-01 -0.65627181E-01 -0.32657504E-01
  0.67613270E-01 -0.63407313E-01 -0.33468209E-01
  0.67256688E-01 -0.61103252E-01 -0.34111050E-01
  0.66852531E-01 -0.58718963E-01 -0.34596386E-01
  0.66398221E-01 -0.56256953E-01 -0.34936891E-01
  0.65890589E-01 -0.53718278E-01 -0.35145660E-01
  0.65325871E-01 -0.51102709E-01 -0.35234388E-01
  0.64699780E-01 -0.48409052E-01 -0.35211772E-01
  0.64007645E-01 -0.45635587E-01 -0.35082294E-01
  0.63244615E-01 -0.42780590E-01 -0.34845467E-01
  0.62405904E-01 -0.39842909E-01 -0.34495632E-01
  0.61487075E-01 -0.36822519E-01 -0.34022296E-01
  0.60484329E-01 -0.33721037E-01 -0.33411012E-01
  0.59394771E-01 -0.30542135E-01 -0.32644692E-01
  0.58216652E-01 -0.27291819E-01 -0.31705271E-01
  0.56949549E-01 -0.23978556E-01 -0.30575561E-01
  0.55594471E-01 -0.20613218E-01 -0.29241151E-01
  0.54153895E-01 -0.17208864E-01 -0.27692192E-01
  0.52631723E-01 -0.13780353E-01 -0.25924915E-01
  0.51033152E-01 -0.10343828E-01 -0.23942759E-01
  0.49364500E-01 -0.69161018E-02 -0.21757017E-01
  0.47632968E-01 -0.35139789E-02 -0.19386923E-01
  0.45846389E-01 -0.15357704E-03 -0.16859200E-01
  0.44012961E-01  0.31503211E-02 -0.14207057E-01
  0.42141001E-01  0.63848324E-02 -0.11468738E-01
  0.40238727E-01  0.95394203E-02 -0.86857087E-02
  0.38314093E-01  0.12606196E-01 -0.59006199E-02
  0.36374676E-01  0.15580055E-01 -0.31551929E-02
  0.34427625E-01  0.18458650E-01 -0.48818123E-03
  0.32479671E-01  0.21242196E-01  0.20664454E-02
  0.30537186E-01  0.23933142E-01  0.44809677E-02
  0.28606291E-01  0.26535726E-01  0.67349324E-02
  0.26692973E-01  0.29055454E-01  0.88156535E-02
  0.24803231E-01  0.31498542E-01  0.10718174E-01
  0.22943202E-01  0.33871364E-01  0.12444705E-01
  0.21119265E-01  0.36179950E-01  0.14003598E-01
  0.19338106E-01  0.38429552E-01  0.15407939E-01
  0.17606739E-01  0.40624330E-01  0.16673894E-01
  0.15932469E-01  0.42767152E-01  0.17818913E-01
  0.14322799E-01  0.44859527E-01  0.18859974E-01
  0.12785287E-01  0.46901668E-01  0.19811955E-01
  0.11327366E-01  0.48892663E-01  0.20686299E-01
  0.99561231E-02  0.50830737E-01  0.21490028E-01
  0.86780737E-02  0.52713572E-01  0.22225195E-01
  0.74989387E-02  0.54538660E-01  0.22888782E-01
  0.64234406E-02  0.56303640E-01  0.23473049E-01
  0.54551398E-02  0.58006599E-01  0.23966271E-01
  0.45963229E-02  0.59646306E-01  0.24353802E-01
  0.38479546E-02  0.61222360E-01  0.24619352E-01
  0.32096960E-02  0.62735228E-01  0.24746383E-01
  0.26799921E-02  0.64186194E-01  0.24719480E-01
  0.22562212E-02  0.65577203E-01  0.24525616E-01
  0.19348948E-02  0.66910630E-01  0.24155184E-01
  0.17118951E-02  0.68188990E-01  0.23602750E-01
  0.15827295E-02  0.69414622E-01  0.22867455E-01
  0.15427829E-02  0.70589378E-01  0.21953072E-01
  0.15875478E-02  0.71714339E-01  0.20867720E-01
  0.17128139E-02  0.72789599E-01  0.19623278E-01
  0.19148028E-02  0.73814127E-01  0.18234578E-01
  0.21902360E-02  0.74785726E-01  0.16718451E-01
  0.25363353E-02  0.75701099E-01  0.15092715E-01
  0.29507540E-02  0.76556006E-01  0.13375214E-01
  0.34314512E-02  0.77345515E-01  0.11582973E-01
  0.39765201E-02  0.78064313E-01  0.97315514E-02
  0.45839909E-02  0.78707060E-01  0.78346404E-02
  0.52516295E-02  0.79268753E-01  0.59039200E-02
  0.59767539E-02  0.79745068E-01  0.39491813E-02
  0.67560893E-02  0.80132650E-01  0.19786793E-02
  0.75856807E-02  0.80429340E-01 -0.33353920E-06
  0.68646952E-01 -0.80210754E-01  0.23147703E-04
  0.68261071E-01 -0.80664987E-01 -0.10116666E-02
  0.67907809E-01 -0.81052109E-01 -0.19655503E-02
  0.67589361E-01 -0.81368937E-01 -0.28345067E-02
  0.67308148E-01 -0.81612071E-01 -0.36218466E-02
  0.67066696E-01 -0.81778107E-01 -0.43384269E-02
  0.66867460E-01 -0.81863854E-01 -0.50022739E-02
  0.66712638E-01 -0.81866523E-01 -0.56376079E-02
  0.66603974E-01 -0.81783891E-01 -0.62733290E-02
  0.66542569E-01 -0.81614405E-01 -0.69410737E-02
  0.66528717E-01 -0.81357226E-01 -0.76729862E-02
  0.66561774E-01 -0.81012203E-01 -0.84993736E-02
  0.66640074E-01 -0.80579782E-01 -0.94464267E-02
  0.66760905E-01 -0.80060850E-01 -0.10534184E-01
  0.66920528E-01 -0.79456531E-01 -0.11774903E-01
  0.67114263E-01 -0.78767951E-01 -0.13171959E-01
  0.67336614E-01 -0.77995986E-01 -0.14719375E-01
  0.67581430E-01 -0.77141028E-01 -0.16402005E-01
  0.67842097E-01 -0.76202776E-01 -0.18196368E-01
  0.68111734E-01 -0.75180085E-01 -0.20072062E-01
  0.68383389E-01 -0.74070884E-01 -0.21993644E-01
  0.68650212E-01 -0.72872176E-01 -0.23922838E-01
  0.68905598E-01 -0.71580119E-01 -0.25820877E-01
  0.69143293E-01 -0.70190199E-01 -0.27650816E-01
  0.69357448E-01 -0.68697471E-01 -0.29379615E-01
  0.69542636E-01 -0.67096866E-01 -0.30979851E-01
  0.69693813E-01 -0.65383533E-01 -0.32430915E-01
  0.69806254E-01 -0.63553197E-01 -0.33719627E-01
  0.69875454E-01 -0.61602515E-01 -0.34840211E-01
  0.69897021E-01 -0.59529383E-01 -0.35793684E-01
  0.69866566E-01 -0.57333204E-01 -0.36586691E-01
  0.69779611E-01 -0.55015061E-01 -0.37229933E-01
  0.69631524E-01 -0.52577821E-01 -0.37736310E-01
  0.69417491E-01 -0.50026124E-01 -0.38118963E-01
  0.69132539E-01 -0.47366299E-01 -0.38389394E-01
  0.68771606E-01 -0.44606177E-01 -0.38555813E-01
  0.68329657E-01 -0.41754842E-01 -0.38621879E-01
  0.67801840E-01 -0.38822322E-01 -0.38585926E-01
  0.67183682E-01 -0.35819251E-01 -0.38440757E-01
  0.66471285E-01 -0.32756526E-01 -0.38174009E-01
  0.65661542E-01 -0.29644970E-01 -0.37769074E-01
  0.64752322E-01 -0.26495041E-01 -0.37206485E-01
  0.63742629E-01 -0.23316587E-01 -0.36465654E-01
  0.62632716E-01 -0.20118675E-01 -0.35526831E-01
  0.61424146E-01 -0.16909489E-01 -0.34373095E-01
  0.60119787E-01 -0.13696305E-01 -0.32992244E-01
  0.58723757E-01 -0.10485537E-01 -0.31378396E-01
  0.57241302E-01 -0.72828425E-02 -0.29533200E-01
  0.55678646E-01 -0.40932778E-02 -0.27466530E-01
  0.54042789E-01 -0.92147663E-03 -0.25196619E-01
  0.52341310E-01  0.22281581E-02 -0.22749610E-01
  0.50582152E-01  0.53512740E-02 -0.20158554E-01
  0.48773433E-01  0.84434167E-02 -0.17461925E-01
  0.46923285E-01  0.11499921E-01 -0.14701768E-01
  0.45039726E-01  0.14515856E-01 -0.11921600E-01
  0.43130580E-01  0.17486027E-01 -0.91642327E-02
  0.41203444E-01  0.20405045E-01 -0.64696690E-02
  0.39265698E-01  0.23267446E-01 -0.38732158E-02
  0.37324551E-01  0.26067854E-01 -0.14039575E-02
  0.35387112E-01  0.28801186E-01  0.91631493E-03
  0.33460477E-01  0.31462861E-01  0.30736487E-02
  0.31551820E-01  0.34049011E-01  0.50619238E-02
  0.29668466E-01  0.36556673E-01  0.68823119E-02
  0.27817944E-01  0.38983935E-01  0.85422577E-02
  0.26008009E-01  0.41330037E-01  0.10054074E-01
  0.24246616E-01  0.43595408E-01  0.11433269E-01
  0.22541859E-01  0.45781634E-01  0.12696746E-01
  0.20901864E-01  0.47891363E-01  0.13861014E-01
  0.19334641E-01  0.49928142E-01  0.14940551E-01
  0.17847916E-01  0.51896211E-01  0.15946436E-01
  0.16448933E-01  0.53800252E-01  0.16885359E-01
  0.15144263E-01  0.55645121E-01  0.17759055E-01
  0.13939610E-01  0.57435567E-01  0.18564204E-01
  0.12839645E-01  0.59175977E-01  0.19292775E-01
  0.11847884E-01  0.60870136E-01  0.19932780E-01
  0.10966593E-01  0.62521042E-01  0.20469345E-01
  0.10196769E-01  0.64130760E-01  0.20886011E-01
  0.95381590E-02  0.65700346E-01  0.21166143E-01
  0.89893490E-02  0.67229824E-01  0.21294318E-01
  0.85478971E-02  0.68718217E-01  0.21257601E-01
  0.82105119E-02  0.70163636E-01  0.21046587E-01
  0.79732600E-02  0.71563408E-01  0.20656142E-01
  0.78317890E-02  0.72914225E-01  0.20085801E-01
  0.77815483E-02  0.74212323E-01  0.19339793E-01
  0.78179932E-02  0.75453657E-01  0.18426732E-01
  0.79367558E-02  0.76634068E-01  0.17358992E-01
  0.81337705E-02  0.77749439E-01  0.16151853E-01
  0.84053473E-02  0.78795823E-01  0.14822510E-01
  0.87481863E-02  0.79769539E-01  0.13389018E-01
  0.91593375E-02  0.80667247E-01  0.11869296E-01
  0.96361105E-02  0.81485982E-01  0.10280259E-01
  0.10175946E-01  0.82223172E-01  0.86371562E-02
  0.10776266E-01  0.82876634E-01  0.69531670E-02
  0.11434314E-01  0.83444555E-01  0.52392727E-02
  0.12147016E-01  0.83925472E-01  0.35044032E-02
  0.12910865E-01  0.84318247E-01  0.17558275E-02
  0.13721855E-01  0.84622059E-01 -0.26831386E-06
  0.65900526E-01 -0.73635844E-01  0.21473800E-04
  0.65516328E-01 -0.74189921E-01 -0.10289374E-02
  0.65165135E-01 -0.74707639E-01 -0.20094149E-02
  0.64849863E-01 -0.75175868E-01 -0.29170571E-02
  0.64573985E-01 -0.75580509E-01 -0.37553434E-02
  0.64341361E-01 -0.75907487E-01 -0.45343410E-02
  0.64156029E-01 -0.76143747E-01 -0.52703763E-02
  0.64021966E-01 -0.76278161E-01 -0.59851820E-02
  0.63942832E-01 -0.76302285E-01 -0.67045755E-02
  0.63921720E-01 -0.76210892E-01 -0.74567615E-02
  0.63960924E-01 -0.76002247E-01 -0.82703848E-02
  0.64061741E-01 -0.75678085E-01 -0.91724798E-02
  0.64224320E-01 -0.75243306E-01 -0.10186475E-01
  0.64447562E-01 -0.74705401E-01 -0.11330410E-01
  0.64729086E-01 -0.74073662E-01 -0.12615493E-01
  0.65065243E-01 -0.73358225E-01 -0.14045135E-01
  0.65451198E-01 -0.72569047E-01 -0.15614512E-01
  0.65881050E-01 -0.71714881E-01 -0.17310701E-01
  0.66347991E-01 -0.70802352E-01 -0.19113388E-01
  0.66844491E-01 -0.69835196E-01 -0.20996067E-01
  0.67362493E-01 -0.68813746E-01 -0.22927666E-01
  0.67893602E-01 -0.67734700E-01 -0.24874436E-01
  0.68429270E-01 -0.66591202E-01 -0.26801981E-01
  0.68960943E-01 -0.65373226E-01 -0.28677259E-01
  0.69480188E-01 -0.64068248E-01 -0.30470386E-01
  0.69978783E-01 -0.62662154E-01 -0.32156130E-01
  0.70448774E-01 -0.61140300E-01 -0.33714958E-01
  0.70882492E-01 -0.59488671E-01 -0.35133580E-01
  0.71272564E-01 -0.57695018E-01 -0.36404959E-01
  0.71611884E-01 -0.55749906E-01 -0.37527791E-01
  0.71893597E-01 -0.53647576E-01 -0.38505532E-01
  0.72111071E-01 -0.51386571E-01 -0.39345060E-01
  0.72257887E-01 -0.48970050E-01 -0.40055099E-01
  0.72327847E-01 -0.46405798E-01 -0.40644558E-01
  0.72315006E-01 -0.43705905E-01 -0.41120936E-01
  0.72213732E-01 -0.40886157E-01 -0.41488932E-01
  0.72018787E-01 -0.37965172E-01 -0.41749390E-01
  0.71725441E-01 -0.34963368E-01 -0.41898673E-01
  0.71329587E-01 -0.31901819E-01 -0.41928524E-01
  0.70827877E-01 -0.28801107E-01 -0.41826429E-01
  0.70217846E-01 -0.25680240E-01 -0.41576444E-01
  0.69498025E-01 -0.22555725E-01 -0.41160436E-01
  0.68668029E-01 -0.19440865E-01 -0.40559620E-01
  0.67728611E-01 -0.16345308E-01 -0.39756272E-01
  0.66681682E-01 -0.13274903E-01 -0.38735474E-01
  0.65530287E-01 -0.10231845E-01 -0.37486747E-01
  0.64278543E-01 -0.72150934E-02 -0.36005441E-01
  0.62931536E-01 -0.42210293E-02 -0.34293764E-01
  0.61495200E-01 -0.12442882E-02 -0.32361362E-01
  0.59976167E-01  0.17213036E-02 -0.30225405E-01
  0.58381614E-01  0.46817636E-02 -0.27910166E-01
  0.56719112E-01  0.76420394E-02 -0.25446111E-01
  0.54996488E-01  0.10605217E-01 -0.22868582E-01
  0.53221709E-01  0.13571918E-01 -0.20216149E-01
  0.51402796E-01  0.16539921E-01 -0.17528764E-01
  0.49547765E-01  0.19504047E-01 -0.14845844E-01
  0.47664602E-01  0.22456301E-01 -0.12204417E-01
  0.45761271E-01  0.25386271E-01 -0.96374662E-02
  0.43845729E-01  0.28281725E-01 -0.71725847E-02
  0.41925976E-01  0.31129381E-01 -0.48310285E-02
  0.40010094E-01  0.33915769E-01 -0.26272243E-02
  0.38106289E-01  0.36628121E-01 -0.56875513E-03
  0.36222918E-01  0.39255214E-01  0.13431908E-02
  0.34368497E-01  0.41788108E-01  0.31129573E-02
  0.32551676E-01  0.44220710E-01  0.47492232E-02
  0.30781190E-01  0.46550132E-01  0.62635735E-02
  0.29065775E-01  0.48776807E-01  0.76689566E-02
  0.27414049E-01  0.50904372E-01  0.89781515E-02
  0.25834377E-01  0.52939313E-01  0.10202361E-01
  0.24334711E-01  0.54890422E-01  0.11350040E-01
  0.22922419E-01  0.56768088E-01  0.12426035E-01
  0.21604127E-01  0.58583511E-01  0.13431101E-01
  0.20385552E-01  0.60347862E-01  0.14361805E-01
  0.19271380E-01  0.62071493E-01  0.15210816E-01
  0.18265157E-01  0.63763221E-01  0.15967548E-01
  0.17369230E-01  0.65429759E-01  0.16619068E-01
  0.16584729E-01  0.67075323E-01  0.17151209E-01
  0.15911596E-01  0.68701437E-01  0.17549768E-01
  0.15348659E-01  0.70306944E-01  0.17801696E-01
  0.14893751E-01  0.71888205E-01  0.17896181E-01
  0.14543860E-01  0.73439472E-01  0.17825534E-01
  0.14295311E-01  0.74953380E-01  0.17585824E-01
  0.14143948E-01  0.76421530E-01  0.17177207E-01
  0.14085336E-01  0.77835097E-01  0.16603945E-01
  0.14114931E-01  0.79185412E-01  0.15874128E-01
  0.14228241E-01  0.80464483E-01  0.14999135E-01
  0.14420945E-01  0.81665407E-01  0.13992896E-01
  0.14688970E-01  0.82782644E-01  0.12871032E-01
  0.15028528E-01  0.83812156E-01  0.11649949E-01
  0.15436099E-01  0.84751385E-01  0.10345975E-01
  0.15908384E-01  0.85599108E-01  0.89746167E-02
  0.16442214E-01  0.86355186E-01  0.75499868E-02
  0.17034448E-01  0.87020238E-01  0.60844558E-02
  0.17681860E-01  0.87595278E-01  0.45885411E-02
  0.18381029E-01  0.88081373E-01  0.30710309E-02
  0.19128263E-01  0.88479338E-01  0.15393161E-02
  0.19919548E-01  0.88789518E-01 -0.11717525E-06
  0.63172922E-01 -0.67501355E-01  0.16340905E-04
  0.62796660E-01 -0.68121475E-01 -0.99118566E-03
  0.62453974E-01 -0.68733499E-01 -0.19516296E-02
  0.62148357E-01 -0.69316825E-01 -0.28647858E-02
  0.61884119E-01 -0.69849169E-01 -0.37349029E-02
  0.61666193E-01 -0.70308146E-01 -0.45708155E-02
  0.61499899E-01 -0.70672862E-01 -0.53856990E-02
  0.61390658E-01 -0.70925367E-01 -0.61964542E-02
  0.61343701E-01 -0.71051883E-01 -0.70227611E-02
  0.61363764E-01 -0.71043678E-01 -0.78858666E-02
  0.61454809E-01 -0.70897536E-01 -0.88071938E-02
  0.61619764E-01 -0.70615778E-01 -0.98068781E-02
  0.61860318E-01 -0.70205821E-01 -0.10902338E-01
  0.62176763E-01 -0.69679332E-01 -0.12106994E-01
  0.62567900E-01 -0.69051017E-01 -0.13429228E-01
  0.63031007E-01 -0.68337171E-01 -0.14871670E-01
  0.63561870E-01 -0.67554086E-01 -0.16430864E-01
  0.64154864E-01 -0.66716465E-01 -0.18097337E-01
  0.64803087E-01 -0.65835963E-01 -0.19856060E-01
  0.65498530E-01 -0.64919987E-01 -0.21687280E-01
  0.66232271E-01 -0.63970845E-01 -0.23567630E-01
  0.66994678E-01 -0.62985336E-01 -0.25471453E-01
  0.67775620E-01 -0.61954798E-01 -0.27372216E-01
  0.68564665E-01 -0.60865637E-01 -0.29243916E-01
  0.69351260E-01 -0.59700279E-01 -0.31062358E-01
  0.70124890E-01 -0.58438491E-01 -0.32806222E-01
  0.70875209E-01 -0.57058951E-01 -0.34457824E-01
  0.71592150E-01 -0.55540950E-01 -0.36003540E-01
  0.72265999E-01 -0.53866097E-01 -0.37433851E-01
  0.72887460E-01 -0.52019878E-01 -0.38743046E-01
  0.73447701E-01 -0.49992957E-01 -0.39928593E-01
  0.73938379E-01 -0.47782105E-01 -0.40990285E-01
  0.74351680E-01 -0.45390691E-01 -0.41929206E-01
  0.74680341E-01 -0.42828696E-01 -0.42746662E-01
  0.74917693E-01 -0.40112237E-01 -0.43443152E-01
  0.75057697E-01 -0.37262664E-01 -0.44017486E-01
  0.75094999E-01 -0.34305270E-01 -0.44466143E-01
  0.75024985E-01 -0.31267742E-01 -0.44782927E-01
  0.74843849E-01 -0.28178457E-01 -0.44958949E-01
  0.74548648E-01 -0.25064768E-01 -0.44982958E-01
  0.74137365E-01 -0.21951390E-01 -0.44841990E-01
  0.73608955E-01 -0.18859037E-01 -0.44522274E-01
  0.72963376E-01 -0.15803374E-01 -0.44010340E-01
  0.72201604E-01 -0.12794390E-01 -0.43294226E-01
  0.71325617E-01 -0.98362141E-02 -0.42364678E-01
  0.70338371E-01 -0.69273756E-02 -0.41216268E-01
  0.69243736E-01 -0.40614936E-02 -0.39848303E-01
  0.68046426E-01 -0.12283192E-02 -0.38265479E-01
  0.66751905E-01  0.15849536E-02 -0.36478205E-01
  0.65366290E-01  0.43922167E-02 -0.34502570E-01
  0.63896246E-01  0.72069369E-02 -0.32359959E-01
  0.62348890E-01  0.10040724E-01 -0.30076325E-01
  0.60731694E-01  0.12902089E-01 -0.27681179E-01
  0.59052416E-01  0.15795487E-01 -0.25206362E-01
  0.57319033E-01  0.18720717E-01 -0.22684689E-01
  0.55539704E-01  0.21672716E-01 -0.20148550E-01
  0.53722742E-01  0.24641755E-01 -0.17628572E-01
  0.51876607E-01  0.27614026E-01 -0.15152426E-01
  0.50009900E-01  0.30572546E-01 -0.12743865E-01
  0.48131375E-01  0.33498324E-01 -0.10422039E-01
  0.46249935E-01  0.36371680E-01 -0.82011389E-02
  0.44374638E-01  0.39173607E-01 -0.60903745E-02
  0.42514675E-01  0.41887079E-01 -0.40942746E-02
  0.40679339E-01  0.44498202E-01 -0.22132794E-02
  0.38877975E-01  0.46997104E-01 -0.44456356E-03
  0.37119904E-01  0.49378520E-01  0.12169790E-02
  0.35414328E-01  0.51642018E-01  0.27776709E-02
  0.33770216E-01  0.53791866E-01  0.42439927E-02
  0.32196174E-01  0.55836544E-01  0.56216112E-02
  0.30700305E-01  0.57787963E-01  0.69145668E-02
  0.29290068E-01  0.59660443E-01  0.81246774E-02
  0.27972139E-01  0.61469552E-01  0.92511953E-02
  0.26752284E-01  0.63230882E-01  0.10290734E-01
  0.25635255E-01  0.64958875E-01  0.11237459E-01
  0.24624706E-01  0.66665774E-01  0.12083514E-01
  0.23723148E-01  0.68360786E-01  0.12819642E-01
  0.22931936E-01  0.70049512E-01  0.13435929E-01
  0.22251291E-01  0.71733666E-01  0.13922624E-01
  0.21680364E-01  0.73411112E-01  0.14270946E-01
  0.21217332E-01  0.75076188E-01  0.14473818E-01
  0.20859522E-01  0.76720269E-01  0.14526471E-01
  0.20603558E-01  0.78332538E-01  0.14426883E-01
  0.20445525E-01  0.79900861E-01  0.14175996E-01
  0.20381132E-01  0.81412702E-01  0.13777741E-01
  0.20405869E-01  0.82856008E-01  0.13238851E-01
  0.20515154E-01  0.84219967E-01  0.12568497E-01
  0.20704446E-01  0.85495610E-01  0.11777796E-01
  0.20969337E-01  0.86676190E-01  0.10879227E-01
  0.21305604E-01  0.87757339E-01  0.98860180E-02
  0.21709220E-01  0.88736990E-01  0.88115632E-02
  0.22176344E-01  0.89615097E-01  0.76689115E-02
  0.22703272E-01  0.90393188E-01  0.64703726E-02
  0.23286373E-01  0.91073810E-01  0.52272683E-02
  0.23922015E-01  0.91659932E-01  0.39498390E-02
  0.24606495E-01  0.92154362E-01  0.26473056E-02
  0.25335983E-01  0.92559249E-01  0.13280658E-02
  0.26106486E-01  0.92875718E-01 -0.50796040E-08
  0.60746832E-01 -0.62101661E-01  0.85819995E-05
  0.60389481E-01 -0.62743130E-01 -0.90900358E-03
  0.60067385E-01 -0.63397497E-01 -0.18099875E-02
  0.59784320E-01 -0.64040266E-01 -0.26981074E-02
  0.59545034E-01 -0.64644727E-01 -0.35789782E-02
  0.59355043E-01 -0.65183847E-01 -0.44601143E-02
  0.59220375E-01 -0.65632173E-01 -0.53507832E-02
  0.59147279E-01 -0.65967589E-01 -0.62616949E-02
  0.59141902E-01 -0.66172803E-01 -0.72045417E-02
  0.59209971E-01 -0.66236423E-01 -0.81914189E-02
  0.59356473E-01 -0.66153561E-01 -0.92341642E-02
  0.59585376E-01 -0.65925902E-01 -0.10343663E-01
  0.59899381E-01 -0.65561240E-01 -0.11529166E-01
  0.60299727E-01 -0.65072511E-01 -0.12797678E-01
  0.60786059E-01 -0.64476418E-01 -0.14153444E-01
  0.61356358E-01 -0.63791748E-01 -0.15597592E-01
  0.62006931E-01 -0.63037519E-01 -0.17127942E-01
  0.62732464E-01 -0.62231131E-01 -0.18738997E-01
  0.63526132E-01 -0.61386643E-01 -0.20422118E-01
  0.64379746E-01 -0.60513352E-01 -0.22165869E-01
  0.65283941E-01 -0.59614772E-01 -0.23956491E-01
  0.66228387E-01 -0.58688111E-01 -0.25778484E-01
  0.67202013E-01 -0.57724291E-01 -0.27615239E-01
  0.68193228E-01 -0.56708512E-01 -0.29449674E-01
  0.69190144E-01 -0.55621317E-01 -0.31264831E-01
  0.70180781E-01 -0.54440082E-01 -0.33044388E-01
  0.71153250E-01 -0.53140801E-01 -0.34773049E-01
  0.72095914E-01 -0.51700031E-01 -0.36436804E-01
  0.72997534E-01 -0.50096842E-01 -0.38023029E-01
  0.73847374E-01 -0.48314603E-01 -0.39520452E-01
  0.74635299E-01 -0.46342481E-01 -0.40918992E-01
  0.75351846E-01 -0.44176512E-01 -0.42209505E-01
  0.75988279E-01 -0.41820169E-01 -0.43383471E-01
  0.76536636E-01 -0.39284383E-01 -0.44432678E-01
  0.76989757E-01 -0.36587005E-01 -0.45348929E-01
  0.77341317E-01 -0.33751772E-01 -0.46123823E-01
  0.77585846E-01 -0.30806831E-01 -0.46748645E-01
  0.77718747E-01 -0.27782968E-01 -0.47214373E-01
  0.77736314E-01 -0.24711653E-01 -0.47511836E-01
  0.77635744E-01 -0.21623077E-01 -0.47631987E-01
  0.77415146E-01 -0.18544313E-01 -0.47566305E-01
  0.77073543E-01 -0.15497747E-01 -0.47307272E-01
  0.76610869E-01 -0.12499902E-01 -0.46848909E-01
  0.76027958E-01 -0.95607170E-02 -0.46187311E-01
  0.75326519E-01 -0.66833558E-02 -0.45321142E-01
  0.74509110E-01 -0.38645259E-02 -0.44252051E-01
  0.73579094E-01 -0.10952841E-02 -0.42984968E-01
  0.72540596E-01  0.16377465E-02 -0.41528252E-01
  0.71398447E-01  0.43508523E-02 -0.39893674E-01
  0.70158128E-01  0.70615221E-02 -0.38096230E-01
  0.68825712E-01  0.97866942E-02 -0.36153795E-01
  0.67407806E-01  0.12541097E-01 -0.34086624E-01
  0.65911497E-01  0.15335808E-01 -0.31916748E-01
  0.64344304E-01  0.18177145E-01 -0.29667284E-01
  0.62714133E-01  0.21065961E-01 -0.27361715E-01
  0.61029239E-01  0.23997403E-01 -0.25023165E-01
  0.59298195E-01  0.26961129E-01 -0.22673734E-01
  0.57529859E-01  0.29941974E-01 -0.20333911E-01
  0.55733351E-01  0.32920991E-01 -0.18022108E-01
  0.53918016E-01  0.35876782E-01 -0.15754330E-01
  0.52093399E-01  0.38787015E-01 -0.13544001E-01
  0.50269195E-01  0.41629996E-01 -0.11401945E-01
  0.48455206E-01  0.44386175E-01 -0.93365053E-02
  0.46661277E-01  0.47039470E-01 -0.73538023E-02
  0.44897221E-01  0.49578310E-01 -0.54580845E-02
  0.43172737E-01  0.51996311E-01 -0.36521523E-02
  0.41497312E-01  0.54292561E-01 -0.19378157E-02
  0.39880108E-01  0.56471467E-01 -0.31634866E-03
  0.38329857E-01  0.58542229E-01  0.12110926E-02
  0.36854733E-01  0.60517943E-01  0.26431181E-02
  0.35462240E-01  0.62414456E-01  0.39778423E-02
  0.34159099E-01  0.64249037E-01  0.52127282E-02
  0.32951144E-01  0.66038990E-01  0.63445418E-02
  0.31843237E-01  0.67800314E-01  0.73694163E-02
  0.30839200E-01  0.69546508E-01  0.82830123E-02
  0.29941776E-01  0.71287622E-01  0.90807583E-02
  0.29152610E-01  0.73029602E-01  0.97581449E-02
  0.28472270E-01  0.74773985E-01  0.10311048E-01
  0.27900283E-01  0.76517943E-01  0.10736048E-01
  0.27435218E-01  0.78254658E-01  0.11030732E-01
  0.27074777E-01  0.79973986E-01  0.11193933E-01
  0.26815917E-01  0.81663338E-01  0.11225913E-01
  0.26654985E-01  0.83308694E-01  0.11128467E-01
  0.26587861E-01  0.84895660E-01  0.10904939E-01
  0.26610100E-01  0.86410474E-01  0.10560169E-01
  0.26717064E-01  0.87840889E-01  0.10100368E-01
  0.26904044E-01  0.89176843E-01  0.95329341E-02
  0.27166356E-01  0.90410896E-01  0.88662433E-02
  0.27499410E-01  0.91538385E-01  0.81094161E-02
  0.27898756E-01  0.92557328E-01  0.72720923E-02
  0.28360099E-01  0.93468074E-01  0.63642269E-02
  0.28879283E-01  0.94272774E-01  0.53959205E-02
  0.29452272E-01  0.94974725E-01  0.43772956E-02
  0.30075104E-01  0.95577657E-01  0.33184220E-02
  0.30743849E-01  0.96085058E-01  0.22292887E-02
  0.31454577E-01  0.96499583E-01  0.11198181E-02
  0.32203337E-01  0.96822630E-01 -0.90637976E-07
  0.58854456E-01 -0.57674636E-01 -0.52066339E-06
  0.58529451E-01 -0.58290152E-01 -0.79975338E-03
  0.58243000E-01 -0.58928399E-01 -0.16152131E-02
  0.57998790E-01 -0.59565039E-01 -0.24552283E-02
  0.57801491E-01 -0.60173282E-01 -0.33272209E-02
  0.57656564E-01 -0.60725771E-01 -0.42375987E-02
  0.57570018E-01 -0.61196477E-01 -0.51917044E-02
  0.57548122E-01 -0.61562473E-01 -0.61938199E-02
  0.57597099E-01 -0.61805423E-01 -0.72472197E-02
  0.57722810E-01 -0.61912704E-01 -0.83542614E-02
  0.57930443E-01 -0.61878037E-01 -0.95165025E-02
  0.58224226E-01 -0.61701615E-01 -0.10734827E-01
  0.58607180E-01 -0.61389688E-01 -0.12009565E-01
  0.59080910E-01 -0.60953674E-01 -0.13340597E-01
  0.59645457E-01 -0.60408843E-01 -0.14727421E-01
  0.60299206E-01 -0.59772703E-01 -0.16169175E-01
  0.61038857E-01 -0.59063219E-01 -0.17664622E-01
  0.61859452E-01 -0.58297006E-01 -0.19212072E-01
  0.62754457E-01 -0.57487658E-01 -0.20809264E-01
  0.63715894E-01 -0.56644348E-01 -0.22453215E-01
  0.64734512E-01 -0.55770816E-01 -0.24140030E-01
  0.65799978E-01 -0.54864832E-01 -0.25864709E-01
  0.66901107E-01 -0.53918187E-01 -0.27620957E-01
  0.68026077E-01 -0.52917199E-01 -0.29401016E-01
  0.69162668E-01 -0.51843721E-01 -0.31195539E-01
  0.70298474E-01 -0.50676542E-01 -0.32993513E-01
  0.71421115E-01 -0.49393088E-01 -0.34782261E-01
  0.72518423E-01 -0.47971280E-01 -0.36547514E-01
  0.73578604E-01 -0.46391395E-01 -0.38273566E-01
  0.74590382E-01 -0.44637782E-01 -0.39943516E-01
  0.75543111E-01 -0.42700290E-01 -0.41539580E-01
  0.76426867E-01 -0.40575306E-01 -0.43043477E-01
  0.77232516E-01 -0.38266296E-01 -0.44436860E-01
  0.77951764E-01 -0.35783829E-01 -0.45701784E-01
  0.78577186E-01 -0.33145072E-01 -0.46821193E-01
  0.79102241E-01 -0.30372789E-01 -0.47779387E-01
  0.79521280E-01 -0.27493943E-01 -0.48562467E-01
  0.79829543E-01 -0.24537996E-01 -0.49158722E-01
  0.80023145E-01 -0.21535046E-01 -0.49558944E-01
  0.80099069E-01 -0.18513946E-01 -0.49756660E-01
  0.80055146E-01 -0.15500552E-01 -0.49748258E-01
  0.79890042E-01 -0.12516229E-01 -0.49533018E-01
  0.79603240E-01 -0.95767215E-02 -0.49113035E-01
  0.79195025E-01 -0.66914840E-02 -0.48493051E-01
  0.78666469E-01 -0.38634916E-02 -0.47680202E-01
  0.78019413E-01 -0.10895539E-02 -0.46683704E-01
  0.77256454E-01  0.16389120E-02 -0.45514496E-01
  0.76380923E-01  0.43347174E-02 -0.44184857E-01
  0.75396874E-01  0.70134454E-02 -0.42708036E-01
  0.74309056E-01  0.96918218E-02 -0.41097898E-01
  0.73122894E-01  0.12386045E-01 -0.39368623E-01
  0.71844457E-01  0.15110202E-01 -0.37534451E-01
  0.70480434E-01  0.17874904E-01 -0.35609499E-01
  0.69038093E-01  0.20686225E-01 -0.33607641E-01
  0.67525245E-01  0.23545036E-01 -0.31542450E-01
  0.65950201E-01  0.26446774E-01 -0.29427188E-01
  0.64321719E-01  0.29381655E-01 -0.27274841E-01
  0.62648957E-01  0.32335299E-01 -0.25098169E-01
  0.60941410E-01  0.35289722E-01 -0.22909760E-01
  0.59208849E-01  0.38224601E-01 -0.20722082E-01
  0.57461257E-01  0.41118714E-01 -0.18547491E-01
  0.55708752E-01  0.43951426E-01 -0.16398227E-01
  0.53961515E-01  0.46704124E-01 -0.14286351E-01
  0.52229708E-01  0.49361471E-01 -0.12223652E-01
  0.50523390E-01  0.51912388E-01 -0.10221513E-01
  0.48852430E-01  0.54350707E-01 -0.82907588E-02
  0.47226411E-01  0.56675428E-01 -0.64414774E-02
  0.45654542E-01  0.58890584E-01 -0.46828531E-02
  0.44145555E-01  0.61004728E-01 -0.30230085E-02
  0.42707615E-01  0.63030093E-01 -0.14688762E-02
  0.41348221E-01  0.64981493E-01 -0.26111781E-04
  0.40074118E-01  0.66875065E-01  0.13009444E-02
  0.38891214E-01  0.68726945E-01  0.25092536E-02
  0.37804504E-01  0.70551995E-01  0.35970112E-02
  0.36818018E-01  0.72362668E-01  0.45635336E-02
  0.35934770E-01  0.74168101E-01  0.54091053E-02
  0.35156744E-01  0.75973495E-01  0.61348022E-02
  0.34484891E-01  0.77779824E-01  0.67423033E-02
  0.33919151E-01  0.79583880E-01  0.72337091E-02
  0.33458511E-01  0.81378635E-01  0.76113807E-02
  0.33101071E-01  0.83153876E-01  0.78778139E-02
  0.32844139E-01  0.84897049E-01  0.80355606E-02
  0.32684348E-01  0.86594230E-01  0.80872009E-02
  0.32617772E-01  0.88231140E-01  0.80353721E-02
  0.32640064E-01  0.89794112E-01  0.78828476E-02
  0.32746576E-01  0.91270932E-01  0.76326604E-02
  0.32932488E-01  0.92651486E-01  0.72882577E-02
  0.33192909E-01  0.93928179E-01  0.68536717E-02
  0.33522968E-01  0.95096092E-01  0.63336887E-02
  0.33917879E-01  0.96152881E-01  0.57339991E-02
  0.34372982E-01  0.97098456E-01  0.50613114E-02
  0.34883766E-01  0.97934478E-01  0.43234164E-02
  0.35445868E-01  0.98663726E-01  0.35291919E-02
  0.36055060E-01  0.99289433E-01  0.26885424E-02
  0.36707234E-01  0.99814638E-01  0.18122759E-02
  0.37398386E-01  0.10024163E+00  0.91192199E-03
  0.38124603E-01  0.10057157E+00 -0.49607976E-06
  0.57632927E-01 -0.54352434E-01 -0.94468924E-05
  0.57353551E-01 -0.54900235E-01 -0.68523533E-03
  0.57117710E-01 -0.55467204E-01 -0.14069989E-02
  0.56928608E-01 -0.56033006E-01 -0.21875570E-02
  0.56790302E-01 -0.56574982E-01 -0.30362888E-02
  0.56707534E-01 -0.57069723E-01 -0.39588964E-02
  0.56685520E-01 -0.57494661E-01 -0.49574290E-02
  0.56729706E-01 -0.57829555E-01 -0.60305623E-02
  0.56845495E-01 -0.58057769E-01 -0.71741060E-02
  0.57037979E-01 -0.58167234E-01 -0.83816942E-02
  0.57311663E-01 -0.58151021E-01 -0.96455985E-02
  0.57670212E-01 -0.58007498E-01 -0.10957596E-01
  0.58116225E-01 -0.57740043E-01 -0.12309813E-01
  0.58651051E-01 -0.57356364E-01 -0.13695483E-01
  0.59274647E-01 -0.56867464E-01 -0.15109537E-01
  0.59985487E-01 -0.56286360E-01 -0.16548994E-01
  0.60780525E-01 -0.55626653E-01 -0.18013105E-01
  0.61655204E-01 -0.54901076E-01 -0.19503232E-01
  0.62603522E-01 -0.54120136E-01 -0.21022491E-01
  0.63618137E-01 -0.53290976E-01 -0.22575158E-01
  0.64690502E-01 -0.52416539E-01 -0.24165909E-01
  0.65811043E-01 -0.51495122E-01 -0.25798940E-01
  0.66969342E-01 -0.50520339E-01 -0.27477057E-01
  0.68154345E-01 -0.49481515E-01 -0.29200783E-01
  0.69354563E-01 -0.48364469E-01 -0.30967598E-01
  0.70558275E-01 -0.47152624E-01 -0.32771337E-01
  0.71753725E-01 -0.45828358E-01 -0.34601834E-01
  0.72929289E-01 -0.44374484E-01 -0.36444827E-01
  0.74073642E-01 -0.42775727E-01 -0.38282151E-01
  0.75175888E-01 -0.41020094E-01 -0.40092217E-01
  0.76225674E-01 -0.39100018E-01 -0.41850733E-01
  0.77213279E-01 -0.37013174E-01 -0.43531645E-01
  0.78129683E-01 -0.34762922E-01 -0.45108221E-01
  0.78966609E-01 -0.32358314E-01 -0.46554212E-01
  0.79716555E-01 -0.29813697E-01 -0.47845005E-01
  0.80372808E-01 -0.27147908E-01 -0.48958706E-01
  0.80929442E-01 -0.24383167E-01 -0.49877060E-01
  0.81381316E-01 -0.21543713E-01 -0.50586169E-01
  0.81724058E-01 -0.18654329E-01 -0.51076951E-01
  0.81954058E-01 -0.15738843E-01 -0.51345315E-01
  0.82068451E-01 -0.12818739E-01 -0.51392055E-01
  0.82065110E-01 -0.99119685E-02 -0.51222479E-01
  0.81942641E-01 -0.70320596E-02 -0.50845792E-01
  0.81700387E-01 -0.41875814E-02 -0.50274311E-01
  0.81338427E-01 -0.13819968E-02 -0.49522555E-01
  0.80857595E-01  0.13860931E-02 -0.48606287E-01
  0.80259484E-01  0.41223421E-02 -0.47541589E-01
  0.79546464E-01  0.68357462E-02 -0.46344022E-01
  0.78721693E-01  0.95375020E-02 -0.45027944E-01
  0.77789119E-01  0.12239733E-01 -0.43606025E-01
  0.76753485E-01  0.14954187E-01 -0.42088980E-01
  0.75620318E-01  0.17691000E-01 -0.40485546E-01
  0.74395904E-01  0.20457638E-01 -0.38802667E-01
  0.73087257E-01  0.23258075E-01 -0.37045879E-01
  0.71702075E-01  0.26092281E-01 -0.35219838E-01
  0.70248675E-01  0.28956050E-01 -0.33328938E-01
  0.68735930E-01  0.31841173E-01 -0.31377960E-01
  0.67173185E-01  0.34735933E-01 -0.29372677E-01
  0.65570170E-01  0.37625880E-01 -0.27320375E-01
  0.63936911E-01  0.40494822E-01 -0.25230217E-01
  0.62283629E-01  0.43325943E-01 -0.23113438E-01
  0.60620654E-01  0.46102961E-01 -0.20983330E-01
  0.58958324E-01  0.48811235E-01 -0.18855031E-01
  0.57306898E-01  0.51438742E-01 -0.16745125E-01
  0.55676469E-01  0.53976824E-01 -0.14671087E-01
  0.54076879E-01  0.56420689E-01 -0.12650619E-01
  0.52517642E-01  0.58769598E-01 -0.10700931E-01
  0.51007863E-01  0.61026742E-01 -0.88380200E-02
  0.49556168E-01  0.63198832E-01 -0.70760165E-02
  0.48170623E-01  0.65295421E-01 -0.54266349E-02
  0.46858668E-01  0.67328041E-01 -0.38987827E-02
  0.45627039E-01  0.69309194E-01 -0.24983512E-02
  0.44481705E-01  0.71251317E-01 -0.12282018E-02
  0.43427800E-01  0.73165768E-01 -0.88344952E-04
  0.42469569E-01  0.75061926E-01  0.92370664E-03
  0.41610316E-01  0.76946480E-01  0.18124460E-02
  0.40852379E-01  0.78822934E-01  0.25837837E-02
  0.40197107E-01  0.80691374E-01  0.32444159E-02
  0.39644869E-01  0.82548506E-01  0.38012034E-02
  0.39195080E-01  0.84387939E-01  0.42606133E-02
  0.38846249E-01  0.86200688E-01  0.46282695E-02
  0.38596052E-01  0.87975844E-01  0.49086480E-02
  0.38441423E-01  0.89701342E-01  0.51049377E-02
  0.38378663E-01  0.91364777E-01  0.52190756E-02
  0.38403560E-01  0.92954167E-01  0.52519464E-02
  0.38511512E-01  0.94458635E-01  0.52037232E-02
  0.38697651E-01  0.95868935E-01  0.50743141E-02
  0.38956957E-01  0.97177795E-01  0.48638698E-02
  0.39284363E-01  0.98380060E-01  0.45733010E-02
  0.39674836E-01  0.99472635E-01  0.42047566E-02
  0.40123443E-01  0.10045425E+00  0.37620142E-02
  0.40625396E-01  0.10132508E+00  0.32507471E-02
  0.41176076E-01  0.10208629E+00  0.26786389E-02
  0.41771044E-01  0.10273949E+00  0.20553351E-02
  0.42406045E-01  0.10328630E+00  0.13922336E-02
  0.43077005E-01  0.10372789E+00  0.70213132E-03
  0.43780033E-01  0.10406471E+00 -0.12412494E-05
  0.57094315E-01 -0.52127972E-01 -0.16693472E-04
  0.56871212E-01 -0.52578461E-01 -0.58842436E-03
  0.56697929E-01 -0.53031105E-01 -0.12281114E-02
  0.56576854E-01 -0.53472590E-01 -0.19521888E-02
  0.56510965E-01 -0.53887797E-01 -0.27717648E-02
  0.56503700E-01 -0.54260804E-01 -0.36922785E-02
  0.56558806E-01 -0.54575936E-01 -0.47135688E-02
  0.56680156E-01 -0.54818734E-01 -0.58303478E-02
  0.56871546E-01 -0.54976812E-01 -0.70330356E-02
  0.57136495E-01 -0.55040509E-01 -0.83088878E-02
  0.57478038E-01 -0.55003313E-01 -0.96433189E-02
  0.57898536E-01 -0.54862002E-01 -0.11021316E-01
  0.58399509E-01 -0.54616529E-01 -0.12428819E-01
  0.58981491E-01 -0.54269638E-01 -0.13853965E-01
  0.59643924E-01 -0.53826262E-01 -0.15288077E-01
  0.60385088E-01 -0.53292766E-01 -0.16726327E-01
  0.61202066E-01 -0.52676078E-01 -0.18168018E-01
  0.62090752E-01 -0.51982809E-01 -0.19616448E-01
  0.63045896E-01 -0.51218425E-01 -0.21078384E-01
  0.64061174E-01 -0.50386543E-01 -0.22563170E-01
  0.65129298E-01 -0.49488421E-01 -0.24081557E-01
  0.66242134E-01 -0.48522664E-01 -0.25644335E-01
  0.67390847E-01 -0.47485204E-01 -0.27260900E-01
  0.68566052E-01 -0.46369526E-01 -0.28937853E-01
  0.69757965E-01 -0.45167138E-01 -0.30677765E-01
  0.70956556E-01 -0.43868241E-01 -0.32478200E-01
  0.72151695E-01 -0.42462541E-01 -0.34331093E-01
  0.73333283E-01 -0.40940146E-01 -0.36222527E-01
  0.74491374E-01 -0.39292458E-01 -0.38132943E-01
  0.75616277E-01 -0.37512997E-01 -0.40037777E-01
  0.76698644E-01 -0.35598087E-01 -0.41908471E-01
  0.77729543E-01 -0.33547344E-01 -0.43713796E-01
  0.78700505E-01 -0.31363934E-01 -0.45421398E-01
  0.79603572E-01 -0.29054573E-01 -0.46999438E-01
  0.80431322E-01 -0.26629272E-01 -0.48418223E-01
  0.81176887E-01 -0.24100851E-01 -0.49651709E-01
  0.81833967E-01 -0.21484260E-01 -0.50678762E-01
  0.82396841E-01 -0.18795756E-01 -0.51484095E-01
  0.82860370E-01 -0.16052014E-01 -0.52058826E-01
  0.83220017E-01 -0.13269224E-01 -0.52400610E-01
  0.83471856E-01 -0.10462263E-01 -0.52513361E-01
  0.83612598E-01 -0.76439770E-02 -0.52406585E-01
  0.83639614E-01 -0.48246560E-02 -0.52094392E-01
  0.83550978E-01 -0.20117066E-02 -0.51594263E-01
  0.83345501E-01  0.79043955E-03 -0.50925680E-01
  0.83022774E-01  0.35801908E-02 -0.50108728E-01
  0.82583216E-01  0.63584507E-02 -0.49162762E-01
  0.82028113E-01  0.91280969E-02 -0.48105263E-01
  0.81359654E-01  0.11893333E-01 -0.46950947E-01
  0.80580951E-01  0.14658963E-01 -0.45711194E-01
  0.79696058E-01  0.17429660E-01 -0.44393828E-01
  0.78709957E-01  0.20209271E-01 -0.43003258E-01
  0.77628541E-01  0.23000224E-01 -0.41540941E-01
  0.76458565E-01  0.25803083E-01 -0.40006128E-01
  0.75207584E-01  0.28616267E-01 -0.38396814E-01
  0.73883877E-01  0.31435973E-01 -0.36710799E-01
  0.72496347E-01  0.34256284E-01 -0.34946771E-01
  0.71054413E-01  0.37069467E-01 -0.33105309E-01
  0.69567899E-01  0.39866414E-01 -0.31189713E-01
  0.68046917E-01  0.42637210E-01 -0.29206610E-01
  0.66501747E-01  0.45371763E-01 -0.27166250E-01
  0.64942729E-01  0.48060452E-01 -0.25082499E-01
  0.63380161E-01  0.50694744E-01 -0.22972513E-01
  0.61824203E-01  0.53267725E-01 -0.20856118E-01
  0.60284797E-01  0.55774510E-01 -0.18754962E-01
  0.58771594E-01  0.58212492E-01 -0.16691485E-01
  0.57293887E-01  0.60581428E-01 -0.14687822E-01
  0.55860560E-01  0.62883335E-01 -0.12764695E-01
  0.54480025E-01  0.65122229E-01 -0.10940406E-01
  0.53160175E-01  0.67303710E-01 -0.92299969E-02
  0.51908330E-01  0.69434435E-01 -0.76446413E-02
  0.50731177E-01  0.71521520E-01 -0.61913173E-02
  0.49634716E-01  0.73571921E-01 -0.48727724E-02
  0.48624197E-01  0.75591830E-01 -0.36877810E-02
  0.47704065E-01  0.77586143E-01 -0.26316634E-02
  0.46877905E-01  0.79558032E-01 -0.16970154E-02
  0.46148396E-01  0.81508649E-01 -0.87458378E-03
  0.45517279E-01  0.83436988E-01 -0.15420802E-03
  0.44985343E-01  0.85339895E-01  0.47425098E-03
  0.44552427E-01  0.87212237E-01  0.10200744E-02
  0.44217453E-01  0.89047196E-01  0.14910092E-02
  0.43978472E-01  0.90836663E-01  0.18928044E-02
  0.43832742E-01  0.92571696E-01  0.22289931E-02
  0.43776823E-01  0.94243015E-01  0.25009315E-02
  0.43806684E-01  0.95841460E-01  0.27080808E-02
  0.43917825E-01  0.97358422E-01  0.28484999E-02
  0.44105401E-01  0.98786172E-01  0.29194941E-02
  0.44364344E-01  0.10011810E+00  0.29183574E-02
  0.44689472E-01  0.10134883E+00  0.28431323E-02
  0.45075591E-01  0.10247424E+00  0.26933154E-02
  0.45517574E-01  0.10349136E+00  0.24704410E-02
  0.46010426E-01  0.10439819E+00  0.21784876E-02
  0.46549327E-01  0.10519348E+00  0.18240693E-02
  0.47129665E-01  0.10587648E+00  0.14163943E-02
  0.47747052E-01  0.10644667E+00  0.96699556E-03
  0.48397340E-01  0.10690361E+00  0.48925916E-03
  0.49076634E-01  0.10724672E+00 -0.22057449E-05
  0.57116484E-01 -0.50844395E-01 -0.21029669E-04
  0.56955707E-01 -0.51184228E-01 -0.52978479E-03
  0.56851626E-01 -0.51498029E-01 -0.11174882E-02
  0.56805587E-01 -0.51781270E-01 -0.18026383E-02
  0.56819168E-01 -0.52028444E-01 -0.25974473E-02
  0.56894106E-01 -0.52233386E-01 -0.35074339E-02
  0.57032208E-01 -0.52389599E-01 -0.45315049E-02
  0.57235253E-01 -0.52490589E-01 -0.56625176E-02
  0.57504876E-01 -0.52530157E-01 -0.68882725E-02
  0.57842455E-01 -0.52502643E-01 -0.81928544E-02
  0.58248999E-01 -0.52403116E-01 -0.95582106E-02
  0.58725042E-01 -0.52227476E-01 -0.10965837E-01
  0.59270551E-01 -0.51972487E-01 -0.12398435E-01
  0.59884845E-01 -0.51635738E-01 -0.13841398E-01
  0.60566545E-01 -0.51215538E-01 -0.15284014E-01
  0.61313531E-01 -0.50710757E-01 -0.16720279E-01
  0.62122931E-01 -0.50120642E-01 -0.18149256E-01
  0.62991127E-01 -0.49444615E-01 -0.19574951E-01
  0.63913782E-01 -0.48682089E-01 -0.21005720E-01
  0.64885884E-01 -0.47832298E-01 -0.22453241E-01
  0.65901803E-01 -0.46894187E-01 -0.23931157E-01
  0.66955359E-01 -0.45866347E-01 -0.25453483E-01
  0.68039902E-01 -0.44747014E-01 -0.27032919E-01
  0.69148388E-01 -0.43534136E-01 -0.28679211E-01
  0.70273458E-01 -0.42225490E-01 -0.30397679E-01
  0.71407520E-01 -0.40818850E-01 -0.32188060E-01
  0.72542818E-01 -0.39312190E-01 -0.34043750E-01
  0.73671497E-01 -0.37703890E-01 -0.35951509E-01
  0.74785669E-01 -0.35992956E-01 -0.37891672E-01
  0.75877456E-01 -0.34179198E-01 -0.39838843E-01
  0.76939043E-01 -0.32263385E-01 -0.41763032E-01
  0.77962709E-01 -0.30247341E-01 -0.43631148E-01
  0.78940869E-01 -0.28133986E-01 -0.45408745E-01
  0.79866099E-01 -0.25927313E-01 -0.47061874E-01
  0.80731170E-01 -0.23632307E-01 -0.48558923E-01
  0.81529082E-01 -0.21254815E-01 -0.49872302E-01
  0.82253091E-01 -0.18801368E-01 -0.50979849E-01
  0.82896759E-01 -0.16278988E-01 -0.51865856E-01
  0.83453992E-01 -0.13694973E-01 -0.52521659E-01
  0.83919101E-01 -0.11056696E-01 -0.52945738E-01
  0.84286859E-01 -0.83714125E-02 -0.53143356E-01
  0.84552572E-01 -0.56461089E-02 -0.53125747E-01
  0.84712157E-01 -0.28873821E-02 -0.52908956E-01
  0.84762218E-01 -0.10136341E-03 -0.52512406E-01
  0.84700134E-01  0.27063147E-02 -0.51957326E-01
  0.84524135E-01  0.55305131E-02 -0.51265156E-01
  0.84233382E-01  0.83665475E-02 -0.50456055E-01
  0.83828029E-01  0.11210126E-01 -0.49547632E-01
  0.83309276E-01  0.14057270E-01 -0.48553981E-01
  0.82679405E-01  0.16904236E-01 -0.47485097E-01
  0.81941790E-01  0.19747434E-01 -0.46346695E-01
  0.81100887E-01  0.22583366E-01 -0.45140449E-01
  0.80162196E-01  0.25408577E-01 -0.43864596E-01
  0.79132200E-01  0.28219630E-01 -0.42514864E-01
  0.78018281E-01  0.31013107E-01 -0.41085612E-01
  0.76828610E-01  0.33785628E-01 -0.39571108E-01
  0.75572030E-01  0.36533892E-01 -0.37966802E-01
  0.74257920E-01  0.39254736E-01 -0.36270502E-01
  0.72896060E-01  0.41945197E-01 -0.34483354E-01
  0.71496489E-01  0.44602590E-01 -0.32610528E-01
  0.70069378E-01  0.47224570E-01 -0.30661571E-01
  0.68624909E-01  0.49809196E-01 -0.28650384E-01
  0.67173171E-01  0.52354978E-01 -0.26594841E-01
  0.65724067E-01  0.54860901E-01 -0.24516067E-01
  0.64287240E-01  0.57326434E-01 -0.22437443E-01
  0.62872018E-01  0.59751507E-01 -0.20383428E-01
  0.61487366E-01  0.62136464E-01 -0.18378271E-01
  0.60141844E-01  0.64481995E-01 -0.16444742E-01
  0.58843576E-01  0.66789038E-01 -0.14602959E-01
  0.57600215E-01  0.69058669E-01 -0.12869422E-01
  0.56418904E-01  0.71291970E-01 -0.11256311E-01
  0.55306233E-01  0.73489900E-01 -0.97710966E-02
  0.54268191E-01  0.75653156E-01 -0.84165040E-02
  0.53310103E-01  0.77782046E-01 -0.71907985E-02
  0.52436578E-01  0.79876374E-01 -0.60883787E-02
  0.51651440E-01  0.81935350E-01 -0.51006103E-02
  0.50957675E-01  0.83957516E-01 -0.42168267E-02
  0.50357382E-01  0.85940709E-01 -0.34254078E-02
  0.49851740E-01  0.87882055E-01 -0.27148438E-02
  0.49440998E-01  0.89777989E-01 -0.20746949E-02
  0.49124476E-01  0.91624309E-01 -0.14963693E-02
  0.48900607E-01  0.93416252E-01 -0.97365805E-03
  0.48766991E-01  0.95148591E-01 -0.50299041E-03
  0.48720478E-01  0.96815750E-01 -0.83396571E-04
  0.48757266E-01  0.98411920E-01  0.28380777E-03
  0.48873018E-01  0.99931185E-01  0.59557631E-03
  0.49062984E-01  0.10136763E+00  0.84786716E-03
  0.49322120E-01  0.10271548E+00  0.10364834E-02
  0.49645213E-01  0.10396914E+00  0.11579361E-02
  0.50026982E-01  0.10512335E+00  0.12102476E-02
  0.50462176E-01  0.10617320E+00  0.11936161E-02
  0.50945651E-01  0.10711423E+00  0.11108831E-02
  0.51472429E-01  0.10794244E+00  0.96775714E-03
  0.52037749E-01  0.10865438E+00  0.77277713E-03
  0.52637099E-01  0.10924714E+00  0.53701896E-03
  0.53266249E-01  0.10971842E+00  0.27357617E-03
  0.53921270E-01  0.11006654E+00 -0.31355297E-05
  0.57457627E-01 -0.50210983E-01 -0.21709436E-04
  0.57359543E-01 -0.50444102E-01 -0.52377938E-03
  0.57324692E-01 -0.50616213E-01 -0.11034941E-02
  0.57353308E-01 -0.50731838E-01 -0.17794124E-02
  0.57445453E-01 -0.50795560E-01 -0.25638896E-02
  0.57601011E-01 -0.50811610E-01 -0.34626617E-02
  0.57819669E-01 -0.50783477E-01 -0.44749139E-02
  0.58100904E-01 -0.50713536E-01 -0.55938224E-02
  0.58443968E-01 -0.50602758E-01 -0.68075225E-02
  0.58847868E-01 -0.50450502E-01 -0.81004218E-02
  0.59311356E-01 -0.50254425E-01 -0.94547505E-02
  0.59832916E-01 -0.50010514E-01 -0.10852220E-01
  0.60410760E-01 -0.49713237E-01 -0.12275658E-01
  0.61042823E-01 -0.49355813E-01 -0.13710478E-01
  0.61726767E-01 -0.48930575E-01 -0.15145875E-01
  0.62459986E-01 -0.48429411E-01 -0.16575640E-01
  0.63239616E-01 -0.47844236E-01 -0.17998533E-01
  0.64062546E-01 -0.47167477E-01 -0.19418182E-01
  0.64925431E-01 -0.46392525E-01 -0.20842517E-01
  0.65824707E-01 -0.45514120E-01 -0.22282790E-01
  0.66756597E-01 -0.44528650E-01 -0.23752255E-01
  0.67717124E-01 -0.43434331E-01 -0.25264629E-01
  0.68702111E-01 -0.42231258E-01 -0.26832447E-01
  0.69707185E-01 -0.40921329E-01 -0.28465463E-01
  0.70727768E-01 -0.39508046E-01 -0.30169217E-01
  0.71759070E-01 -0.37996206E-01 -0.31943903E-01
  0.72796081E-01 -0.36391513E-01 -0.33783612E-01
  0.73833553E-01 -0.34700140E-01 -0.35676044E-01
  0.74865989E-01 -0.32928271E-01 -0.37602692E-01
  0.75887634E-01 -0.31081678E-01 -0.39539507E-01
  0.76892469E-01 -0.29165339E-01 -0.41457986E-01
  0.77874211E-01 -0.27183157E-01 -0.43326604E-01
  0.78826323E-01 -0.25137783E-01 -0.45112487E-01
  0.79742040E-01 -0.23030569E-01 -0.46783197E-01
  0.80614400E-01 -0.20861648E-01 -0.48308498E-01
  0.81436294E-01 -0.18630141E-01 -0.49661960E-01
  0.82200532E-01 -0.16334471E-01 -0.50822310E-01
  0.82899920E-01 -0.13972762E-01 -0.51774405E-01
  0.83527354E-01 -0.11543286E-01 -0.52509783E-01
  0.84075929E-01 -0.90449262E-02 -0.53026750E-01
  0.84539049E-01 -0.64776145E-02 -0.53330017E-01
  0.84910562E-01 -0.38427053E-02 -0.53429912E-01
  0.85184882E-01 -0.11432570E-02 -0.53341261E-01
  0.85357123E-01  0.16158100E-02 -0.53082014E-01
  0.85423225E-01  0.44276908E-02 -0.52671736E-01
  0.85380071E-01  0.72838179E-02 -0.52130098E-01
  0.85225595E-01  0.10174120E-01 -0.51475460E-01
  0.84958862E-01  0.13087402E-01 -0.50723679E-01
  0.84580133E-01  0.16011820E-01 -0.49887216E-01
  0.84090903E-01  0.18935413E-01 -0.48974601E-01
  0.83493905E-01  0.21846665E-01 -0.47990299E-01
  0.82793088E-01  0.24735032E-01 -0.46934960E-01
  0.81993560E-01  0.27591425E-01 -0.45806030E-01
  0.81101507E-01  0.30408586E-01 -0.44598656E-01
  0.80124082E-01  0.33181347E-01 -0.43306796E-01
  0.79069272E-01  0.35906749E-01 -0.41924445E-01
  0.77945759E-01  0.38584009E-01 -0.40446859E-01
  0.76762758E-01  0.41214350E-01 -0.38871677E-01
  0.75529864E-01  0.43800701E-01 -0.37199845E-01
  0.74256905E-01  0.46347294E-01 -0.35436261E-01
  0.72953796E-01  0.48859195E-01 -0.33590096E-01
  0.71630421E-01  0.51341800E-01 -0.31674760E-01
  0.70296529E-01  0.53800338E-01 -0.29707512E-01
  0.68961645E-01  0.56239420E-01 -0.27708762E-01
  0.67635016E-01  0.58662652E-01 -0.25701102E-01
  0.66325561E-01  0.61072366E-01 -0.23708167E-01
  0.65041840E-01  0.63469443E-01 -0.21753394E-01
  0.63792032E-01  0.65853278E-01 -0.19858806E-01
  0.62583922E-01  0.68221849E-01 -0.18043882E-01
  0.61424873E-01  0.70571887E-01 -0.16324629E-01
  0.60321810E-01  0.72899140E-01 -0.14712910E-01
  0.59281178E-01  0.75198674E-01 -0.13216074E-01
  0.58308904E-01  0.77465209E-01 -0.11836913E-01
  0.57410336E-01  0.79693442E-01 -0.10573943E-01
  0.56590186E-01  0.81878333E-01 -0.94219675E-02
  0.55852457E-01  0.84015330E-01 -0.83728748E-02
  0.55200381E-01  0.86100513E-01 -0.74165972E-02
  0.54636361E-01  0.88130658E-01 -0.65421431E-02
  0.54161918E-01  0.90103200E-01 -0.57386164E-02
  0.53777668E-01  0.92016119E-01 -0.49961369E-02
  0.53483310E-01  0.93867760E-01 -0.43065878E-02
  0.53277650E-01  0.95656601E-01 -0.36641316E-02
  0.53158640E-01  0.97381007E-01 -0.30654596E-02
  0.53123446E-01  0.99038976E-01 -0.25097617E-02
  0.53168542E-01  0.10062793E+00 -0.19984317E-02
  0.53289809E-01  0.10214455E+00 -0.15345425E-02
  0.53482657E-01  0.10358468E+00 -0.11221507E-02
  0.53742142E-01  0.10494332E+00 -0.76549875E-03
  0.54063090E-01  0.10621471E+00 -0.46819556E-03
  0.54440204E-01  0.10739249E+00 -0.23245439E-03
  0.54868170E-01  0.10846991E+00 -0.58460356E-04
  0.55341747E-01  0.10944017E+00  0.56072729E-04
  0.55855838E-01  0.11029668E+00  0.11611585E-03
  0.56405556E-01  0.11103340E+00  0.12929028E-03
  0.56986276E-01  0.11164517E+00  0.10559063E-03
  0.57593677E-01  0.11212797E+00  0.56893881E-04
  0.58223780E-01  0.11247909E+00 -0.36970983E-05
  0.57793140E-01 -0.49844260E-01 -0.18603161E-04
  0.57752315E-01 -0.49989950E-01 -0.57619238E-03
  0.57779964E-01 -0.50038712E-01 -0.11985557E-02
  0.57875285E-01 -0.50002920E-01 -0.19021643E-02
  0.58036937E-01 -0.49896082E-01 -0.26983560E-02
  0.58263074E-01 -0.49731803E-01 -0.35929745E-02
  0.58551407E-01 -0.49522740E-01 -0.45864070E-02
  0.58899260E-01 -0.49279622E-01 -0.56740122E-02
  0.59303650E-01 -0.49010420E-01 -0.68468986E-02
  0.59761362E-01 -0.48719721E-01 -0.80929898E-02
  0.60269027E-01 -0.48408376E-01 -0.93982840E-02
  0.60823207E-01 -0.48073414E-01 -0.10748207E-01
  0.61420463E-01 -0.47708276E-01 -0.12128945E-01
  0.62057433E-01 -0.47303304E-01 -0.13528650E-01
  0.62730883E-01 -0.46846483E-01 -0.14938420E-01
  0.63437762E-01 -0.46324357E-01 -0.16352965E-01
  0.64175228E-01 -0.45723050E-01 -0.17770925E-01
  0.64940676E-01 -0.45029319E-01 -0.19194790E-01
  0.65731728E-01 -0.44231546E-01 -0.20630449E-01
  0.66546228E-01 -0.43320596E-01 -0.22086399E-01
  0.67382199E-01 -0.42290476E-01 -0.23572678E-01
  0.68237802E-01 -0.41138736E-01 -0.25099612E-01
  0.69111264E-01 -0.39866591E-01 -0.26676493E-01
  0.70000807E-01 -0.38478754E-01 -0.28310272E-01
  0.70904560E-01 -0.36982992E-01 -0.30004407E-01
  0.71820468E-01 -0.35389448E-01 -0.31757944E-01
  0.72746199E-01 -0.33709786E-01 -0.33564910E-01
  0.73679051E-01 -0.31956229E-01 -0.35414083E-01
  0.74615874E-01 -0.30140572E-01 -0.37289153E-01
  0.75552994E-01 -0.28273248E-01 -0.39169266E-01
  0.76486163E-01 -0.26362528E-01 -0.41029915E-01
  0.77410519E-01 -0.24413923E-01 -0.42844116E-01
  0.78320579E-01 -0.22429824E-01 -0.44583768E-01
  0.79210248E-01 -0.20409433E-01 -0.46221112E-01
  0.80072864E-01 -0.18348968E-01 -0.47730166E-01
  0.80901259E-01 -0.16242139E-01 -0.49088041E-01
  0.81687863E-01 -0.14080851E-01 -0.50276031E-01
  0.82424811E-01 -0.11856080E-01 -0.51280418E-01
  0.83104092E-01 -0.95588507E-02 -0.52092921E-01
  0.83717701E-01 -0.71812315E-02 -0.52710782E-01
  0.84257817E-01 -0.47172725E-02 -0.53136476E-01
  0.84716973E-01 -0.21638049E-02 -0.53377101E-01
  0.85088243E-01  0.47896161E-03 -0.53443480E-01
  0.85365419E-01  0.32070938E-02 -0.53349075E-01
  0.85543173E-01  0.60128719E-02 -0.53108796E-01
  0.85617206E-01  0.88850156E-02 -0.52737799E-01
  0.85584380E-01  0.11809184E-01 -0.52250371E-01
  0.85442811E-01  0.14768710E-01 -0.51658987E-01
  0.85191940E-01  0.17745520E-01 -0.50973610E-01
  0.84832567E-01  0.20721156E-01 -0.50201277E-01
  0.84366844E-01  0.23677839E-01 -0.49345991E-01
  0.83798238E-01  0.26599482E-01 -0.48408928E-01
  0.83131460E-01  0.29472572E-01 -0.47388917E-01
  0.82372356E-01  0.32286878E-01 -0.46283154E-01
  0.81527780E-01  0.35035902E-01 -0.45088072E-01
  0.80605439E-01  0.37717078E-01 -0.43800295E-01
  0.79613736E-01  0.40331670E-01 -0.42417592E-01
  0.78561594E-01  0.42884423E-01 -0.40939735E-01
  0.77458294E-01  0.45382966E-01 -0.39369212E-01
  0.76313317E-01  0.47837030E-01 -0.37711702E-01
  0.75136202E-01  0.50257555E-01 -0.35976302E-01
  0.73936425E-01  0.52655737E-01 -0.34175470E-01
  0.72723300E-01  0.55042101E-01 -0.32324688E-01
  0.71505907E-01  0.57425668E-01 -0.30441883E-01
  0.70293036E-01  0.59813277E-01 -0.28546641E-01
  0.69093155E-01  0.62209099E-01 -0.26659279E-01
  0.67914394E-01  0.64614382E-01 -0.24799857E-01
  0.66764531E-01  0.67027432E-01 -0.22987190E-01
  0.65650989E-01  0.69443821E-01 -0.21237959E-01
  0.64580825E-01  0.71856789E-01 -0.19565962E-01
  0.63560713E-01  0.74257805E-01 -0.17981580E-01
  0.62596916E-01  0.76637231E-01 -0.16491488E-01
  0.61695249E-01  0.78985019E-01 -0.15098623E-01
  0.60861022E-01  0.81291397E-01 -0.13802407E-01
  0.60098976E-01  0.83547470E-01 -0.12599198E-01
  0.59413221E-01  0.85745695E-01 -0.11482937E-01
  0.58807153E-01  0.87880199E-01 -0.10445905E-01
  0.58283398E-01  0.89946912E-01 -0.94795573E-02
  0.57843751E-01  0.91943511E-01 -0.85753369E-02
  0.57489138E-01  0.93869201E-01 -0.77254142E-02
  0.57219595E-01  0.95724341E-01 -0.69232889E-02
  0.57034275E-01  0.97509974E-01 -0.61642075E-02
  0.56931480E-01  0.99227298E-01 -0.54453698E-02
  0.56908709E-01  0.10087714E+00 -0.47659118E-02
  0.56962741E-01  0.10245945E+00 -0.41266786E-02
  0.57089727E-01  0.10397297E+00 -0.35298136E-02
  0.57285294E-01  0.10541490E+00 -0.29782109E-02
  0.57544665E-01  0.10678087E+00 -0.24748865E-02
  0.57862770E-01  0.10806496E+00 -0.20223314E-02
  0.58234366E-01  0.10925992E+00 -0.16219098E-02
  0.58654137E-01  0.11035758E+00 -0.12733610E-02
  0.59116795E-01  0.11134925E+00 -0.97445090E-03
  0.59617170E-01  0.11222631E+00 -0.72080687E-03
  0.60150281E-01  0.11298072E+00 -0.50594967E-03
  0.60711409E-01  0.11360556E+00 -0.32151776E-03
  0.61296154E-01  0.11409547E+00 -0.15766140E-03
  0.61900492E-01  0.11444695E+00 -0.35674262E-05
  0.57769370E-01 -0.49328391E-01 -0.12225179E-04
  0.57775435E-01 -0.49416929E-01 -0.68277975E-03
  0.57853068E-01 -0.49378048E-01 -0.13962217E-02
  0.58000668E-01 -0.49229565E-01 -0.21649909E-02
  0.58215802E-01 -0.48991360E-01 -0.29982415E-02
  0.58495285E-01 -0.48683899E-01 -0.39015935E-02
  0.58835291E-01 -0.48326727E-01 -0.48771370E-02
  0.59231477E-01 -0.47937051E-01 -0.59236800E-02
  0.59679133E-01 -0.47528506E-01 -0.70372181E-02
  0.60173328E-01 -0.47110223E-01 -0.82115829E-02
  0.60709066E-01 -0.46686241E-01 -0.94392142E-02
  0.61281438E-01 -0.46255328E-01 -0.10711989E-01
  0.61885761E-01 -0.45811210E-01 -0.12022040E-01
  0.62517702E-01 -0.45343192E-01 -0.13362496E-01
  0.63173389E-01 -0.44837111E-01 -0.14728074E-01
  0.63849483E-01 -0.44276551E-01 -0.16115492E-01
  0.64543235E-01 -0.43644218E-01 -0.17523648E-01
  0.65252509E-01 -0.42923359E-01 -0.18953565E-01
  0.65975773E-01 -0.42099116E-01 -0.20408100E-01
  0.66712057E-01 -0.41159703E-01 -0.21891446E-01
  0.67460886E-01 -0.40097317E-01 -0.23408464E-01
  0.68222187E-01 -0.38908712E-01 -0.24963904E-01
  0.68996164E-01 -0.37595385E-01 -0.26561586E-01
  0.69783169E-01 -0.36163380E-01 -0.28203599E-01
  0.70583542E-01 -0.34622706E-01 -0.29889593E-01
  0.71397460E-01 -0.32986455E-01 -0.31616230E-01
  0.72224777E-01 -0.31269656E-01 -0.33376827E-01
  0.73064874E-01 -0.29488005E-01 -0.35161248E-01
  0.73916517E-01 -0.27656539E-01 -0.36956026E-01
  0.74777742E-01 -0.25788396E-01 -0.38744746E-01
  0.75645760E-01 -0.23893749E-01 -0.40508630E-01
  0.76516893E-01 -0.21979003E-01 -0.42227309E-01
  0.77386546E-01 -0.20046326E-01 -0.43879706E-01
  0.78249215E-01 -0.18093554E-01 -0.45444977E-01
  0.79098529E-01 -0.16114471E-01 -0.46903447E-01
  0.79927339E-01 -0.14099446E-01 -0.48237452E-01
  0.80727830E-01 -0.12036373E-01 -0.49432059E-01
  0.81491675E-01 -0.99118381E-02 -0.50475593E-01
  0.82210212E-01 -0.77124156E-02 -0.51359948E-01
  0.82874640E-01 -0.54259913E-02 -0.52080674E-01
  0.83476240E-01 -0.30430006E-02 -0.52636831E-01
  0.84006585E-01 -0.55748554E-03 -0.53030636E-01
  0.84457769E-01  0.20321188E-02 -0.53266948E-01
  0.84822610E-01  0.47225300E-02 -0.53352623E-01
  0.85094849E-01  0.75055341E-02 -0.53295810E-01
  0.85269317E-01  0.10368279E-01 -0.53105232E-01
  0.85342077E-01  0.13293925E-01 -0.52789524E-01
  0.85310528E-01  0.16262594E-01 -0.52356668E-01
  0.85173475E-01  0.19252558E-01 -0.51813568E-01
  0.84931154E-01  0.22241563E-01 -0.51165792E-01
  0.84585218E-01  0.25208185E-01 -0.50417500E-01
  0.84138688E-01  0.28133130E-01 -0.49571542E-01
  0.83595858E-01  0.31000363E-01 -0.48629723E-01
  0.82962182E-01  0.33797993E-01 -0.47593198E-01
  0.82244127E-01  0.36518843E-01 -0.46462952E-01
  0.81449010E-01  0.39160684E-01 -0.45240324E-01
  0.80584827E-01  0.41726092E-01 -0.43927531E-01
  0.79660077E-01  0.44221978E-01 -0.42528130E-01
  0.78683597E-01  0.46658815E-01 -0.41047382E-01
  0.77664405E-01  0.49049631E-01 -0.39492492E-01
  0.76611561E-01  0.51408853E-01 -0.37872688E-01
  0.75534054E-01  0.53751095E-01 -0.36199138E-01
  0.74440711E-01  0.56089978E-01 -0.34484709E-01
  0.73340128E-01  0.58437072E-01 -0.32743579E-01
  0.72240628E-01  0.60801045E-01 -0.30990737E-01
  0.71150234E-01  0.63187063E-01 -0.29241403E-01
  0.70076655E-01  0.65596486E-01 -0.27510420E-01
  0.69027286E-01  0.68026867E-01 -0.25811647E-01
  0.68009204E-01  0.70472245E-01 -0.24157417E-01
  0.67029163E-01  0.72923687E-01 -0.22558089E-01
  0.66093581E-01  0.75370035E-01 -0.21021726E-01
  0.65208515E-01  0.77798772E-01 -0.19553926E-01
  0.64379622E-01  0.80196951E-01 -0.18157802E-01
  0.63612113E-01  0.82552083E-01 -0.16834129E-01
  0.62910687E-01  0.84852926E-01 -0.15581623E-01
  0.62279465E-01  0.87090115E-01 -0.14397333E-01
  0.61721918E-01  0.89256571E-01 -0.13277111E-01
  0.61240800E-01  0.91347677E-01 -0.12216126E-01
  0.60838090E-01  0.93361217E-01 -0.11209358E-01
  0.60514945E-01  0.95297076E-01 -0.10252066E-01
  0.60271676E-01  0.97156767E-01 -0.93401528E-02
  0.60107742E-01  0.98942812E-01 -0.84704375E-02
  0.60021768E-01  0.10065805E+00 -0.76407876E-02
  0.60011586E-01  0.10230492E+00 -0.68501222E-02
  0.60074299E-01  0.10388487E+00 -0.60982862E-02
  0.60206357E-01  0.10539778E+00 -0.53858119E-02
  0.60403658E-01  0.10684166E+00 -0.47135976E-02
  0.60661648E-01  0.10821244E+00 -0.40825360E-02
  0.60975428E-01  0.10950410E+00 -0.34931305E-02
  0.61339873E-01  0.11070887E+00 -0.29451385E-02
  0.61749733E-01  0.11181770E+00 -0.24372771E-02
  0.62199739E-01  0.11282083E+00 -0.19670197E-02
  0.62684700E-01  0.11370843E+00 -0.15305035E-02
  0.63199594E-01  0.11447133E+00 -0.11225574E-02
  0.63739652E-01  0.11510158E+00 -0.73684638E-03
  0.64300431E-01  0.11559305E+00 -0.36611937E-03
  0.64877882E-01  0.11594184E+00 -0.25359692E-05
  0.57065472E-01 -0.48285138E-01 -0.36510135E-05
  0.57104755E-01 -0.48351972E-01 -0.82955580E-03
  0.57215983E-01 -0.48272136E-01 -0.16713251E-02
  0.57397094E-01 -0.48065709E-01 -0.25359605E-02
  0.57645037E-01 -0.47755443E-01 -0.34294762E-02
  0.57955872E-01 -0.47365099E-01 -0.43568075E-02
  0.58324918E-01 -0.46917735E-01 -0.53217879E-02
  0.58746914E-01 -0.46434084E-01 -0.63271906E-02
  0.59216204E-01 -0.45931130E-01 -0.73748279E-02
  0.59726937E-01 -0.45421004E-01 -0.84656958E-02
  0.60273257E-01 -0.44910272E-01 -0.96001485E-02
  0.60849502E-01 -0.44399656E-01 -0.10778085E-01
  0.61450375E-01 -0.43884229E-01 -0.11999128E-01
  0.62071107E-01 -0.43354032E-01 -0.13262783E-01
  0.62707578E-01 -0.42795074E-01 -0.14568552E-01
  0.63356422E-01 -0.42190632E-01 -0.15915999E-01
  0.64015084E-01 -0.41522732E-01 -0.17304757E-01
  0.64681841E-01 -0.40773692E-01 -0.18734473E-01
  0.65355787E-01 -0.39927607E-01 -0.20204698E-01
  0.66036775E-01 -0.38971657E-01 -0.21714720E-01
  0.66725331E-01 -0.37897120E-01 -0.23263372E-01
  0.67422524E-01 -0.36700030E-01 -0.24848814E-01
  0.68129817E-01 -0.35381424E-01 -0.26468314E-01
  0.68848894E-01 -0.33947159E-01 -0.28118053E-01
  0.69581474E-01 -0.32407330E-01 -0.29792963E-01
  0.70329113E-01 -0.30775336E-01 -0.31486622E-01
  0.71093012E-01 -0.29066684E-01 -0.33191216E-01
  0.71873830E-01 -0.27297627E-01 -0.34897569E-01
  0.72671520E-01 -0.25483758E-01 -0.36595260E-01
  0.73485179E-01 -0.23638685E-01 -0.38272798E-01
  0.74312936E-01 -0.21772884E-01 -0.39917872E-01
  0.75151876E-01 -0.19892842E-01 -0.41517644E-01
  0.75997999E-01 -0.18000552E-01 -0.43059077E-01
  0.76846227E-01 -0.16093403E-01 -0.44529273E-01
  0.77690453E-01 -0.14164477E-01 -0.45915812E-01
  0.78523631E-01 -0.12203222E-01 -0.47207053E-01
  0.79337909E-01 -0.10196454E-01 -0.48392409E-01
  0.80124799E-01 -0.81295921E-02 -0.49462553E-01
  0.80875373E-01 -0.59880363E-02 -0.50409579E-01
  0.81580482E-01 -0.37585668E-02 -0.51227080E-01
  0.82230998E-01 -0.14306558E-02 -0.51910177E-01
  0.82818048E-01  0.10024178E-02 -0.52455484E-01
  0.83333258E-01  0.35427414E-02 -0.52861024E-01
  0.83768978E-01  0.61872946E-02 -0.53126113E-01
  0.84118482E-01  0.89278674E-02 -0.53251218E-01
  0.84376155E-01  0.11751377E-01 -0.53237811E-01
  0.84537629E-01  0.14640555E-01 -0.53088218E-01
  0.84599888E-01  0.17574962E-01 -0.52805491E-01
  0.84561334E-01  0.20532227E-01 -0.52393297E-01
  0.84421807E-01  0.23489447E-01 -0.51855838E-01
  0.84182559E-01  0.26424605E-01 -0.51197794E-01
  0.83846198E-01  0.29317926E-01 -0.50424302E-01
  0.83416588E-01  0.32153053E-01 -0.49540945E-01
  0.82898726E-01  0.34917958E-01 -0.48553777E-01
  0.82298595E-01  0.37605536E-01 -0.47469335E-01
  0.81622999E-01  0.40213817E-01 -0.46294669E-01
  0.80879398E-01  0.42745820E-01 -0.45037353E-01
  0.80075738E-01  0.45209042E-01 -0.43705488E-01
  0.79220289E-01  0.47614636E-01 -0.42307674E-01
  0.78321502E-01  0.49976360E-01 -0.40852964E-01
  0.77387880E-01  0.52309360E-01 -0.39350785E-01
  0.76427873E-01  0.54628909E-01 -0.37810833E-01
  0.75449793E-01  0.56949171E-01 -0.36242937E-01
  0.74461756E-01  0.59282116E-01 -0.34656909E-01
  0.73471639E-01  0.61636629E-01 -0.33062379E-01
  0.72487056E-01  0.64017902E-01 -0.31468620E-01
  0.71515348E-01  0.66427125E-01 -0.29884381E-01
  0.70563574E-01  0.68861500E-01 -0.28317727E-01
  0.69638510E-01  0.71314554E-01 -0.26775910E-01
  0.68746637E-01  0.73776722E-01 -0.25265257E-01
  0.67894130E-01  0.76236125E-01 -0.23791098E-01
  0.67086830E-01  0.78679496E-01 -0.22357738E-01
  0.66330209E-01  0.81093138E-01 -0.20968456E-01
  0.65629323E-01  0.83463869E-01 -0.19625554E-01
  0.64988751E-01  0.85779840E-01 -0.18330438E-01
  0.64412539E-01  0.88031195E-01 -0.17083720E-01
  0.63904130E-01  0.90210497E-01 -0.15885350E-01
  0.63466303E-01  0.92312914E-01 -0.14734755E-01
  0.63101115E-01  0.94336150E-01 -0.13630975E-01
  0.62809863E-01  0.96280131E-01 -0.12572799E-01
  0.62593048E-01  0.98146510E-01 -0.11558873E-01
  0.62450371E-01  0.99938016E-01 -0.10587786E-01
  0.62380737E-01  0.10165773E+00 -0.96581327E-02
  0.62382288E-01  0.10330834E+00 -0.87685276E-02
  0.62452447E-01  0.10489151E+00 -0.79176024E-02
  0.62587988E-01  0.10640729E+00 -0.71039660E-02
  0.62785111E-01  0.10785378E+00 -0.63261441E-02
  0.63039536E-01  0.10922694E+00 -0.55825045E-02
  0.63346601E-01  0.11052070E+00 -0.48711780E-02
  0.63701369E-01  0.11172717E+00 -0.41899834E-02
  0.64098731E-01  0.11283713E+00 -0.35363681E-02
  0.64533516E-01  0.11384061E+00 -0.29073697E-02
  0.65000592E-01  0.11472761E+00 -0.22996069E-02
  0.65494970E-01  0.11548873E+00 -0.17092998E-02
  0.66011899E-01  0.11611590E+00 -0.11323213E-02
  0.66546954E-01  0.11660290E+00 -0.56427415E-03
  0.67096121E-01  0.11694577E+00 -0.58949190E-06
  0.55452736E-01 -0.46441420E-01  0.56625550E-05
  0.55510373E-01 -0.46520983E-01 -0.99475670E-03
  0.55637408E-01 -0.46450062E-01 -0.19834072E-02
  0.55831714E-01 -0.46247582E-01 -0.29612415E-02
  0.56090172E-01 -0.45935304E-01 -0.39305883E-02
  0.56408788E-01 -0.45536248E-01 -0.48952385E-02
  0.56782831E-01 -0.45073055E-01 -0.58604111E-02
  0.57207014E-01 -0.44566424E-01 -0.68325990E-02
  0.57675679E-01 -0.44033733E-01 -0.78193029E-02
  0.58183004E-01 -0.43487940E-01 -0.88286713E-02
  0.58723201E-01 -0.42936857E-01 -0.98690715E-02
  0.59290716E-01 -0.42382825E-01 -0.10948622E-01
  0.59880405E-01 -0.41822831E-01 -0.12074722E-01
  0.60487691E-01 -0.41249022E-01 -0.13253602E-01
  0.61108696E-01 -0.40649590E-01 -0.14489946E-01
  0.61740329E-01 -0.40009937E-01 -0.15786591E-01
  0.62380343E-01 -0.39314027E-01 -0.17144337E-01
  0.63027350E-01 -0.38545802E-01 -0.18561874E-01
  0.63680799E-01 -0.37690563E-01 -0.20035829E-01
  0.64340909E-01 -0.36736191E-01 -0.21560930E-01
  0.65008573E-01 -0.35674115E-01 -0.23130261E-01
  0.65685229E-01 -0.34499952E-01 -0.24735604E-01
  0.66372697E-01 -0.33213783E-01 -0.26367814E-01
  0.67073008E-01 -0.31820027E-01 -0.28017228E-01
  0.67788208E-01 -0.30326960E-01 -0.29674049E-01
  0.68520168E-01 -0.28745904E-01 -0.31328691E-01
  0.69270383E-01 -0.27090168E-01 -0.32972061E-01
  0.70039791E-01 -0.25373847E-01 -0.34595750E-01
  0.70828608E-01 -0.23610559E-01 -0.36192137E-01
  0.71636179E-01 -0.21812262E-01 -0.37754388E-01
  0.72460874E-01 -0.19988217E-01 -0.39276372E-01
  0.73300004E-01 -0.18144217E-01 -0.40752497E-01
  0.74149793E-01 -0.16282128E-01 -0.42177493E-01
  0.75005378E-01 -0.14399778E-01 -0.43546162E-01
  0.75860862E-01 -0.12491217E-01 -0.44853134E-01
  0.76709408E-01 -0.10547315E-01 -0.46092642E-01
  0.77543365E-01 -0.85566442E-02 -0.47258351E-01
  0.78354444E-01 -0.65065772E-02 -0.48343267E-01
  0.79133909E-01 -0.43845087E-02 -0.49339728E-01
  0.79872797E-01 -0.21790954E-02 -0.50239495E-01
  0.80562152E-01  0.11858596E-03 -0.51033937E-01
  0.81193263E-01  0.25140576E-02 -0.51714312E-01
  0.81757893E-01  0.50087175E-02 -0.52272100E-01
  0.82248506E-01  0.75994325E-02 -0.52699403E-01
  0.82658458E-01  0.10278480E-01 -0.52989351E-01
  0.82982167E-01  0.13033844E-01 -0.53136496E-01
  0.83215254E-01  0.15849838E-01 -0.53137176E-01
  0.83354630E-01  0.18708015E-01 -0.52989791E-01
  0.83398556E-01  0.21588273E-01 -0.52695000E-01
  0.83346657E-01  0.24470099E-01 -0.52255800E-01
  0.83199894E-01  0.27333820E-01 -0.51677490E-01
  0.82960501E-01  0.30161805E-01 -0.50967516E-01
  0.82631894E-01  0.32939485E-01 -0.50135203E-01
  0.82218550E-01  0.35656157E-01 -0.49191403E-01
  0.81725872E-01  0.38305484E-01 -0.48148065E-01
  0.81160035E-01  0.40885675E-01 -0.47017778E-01
  0.80527839E-01  0.43399341E-01 -0.45813292E-01
  0.79836553E-01  0.45853024E-01 -0.44547071E-01
  0.79093775E-01  0.48256470E-01 -0.43230902E-01
  0.78307305E-01  0.50621690E-01 -0.41875565E-01
  0.77485029E-01  0.52961884E-01 -0.40490611E-01
  0.76634826E-01  0.55290329E-01 -0.39084233E-01
  0.75764494E-01  0.57619294E-01 -0.37663250E-01
  0.74881692E-01  0.59959085E-01 -0.36233177E-01
  0.73993899E-01  0.62317271E-01 -0.34798388E-01
  0.73108385E-01  0.64698151E-01 -0.33362336E-01
  0.72232190E-01  0.67102488E-01 -0.31927815E-01
  0.71372111E-01  0.69527532E-01 -0.30497229E-01
  0.70534683E-01  0.71967292E-01 -0.29072858E-01
  0.69726166E-01  0.74413052E-01 -0.27657072E-01
  0.68952523E-01  0.76854057E-01 -0.26252505E-01
  0.68219385E-01  0.79278319E-01 -0.24862153E-01
  0.67532021E-01  0.81673462E-01 -0.23489397E-01
  0.66895289E-01  0.84027539E-01 -0.22137954E-01
  0.66313585E-01  0.86329753E-01 -0.20811762E-01
  0.65790795E-01  0.88571021E-01 -0.19514818E-01
  0.65330233E-01  0.90744352E-01 -0.18250967E-01
  0.64934596E-01  0.92845002E-01 -0.17023691E-01
  0.64605915E-01  0.94870406E-01 -0.15835900E-01
  0.64345515E-01  0.96819908E-01 -0.14689743E-01
  0.64153998E-01  0.98694325E-01 -0.13586475E-01
  0.64031222E-01  0.10049537E+00 -0.12526368E-01
  0.63976311E-01  0.10222504E+00 -0.11508693E-01
  0.63987675E-01  0.10388496E+00 -0.10531764E-01
  0.64063039E-01  0.10547582E+00 -0.95930433E-02
  0.64199498E-01  0.10699690E+00 -0.86892953E-02
  0.64393583E-01  0.10844577E+00 -0.78167782E-02
  0.64641330E-01  0.10981814E+00 -0.69714553E-02
  0.64938374E-01  0.11110796E+00 -0.61492064E-02
  0.65280043E-01  0.11230764E+00 -0.53460240E-02
  0.65661457E-01  0.11340846E+00 -0.45581772E-02
  0.66077635E-01  0.11440114E+00 -0.37823306E-02
  0.66523606E-01  0.11527640E+00 -0.30156116E-02
  0.66994513E-01  0.11602561E+00 -0.22556214E-02
  0.67485717E-01  0.11664136E+00 -0.15003934E-02
  0.67992901E-01  0.11711796E+00 -0.74830477E-03
  0.68512156E-01  0.11745176E+00  0.20467159E-05
  0.52840707E-01 -0.43682356E-01  0.14124500E-04
  0.52902855E-01 -0.43802595E-01 -0.11522321E-02
  0.53029134E-01 -0.43785715E-01 -0.22829956E-02
  0.53217736E-01 -0.43646396E-01 -0.33733935E-02
  0.53466030E-01 -0.43401807E-01 -0.44220773E-02
  0.53770653E-01 -0.43070365E-01 -0.54313781E-02
  0.54127639E-01 -0.42670437E-01 -0.64072802E-02
  0.54532567E-01 -0.42219087E-01 -0.73591137E-02
  0.54980725E-01 -0.41730957E-01 -0.82989870E-02
  0.55467276E-01 -0.41217363E-01 -0.92410038E-02
  0.55987432E-01 -0.40685673E-01 -0.10200323E-01
  0.56536616E-01 -0.40138993E-01 -0.11192131E-01
  0.57110603E-01 -0.39576200E-01 -0.12230610E-01
  0.57705653E-01 -0.38992284E-01 -0.13327972E-01
  0.58318605E-01 -0.38378986E-01 -0.14493635E-01
  0.58946944E-01 -0.37725656E-01 -0.15733603E-01
  0.59588842E-01 -0.37020269E-01 -0.17050090E-01
  0.60243156E-01 -0.36250509E-01 -0.18441411E-01
  0.60909396E-01 -0.35404824E-01 -0.19902151E-01
  0.61587670E-01 -0.34473388E-01 -0.21423575E-01
  0.62278585E-01 -0.33448862E-01 -0.22994267E-01
  0.62983136E-01 -0.32326934E-01 -0.24600913E-01
  0.63702569E-01 -0.31106568E-01 -0.26229189E-01
  0.64438234E-01 -0.29789967E-01 -0.27864657E-01
  0.65191425E-01 -0.28382258E-01 -0.29493616E-01
  0.65963217E-01 -0.26890935E-01 -0.31103833E-01
  0.66754312E-01 -0.25325102E-01 -0.32685090E-01
  0.67564889E-01 -0.23694608E-01 -0.34229529E-01
  0.68394469E-01 -0.22009135E-01 -0.35731744E-01
  0.69241807E-01 -0.20277327E-01 -0.37188658E-01
  0.70104800E-01 -0.18506035E-01 -0.38599155E-01
  0.70980438E-01 -0.16699743E-01 -0.39963560E-01
  0.71864774E-01 -0.14860221E-01 -0.41282965E-01
  0.72752939E-01 -0.12986447E-01 -0.42558508E-01
  0.73639191E-01 -0.11074776E-01 -0.43790644E-01
  0.74516998E-01 -0.91193743E-02 -0.44978483E-01
  0.75379156E-01 -0.71128457E-02 -0.46119267E-01
  0.76217939E-01 -0.50470263E-02 -0.47208013E-01
  0.77025269E-01 -0.29138574E-02 -0.48237380E-01
  0.77792908E-01 -0.70627251E-03 -0.49197754E-01
  0.78512664E-01  0.15809783E-02 -0.50077573E-01
  0.79176599E-01  0.39506370E-02 -0.50863844E-01
  0.79777228E-01  0.64024356E-02 -0.51542834E-01
  0.80307712E-01  0.89328252E-02 -0.52100873E-01
  0.80762032E-01  0.11534959E-01 -0.52525208E-01
  0.81135130E-01  0.14198931E-01 -0.52804843E-01
  0.81423025E-01  0.16912250E-01 -0.52931299E-01
  0.81622895E-01  0.19660510E-01 -0.52899235E-01
  0.81733119E-01  0.22428214E-01 -0.52706878E-01
  0.81753288E-01  0.25199667E-01 -0.52356238E-01
  0.81684177E-01  0.27959893E-01 -0.51853080E-01
  0.81527693E-01  0.30695488E-01 -0.51206659E-01
  0.81286792E-01  0.33395351E-01 -0.50429247E-01
  0.80965379E-01  0.36051250E-01 -0.49535473E-01
  0.80568192E-01  0.38658162E-01 -0.48541539E-01
  0.80100679E-01  0.41214387E-01 -0.47464365E-01
  0.79568874E-01  0.43721423E-01 -0.46320727E-01
  0.78979272E-01  0.46183616E-01 -0.45126449E-01
  0.78338715E-01  0.48607622E-01 -0.43895712E-01
  0.77654286E-01  0.51001716E-01 -0.42640514E-01
  0.76933217E-01  0.53375022E-01 -0.41370329E-01
  0.76182805E-01  0.55736705E-01 -0.40091970E-01
  0.75410349E-01  0.58095196E-01 -0.38809659E-01
  0.74623091E-01  0.60457507E-01 -0.37525291E-01
  0.73828170E-01  0.62828677E-01 -0.36238859E-01
  0.73032580E-01  0.65211396E-01 -0.34948989E-01
  0.72243141E-01  0.67605817E-01 -0.33653550E-01
  0.71466462E-01  0.70009563E-01 -0.32350271E-01
  0.70708912E-01  0.72417931E-01 -0.31037314E-01
  0.69976588E-01  0.74824244E-01 -0.29713761E-01
  0.69275277E-01  0.77220338E-01 -0.28379975E-01
  0.68610423E-01  0.79597129E-01 -0.27037804E-01
  0.67987085E-01  0.81945198E-01 -0.25690616E-01
  0.67409894E-01  0.84255366E-01 -0.24343178E-01
  0.66883014E-01  0.86519192E-01 -0.23001388E-01
  0.66410097E-01  0.88729368E-01 -0.21671878E-01
  0.65994246E-01  0.90879976E-01 -0.20361558E-01
  0.65637974E-01  0.92966588E-01 -0.19077108E-01
  0.65343180E-01  0.94986221E-01 -0.17824492E-01
  0.65111118E-01  0.96937141E-01 -0.16608524E-01
  0.64942385E-01  0.98818554E-01 -0.15432525E-01
  0.64836914E-01  0.10063021E+00 -0.14298108E-01
  0.64793970E-01  0.10237197E+00 -0.13205095E-01
  0.64812173E-01  0.10404338E+00 -0.12151583E-01
  0.64889518E-01  0.10564323E+00 -0.11134138E-01
  0.65023411E-01  0.10716934E+00 -0.10148105E-01
  0.65210722E-01  0.10861826E+00 -0.91880044E-02
  0.65447844E-01  0.10998527E+00 -0.82479700E-02
  0.65730764E-01  0.11126444E+00 -0.73221939E-02
  0.66055153E-01  0.11244883E+00 -0.64053383E-02
  0.66416454E-01  0.11353081E+00 -0.54928760E-02
  0.66809986E-01  0.11450244E+00 -0.45813332E-02
  0.67231050E-01  0.11535598E+00 -0.36684139E-02
  0.67675038E-01  0.11608428E+00 -0.27530009E-02
  0.68137542E-01  0.11668124E+00 -0.18350349E-02
  0.68614451E-01  0.11714219E+00 -0.91529076E-03
  0.69102053E-01  0.11746408E+00  0.49272574E-05
  0.49301291E-01 -0.40079678E-01  0.20281530E-04
  0.49357073E-01 -0.40258139E-01 -0.12757572E-02
  0.49469584E-01 -0.40328879E-01 -0.25197994E-02
  0.49637660E-01 -0.40300032E-01 -0.37025962E-02
  0.49859610E-01 -0.40181398E-01 -0.48197375E-02
  0.50133285E-01 -0.39983719E-01 -0.58720418E-02
  0.50456164E-01 -0.39717918E-01 -0.68655524E-02
  0.50825445E-01 -0.39394360E-01 -0.78111395E-02
  0.51238155E-01 -0.39022166E-01 -0.87237412E-02
  0.51691251E-01 -0.38608660E-01 -0.96213022E-02
  0.52181728E-01 -0.38158958E-01 -0.10523491E-01
  0.52706715E-01 -0.37675734E-01 -0.11450295E-01
  0.53263555E-01 -0.37159185E-01 -0.12420605E-01
  0.53849872E-01 -0.36607171E-01 -0.13450890E-01
  0.54463619E-01 -0.36015526E-01 -0.14554064E-01
  0.55103106E-01 -0.35378510E-01 -0.15738635E-01
  0.55766997E-01 -0.34689350E-01 -0.17008185E-01
  0.56454303E-01 -0.33940836E-01 -0.18361222E-01
  0.57164337E-01 -0.33125918E-01 -0.19791406E-01
  0.57896664E-01 -0.32238256E-01 -0.21288121E-01
  0.58651032E-01 -0.31272678E-01 -0.22837336E-01
  0.59427289E-01 -0.30225517E-01 -0.24422689E-01
  0.60225295E-01 -0.29094809E-01 -0.26026693E-01
  0.61044827E-01 -0.27880327E-01 -0.27631961E-01
  0.61885484E-01 -0.26583475E-01 -0.29222367E-01
  0.62746589E-01 -0.25207043E-01 -0.30784019E-01
  0.63627105E-01 -0.23754858E-01 -0.32306010E-01
  0.64525550E-01 -0.22231368E-01 -0.33780849E-01
  0.65439924E-01 -0.20641196E-01 -0.35204578E-01
  0.66367658E-01 -0.18988706E-01 -0.36576551E-01
  0.67305568E-01 -0.17277628E-01 -0.37898918E-01
  0.68249835E-01 -0.15510764E-01 -0.39175857E-01
  0.69196004E-01 -0.13689814E-01 -0.40412628E-01
  0.70139007E-01 -0.11815320E-01 -0.41614538E-01
  0.71073204E-01 -0.98867538E-02 -0.42785905E-01
  0.71992454E-01 -0.79027124E-02 -0.43929120E-01
  0.72890207E-01 -0.58612226E-02 -0.45043886E-01
  0.73759614E-01 -0.37601163E-02 -0.46126698E-01
  0.74593655E-01 -0.15974444E-02 -0.47170616E-01
  0.75385284E-01  0.62810985E-03 -0.48165354E-01
  0.76127583E-01  0.29168527E-02 -0.49097675E-01
  0.76813912E-01  0.52677739E-02 -0.49952068E-01
  0.77438063E-01  0.76783381E-02 -0.50711649E-01
  0.77994402E-01  0.10144393E-01 -0.51359220E-01
  0.78477999E-01  0.12660202E-01 -0.51878402E-01
  0.78884735E-01  0.15218606E-01 -0.52254748E-01
  0.79211387E-01  0.17811286E-01 -0.52476756E-01
  0.79455686E-01  0.20429132E-01 -0.52536693E-01
  0.79616354E-01  0.23062658E-01 -0.52431181E-01
  0.79693106E-01  0.25702463E-01 -0.52161486E-01
  0.79686629E-01  0.28339679E-01 -0.51733498E-01
  0.79598547E-01  0.30966379E-01 -0.51157403E-01
  0.79431357E-01  0.33575928E-01 -0.50447073E-01
  0.79188360E-01  0.36163234E-01 -0.49619227E-01
  0.78873575E-01  0.38724888E-01 -0.48692425E-01
  0.78491654E-01  0.41259201E-01 -0.47685977E-01
  0.78047796E-01  0.43766108E-01 -0.46618839E-01
  0.77547657E-01  0.46246983E-01 -0.45508598E-01
  0.76997269E-01  0.48704350E-01 -0.44370595E-01
  0.76402963E-01  0.51141541E-01 -0.43217261E-01
  0.75771299E-01  0.53562310E-01 -0.42057714E-01
  0.75108999E-01  0.55970434E-01 -0.40897612E-01
  0.74422885E-01  0.58369342E-01 -0.39739290E-01
  0.73719823E-01  0.60761779E-01 -0.38582140E-01
  0.73006667E-01  0.63149543E-01 -0.37423197E-01
  0.72290202E-01  0.65533302E-01 -0.36257877E-01
  0.71577095E-01  0.67912502E-01 -0.35080794E-01
  0.70873839E-01  0.70285359E-01 -0.33886588E-01
  0.70186699E-01  0.72648951E-01 -0.32670696E-01
  0.69521660E-01  0.74999368E-01 -0.31429996E-01
  0.68884379E-01  0.77331926E-01 -0.30163284E-01
  0.68280131E-01  0.79641415E-01 -0.28871542E-01
  0.67713773E-01  0.81922355E-01 -0.27557984E-01
  0.67189695E-01  0.84169245E-01 -0.26227885E-01
  0.66711793E-01  0.86376780E-01 -0.24888216E-01
  0.66283438E-01  0.88540013E-01 -0.23547122E-01
  0.65907449E-01  0.90654467E-01 -0.22213291E-01
  0.65586083E-01  0.92716170E-01 -0.20895288E-01
  0.65321016E-01  0.94721629E-01 -0.19600889E-01
  0.65113340E-01  0.96667741E-01 -0.18336499E-01
  0.64963557E-01  0.98551658E-01 -0.17106692E-01
  0.64871584E-01  0.10037062E+00 -0.15913910E-01
  0.64836756E-01  0.10212176E+00 -0.14758347E-01
  0.64857843E-01  0.10380195E+00 -0.13638028E-01
  0.64933064E-01  0.10540763E+00 -0.12549062E-01
  0.65060115E-01  0.10693473E+00 -0.11486048E-01
  0.65236211E-01  0.10837857E+00 -0.10442596E-01
  0.65458125E-01  0.10973395E+00 -0.94119031E-02
  0.65722251E-01  0.11099515E+00 -0.83873421E-02
  0.66024678E-01  0.11215612E+00 -0.73630038E-02
  0.66361265E-01  0.11321069E+00 -0.63341426E-02
  0.66727742E-01  0.11415275E+00 -0.52974919E-02
  0.67119802E-01  0.11497651E+00 -0.42514198E-02
  0.67533208E-01  0.11567679E+00 -0.31959182E-02
  0.67963898E-01  0.11624920E+00 -0.21324302E-02
  0.68408083E-01  0.11669033E+00 -0.10635360E-02
  0.68862334E-01  0.11699792E+00  0.74654245E-05
  0.45065470E-01 -0.35889204E-01  0.23068224E-04
  0.45108343E-01 -0.36131206E-01 -0.13435728E-02
  0.45199297E-01 -0.36306893E-01 -0.26515014E-02
  0.45338009E-01 -0.36416693E-01 -0.38889980E-02
  0.45524025E-01 -0.36461499E-01 -0.50497609E-02
  0.45756788E-01 -0.36442569E-01 -0.61333691E-02
  0.46035658E-01 -0.36361413E-01 -0.71453056E-02
  0.46359941E-01 -0.36219669E-01 -0.80965428E-02
  0.46728916E-01 -0.36018980E-01 -0.90027225E-02
  0.47141856E-01 -0.35760866E-01 -0.98829967E-02
  0.47598044E-01 -0.35446617E-01 -0.10758619E-01
  0.48096779E-01 -0.35077201E-01 -0.11651397E-01
  0.48637379E-01 -0.34653189E-01 -0.12582123E-01
  0.49219169E-01 -0.34174705E-01 -0.13569104E-01
  0.49841460E-01 -0.33641408E-01 -0.14626901E-01
  0.50503522E-01 -0.33052490E-01 -0.15765373E-01
  0.51204547E-01 -0.32406703E-01 -0.16989085E-01
  0.51943614E-01 -0.31702407E-01 -0.18297125E-01
  0.52719645E-01 -0.30937632E-01 -0.19683335E-01
  0.53531362E-01 -0.30110156E-01 -0.21136917E-01
  0.54377253E-01 -0.29217592E-01 -0.22643373E-01
  0.55255534E-01 -0.28257483E-01 -0.24185676E-01
  0.56164124E-01 -0.27227389E-01 -0.25745586E-01
  0.57100622E-01 -0.26124983E-01 -0.27304994E-01
  0.58062294E-01 -0.24948137E-01 -0.28847180E-01
  0.59046066E-01 -0.23695002E-01 -0.30357897E-01
  0.60048523E-01 -0.22364080E-01 -0.31826174E-01
  0.61065914E-01 -0.20954293E-01 -0.33244806E-01
  0.62094162E-01 -0.19465031E-01 -0.34610473E-01
  0.63128881E-01 -0.17896203E-01 -0.35923508E-01
  0.64165389E-01 -0.16248270E-01 -0.37187325E-01
  0.65198735E-01 -0.14522267E-01 -0.38407583E-01
  0.66223727E-01 -0.12719815E-01 -0.39591146E-01
  0.67234962E-01 -0.10843119E-01 -0.40744952E-01
  0.68226870E-01 -0.88949521E-02 -0.41874873E-01
  0.69193758E-01 -0.68786212E-02 -0.42984683E-01
  0.70129868E-01 -0.47979196E-02 -0.44075219E-01
  0.71029440E-01 -0.26570633E-02 -0.45143797E-01
  0.71886787E-01 -0.46061245E-03 -0.46183960E-01
  0.72696373E-01  0.17866197E-02 -0.47185548E-01
  0.73452895E-01  0.40796664E-02 -0.48135116E-01
  0.74151373E-01  0.64135117E-02 -0.49016649E-01
  0.74787235E-01  0.87831946E-02 -0.49812520E-01
  0.75356398E-01  0.11183907E-01 -0.50504626E-01
  0.75855340E-01  0.13611079E-01 -0.51075589E-01
  0.76281166E-01  0.16060452E-01 -0.51509956E-01
  0.76631656E-01  0.18528122E-01 -0.51795272E-01
  0.76905300E-01  0.21010572E-01 -0.51922971E-01
  0.77101319E-01  0.23504671E-01 -0.51888999E-01
  0.77219667E-01  0.26007651E-01 -0.51694126E-01
  0.77261025E-01  0.28517073E-01 -0.51343929E-01
  0.77226774E-01  0.31030762E-01 -0.50848449E-01
  0.77118973E-01  0.33546750E-01 -0.50221549E-01
  0.76940312E-01  0.36063203E-01 -0.49480028E-01
  0.76694077E-01  0.38578356E-01 -0.48642563E-01
  0.76384102E-01  0.41090458E-01 -0.47728556E-01
  0.76014725E-01  0.43597734E-01 -0.46756983E-01
  0.75590743E-01  0.46098358E-01 -0.45745320E-01
  0.75117364E-01  0.48590451E-01 -0.44708632E-01
  0.74600164E-01  0.51072091E-01 -0.43658886E-01
  0.74045038E-01  0.53541346E-01 -0.42604531E-01
  0.73458147E-01  0.55996309E-01 -0.41550365E-01
  0.72845865E-01  0.58435141E-01 -0.40497689E-01
  0.72214716E-01  0.60856114E-01 -0.39444723E-01
  0.71571309E-01  0.63257644E-01 -0.38387239E-01
  0.70922268E-01  0.65638308E-01 -0.37319353E-01
  0.70274153E-01  0.67996848E-01 -0.36234393E-01
  0.69633387E-01  0.70332151E-01 -0.35125791E-01
  0.69006172E-01  0.72643210E-01 -0.33987894E-01
  0.68398423E-01  0.74929062E-01 -0.32816657E-01
  0.67815692E-01  0.77188714E-01 -0.31610144E-01
  0.67263110E-01  0.79421054E-01 -0.30368814E-01
  0.66745340E-01  0.81624762E-01 -0.29095567E-01
  0.66266530E-01  0.83798213E-01 -0.27795567E-01
  0.65830295E-01  0.85939403E-01 -0.26475847E-01
  0.65439695E-01  0.88045872E-01 -0.25144753E-01
  0.65097229E-01  0.90114663E-01 -0.23811282E-01
  0.64804844E-01  0.92142293E-01 -0.22484361E-01
  0.64563936E-01  0.94124750E-01 -0.21172151E-01
  0.64375364E-01  0.96057521E-01 -0.19881421E-01
  0.64239469E-01  0.97935641E-01 -0.18617059E-01
  0.64156080E-01  0.99753754E-01 -0.17381759E-01
  0.64124537E-01  0.10150621E+00 -0.16175892E-01
  0.64143701E-01  0.10318714E+00 -0.14997595E-01
  0.64211976E-01  0.10479060E+00 -0.13843036E-01
  0.64327323E-01  0.10631062E+00 -0.12706854E-01
  0.64487296E-01  0.10774135E+00 -0.11582706E-01
  0.64689067E-01  0.10907713E+00 -0.10463887E-01
  0.64929482E-01  0.11031259E+00 -0.93439471E-02
  0.65205108E-01  0.11144271E+00 -0.82172736E-02
  0.65512308E-01  0.11246288E+00 -0.70795559E-02
  0.65847320E-01  0.11336894E+00 -0.59281166E-02
  0.66206340E-01  0.11415726E+00 -0.47620698E-02
  0.66585615E-01  0.11482470E+00 -0.35822999E-02
  0.66981542E-01  0.11536866E+00 -0.23912664E-02
  0.67390746E-01  0.11578711E+00 -0.11926598E-02
  0.67810167E-01  0.11607854E+00  0.90570694E-05
  0.40491802E-01 -0.31516220E-01  0.21991898E-04
  0.40520165E-01 -0.31815206E-01 -0.13423896E-02
  0.40587749E-01 -0.32094943E-01 -0.26516489E-02
  0.40695130E-01 -0.32348262E-01 -0.38940583E-02
  0.40843183E-01 -0.32567068E-01 -0.50629875E-02
  0.41033047E-01 -0.32742866E-01 -0.61573620E-02
  0.41266096E-01 -0.32867296E-01 -0.71817092E-02
  0.41543884E-01 -0.32932644E-01 -0.81457923E-02
  0.41868089E-01 -0.32932286E-01 -0.90638602E-02
  0.42240444E-01 -0.32861029E-01 -0.99535765E-02
  0.42662654E-01 -0.32715339E-01 -0.10834710E-01
  0.43136314E-01 -0.32493420E-01 -0.11727688E-01
  0.43662814E-01 -0.32195159E-01 -0.12652128E-01
  0.44243252E-01 -0.31821924E-01 -0.13625451E-01
  0.44878336E-01 -0.31376261E-01 -0.14661690E-01
  0.45568305E-01 -0.30861485E-01 -0.15770574E-01
  0.46312853E-01 -0.30281228E-01 -0.16956952E-01
  0.47111063E-01 -0.29638965E-01 -0.18220598E-01
  0.47961368E-01 -0.28937570E-01 -0.19556395E-01
  0.48861519E-01 -0.28178925E-01 -0.20954877E-01
  0.49808588E-01 -0.27363637E-01 -0.22403074E-01
  0.50798977E-01 -0.26490864E-01 -0.23885589E-01
  0.51828467E-01 -0.25558284E-01 -0.25385799E-01
  0.52892264E-01 -0.24562203E-01 -0.26887100E-01
  0.53985085E-01 -0.23497794E-01 -0.28374068E-01
  0.55101235E-01 -0.22359449E-01 -0.29833463E-01
  0.56234708E-01 -0.21141224E-01 -0.31254992E-01
  0.57379281E-01 -0.19837331E-01 -0.32631762E-01
  0.58528612E-01 -0.18442645E-01 -0.33960414E-01
  0.59676331E-01 -0.16953185E-01 -0.35240921E-01
  0.60816121E-01 -0.15366530E-01 -0.36476085E-01
  0.61941789E-01 -0.13682137E-01 -0.37670776E-01
  0.63047325E-01 -0.11901528E-01 -0.38830995E-01
  0.64126950E-01 -0.10028349E-01 -0.39962847E-01
  0.65175148E-01 -0.80682705E-02 -0.41071501E-01
  0.66186693E-01 -0.60287543E-02 -0.42160254E-01
  0.67156669E-01 -0.39186982E-02 -0.43229762E-01
  0.68080484E-01 -0.17479797E-02 -0.44277509E-01
  0.68953876E-01  0.47306092E-03 -0.45297569E-01
  0.69772934E-01  0.27341632E-02 -0.46280673E-01
  0.70534098E-01  0.50256732E-02 -0.47214578E-01
  0.71234182E-01  0.73390163E-02 -0.48084714E-01
  0.71870382E-01  0.96670801E-02 -0.48875051E-01
  0.72440295E-01  0.12004483E-01 -0.49569117E-01
  0.72941932E-01  0.14347703E-01 -0.50151092E-01
  0.73373732E-01  0.16695073E-01 -0.50606880E-01
  0.73734580E-01  0.19046627E-01 -0.50925084E-01
  0.74023808E-01  0.21403827E-01 -0.51097806E-01
  0.74241210E-01  0.23769187E-01 -0.51121205E-01
  0.74387041E-01  0.26145831E-01 -0.50995782E-01
  0.74462021E-01  0.28537009E-01 -0.50726359E-01
  0.74467336E-01  0.30945632E-01 -0.50321775E-01
  0.74404636E-01  0.33373836E-01 -0.49794305E-01
  0.74276037E-01  0.35822636E-01 -0.49158867E-01
  0.74084120E-01  0.38291674E-01 -0.48432071E-01
  0.73831928E-01  0.40779096E-01 -0.47631187E-01
  0.73522969E-01  0.43281555E-01 -0.46773110E-01
  0.73161209E-01  0.45794344E-01 -0.45873401E-01
  0.72751064E-01  0.48311636E-01 -0.44945471E-01
  0.72297384E-01  0.50826827E-01 -0.43999967E-01
  0.71805428E-01  0.53332924E-01 -0.43044391E-01
  0.71280824E-01  0.55822973E-01 -0.42082982E-01
  0.70729521E-01  0.58290473E-01 -0.41116855E-01
  0.70157726E-01  0.60729741E-01 -0.40144368E-01
  0.69571823E-01  0.63136209E-01 -0.39161688E-01
  0.68978289E-01  0.65506620E-01 -0.38163490E-01
  0.68383594E-01  0.67839106E-01 -0.37143743E-01
  0.67794102E-01  0.70133157E-01 -0.36096490E-01
  0.67215970E-01  0.72389462E-01 -0.35016583E-01
  0.66655050E-01  0.74609662E-01 -0.33900294E-01
  0.66116805E-01  0.76796014E-01 -0.32745767E-01
  0.65606232E-01  0.78951012E-01 -0.31553271E-01
  0.65127809E-01  0.81076986E-01 -0.30325249E-01
  0.64685453E-01  0.83175713E-01 -0.29066156E-01
  0.64282499E-01  0.85248078E-01 -0.27782115E-01
  0.63921694E-01  0.87293799E-01 -0.26480429E-01
  0.63605213E-01  0.89311249E-01 -0.25168984E-01
  0.63334672E-01  0.91297376E-01 -0.23855624E-01
  0.63111163E-01  0.93247728E-01 -0.22547528E-01
  0.62935282E-01  0.95156582E-01 -0.21250658E-01
  0.62807164E-01  0.97017154E-01 -0.19969335E-01
  0.62726512E-01  0.98821878E-01 -0.18705957E-01
  0.62692624E-01  0.10056273E+00 -0.17460898E-01
  0.62704413E-01  0.10223155E+00 -0.16232590E-01
  0.62760430E-01  0.10382037E+00 -0.15017766E-01
  0.62858881E-01  0.10532172E+00 -0.13811859E-01
  0.62997648E-01  0.10672883E+00 -0.12609494E-01
  0.63174316E-01  0.10803577E+00 -0.11405045E-01
  0.63386204E-01  0.10923760E+00 -0.10193189E-01
  0.63630412E-01  0.11033030E+00 -0.89694228E-02
  0.63903868E-01  0.11131078E+00 -0.77304791E-02
  0.64203393E-01  0.11217668E+00 -0.64746143E-02
  0.64525772E-01  0.11292630E+00 -0.52017439E-02
  0.64867828E-01  0.11355836E+00 -0.39134139E-02
  0.65226495E-01  0.11407188E+00 -0.26126153E-02
  0.65598892E-01  0.11446601E+00 -0.13034639E-02
  0.65982382E-01  0.11473996E+00  0.92217198E-05
  0.36010744E-01 -0.27453100E-01  0.17219751E-04
  0.36027713E-01 -0.27792915E-01 -0.12701414E-02
  0.36075856E-01 -0.28158499E-01 -0.25152224E-02
  0.36156564E-01 -0.28536396E-01 -0.37088126E-02
  0.36271904E-01 -0.28910887E-01 -0.48456611E-02
  0.36424547E-01 -0.29265022E-01 -0.59248501E-02
  0.36617673E-01 -0.29581714E-01 -0.69498479E-02
  0.36854858E-01 -0.29844792E-01 -0.79282387E-02
  0.37139930E-01 -0.30039940E-01 -0.88711529E-02
  0.37476824E-01 -0.30155465E-01 -0.97924435E-02
  0.37869408E-01 -0.30182830E-01 -0.10707673E-01
  0.38321319E-01 -0.30116927E-01 -0.11632990E-01
  0.38835787E-01 -0.29956070E-01 -0.12583982E-01
  0.39415471E-01 -0.29701720E-01 -0.13574587E-01
  0.40062307E-01 -0.29357973E-01 -0.14616153E-01
  0.40777369E-01 -0.28930865E-01 -0.15716706E-01
  0.41560761E-01 -0.28427537E-01 -0.16880475E-01
  0.42411538E-01 -0.27855362E-01 -0.18107717E-01
  0.43327656E-01 -0.27221082E-01 -0.19394829E-01
  0.44305963E-01 -0.26530044E-01 -0.20734738E-01
  0.45342226E-01 -0.25785586E-01 -0.22117533E-01
  0.46431196E-01 -0.24988641E-01 -0.23531270E-01
  0.47566706E-01 -0.24137566E-01 -0.24962889E-01
  0.48741799E-01 -0.23228231E-01 -0.26399160E-01
  0.49948884E-01 -0.22254339E-01 -0.27827577E-01
  0.51179902E-01 -0.21207968E-01 -0.29237138E-01
  0.52426510E-01 -0.20080269E-01 -0.30618938E-01
  0.53680256E-01 -0.18862268E-01 -0.31966540E-01
  0.54932760E-01 -0.17545715E-01 -0.33276098E-01
  0.56175867E-01 -0.16123884E-01 -0.34546233E-01
  0.57401791E-01 -0.14592284E-01 -0.35777669E-01
  0.58603227E-01 -0.12949197E-01 -0.36972694E-01
  0.59773438E-01 -0.11196025E-01 -0.38134466E-01
  0.60906317E-01 -0.93373864E-02 -0.39266261E-01
  0.61996417E-01 -0.73809785E-02 -0.40370707E-01
  0.63038960E-01 -0.53372055E-02 -0.41449095E-01
  0.64029817E-01 -0.32185998E-02 -0.42500809E-01
  0.64965486E-01 -0.10390871E-02 -0.43522940E-01
  0.65843036E-01  0.11868504E-02 -0.44510117E-01
  0.66660068E-01  0.34450450E-02 -0.45454556E-01
  0.67414651E-01  0.57224826E-02 -0.46346349E-01
  0.68105268E-01  0.80080441E-02 -0.47173941E-01
  0.68730772E-01  0.10293093E-01 -0.47924788E-01
  0.69290329E-01  0.12571866E-01 -0.48586112E-01
  0.69783388E-01  0.14841636E-01 -0.49145720E-01
  0.70209645E-01  0.17102646E-01 -0.49592796E-01
  0.70569023E-01  0.19357810E-01 -0.49918633E-01
  0.70861656E-01  0.21612220E-01 -0.50117217E-01
  0.71087888E-01  0.23872492E-01 -0.50185646E-01
  0.71248273E-01  0.26146015E-01 -0.50124332E-01
  0.71343589E-01  0.28440155E-01 -0.49936988E-01
  0.71374861E-01  0.30761475E-01 -0.49630391E-01
  0.71343387E-01  0.33115053E-01 -0.49213954E-01
  0.71250771E-01  0.35503921E-01 -0.48699129E-01
  0.71098964E-01  0.37928691E-01 -0.48098700E-01
  0.70890302E-01  0.40387381E-01 -0.47426010E-01
  0.70627546E-01  0.42875459E-01 -0.46694195E-01
  0.70313910E-01  0.45386084E-01 -0.45915456E-01
  0.69953092E-01  0.47910539E-01 -0.45100456E-01
  0.69549279E-01  0.50438799E-01 -0.44257848E-01
  0.69107143E-01  0.52960193E-01 -0.43393983E-01
  0.68631816E-01  0.55464108E-01 -0.42512811E-01
  0.68128845E-01  0.57940662E-01 -0.41615962E-01
  0.67604124E-01  0.60381314E-01 -0.40703008E-01
  0.67063810E-01  0.62779338E-01 -0.39771859E-01
  0.66514216E-01  0.65130144E-01 -0.38819271E-01
  0.65961704E-01  0.67431416E-01 -0.37841403E-01
  0.65412556E-01  0.69683054E-01 -0.36834390E-01
  0.64872861E-01  0.71886944E-01 -0.35794871E-01
  0.64348393E-01  0.74046564E-01 -0.34720440E-01
  0.63844514E-01  0.76166466E-01 -0.33609975E-01
  0.63366087E-01  0.78251688E-01 -0.32463827E-01
  0.62917411E-01  0.80307132E-01 -0.31283866E-01
  0.62502184E-01  0.82336971E-01 -0.30073365E-01
  0.62123481E-01  0.84344122E-01 -0.28836767E-01
  0.61783762E-01  0.86329833E-01 -0.27579330E-01
  0.61484893E-01  0.88293417E-01 -0.26306714E-01
  0.61228184E-01  0.90232134E-01 -0.25024526E-01
  0.61014434E-01  0.92141243E-01 -0.23737882E-01
  0.60843982E-01  0.94014208E-01 -0.22451019E-01
  0.60716757E-01  0.95843022E-01 -0.21166992E-01
  0.60632323E-01  0.97618642E-01 -0.19887484E-01
  0.60589920E-01  0.99331473E-01 -0.18612740E-01
  0.60588495E-01  0.10097187E+00 -0.17341642E-01
  0.60626727E-01  0.10253061E+00 -0.16071897E-01
  0.60703049E-01  0.10399930E+00 -0.14800332E-01
  0.60815663E-01  0.10537070E+00 -0.13523269E-01
  0.60962566E-01  0.10663891E+00 -0.12236934E-01
  0.61141564E-01  0.10779946E+00 -0.10937870E-01
  0.61350310E-01  0.10884924E+00 -0.96233132E-02
  0.61586332E-01  0.10978635E+00 -0.82914957E-02
  0.61847081E-01  0.11060989E+00 -0.69418548E-02
  0.62129981E-01  0.11131964E+00 -0.55751217E-02
  0.62432476E-01  0.11191573E+00 -0.41932902E-02
  0.62752088E-01  0.11239839E+00 -0.27994678E-02
  0.63086465E-01  0.11276768E+00 -0.13976257E-02
  0.63433424E-01  0.11302331E+00  0.77273674E-05
  0.32053234E-01 -0.24198618E-01  0.95525949E-05
  0.32065676E-01 -0.24557139E-01 -0.11369538E-02
  0.32102911E-01 -0.24976589E-01 -0.22607846E-02
  0.32166928E-01 -0.25439501E-01 -0.33574110E-02
  0.32260664E-01 -0.25925081E-01 -0.44245195E-02
  0.32387899E-01 -0.26410583E-01 -0.54622285E-02
  0.32553123E-01 -0.26872763E-01 -0.64731250E-02
  0.32761366E-01 -0.27289299E-01 -0.74621155E-02
  0.33018007E-01 -0.27640085E-01 -0.84361074E-02
  0.33328557E-01 -0.27908293E-01 -0.94035431E-02
  0.33698431E-01 -0.28081153E-01 -0.10373824E-01
  0.34132720E-01 -0.28150383E-01 -0.11356667E-01
  0.34635955E-01 -0.28112262E-01 -0.12361449E-01
  0.35211899E-01 -0.27967351E-01 -0.13396571E-01
  0.35863342E-01 -0.27719892E-01 -0.14468912E-01
  0.36591936E-01 -0.27376954E-01 -0.15583390E-01
  0.37398061E-01 -0.26947399E-01 -0.16742676E-01
  0.38280730E-01 -0.26440765E-01 -0.17947058E-01
  0.39237548E-01 -0.25866146E-01 -0.19194487E-01
  0.40264706E-01 -0.25231193E-01 -0.20480766E-01
  0.41357040E-01 -0.24541284E-01 -0.21799887E-01
  0.42508121E-01 -0.23798954E-01 -0.23144461E-01
  0.43710402E-01 -0.23003619E-01 -0.24506224E-01
  0.44955395E-01 -0.22151603E-01 -0.25876557E-01
  0.46233879E-01 -0.21236480E-01 -0.27246991E-01
  0.47536131E-01 -0.20249680E-01 -0.28609648E-01
  0.48852161E-01 -0.19181303E-01 -0.29957592E-01
  0.50171956E-01 -0.18021081E-01 -0.31285056E-01
  0.51485706E-01 -0.16759394E-01 -0.32587544E-01
  0.52784014E-01 -0.15388245E-01 -0.33861791E-01
  0.54058074E-01 -0.13902129E-01 -0.35105609E-01
  0.55299823E-01 -0.12298708E-01 -0.36317623E-01
  0.56502048E-01 -0.10579237E-01 -0.37496932E-01
  0.57658457E-01 -0.87487092E-02 -0.38642739E-01
  0.58763707E-01 -0.68157075E-02 -0.39753966E-01
  0.59813406E-01 -0.47919708E-02 -0.40828915E-01
  0.60804069E-01 -0.26917144E-02 -0.41864986E-01
  0.61733058E-01 -0.53075825E-03 -0.42858499E-01
  0.62598496E-01  0.16744659E-02 -0.43804613E-01
  0.63399174E-01  0.39079500E-02 -0.44697385E-01
  0.64134438E-01  0.61551036E-02 -0.45529922E-01
  0.64804091E-01  0.84036303E-02 -0.46294663E-01
  0.65408284E-01  0.10644217E-01 -0.46983721E-01
  0.65947426E-01  0.12870983E-01 -0.47589306E-01
  0.66422100E-01  0.15081665E-01 -0.48104145E-01
  0.66832998E-01  0.17277506E-01 -0.48521919E-01
  0.67180866E-01  0.19462896E-01 -0.48837635E-01
  0.67466477E-01  0.21644756E-01 -0.49047941E-01
  0.67690610E-01  0.23831750E-01 -0.49151333E-01
  0.67854057E-01  0.26033380E-01 -0.49148264E-01
  0.67957643E-01  0.28259025E-01 -0.49041126E-01
  0.68002260E-01  0.30517027E-01 -0.48834116E-01
  0.67988918E-01  0.32813866E-01 -0.48533003E-01
  0.67918807E-01  0.35153514E-01 -0.48144806E-01
  0.67793365E-01  0.37536996E-01 -0.47677406E-01
  0.67614345E-01  0.39962201E-01 -0.47139128E-01
  0.67383889E-01  0.42423943E-01 -0.46538322E-01
  0.67104588E-01  0.44914271E-01 -0.45882963E-01
  0.66779528E-01  0.47422992E-01 -0.45180311E-01
  0.66412325E-01  0.49938351E-01 -0.44436636E-01
  0.66007133E-01  0.52447833E-01 -0.43657041E-01
  0.65568633E-01  0.54938995E-01 -0.42845374E-01
  0.65101984E-01  0.57400274E-01 -0.42004245E-01
  0.64612763E-01  0.59821699E-01 -0.41135122E-01
  0.64106870E-01  0.62195460E-01 -0.40238514E-01
  0.63590417E-01  0.64516282E-01 -0.39314205E-01
  0.63069600E-01  0.66781583E-01 -0.38361519E-01
  0.62550567E-01  0.68991413E-01 -0.37379600E-01
  0.62039284E-01  0.71148173E-01 -0.36367674E-01
  0.61541405E-01  0.73256159E-01 -0.35325280E-01
  0.61062157E-01  0.75320956E-01 -0.34252433E-01
  0.60606252E-01  0.77348751E-01 -0.33149742E-01
  0.60177812E-01  0.79345608E-01 -0.32018434E-01
  0.59780330E-01  0.81316780E-01 -0.30860322E-01
  0.59416654E-01  0.83266105E-01 -0.29677699E-01
  0.59088996E-01  0.85195530E-01 -0.28473186E-01
  0.58798965E-01  0.87104803E-01 -0.27249537E-01
  0.58547612E-01  0.88991354E-01 -0.26009435E-01
  0.58335493E-01  0.90850360E-01 -0.24755291E-01
  0.58162735E-01  0.92674984E-01 -0.23489069E-01
  0.58029095E-01  0.94456771E-01 -0.22212150E-01
  0.57934025E-01  0.96186142E-01 -0.20925257E-01
  0.57876722E-01  0.97852963E-01 -0.19628442E-01
  0.57856170E-01  0.99447118E-01 -0.18321136E-01
  0.57871177E-01  0.10095905E+00 -0.17002266E-01
  0.57920393E-01  0.10238023E+00 -0.15670420E-01
  0.58002337E-01  0.10370348E+00 -0.14324046E-01
  0.58115403E-01  0.10492322E+00 -0.12961676E-01
  0.58257882E-01  0.10603547E+00 -0.11582141E-01
  0.58427975E-01  0.10703784E+00 -0.10184767E-01
  0.58623813E-01  0.10792928E+00 -0.87695306E-02
  0.58843481E-01  0.10870977E+00 -0.73371576E-02
  0.59085045E-01  0.10937998E+00 -0.58891622E-02
  0.59346578E-01  0.10994088E+00 -0.44278143E-02
  0.59626193E-01  0.11039338E+00 -0.29560451E-02
  0.59922064E-01  0.11073805E+00 -0.14772971E-02
  0.60232452E-01  0.11097488E+00  0.46678882E-05
  0.28975151E-01 -0.22172057E-01  0.28905796E-06
  0.28992168E-01 -0.22525432E-01 -0.96406659E-03
  0.29029815E-01 -0.22958492E-01 -0.19286460E-02
  0.29090369E-01 -0.23452593E-01 -0.28950226E-02
  0.29177173E-01 -0.23985194E-01 -0.38649345E-02
  0.29294519E-01 -0.24531333E-01 -0.48402955E-02
  0.29447492E-01 -0.25065206E-01 -0.58231895E-02
  0.29641775E-01 -0.25561726E-01 -0.68158438E-02
  0.29883433E-01 -0.25997952E-01 -0.78205851E-02
  0.30178667E-01 -0.26354289E-01 -0.88397772E-02
  0.30533559E-01 -0.26615385E-01 -0.98757457E-02
  0.30953821E-01 -0.26770669E-01 -0.10930693E-01
  0.31444532E-01 -0.26814502E-01 -0.12006607E-01
  0.32009911E-01 -0.26745952E-01 -0.13105176E-01
  0.32653097E-01 -0.26568224E-01 -0.14227698E-01
  0.33375973E-01 -0.26287803E-01 -0.15375014E-01
  0.34179023E-01 -0.25913397E-01 -0.16547445E-01
  0.35061239E-01 -0.25454776E-01 -0.17744747E-01
  0.36020078E-01 -0.24921598E-01 -0.18966092E-01
  0.37051469E-01 -0.24322330E-01 -0.20210053E-01
  0.38149878E-01 -0.23663349E-01 -0.21474623E-01
  0.39308418E-01 -0.22948293E-01 -0.22757235E-01
  0.40519007E-01 -0.22177715E-01 -0.24054801E-01
  0.41772570E-01 -0.21349045E-01 -0.25363765E-01
  0.43059265E-01 -0.20456882E-01 -0.26680153E-01
  0.44368738E-01 -0.19493554E-01 -0.27999638E-01
  0.45690383E-01 -0.18449911E-01 -0.29317592E-01
  0.47013604E-01 -0.17316270E-01 -0.30629149E-01
  0.48328069E-01 -0.16083423E-01 -0.31929263E-01
  0.49623934E-01 -0.14743624E-01 -0.33212754E-01
  0.50892050E-01 -0.13291467E-01 -0.34474360E-01
  0.52124119E-01 -0.11724580E-01 -0.35708785E-01
  0.53312819E-01 -0.10044072E-01 -0.36910740E-01
  0.54451882E-01 -0.82547021E-02 -0.38074985E-01
  0.55536128E-01 -0.63647491E-02 -0.39196371E-01
  0.56561458E-01 -0.43856023E-02 -0.40269885E-01
  0.57524808E-01 -0.23311005E-02 -0.41290689E-01
  0.58424074E-01 -0.21667696E-03 -0.42254165E-01
  0.59258011E-01  0.19416172E-02 -0.43155961E-01
  0.60026111E-01  0.41281346E-02 -0.43992030E-01
  0.60728476E-01  0.63286140E-02 -0.44758676E-01
  0.61365681E-01  0.85310449E-02 -0.45452592E-01
  0.61938647E-01  0.10726348E-01 -0.46070894E-01
  0.62448516E-01  0.12908821E-01 -0.46611149E-01
  0.62896548E-01  0.15076308E-01 -0.47071405E-01
  0.63284024E-01  0.17230103E-01 -0.47450202E-01
  0.63612184E-01  0.19374573E-01 -0.47746586E-01
  0.63882176E-01  0.21516561E-01 -0.47960113E-01
  0.64095032E-01  0.23664600E-01 -0.48090843E-01
  0.64251674E-01  0.25828016E-01 -0.48139333E-01
  0.64352929E-01  0.28015986E-01 -0.48106622E-01
  0.64399581E-01  0.30236635E-01 -0.47994213E-01
  0.64392427E-01  0.32496230E-01 -0.47804040E-01
  0.64332358E-01  0.34798547E-01 -0.47538445E-01
  0.64220439E-01  0.37144448E-01 -0.47200138E-01
  0.64058001E-01  0.39531702E-01 -0.46792156E-01
  0.63846730E-01  0.41955053E-01 -0.46317816E-01
  0.63588743E-01  0.44406529E-01 -0.45780666E-01
  0.63286655E-01  0.46875962E-01 -0.45184420E-01
  0.62943622E-01  0.49351667E-01 -0.44532904E-01
  0.62563362E-01  0.51821220E-01 -0.43829987E-01
  0.62150149E-01  0.54272282E-01 -0.43079510E-01
  0.61708772E-01  0.56693389E-01 -0.42285224E-01
  0.61244475E-01  0.59074642E-01 -0.41450720E-01
  0.60762859E-01  0.61408267E-01 -0.40579369E-01
  0.60269769E-01  0.63688967E-01 -0.39674267E-01
  0.59771167E-01  0.65914082E-01 -0.38738188E-01
  0.59272986E-01  0.68083515E-01 -0.37773554E-01
  0.58780993E-01  0.70199463E-01 -0.36782409E-01
  0.58300654E-01  0.72265964E-01 -0.35766413E-01
  0.57837017E-01  0.74288307E-01 -0.34726846E-01
  0.57394610E-01  0.76272366E-01 -0.33664626E-01
  0.56977373E-01  0.78223895E-01 -0.32580336E-01
  0.56588611E-01  0.80147866E-01 -0.31474267E-01
  0.56230981E-01  0.82047885E-01 -0.30346458E-01
  0.55906500E-01  0.83925741E-01 -0.29196751E-01
  0.55616587E-01  0.85781114E-01 -0.28024841E-01
  0.55362112E-01  0.87611467E-01 -0.26830331E-01
  0.55143465E-01  0.89412122E-01 -0.25612782E-01
  0.54960632E-01  0.91176494E-01 -0.24371767E-01
  0.54813266E-01  0.92896485E-01 -0.23106909E-01
  0.54700763E-01  0.94562965E-01 -0.21817928E-01
  0.54622321E-01  0.96166326E-01 -0.20504677E-01
  0.54576993E-01  0.97697030E-01 -0.19167172E-01
  0.54563727E-01  0.99146135E-01 -0.17805624E-01
  0.54581400E-01  0.10050573E+00 -0.16420461E-01
  0.54628832E-01  0.10176925E+00 -0.15012350E-01
  0.54704806E-01  0.10293169E+00 -0.13582211E-01
  0.54808071E-01  0.10398962E+00 -0.12131231E-01
  0.54937348E-01  0.10494111E+00 -0.10660862E-01
  0.55091338E-01  0.10578551E+00 -0.91728279E-02
  0.55268724E-01  0.10652315E+00 -0.76691065E-02
  0.55468176E-01  0.10715497E+00 -0.61519161E-02
  0.55688356E-01  0.10768214E+00 -0.46236879E-02
  0.55927924E-01  0.10810573E+00 -0.30870325E-02
  0.56185540E-01  0.10842640E+00 -0.15446988E-02
  0.56459865E-01  0.10864420E+00  0.47221160E-06
  0.26990585E-01 -0.21636884E-01 -0.89967142E-05
  0.27021741E-01 -0.21963623E-01 -0.78079072E-03
  0.27071744E-01 -0.22368315E-01 -0.15751459E-02
  0.27142812E-01 -0.22834078E-01 -0.24001384E-02
  0.27238176E-01 -0.23340176E-01 -0.32619920E-02
  0.27361960E-01 -0.23863368E-01 -0.41648674E-02
  0.27519031E-01 -0.24379354E-01 -0.51107944E-02
  0.27714817E-01 -0.24864209E-01 -0.60997464E-02
  0.27955085E-01 -0.25295725E-01 -0.71298489E-02
  0.28245720E-01 -0.25654552E-01 -0.81976991E-02
  0.28592478E-01 -0.25925067E-01 -0.92987718E-02
  0.29000744E-01 -0.26095934E-01 -0.10427875E-01
  0.29475294E-01 -0.26160310E-01 -0.11579617E-01
  0.30020078E-01 -0.26115714E-01 -0.12748857E-01
  0.30638017E-01 -0.25963578E-01 -0.13931081E-01
  0.31330842E-01 -0.25708534E-01 -0.15122707E-01
  0.32098965E-01 -0.25357506E-01 -0.16321268E-01
  0.32941394E-01 -0.24918694E-01 -0.17525471E-01
  0.33855695E-01 -0.24400538E-01 -0.18735141E-01
  0.34838003E-01 -0.23810743E-01 -0.19951041E-01
  0.35883084E-01 -0.23155454E-01 -0.21174588E-01
  0.36984432E-01 -0.22438639E-01 -0.22407509E-01
  0.38134424E-01 -0.21661727E-01 -0.23651443E-01
  0.39324499E-01 -0.20823525E-01 -0.24907543E-01
  0.40545371E-01 -0.19920403E-01 -0.26176101E-01
  0.41787262E-01 -0.18946733E-01 -0.27456237E-01
  0.43040145E-01 -0.17895531E-01 -0.28745676E-01
  0.44293987E-01 -0.16759233E-01 -0.30040626E-01
  0.45538986E-01 -0.15530545E-01 -0.31335785E-01
  0.46765787E-01 -0.14203279E-01 -0.32624451E-01
  0.47965672E-01 -0.12773103E-01 -0.33898760E-01
  0.49130725E-01 -0.11238148E-01 -0.35149999E-01
  0.50253944E-01 -0.95994058E-02 -0.36368999E-01
  0.51329332E-01 -0.78608927E-02 -0.37546557E-01
  0.52351931E-01 -0.60295671E-02 -0.38673867E-01
  0.53317827E-01 -0.41150050E-02 -0.39742916E-01
  0.54224117E-01 -0.21288639E-02 -0.40746828E-01
  0.55068838E-01 -0.84181077E-04 -0.41680118E-01
  0.55850874E-01  0.20054351E-02 -0.42538848E-01
  0.56569849E-01  0.41266536E-02 -0.43320671E-01
  0.57225994E-01  0.62672398E-02 -0.44024767E-01
  0.57820018E-01  0.84167789E-02 -0.44651671E-01
  0.58352978E-01  0.10567247E-01 -0.45203020E-01
  0.58826148E-01  0.12713384E-01 -0.45681241E-01
  0.59240914E-01  0.14852849E-01 -0.46089201E-01
  0.59598670E-01  0.16986137E-01 -0.46429853E-01
  0.59900745E-01  0.19116276E-01 -0.46705911E-01
  0.60148351E-01  0.21248336E-01 -0.46919577E-01
  0.60342549E-01  0.23388784E-01 -0.47072344E-01
  0.60484250E-01  0.25544744E-01 -0.47164879E-01
  0.60574229E-01  0.27723220E-01 -0.47197017E-01
  0.60613176E-01  0.29930358E-01 -0.47167836E-01
  0.60601750E-01  0.32170778E-01 -0.47075824E-01
  0.60540661E-01  0.34447061E-01 -0.46919112E-01
  0.60430757E-01  0.36759400E-01 -0.46695754E-01
  0.60273119E-01  0.39105457E-01 -0.46404027E-01
  0.60069151E-01  0.41480423E-01 -0.46042719E-01
  0.59820666E-01  0.43877277E-01 -0.45611388E-01
  0.59529953E-01  0.46287210E-01 -0.45110562E-01
  0.59199828E-01  0.48700189E-01 -0.44541864E-01
  0.58833662E-01  0.51105593E-01 -0.43908046E-01
  0.58435372E-01  0.53492889E-01 -0.43212939E-01
  0.58009393E-01  0.55852273E-01 -0.42461306E-01
  0.57560616E-01  0.58175236E-01 -0.41658632E-01
  0.57094296E-01  0.60455010E-01 -0.40810840E-01
  0.56615946E-01  0.62686857E-01 -0.39923980E-01
  0.56131206E-01  0.64868188E-01 -0.39003900E-01
  0.55645706E-01  0.66998498E-01 -0.38055940E-01
  0.55164930E-01  0.69079138E-01 -0.37084644E-01
  0.54694084E-01  0.71112943E-01 -0.36093556E-01
  0.54237973E-01  0.73103748E-01 -0.35085067E-01
  0.53800911E-01  0.75055840E-01 -0.34060359E-01
  0.53386641E-01  0.76973389E-01 -0.33019428E-01
  0.52998296E-01  0.78859907E-01 -0.31961200E-01
  0.52638377E-01  0.80717785E-01 -0.30883699E-01
  0.52308770E-01  0.82547928E-01 -0.29784292E-01
  0.52010777E-01  0.84349527E-01 -0.28659957E-01
  0.51745174E-01  0.86119986E-01 -0.27507565E-01
  0.51512279E-01  0.87854985E-01 -0.26324160E-01
  0.51312032E-01  0.89548690E-01 -0.25107208E-01
  0.51144070E-01  0.91194073E-01 -0.23854796E-01
  0.51007811E-01  0.92783316E-01 -0.22565783E-01
  0.50902516E-01  0.94308255E-01 -0.21239872E-01
  0.50827356E-01  0.95760840E-01 -0.19877629E-01
  0.50781452E-01  0.97133550E-01 -0.18480431E-01
  0.50763915E-01  0.98419744E-01 -0.17050360E-01
  0.50773867E-01  0.99613922E-01 -0.15590064E-01
  0.50810451E-01  0.10071187E+00 -0.14102591E-01
  0.50872837E-01  0.10171068E+00 -0.12591210E-01
  0.50960217E-01  0.10260868E+00 -0.11059251E-01
  0.51071800E-01  0.10340524E+00 -0.95099625E-02
  0.51206794E-01  0.10410053E+00 -0.79464047E-02
  0.51364397E-01  0.10469521E+00 -0.63713872E-02
  0.51543782E-01  0.10519013E+00 -0.47874489E-02
  0.51744076E-01  0.10558604E+00 -0.31968809E-02
  0.51964348E-01  0.10588336E+00 -0.16017853E-02
  0.52203586E-01  0.10608202E+00 -0.41603445E-05
  0.26126023E-01 -0.22647900E-01 -0.16725605E-04
  0.26179607E-01 -0.22932150E-01 -0.61991949E-03
  0.26252401E-01 -0.23271367E-01 -0.12638325E-02
  0.26346240E-01 -0.23652995E-01 -0.19623073E-02
  0.26463745E-01 -0.24061327E-01 -0.27256756E-02
  0.26608229E-01 -0.24478509E-01 -0.35603467E-02
  0.26783571E-01 -0.24885609E-01 -0.44686700E-02
  0.26994065E-01 -0.25263716E-01 -0.54490749E-02
  0.27244253E-01 -0.25594962E-01 -0.64964702E-02
  0.27538740E-01 -0.25863412E-01 -0.76028656E-02
  0.27882004E-01 -0.26055765E-01 -0.87581624E-02
  0.28278207E-01 -0.26161833E-01 -0.99510484E-02
  0.28731010E-01 -0.26174760E-01 -0.11169926E-01
  0.29243405E-01 -0.26090990E-01 -0.12403798E-01
  0.29817563E-01 -0.25910006E-01 -0.13643052E-01
  0.30454709E-01 -0.25633857E-01 -0.14880070E-01
  0.31155023E-01 -0.25266544E-01 -0.16109636E-01
  0.31917580E-01 -0.24813302E-01 -0.17329110E-01
  0.32740318E-01 -0.24279861E-01 -0.18538358E-01
  0.33620045E-01 -0.23671736E-01 -0.19739453E-01
  0.34552482E-01 -0.22993606E-01 -0.20936190E-01
  0.35532336E-01 -0.22248841E-01 -0.22133444E-01
  0.36553412E-01 -0.21439192E-01 -0.23336438E-01
  0.37608741E-01 -0.20564683E-01 -0.24549998E-01
  0.38690743E-01 -0.19623684E-01 -0.25777831E-01
  0.39791396E-01 -0.18613176E-01 -0.27021919E-01
  0.40902418E-01 -0.17529151E-01 -0.28282055E-01
  0.42015458E-01 -0.16367125E-01 -0.29555578E-01
  0.43122273E-01 -0.15122703E-01 -0.30837308E-01
  0.44214905E-01 -0.13792145E-01 -0.32119705E-01
  0.45285836E-01 -0.12372892E-01 -0.33393222E-01
  0.46328123E-01 -0.10863982E-01 -0.34646822E-01
  0.47335507E-01 -0.92663492E-02 -0.35868626E-01
  0.48302496E-01 -0.75829514E-02 -0.37046623E-01
  0.49224416E-01 -0.58187431E-02 -0.38169389E-01
  0.50097428E-01 -0.39804785E-02 -0.39226760E-01
  0.50918525E-01 -0.20763721E-02 -0.40210400E-01
  0.51685495E-01 -0.11564436E-03 -0.41114225E-01
  0.52396860E-01  0.18920082E-02 -0.41934640E-01
  0.53051797E-01  0.39369733E-02 -0.42670595E-01
  0.53650051E-01  0.60102681E-02 -0.43323433E-01
  0.54191824E-01  0.81040238E-02 -0.43896578E-01
  0.54677676E-01  0.10211873E-01 -0.44395056E-01
  0.55108417E-01  0.12329206E-01 -0.44824931E-01
  0.55485009E-01  0.14453289E-01 -0.45192675E-01
  0.55808476E-01  0.16583219E-01 -0.45504539E-01
  0.56079838E-01  0.18719741E-01 -0.45765974E-01
  0.56300051E-01  0.20864938E-01 -0.45981152E-01
  0.56469980E-01  0.23021821E-01 -0.46152623E-01
  0.56590380E-01  0.25193848E-01 -0.46281125E-01
  0.56661916E-01  0.27384439E-01 -0.46365571E-01
  0.56685188E-01  0.29596485E-01 -0.46403209E-01
  0.56660786E-01  0.31831932E-01 -0.46389929E-01
  0.56589354E-01  0.34091444E-01 -0.46320690E-01
  0.56471669E-01  0.36374181E-01 -0.46190039E-01
  0.56308725E-01  0.38677708E-01 -0.45992658E-01
  0.56101813E-01  0.40998035E-01 -0.45723912E-01
  0.55852602E-01  0.43329782E-01 -0.45380329E-01
  0.55563199E-01  0.45666454E-01 -0.44959997E-01
  0.55236198E-01  0.48000799E-01 -0.44462820E-01
  0.54874706E-01  0.50325217E-01 -0.43890635E-01
  0.54482337E-01  0.52632188E-01 -0.43247165E-01
  0.54063189E-01  0.54914676E-01 -0.42537827E-01
  0.53621786E-01  0.57166489E-01 -0.41769399E-01
  0.53162996E-01  0.59382552E-01 -0.40949586E-01
  0.52691936E-01  0.61559088E-01 -0.40086515E-01
  0.52213848E-01  0.63693681E-01 -0.39188206E-01
  0.51733980E-01  0.65785227E-01 -0.38262050E-01
  0.51257450E-01  0.67833780E-01 -0.37314353E-01
  0.50789131E-01  0.69840310E-01 -0.36349963E-01
  0.50333533E-01  0.71806386E-01 -0.35372021E-01
  0.49894716E-01  0.73733824E-01 -0.34381850E-01
  0.49476215E-01  0.75624329E-01 -0.33378972E-01
  0.49081000E-01  0.77479154E-01 -0.32361276E-01
  0.48711454E-01  0.79298804E-01 -0.31325297E-01
  0.48369385E-01  0.81082819E-01 -0.30266579E-01
  0.48056057E-01  0.82829639E-01 -0.29180117E-01
  0.47772237E-01  0.84536568E-01 -0.28060799E-01
  0.47518270E-01  0.86199827E-01 -0.26903856E-01
  0.47294145E-01  0.87814698E-01 -0.25705249E-01
  0.47099583E-01  0.89375742E-01 -0.24461987E-01
  0.46934108E-01  0.90877059E-01 -0.23172345E-01
  0.46797122E-01  0.92312585E-01 -0.21835969E-01
  0.46687969E-01  0.93676381E-01 -0.20453879E-01
  0.46605983E-01  0.94962902E-01 -0.19028349E-01
  0.46550525E-01  0.96167219E-01 -0.17562720E-01
  0.46521011E-01  0.97285180E-01 -0.16061130E-01
  0.46516919E-01  0.98313500E-01 -0.14528213E-01
  0.46537792E-01  0.99249771E-01 -0.12968796E-01
  0.46583224E-01  0.10009240E+00 -0.11387606E-01
  0.46652847E-01  0.10084052E+00 -0.97890315E-02
  0.46746300E-01  0.10149375E+00 -0.81769489E-02
  0.46863207E-01  0.10205212E+00 -0.65546255E-02
  0.47003139E-01  0.10251575E+00 -0.49247080E-02
  0.47165586E-01  0.10288479E+00 -0.32892886E-02
  0.47349927E-01  0.10315918E+00 -0.16500382E-02
  0.47555396E-01  0.10333863E+00 -0.83873873E-05
  0.26204518E-01 -0.25032401E-01 -0.21585386E-04
  0.26286126E-01 -0.25265967E-01 -0.51230752E-03
  0.26388874E-01 -0.25513114E-01 -0.10549131E-02
  0.26513962E-01 -0.25767416E-01 -0.16672104E-02
  0.26663015E-01 -0.26020578E-01 -0.23624550E-02
  0.26838026E-01 -0.26262930E-01 -0.31487947E-02
  0.27041277E-01 -0.26483969E-01 -0.40290705E-02
  0.27275249E-01 -0.26672927E-01 -0.50009815E-02
  0.27542520E-01 -0.26819309E-01 -0.60575897E-02
  0.27845662E-01 -0.26913385E-01 -0.71881186E-02
  0.28187130E-01 -0.26946595E-01 -0.83789778E-02
  0.28569158E-01 -0.26911842E-01 -0.96149292E-02
  0.28993661E-01 -0.26803677E-01 -0.10880303E-01
  0.29462139E-01 -0.26618348E-01 -0.12160168E-01
  0.29975599E-01 -0.26353742E-01 -0.13441370E-01
  0.30534491E-01 -0.26009210E-01 -0.14713361E-01
  0.31138655E-01 -0.25585318E-01 -0.15968757E-01
  0.31787285E-01 -0.25083536E-01 -0.17203606E-01
  0.32478912E-01 -0.24505900E-01 -0.18417331E-01
  0.33211402E-01 -0.23854671E-01 -0.19612389E-01
  0.33981968E-01 -0.23132033E-01 -0.20793668E-01
  0.34787204E-01 -0.22339836E-01 -0.21967691E-01
  0.35623125E-01 -0.21479414E-01 -0.23141694E-01
  0.36485230E-01 -0.20551485E-01 -0.24322667E-01
  0.37368569E-01 -0.19556136E-01 -0.25516436E-01
  0.38267827E-01 -0.18492894E-01 -0.26726864E-01
  0.39177409E-01 -0.17360858E-01 -0.27955249E-01
  0.40091545E-01 -0.16158897E-01 -0.29199941E-01
  0.41004384E-01 -0.14885869E-01 -0.30456241E-01
  0.41910096E-01 -0.13540863E-01 -0.31716552E-01
  0.42802976E-01 -0.12123412E-01 -0.32970794E-01
  0.43677537E-01 -0.10633695E-01 -0.34207017E-01
  0.44528597E-01 -0.90726677E-02 -0.35412186E-01
  0.45351361E-01 -0.74421490E-02 -0.36573039E-01
  0.46141475E-01 -0.57448313E-02 -0.37676967E-01
  0.46895085E-01 -0.39842276E-02 -0.38712840E-01
  0.47608861E-01 -0.21645567E-02 -0.39671692E-01
  0.48280013E-01 -0.29057929E-03 -0.40547245E-01
  0.48906286E-01  0.16326007E-02 -0.41336195E-01
  0.49485940E-01  0.35997520E-02 -0.42038269E-01
  0.50017714E-01  0.56057316E-02 -0.42656043E-01
  0.50500773E-01  0.76456809E-02 -0.43194538E-01
  0.50934653E-01  0.97151891E-02 -0.43660638E-01
  0.51319196E-01  0.11810411E-01 -0.44062380E-01
  0.51654482E-01  0.13928129E-01 -0.44408178E-01
  0.51940766E-01  0.16065768E-01 -0.44706049E-01
  0.52178416E-01  0.18221340E-01 -0.44962896E-01
  0.52367871E-01  0.20393361E-01 -0.45183922E-01
  0.52509603E-01  0.22580712E-01 -0.45372205E-01
  0.52604095E-01  0.24782489E-01 -0.45528472E-01
  0.52651841E-01  0.26997832E-01 -0.45651091E-01
  0.52653362E-01  0.29225768E-01 -0.45736262E-01
  0.52609232E-01  0.31465066E-01 -0.45778408E-01
  0.52520123E-01  0.33714120E-01 -0.45770706E-01
  0.52386863E-01  0.35970877E-01 -0.45705729E-01
  0.52210495E-01  0.38232805E-01 -0.45576132E-01
  0.51992341E-01  0.40496901E-01 -0.45375322E-01
  0.51734060E-01  0.42759753E-01 -0.45098076E-01
  0.51437701E-01  0.45017624E-01 -0.44741020E-01
  0.51105738E-01  0.47266574E-01 -0.44302975E-01
  0.50741091E-01  0.49502590E-01 -0.43785101E-01
  0.50347122E-01  0.51721726E-01 -0.43190868E-01
  0.49927614E-01  0.53920229E-01 -0.42525827E-01
  0.49486719E-01  0.56094650E-01 -0.41797230E-01
  0.49028897E-01  0.58241925E-01 -0.41013511E-01
  0.48558822E-01  0.60359419E-01 -0.40183683E-01
  0.48081285E-01  0.62444934E-01 -0.39316709E-01
  0.47601086E-01  0.64496684E-01 -0.38420874E-01
  0.47122919E-01  0.66513225E-01 -0.37503238E-01
  0.46651267E-01  0.68493367E-01 -0.36569188E-01
  0.46190300E-01  0.70436058E-01 -0.35622132E-01
  0.45743793E-01  0.72340268E-01 -0.34663363E-01
  0.45315065E-01  0.74204866E-01 -0.33692084E-01
  0.44906929E-01  0.76028510E-01 -0.32705593E-01
  0.44521680E-01  0.77809560E-01 -0.31699618E-01
  0.44161096E-01  0.79546016E-01 -0.30668757E-01
  0.43826465E-01  0.81235490E-01 -0.29606986E-01
  0.43518626E-01  0.82875209E-01 -0.28508202E-01
  0.43238034E-01  0.84462053E-01 -0.27366741E-01
  0.42984823E-01  0.85992618E-01 -0.26177847E-01
  0.42758881E-01  0.87463307E-01 -0.24938039E-01
  0.42559927E-01  0.88870434E-01 -0.23645366E-01
  0.42387574E-01  0.90210325E-01 -0.22299528E-01
  0.42241397E-01  0.91479434E-01 -0.20901854E-01
  0.42120980E-01  0.92674428E-01 -0.19455169E-01
  0.42025952E-01  0.93792268E-01 -0.17963540E-01
  0.41956016E-01  0.94830261E-01 -0.16431949E-01
  0.41910953E-01  0.95786085E-01 -0.14865929E-01
  0.41890622E-01  0.96657792E-01 -0.13271181E-01
  0.41894945E-01  0.97443788E-01 -0.11653228E-01
  0.41923881E-01  0.98142786E-01 -0.10017123E-01
  0.41977392E-01  0.98753752E-01 -0.83672402E-02
  0.42055407E-01  0.99275845E-01 -0.67071688E-02
  0.42157777E-01  0.99708356E-01 -0.50397019E-02
  0.42284240E-01  0.10005065E+00 -0.33669288E-02
  0.42434373E-01  0.10030214E+00 -0.16904060E-02
  0.42607566E-01  0.10046223E+00 -0.11387875E-04
  0.26864102E-01 -0.28410487E-01 -0.22756494E-04
  0.26975754E-01 -0.28593406E-01 -0.48151242E-03
  0.27111226E-01 -0.28736289E-01 -0.99472780E-03
  0.27270939E-01 -0.28839621E-01 -0.15815685E-02
  0.27455306E-01 -0.28903687E-01 -0.22563754E-02
  0.27664716E-01 -0.28928493E-01 -0.30280503E-02
  0.27899517E-01 -0.28913695E-01 -0.38998226E-02
  0.28159990E-01 -0.28858542E-01 -0.48694012E-02
  0.28446343E-01 -0.28761847E-01 -0.59294912E-02
  0.28758693E-01 -0.28621980E-01 -0.70686256E-02
  0.29097061E-01 -0.28436889E-01 -0.82722426E-02
  0.29461366E-01 -0.28204157E-01 -0.95239187E-02
  0.29851429E-01 -0.27921075E-01 -0.10806661E-01
  0.30266971E-01 -0.27584747E-01 -0.12104160E-01
  0.30707619E-01 -0.27192205E-01 -0.13401907E-01
  0.31172912E-01 -0.26740537E-01 -0.14688092E-01
  0.31662301E-01 -0.26227016E-01 -0.15954235E-01
  0.32175149E-01 -0.25649218E-01 -0.17195490E-01
  0.32710724E-01 -0.25005132E-01 -0.18410629E-01
  0.33268185E-01 -0.24293237E-01 -0.19601710E-01
  0.33846560E-01 -0.23512563E-01 -0.20773477E-01
  0.34444725E-01 -0.22662707E-01 -0.21932543E-01
  0.35061372E-01 -0.21743830E-01 -0.23086444E-01
  0.35694973E-01 -0.20756606E-01 -0.24242639E-01
  0.36343751E-01 -0.19702161E-01 -0.25407550E-01
  0.37005652E-01 -0.18581968E-01 -0.26585723E-01
  0.37678318E-01 -0.17397745E-01 -0.27779176E-01
  0.38359082E-01 -0.16151337E-01 -0.28986988E-01
  0.39044965E-01 -0.14844594E-01 -0.30205163E-01
  0.39732696E-01 -0.13479278E-01 -0.31426757E-01
  0.40418736E-01 -0.12056968E-01 -0.32642284E-01
  0.41099333E-01 -0.10579006E-01 -0.33840325E-01
  0.41770575E-01 -0.90464734E-02 -0.35008305E-01
  0.42428462E-01 -0.74601902E-02 -0.36133367E-01
  0.43068984E-01 -0.58207607E-02 -0.37203261E-01
  0.43688200E-01 -0.41286430E-02 -0.38207175E-01
  0.44282315E-01 -0.23842452E-02 -0.39136438E-01
  0.44847755E-01 -0.58804094E-03 -0.39985047E-01
  0.45381229E-01  0.12593078E-02 -0.40749964E-01
  0.45879776E-01  0.31568277E-02 -0.41431173E-01
  0.46340803E-01  0.51031234E-02 -0.42031499E-01
  0.46762102E-01  0.70962872E-02 -0.42556196E-01
  0.47141850E-01  0.91338384E-02 -0.43012364E-01
  0.47478603E-01  0.11212697E-01 -0.43408228E-01
  0.47771265E-01  0.13329198E-01 -0.43752356E-01
  0.48019062E-01  0.15479141E-01 -0.44052874E-01
  0.48221498E-01  0.17657881E-01 -0.44316746E-01
  0.48378321E-01  0.19860447E-01 -0.44549183E-01
  0.48489487E-01  0.22081685E-01 -0.44753210E-01
  0.48555129E-01  0.24316413E-01 -0.44929447E-01
  0.48575541E-01  0.26559585E-01 -0.45076098E-01
  0.48551164E-01  0.28806433E-01 -0.45189150E-01
  0.48482598E-01  0.31052606E-01 -0.45262762E-01
  0.48370608E-01  0.33294265E-01 -0.45289811E-01
  0.48216158E-01  0.35528156E-01 -0.45262531E-01
  0.48020433E-01  0.37751631E-01 -0.45173212E-01
  0.47784887E-01  0.39962638E-01 -0.45014876E-01
  0.47511268E-01  0.42159663E-01 -0.44781893E-01
  0.47201656E-01  0.44341642E-01 -0.44470477E-01
  0.46858483E-01  0.46507843E-01 -0.44079023E-01
  0.46484547E-01  0.48657731E-01 -0.43608269E-01
  0.46083003E-01  0.50790823E-01 -0.43061260E-01
  0.45657348E-01  0.52906543E-01 -0.42443127E-01
  0.45211377E-01  0.55004098E-01 -0.41760710E-01
  0.44749134E-01  0.57082363E-01 -0.41022045E-01
  0.44274836E-01  0.59139811E-01 -0.40235764E-01
  0.43792800E-01  0.61174459E-01 -0.39410465E-01
  0.43307345E-01  0.63183866E-01 -0.38554101E-01
  0.42822707E-01  0.65165154E-01 -0.37673424E-01
  0.42342950E-01  0.67115070E-01 -0.36773546E-01
  0.41871878E-01  0.69030067E-01 -0.35857642E-01
  0.41412967E-01  0.70906407E-01 -0.34926807E-01
  0.40969308E-01  0.72740276E-01 -0.33980089E-01
  0.40543570E-01  0.74527894E-01 -0.33014675E-01
  0.40137978E-01  0.76265622E-01 -0.32026223E-01
  0.39754316E-01  0.77950052E-01 -0.31009301E-01
  0.39393942E-01  0.79578074E-01 -0.29957895E-01
  0.39057827E-01  0.81146918E-01 -0.28865946E-01
  0.38746601E-01  0.82654168E-01 -0.27727866E-01
  0.38460612E-01  0.84097749E-01 -0.26538999E-01
  0.38199992E-01  0.85475890E-01 -0.25295989E-01
  0.37964719E-01  0.86787069E-01 -0.23997026E-01
  0.37754678E-01  0.88029944E-01 -0.22641960E-01
  0.37569723E-01  0.89203278E-01 -0.21232285E-01
  0.37409718E-01  0.90305868E-01 -0.19770990E-01
  0.37274571E-01  0.91336483E-01 -0.18262312E-01
  0.37164259E-01  0.92293816E-01 -0.16711405E-01
  0.37078834E-01  0.93176456E-01 -0.15123972E-01
  0.37018414E-01  0.93982879E-01 -0.13505888E-01
  0.36983169E-01  0.94711467E-01 -0.11862851E-01
  0.36973290E-01  0.95360540E-01 -0.10200092E-01
  0.36988953E-01  0.95928409E-01 -0.85221719E-02
  0.37030273E-01  0.96413435E-01 -0.68328723E-02
  0.37097266E-01  0.96814099E-01 -0.51351906E-02
  0.37189798E-01  0.97129061E-01 -0.34314314E-02
  0.37307551E-01  0.97357222E-01 -0.17233794E-02
  0.37449986E-01  0.97497762E-01 -0.12529440E-04
  0.27608889E-01 -0.32252996E-01 -0.20052241E-04
  0.27748795E-01 -0.32392740E-01 -0.53943068E-03
  0.27915027E-01 -0.32435178E-01 -0.11070898E-02
  0.28107222E-01 -0.32387363E-01 -0.17405463E-02
  0.28324571E-01 -0.32257944E-01 -0.24530127E-02
  0.28565847E-01 -0.32056541E-01 -0.32528280E-02
  0.28829445E-01 -0.31793066E-01 -0.41432274E-02
  0.29113438E-01 -0.31477065E-01 -0.51224568E-02
  0.29415650E-01 -0.31117108E-01 -0.61842149E-02
  0.29733734E-01 -0.30720279E-01 -0.73183798E-02
  0.30065273E-01 -0.30291792E-01 -0.85119578E-02
  0.30407872E-01 -0.29834769E-01 -0.97501767E-02
  0.30759263E-01 -0.29350170E-01 -0.11017638E-01
  0.31117399E-01 -0.28836896E-01 -0.12299439E-01
  0.31480547E-01 -0.28292039E-01 -0.13582179E-01
  0.31847357E-01 -0.27711249E-01 -0.14854779E-01
  0.32216923E-01 -0.27089193E-01 -0.16109063E-01
  0.32588810E-01 -0.26420073E-01 -0.17340056E-01
  0.32963061E-01 -0.25698134E-01 -0.18545996E-01
  0.33340171E-01 -0.24918150E-01 -0.19728068E-01
  0.33721031E-01 -0.24075838E-01 -0.20889898E-01
  0.34106847E-01 -0.23168160E-01 -0.22036848E-01
  0.34499034E-01 -0.22193512E-01 -0.23175200E-01
  0.34899093E-01 -0.21151776E-01 -0.24311280E-01
  0.35308469E-01 -0.20044238E-01 -0.25450616E-01
  0.35728420E-01 -0.18873388E-01 -0.26597198E-01
  0.36159873E-01 -0.17642628E-01 -0.27752894E-01
  0.36603310E-01 -0.16355901E-01 -0.28917078E-01
  0.37058669E-01 -0.15017298E-01 -0.30086492E-01
  0.37525266E-01 -0.13630662E-01 -0.31255342E-01
  0.38001762E-01 -0.12199235E-01 -0.32415630E-01
  0.38486157E-01 -0.10725379E-01 -0.33557669E-01
  0.38975815E-01 -0.92103837E-02 -0.34670744E-01
  0.39467533E-01 -0.76543947E-02 -0.35743859E-01
  0.39957624E-01 -0.60564577E-02 -0.36766496E-01
  0.40442034E-01 -0.44146749E-02 -0.37729331E-01
  0.40916461E-01 -0.27264630E-02 -0.38624838E-01
  0.41376493E-01 -0.98888841E-03 -0.39447744E-01
  0.41817735E-01  0.80094965E-03 -0.40195288E-01
  0.42235935E-01  0.26455195E-02 -0.40867275E-01
  0.42627087E-01  0.45464769E-02 -0.41465919E-01
  0.42987523E-01  0.65043359E-02 -0.41995505E-01
  0.43313980E-01  0.85182189E-02 -0.42461888E-01
  0.43603642E-01  0.10585708E-01 -0.42871883E-01
  0.43854164E-01  0.12702809E-01 -0.43232604E-01
  0.44063672E-01  0.14864037E-01 -0.43550795E-01
  0.44230748E-01  0.17062605E-01 -0.43832222E-01
  0.44354405E-01  0.19290722E-01 -0.44081171E-01
  0.44434051E-01  0.21539952E-01 -0.44300084E-01
  0.44469451E-01  0.23801626E-01 -0.44489376E-01
  0.44460693E-01  0.26067269E-01 -0.44647420E-01
  0.44408153E-01  0.28329002E-01 -0.44770726E-01
  0.44312474E-01  0.30579898E-01 -0.44854264E-01
  0.44174549E-01  0.32814265E-01 -0.44891929E-01
  0.43995512E-01  0.35027824E-01 -0.44877081E-01
  0.43776744E-01  0.37217789E-01 -0.44803129E-01
  0.43519874E-01  0.39382829E-01 -0.44664109E-01
  0.43226794E-01  0.41522926E-01 -0.44455195E-01
  0.42899665E-01  0.43639137E-01 -0.44173115E-01
  0.42540928E-01  0.45733289E-01 -0.43816438E-01
  0.42153302E-01  0.47807623E-01 -0.43385696E-01
  0.41739777E-01  0.49864423E-01 -0.42883360E-01
  0.41303597E-01  0.51905656E-01 -0.42313650E-01
  0.40848229E-01  0.53932648E-01 -0.41682210E-01
  0.40377323E-01  0.55945826E-01 -0.40995678E-01
  0.39894658E-01  0.57944545E-01 -0.40261182E-01
  0.39404081E-01  0.59926993E-01 -0.39485810E-01
  0.38909439E-01  0.61890212E-01 -0.38676092E-01
  0.38414513E-01  0.63830189E-01 -0.37837547E-01
  0.37922943E-01  0.65742044E-01 -0.36974307E-01
  0.37438166E-01  0.67620267E-01 -0.36088878E-01
  0.36963359E-01  0.69459007E-01 -0.35182025E-01
  0.36501390E-01  0.71252365E-01 -0.34252802E-01
  0.36054789E-01  0.72994692E-01 -0.33298717E-01
  0.35625724E-01  0.74680843E-01 -0.32316017E-01
  0.35216003E-01  0.76306386E-01 -0.31300062E-01
  0.34827085E-01  0.77867745E-01 -0.30245753E-01
  0.34460105E-01  0.79362269E-01 -0.29147992E-01
  0.34115908E-01  0.80788223E-01 -0.28002117E-01
  0.33795104E-01  0.82144708E-01 -0.26804291E-01
  0.33498109E-01  0.83431523E-01 -0.25551814E-01
  0.33225207E-01  0.84648977E-01 -0.24243326E-01
  0.32976594E-01  0.85797683E-01 -0.22878914E-01
  0.32752431E-01  0.86878332E-01 -0.21460089E-01
  0.32552878E-01  0.87891498E-01 -0.19989665E-01
  0.32378125E-01  0.88837460E-01 -0.18471554E-01
  0.32228407E-01  0.89716077E-01 -0.16910485E-01
  0.32104007E-01  0.90526721E-01 -0.15311698E-01
  0.32005248E-01  0.91268263E-01 -0.13680627E-01
  0.31932475E-01  0.91939121E-01 -0.12022605E-01
  0.31886023E-01  0.92537359E-01 -0.10342625E-01
  0.31866180E-01  0.93060823E-01 -0.86451632E-02
  0.31873149E-01  0.93507299E-01 -0.69340890E-02
  0.31907002E-01  0.93874684E-01 -0.52126569E-02
  0.31967643E-01  0.94161136E-01 -0.34835790E-02
  0.32054772E-01  0.94365209E-01 -0.17491640E-02
  0.32167857E-01  0.94485943E-01 -0.11503228E-04
  0.27885474E-01 -0.35968835E-01 -0.13948962E-04
  0.28048435E-01 -0.36078429E-01 -0.68373361E-03
  0.28239196E-01 -0.36039399E-01 -0.13881036E-02
  0.28456730E-01 -0.35863986E-01 -0.21400162E-02
  0.28699205E-01 -0.35567651E-01 -0.29493361E-02
  0.28964040E-01 -0.35168002E-01 -0.38224114E-02
  0.29247997E-01 -0.34683636E-01 -0.47618932E-02
  0.29547303E-01 -0.34132981E-01 -0.57668022E-02
  0.29857791E-01 -0.33533196E-01 -0.68328325E-02
  0.30175065E-01 -0.32899229E-01 -0.79528597E-02
  0.30494680E-01 -0.32243079E-01 -0.91176119E-02
  0.30812325E-01 -0.31573299E-01 -0.10316447E-01
  0.31124007E-01 -0.30894780E-01 -0.11538176E-01
  0.31426233E-01 -0.30208802E-01 -0.12771865E-01
  0.31716162E-01 -0.29513342E-01 -0.14007566E-01
  0.31991745E-01 -0.28803607E-01 -0.15236909E-01
  0.32251818E-01 -0.28072721E-01 -0.16453527E-01
  0.32496166E-01 -0.27312527E-01 -0.17653288E-01
  0.32725531E-01 -0.26514416E-01 -0.18834317E-01
  0.32941582E-01 -0.25670130E-01 -0.19996822E-01
  0.33146825E-01 -0.24772460E-01 -0.21142745E-01
  0.33344476E-01 -0.23815807E-01 -0.22275279E-01
  0.33538293E-01 -0.22796547E-01 -0.23398293E-01
  0.33732368E-01 -0.21713203E-01 -0.24515722E-01
  0.33930908E-01 -0.20566398E-01 -0.25630972E-01
  0.34138001E-01 -0.19358619E-01 -0.26746396E-01
  0.34357384E-01 -0.18093822E-01 -0.27862882E-01
  0.34592231E-01 -0.16776916E-01 -0.28979589E-01
  0.34844969E-01 -0.15413178E-01 -0.30093839E-01
  0.35117131E-01 -0.14007673E-01 -0.31201188E-01
  0.35409257E-01 -0.12564697E-01 -0.32295645E-01
  0.35720845E-01 -0.11087340E-01 -0.33370034E-01
  0.36050353E-01 -0.95771658E-02 -0.34416454E-01
  0.36395256E-01 -0.80340648E-02 -0.35426793E-01
  0.36752143E-01 -0.64562760E-02 -0.36393258E-01
  0.37116855E-01 -0.48405818E-02 -0.37308876E-01
  0.37484652E-01 -0.31826532E-02 -0.38167912E-01
  0.37850391E-01 -0.14775157E-02 -0.38966188E-01
  0.38208720E-01  0.27990691E-03 -0.39701261E-01
  0.38554259E-01  0.20942178E-02 -0.40372467E-01
  0.38881773E-01  0.39689931E-02 -0.40980817E-01
  0.39186320E-01  0.59062957E-02 -0.41528762E-01
  0.39463377E-01  0.79062985E-02 -0.42019858E-01
  0.39708929E-01  0.99670496E-02 -0.42458348E-01
  0.39919533E-01  0.12084399E-01 -0.42848710E-01
  0.40092353E-01  0.14252096E-01 -0.43195211E-01
  0.40225159E-01  0.16462039E-01 -0.43501485E-01
  0.40316321E-01  0.18704680E-01 -0.43770202E-01
  0.40364766E-01  0.20969517E-01 -0.44002820E-01
  0.40369940E-01  0.23245672E-01 -0.44199459E-01
  0.40331756E-01  0.25522479E-01 -0.44358902E-01
  0.40250541E-01  0.27790053E-01 -0.44478710E-01
  0.40126989E-01  0.30039789E-01 -0.44555443E-01
  0.39962117E-01  0.32264757E-01 -0.44584977E-01
  0.39757231E-01  0.34459960E-01 -0.44562862E-01
  0.39513898E-01  0.36622442E-01 -0.44484721E-01
  0.39233928E-01  0.38751242E-01 -0.44346625E-01
  0.38919356E-01  0.40847199E-01 -0.44145438E-01
  0.38572438E-01  0.42912620E-01 -0.43879092E-01
  0.38195640E-01  0.44950863E-01 -0.43546763E-01
  0.37791629E-01  0.46965838E-01 -0.43148955E-01
  0.37363263E-01  0.48961504E-01 -0.42687467E-01
  0.36913574E-01  0.50941364E-01 -0.42165257E-01
  0.36445743E-01  0.52908031E-01 -0.41586219E-01
  0.35963071E-01  0.54862874E-01 -0.40954886E-01
  0.35468942E-01  0.56805783E-01 -0.40276081E-01
  0.34966780E-01  0.58735058E-01 -0.39554567E-01
  0.34460000E-01  0.60647435E-01 -0.38794691E-01
  0.33951961E-01  0.62538234E-01 -0.38000080E-01
  0.33445910E-01  0.64401618E-01 -0.37173402E-01
  0.32944940E-01  0.66230935E-01 -0.36316198E-01
  0.32451944E-01  0.68019113E-01 -0.35428824E-01
  0.31969580E-01  0.69759080E-01 -0.34510474E-01
  0.31500245E-01  0.71444154E-01 -0.33559307E-01
  0.31046061E-01  0.73068406E-01 -0.32572644E-01
  0.30608865E-01  0.74626930E-01 -0.31547232E-01
  0.30190223E-01  0.76116031E-01 -0.30479548E-01
  0.29791443E-01  0.77533306E-01 -0.29366115E-01
  0.29413602E-01  0.78877618E-01 -0.28203801E-01
  0.29057580E-01  0.80148973E-01 -0.26990100E-01
  0.28724100E-01  0.81348312E-01 -0.25723337E-01
  0.28413763E-01  0.82477244E-01 -0.24402824E-01
  0.28127092E-01  0.83537747E-01 -0.23028929E-01
  0.27864560E-01  0.84531858E-01 -0.21603067E-01
  0.27626624E-01  0.85461389E-01 -0.20127630E-01
  0.27413743E-01  0.86327691E-01 -0.18605841E-01
  0.27226384E-01  0.87131477E-01 -0.17041577E-01
  0.27065025E-01  0.87872732E-01 -0.15439159E-01
  0.26930142E-01  0.88550697E-01 -0.13803139E-01
  0.26822191E-01  0.89163943E-01 -0.12138103E-01
  0.26741576E-01  0.89710501E-01 -0.10448505E-01
  0.26688620E-01  0.90188055E-01 -0.87385464E-02
  0.26663529E-01  0.90594160E-01 -0.70121042E-02
  0.26666357E-01  0.90926465E-01 -0.52727210E-02
  0.26696974E-01  0.91182927E-01 -0.35236416E-02
  0.26755042E-01  0.91361976E-01 -0.17678934E-02
  0.26839999E-01  0.91462639E-01 -0.83973836E-05
  0.27172388E-01 -0.39007875E-01 -0.55009709E-05
  0.27350752E-01 -0.39103355E-01 -0.89763444E-03
  0.27556687E-01 -0.39013853E-01 -0.18055410E-02
  0.27788747E-01 -0.38754626E-01 -0.27353070E-02
  0.28044447E-01 -0.38345302E-01 -0.36916168E-02
  0.28320347E-01 -0.37808553E-01 -0.46775568E-02
  0.28612181E-01 -0.37168645E-01 -0.56945289E-02
  0.28915015E-01 -0.36449956E-01 -0.67422747E-02
  0.29223435E-01 -0.35675578E-01 -0.78190059E-02
  0.29531768E-01 -0.34866077E-01 -0.89216257E-02
  0.29834311E-01 -0.34038505E-01 -0.10046025E-01
  0.30125574E-01 -0.33205706E-01 -0.11187422E-01
  0.30400515E-01 -0.32375955E-01 -0.12340730E-01
  0.30654772E-01 -0.31552939E-01 -0.13500909E-01
  0.30884861E-01 -0.30736056E-01 -0.14663286E-01
  0.31088350E-01 -0.29920995E-01 -0.15823821E-01
  0.31263982E-01 -0.29100535E-01 -0.16979290E-01
  0.31411753E-01 -0.28265483E-01 -0.18127387E-01
  0.31532930E-01 -0.27405688E-01 -0.19266730E-01
  0.31630005E-01 -0.26511012E-01 -0.20396784E-01
  0.31706595E-01 -0.25572228E-01 -0.21517702E-01
  0.31767277E-01 -0.24581734E-01 -0.22630112E-01
  0.31817382E-01 -0.23534072E-01 -0.23734861E-01
  0.31862738E-01 -0.22426196E-01 -0.24832749E-01
  0.31909390E-01 -0.21257504E-01 -0.25924269E-01
  0.31963308E-01 -0.20029625E-01 -0.27009379E-01
  0.32030097E-01 -0.18746022E-01 -0.28087338E-01
  0.32114720E-01 -0.17411431E-01 -0.29156590E-01
  0.32221259E-01 -0.16031218E-01 -0.30214737E-01
  0.32352724E-01 -0.14610710E-01 -0.31258580E-01
  0.32510907E-01 -0.13154561E-01 -0.32284237E-01
  0.32696310E-01 -0.11666222E-01 -0.33287306E-01
  0.32908128E-01 -0.10147551E-01 -0.34263089E-01
  0.33144300E-01 -0.85986066E-02 -0.35206824E-01
  0.33401610E-01 -0.70176344E-02 -0.36113926E-01
  0.33675845E-01 -0.54012472E-02 -0.36980213E-01
  0.33961982E-01 -0.37447796E-02 -0.37802089E-01
  0.34254406E-01 -0.20427824E-02 -0.38576686E-01
  0.34547136E-01 -0.28961208E-03 -0.39301941E-01
  0.34834049E-01  0.15199405E-02 -0.39976615E-01
  0.35109097E-01  0.33900360E-02 -0.40600242E-01
  0.35366491E-01  0.53232421E-02 -0.41173029E-01
  0.35600866E-01  0.73201074E-02 -0.41695714E-01
  0.35807408E-01  0.93788873E-02 -0.42169384E-01
  0.35981940E-01  0.11495449E-01 -0.42595287E-01
  0.36120976E-01  0.13663359E-01 -0.42974644E-01
  0.36221747E-01  0.15874151E-01 -0.43308478E-01
  0.36282188E-01  0.18117748E-01 -0.43597474E-01
  0.36300907E-01  0.20383003E-01 -0.43841886E-01
  0.36277141E-01  0.22658319E-01 -0.44041488E-01
  0.36210691E-01  0.24932291E-01 -0.44195576E-01
  0.36101861E-01  0.27194330E-01 -0.44303025E-01
  0.35951393E-01  0.29435208E-01 -0.44362378E-01
  0.35760403E-01  0.31647490E-01 -0.44371976E-01
  0.35530327E-01  0.33825827E-01 -0.44330107E-01
  0.35262874E-01  0.35967070E-01 -0.44235159E-01
  0.34959989E-01  0.38070232E-01 -0.44085772E-01
  0.34623816E-01  0.40136271E-01 -0.43880963E-01
  0.34256680E-01  0.42167745E-01 -0.43620224E-01
  0.33861064E-01  0.44168351E-01 -0.43303586E-01
  0.33439592E-01  0.46142400E-01 -0.42931628E-01
  0.32995014E-01  0.48094259E-01 -0.42505452E-01
  0.32530189E-01  0.50027816E-01 -0.42026607E-01
  0.32048066E-01  0.51946015E-01 -0.41496986E-01
  0.31551662E-01  0.53850470E-01 -0.40918689E-01
  0.31044035E-01  0.55741219E-01 -0.40293871E-01
  0.30528255E-01  0.57616610E-01 -0.39624589E-01
  0.30007374E-01  0.59473328E-01 -0.38912659E-01
  0.29484390E-01  0.61306564E-01 -0.38159529E-01
  0.28962214E-01  0.63110300E-01 -0.37366182E-01
  0.28443636E-01  0.64877678E-01 -0.36533086E-01
  0.27931300E-01  0.66601430E-01 -0.35660173E-01
  0.27427674E-01  0.68274330E-01 -0.34746871E-01
  0.26935036E-01  0.69889618E-01 -0.33792167E-01
  0.26455458E-01  0.71441378E-01 -0.32794712E-01
  0.25990809E-01  0.72924834E-01 -0.31752951E-01
  0.25542749E-01  0.74336542E-01 -0.30665262E-01
  0.25112750E-01  0.75674470E-01 -0.29530114E-01
  0.24702106E-01  0.76937958E-01 -0.28346204E-01
  0.24311960E-01  0.78127582E-01 -0.27112597E-01
  0.23943323E-01  0.79244921E-01 -0.25828820E-01
  0.23597106E-01  0.80292263E-01 -0.24494949E-01
  0.23274142E-01  0.81272275E-01 -0.23111645E-01
  0.22975204E-01  0.82187669E-01 -0.21680168E-01
  0.22701026E-01  0.83040894E-01 -0.20202349E-01
  0.22452308E-01  0.83833879E-01 -0.18680543E-01
  0.22229719E-01  0.84567847E-01 -0.17117556E-01
  0.22033892E-01  0.85243212E-01 -0.15516565E-01
  0.21865410E-01  0.85859576E-01 -0.13881023E-01
  0.21724787E-01  0.86415796E-01 -0.12214576E-01
  0.21612442E-01  0.86910133E-01 -0.10520990E-01
  0.21528677E-01  0.87340455E-01 -0.88040849E-02
  0.21473646E-01  0.87704467E-01 -0.70676954E-02
  0.21447337E-01  0.87999952E-01 -0.53156482E-02
  0.21449547E-01  0.88224989E-01 -0.35517562E-02
  0.21479876E-01  0.88378128E-01 -0.17798291E-02
  0.21537718E-01  0.88458515E-01 -0.36929488E-05
  0.25067575E-01 -0.40962233E-01  0.38444238E-05
  0.25252535E-01 -0.41059914E-01 -0.11521374E-02
  0.25462791E-01 -0.40958024E-01 -0.23031064E-02
  0.25696786E-01 -0.40672223E-01 -0.34469881E-02
  0.25951873E-01 -0.40223011E-01 -0.45821917E-02
  0.26224408E-01 -0.39634355E-01 -0.57076907E-02
  0.26509885E-01 -0.38932184E-01 -0.68230633E-02
  0.26803108E-01 -0.38142835E-01 -0.79284900E-02
  0.27098396E-01 -0.37291566E-01 -0.90247093E-02
  0.27389808E-01 -0.36401227E-01 -0.10112936E-01
  0.27671393E-01 -0.35491174E-01 -0.11194746E-01
  0.27937447E-01 -0.34576477E-01 -0.12271945E-01
  0.28182755E-01 -0.33667478E-01 -0.13346413E-01
  0.28402841E-01 -0.32769682E-01 -0.14419959E-01
  0.28594172E-01 -0.31883999E-01 -0.15494174E-01
  0.28754339E-01 -0.31007271E-01 -0.16570306E-01
  0.28882192E-01 -0.30133037E-01 -0.17649159E-01
  0.28977911E-01 -0.29252465E-01 -0.18731024E-01
  0.29043031E-01 -0.28355364E-01 -0.19815638E-01
  0.29080390E-01 -0.27431194E-01 -0.20902184E-01
  0.29094025E-01 -0.26469993E-01 -0.21989319E-01
  0.29088997E-01 -0.25463159E-01 -0.23075233E-01
  0.29071170E-01 -0.24404031E-01 -0.24157730E-01
  0.29046948E-01 -0.23288237E-01 -0.25234323E-01
  0.29022975E-01 -0.22113798E-01 -0.26302339E-01
  0.29005829E-01 -0.20881002E-01 -0.27359022E-01
  0.29001712E-01 -0.19592072E-01 -0.28401632E-01
  0.29016159E-01 -0.18250677E-01 -0.29427525E-01
  0.29053787E-01 -0.16861336E-01 -0.30434217E-01
  0.29118082E-01 -0.15428788E-01 -0.31419427E-01
  0.29211252E-01 -0.13957387E-01 -0.32381090E-01
  0.29334137E-01 -0.12450567E-01 -0.33317355E-01
  0.29486191E-01 -0.10910452E-01 -0.34226556E-01
  0.29665529E-01 -0.93376105E-02 -0.35107168E-01
  0.29869032E-01 -0.77310095E-02 -0.35957755E-01
  0.30092502E-01 -0.60881366E-02 -0.36776905E-01
  0.30330866E-01 -0.44052950E-02 -0.37563183E-01
  0.30578392E-01 -0.26780331E-02 -0.38315071E-01
  0.30828933E-01 -0.90166840E-03 -0.39030943E-01
  0.31076160E-01  0.92814396E-03 -0.39709040E-01
  0.31313792E-01  0.28148498E-02 -0.40347481E-01
  0.31535794E-01  0.47604927E-02 -0.40944281E-01
  0.31736551E-01  0.67653141E-02 -0.41497399E-01
  0.31911007E-01  0.88274912E-02 -0.42004798E-01
  0.32054761E-01  0.10943035E-01 -0.42464510E-01
  0.32164132E-01  0.13105861E-01 -0.42874719E-01
  0.32236184E-01  0.15308015E-01 -0.43233829E-01
  0.32268722E-01  0.17540053E-01 -0.43540535E-01
  0.32260263E-01  0.19791529E-01 -0.43793869E-01
  0.32209988E-01  0.22051551E-01 -0.43993240E-01
  0.32117681E-01  0.24309370E-01 -0.44138441E-01
  0.31983658E-01  0.26554944E-01 -0.44229642E-01
  0.31808698E-01  0.28779445E-01 -0.44267351E-01
  0.31593973E-01  0.30975652E-01 -0.44252367E-01
  0.31340989E-01  0.33138226E-01 -0.44185708E-01
  0.31051522E-01  0.35263823E-01 -0.44068531E-01
  0.30727578E-01  0.37351061E-01 -0.43902048E-01
  0.30371348E-01  0.39400339E-01 -0.43687443E-01
  0.29985176E-01  0.41413521E-01 -0.43425797E-01
  0.29571532E-01  0.43393529E-01 -0.43118025E-01
  0.29132991E-01  0.45343868E-01 -0.42764825E-01
  0.28672212E-01  0.47268128E-01 -0.42366654E-01
  0.28191922E-01  0.49169503E-01 -0.41923715E-01
  0.27694893E-01  0.51050367E-01 -0.41435969E-01
  0.27183930E-01  0.52911934E-01 -0.40903161E-01
  0.26661848E-01  0.54754033E-01 -0.40324855E-01
  0.26131451E-01  0.56575010E-01 -0.39700492E-01
  0.25595512E-01  0.58371751E-01 -0.39029436E-01
  0.25056751E-01  0.60139840E-01 -0.38311032E-01
  0.24517810E-01  0.61873811E-01 -0.37544659E-01
  0.23981240E-01  0.63567489E-01 -0.36729768E-01
  0.23449477E-01  0.65214374E-01 -0.35865925E-01
  0.22924828E-01  0.66808045E-01 -0.34952825E-01
  0.22409467E-01  0.68342542E-01 -0.33990314E-01
  0.21905421E-01  0.69812710E-01 -0.32978385E-01
  0.21414574E-01  0.71214450E-01 -0.31917176E-01
  0.20938666E-01  0.72544897E-01 -0.30806959E-01
  0.20479304E-01  0.73802479E-01 -0.29648125E-01
  0.20037969E-01  0.74986885E-01 -0.28441179E-01
  0.19616030E-01  0.76098928E-01 -0.27186722E-01
  0.19214758E-01  0.77140335E-01 -0.25885461E-01
  0.18835336E-01  0.78113478E-01 -0.24538209E-01
  0.18478869E-01  0.79021072E-01 -0.23145903E-01
  0.18146396E-01  0.79865875E-01 -0.21709630E-01
  0.17838889E-01  0.80650406E-01 -0.20230657E-01
  0.17557255E-01  0.81376713E-01 -0.18710470E-01
  0.17302326E-01  0.82046210E-01 -0.17150812E-01
  0.17074850E-01  0.82659583E-01 -0.15553718E-01
  0.16875476E-01  0.83216779E-01 -0.13921551E-01
  0.16704737E-01  0.83717075E-01 -0.12257018E-01
  0.16563032E-01  0.84159204E-01 -0.10563189E-01
  0.16450607E-01  0.84541535E-01 -0.88434897E-02
  0.16367540E-01  0.84862279E-01 -0.71016813E-02
  0.16313734E-01  0.85119690E-01 -0.53418313E-02
  0.16288907E-01  0.85312262E-01 -0.35682632E-02
  0.16292596E-01  0.85438879E-01 -0.17854974E-02
  0.16324164E-01  0.85498914E-01  0.18180811E-05
  0.21358479E-01 -0.41648274E-01  0.12498966E-04
  0.21541502E-01 -0.41762263E-01 -0.14104959E-02
  0.21745531E-01 -0.41687166E-01 -0.28090845E-02
  0.21969234E-01 -0.41436426E-01 -0.41730298E-02
  0.22210328E-01 -0.41027984E-01 -0.54943505E-02
  0.22465666E-01 -0.40483094E-01 -0.67676820E-02
  0.22731355E-01 -0.39824998E-01 -0.79904562E-02
  0.23002907E-01 -0.39077557E-01 -0.91628939E-02
  0.23275420E-01 -0.38263917E-01 -0.10287815E-01
  0.23543778E-01 -0.37405307E-01 -0.11370283E-01
  0.23802870E-01 -0.36520034E-01 -0.12417125E-01
  0.24047808E-01 -0.35622733E-01 -0.13436343E-01
  0.24274152E-01 -0.34723900E-01 -0.14436495E-01
  0.24478116E-01 -0.33829739E-01 -0.15426053E-01
  0.24656752E-01 -0.32942292E-01 -0.16412822E-01
  0.24808107E-01 -0.32059842E-01 -0.17403430E-01
  0.24931336E-01 -0.31177524E-01 -0.18402938E-01
  0.25026764E-01 -0.30288098E-01 -0.19414583E-01
  0.25095902E-01 -0.29382812E-01 -0.20439678E-01
  0.25141400E-01 -0.28452271E-01 -0.21477649E-01
  0.25166948E-01 -0.27487267E-01 -0.22526215E-01
  0.25177119E-01 -0.26479492E-01 -0.23581682E-01
  0.25177168E-01 -0.25422091E-01 -0.24639311E-01
  0.25172794E-01 -0.24310036E-01 -0.25693744E-01
  0.25169876E-01 -0.23140294E-01 -0.26739440E-01
  0.25174189E-01 -0.21911795E-01 -0.27771078E-01
  0.25191137E-01 -0.20625231E-01 -0.28783915E-01
  0.25225490E-01 -0.19282709E-01 -0.29774053E-01
  0.25281157E-01 -0.17887306E-01 -0.30738606E-01
  0.25361006E-01 -0.16442580E-01 -0.31675761E-01
  0.25466729E-01 -0.14952076E-01 -0.32584729E-01
  0.25598771E-01 -0.13418896E-01 -0.33465596E-01
  0.25756320E-01 -0.11845345E-01 -0.34319104E-01
  0.25937350E-01 -0.10232709E-01 -0.35146362E-01
  0.26138729E-01 -0.85811667E-02 -0.35948548E-01
  0.26356359E-01 -0.68898395E-02 -0.36726597E-01
  0.26585368E-01 -0.51569787E-02 -0.37480937E-01
  0.26820309E-01 -0.33802593E-02 -0.38211268E-01
  0.27055384E-01 -0.15571540E-02 -0.38916422E-01
  0.27284659E-01  0.31465082E-03 -0.39594310E-01
  0.27502268E-01  0.22368371E-02 -0.40241960E-01
  0.27702603E-01  0.42100751E-02 -0.40855639E-01
  0.27880459E-01  0.62337155E-02 -0.41431051E-01
  0.28031168E-01  0.83055825E-02 -0.41963593E-01
  0.28150681E-01  0.10421885E-01 -0.42448642E-01
  0.28235626E-01  0.12577257E-01 -0.42881855E-01
  0.28283328E-01  0.14764916E-01 -0.43259445E-01
  0.28291805E-01  0.16976943E-01 -0.43578424E-01
  0.28259741E-01  0.19204632E-01 -0.43836779E-01
  0.28186442E-01  0.21438915E-01 -0.44033576E-01
  0.28071777E-01  0.23670796E-01 -0.44168986E-01
  0.27916119E-01  0.25891783E-01 -0.44244218E-01
  0.27720276E-01  0.28094265E-01 -0.44261384E-01
  0.27485433E-01  0.30271824E-01 -0.44223295E-01
  0.27213090E-01  0.32419443E-01 -0.44133215E-01
  0.26905012E-01  0.34533602E-01 -0.43994583E-01
  0.26563179E-01  0.36612269E-01 -0.43810737E-01
  0.26189752E-01  0.38654766E-01 -0.43584653E-01
  0.25787034E-01  0.40661550E-01 -0.43318729E-01
  0.25357445E-01  0.42633913E-01 -0.43014615E-01
  0.24903495E-01  0.44573637E-01 -0.42673117E-01
  0.24427762E-01  0.46482624E-01 -0.42294167E-01
  0.23932872E-01  0.48362543E-01 -0.41876868E-01
  0.23421480E-01  0.50214517E-01 -0.41419596E-01
  0.22896251E-01  0.52038872E-01 -0.40920168E-01
  0.22359838E-01  0.53834966E-01 -0.40376031E-01
  0.21814871E-01  0.55601118E-01 -0.39784485E-01
  0.21263936E-01  0.57334626E-01 -0.39142899E-01
  0.20709558E-01  0.59031880E-01 -0.38448916E-01
  0.20154194E-01  0.60688551E-01 -0.37700619E-01
  0.19600214E-01  0.62299838E-01 -0.36896662E-01
  0.19049901E-01  0.63860755E-01 -0.36036341E-01
  0.18505436E-01  0.65366428E-01 -0.35119615E-01
  0.17968905E-01  0.66812377E-01 -0.34147067E-01
  0.17442292E-01  0.68194763E-01 -0.33119834E-01
  0.16927485E-01  0.69510578E-01 -0.32039477E-01
  0.16426280E-01  0.70757769E-01 -0.30907855E-01
  0.15940386E-01  0.71935280E-01 -0.29726968E-01
  0.15471429E-01  0.73043023E-01 -0.28498820E-01
  0.15020960E-01  0.74081775E-01 -0.27225298E-01
  0.14590455E-01  0.75053018E-01 -0.25908085E-01
  0.14181318E-01  0.75958735E-01 -0.24548609E-01
  0.13794880E-01  0.76801185E-01 -0.23148040E-01
  0.13432391E-01  0.77582680E-01 -0.21707328E-01
  0.13095015E-01  0.78305369E-01 -0.20227281E-01
  0.12783816E-01  0.78971069E-01 -0.18708673E-01
  0.12499748E-01  0.79581139E-01 -0.17152375E-01
  0.12243634E-01  0.80136406E-01 -0.15559488E-01
  0.12016159E-01  0.80637158E-01 -0.13931474E-01
  0.11817847E-01  0.81083188E-01 -0.12270269E-01
  0.11649056E-01  0.81473882E-01 -0.10578358E-01
  0.11509967E-01  0.81808345E-01 -0.88588255E-02
  0.11400581E-01  0.82085545E-01 -0.71153465E-02
  0.11320721E-01  0.82304459E-01 -0.53521499E-02
  0.11270041E-01  0.82464204E-01 -0.35739313E-02
  0.11248043E-01  0.82564142E-01 -0.17857370E-02
  0.11254087E-01  0.82603943E-01  0.71768852E-05
  0.16061747E-01 -0.41154275E-01  0.19007937E-04
  0.16235888E-01 -0.41294567E-01 -0.16342138E-02
  0.16425154E-01 -0.41280388E-01 -0.32480771E-02
  0.16628737E-01 -0.41120740E-01 -0.48055278E-02
  0.16845199E-01 -0.40827997E-01 -0.62931414E-02
  0.17072525E-01 -0.40417094E-01 -0.77017196E-02
  0.17308206E-01 -0.39904598E-01 -0.90265983E-02
  0.17549342E-01 -0.39307740E-01 -0.10267654E-01
  0.17792765E-01 -0.38643466E-01 -0.11429015E-01
  0.18035169E-01 -0.37927557E-01 -0.12518516E-01
  0.18273266E-01 -0.37173882E-01 -0.13546931E-01
  0.18503926E-01 -0.36393818E-01 -0.14527053E-01
  0.18724332E-01 -0.35595860E-01 -0.15472702E-01
  0.18932119E-01 -0.34785451E-01 -0.16397708E-01
  0.19125496E-01 -0.33965007E-01 -0.17314973E-01
  0.19303347E-01 -0.33134138E-01 -0.18235655E-01
  0.19465306E-01 -0.32290022E-01 -0.19168535E-01
  0.19611792E-01 -0.31427911E-01 -0.20119596E-01
  0.19744016E-01 -0.30541702E-01 -0.21091847E-01
  0.19863932E-01 -0.29624547E-01 -0.22085374E-01
  0.19974166E-01 -0.28669439E-01 -0.23097608E-01
  0.20077895E-01 -0.27669744E-01 -0.24123774E-01
  0.20178698E-01 -0.26619637E-01 -0.25157473E-01
  0.20280378E-01 -0.25514425E-01 -0.26191345E-01
  0.20386770E-01 -0.24350744E-01 -0.27217744E-01
  0.20501541E-01 -0.23126615E-01 -0.28229382E-01
  0.20627991E-01 -0.21841394E-01 -0.29219881E-01
  0.20768871E-01 -0.20495608E-01 -0.30184193E-01
  0.20926230E-01 -0.19090720E-01 -0.31118862E-01
  0.21101287E-01 -0.17628847E-01 -0.32022118E-01
  0.21294352E-01 -0.16112462E-01 -0.32893800E-01
  0.21504789E-01 -0.14544113E-01 -0.33735120E-01
  0.21731021E-01 -0.12926182E-01 -0.34548319E-01
  0.21970587E-01 -0.11260708E-01 -0.35336216E-01
  0.22220232E-01 -0.95492813E-02 -0.36101740E-01
  0.22476035E-01 -0.77930279E-02 -0.36847445E-01
  0.22733557E-01 -0.59926611E-02 -0.37575092E-01
  0.22988009E-01 -0.41486077E-02 -0.38285308E-01
  0.23234422E-01 -0.22611848E-02 -0.38977361E-01
  0.23467816E-01 -0.33080762E-03 -0.39649075E-01
  0.23683351E-01  0.16417926E-02 -0.40296880E-01
  0.23876467E-01  0.36553638E-02 -0.40915991E-01
  0.24042996E-01  0.57079624E-02 -0.41500708E-01
  0.24179246E-01  0.77968324E-02 -0.42044793E-01
  0.24282060E-01  0.99183472E-02 -0.42541908E-01
  0.24348852E-01  0.12068019E-01 -0.42986052E-01
  0.24377613E-01  0.14240578E-01 -0.43371987E-01
  0.24366901E-01  0.16430109E-01 -0.43695589E-01
  0.24315813E-01  0.18630244E-01 -0.43954117E-01
  0.24223954E-01  0.20834383E-01 -0.44146368E-01
  0.24091384E-01  0.23035936E-01 -0.44272704E-01
  0.23918577E-01  0.25228560E-01 -0.44334967E-01
  0.23706372E-01  0.27406373E-01 -0.44336268E-01
  0.23455927E-01  0.29564135E-01 -0.44280692E-01
  0.23168677E-01  0.31697370E-01 -0.44172932E-01
  0.22846296E-01  0.33802438E-01 -0.44017883E-01
  0.22490668E-01  0.35876543E-01 -0.43820244E-01
  0.22103850E-01  0.37917674E-01 -0.43584137E-01
  0.21688048E-01  0.39924501E-01 -0.43312795E-01
  0.21245594E-01  0.41896225E-01 -0.43008330E-01
  0.20778916E-01  0.43832400E-01 -0.42671600E-01
  0.20290517E-01  0.45732741E-01 -0.42302182E-01
  0.19782951E-01  0.47596942E-01 -0.41898446E-01
  0.19258802E-01  0.49424504E-01 -0.41457732E-01
  0.18720656E-01  0.51214604E-01 -0.40976593E-01
  0.18171083E-01  0.52966000E-01 -0.40451098E-01
  0.17612618E-01  0.54676994E-01 -0.39877161E-01
  0.17047742E-01  0.56345431E-01 -0.39250865E-01
  0.16478873E-01  0.57968764E-01 -0.38568762E-01
  0.15908348E-01  0.59544142E-01 -0.37828121E-01
  0.15338428E-01  0.61068546E-01 -0.37027106E-01
  0.14771288E-01  0.62538937E-01 -0.36164877E-01
  0.14209022E-01  0.63952409E-01 -0.35241600E-01
  0.13653647E-01  0.65306338E-01 -0.34258387E-01
  0.13107110E-01  0.66598512E-01 -0.33217157E-01
  0.12571295E-01  0.67827229E-01 -0.32120447E-01
  0.12048030E-01  0.68991364E-01 -0.30971185E-01
  0.11539090E-01  0.70090382E-01 -0.29772457E-01
  0.11046205E-01  0.71124330E-01 -0.28527282E-01
  0.10571054E-01  0.72093767E-01 -0.27238416E-01
  0.10115266E-01  0.72999687E-01 -0.25908206E-01
  0.96804063E-02  0.73843399E-01 -0.24538511E-01
  0.92679696E-02  0.74626406E-01 -0.23130676E-01
  0.88793609E-02  0.75350280E-01 -0.21685585E-01
  0.85158793E-02  0.76016545E-01 -0.20203769E-01
  0.81786981E-02  0.76626579E-01 -0.18685557E-01
  0.78688460E-02  0.77181538E-01 -0.17131268E-01
  0.75871894E-02  0.77682317E-01 -0.15541405E-01
  0.73344179E-02  0.78129529E-01 -0.13916851E-01
  0.71110339E-02  0.78523526E-01 -0.12259034E-01
  0.69173486E-02  0.78864434E-01 -0.10570049E-01
  0.67534828E-02  0.79152208E-01 -0.88527327E-02
  0.66193757E-02  0.79386702E-01 -0.71106701E-02
  0.65147989E-02  0.79567730E-01 -0.53481455E-02
  0.64393761E-02  0.79695127E-01 -0.35700349E-02
  0.63926070E-02  0.79768792E-01 -0.17816523E-02
  0.63738940E-02  0.79788716E-01  0.11435925E-04
  0.94242621E-02 -0.39844061E-01  0.22298717E-04
  0.95851625E-02 -0.40015422E-01 -0.17896295E-02
  0.97544665E-02 -0.40085794E-01 -0.35539457E-02
  0.99321156E-02 -0.40058265E-01 -0.52493022E-02
  0.10117864E-01 -0.39937539E-01 -0.68587409E-02
  0.10311296E-01 -0.39729616E-01 -0.83704400E-02
  0.10511852E-01 -0.39441420E-01 -0.97781104E-02
  0.10718861E-01 -0.39080391E-01 -0.11081027E-01
  0.10931580E-01 -0.38654071E-01 -0.12283708E-01
  0.11149238E-01 -0.38169713E-01 -0.13395263E-01
  0.11371081E-01 -0.37633923E-01 -0.14428496E-01
  0.11596423E-01 -0.37052364E-01 -0.15398797E-01
  0.11824689E-01 -0.36429536E-01 -0.16322943E-01
  0.12055464E-01 -0.35768633E-01 -0.17217881E-01
  0.12288523E-01 -0.35071484E-01 -0.18099576E-01
  0.12523858E-01 -0.34338584E-01 -0.18982017E-01
  0.12761701E-01 -0.33569195E-01 -0.19876430E-01
  0.13002514E-01 -0.32761507E-01 -0.20790752E-01
  0.13246981E-01 -0.31912855E-01 -0.21729387E-01
  0.13495973E-01 -0.31019960E-01 -0.22693241E-01
  0.13750501E-01 -0.30079193E-01 -0.23680015E-01
  0.14011650E-01 -0.29086825E-01 -0.24684725E-01
  0.14280504E-01 -0.28039269E-01 -0.25700377E-01
  0.14558062E-01 -0.26933284E-01 -0.26718742E-01
  0.14845143E-01 -0.25766144E-01 -0.27731166E-01
  0.15142299E-01 -0.24535760E-01 -0.28729330E-01
  0.15449731E-01 -0.23240753E-01 -0.29705913E-01
  0.15767215E-01 -0.21880489E-01 -0.30655105E-01
  0.16094049E-01 -0.20455060E-01 -0.31572934E-01
  0.16429016E-01 -0.18965245E-01 -0.32457393E-01
  0.16770374E-01 -0.17412436E-01 -0.33308367E-01
  0.17115871E-01 -0.15798550E-01 -0.34127375E-01
  0.17462783E-01 -0.14125932E-01 -0.34917178E-01
  0.17807975E-01 -0.12397258E-01 -0.35681267E-01
  0.18147982E-01 -0.10615449E-01 -0.36423313E-01
  0.18479104E-01 -0.87835894E-02 -0.37146614E-01
  0.18797510E-01 -0.69048694E-02 -0.37853599E-01
  0.19099343E-01 -0.49825386E-02 -0.38545424E-01
  0.19380821E-01 -0.30198804E-02 -0.39221712E-01
  0.19638338E-01 -0.10202001E-02 -0.39880432E-01
  0.19868538E-01  0.10131727E-02 -0.40517947E-01
  0.20068389E-01  0.30768736E-02 -0.41129210E-01
  0.20235223E-01  0.51674869E-02 -0.41708096E-01
  0.20366776E-01  0.72815269E-02 -0.42247823E-01
  0.20461198E-01  0.94154228E-02 -0.42741445E-01
  0.20517054E-01  0.11565507E-01 -0.43182350E-01
  0.20533309E-01  0.13728010E-01 -0.43564736E-01
  0.20509317E-01  0.15899069E-01 -0.43884017E-01
  0.20444786E-01  0.18074736E-01 -0.44137128E-01
  0.20339755E-01  0.20251001E-01 -0.44322699E-01
  0.20194567E-01  0.22423825E-01 -0.44441097E-01
  0.20009841E-01  0.24589166E-01 -0.44494329E-01
  0.19786454E-01  0.26743020E-01 -0.44485810E-01
  0.19525517E-01  0.28881459E-01 -0.44420032E-01
  0.19228362E-01  0.31000664E-01 -0.44302157E-01
  0.18896527E-01  0.33096958E-01 -0.44137565E-01
  0.18531741E-01  0.35166830E-01 -0.43931404E-01
  0.18135915E-01  0.37206960E-01 -0.43688170E-01
  0.17711117E-01  0.39214226E-01 -0.43411358E-01
  0.17259562E-01  0.41185712E-01 -0.43103208E-01
  0.16783586E-01  0.43118709E-01 -0.42764554E-01
  0.16285622E-01  0.45010707E-01 -0.42394799E-01
  0.15768174E-01  0.46859385E-01 -0.41992011E-01
  0.15233788E-01  0.48662600E-01 -0.41553112E-01
  0.14685019E-01  0.50418374E-01 -0.41074168E-01
  0.14124413E-01  0.52124880E-01 -0.40550721E-01
  0.13554473E-01  0.53780435E-01 -0.39978166E-01
  0.12977642E-01  0.55383488E-01 -0.39352116E-01
  0.12396292E-01  0.56932621E-01 -0.38668735E-01
  0.11812710E-01  0.58426545E-01 -0.37925020E-01
  0.11229094E-01  0.59864105E-01 -0.37118991E-01
  0.10647561E-01  0.61244286E-01 -0.36249805E-01
  0.10070150E-01  0.62566220E-01 -0.35317766E-01
  0.94988335E-02  0.63829192E-01 -0.34324242E-01
  0.89355283E-02  0.65032652E-01 -0.33271512E-01
  0.83821096E-02  0.66176216E-01 -0.32162545E-01
  0.78404195E-02  0.67259672E-01 -0.31000739E-01
  0.73122736E-02  0.68282978E-01 -0.29789656E-01
  0.67994633E-02  0.69246258E-01 -0.28532759E-01
  0.63037512E-02  0.70149794E-01 -0.27233194E-01
  0.58268618E-02  0.70994014E-01 -0.25893621E-01
  0.53704664E-02  0.71779478E-01 -0.24516114E-01
  0.49361628E-02  0.72506855E-01 -0.23102138E-01
  0.45254522E-02  0.73176910E-01 -0.21652601E-01
  0.41397138E-02  0.73790478E-01 -0.20167972E-01
  0.37801805E-02  0.74348447E-01 -0.18648450E-01
  0.34479161E-02  0.74851731E-01 -0.17094172E-01
  0.31437971E-02  0.75301260E-01 -0.15505436E-01
  0.28685003E-02  0.75697950E-01 -0.13882911E-01
  0.26224978E-02  0.76042696E-01 -0.12227825E-01
  0.24060593E-02  0.76336347E-01 -0.10542102E-01
  0.22192628E-02  0.76579697E-01 -0.88284408E-02
  0.20620125E-02  0.76773463E-01 -0.70903316E-02
  0.19340630E-02  0.76918279E-01 -0.53319980E-02
  0.18350473E-02  0.77014672E-01 -0.35582840E-02
  0.17645078E-02  0.77063057E-01 -0.17744883E-02
  0.17219263E-02  0.77063720E-01  0.13836154E-04
  0.18835253E-02 -0.38314108E-01  0.21859955E-04
  0.20299547E-02 -0.38515794E-01 -0.18539829E-02
  0.21782029E-02 -0.38679951E-01 -0.36817874E-02
  0.23290701E-02 -0.38803247E-01 -0.54392356E-02
  0.24836696E-02 -0.38881849E-01 -0.71084338E-02
  0.26434010E-02 -0.38911650E-01 -0.86766911E-02
  0.28099133E-02 -0.38888495E-01 -0.10136945E-01
  0.29850581E-02 -0.38808412E-01 -0.11487819E-01
  0.31708351E-02 -0.38667814E-01 -0.12733318E-01
  0.33693317E-02 -0.38463663E-01 -0.13882203E-01
  0.35826570E-02 -0.38193586E-01 -0.14947085E-01
  0.38128740E-02 -0.37855939E-01 -0.15943335E-01
  0.40619308E-02 -0.37449807E-01 -0.16887869E-01
  0.43315934E-02 -0.36974949E-01 -0.17797920E-01
  0.46233822E-02 -0.36431697E-01 -0.18689870E-01
  0.49385133E-02 -0.35820813E-01 -0.19578233E-01
  0.52778475E-02 -0.35143321E-01 -0.20474836E-01
  0.56418466E-02 -0.34400331E-01 -0.21388267E-01
  0.60305396E-02 -0.33592869E-01 -0.22323598E-01
  0.64434988E-02 -0.32721726E-01 -0.23282386E-01
  0.68798257E-02 -0.31787349E-01 -0.24262941E-01
  0.73381486E-02 -0.30789768E-01 -0.25260815E-01
  0.78166292E-02 -0.29728588E-01 -0.26269458E-01
  0.83129816E-02 -0.28603021E-01 -0.27280978E-01
  0.88244993E-02 -0.27411977E-01 -0.28286934E-01
  0.93480935E-02 -0.26154200E-01 -0.29279102E-01
  0.98803394E-02 -0.24828428E-01 -0.30250135E-01
  0.10417531E-01 -0.23433587E-01 -0.31194092E-01
  0.10955744E-01 -0.21968971E-01 -0.32106777E-01
  0.11490901E-01 -0.20434425E-01 -0.32985891E-01
  0.12018849E-01 -0.18830493E-01 -0.33830988E-01
  0.12535427E-01 -0.17158529E-01 -0.34643242E-01
  0.13036547E-01 -0.15420757E-01 -0.35425084E-01
  0.13518261E-01 -0.13620281E-01 -0.36179723E-01
  0.13976830E-01 -0.11761031E-01 -0.36910617E-01
  0.14408784E-01 -0.98476692E-02 -0.37620944E-01
  0.14810971E-01 -0.78854371E-02 -0.38313115E-01
  0.15180590E-01 -0.58799826E-02 -0.38988384E-01
  0.15515222E-01 -0.38371594E-02 -0.39646579E-01
  0.15812837E-01 -0.17628248E-02 -0.40285977E-01
  0.16071789E-01  0.33735126E-03 -0.40903334E-01
  0.16290805E-01  0.24580527E-02 -0.41494059E-01
  0.16468960E-01  0.45944466E-02 -0.42052511E-01
  0.16605640E-01  0.67422658E-02 -0.42572401E-01
  0.16700513E-01  0.88978425E-02 -0.43047242E-01
  0.16753483E-01  0.11058089E-01 -0.43470824E-01
  0.16764659E-01  0.13220432E-01 -0.43837661E-01
  0.16734322E-01  0.15382705E-01 -0.44143380E-01
  0.16662899E-01  0.17543014E-01 -0.44385005E-01
  0.16550951E-01  0.19699582E-01 -0.44561139E-01
  0.16399158E-01  0.21850594E-01 -0.44671999E-01
  0.16208324E-01  0.23994048E-01 -0.44719333E-01
  0.15979379E-01  0.26127637E-01 -0.44706212E-01
  0.15713395E-01  0.28248651E-01 -0.44636719E-01
  0.15411595E-01  0.30353934E-01 -0.44515574E-01
  0.15075367E-01  0.32439878E-01 -0.44347709E-01
  0.14706275E-01  0.34502459E-01 -0.44137852E-01
  0.14306064E-01  0.36537320E-01 -0.43890130E-01
  0.13876656E-01  0.38539884E-01 -0.43607747E-01
  0.13420143E-01  0.40505495E-01 -0.43292739E-01
  0.12938768E-01  0.42429568E-01 -0.42945839E-01
  0.12434901E-01  0.44307747E-01 -0.42566452E-01
  0.11911011E-01  0.46136041E-01 -0.42152738E-01
  0.11369626E-01  0.47910955E-01 -0.41701801E-01
  0.10813307E-01  0.49629575E-01 -0.41209946E-01
  0.10244602E-01  0.51289632E-01 -0.40673002E-01
  0.96660250E-02  0.52889513E-01 -0.40086671E-01
  0.90800263E-02  0.54428244E-01 -0.39446866E-01
  0.84889737E-02  0.55905434E-01 -0.38750030E-01
  0.78951434E-02  0.57321190E-01 -0.37993391E-01
  0.73007168E-02  0.58676007E-01 -0.37175149E-01
  0.67077854E-02  0.59970654E-01 -0.36294579E-01
  0.61183616E-02  0.61206048E-01 -0.35352036E-01
  0.55343933E-02  0.62383146E-01 -0.34348884E-01
  0.49577802E-02  0.63502846E-01 -0.33287349E-01
  0.43903895E-02  0.64565910E-01 -0.32170307E-01
  0.38340683E-02  0.65572920E-01 -0.31001053E-01
  0.32906519E-02  0.66524263E-01 -0.29783038E-01
  0.27619642E-02  0.67420133E-01 -0.28519632E-01
  0.22498117E-02  0.68260576E-01 -0.27213918E-01
  0.17559705E-02  0.69045540E-01 -0.25868532E-01
  0.12821657E-02  0.69774946E-01 -0.24485569E-01
  0.83004643E-03  0.70448759E-01 -0.23066565E-01
  0.40115728E-03  0.71067062E-01 -0.21612540E-01
 -0.30911357E-05  0.71630116E-01 -0.20124107E-01
 -0.38144968E-03  0.72138401E-01 -0.18601633E-01
 -0.73285411E-03  0.72592642E-01 -0.17045426E-01
 -0.10564421E-02  0.72993809E-01 -0.15455941E-01
 -0.13515622E-02  0.73343090E-01 -0.13833976E-01
 -0.16177734E-02  0.73641843E-01 -0.12180845E-01
 -0.18548361E-02  0.73891536E-01 -0.10498497E-01
 -0.20626932E-02  0.74093667E-01 -0.87895948E-02
 -0.22414449E-02  0.74249681E-01 -0.70575222E-02
 -0.23913178E-02  0.74360886E-01 -0.53063317E-02
 -0.25126306E-02  0.74428383E-01 -0.35406377E-02
 -0.26057615E-02  0.74453002E-01 -0.17654624E-02
 -0.26711164E-02  0.74435264E-01  0.13948849E-04
 -0.60076744E-02 -0.37309590E-01  0.17820567E-04
 -0.58737865E-02 -0.37535838E-01 -0.18199069E-02
 -0.57434681E-02 -0.37786798E-01 -0.36168449E-02
 -0.56150809E-02 -0.38053251E-01 -0.53532972E-02
 -0.54861989E-02 -0.38323354E-01 -0.70133074E-02
 -0.53536775E-02 -0.38583357E-01 -0.85853394E-02
 -0.52137507E-02 -0.38818407E-01 -0.10062660E-01
 -0.50621527E-02 -0.39013373E-01 -0.11443411E-01
 -0.48942610E-02 -0.39153637E-01 -0.12730369E-01
 -0.47052570E-02 -0.39225810E-01 -0.13930436E-01
 -0.44902985E-02 -0.39218320E-01 -0.15053886E-01
 -0.42446986E-02 -0.39121842E-01 -0.16113450E-01
 -0.39641056E-02 -0.38929551E-01 -0.17123297E-01
 -0.36446762E-02 -0.38637196E-01 -0.18097988E-01
 -0.32832354E-02 -0.38242991E-01 -0.19051484E-01
 -0.28774188E-02 -0.37747355E-01 -0.19996269E-01
 -0.24257888E-02 -0.37152530E-01 -0.20942643E-01
 -0.19279217E-02 -0.36462107E-01 -0.21898229E-01
 -0.13844613E-02 -0.35680516E-01 -0.22867715E-01
 -0.79713648E-03 -0.34812515E-01 -0.23852824E-01
 -0.16874255E-03 -0.33862721E-01 -0.24852516E-01
  0.49691404E-03 -0.32835227E-01 -0.25863372E-01
  0.11951042E-02 -0.31733319E-01 -0.26880122E-01
  0.19202948E-02 -0.30559322E-01 -0.27896271E-01
  0.26662924E-02 -0.29314567E-01 -0.28904752E-01
  0.34264051E-02 -0.27999490E-01 -0.29898565E-01
  0.41936182E-02 -0.26613830E-01 -0.30871333E-01
  0.49607729E-02 -0.25156913E-01 -0.31817757E-01
  0.57207448E-02 -0.23627982E-01 -0.32733916E-01
  0.64666131E-02 -0.22026551E-01 -0.33617416E-01
  0.71918146E-02 -0.20352729E-01 -0.34467371E-01
  0.78902784E-02 -0.18607512E-01 -0.35284247E-01
  0.85565360E-02 -0.16792981E-01 -0.36069573E-01
  0.91858040E-02 -0.14912424E-01 -0.36825576E-01
  0.97740380E-02 -0.12970348E-01 -0.37554755E-01
  0.10317958E-01 -0.10972387E-01 -0.38259458E-01
  0.10815042E-01 -0.89251216E-02 -0.38941492E-01
  0.11263501E-01 -0.68358236E-02 -0.39601794E-01
  0.11662220E-01 -0.47121423E-02 -0.40240211E-01
  0.12010693E-01 -0.25617718E-02 -0.40855386E-01
  0.12308930E-01 -0.39211926E-03 -0.41444768E-01
  0.12557370E-01  0.17899942E-02 -0.42004733E-01
  0.12756779E-01  0.39785766E-02 -0.42530820E-01
  0.12908160E-01  0.61686333E-02 -0.43018029E-01
  0.13012662E-01  0.83562472E-02 -0.43461176E-01
  0.13071507E-01  0.10538568E-01 -0.43855272E-01
  0.13085931E-01  0.12713714E-01 -0.44195867E-01
  0.13057138E-01  0.14880593E-01 -0.44479366E-01
  0.12986281E-01  0.17038674E-01 -0.44703257E-01
  0.12874449E-01  0.19187705E-01 -0.44866257E-01
  0.12722680E-01  0.21327432E-01 -0.44968350E-01
  0.12531985E-01  0.23457323E-01 -0.45010729E-01
  0.12303380E-01  0.25576330E-01 -0.44995633E-01
  0.12037925E-01  0.27682698E-01 -0.44926116E-01
  0.11736766E-01  0.29773858E-01 -0.44805749E-01
  0.11401172E-01  0.31846384E-01 -0.44638293E-01
  0.11032570E-01  0.33896038E-01 -0.44427369E-01
  0.10632567E-01  0.35917888E-01 -0.44176153E-01
  0.10202958E-01  0.37906487E-01 -0.43887115E-01
  0.97457330E-02  0.39856105E-01 -0.43561828E-01
  0.92630571E-02  0.41760984E-01 -0.43200859E-01
  0.87572512E-02  0.43615605E-01 -0.42803744E-01
  0.82307583E-02  0.45414933E-01 -0.42369052E-01
  0.76861047E-02  0.47154639E-01 -0.41894531E-01
  0.71258596E-02  0.48831262E-01 -0.41377304E-01
  0.65525944E-02  0.50442320E-01 -0.40814126E-01
  0.59688459E-02  0.51986340E-01 -0.40201650E-01
  0.53770862E-02  0.53462834E-01 -0.39536697E-01
  0.47797013E-02  0.54872207E-01 -0.38816507E-01
  0.41789782E-02  0.56215608E-01 -0.38038936E-01
  0.35771027E-02  0.57494752E-01 -0.37202613E-01
  0.29761647E-02  0.58711710E-01 -0.36307013E-01
  0.23781709E-02  0.59868705E-01 -0.35352475E-01
  0.17850625E-02  0.60967907E-01 -0.34340142E-01
  0.11987337E-02  0.62011274E-01 -0.33271853E-01
  0.62105006E-03  0.63000416E-01 -0.32149985E-01
  0.53862258E-04  0.63936516E-01 -0.30977264E-01
 -0.50098563E-03  0.64820304E-01 -0.29756574E-01
 -0.10416557E-02  0.65652077E-01 -0.28490769E-01
 -0.15663241E-02  0.66431767E-01 -0.27182512E-01
 -0.20731971E-02  0.67159043E-01 -0.25834155E-01
 -0.25605338E-02  0.67833441E-01 -0.24447665E-01
 -0.30266752E-02  0.68454497E-01 -0.23024611E-01
 -0.34700743E-02  0.69021880E-01 -0.21566195E-01
 -0.38893275E-02  0.69535511E-01 -0.20073337E-01
 -0.42832025E-02  0.69995647E-01 -0.18546799E-01
 -0.46506599E-02  0.70402930E-01 -0.16987329E-01
 -0.49908678E-02  0.70758403E-01 -0.15395820E-01
 -0.53032058E-02  0.71063475E-01 -0.13773458E-01
 -0.55872594E-02  0.71319853E-01 -0.12121849E-01
 -0.58428047E-02  0.71529446E-01 -0.10443117E-01
 -0.60697835E-02  0.71694244E-01 -0.87399539E-02
 -0.62682727E-02  0.71816189E-01 -0.70156225E-02
 -0.64384495E-02  0.71897049E-01 -0.52739128E-02
 -0.65805552E-02  0.71938304E-01 -0.35190544E-02
 -0.66948623E-02  0.71941059E-01 -0.17555931E-02
 -0.67816469E-02  0.71905985E-01  0.11754875E-04
 -0.13681024E-01 -0.37612157E-01  0.10915854E-04
 -0.13555034E-01 -0.37853273E-01 -0.16975082E-02
 -0.13435810E-01 -0.38168403E-01 -0.33786873E-02
 -0.13321021E-01 -0.38543919E-01 -0.50188064E-02
 -0.13207180E-01 -0.38961798E-01 -0.66065086E-02
 -0.13089746E-01 -0.39400724E-01 -0.81333582E-02
 -0.12963265E-01 -0.39837319E-01 -0.95941086E-02
 -0.12821556E-01 -0.40247440E-01 -0.10986763E-01
 -0.12657917E-01 -0.40607440E-01 -0.12312434E-01
 -0.12465369E-01 -0.40895325E-01 -0.13575017E-01
 -0.12236907E-01 -0.41091733E-01 -0.14780705E-01
 -0.11965769E-01 -0.41180685E-01 -0.15937397E-01
 -0.11645706E-01 -0.41150073E-01 -0.17054025E-01
 -0.11271236E-01 -0.40991860E-01 -0.18139873E-01
 -0.10837885E-01 -0.40702021E-01 -0.19203915E-01
 -0.10342396E-01 -0.40280221E-01 -0.20254234E-01
 -0.97829014E-02 -0.39729302E-01 -0.21297544E-01
 -0.91590434E-02 -0.39054603E-01 -0.22338857E-01
 -0.84720491E-02 -0.38263207E-01 -0.23381286E-01
 -0.77247439E-02 -0.37363154E-01 -0.24426018E-01
 -0.69215074E-02 -0.36362697E-01 -0.25472419E-01
 -0.60681736E-02 -0.35269654E-01 -0.26518269E-01
 -0.51718771E-02 -0.34090893E-01 -0.27560094E-01
 -0.42408527E-02 -0.32831994E-01 -0.28593552E-01
 -0.32841983E-02 -0.31497083E-01 -0.29613859E-01
 -0.23116097E-02 -0.30088852E-01 -0.30616191E-01
 -0.13331008E-02 -0.28608735E-01 -0.31596054E-01
 -0.35872023E-03 -0.27057221E-01 -0.32549580E-01
  0.60172249E-03 -0.25434252E-01 -0.33473730E-01
  0.15389104E-02 -0.23739672E-01 -0.34366408E-01
  0.24442423E-02 -0.21973672E-01 -0.35226466E-01
  0.33100174E-02 -0.20137188E-01 -0.36053619E-01
  0.41295753E-02 -0.18232228E-01 -0.36848278E-01
  0.48973888E-02 -0.16262073E-01 -0.37611335E-01
  0.56091079E-02 -0.14231368E-01 -0.38343899E-01
  0.62615560E-02 -0.12146069E-01 -0.39047044E-01
  0.68526830E-02 -0.10013276E-01 -0.39721558E-01
  0.73814807E-02 -0.78409582E-02 -0.40367740E-01
  0.78478666E-02 -0.56376045E-02 -0.40985259E-01
  0.82525450E-02 -0.34118309E-02 -0.41573069E-01
  0.85968543E-02 -0.11719801E-02 -0.42129414E-01
  0.88826088E-02  0.10742486E-02 -0.42651888E-01
  0.91119430E-02  0.33201097E-02 -0.43137572E-01
  0.92871677E-02  0.55600353E-02 -0.43583214E-01
  0.94106424E-02  0.77897552E-02 -0.43985440E-01
  0.94846706E-02  0.10006306E-01 -0.44340983E-01
  0.95114205E-02  0.12207933E-01 -0.44646894E-01
  0.94928736E-02  0.14393893E-01 -0.44900736E-01
  0.94307997E-02  0.16564179E-01 -0.45100733E-01
  0.93267585E-02  0.18719203E-01 -0.45245855E-01
  0.91821225E-02  0.20859441E-01 -0.45335856E-01
  0.89981187E-02  0.22985103E-01 -0.45371238E-01
  0.87758818E-02  0.25095833E-01 -0.45353163E-01
  0.85165153E-02  0.27190473E-01 -0.45283313E-01
  0.82211531E-02  0.29266907E-01 -0.45163713E-01
  0.78910173E-02  0.31322006E-01 -0.44996536E-01
  0.75274670E-02  0.33351659E-01 -0.44783901E-01
  0.71320347E-02  0.35350902E-01 -0.44527684E-01
  0.67064484E-02  0.37314122E-01 -0.44229362E-01
  0.62526377E-02  0.39235324E-01 -0.43889886E-01
  0.57727249E-02  0.41108431E-01 -0.43509615E-01
  0.52690024E-02  0.42927598E-01 -0.43088293E-01
  0.47438995E-02  0.44687508E-01 -0.42625086E-01
  0.41999417E-02  0.46383632E-01 -0.42118660E-01
  0.36397062E-02  0.48012428E-01 -0.41567302E-01
  0.30657784E-02  0.49571472E-01 -0.40969071E-01
  0.24807119E-02  0.51059504E-01 -0.40321958E-01
  0.18869958E-02  0.52476395E-01 -0.39624056E-01
  0.12870311E-02  0.53823041E-01 -0.38873706E-01
  0.68311766E-03  0.55101190E-01 -0.38069629E-01
  0.77450960E-04  0.56313229E-01 -0.37211022E-01
 -0.52787154E-03  0.57461936E-01 -0.36297611E-01
 -0.11308368E-02  0.58550231E-01 -0.35329668E-01
 -0.17294982E-02  0.59580946E-01 -0.34307983E-01
 -0.23219554E-02  0.60556622E-01 -0.33233806E-01
 -0.29063363E-02  0.61479356E-01 -0.32108760E-01
 -0.34807829E-02  0.62350707E-01 -0.30934728E-01
 -0.40434443E-02  0.63171665E-01 -0.29713751E-01
 -0.45924771E-02  0.63942677E-01 -0.28447911E-01
 -0.51260552E-02  0.64663734E-01 -0.27139243E-01
 -0.56423874E-02  0.65334487E-01 -0.25789658E-01
 -0.61397425E-02  0.65954409E-01 -0.24400908E-01
 -0.66164781E-02  0.66522950E-01 -0.22974568E-01
 -0.70710724E-02  0.67039706E-01 -0.21512064E-01
 -0.75021540E-02  0.67504545E-01 -0.20014714E-01
 -0.79085278E-02  0.67917723E-01 -0.18483806E-01
 -0.82891939E-02  0.68279934E-01 -0.16920678E-01
 -0.86433577E-02  0.68592330E-01 -0.15326814E-01
 -0.89704289E-02  0.68856485E-01 -0.13703924E-01
 -0.92700116E-02  0.69074311E-01 -0.12054024E-01
 -0.95418827E-02  0.69247952E-01 -0.10379481E-01
 -0.97859640E-02  0.69379637E-01 -0.86830416E-02
 -0.10002288E-01  0.69471543E-01 -0.69678305E-02
 -0.10190963E-01  0.69525642E-01 -0.52373136E-02
 -0.10352136E-01  0.69543582E-01 -0.34952411E-02
 -0.10485965E-01  0.69526586E-01 -0.17455666E-02
 -0.10592593E-01  0.69475392E-01  0.76466985E-05
 -0.20660920E-01 -0.39917741E-01  0.23483076E-05
 -0.20536282E-01 -0.40161566E-01 -0.15135797E-02
 -0.20418610E-01 -0.40505460E-01 -0.30197405E-02
 -0.20305125E-01 -0.40933561E-01 -0.45105543E-02
 -0.20191696E-01 -0.41424532E-01 -0.59812383E-02
 -0.20072952E-01 -0.41952855E-01 -0.74279629E-02
 -0.19942458E-01 -0.42490297E-01 -0.88479453E-02
 -0.19792926E-01 -0.43007461E-01 -0.10239476E-01
 -0.19616462E-01 -0.43475319E-01 -0.11601881E-01
 -0.19404848E-01 -0.43866625E-01 -0.12935416E-01
 -0.19149848E-01 -0.44157142E-01 -0.14241125E-01
 -0.18843519E-01 -0.44326595E-01 -0.15520642E-01
 -0.18478534E-01 -0.44359324E-01 -0.16775987E-01
 -0.18048486E-01 -0.44244608E-01 -0.18009343E-01
 -0.17548178E-01 -0.43976659E-01 -0.19222849E-01
 -0.16973869E-01 -0.43554318E-01 -0.20418412E-01
 -0.16323485E-01 -0.42980497E-01 -0.21597554E-01
 -0.15596766E-01 -0.42261426E-01 -0.22761298E-01
 -0.14795349E-01 -0.41405772E-01 -0.23910107E-01
 -0.13922786E-01 -0.40423717E-01 -0.25043867E-01
 -0.12984491E-01 -0.39326058E-01 -0.26161910E-01
 -0.11987606E-01 -0.38123394E-01 -0.27263083E-01
 -0.10940819E-01 -0.36825465E-01 -0.28345839E-01
 -0.98541076E-02 -0.35440664E-01 -0.29408353E-01
 -0.87384462E-02 -0.33975758E-01 -0.30448643E-01
 -0.76054784E-02 -0.32435815E-01 -0.31464691E-01
 -0.64671690E-02 -0.30824310E-01 -0.32454549E-01
 -0.53354563E-02 -0.29143404E-01 -0.33416433E-01
 -0.42219162E-02 -0.27394330E-01 -0.34348780E-01
 -0.31374544E-02 -0.25577857E-01 -0.35250288E-01
 -0.20920389E-02 -0.23694768E-01 -0.36119924E-01
 -0.10944824E-02 -0.21746308E-01 -0.36956901E-01
 -0.15228188E-03 -0.19734565E-01 -0.37760639E-01
  0.72848114E-03 -0.17662739E-01 -0.38530706E-01
  0.15431786E-02 -0.15535293E-01 -0.39266748E-01
  0.22886156E-02 -0.13357958E-01 -0.39968420E-01
  0.29629569E-02 -0.11137615E-01 -0.40635314E-01
  0.35656080E-02 -0.88820659E-02 -0.41266907E-01
  0.40970603E-02 -0.65997053E-02 -0.41862516E-01
  0.45587111E-02 -0.42991498E-02 -0.42421277E-01
  0.49526694E-02 -0.19888414E-02 -0.42942142E-01
  0.52815587E-02  0.32332777E-03 -0.43423897E-01
  0.55483269E-02  0.26303390E-02 -0.43865199E-01
  0.57560718E-02  0.49262910E-02 -0.44264623E-01
  0.59078902E-02  0.72065449E-02 -0.44620729E-01
  0.60067560E-02  0.94677606E-02 -0.44932120E-01
  0.60554296E-02  0.11707824E-01 -0.45197512E-01
  0.60564016E-02  0.13925675E-01 -0.45415788E-01
  0.60118675E-02  0.16121059E-01 -0.45586044E-01
  0.59237332E-02  0.18294216E-01 -0.45707620E-01
  0.57936453E-02  0.20445549E-01 -0.45780115E-01
  0.56230409E-02  0.22575294E-01 -0.45803380E-01
  0.54132118E-02  0.24683221E-01 -0.45777500E-01
  0.51653751E-02  0.26768394E-01 -0.45702751E-01
  0.48807443E-02  0.28829011E-01 -0.45579554E-01
  0.45605959E-02  0.30862328E-01 -0.45408418E-01
  0.42063250E-02  0.32864682E-01 -0.45189877E-01
  0.38194875E-02  0.34831600E-01 -0.44924436E-01
  0.34018264E-02  0.36757985E-01 -0.44612514E-01
  0.29552806E-02  0.38638367E-01 -0.44254404E-01
  0.24819779E-02  0.40467190E-01 -0.43850244E-01
  0.19842133E-02  0.42239103E-01 -0.43400007E-01
  0.14644165E-02  0.43949256E-01 -0.42903495E-01
  0.92511139E-03  0.45593539E-01 -0.42360364E-01
  0.36887199E-03  0.47168788E-01 -0.41770152E-01
 -0.20172090E-03  0.48672901E-01 -0.41132316E-01
 -0.78411883E-03  0.50104893E-01 -0.40446288E-01
 -0.13758376E-02  0.51464863E-01 -0.39711518E-01
 -0.19744800E-02  0.52753892E-01 -0.38927529E-01
 -0.25777478E-02  0.53973883E-01 -0.38093962E-01
 -0.31834442E-02  0.55127349E-01 -0.37210615E-01
 -0.37894670E-02  0.56217179E-01 -0.36277470E-01
 -0.43937946E-02  0.57246401E-01 -0.35294715E-01
 -0.49944689E-02  0.58217955E-01 -0.34262745E-01
 -0.55895757E-02  0.59134501E-01 -0.33182165E-01
 -0.61772283E-02  0.59998275E-01 -0.32053769E-01
 -0.67555557E-02  0.60810997E-01 -0.30878527E-01
 -0.73226968E-02  0.61573840E-01 -0.29657558E-01
 -0.78768038E-02  0.62287459E-01 -0.28392108E-01
 -0.84160538E-02  0.62952071E-01 -0.27083525E-01
 -0.89386676E-02  0.63567573E-01 -0.25733240E-01
 -0.94429353E-02  0.64133691E-01 -0.24342761E-01
 -0.99272450E-02  0.64650130E-01 -0.22913663E-01
 -0.10390113E-01  0.65116729E-01 -0.21447595E-01
 -0.10830212E-01  0.65533590E-01 -0.19946288E-01
 -0.11246391E-01  0.65901171E-01 -0.18411574E-01
 -0.11637694E-01  0.66220341E-01 -0.16845406E-01
 -0.12003361E-01  0.66492392E-01 -0.15249875E-01
 -0.12342826E-01  0.66718997E-01 -0.13627235E-01
 -0.12655699E-01  0.66902132E-01 -0.11979910E-01
 -0.12941746E-01  0.67043968E-01 -0.10310512E-01
 -0.13200855E-01  0.67146739E-01 -0.86218299E-02
 -0.13433001E-01  0.67212599E-01 -0.69168282E-02
 -0.13638215E-01  0.67243491E-01 -0.51986237E-02
 -0.13816550E-01  0.67241032E-01 -0.34704596E-02
 -0.13968053E-01  0.67206424E-01 -0.17356711E-02
 -0.14092752E-01  0.67140403E-01  0.23536507E-05
 -0.26663023E-01 -0.44725283E-01 -0.64305481E-05
 -0.26532305E-01 -0.44958802E-01 -0.13079587E-02
 -0.26405217E-01 -0.45288060E-01 -0.26181779E-02
 -0.26278841E-01 -0.45697493E-01 -0.39407495E-02
 -0.26148909E-01 -0.46165893E-01 -0.52783656E-02
 -0.26009926E-01 -0.46667683E-01 -0.66325584E-02
 -0.25855337E-01 -0.47174378E-01 -0.80035871E-02
 -0.25677740E-01 -0.47656136E-01 -0.93904063E-02
 -0.25469137E-01 -0.48083307E-01 -0.10790716E-01
 -0.25221212E-01 -0.48427881E-01 -0.12201089E-01
 -0.24925639E-01 -0.48664750E-01 -0.13617157E-01
 -0.24574398E-01 -0.48772722E-01 -0.15033857E-01
 -0.24160099E-01 -0.48735228E-01 -0.16445698E-01
 -0.23676296E-01 -0.48540715E-01 -0.17847047E-01
 -0.23117783E-01 -0.48182704E-01 -0.19232408E-01
 -0.22480851E-01 -0.47659550E-01 -0.20596669E-01
 -0.21763503E-01 -0.46973940E-01 -0.21935318E-01
 -0.20965618E-01 -0.46132175E-01 -0.23244590E-01
 -0.20089034E-01 -0.45143330E-01 -0.24521569E-01
 -0.19137579E-01 -0.44018335E-01 -0.25764213E-01
 -0.18117009E-01 -0.42769066E-01 -0.26971321E-01
 -0.17034887E-01 -0.41407508E-01 -0.28142447E-01
 -0.15900383E-01 -0.39945046E-01 -0.29277761E-01
 -0.14724016E-01 -0.38391915E-01 -0.30377887E-01
 -0.13517348E-01 -0.36756849E-01 -0.31443720E-01
 -0.12292638E-01 -0.35046918E-01 -0.32476241E-01
 -0.11062479E-01 -0.33267555E-01 -0.33476353E-01
 -0.98394344E-02 -0.31422745E-01 -0.34444733E-01
 -0.86356811E-02 -0.29515337E-01 -0.35381729E-01
 -0.74626877E-02 -0.27547442E-01 -0.36287296E-01
 -0.63309323E-02 -0.25520865E-01 -0.37160976E-01
 -0.52496744E-02 -0.23437527E-01 -0.38001916E-01
 -0.42267874E-02 -0.21299838E-01 -0.38808933E-01
 -0.32686556E-02 -0.19110989E-01 -0.39580592E-01
 -0.23801359E-02 -0.16875132E-01 -0.40315317E-01
 -0.15645819E-02 -0.14597451E-01 -0.41011500E-01
 -0.82392277E-03 -0.12284108E-01 -0.41667605E-01
 -0.15879021E-03 -0.99420902E-02 -0.42282262E-01
  0.43131816E-03 -0.75789701E-02 -0.42854342E-01
  0.94785003E-03 -0.52026052E-02 -0.43382998E-01
  0.13929959E-02 -0.28208136E-02 -0.43867679E-01
  0.17694846E-02 -0.44105251E-03 -0.44308118E-01
  0.20803867E-02  0.19298686E-02 -0.44704292E-01
  0.23289364E-02  0.42860153E-02 -0.45056364E-01
  0.25183771E-02  0.66224776E-02 -0.45364603E-01
  0.26518380E-02  0.89354312E-02 -0.45629310E-01
  0.27322426E-02  0.11222108E-01 -0.45850742E-01
  0.27622517E-02  0.13480681E-01 -0.46029038E-01
  0.27442386E-02  0.15710082E-01 -0.46164173E-01
  0.26802935E-02  0.17909765E-01 -0.46255926E-01
  0.25722525E-02  0.20079440E-01 -0.46303867E-01
  0.24217463E-02  0.22218808E-01 -0.46307373E-01
  0.22302608E-02  0.24327315E-01 -0.46265661E-01
  0.19992044E-02  0.26403947E-01 -0.46177837E-01
  0.17299757E-02  0.28447086E-01 -0.46042957E-01
  0.14240244E-02  0.30454438E-01 -0.45860095E-01
  0.10829040E-02  0.32423033E-01 -0.45628409E-01
  0.70830916E-03  0.34349295E-01 -0.45347197E-01
  0.30209932E-03  0.36229189E-01 -0.45015947E-01
 -0.13369469E-03  0.38058400E-01 -0.44634364E-01
 -0.59687840E-03  0.39832560E-01 -0.44202386E-01
 -0.10851146E-02  0.41547479E-01 -0.43720177E-01
 -0.15959544E-02  0.43199372E-01 -0.43188100E-01
 -0.21268742E-02  0.44785055E-01 -0.42606683E-01
 -0.26753161E-02  0.46302103E-01 -0.41976568E-01
 -0.32387262E-02  0.47748956E-01 -0.41298455E-01
 -0.38145892E-02  0.49124949E-01 -0.40573051E-01
 -0.44004552E-02  0.50430303E-01 -0.39801013E-01
 -0.49939583E-02  0.51666037E-01 -0.38982917E-01
 -0.55928254E-02  0.52833840E-01 -0.38119220E-01
 -0.61948762E-02  0.53935913E-01 -0.37210256E-01
 -0.67980153E-02  0.54974775E-01 -0.36256236E-01
 -0.74002185E-02  0.55953080E-01 -0.35257273E-01
 -0.79995169E-02  0.56873434E-01 -0.34213414E-01
 -0.85939800E-02  0.57738244E-01 -0.33124687E-01
 -0.91817022E-02  0.58549604E-01 -0.31991157E-01
 -0.97607943E-02  0.59309222E-01 -0.30812982E-01
 -0.10329381E-01  0.60018395E-01 -0.29590467E-01
 -0.10885609E-01  0.60678030E-01 -0.28324118E-01
 -0.11427657E-01  0.61288709E-01 -0.27014676E-01
 -0.11953759E-01  0.61850778E-01 -0.25663150E-01
 -0.12462229E-01  0.62364462E-01 -0.24270831E-01
 -0.12951488E-01  0.62829983E-01 -0.22839291E-01
 -0.13420092E-01  0.63247673E-01 -0.21370372E-01
 -0.13866755E-01  0.63618072E-01 -0.19866159E-01
 -0.14290371E-01  0.63941994E-01 -0.18328952E-01
 -0.14690016E-01  0.64220567E-01 -0.16761223E-01
 -0.15064958E-01  0.64455227E-01 -0.15165579E-01
 -0.15414643E-01  0.64647686E-01 -0.13544718E-01
 -0.15738677E-01  0.64799861E-01 -0.11901397E-01
 -0.16036800E-01  0.64913785E-01 -0.10238402E-01
 -0.16308858E-01  0.64991499E-01 -0.85585251E-02
 -0.16554769E-01  0.65034941E-01 -0.68645541E-02
 -0.16774487E-01  0.65045845E-01 -0.51592656E-02
 -0.16967982E-01  0.65025647E-01 -0.34454285E-02
 -0.17135211E-01  0.64975429E-01 -0.17258117E-02
 -0.17276115E-01  0.64895879E-01 -0.31943145E-05
 -0.60327083E-01 -0.44838551E-01 -0.11800958E-04
 -0.59833652E-01 -0.44445045E-01 -0.28486591E-03
 -0.59252456E-01 -0.44079867E-01 -0.57996673E-03
 -0.58586383E-01 -0.43734350E-01 -0.91579103E-03
 -0.57838455E-01 -0.43394875E-01 -0.13088510E-02
 -0.57011822E-01 -0.43043685E-01 -0.17727132E-02
 -0.30677696E-01 -0.54075205E-01 -0.72766307E-02
 -0.30450643E-01 -0.54364652E-01 -0.86678521E-02
 -0.30189308E-01 -0.54586447E-01 -0.10112514E-01
 -0.29886453E-01 -0.54716734E-01 -0.11603997E-01
 -0.29534843E-01 -0.54734033E-01 -0.13133102E-01
 -0.29127526E-01 -0.54620119E-01 -0.14688675E-01
 -0.28658111E-01 -0.54360675E-01 -0.16258305E-01
 -0.28121042E-01 -0.53945670E-01 -0.17829071E-01
 -0.27511865E-01 -0.53369463E-01 -0.19388261E-01
 -0.26827455E-01 -0.52630658E-01 -0.20924033E-01
 -0.26066221E-01 -0.51731725E-01 -0.22425969E-01
 -0.25228249E-01 -0.50678450E-01 -0.23885492E-01
 -0.24315396E-01 -0.49479242E-01 -0.25296130E-01
 -0.23331324E-01 -0.48144383E-01 -0.26653609E-01
 -0.22281453E-01 -0.46685259E-01 -0.27955795E-01
 -0.21172866E-01 -0.45113637E-01 -0.29202489E-01
 -0.20014135E-01 -0.43441032E-01 -0.30395109E-01
 -0.18815095E-01 -0.41678191E-01 -0.31536285E-01
 -0.17586572E-01 -0.39834737E-01 -0.32629422E-01
 -0.16340074E-01 -0.37918958E-01 -0.33678238E-01
 -0.15087463E-01 -0.35937749E-01 -0.34686353E-01
 -0.13840617E-01 -0.33896703E-01 -0.35656921E-01
 -0.12611107E-01 -0.31800295E-01 -0.36592358E-01
 -0.11409900E-01 -0.29652158E-01 -0.37494166E-01
 -0.10247090E-01 -0.27455404E-01 -0.38362862E-01
 -0.91316879E-02 -0.25212948E-01 -0.39198010E-01
 -0.80714578E-02 -0.22927815E-01 -0.39998337E-01
 -0.70728156E-02 -0.20603392E-01 -0.40761928E-01
 -0.61407853E-02 -0.18243615E-01 -0.41486456E-01
 -0.52790126E-02 -0.15853072E-01 -0.42169441E-01
 -0.44898283E-02 -0.13437016E-01 -0.42808500E-01
 -0.37743561E-02 -0.11001305E-01 -0.43401571E-01
 -0.31326531E-02 -0.85522687E-02 -0.43947083E-01
 -0.25638745E-02 -0.60965236E-02 -0.44444075E-01
 -0.20664501E-02 -0.36407588E-02 -0.44892238E-01
 -0.16382642E-02 -0.11915127E-02 -0.45291893E-01
 -0.12768278E-02  0.12450366E-02 -0.45643907E-01
 -0.97943548E-03  0.36632502E-02 -0.45949562E-01
 -0.74330121E-03  0.60581594E-02 -0.46210377E-01
 -0.56566822E-03  0.84255414E-02 -0.46427934E-01
 -0.44389031E-03  0.10761934E-01 -0.46603682E-01
 -0.37548455E-03  0.13064592E-01 -0.46738780E-01
 -0.35815646E-03  0.15331396E-01 -0.46833962E-01
 -0.38980062E-03  0.17560714E-01 -0.46889454E-01
 -0.46848079E-03  0.19751247E-01 -0.46904936E-01
 -0.59239458E-03  0.21901858E-01 -0.46879560E-01
 -0.75982798E-03  0.24011413E-01 -0.46812025E-01
 -0.96910525E-03  0.26078641E-01 -0.46700675E-01
 -0.12185394E-02  0.28102030E-01 -0.46543648E-01
 -0.15063875E-02  0.30079760E-01 -0.46339029E-01
 -0.18308150E-02  0.32009689E-01 -0.46085007E-01
 -0.21898705E-02  0.33889381E-01 -0.45780023E-01
 -0.25814736E-02  0.35716174E-01 -0.45422890E-01
 -0.30034146E-02  0.37487289E-01 -0.45012885E-01
 -0.34533660E-02  0.39199950E-01 -0.44549787E-01
 -0.39289038E-02  0.40851528E-01 -0.44033886E-01
 -0.44275349E-02  0.42439672E-01 -0.43465940E-01
 -0.49467293E-02  0.43962430E-01 -0.42847100E-01
 -0.54839526E-02  0.45418349E-01 -0.42178803E-01
 -0.60366958E-02  0.46806537E-01 -0.41462648E-01
 -0.66025012E-02  0.48126688E-01 -0.40700268E-01
 -0.71789807E-02  0.49379075E-01 -0.39893206E-01
 -0.77638274E-02  0.50564503E-01 -0.39042803E-01
 -0.83548181E-02  0.51684230E-01 -0.38150123E-01
 -0.89498099E-02  0.52739868E-01 -0.37215898E-01
 -0.95467301E-02  0.53733275E-01 -0.36240517E-01
 -0.10143563E-01  0.54666433E-01 -0.35224048E-01
 -0.10738337E-01  0.55541342E-01 -0.34166297E-01
 -0.11329108E-01  0.56359929E-01 -0.33066886E-01
 -0.11913953E-01  0.57123973E-01 -0.31925362E-01
 -0.12490964E-01  0.57835060E-01 -0.30741302E-01
 -0.13058251E-01  0.58494571E-01 -0.29514434E-01
 -0.13613952E-01  0.59103686E-01 -0.28244734E-01
 -0.14156247E-01  0.59663425E-01 -0.26932514E-01
 -0.14683381E-01  0.60174697E-01 -0.25578484E-01
 -0.15193688E-01  0.60638359E-01 -0.24183780E-01
 -0.15685617E-01  0.61055290E-01 -0.22749974E-01
 -0.16157757E-01  0.61426443E-01 -0.21279040E-01
 -0.16608855E-01  0.61752900E-01 -0.19773310E-01
 -0.17037833E-01  0.62035902E-01 -0.18235404E-01
 -0.17443791E-01  0.62276856E-01 -0.16668143E-01
 -0.17826009E-01  0.62477332E-01 -0.15074472E-01
 -0.18183927E-01  0.62639023E-01 -0.13457371E-01
 -0.18517135E-01  0.62763700E-01 -0.11819789E-01
 -0.18825341E-01  0.62853149E-01 -0.10164585E-01
 -0.19108344E-01  0.62909100E-01 -0.84944971E-02
 -0.19366006E-01  0.62933160E-01 -0.68121277E-02
 -0.19598218E-01  0.62926747E-01 -0.51199509E-02
 -0.19804887E-01  0.62891045E-01 -0.34203393E-02
 -0.19985910E-01  0.62826963E-01 -0.17156030E-02
 -0.20141174E-01  0.62735124E-01 -0.80376403E-05
 -0.54637809E-01 -0.46092586E-01 -0.16735000E-04
 -0.54127278E-01 -0.45668618E-01 -0.16274079E-03
 -0.53532109E-01 -0.45229751E-01 -0.33855622E-03
 -0.52855590E-01 -0.44770888E-01 -0.56985130E-03
 -0.52101425E-01 -0.44283727E-01 -0.87929171E-03
 -0.51273698E-01 -0.43757266E-01 -0.12854706E-02
 -0.50376848E-01 -0.43178448E-01 -0.18020804E-02
 -0.49415661E-01 -0.42532884E-01 -0.24373647E-02
 -0.48395279E-01 -0.41805628E-01 -0.31938744E-02
 -0.47321226E-01 -0.40981939E-01 -0.40685276E-02
 -0.46199445E-01 -0.40047998E-01 -0.50529584E-02
 -0.45036361E-01 -0.38991521E-01 -0.61341156E-02
 -0.43838944E-01 -0.37802247E-01 -0.72950616E-02
 -0.42614788E-01 -0.36472260E-01 -0.85159060E-02
 -0.30980575E-01 -0.59516752E-01 -0.19854327E-01
 -0.30255364E-01 -0.58446457E-01 -0.21542811E-01
 -0.29463581E-01 -0.57231257E-01 -0.23190520E-01
 -0.28605651E-01 -0.55876169E-01 -0.24784892E-01
 -0.27683357E-01 -0.54388195E-01 -0.26316380E-01
 -0.26699873E-01 -0.52775844E-01 -0.27778628E-01
 -0.25659761E-01 -0.51048638E-01 -0.29168404E-01
 -0.24568901E-01 -0.49216627E-01 -0.30485343E-01
 -0.23434384E-01 -0.47289945E-01 -0.31731509E-01
 -0.22264346E-01 -0.45278434E-01 -0.32910837E-01
 -0.21067774E-01 -0.43191357E-01 -0.34028512E-01
 -0.19854274E-01 -0.41037188E-01 -0.35090315E-01
 -0.18633818E-01 -0.38823516E-01 -0.36102025E-01
 -0.17416487E-01 -0.36557018E-01 -0.37068884E-01
 -0.16212216E-01 -0.34243523E-01 -0.37995186E-01
 -0.15030549E-01 -0.31888124E-01 -0.38883996E-01
 -0.13880427E-01 -0.29495345E-01 -0.39737020E-01
 -0.12770003E-01 -0.27069316E-01 -0.40554618E-01
 -0.11706504E-01 -0.24613959E-01 -0.41335935E-01
 -0.10696130E-01 -0.22133159E-01 -0.42079143E-01
 -0.97440051E-02 -0.19630905E-01 -0.42781748E-01
 -0.88541654E-02 -0.17111395E-01 -0.43440939E-01
 -0.80295906E-02 -0.14579091E-01 -0.44053923E-01
 -0.72722694E-02 -0.12038744E-01 -0.44618243E-01
 -0.65832910E-02 -0.94953623E-02 -0.45132026E-01
 -0.59629568E-02 -0.69541527E-02 -0.45594156E-01
 -0.54109029E-02 -0.44204342E-02 -0.46004353E-01
 -0.49262270E-02 -0.18995340E-02 -0.46363166E-01
 -0.45076107E-02  0.60332209E-03 -0.46671880E-01
 -0.41534338E-02  0.30831141E-02 -0.46932346E-01
 -0.38618735E-02  0.55351199E-02 -0.47146766E-01
 -0.36309863E-02  0.79549875E-02 -0.47317455E-01
 -0.34587719E-02  0.10338782E-01 -0.47446592E-01
 -0.33432161E-02  0.12683007E-01 -0.47535997E-01
 -0.32823172E-02  0.14984603E-01 -0.47586950E-01
 -0.32740955E-02  0.17240914E-01 -0.47600068E-01
 -0.33165891E-02  0.19449653E-01 -0.47575246E-01
 -0.34078412E-02  0.21608834E-01 -0.47511670E-01
 -0.35458803E-02  0.23716719E-01 -0.47407898E-01
 -0.37286989E-02  0.25771750E-01 -0.47261992E-01
 -0.39542327E-02  0.27772498E-01 -0.47071699E-01
 -0.42203439E-02  0.29717614E-01 -0.46834650E-01
 -0.45248104E-02  0.31605805E-01 -0.46548572E-01
 -0.48653219E-02  0.33435813E-01 -0.46211481E-01
 -0.52394838E-02  0.35206423E-01 -0.45821848E-01
 -0.56448289E-02  0.36916473E-01 -0.45378716E-01
 -0.60788339E-02  0.38564881E-01 -0.44881773E-01
 -0.65389420E-02  0.40150680E-01 -0.44331359E-01
 -0.70225866E-02  0.41673054E-01 -0.43728424E-01
 -0.75272163E-02  0.43131371E-01 -0.43074433E-01
 -0.80503172E-02  0.44525213E-01 -0.42371233E-01
 -0.85894321E-02  0.45854399E-01 -0.41620891E-01
 -0.91421740E-02  0.47118995E-01 -0.40825532E-01
 -0.97062341E-02  0.48319316E-01 -0.39987169E-01
 -0.10279383E-01  0.49455911E-01 -0.39107562E-01
 -0.10859466E-01  0.50529547E-01 -0.38188107E-01
 -0.11444396E-01  0.51541178E-01 -0.37229765E-01
 -0.12032139E-01  0.52491914E-01 -0.36233040E-01
 -0.12620701E-01  0.53382983E-01 -0.35198000E-01
 -0.13208118E-01  0.54215704E-01 -0.34124342E-01
 -0.13792443E-01  0.54991453E-01 -0.33011499E-01
 -0.14371742E-01  0.55711639E-01 -0.31858762E-01
 -0.14944096E-01  0.56377690E-01 -0.30665427E-01
 -0.15507604E-01  0.56991046E-01 -0.29430932E-01
 -0.16060397E-01  0.57553150E-01 -0.28154994E-01
 -0.16600659E-01  0.58065460E-01 -0.26837710E-01
 -0.17126644E-01  0.58529449E-01 -0.25479640E-01
 -0.17636700E-01  0.58946618E-01 -0.24081848E-01
 -0.18129299E-01  0.59318502E-01 -0.22645899E-01
 -0.18603049E-01  0.59646676E-01 -0.21173830E-01
 -0.19056718E-01  0.59932751E-01 -0.19668086E-01
 -0.19489241E-01  0.60178370E-01 -0.18131425E-01
 -0.19899723E-01  0.60385196E-01 -0.16566817E-01
 -0.20287435E-01  0.60554887E-01 -0.14977335E-01
 -0.20651800E-01  0.60689079E-01 -0.13366050E-01
 -0.20992378E-01  0.60789350E-01 -0.11735941E-01
 -0.21308837E-01  0.60857198E-01 -0.10089835E-01
 -0.21600929E-01  0.60894006E-01 -0.84303575E-02
 -0.21868467E-01  0.60901020E-01 -0.67599283E-02
 -0.22111298E-01  0.60879330E-01 -0.50807756E-02
 -0.22329287E-01  0.60829855E-01 -0.33949771E-02
 -0.22522303E-01  0.60753338E-01 -0.17045180E-02
 -0.22690219E-01  0.60650349E-01 -0.11360226E-04
 -0.48127046E-01 -0.48917056E-01 -0.18851567E-04
 -0.47594597E-01 -0.48458702E-01 -0.13380870E-03
 -0.46978513E-01 -0.47921433E-01 -0.28199667E-03
 -0.46282714E-01 -0.47304745E-01 -0.49261167E-03
 -0.45511971E-01 -0.46607362E-01 -0.79146570E-03
 -0.44671825E-01 -0.45827351E-01 -0.11997666E-02
 -0.43768491E-01 -0.44962264E-01 -0.17331707E-02
 -0.42808765E-01 -0.44009315E-01 -0.24011557E-02
 -0.41799933E-01 -0.42965557E-01 -0.32067410E-02
 -0.40749677E-01 -0.41828062E-01 -0.41465569E-02
 -0.39666001E-01 -0.40594091E-01 -0.52112467E-02
 -0.38557172E-01 -0.39261234E-01 -0.63861573E-02
 -0.37431670E-01 -0.37827514E-01 -0.76522643E-02
 -0.36298165E-01 -0.36291447E-01 -0.89872565E-02
 -0.35165512E-01 -0.34652049E-01 -0.10366701E-01
 -0.34042770E-01 -0.32908786E-01 -0.11765207E-01
 -0.32939235E-01 -0.31061463E-01 -0.13157504E-01
 -0.31553722E-01 -0.61673468E-01 -0.26033171E-01
 -0.30625647E-01 -0.59823534E-01 -0.27655612E-01
 -0.29650714E-01 -0.57869903E-01 -0.29197221E-01
 -0.28632380E-01 -0.55819347E-01 -0.30653839E-01
 -0.27574951E-01 -0.53679123E-01 -0.32024685E-01
 -0.26483535E-01 -0.51456810E-01 -0.33311887E-01
 -0.25363976E-01 -0.49160153E-01 -0.34519868E-01
 -0.24222754E-01 -0.46796914E-01 -0.35654642E-01
 -0.23066856E-01 -0.44374735E-01 -0.36723083E-01
 -0.21903642E-01 -0.41901030E-01 -0.37732231E-01
 -0.20740682E-01 -0.39382895E-01 -0.38688665E-01
 -0.19585601E-01 -0.36827040E-01 -0.39598015E-01
 -0.18445920E-01 -0.34239754E-01 -0.40464610E-01
 -0.17328907E-01 -0.31626893E-01 -0.41291290E-01
 -0.16241446E-01 -0.28993885E-01 -0.42079379E-01
 -0.15189924E-01 -0.26345764E-01 -0.42828802E-01
 -0.14180139E-01 -0.23687217E-01 -0.43538315E-01
 -0.13217243E-01 -0.21022638E-01 -0.44205827E-01
 -0.12305698E-01 -0.18356201E-01 -0.44828767E-01
 -0.11449263E-01 -0.15691921E-01 -0.45404451E-01
 -0.10651005E-01 -0.13033724E-01 -0.45930438E-01
 -0.99133262E-02 -0.10385503E-01 -0.46404809E-01
 -0.92379973E-02 -0.77511663E-02 -0.46826380E-01
 -0.86262145E-02 -0.51346656E-02 -0.47194812E-01
 -0.80786525E-02 -0.25400157E-02 -0.47510629E-01
 -0.75955218E-02  0.28709428E-04 -0.47775133E-01
 -0.71766250E-02  0.25673958E-02 -0.47990258E-01
 -0.68214088E-02  0.50719236E-02 -0.48158347E-01
 -0.65290098E-02  0.75382156E-02 -0.48281908E-01
 -0.62982940E-02  0.99622942E-02 -0.48363357E-01
 -0.61278895E-02  0.12340345E-01 -0.48404782E-01
 -0.60162129E-02  0.14668780E-01 -0.48407741E-01
 -0.59614899E-02  0.16944302E-01 -0.48373125E-01
 -0.59617723E-02  0.19163953E-01 -0.48301084E-01
 -0.60149528E-02  0.21325163E-01 -0.48191030E-01
 -0.61187777E-02  0.23425773E-01 -0.48041702E-01
 -0.62708611E-02  0.25464052E-01 -0.47851305E-01
 -0.64687000E-02  0.27438694E-01 -0.47617681E-01
 -0.67096914E-02  0.29348798E-01 -0.47338519E-01
 -0.69911522E-02  0.31193833E-01 -0.47011568E-01
 -0.73103412E-02  0.32973597E-01 -0.46634841E-01
 -0.76644832E-02  0.34688156E-01 -0.46206791E-01
 -0.80507934E-02  0.36337791E-01 -0.45726437E-01
 -0.84665025E-02  0.37922935E-01 -0.45193447E-01
 -0.89088795E-02  0.39444114E-01 -0.44608150E-01
 -0.93752526E-02  0.40901895E-01 -0.43971499E-01
 -0.98630258E-02  0.42296847E-01 -0.43284980E-01
 -0.10369690E-01  0.43629505E-01 -0.42550476E-01
 -0.10892832E-01  0.44900357E-01 -0.41770108E-01
 -0.11430131E-01  0.46109838E-01 -0.40946063E-01
 -0.11979358E-01  0.47258335E-01 -0.40080425E-01
 -0.12538366E-01  0.48346211E-01 -0.39175026E-01
 -0.13105076E-01  0.49373830E-01 -0.38231331E-01
 -0.13677465E-01  0.50341594E-01 -0.37250360E-01
 -0.14253547E-01  0.51249978E-01 -0.36232669E-01
 -0.14831364E-01  0.52099569E-01 -0.35178363E-01
 -0.15408972E-01  0.52891098E-01 -0.34087166E-01
 -0.15984434E-01  0.53625468E-01 -0.32958525E-01
 -0.16555821E-01  0.54303771E-01 -0.31791737E-01
 -0.17121213E-01  0.54927298E-01 -0.30586096E-01
 -0.17678711E-01  0.55497534E-01 -0.29341035E-01
 -0.18226451E-01  0.56016145E-01 -0.28056262E-01
 -0.18762623E-01  0.56484955E-01 -0.26731868E-01
 -0.19285494E-01  0.56905910E-01 -0.25368407E-01
 -0.19793427E-01  0.57281043E-01 -0.23966933E-01
 -0.20284906E-01  0.57612429E-01 -0.22529004E-01
 -0.20758553E-01  0.57902143E-01 -0.21056647E-01
 -0.21213140E-01  0.58152216E-01 -0.19552285E-01
 -0.21647598E-01  0.58364596E-01 -0.18018645E-01
 -0.22061021E-01  0.58541121E-01 -0.16458653E-01
 -0.22452653E-01  0.58683491E-01 -0.14875315E-01
 -0.22821887E-01  0.58793251E-01 -0.13271618E-01
 -0.23168238E-01  0.58871787E-01 -0.11650434E-01
 -0.23491330E-01  0.58920326E-01 -0.10014457E-01
 -0.23790872E-01  0.58939945E-01 -0.83661641E-02
 -0.24066635E-01  0.58931578E-01 -0.67078057E-02
 -0.24318437E-01  0.58896041E-01 -0.50414274E-02
 -0.24546125E-01  0.58834045E-01 -0.33689156E-02
 -0.24749569E-01  0.58746209E-01 -0.16920610E-02
 -0.24928658E-01  0.58633079E-01 -0.12632219E-04
 -0.41404012E-01 -0.52569188E-01 -0.17869427E-04
 -0.40848354E-01 -0.52076860E-01 -0.21963336E-03
 -0.40208979E-01 -0.51432599E-01 -0.45316960E-03
 -0.39490521E-01 -0.50640756E-01 -0.74696952E-03
 -0.38698961E-01 -0.49707631E-01 -0.11262727E-02
 -0.37841494E-01 -0.48641166E-01 -0.16118746E-02
 -0.36926358E-01 -0.47450567E-01 -0.22191964E-02
 -0.35962650E-01 -0.46145867E-01 -0.29576654E-02
 -0.34960111E-01 -0.44737465E-01 -0.38304302E-02
 -0.33928924E-01 -0.43235658E-01 -0.48344171E-02
 -0.32879499E-01 -0.41650207E-01 -0.59607093E-02
 -0.31822285E-01 -0.39989934E-01 -0.71952097E-02
 -0.30767600E-01 -0.38262391E-01 -0.85195333E-02
 -0.29725491E-01 -0.36473598E-01 -0.99120601E-02
 -0.28705631E-01 -0.34627869E-01 -0.11349070E-01
 -0.27717259E-01 -0.32727713E-01 -0.12805882E-01
 -0.26769160E-01 -0.30773817E-01 -0.14257915E-01
 -0.25869697E-01 -0.28765083E-01 -0.15681607E-01
 -0.25026878E-01 -0.26698723E-01 -0.17055123E-01
 -0.24248480E-01 -0.24570368E-01 -0.18358816E-01
 -0.31721767E-01 -0.60950457E-01 -0.32443757E-01
 -0.30674542E-01 -0.58456994E-01 -0.33843020E-01
 -0.29604784E-01 -0.55899294E-01 -0.35151217E-01
 -0.28516013E-01 -0.53282334E-01 -0.36372486E-01
 -0.27412117E-01 -0.50611635E-01 -0.37512680E-01
 -0.26297348E-01 -0.47893250E-01 -0.38578666E-01
 -0.25176299E-01 -0.45133695E-01 -0.39577650E-01
 -0.24053857E-01 -0.42339832E-01 -0.40516560E-01
 -0.22935158E-01 -0.39518719E-01 -0.41401545E-01
 -0.21825518E-01 -0.36677443E-01 -0.42237607E-01
 -0.20730364E-01 -0.33822951E-01 -0.43028384E-01
 -0.19655154E-01 -0.30961888E-01 -0.43776079E-01
 -0.18605301E-01 -0.28100469E-01 -0.44481535E-01
 -0.17586097E-01 -0.25244386E-01 -0.45144414E-01
 -0.16602641E-01 -0.22398751E-01 -0.45763475E-01
 -0.15659766E-01 -0.19568095E-01 -0.46336899E-01
 -0.14761989E-01 -0.16756403E-01 -0.46862627E-01
 -0.13913449E-01 -0.13967189E-01 -0.47338689E-01
 -0.13117872E-01 -0.11203595E-01 -0.47763478E-01
 -0.12378529E-01 -0.84685161E-02 -0.48135962E-01
 -0.11698215E-01 -0.57647176E-02 -0.48455812E-01
 -0.11079224E-01 -0.30949528E-02 -0.48723439E-01
 -0.10523337E-01 -0.46205754E-03 -0.48939949E-01
 -0.10031823E-01  0.21309835E-02 -0.49107024E-01
 -0.96054327E-02  0.46810040E-02 -0.49226746E-01
 -0.92444118E-02  0.71846611E-02 -0.49301385E-01
 -0.89485132E-02  0.96384758E-02 -0.49333177E-01
 -0.87170189E-02  0.12038907E-01 -0.49324110E-01
 -0.85487667E-02  0.14382447E-01 -0.49275743E-01
 -0.84421834E-02  0.16665739E-01 -0.49189077E-01
 -0.83953232E-02  0.18885690E-01 -0.49064472E-01
 -0.84059110E-02  0.21039589E-01 -0.48901645E-01
 -0.84713897E-02  0.23125203E-01 -0.48699713E-01
 -0.85889704E-02  0.25140849E-01 -0.48457306E-01
 -0.87556839E-02  0.27085437E-01 -0.48172710E-01
 -0.89684336E-02  0.28958478E-01 -0.47844048E-01
 -0.92240456E-02  0.30760061E-01 -0.47469461E-01
 -0.95193175E-02  0.32490790E-01 -0.47047294E-01
 -0.98510623E-02  0.34151701E-01 -0.46576245E-01
 -0.10216147E-01  0.35744151E-01 -0.46055484E-01
 -0.10611525E-01  0.37269708E-01 -0.45484732E-01
 -0.11034260E-01  0.38730020E-01 -0.44864272E-01
 -0.11481546E-01  0.40126711E-01 -0.44194928E-01
 -0.11950712E-01  0.41461278E-01 -0.43477986E-01
 -0.12439226E-01  0.42735019E-01 -0.42715085E-01
 -0.12944693E-01  0.43948982E-01 -0.41908075E-01
 -0.13464837E-01  0.45103950E-01 -0.41058875E-01
 -0.13997490E-01  0.46200451E-01 -0.40169321E-01
 -0.14540573E-01  0.47238799E-01 -0.39241044E-01
 -0.15092075E-01  0.48219154E-01 -0.38275364E-01
 -0.15650031E-01  0.49141598E-01 -0.37273228E-01
 -0.16212510E-01  0.50006225E-01 -0.36235185E-01
 -0.16777594E-01  0.50813225E-01 -0.35161405E-01
 -0.17343372E-01  0.51562963E-01 -0.34051738E-01
 -0.17907933E-01  0.52256050E-01 -0.32905800E-01
 -0.18469368E-01  0.52893382E-01 -0.31723092E-01
 -0.19025779E-01  0.53476173E-01 -0.30503119E-01
 -0.19575284E-01  0.54005951E-01 -0.29245523E-01
 -0.20116042E-01  0.54484535E-01 -0.27950196E-01
 -0.20646263E-01  0.54913994E-01 -0.26617373E-01
 -0.21164234E-01  0.55296583E-01 -0.25247704E-01
 -0.21668338E-01  0.55634675E-01 -0.23842283E-01
 -0.22157071E-01  0.55930683E-01 -0.22402649E-01
 -0.22629059E-01  0.56186984E-01 -0.20930753E-01
 -0.23083072E-01  0.56405851E-01 -0.19428895E-01
 -0.23518023E-01  0.56589396E-01 -0.17899639E-01
 -0.23932979E-01  0.56739526E-01 -0.16345718E-01
 -0.24327147E-01  0.56857922E-01 -0.14769931E-01
 -0.24699873E-01  0.56946032E-01 -0.13175052E-01
 -0.25050623E-01  0.57005080E-01 -0.11563750E-01
 -0.25378971E-01  0.57036089E-01 -0.99385301E-02
 -0.25684583E-01  0.57039916E-01 -0.83017005E-02
 -0.25967198E-01  0.57017292E-01 -0.66553672E-02
 -0.26226614E-01  0.56968859E-01 -0.50014530E-02
 -0.26462681E-01  0.56895207E-01 -0.33417401E-02
 -0.26675287E-01  0.56796904E-01 -0.16779274E-02
 -0.26864362E-01  0.56674507E-01 -0.11696831E-04
 -0.35179033E-01 -0.56192162E-01 -0.14040027E-04
 -0.34602772E-01 -0.55670066E-01 -0.42251220E-03
 -0.33942685E-01 -0.54927637E-01 -0.85666301E-03
 -0.33204036E-01 -0.53973543E-01 -0.13399765E-02
 -0.32393886E-01 -0.52820944E-01 -0.18933099E-02
 -0.31520920E-01 -0.51486814E-01 -0.25339112E-02
 -0.30595210E-01 -0.49991079E-01 -0.32746484E-02
 -0.29627938E-01 -0.48355635E-01 -0.41234886E-02
 -0.28631091E-01 -0.46603297E-01 -0.50832488E-02
 -0.27617135E-01 -0.44756740E-01 -0.61516232E-02
 -0.26598695E-01 -0.42837488E-01 -0.73214722E-02
 -0.25588238E-01 -0.40865017E-01 -0.85813446E-02
 -0.24597796E-01 -0.38855994E-01 -0.99161863E-02
 -0.23638714E-01 -0.36823711E-01 -0.11308182E-01
 -0.22721466E-01 -0.34777711E-01 -0.12737669E-01
 -0.21855514E-01 -0.32723625E-01 -0.14184049E-01
 -0.21049242E-01 -0.30663213E-01 -0.15626654E-01
 -0.20309951E-01 -0.28594576E-01 -0.17045483E-01
 -0.19643926E-01 -0.26512520E-01 -0.18421781E-01
 -0.19056569E-01 -0.24409014E-01 -0.19738415E-01
 -0.18552592E-01 -0.22273716E-01 -0.20980017E-01
 -0.18136276E-01 -0.20094493E-01 -0.22132890E-01
 -0.33289309E-01 -0.60571619E-01 -0.37255137E-01
 -0.32165421E-01 -0.57598501E-01 -0.38470046E-01
 -0.31034478E-01 -0.54588119E-01 -0.39600621E-01
 -0.29898518E-01 -0.51544659E-01 -0.40652696E-01
 -0.28759840E-01 -0.48473350E-01 -0.41632549E-01
 -0.27621066E-01 -0.45380361E-01 -0.42546394E-01
 -0.26485189E-01 -0.42272625E-01 -0.43399957E-01
 -0.25355593E-01 -0.39157583E-01 -0.44198146E-01
 -0.24236061E-01 -0.36042902E-01 -0.44944841E-01
 -0.23130745E-01 -0.32936183E-01 -0.45642804E-01
 -0.22044130E-01 -0.29844688E-01 -0.46293696E-01
 -0.20980972E-01 -0.26775112E-01 -0.46898189E-01
 -0.19946217E-01 -0.23733415E-01 -0.47456155E-01
 -0.18944918E-01 -0.20724727E-01 -0.47966901E-01
 -0.17982136E-01 -0.17753324E-01 -0.48429426E-01
 -0.17062835E-01 -0.14822669E-01 -0.48842670E-01
 -0.16191782E-01 -0.11935527E-01 -0.49205740E-01
 -0.15373449E-01 -0.90941049E-02 -0.49518078E-01
 -0.14611911E-01 -0.63002303E-02 -0.49779586E-01
 -0.13910771E-01 -0.35555331E-02 -0.49990667E-01
 -0.13273079E-01 -0.86161405E-03 -0.50152218E-01
 -0.12701278E-01  0.17798149E-02 -0.50265555E-01
 -0.12197163E-01  0.43668304E-02 -0.50332300E-01
 -0.11761853E-01  0.68972476E-02 -0.50354226E-01
 -0.11395786E-01  0.93686211E-02 -0.50333106E-01
 -0.11098729E-01  0.11778295E-01 -0.50270550E-01
 -0.10869809E-01  0.14123496E-01 -0.50167871E-01
 -0.10707554E-01  0.16401457E-01 -0.50025983E-01
 -0.10609951E-01  0.18609560E-01 -0.49845336E-01
 -0.10574516E-01  0.20745481E-01 -0.49625903E-01
 -0.10598367E-01  0.22807322E-01 -0.49367212E-01
 -0.10678311E-01  0.24793727E-01 -0.49068414E-01
 -0.10810921E-01  0.26703950E-01 -0.48728392E-01
 -0.10992623E-01  0.28537895E-01 -0.48345888E-01
 -0.11219770E-01  0.30296103E-01 -0.47919636E-01
 -0.11488715E-01  0.31979702E-01 -0.47448501E-01
 -0.11795869E-01  0.33590311E-01 -0.46931588E-01
 -0.12137753E-01  0.35129924E-01 -0.46368338E-01
 -0.12511037E-01  0.36600769E-01 -0.45758585E-01
 -0.12912563E-01  0.38005163E-01 -0.45102570E-01
 -0.13339366E-01  0.39345365E-01 -0.44400932E-01
 -0.13788667E-01  0.40623459E-01 -0.43654647E-01
 -0.14257878E-01  0.41841254E-01 -0.42864957E-01
 -0.14744579E-01  0.43000217E-01 -0.42033265E-01
 -0.15246500E-01  0.44101449E-01 -0.41161029E-01
 -0.15761499E-01  0.45145692E-01 -0.40249659E-01
 -0.16287532E-01  0.46133381E-01 -0.39300420E-01
 -0.16822630E-01  0.47064710E-01 -0.38314361E-01
 -0.17364874E-01  0.47939737E-01 -0.37292265E-01
 -0.17912372E-01  0.48758483E-01 -0.36234638E-01
 -0.18463252E-01  0.49521048E-01 -0.35141718E-01
 -0.19015641E-01  0.50227707E-01 -0.34013527E-01
 -0.19567670E-01  0.50878997E-01 -0.32849933E-01
 -0.20117472E-01  0.51475774E-01 -0.31650740E-01
 -0.20663188E-01  0.52019250E-01 -0.30415782E-01
 -0.21202983E-01  0.52510988E-01 -0.29145018E-01
 -0.21735054E-01  0.52952881E-01 -0.27838621E-01
 -0.22257654E-01  0.53347095E-01 -0.26497050E-01
 -0.22769105E-01  0.53696001E-01 -0.25121095E-01
 -0.23267820E-01  0.54002085E-01 -0.23711905E-01
 -0.23752312E-01  0.54267861E-01 -0.22270988E-01
 -0.24221216E-01  0.54495784E-01 -0.20800176E-01
 -0.24673290E-01  0.54688169E-01 -0.19301582E-01
 -0.25107429E-01  0.54847132E-01 -0.17777532E-01
 -0.25522661E-01  0.54974547E-01 -0.16230488E-01
 -0.25918149E-01  0.55072026E-01 -0.14662968E-01
 -0.26293184E-01  0.55140920E-01 -0.13077476E-01
 -0.26647177E-01  0.55182344E-01 -0.11476438E-01
 -0.26979651E-01  0.55197207E-01 -0.98621528E-02
 -0.27290227E-01  0.55186263E-01 -0.82367689E-02
 -0.27578617E-01  0.55150157E-01 -0.66022771E-02
 -0.27844608E-01  0.55089480E-01 -0.49605253E-02
 -0.28088057E-01  0.55004802E-01 -0.33132496E-02
 -0.28308884E-01  0.54896705E-01 -0.16621191E-02
 -0.28507065E-01  0.54765795E-01 -0.87867872E-05
 -0.30141236E-01 -0.58955009E-01 -0.80910308E-05
 -0.29550410E-01 -0.58410398E-01 -0.72438530E-03
 -0.28876551E-01 -0.57594852E-01 -0.14566025E-02
 -0.28125306E-01 -0.56520109E-01 -0.22195845E-02
 -0.27304439E-01 -0.55204315E-01 -0.30265636E-02
 -0.26423621E-01 -0.53671069E-01 -0.38885451E-02
 -0.25494154E-01 -0.51948227E-01 -0.48138176E-02
 -0.24528635E-01 -0.50066513E-01 -0.58076129E-02
 -0.23540579E-01 -0.48058037E-01 -0.68719313E-02
 -0.22544018E-01 -0.45954795E-01 -0.80055334E-02
 -0.21553094E-01 -0.43787237E-01 -0.92040913E-02
 -0.20581660E-01 -0.41582979E-01 -0.10460481E-01
 -0.19642916E-01 -0.39365730E-01 -0.11765187E-01
 -0.18749090E-01 -0.37154467E-01 -0.13106792E-01
 -0.17911173E-01 -0.34962908E-01 -0.14472502E-01
 -0.17138734E-01 -0.32799282E-01 -0.15848680E-01
 -0.16439806E-01 -0.30666391E-01 -0.17221345E-01
 -0.15820860E-01 -0.28561934E-01 -0.18576589E-01
 -0.15286863E-01 -0.26479060E-01 -0.19900907E-01
 -0.14841411E-01 -0.24407081E-01 -0.21181390E-01
 -0.14486955E-01 -0.22332288E-01 -0.22405772E-01
 -0.14225082E-01 -0.20238805E-01 -0.23562336E-01
 -0.14056874E-01 -0.18109397E-01 -0.24639644E-01
 -0.13983316E-01 -0.15926191E-01 -0.25626127E-01
 -0.35455756E-01 -0.58673776E-01 -0.41912467E-01
 -0.34192907E-01 -0.55273636E-01 -0.42937148E-01
 -0.32934700E-01 -0.51862807E-01 -0.43887305E-01
 -0.31682427E-01 -0.48446616E-01 -0.44767521E-01
 -0.30437750E-01 -0.45031551E-01 -0.45582213E-01
 -0.29202798E-01 -0.41624989E-01 -0.46335410E-01
 -0.27980223E-01 -0.38234858E-01 -0.47030599E-01
 -0.26773226E-01 -0.34869265E-01 -0.47670630E-01
 -0.25585548E-01 -0.31536137E-01 -0.48257702E-01
 -0.24421432E-01 -0.28242890E-01 -0.48793396E-01
 -0.23285546E-01 -0.24996168E-01 -0.49278755E-01
 -0.22182892E-01 -0.21801654E-01 -0.49714412E-01
 -0.21118685E-01 -0.18663983E-01 -0.50100713E-01
 -0.20098227E-01 -0.15586730E-01 -0.50437868E-01
 -0.19126765E-01 -0.12572490E-01 -0.50726066E-01
 -0.18209350E-01 -0.96230152E-02 -0.50965592E-01
 -0.17350700E-01 -0.67394023E-02 -0.51156893E-01
 -0.16555077E-01 -0.39223050E-02 -0.51300623E-01
 -0.15826169E-01 -0.11721443E-02 -0.51397642E-01
 -0.15167005E-01  0.15106980E-02 -0.51448993E-01
 -0.14579875E-01  0.41257233E-02 -0.51455843E-01
 -0.14066295E-01  0.66722086E-02 -0.51419408E-01
 -0.13626976E-01  0.91491546E-02 -0.51340874E-01
 -0.13261838E-01  0.11555290E-01 -0.51221309E-01
 -0.12970035E-01  0.13889127E-01 -0.51061595E-01
 -0.12750006E-01  0.16149059E-01 -0.50862368E-01
 -0.12599547E-01  0.18333487E-01 -0.50623987E-01
 -0.12515899E-01  0.20440961E-01 -0.50346529E-01
 -0.12495836E-01  0.22470315E-01 -0.50029804E-01
 -0.12535774E-01  0.24420790E-01 -0.49673403E-01
 -0.12631875E-01  0.26292130E-01 -0.49276755E-01
 -0.12780142E-01  0.28084631E-01 -0.48839206E-01
 -0.12976518E-01  0.29799155E-01 -0.48360098E-01
 -0.13216969E-01  0.31437098E-01 -0.47838848E-01
 -0.13497556E-01  0.33000320E-01 -0.47275016E-01
 -0.13814488E-01  0.34491035E-01 -0.46668360E-01
 -0.14164172E-01  0.35911692E-01 -0.46018871E-01
 -0.14543230E-01  0.37264831E-01 -0.45326784E-01
 -0.14948519E-01  0.38552951E-01 -0.44592570E-01
 -0.15377129E-01  0.39778385E-01 -0.43816901E-01
 -0.15826367E-01  0.40943204E-01 -0.43000611E-01
 -0.16293745E-01  0.42049147E-01 -0.42144631E-01
 -0.16776947E-01  0.43097590E-01 -0.41249928E-01
 -0.17273804E-01  0.44089555E-01 -0.40317442E-01
 -0.17782263E-01  0.45025744E-01 -0.39348036E-01
 -0.18300359E-01  0.45906611E-01 -0.38342447E-01
 -0.18826185E-01  0.46732455E-01 -0.37301265E-01
 -0.19357878E-01  0.47503517E-01 -0.36224924E-01
 -0.19893596E-01  0.48220090E-01 -0.35113720E-01
 -0.20431513E-01  0.48882615E-01 -0.33967835E-01
 -0.20969809E-01  0.49491760E-01 -0.32787387E-01
 -0.21506677E-01  0.50048479E-01 -0.31572488E-01
 -0.22040323E-01  0.50554044E-01 -0.30323302E-01
 -0.22568977E-01  0.51010046E-01 -0.29040111E-01
 -0.23090907E-01  0.51418369E-01 -0.27723370E-01
 -0.23604428E-01  0.51781137E-01 -0.26373753E-01
 -0.24107919E-01  0.52100650E-01 -0.24992185E-01
 -0.24599838E-01  0.52379298E-01 -0.23579859E-01
 -0.25078730E-01  0.52619479E-01 -0.22138228E-01
 -0.25543243E-01  0.52823520E-01 -0.20668992E-01
 -0.25992133E-01  0.52993602E-01 -0.19174060E-01
 -0.26424273E-01  0.53131710E-01 -0.17655504E-01
 -0.26838656E-01  0.53239597E-01 -0.16115506E-01
 -0.27234397E-01  0.53318773E-01 -0.14556305E-01
 -0.27610731E-01  0.53370509E-01 -0.12980142E-01
 -0.27967012E-01  0.53395864E-01 -0.11389214E-01
 -0.28302710E-01  0.53395723E-01 -0.97856387E-02
 -0.28617403E-01  0.53370843E-01 -0.81714331E-02
 -0.28910773E-01  0.53321899E-01 -0.65485035E-02
 -0.29182594E-01  0.53249531E-01 -0.49186524E-02
 -0.29432733E-01  0.53154372E-01 -0.32835955E-02
 -0.29661136E-01  0.53037074E-01 -0.16449904E-02
 -0.29867821E-01  0.52898308E-01 -0.44696647E-05
 -0.26835880E-01 -0.60193445E-01 -0.10868875E-05
 -0.26238779E-01 -0.59635739E-01 -0.10892097E-02
 -0.25560998E-01 -0.58784766E-01 -0.21813879E-02
 -0.24808207E-01 -0.57653574E-01 -0.32815017E-02
 -0.23988296E-01 -0.56262535E-01 -0.43930682E-02
 -0.23111168E-01 -0.54638287E-01 -0.55190874E-02
 -0.22188444E-01 -0.52812375E-01 -0.66619122E-02
 -0.21233113E-01 -0.50819687E-01 -0.78231469E-02
 -0.20259129E-01 -0.48696776E-01 -0.90035759E-02
 -0.19280980E-01 -0.46480145E-01 -0.10203124E-01
 -0.18313252E-01 -0.44204625E-01 -0.11420846E-01
 -0.17370196E-01 -0.41901892E-01 -0.12654937E-01
 -0.16465326E-01 -0.39599231E-01 -0.13902773E-01
 -0.15611063E-01 -0.37318588E-01 -0.15160946E-01
 -0.14818445E-01 -0.35075946E-01 -0.16425322E-01
 -0.14096909E-01 -0.32881050E-01 -0.17691078E-01
 -0.13454152E-01 -0.30737461E-01 -0.18952741E-01
 -0.12896089E-01 -0.28642927E-01 -0.20204193E-01
 -0.12426894E-01 -0.26590007E-01 -0.21438661E-01
 -0.12049141E-01 -0.24566901E-01 -0.22648659E-01
 -0.11764013E-01 -0.22558414E-01 -0.23825903E-01
 -0.11571607E-01 -0.20546963E-01 -0.24961171E-01
 -0.11471290E-01 -0.18513577E-01 -0.26044107E-01
 -0.11462130E-01 -0.16438787E-01 -0.27062973E-01
 -0.11543364E-01 -0.14303369E-01 -0.28004316E-01
 -0.39411016E-01 -0.59020352E-01 -0.45423203E-01
 -0.37898948E-01 -0.55239274E-01 -0.46330996E-01
 -0.36405242E-01 -0.51474298E-01 -0.47166983E-01
 -0.34931355E-01 -0.47731345E-01 -0.47933657E-01
 -0.33479087E-01 -0.44017366E-01 -0.48633560E-01
 -0.32050677E-01 -0.40340025E-01 -0.49269225E-01
 -0.30648865E-01 -0.36707319E-01 -0.49843124E-01
 -0.29276907E-01 -0.33127197E-01 -0.50357629E-01
 -0.27938566E-01 -0.29607191E-01 -0.50814987E-01
 -0.26638053E-01 -0.26154098E-01 -0.51217307E-01
 -0.25379942E-01 -0.22773747E-01 -0.51566553E-01
 -0.24169063E-01 -0.19470840E-01 -0.51864543E-01
 -0.23010370E-01 -0.16248900E-01 -0.52112962E-01
 -0.21908800E-01 -0.13110292E-01 -0.52313365E-01
 -0.20869125E-01 -0.10056338E-01 -0.52467190E-01
 -0.19895807E-01 -0.70874768E-02 -0.52575762E-01
 -0.18992864E-01 -0.42034733E-02 -0.52640302E-01
 -0.18163747E-01 -0.14036373E-02 -0.52661920E-01
 -0.17411237E-01  0.13129583E-02 -0.52641619E-01
 -0.16737374E-01  0.39472863E-02 -0.52580283E-01
 -0.16143400E-01  0.65002121E-02 -0.52478670E-01
 -0.15629737E-01  0.89723898E-02 -0.52337404E-01
 -0.15195993E-01  0.11364212E-01 -0.52156971E-01
 -0.14840994E-01  0.13675811E-01 -0.51937714E-01
 -0.14562833E-01  0.15907109E-01 -0.51679835E-01
 -0.14358950E-01  0.18057895E-01 -0.51383408E-01
 -0.14226220E-01  0.20127940E-01 -0.51048393E-01
 -0.14161056E-01  0.22117104E-01 -0.50674657E-01
 -0.14159517E-01  0.24025453E-01 -0.50262004E-01
 -0.14217413E-01  0.25853346E-01 -0.49810205E-01
 -0.14330417E-01  0.27601506E-01 -0.49319032E-01
 -0.14494157E-01  0.29271050E-01 -0.48788291E-01
 -0.14704307E-01  0.30863485E-01 -0.48217849E-01
 -0.14956656E-01  0.32380676E-01 -0.47607661E-01
 -0.15247169E-01  0.33824773E-01 -0.46957781E-01
 -0.15572028E-01  0.35198123E-01 -0.46268380E-01
 -0.15927655E-01  0.36503169E-01 -0.45539733E-01
 -0.16310727E-01  0.37742344E-01 -0.44772222E-01
 -0.16718176E-01  0.38917971E-01 -0.43966310E-01
 -0.17147170E-01  0.40032186E-01 -0.43122525E-01
 -0.17595098E-01  0.41086874E-01 -0.42241428E-01
 -0.18059544E-01  0.42083639E-01 -0.41323592E-01
 -0.18538256E-01  0.43023807E-01 -0.40369572E-01
 -0.19029117E-01  0.43908445E-01 -0.39379889E-01
 -0.19530118E-01  0.44738413E-01 -0.38355010E-01
 -0.20039331E-01  0.45514436E-01 -0.37295347E-01
 -0.20554889E-01  0.46237174E-01 -0.36201256E-01
 -0.21074972E-01  0.46907312E-01 -0.35073052E-01
 -0.21597790E-01  0.47525628E-01 -0.33911027E-01
 -0.22121583E-01  0.48093061E-01 -0.32715479E-01
 -0.22644614E-01  0.48610753E-01 -0.31486747E-01
 -0.23165174E-01  0.49080075E-01 -0.30225240E-01
 -0.23681584E-01  0.49502624E-01 -0.28931476E-01
 -0.24192203E-01  0.49880209E-01 -0.27606113E-01
 -0.24695435E-01  0.50214802E-01 -0.26249975E-01
 -0.25189739E-01  0.50508493E-01 -0.24864068E-01
 -0.25673637E-01  0.50763422E-01 -0.23449591E-01
 -0.26145724E-01  0.50981716E-01 -0.22007931E-01
 -0.26604677E-01  0.51165429E-01 -0.20540659E-01
 -0.27049261E-01  0.51316491E-01 -0.19049499E-01
 -0.27478336E-01  0.51436667E-01 -0.17536308E-01
 -0.27890868E-01  0.51527541E-01 -0.16003041E-01
 -0.28285928E-01  0.51590504E-01 -0.14451711E-01
 -0.28662700E-01  0.51626767E-01 -0.12884354E-01
 -0.29020485E-01  0.51637384E-01 -0.11302998E-01
 -0.29358698E-01  0.51623283E-01 -0.97096265E-02
 -0.29676872E-01  0.51585299E-01 -0.81061654E-02
 -0.29974656E-01  0.51524212E-01 -0.64944626E-02
 -0.30251805E-01  0.51440776E-01 -0.48762861E-02
 -0.30508184E-01  0.51335734E-01 -0.32533279E-02
 -0.30743751E-01  0.51209831E-01 -0.16272163E-02
 -0.30958554E-01  0.51063801E-01  0.46531077E-06
 -0.25562605E-01 -0.59526957E-01  0.57665436E-05
 -0.24968144E-01 -0.58966766E-01 -0.14685146E-02
 -0.24297205E-01 -0.58125126E-01 -0.29347596E-02
 -0.23555059E-01 -0.57014386E-01 -0.43853272E-02
 -0.22749067E-01 -0.55653951E-01 -0.58134861E-02
 -0.21888480E-01 -0.54069279E-01 -0.72137482E-02
 -0.20984179E-01 -0.52290592E-01 -0.85821210E-02
 -0.20048344E-01 -0.50351393E-01 -0.99162622E-02
 -0.19094091E-01 -0.48286853E-01 -0.11215527E-01
 -0.18135063E-01 -0.46132182E-01 -0.12480905E-01
 -0.17185027E-01 -0.43921058E-01 -0.13714853E-01
 -0.16257458E-01 -0.41684208E-01 -0.14921025E-01
 -0.15365168E-01 -0.39448199E-01 -0.16103927E-01
 -0.14519956E-01 -0.37234516E-01 -0.17268508E-01
 -0.13732330E-01 -0.35058939E-01 -0.18419707E-01
 -0.13011290E-01 -0.32931261E-01 -0.19561990E-01
 -0.12364189E-01 -0.30855313E-01 -0.20698895E-01
 -0.11796676E-01 -0.28829306E-01 -0.21832596E-01
 -0.11312730E-01 -0.26846414E-01 -0.22963529E-01
 -0.10914771E-01 -0.24895564E-01 -0.24090063E-01
 -0.10603859E-01 -0.22962369E-01 -0.25208241E-01
 -0.10379957E-01 -0.21030107E-01 -0.26311585E-01
 -0.10242272E-01 -0.19080707E-01 -0.27390953E-01
 -0.10189644E-01 -0.17095649E-01 -0.28434439E-01
 -0.10220983E-01 -0.15056724E-01 -0.29427282E-01
 -0.10335753E-01 -0.12946610E-01 -0.30351751E-01
 -0.43724525E-01 -0.58538064E-01 -0.48953321E-01
 -0.41845859E-01 -0.54397353E-01 -0.49731245E-01
 -0.40008182E-01 -0.50306265E-01 -0.50437513E-01
 -0.38213947E-01 -0.46271019E-01 -0.51072928E-01
 -0.36465725E-01 -0.42298432E-01 -0.51638764E-01
 -0.34766285E-01 -0.38395627E-01 -0.52136787E-01
 -0.33118641E-01 -0.34569695E-01 -0.52569231E-01
 -0.31526062E-01 -0.30827370E-01 -0.52938731E-01
 -0.29992050E-01 -0.27174728E-01 -0.53248238E-01
 -0.28520290E-01 -0.23616942E-01 -0.53500902E-01
 -0.27114574E-01 -0.20158114E-01 -0.53699953E-01
 -0.25778707E-01 -0.16801180E-01 -0.53848576E-01
 -0.24516397E-01 -0.13547903E-01 -0.53949800E-01
 -0.23331140E-01 -0.10398932E-01 -0.54006396E-01
 -0.22226107E-01 -0.73539352E-02 -0.54020808E-01
 -0.21204037E-01 -0.44117692E-02 -0.53995093E-01
 -0.20267136E-01 -0.15706803E-02 -0.53930901E-01
 -0.19416999E-01  0.11714861E-02 -0.53829470E-01
 -0.18654552E-01  0.38170865E-02 -0.53691649E-01
 -0.17980008E-01  0.63685046E-02 -0.53517934E-01
 -0.17392858E-01  0.88280132E-02 -0.53308523E-01
 -0.16891877E-01  0.11197678E-01 -0.53063377E-01
 -0.16475155E-01  0.13479308E-01 -0.52782280E-01
 -0.16140154E-01  0.15674448E-01 -0.52464909E-01
 -0.15883768E-01  0.17784408E-01 -0.52110888E-01
 -0.15702415E-01  0.19810323E-01 -0.51719840E-01
 -0.15592124E-01  0.21753226E-01 -0.51291430E-01
 -0.15548632E-01  0.23614136E-01 -0.50825393E-01
 -0.15567482E-01  0.25394133E-01 -0.50321557E-01
 -0.15644118E-01  0.27094430E-01 -0.49779849E-01
 -0.15773967E-01  0.28716413E-01 -0.49200301E-01
 -0.15952524E-01  0.30261675E-01 -0.48583040E-01
 -0.16175409E-01  0.31732009E-01 -0.47928277E-01
 -0.16438420E-01  0.33129388E-01 -0.47236293E-01
 -0.16737575E-01  0.34455925E-01 -0.46507423E-01
 -0.17069129E-01  0.35713811E-01 -0.45742034E-01
 -0.17429588E-01  0.36905265E-01 -0.44940516E-01
 -0.17815710E-01  0.38032460E-01 -0.44103262E-01
 -0.18224495E-01  0.39097478E-01 -0.43230659E-01
 -0.18653168E-01  0.40102265E-01 -0.42323077E-01
 -0.19099157E-01  0.41048600E-01 -0.41380867E-01
 -0.19560074E-01  0.41938095E-01 -0.40404357E-01
 -0.20033684E-01  0.42772197E-01 -0.39393851E-01
 -0.20517886E-01  0.43552214E-01 -0.38349640E-01
 -0.21010690E-01  0.44279355E-01 -0.37272002E-01
 -0.21510198E-01  0.44954771E-01 -0.36161218E-01
 -0.22014586E-01  0.45579605E-01 -0.35017582E-01
 -0.22522097E-01  0.46155036E-01 -0.33841416E-01
 -0.23031025E-01  0.46682316E-01 -0.32633092E-01
 -0.23539713E-01  0.47162796E-01 -0.31393043E-01
 -0.24046548E-01  0.47597944E-01 -0.30121787E-01
 -0.24549961E-01  0.47989343E-01 -0.28819942E-01
 -0.25048421E-01  0.48338677E-01 -0.27488246E-01
 -0.25540442E-01  0.48647708E-01 -0.26127568E-01
 -0.26024586E-01  0.48918244E-01 -0.24738921E-01
 -0.26499462E-01  0.49152100E-01 -0.23323466E-01
 -0.26963732E-01  0.49351065E-01 -0.21882516E-01
 -0.27416122E-01  0.49516862E-01 -0.20417527E-01
 -0.27855422E-01  0.49651124E-01 -0.18930094E-01
 -0.28280497E-01  0.49755372E-01 -0.17421924E-01
 -0.28690298E-01  0.49831009E-01 -0.15894824E-01
 -0.29083865E-01  0.49879316E-01 -0.14350670E-01
 -0.29460340E-01  0.49901466E-01 -0.12791379E-01
 -0.29818975E-01  0.49898537E-01 -0.11218880E-01
 -0.30159135E-01  0.49871530E-01 -0.96350872E-02
 -0.30480306E-01  0.49821393E-01 -0.80418694E-02
 -0.30782095E-01  0.49749034E-01 -0.64410341E-02
 -0.31064229E-01  0.49655332E-01 -0.48343104E-02
 -0.31326553E-01  0.49541143E-01 -0.32233427E-02
 -0.31569020E-01  0.49407292E-01 -0.16096917E-02
 -0.31791681E-01  0.49254560E-01  0.51560043E-05
 -0.26312998E-01 -0.56930742E-01  0.11336656E-04
 -0.25728982E-01 -0.56378807E-01 -0.18092884E-02
 -0.25074409E-01 -0.55591521E-01 -0.36114954E-02
 -0.24353765E-01 -0.54578600E-01 -0.53774769E-02
 -0.23573244E-01 -0.53355353E-01 -0.70914268E-02
 -0.22740598E-01 -0.51941902E-01 -0.87403045E-02
 -0.21864940E-01 -0.50362181E-01 -0.10314426E-01
 -0.20956484E-01 -0.48642774E-01 -0.11807852E-01
 -0.20026264E-01 -0.46811650E-01 -0.13218545E-01
 -0.19085815E-01 -0.44896884E-01 -0.14548298E-01
 -0.18146845E-01 -0.42925410E-01 -0.15802437E-01
 -0.17220919E-01 -0.40921899E-01 -0.16989320E-01
 -0.16319144E-01 -0.38907794E-01 -0.18119661E-01
 -0.15451893E-01 -0.36900558E-01 -0.19205729E-01
 -0.14628576E-01 -0.34913166E-01 -0.20260469E-01
 -0.13857452E-01 -0.32953856E-01 -0.21296585E-01
 -0.13145508E-01 -0.31026123E-01 -0.22325656E-01
 -0.12498405E-01 -0.29128961E-01 -0.23357312E-01
 -0.11920490E-01 -0.27257303E-01 -0.24398519E-01
 -0.11414878E-01 -0.25402627E-01 -0.25453006E-01
 -0.10983597E-01 -0.23553675E-01 -0.26520844E-01
 -0.10627803E-01 -0.21697227E-01 -0.27598177E-01
 -0.10348038E-01 -0.19818882E-01 -0.28677117E-01
 -0.10144555E-01 -0.17903774E-01 -0.29745753E-01
 -0.10017664E-01 -0.15937203E-01 -0.30788254E-01
 -0.99681332E-02 -0.13905105E-01 -0.31785022E-01
 -0.99976039E-02 -0.11794357E-01 -0.32712823E-01
 -0.47928152E-01 -0.57152547E-01 -0.52447051E-01
 -0.45595758E-01 -0.52694423E-01 -0.53075916E-01
 -0.43339053E-01 -0.48326777E-01 -0.53631214E-01
 -0.41161517E-01 -0.44054950E-01 -0.54113041E-01
 -0.39066296E-01 -0.39884301E-01 -0.54522414E-01
 -0.37056271E-01 -0.35820011E-01 -0.54861276E-01
 -0.35134101E-01 -0.31866872E-01 -0.55132439E-01
 -0.33302250E-01 -0.28029081E-01 -0.55339441E-01
 -0.31562987E-01 -0.24310056E-01 -0.55486365E-01
 -0.29918372E-01 -0.20712302E-01 -0.55577623E-01
 -0.28370230E-01 -0.17237327E-01 -0.55617727E-01
 -0.26920108E-01 -0.13885617E-01 -0.55611072E-01
 -0.25569229E-01 -0.10656668E-01 -0.55561738E-01
 -0.24318449E-01 -0.75490688E-02 -0.55473332E-01
 -0.23168202E-01 -0.45606289E-02 -0.55348872E-01
 -0.22118467E-01 -0.16885338E-02 -0.55190719E-01
 -0.21168731E-01  0.10704839E-02 -0.55000560E-01
 -0.20317967E-01  0.37199702E-02 -0.54779429E-01
 -0.19564628E-01  0.62635863E-02 -0.54527773E-01
 -0.18906650E-01  0.87049657E-02 -0.54245543E-01
 -0.18341468E-01  0.11047599E-01 -0.53932297E-01
 -0.17866051E-01  0.13294753E-01 -0.53587328E-01
 -0.17476945E-01  0.15449422E-01 -0.53209769E-01
 -0.17170325E-01  0.17514311E-01 -0.52798711E-01
 -0.16942059E-01  0.19491852E-01 -0.52353287E-01
 -0.16787772E-01  0.21384233E-01 -0.51872745E-01
 -0.16702921E-01  0.23193450E-01 -0.51356501E-01
 -0.16682857E-01  0.24921365E-01 -0.50804165E-01
 -0.16722898E-01  0.26569758E-01 -0.50215544E-01
 -0.16818389E-01  0.28140386E-01 -0.49590639E-01
 -0.16964755E-01  0.29635016E-01 -0.48929615E-01
 -0.17157551E-01  0.31055462E-01 -0.48232774E-01
 -0.17392498E-01  0.32403592E-01 -0.47500513E-01
 -0.17665511E-01  0.33681337E-01 -0.46733291E-01
 -0.17972721E-01  0.34890676E-01 -0.45931590E-01
 -0.18310484E-01  0.36033618E-01 -0.45095891E-01
 -0.18675385E-01  0.37112181E-01 -0.44226647E-01
 -0.19064236E-01  0.38128366E-01 -0.43324270E-01
 -0.19474065E-01  0.39084135E-01 -0.42389123E-01
 -0.19902109E-01  0.39981391E-01 -0.41421522E-01
 -0.20345797E-01  0.40821967E-01 -0.40421736E-01
 -0.20802734E-01  0.41607622E-01 -0.39390002E-01
 -0.21270687E-01  0.42340044E-01 -0.38326534E-01
 -0.21747565E-01  0.43020854E-01 -0.37231537E-01
 -0.22231409E-01  0.43651627E-01 -0.36105225E-01
 -0.22720375E-01  0.44233899E-01 -0.34947835E-01
 -0.23212718E-01  0.44769189E-01 -0.33759641E-01
 -0.23706783E-01  0.45259008E-01 -0.32540973E-01
 -0.24200993E-01  0.45704874E-01 -0.31292226E-01
 -0.24693836E-01  0.46108312E-01 -0.30013883E-01
 -0.25183858E-01  0.46470860E-01 -0.28706521E-01
 -0.25669657E-01  0.46794063E-01 -0.27370829E-01
 -0.26149870E-01  0.47079461E-01 -0.26007619E-01
 -0.26623177E-01  0.47328586E-01 -0.24617836E-01
 -0.27088291E-01  0.47542942E-01 -0.23202569E-01
 -0.27543966E-01  0.47723995E-01 -0.21763047E-01
 -0.27988991E-01  0.47873169E-01 -0.20300647E-01
 -0.28422204E-01  0.47991828E-01 -0.18816880E-01
 -0.28842494E-01  0.48081283E-01 -0.17313383E-01
 -0.29248813E-01  0.48142785E-01 -0.15791901E-01
 -0.29640187E-01  0.48177532E-01 -0.14254259E-01
 -0.30015731E-01  0.48186674E-01 -0.12702336E-01
 -0.30374655E-01  0.48171318E-01 -0.11138031E-01
 -0.30716280E-01  0.48132535E-01 -0.95632316E-02
 -0.31040044E-01  0.48071366E-01 -0.79797817E-02
 -0.31345506E-01  0.47988819E-01 -0.63894514E-02
 -0.31632352E-01  0.47885864E-01 -0.47939161E-02
 -0.31900388E-01  0.47763426E-01 -0.31947417E-02
 -0.32149538E-01  0.47622371E-01 -0.15933803E-02
 -0.32379830E-01  0.47463485E-01  0.88229564E-05
 -0.28759567E-01 -0.52748291E-01  0.14758759E-04
 -0.28191208E-01 -0.52214365E-01 -0.20629129E-02
 -0.27559425E-01 -0.51519654E-01 -0.41151715E-02
 -0.26867619E-01 -0.50669683E-01 -0.61171454E-02
 -0.26120329E-01 -0.49673118E-01 -0.80466950E-02
 -0.25323151E-01 -0.48541345E-01 -0.98854751E-02
 -0.24482622E-01 -0.47287921E-01 -0.11619764E-01
 -0.23606079E-01 -0.45927936E-01 -0.13241015E-01
 -0.22701492E-01 -0.44477323E-01 -0.14746104E-01
 -0.21777282E-01 -0.42952145E-01 -0.16137255E-01
 -0.20842124E-01 -0.41367901E-01 -0.17421669E-01
 -0.19904755E-01 -0.39738900E-01 -0.18610865E-01
 -0.18973785E-01 -0.38077703E-01 -0.19719796E-01
 -0.18057517E-01 -0.36394697E-01 -0.20765784E-01
 -0.17163802E-01 -0.34697780E-01 -0.21767343E-01
 -0.16299911E-01 -0.32992195E-01 -0.22742964E-01
 -0.15472446E-01 -0.31280496E-01 -0.23709928E-01
 -0.14687297E-01 -0.29562649E-01 -0.24683206E-01
 -0.13949629E-01 -0.27836244E-01 -0.25674516E-01
 -0.13263925E-01 -0.26096798E-01 -0.26691558E-01
 -0.12634066E-01 -0.24338129E-01 -0.27737468E-01
 -0.12063456E-01 -0.22552761E-01 -0.28810500E-01
 -0.11555186E-01 -0.20732344E-01 -0.29903912E-01
 -0.11112240E-01 -0.18868041E-01 -0.31006054E-01
 -0.10737729E-01 -0.16950866E-01 -0.32100591E-01
 -0.10435158E-01 -0.14971943E-01 -0.33166830E-01
 -0.10208720E-01 -0.12922671E-01 -0.34180056E-01
 -0.54442921E-01 -0.59683135E-01 -0.55301184E-01
 -0.51506816E-01 -0.54842310E-01 -0.55830252E-01
 -0.48688491E-01 -0.50135041E-01 -0.56284461E-01
 -0.45992561E-01 -0.45564484E-01 -0.56663250E-01
 -0.43422606E-01 -0.41133277E-01 -0.56967182E-01
 -0.40981266E-01 -0.36843552E-01 -0.57198020E-01
 -0.38670326E-01 -0.32696910E-01 -0.57358670E-01
 -0.36490789E-01 -0.28694376E-01 -0.57453049E-01
 -0.34442958E-01 -0.24836356E-01 -0.57485865E-01
 -0.32526496E-01 -0.21122585E-01 -0.57462354E-01
 -0.30740487E-01 -0.17552112E-01 -0.57387990E-01
 -0.29083497E-01 -0.14123290E-01 -0.57268198E-01
 -0.27553617E-01 -0.10833803E-01 -0.57108088E-01
 -0.26148511E-01 -0.76807147E-02 -0.56912233E-01
 -0.24865458E-01 -0.46605467E-02 -0.56684498E-01
 -0.23701390E-01 -0.17693720E-02 -0.56427931E-01
 -0.22652924E-01  0.99707439E-03 -0.56144714E-01
 -0.21716400E-01  0.36432782E-02 -0.55836179E-01
 -0.20887911E-01  0.61738294E-02 -0.55502869E-01
 -0.20163331E-01  0.85933126E-02 -0.55144645E-01
 -0.19538350E-01  0.10906210E-01 -0.54760820E-01
 -0.19008502E-01  0.13116820E-01 -0.54350311E-01
 -0.18569194E-01  0.15229201E-01 -0.53911789E-01
 -0.18215738E-01  0.17247129E-01 -0.53443830E-01
 -0.17943379E-01  0.19174084E-01 -0.52945036E-01
 -0.17747330E-01  0.21013246E-01 -0.52414146E-01
 -0.17622795E-01  0.22767515E-01 -0.51850111E-01
 -0.17565002E-01  0.24439542E-01 -0.51252139E-01
 -0.17569230E-01  0.26031761E-01 -0.50619720E-01
 -0.17630833E-01  0.27546435E-01 -0.49952618E-01
 -0.17745268E-01  0.28985696E-01 -0.49250851E-01
 -0.17908112E-01  0.30351587E-01 -0.48514647E-01
 -0.18115085E-01  0.31646091E-01 -0.47744404E-01
 -0.18362065E-01  0.32871164E-01 -0.46940634E-01
 -0.18645101E-01  0.34028752E-01 -0.46103918E-01
 -0.18960428E-01  0.35120804E-01 -0.45234858E-01
 -0.19304470E-01  0.36149282E-01 -0.44334042E-01
 -0.19673848E-01  0.37116155E-01 -0.43402016E-01
 -0.20065385E-01  0.38023397E-01 -0.42439266E-01
 -0.20476104E-01  0.38872981E-01 -0.41446208E-01
 -0.20903227E-01  0.39666867E-01 -0.40423186E-01
 -0.21344171E-01  0.40406992E-01 -0.39370480E-01
 -0.21796543E-01  0.41095260E-01 -0.38288314E-01
 -0.22258128E-01  0.41733536E-01 -0.37176872E-01
 -0.22726884E-01  0.42323634E-01 -0.36036313E-01
 -0.23200923E-01  0.42867314E-01 -0.34866793E-01
 -0.23678502E-01  0.43366277E-01 -0.33668482E-01
 -0.24158004E-01  0.43822167E-01 -0.32441585E-01
 -0.24637924E-01  0.44236564E-01 -0.31186363E-01
 -0.25116847E-01  0.44610992E-01 -0.29903152E-01
 -0.25593437E-01  0.44946915E-01 -0.28592385E-01
 -0.26066419E-01  0.45245745E-01 -0.27254610E-01
 -0.26534563E-01  0.45508842E-01 -0.25890510E-01
 -0.26996674E-01  0.45737522E-01 -0.24500914E-01
 -0.27451585E-01  0.45933061E-01 -0.23086809E-01
 -0.27898149E-01  0.46096700E-01 -0.21649350E-01
 -0.28335242E-01  0.46229654E-01 -0.20189857E-01
 -0.28761766E-01  0.46333112E-01 -0.18709807E-01
 -0.29176651E-01  0.46408247E-01 -0.17210822E-01
 -0.29578874E-01  0.46456216E-01 -0.15694646E-01
 -0.29967464E-01  0.46478167E-01 -0.14163113E-01
 -0.30341523E-01  0.46475236E-01 -0.12618116E-01
 -0.30700234E-01  0.46448542E-01 -0.11061564E-01
 -0.31042879E-01  0.46399190E-01 -0.94953436E-02
 -0.31368849E-01  0.46328255E-01 -0.79212777E-02
 -0.31677654E-01  0.46236777E-01 -0.63410934E-02
 -0.31968923E-01  0.46125746E-01 -0.47563931E-02
 -0.32242409E-01  0.45996085E-01 -0.31686385E-02
 -0.32497985E-01  0.45848639E-01 -0.15791462E-02
 -0.32735631E-01  0.45684157E-01  0.10903063E-04
 -0.32299675E-01 -0.47640266E-01  0.15576127E-04
 -0.31748671E-01 -0.47132009E-01 -0.21936371E-02
 -0.31141770E-01 -0.46555063E-01 -0.43749825E-02
 -0.30481151E-01 -0.45909840E-01 -0.65009016E-02
 -0.29769449E-01 -0.45196833E-01 -0.85468151E-02
 -0.29009756E-01 -0.44416623E-01 -0.10492295E-01
 -0.28205605E-01 -0.43569889E-01 -0.12321989E-01
 -0.27360959E-01 -0.42657420E-01 -0.14026234E-01
 -0.26480190E-01 -0.41680113E-01 -0.15601350E-01
 -0.25568049E-01 -0.40638981E-01 -0.17049577E-01
 -0.24629634E-01 -0.39535142E-01 -0.18378683E-01
 -0.23670348E-01 -0.38369805E-01 -0.19601271E-01
 -0.22695850E-01 -0.37144249E-01 -0.20733816E-01
 -0.21712011E-01 -0.35859788E-01 -0.21795524E-01
 -0.20724860E-01 -0.34517731E-01 -0.22807050E-01
 -0.19740535E-01 -0.33119332E-01 -0.23789177E-01
 -0.18765241E-01 -0.31665734E-01 -0.24761518E-01
 -0.17805214E-01 -0.30157913E-01 -0.25741315E-01
 -0.16866697E-01 -0.28596609E-01 -0.26742393E-01
 -0.15955930E-01 -0.26982271E-01 -0.27774328E-01
 -0.15079156E-01 -0.25314998E-01 -0.28841831E-01
 -0.14242649E-01 -0.23594484E-01 -0.29944398E-01
 -0.13452764E-01 -0.21819969E-01 -0.31076185E-01
 -0.12716004E-01 -0.19990199E-01 -0.32226107E-01
 -0.12039115E-01 -0.18103377E-01 -0.33378097E-01
 -0.11429213E-01 -0.16157126E-01 -0.34511493E-01
 -0.10893925E-01 -0.14148434E-01 -0.35601464E-01
 -0.10441575E-01 -0.12073590E-01 -0.36619399E-01
 -0.57458049E-01 -0.56707619E-01 -0.58680813E-01
 -0.54015127E-01 -0.51659006E-01 -0.59007708E-01
 -0.50745807E-01 -0.46795355E-01 -0.59259575E-01
 -0.47653774E-01 -0.42115610E-01 -0.59437171E-01
 -0.44741034E-01 -0.37617738E-01 -0.59542434E-01
 -0.42008049E-01 -0.33298948E-01 -0.59578473E-01
 -0.39453870E-01 -0.29155858E-01 -0.59549455E-01
 -0.37076291E-01 -0.25184634E-01 -0.59460404E-01
 -0.34872004E-01 -0.21381098E-01 -0.59316940E-01
 -0.32836765E-01 -0.17740798E-01 -0.59124982E-01
 -0.30965547E-01 -0.14259073E-01 -0.58890442E-01
 -0.29252707E-01 -0.10931093E-01 -0.58618943E-01
 -0.27692130E-01 -0.77518961E-02 -0.58315564E-01
 -0.26277377E-01 -0.47164161E-02 -0.57984644E-01
 -0.25001807E-01 -0.18195156E-02 -0.57629645E-01
 -0.23858694E-01  0.94398372E-03 -0.57253084E-01
 -0.22841317E-01  0.35792655E-02 -0.56856525E-01
 -0.21943042E-01  0.60914818E-02 -0.56440633E-01
 -0.21157383E-01  0.84857127E-02 -0.56005272E-01
 -0.20478037E-01  0.10766926E-01 -0.55549644E-01
 -0.19898918E-01  0.12939939E-01 -0.55072450E-01
 -0.19414165E-01  0.15009382E-01 -0.54572052E-01
 -0.19018145E-01  0.16979668E-01 -0.54046645E-01
 -0.18705444E-01  0.18854969E-01 -0.53494402E-01
 -0.18470854E-01  0.20639202E-01 -0.52913609E-01
 -0.18309353E-01  0.22336023E-01 -0.52302758E-01
 -0.18216088E-01  0.23948827E-01 -0.51660628E-01
 -0.18186353E-01  0.25480764E-01 -0.50986315E-01
 -0.18215578E-01  0.26934749E-01 -0.50279253E-01
 -0.18299312E-01  0.28313496E-01 -0.49539194E-01
 -0.18433219E-01  0.29619538E-01 -0.48766182E-01
 -0.18613073E-01  0.30855260E-01 -0.47960504E-01
 -0.18834765E-01  0.32022928E-01 -0.47122637E-01
 -0.19094304E-01  0.33124719E-01 -0.46253190E-01
 -0.19387832E-01  0.34162743E-01 -0.45352850E-01
 -0.19711639E-01  0.35139063E-01 -0.44422327E-01
 -0.20062171E-01  0.36055714E-01 -0.43462313E-01
 -0.20436053E-01  0.36914707E-01 -0.42473450E-01
 -0.20830099E-01  0.37718035E-01 -0.41456300E-01
 -0.21241323E-01  0.38467673E-01 -0.40411332E-01
 -0.21666949E-01  0.39165569E-01 -0.39338920E-01
 -0.22104416E-01  0.39813641E-01 -0.38239338E-01
 -0.22551376E-01  0.40413759E-01 -0.37112777E-01
 -0.23005692E-01  0.40967742E-01 -0.35959359E-01
 -0.23465421E-01  0.41477343E-01 -0.34779154E-01
 -0.23928807E-01  0.41944244E-01 -0.33572211E-01
 -0.24394260E-01  0.42370048E-01 -0.32338581E-01
 -0.24860332E-01  0.42756278E-01 -0.31078353E-01
 -0.25325696E-01  0.43104380E-01 -0.29791679E-01
 -0.25789123E-01  0.43415724E-01 -0.28478809E-01
 -0.26249457E-01  0.43691615E-01 -0.27140117E-01
 -0.26705597E-01  0.43933302E-01 -0.25776133E-01
 -0.27156473E-01  0.44141987E-01 -0.24387556E-01
 -0.27601039E-01  0.44318842E-01 -0.22975277E-01
 -0.28038258E-01  0.44465015E-01 -0.21540381E-01
 -0.28467102E-01  0.44581641E-01 -0.20084150E-01
 -0.28886550E-01  0.44669853E-01 -0.18608050E-01
 -0.29295593E-01  0.44730781E-01 -0.17113710E-01
 -0.29693249E-01  0.44765554E-01 -0.15602894E-01
 -0.30078569E-01  0.44775303E-01 -0.14077462E-01
 -0.30450658E-01  0.44761147E-01 -0.12539327E-01
 -0.30808685E-01  0.44724188E-01 -0.10990406E-01
 -0.31151905E-01  0.44665504E-01 -0.94325774E-02
 -0.31479666E-01  0.44586129E-01 -0.78676293E-02
 -0.31791424E-01  0.44487047E-01 -0.62972274E-02
 -0.32086750E-01  0.44369178E-01 -0.47228854E-02
 -0.32365330E-01  0.44233364E-01 -0.31459497E-02
 -0.32626970E-01  0.44080366E-01 -0.15675997E-02
 -0.32871585E-01  0.43910854E-01  0.11137936E-04
 -0.36148525E-01 -0.42476338E-01  0.13801818E-04
 -0.35612855E-01 -0.41998331E-01 -0.21851127E-02
 -0.35028242E-01 -0.41546943E-01 -0.43586841E-02
 -0.34395688E-01 -0.41117343E-01 -0.64816156E-02
 -0.33715972E-01 -0.40701603E-01 -0.85313068E-02
 -0.32989720E-01 -0.40289149E-01 -0.10488926E-01
 -0.32217498E-01 -0.39867340E-01 -0.12340258E-01
 -0.31399923E-01 -0.39422135E-01 -0.14076275E-01
 -0.30537785E-01 -0.38938814E-01 -0.15693413E-01
 -0.29632180E-01 -0.38402718E-01 -0.17193527E-01
 -0.28684627E-01 -0.37799945E-01 -0.18583550E-01
 -0.27697188E-01 -0.37117985E-01 -0.19874866E-01
 -0.26672567E-01 -0.36346246E-01 -0.21082452E-01
 -0.25614184E-01 -0.35476446E-01 -0.22223836E-01
 -0.24526229E-01 -0.34502864E-01 -0.23317933E-01
 -0.23413698E-01 -0.33422419E-01 -0.24383840E-01
 -0.22282387E-01 -0.32234613E-01 -0.25439638E-01
 -0.21138882E-01 -0.30941313E-01 -0.26501285E-01
 -0.19990514E-01 -0.29546419E-01 -0.27581639E-01
 -0.18845310E-01 -0.28055429E-01 -0.28689671E-01
 -0.17711922E-01 -0.26474944E-01 -0.29829876E-01
 -0.16599564E-01 -0.24812128E-01 -0.31001915E-01
 -0.15517942E-01 -0.23074178E-01 -0.32200473E-01
 -0.14477193E-01 -0.21267815E-01 -0.33415307E-01
 -0.13487843E-01 -0.19398835E-01 -0.34631466E-01
 -0.12560783E-01 -0.17471728E-01 -0.35829608E-01
 -0.11707267E-01 -0.15489383E-01 -0.36986373E-01
 -0.10938957E-01 -0.13452878E-01 -0.38074733E-01
 -0.63105275E-01 -0.58259886E-01 -0.61605914E-01
 -0.59020960E-01 -0.52875495E-01 -0.61775282E-01
 -0.55166478E-01 -0.47730242E-01 -0.61872664E-01
 -0.51544844E-01 -0.42818439E-01 -0.61899893E-01
 -0.48156735E-01 -0.38132919E-01 -0.61859649E-01
 -0.45000667E-01 -0.33665504E-01 -0.61755500E-01
 -0.42073185E-01 -0.29407409E-01 -0.61591836E-01
 -0.39369092E-01 -0.25349596E-01 -0.61373723E-01
 -0.36881689E-01 -0.21483047E-01 -0.61106693E-01
 -0.34603032E-01 -0.17798974E-01 -0.60796502E-01
 -0.32524198E-01 -0.14288971E-01 -0.60448870E-01
 -0.30635540E-01 -0.10945094E-01 -0.60069222E-01
 -0.28926948E-01 -0.77599008E-02 -0.59662473E-01
 -0.27388078E-01 -0.47264499E-02 -0.59232833E-01
 -0.26008571E-01 -0.18382642E-02 -0.58783684E-01
 -0.24778233E-01  0.91071956E-03 -0.58317500E-01
 -0.23687195E-01  0.35262128E-02 -0.57835835E-01
 -0.22726028E-01  0.60136385E-02 -0.57339355E-01
 -0.21885827E-01  0.83781887E-02 -0.56827925E-01
 -0.21158267E-01  0.10624873E-01 -0.56300727E-01
 -0.20535617E-01  0.12758554E-01 -0.55756406E-01
 -0.20010738E-01  0.14783967E-01 -0.55193226E-01
 -0.19577049E-01  0.16705731E-01 -0.54609229E-01
 -0.19228479E-01  0.18528347E-01 -0.54002386E-01
 -0.18959409E-01  0.20256182E-01 -0.53370735E-01
 -0.18764603E-01  0.21893459E-01 -0.52712485E-01
 -0.18639141E-01  0.23444232E-01 -0.52026106E-01
 -0.18578353E-01  0.24912376E-01 -0.51310381E-01
 -0.18577762E-01  0.26301566E-01 -0.50564438E-01
 -0.18633036E-01  0.27615269E-01 -0.49787751E-01
 -0.18739948E-01  0.28856742E-01 -0.48980123E-01
 -0.18894357E-01  0.30029034E-01 -0.48141650E-01
 -0.19092191E-01  0.31134993E-01 -0.47272670E-01
 -0.19329453E-01  0.32177281E-01 -0.46373711E-01
 -0.19602227E-01  0.33158386E-01 -0.45445430E-01
 -0.19906695E-01  0.34080643E-01 -0.44488556E-01
 -0.20239163E-01  0.34946251E-01 -0.43503834E-01
 -0.20596089E-01  0.35757291E-01 -0.42491980E-01
 -0.20974103E-01  0.36515738E-01 -0.41453642E-01
 -0.21370037E-01  0.37223476E-01 -0.40389371E-01
 -0.21780944E-01  0.37882307E-01 -0.39299605E-01
 -0.22204108E-01  0.38493956E-01 -0.38184661E-01
 -0.22637057E-01  0.39060079E-01 -0.37044736E-01
 -0.23077561E-01  0.39582263E-01 -0.35879925E-01
 -0.23523621E-01  0.40062030E-01 -0.34690237E-01
 -0.23973461E-01  0.40500842E-01 -0.33475624E-01
 -0.24425503E-01  0.40900101E-01 -0.32236021E-01
 -0.24878342E-01  0.41261158E-01 -0.30971376E-01
 -0.25330722E-01  0.41585315E-01 -0.29681695E-01
 -0.25781502E-01  0.41873836E-01 -0.28367083E-01
 -0.26229631E-01  0.42127957E-01 -0.27027778E-01
 -0.26674118E-01  0.42348889E-01 -0.25664187E-01
 -0.27114010E-01  0.42537831E-01 -0.24276910E-01
 -0.27548375E-01  0.42695974E-01 -0.22866761E-01
 -0.27976285E-01  0.42824507E-01 -0.21434771E-01
 -0.28396809E-01  0.42924616E-01 -0.19982187E-01
 -0.28809012E-01  0.42997485E-01 -0.18510457E-01
 -0.29211960E-01  0.43044289E-01 -0.17021201E-01
 -0.29604722E-01  0.43066188E-01 -0.15516177E-01
 -0.29986388E-01  0.43064313E-01 -0.13997237E-01
 -0.30356082E-01  0.43039762E-01 -0.12466274E-01
 -0.30712976E-01  0.42993579E-01 -0.10925175E-01
 -0.31056304E-01  0.42926753E-01 -0.93757647E-02
 -0.31385383E-01  0.42840203E-01 -0.78197661E-02
 -0.31699619E-01  0.42734773E-01 -0.62587607E-02
 -0.31998523E-01  0.42611233E-01 -0.46941644E-02
 -0.32281712E-01  0.42470277E-01 -0.31272174E-02
 -0.32548917E-01  0.42312530E-01 -0.15589887E-02
 -0.32799978E-01  0.42138557E-01  0.96029940E-05
 -0.39466529E-01 -0.38186783E-01  0.98937242E-05
 -0.38941009E-01 -0.37739830E-01 -0.20438007E-02
 -0.38371968E-01 -0.37402691E-01 -0.40792991E-02
 -0.37759464E-01 -0.37165981E-01 -0.60782628E-02
 -0.37102763E-01 -0.37014466E-01 -0.80242773E-02
 -0.36400465E-01 -0.36927888E-01 -0.99036241E-02
 -0.35650679E-01 -0.36882024E-01 -0.11705893E-01
 -0.34851240E-01 -0.36849922E-01 -0.13424398E-01
 -0.33999952E-01 -0.36803249E-01 -0.15056382E-01
 -0.33094844E-01 -0.36713651E-01 -0.16602991E-01
 -0.32134426E-01 -0.36554078E-01 -0.18069037E-01
 -0.31117937E-01 -0.36299970E-01 -0.19462548E-01
 -0.30045562E-01 -0.35930271E-01 -0.20794159E-01
 -0.28918620E-01 -0.35428200E-01 -0.22076350E-01
 -0.27739706E-01 -0.34781752E-01 -0.23322608E-01
 -0.26512788E-01 -0.33983918E-01 -0.24546535E-01
 -0.25243255E-01 -0.33032621E-01 -0.25760967E-01
 -0.23937914E-01 -0.31930377E-01 -0.26977138E-01
 -0.22604945E-01 -0.30683742E-01 -0.28203939E-01
 -0.21253810E-01 -0.29302552E-01 -0.29447296E-01
 -0.19895134E-01 -0.27799054E-01 -0.30709695E-01
 -0.18540561E-01 -0.26186951E-01 -0.31989854E-01
 -0.17202590E-01 -0.24480443E-01 -0.33282559E-01
 -0.15894411E-01 -0.22693314E-01 -0.34578629E-01
 -0.14629744E-01 -0.20838114E-01 -0.35864993E-01
 -0.13422691E-01 -0.18925474E-01 -0.37124853E-01
 -0.12287619E-01 -0.16963589E-01 -0.38337864E-01
 -0.11239074E-01 -0.14957859E-01 -0.39480300E-01
 -0.68089622E-01 -0.59478902E-01 -0.64580820E-01
 -0.63396829E-01 -0.53773286E-01 -0.64560837E-01
 -0.58991689E-01 -0.48364520E-01 -0.64474770E-01
 -0.54875363E-01 -0.43241452E-01 -0.64326469E-01
 -0.51046230E-01 -0.38391053E-01 -0.64120005E-01
 -0.47500092E-01 -0.33799113E-01 -0.63859741E-01
 -0.44230418E-01 -0.29450861E-01 -0.63550332E-01
 -0.41228624E-01 -0.25331507E-01 -0.63196661E-01
 -0.38484383E-01 -0.21426691E-01 -0.62803727E-01
 -0.35985958E-01 -0.17722827E-01 -0.62376503E-01
 -0.33720537E-01 -0.14207339E-01 -0.61919779E-01
 -0.31674585E-01 -0.10868807E-01 -0.61437999E-01
 -0.29834165E-01 -0.76970131E-02 -0.60935121E-01
 -0.28185258E-01 -0.46829193E-02 -0.60414493E-01
 -0.26714035E-01 -0.18185775E-02 -0.59878766E-01
 -0.25407100E-01  0.90300132E-03 -0.59329849E-01
 -0.24251691E-01  0.34880056E-02 -0.58768894E-01
 -0.23235824E-01  0.59419933E-02 -0.58196328E-01
 -0.22348396E-01  0.82700589E-02 -0.57611916E-01
 -0.21579241E-01  0.10476986E-01 -0.57014850E-01
 -0.20919138E-01  0.12567374E-01 -0.56403855E-01
 -0.20359781E-01  0.14545745E-01 -0.55777321E-01
 -0.19893721E-01  0.16416606E-01 -0.55133418E-01
 -0.19514282E-01  0.18184492E-01 -0.54470227E-01
 -0.19215455E-01  0.19853977E-01 -0.53785850E-01
 -0.18991795E-01  0.21429661E-01 -0.53078506E-01
 -0.18838304E-01  0.22916138E-01 -0.52346611E-01
 -0.18750326E-01  0.24317953E-01 -0.51588838E-01
 -0.18723457E-01  0.25639555E-01 -0.50804149E-01
 -0.18753461E-01  0.26885242E-01 -0.49991813E-01
 -0.18836209E-01  0.28059115E-01 -0.49151403E-01
 -0.18967637E-01  0.29165039E-01 -0.48282772E-01
 -0.19143720E-01  0.30206612E-01 -0.47386024E-01
 -0.19360469E-01  0.31187145E-01 -0.46461465E-01
 -0.19613937E-01  0.32109650E-01 -0.45509558E-01
 -0.19900240E-01  0.32976849E-01 -0.44530869E-01
 -0.20215586E-01  0.33791175E-01 -0.43526014E-01
 -0.20556311E-01  0.34554802E-01 -0.42495613E-01
 -0.20918916E-01  0.35269658E-01 -0.41440246E-01
 -0.21300097E-01  0.35937465E-01 -0.40360419E-01
 -0.21696775E-01  0.36559761E-01 -0.39256542E-01
 -0.22106120E-01  0.37137937E-01 -0.38128910E-01
 -0.22525563E-01  0.37673268E-01 -0.36977707E-01
 -0.22952799E-01  0.38166943E-01 -0.35803008E-01
 -0.23385782E-01  0.38620094E-01 -0.34604800E-01
 -0.23822716E-01  0.39033819E-01 -0.33383010E-01
 -0.24262024E-01  0.39409208E-01 -0.32137535E-01
 -0.24702333E-01  0.39747361E-01 -0.30868287E-01
 -0.25142433E-01  0.40049398E-01 -0.29575228E-01
 -0.25581250E-01  0.40316477E-01 -0.28258419E-01
 -0.26017812E-01  0.40549794E-01 -0.26918056E-01
 -0.26451219E-01  0.40750589E-01 -0.25554505E-01
 -0.26880614E-01  0.40920137E-01 -0.24168326E-01
 -0.27305162E-01  0.41059746E-01 -0.22760294E-01
 -0.27724031E-01  0.41170739E-01 -0.21331400E-01
 -0.28136386E-01  0.41254443E-01 -0.19882848E-01
 -0.28541377E-01  0.41312168E-01 -0.18416034E-01
 -0.28938145E-01  0.41345188E-01 -0.16932520E-01
 -0.29325825E-01  0.41354721E-01 -0.15433992E-01
 -0.29703555E-01  0.41341911E-01 -0.13922218E-01
 -0.30070490E-01  0.41307812E-01 -0.12398997E-01
 -0.30425816E-01  0.41253382E-01 -0.10866110E-01
 -0.30768764E-01  0.41179469E-01 -0.93252726E-02
 -0.31098629E-01  0.41086821E-01 -0.77780957E-02
 -0.31414778E-01  0.40976091E-01 -0.62260540E-02
 -0.31716668E-01  0.40847848E-01 -0.46704680E-02
 -0.32003852E-01  0.40702600E-01 -0.31124985E-02
 -0.32275988E-01  0.40540812E-01 -0.15531563E-02
 -0.32532845E-01  0.40362935E-01  0.66749863E-05
 -0.41499950E-01 -0.35598244E-01  0.46506078E-05
 -0.40977405E-01 -0.35179138E-01 -0.17985608E-02
 -0.40414456E-01 -0.34927205E-01 -0.35942343E-02
 -0.39810607E-01 -0.34829933E-01 -0.53746288E-02
 -0.39164200E-01 -0.34867105E-01 -0.71327869E-02
 -0.38472581E-01 -0.35011864E-01 -0.88628507E-02
 -0.37732321E-01 -0.35232100E-01 -0.10560313E-01
 -0.36939499E-01 -0.35492065E-01 -0.12222192E-01
 -0.36090015E-01 -0.35754131E-01 -0.13847113E-01
 -0.35179926E-01 -0.35980582E-01 -0.15435304E-01
 -0.34205787E-01 -0.36135347E-01 -0.16988498E-01
 -0.33164976E-01 -0.36185576E-01 -0.18509741E-01
 -0.32055993E-01 -0.36102974E-01 -0.20003138E-01
 -0.30878716E-01 -0.35864840E-01 -0.21473518E-01
 -0.29634600E-01 -0.35454748E-01 -0.22926063E-01
 -0.28326823E-01 -0.34862864E-01 -0.24365903E-01
 -0.26960362E-01 -0.34085888E-01 -0.25797699E-01
 -0.25542008E-01 -0.33126651E-01 -0.27225237E-01
 -0.24080320E-01 -0.31993405E-01 -0.28651039E-01
 -0.22585520E-01 -0.30698870E-01 -0.30076017E-01
 -0.21069345E-01 -0.29259103E-01 -0.31499172E-01
 -0.19544856E-01 -0.27692268E-01 -0.32917349E-01
 -0.18026222E-01 -0.26017390E-01 -0.34325035E-01
 -0.16528493E-01 -0.24253163E-01 -0.35714222E-01
 -0.15067366E-01 -0.22416881E-01 -0.37074288E-01
 -0.13658962E-01 -0.20523536E-01 -0.38391913E-01
 -0.12319625E-01 -0.18585140E-01 -0.39650980E-01
 -0.11065755E-01 -0.16610267E-01 -0.40832441E-01
 -0.99136894E-02 -0.14603836E-01 -0.41914118E-01
 -0.66865106E-01 -0.54349330E-01 -0.67337285E-01
 -0.61986499E-01 -0.48702375E-01 -0.67040470E-01
 -0.57449330E-01 -0.43393173E-01 -0.66693091E-01
 -0.53248514E-01 -0.38402431E-01 -0.66301163E-01
 -0.49376298E-01 -0.33709696E-01 -0.65870153E-01
 -0.45822527E-01 -0.29294128E-01 -0.65405038E-01
 -0.42574955E-01 -0.25135187E-01 -0.64910339E-01
 -0.39619590E-01 -0.21213195E-01 -0.64390139E-01
 -0.36941062E-01 -0.17509787E-01 -0.63848077E-01
 -0.34523004E-01 -0.14008219E-01 -0.63287342E-01
 -0.32348441E-01 -0.10693559E-01 -0.62710652E-01
 -0.30400157E-01 -0.75527465E-02 -0.62120244E-01
 -0.28661048E-01 -0.45745523E-02 -0.61517860E-01
 -0.27114431E-01 -0.17494503E-02 -0.60904749E-01
 -0.25744314E-01  0.93058013E-03 -0.60281677E-01
 -0.24535615E-01  0.34722954E-02 -0.59648946E-01
 -0.23474316E-01  0.58814519E-02 -0.59006431E-01
 -0.22547574E-01  0.81630726E-02 -0.58353624E-01
 -0.21743763E-01  0.10321699E-01 -0.57689693E-01
 -0.21052474E-01  0.12361614E-01 -0.57013537E-01
 -0.20464467E-01  0.14287025E-01 -0.56323860E-01
 -0.19971581E-01  0.16102204E-01 -0.55619236E-01
 -0.19566627E-01  0.17811573E-01 -0.54898177E-01
 -0.19243249E-01  0.19419756E-01 -0.54159196E-01
 -0.18995787E-01  0.20931574E-01 -0.53400867E-01
 -0.18819132E-01  0.22352015E-01 -0.52621870E-01
 -0.18708595E-01  0.23686175E-01 -0.51821034E-01
 -0.18659783E-01  0.24939174E-01 -0.50997363E-01
 -0.18668499E-01  0.26116071E-01 -0.50150057E-01
 -0.18730663E-01  0.27221770E-01 -0.49278516E-01
 -0.18842255E-01  0.28260934E-01 -0.48382337E-01
 -0.18999282E-01  0.29237911E-01 -0.47461304E-01
 -0.19197767E-01  0.30156676E-01 -0.46515363E-01
 -0.19433752E-01  0.31020788E-01 -0.45544600E-01
 -0.19703326E-01  0.31833370E-01 -0.44549205E-01
 -0.20002651E-01  0.32597107E-01 -0.43529439E-01
 -0.20328005E-01  0.33314261E-01 -0.42485605E-01
 -0.20675820E-01  0.33986705E-01 -0.41418010E-01
 -0.21042722E-01  0.34615965E-01 -0.40326942E-01
 -0.21425566E-01  0.35203277E-01 -0.39212646E-01
 -0.21821458E-01  0.35749646E-01 -0.38075310E-01
 -0.22227776E-01  0.36255908E-01 -0.36915061E-01
 -0.22642174E-01  0.36722796E-01 -0.35731964E-01
 -0.23062580E-01  0.37150994E-01 -0.34526035E-01
 -0.23487181E-01  0.37541194E-01 -0.33297259E-01
 -0.23914404E-01  0.37894139E-01 -0.32045615E-01
 -0.24342890E-01  0.38210656E-01 -0.30771111E-01
 -0.24771458E-01  0.38491682E-01 -0.29473809E-01
 -0.25199075E-01  0.38738276E-01 -0.28153865E-01
 -0.25624822E-01  0.38951618E-01 -0.26811557E-01
 -0.26047859E-01  0.39133006E-01 -0.25447314E-01
 -0.26467399E-01  0.39283827E-01 -0.24061735E-01
 -0.26882683E-01  0.39405540E-01 -0.22655599E-01
 -0.27292958E-01  0.39499637E-01 -0.21229870E-01
 -0.27697468E-01  0.39567609E-01 -0.19785689E-01
 -0.28095443E-01  0.39610909E-01 -0.18324352E-01
 -0.28486095E-01  0.39630916E-01 -0.16847291E-01
 -0.28868627E-01  0.39628903E-01 -0.15356035E-01
 -0.29242230E-01  0.39606012E-01 -0.13852173E-01
 -0.29606102E-01  0.39563239E-01 -0.12337318E-01
 -0.29959454E-01  0.39501427E-01 -0.10813062E-01
 -0.30301527E-01  0.39421267E-01 -0.92809436E-02
 -0.30631608E-01  0.39323318E-01 -0.77424186E-02
 -0.30949038E-01  0.39208025E-01 -0.61988387E-02
 -0.31253236E-01  0.39075753E-01 -0.46514404E-02
 -0.31543704E-01  0.38926826E-01 -0.31013455E-02
 -0.31820040E-01  0.38761563E-01 -0.15495716E-02
 -0.32081952E-01  0.38580314E-01  0.29471480E-05
 -0.41710684E-01 -0.35281675E-01 -0.94869452E-06
 -0.41183493E-01 -0.34883550E-01 -0.14963738E-02
 -0.40616270E-01 -0.34674438E-01 -0.29967268E-02
 -0.40008439E-01 -0.34640641E-01 -0.45067998E-02
 -0.39358170E-01 -0.34760127E-01 -0.60308432E-02
 -0.38662538E-01 -0.35003677E-01 -0.75723422E-02
 -0.37917763E-01 -0.35336372E-01 -0.91338395E-02
 -0.37119491E-01 -0.35719337E-01 -0.10716815E-01
 -0.36263124E-01 -0.36111628E-01 -0.12321626E-01
 -0.35344172E-01 -0.36472173E-01 -0.13947509E-01
 -0.34358608E-01 -0.36761639E-01 -0.15592644E-01
 -0.33303213E-01 -0.36944142E-01 -0.17254257E-01
 -0.32175892E-01 -0.36988697E-01 -0.18928774E-01
 -0.30975944E-01 -0.36870348E-01 -0.20611984E-01
 -0.29704289E-01 -0.36570923E-01 -0.22299219E-01
 -0.28363618E-01 -0.36079391E-01 -0.23985514E-01
 -0.26958495E-01 -0.35391821E-01 -0.25665746E-01
 -0.25495375E-01 -0.34510960E-01 -0.27334731E-01
 -0.23982576E-01 -0.33445494E-01 -0.28987266E-01
 -0.22430177E-01 -0.32209022E-01 -0.30618113E-01
 -0.20849874E-01 -0.30818857E-01 -0.32221919E-01
 -0.19254790E-01 -0.29294702E-01 -0.33793067E-01
 -0.17659261E-01 -0.27657312E-01 -0.35325465E-01
 -0.16078591E-01 -0.25927206E-01 -0.36812276E-01
 -0.14528810E-01 -0.24123510E-01 -0.38245589E-01
 -0.13026430E-01 -0.22262982E-01 -0.39616041E-01
 -0.11588220E-01 -0.20359273E-01 -0.40912391E-01
 -0.10231007E-01 -0.18422430E-01 -0.42121029E-01
 -0.89715218E-02 -0.16458668E-01 -0.43225435E-01
 -0.69218331E-01 -0.54603706E-01 -0.70076802E-01
 -0.63976446E-01 -0.48751529E-01 -0.69546947E-01
 -0.59122132E-01 -0.43285875E-01 -0.68981566E-01
 -0.54645620E-01 -0.38181130E-01 -0.68388908E-01
 -0.50534766E-01 -0.33410849E-01 -0.67775692E-01
 -0.46775323E-01 -0.28948570E-01 -0.67147215E-01
 -0.43351245E-01 -0.24768550E-01 -0.66507493E-01
 -0.40245020E-01 -0.20846371E-01 -0.65859401E-01
 -0.37438034E-01 -0.17159422E-01 -0.65204838E-01
 -0.34910945E-01 -0.13687236E-01 -0.64544889E-01
 -0.32644062E-01 -0.10411695E-01 -0.63879980E-01
 -0.30617711E-01 -0.73170883E-02 -0.63210028E-01
 -0.28812577E-01 -0.43900605E-02 -0.62534576E-01
 -0.27210005E-01 -0.16194517E-02 -0.61852911E-01
 -0.25792266E-01  0.10039421E-02 -0.61164157E-01
 -0.24542757E-01  0.34876658E-02 -0.60467357E-01
 -0.23446156E-01  0.58379338E-02 -0.59761526E-01
 -0.22488503E-01  0.80599671E-02 -0.59045687E-01
 -0.21657242E-01  0.10158319E-01 -0.58318898E-01
 -0.20941194E-01  0.12137167E-01 -0.57580256E-01
 -0.20330494E-01  0.14000568E-01 -0.56828902E-01
 -0.19816488E-01  0.15752648E-01 -0.56064009E-01
 -0.19391600E-01  0.17397746E-01 -0.55284777E-01
 -0.19049182E-01  0.18940490E-01 -0.54490424E-01
 -0.18783357E-01  0.20385822E-01 -0.53680177E-01
 -0.18588865E-01  0.21738972E-01 -0.52853274E-01
 -0.18460907E-01  0.23005395E-01 -0.52008956E-01
 -0.18395024E-01  0.24190670E-01 -0.51146482E-01
 -0.18386976E-01  0.25300390E-01 -0.50265130E-01
 -0.18432661E-01  0.26340040E-01 -0.49364211E-01
 -0.18528051E-01  0.27314870E-01 -0.48443080E-01
 -0.18669151E-01  0.28229795E-01 -0.47501148E-01
 -0.18851987E-01  0.29089293E-01 -0.46537890E-01
 -0.19072611E-01  0.29897342E-01 -0.45552853E-01
 -0.19327118E-01  0.30657377E-01 -0.44545661E-01
 -0.19611678E-01  0.31372272E-01 -0.43516012E-01
 -0.19922576E-01  0.32044353E-01 -0.42463678E-01
 -0.20256251E-01  0.32675436E-01 -0.41388497E-01
 -0.20609333E-01  0.33266876E-01 -0.40290365E-01
 -0.20978680E-01  0.33819649E-01 -0.39169228E-01
 -0.21361403E-01  0.34334427E-01 -0.38025076E-01
 -0.21754878E-01  0.34811675E-01 -0.36857933E-01
 -0.22156763E-01  0.35251735E-01 -0.35667860E-01
 -0.22564985E-01  0.35654914E-01 -0.34454948E-01
 -0.22977734E-01  0.36021558E-01 -0.33219328E-01
 -0.23393441E-01  0.36352118E-01 -0.31961178E-01
 -0.23810754E-01  0.36647194E-01 -0.30680731E-01
 -0.24228505E-01  0.36907571E-01 -0.29378291E-01
 -0.24645679E-01  0.37134227E-01 -0.28054244E-01
 -0.25061380E-01  0.37328333E-01 -0.26709075E-01
 -0.25474803E-01  0.37491229E-01 -0.25343376E-01
 -0.25885201E-01  0.37624397E-01 -0.23957855E-01
 -0.26291863E-01  0.37729410E-01 -0.22553338E-01
 -0.26694093E-01  0.37807887E-01 -0.21130768E-01
 -0.27091194E-01  0.37861438E-01 -0.19691197E-01
 -0.27482461E-01  0.37891611E-01 -0.18235776E-01
 -0.27867171E-01  0.37899844E-01 -0.16765734E-01
 -0.28244587E-01  0.37887426E-01 -0.15282359E-01
 -0.28613958E-01  0.37855467E-01 -0.13786977E-01
 -0.28974526E-01  0.37804887E-01 -0.12280927E-01
 -0.29325539E-01  0.37736411E-01 -0.10765542E-01
 -0.29666261E-01  0.37650583E-01 -0.92421296E-02
 -0.29995983E-01  0.37547795E-01 -0.77119596E-02
 -0.30314042E-01  0.37428320E-01 -0.61762542E-02
 -0.30619836E-01  0.37292363E-01 -0.46361861E-02
 -0.30912835E-01  0.37140109E-01 -0.30928814E-02
 -0.31192599E-01  0.36971773E-01 -0.15474285E-02
 -0.31458791E-01  0.36787647E-01 -0.88960060E-06
 -0.39872138E-01 -0.37439308E-01 -0.59308828E-05
 -0.39333830E-01 -0.37052655E-01 -0.11948164E-02
 -0.38753100E-01 -0.36837471E-01 -0.24008704E-02
 -0.38129778E-01 -0.36781021E-01 -0.36412757E-02
 -0.37462640E-01 -0.36862976E-01 -0.49313792E-02
 -0.36749536E-01 -0.37056454E-01 -0.62839342E-02
 -0.35987585E-01 -0.37329373E-01 -0.77084974E-02
 -0.35173412E-01 -0.37646036E-01 -0.92110145E-02
 -0.34303426E-01 -0.37968851E-01 -0.10793613E-01
 -0.33374110E-01 -0.38260095E-01 -0.12454608E-01
 -0.32382328E-01 -0.38483616E-01 -0.14188713E-01
 -0.31325615E-01 -0.38606397E-01 -0.15987439E-01
 -0.30202447E-01 -0.38599876E-01 -0.17839636E-01
 -0.29012478E-01 -0.38440989E-01 -0.19732150E-01
 -0.27756729E-01 -0.38112856E-01 -0.21650538E-01
 -0.26437737E-01 -0.37605126E-01 -0.23579796E-01
 -0.25059638E-01 -0.36913936E-01 -0.25505041E-01
 -0.23628206E-01 -0.36041553E-01 -0.27412111E-01
 -0.22150837E-01 -0.34995690E-01 -0.29288038E-01
 -0.20636485E-01 -0.33788597E-01 -0.31121369E-01
 -0.19095553E-01 -0.32435963E-01 -0.32902304E-01
 -0.17539759E-01 -0.30955720E-01 -0.34622663E-01
 -0.15981957E-01 -0.29366823E-01 -0.36275663E-01
 -0.14435961E-01 -0.27688081E-01 -0.37855531E-01
 -0.12916338E-01 -0.25937100E-01 -0.39356972E-01
 -0.11438215E-01 -0.24129394E-01 -0.40774504E-01
 -0.10017083E-01 -0.22277714E-01 -0.42101703E-01
 -0.86686281E-02 -0.20391593E-01 -0.43330367E-01
 -0.74085820E-02 -0.18477141E-01 -0.44449618E-01
 -0.70347282E-01 -0.54534444E-01 -0.72751079E-01
 -0.64871075E-01 -0.48517726E-01 -0.71973891E-01
 -0.59819951E-01 -0.42930176E-01 -0.71178913E-01
 -0.55178316E-01 -0.37740145E-01 -0.70376506E-01
 -0.50928918E-01 -0.32915846E-01 -0.69574523E-01
 -0.47053080E-01 -0.28426095E-01 -0.68778461E-01
 -0.43530955E-01 -0.24240969E-01 -0.67991680E-01
 -0.40341812E-01 -0.20332347E-01 -0.67215676E-01
 -0.37464336E-01 -0.16674345E-01 -0.66450397E-01
 -0.34876949E-01 -0.13243607E-01 -0.65694575E-01
 -0.32558126E-01 -0.10019475E-01 -0.64946065E-01
 -0.30486704E-01 -0.69840283E-02 -0.64202163E-01
 -0.28642171E-01 -0.41220067E-02 -0.63459898E-01
 -0.27004920E-01 -0.14206343E-02 -0.62716277E-01
 -0.25556459E-01  0.11306379E-02 -0.61968490E-01
 -0.24279580E-01  0.35404475E-02 -0.61214049E-01
 -0.23158468E-01  0.58158713E-02 -0.60450882E-01
 -0.22178763E-01  0.79627887E-02 -0.59677374E-01
 -0.21327566E-01  0.99862346E-02 -0.58892362E-01
 -0.20593400E-01  0.11890725E-01 -0.58095093E-01
 -0.19966130E-01  0.13680542E-01 -0.57285154E-01
 -0.19436852E-01  0.15359956E-01 -0.56462390E-01
 -0.18997752E-01  0.16933406E-01 -0.55626804E-01
 -0.18641960E-01  0.18405592E-01 -0.54778469E-01
 -0.18363386E-01  0.19781535E-01 -0.53917438E-01
 -0.18156572E-01  0.21066557E-01 -0.53043680E-01
 -0.18016546E-01  0.22266233E-01 -0.52157024E-01
 -0.17938689E-01  0.23386295E-01 -0.51257126E-01
 -0.17918637E-01  0.24432520E-01 -0.50343460E-01
 -0.17952186E-01  0.25410592E-01 -0.49415323E-01
 -0.18035239E-01  0.26325979E-01 -0.48471861E-01
 -0.18163763E-01  0.27183803E-01 -0.47512096E-01
 -0.18333775E-01  0.27988737E-01 -0.46534979E-01
 -0.18541345E-01  0.28744921E-01 -0.45539429E-01
 -0.18782607E-01  0.29455905E-01 -0.44524384E-01
 -0.19053790E-01  0.30124632E-01 -0.43488845E-01
 -0.19351250E-01  0.30753438E-01 -0.42431915E-01
 -0.19671504E-01  0.31344089E-01 -0.41352825E-01
 -0.20011263E-01  0.31897844E-01 -0.40250961E-01
 -0.20367459E-01  0.32415532E-01 -0.39125876E-01
 -0.20737273E-01  0.32897649E-01 -0.37977293E-01
 -0.21118142E-01  0.33344459E-01 -0.36805104E-01
 -0.21507769E-01  0.33756096E-01 -0.35609363E-01
 -0.21904116E-01  0.34132665E-01 -0.34390272E-01
 -0.22305399E-01  0.34474326E-01 -0.33148168E-01
 -0.22710060E-01  0.34781372E-01 -0.31883504E-01
 -0.23116753E-01  0.35054275E-01 -0.30596836E-01
 -0.23524311E-01  0.35293729E-01 -0.29288806E-01
 -0.23931720E-01  0.35500654E-01 -0.27960128E-01
 -0.24338086E-01  0.35676193E-01 -0.26611576E-01
 -0.24742610E-01  0.35821687E-01 -0.25243973E-01
 -0.25144559E-01  0.35938628E-01 -0.23858184E-01
 -0.25543244E-01  0.36028613E-01 -0.22455105E-01
 -0.25938000E-01  0.36093280E-01 -0.21035662E-01
 -0.26328169E-01  0.36134245E-01 -0.19600799E-01
 -0.26713093E-01  0.36153051E-01 -0.18151482E-01
 -0.27092098E-01  0.36151105E-01 -0.16688690E-01
 -0.27464501E-01  0.36129645E-01 -0.15213416E-01
 -0.27829602E-01  0.36089712E-01 -0.13726666E-01
 -0.28186692E-01  0.36032134E-01 -0.12229457E-01
 -0.28535061E-01  0.35957533E-01 -0.10722823E-01
 -0.28874002E-01  0.35866347E-01 -0.92078150E-02
 -0.29202833E-01  0.35758862E-01 -0.76855077E-02
 -0.29520900E-01  0.35635256E-01 -0.61570015E-02
 -0.29827603E-01  0.35495655E-01 -0.46234286E-02
 -0.30122404E-01  0.35340184E-01 -0.30859569E-02
 -0.30404850E-01  0.35169027E-01 -0.15457917E-02
 -0.30674582E-01  0.34982465E-01 -0.41756888E-05
 -0.36113375E-01 -0.41851571E-01 -0.95030415E-05
 -0.35559972E-01 -0.41465842E-01 -0.95249374E-03
 -0.34959418E-01 -0.41197438E-01 -0.19226288E-02
 -0.34312368E-01 -0.41036603E-01 -0.29472312E-02
 -0.33618886E-01 -0.40967992E-01 -0.40507393E-02
 -0.32878519E-01 -0.40971452E-01 -0.52535103E-02
 -0.32090405E-01 -0.41023008E-01 -0.65708671E-02
 -0.31253408E-01 -0.41096039E-01 -0.80124395E-02
 -0.30366287E-01 -0.41162536E-01 -0.95818329E-02
 -0.29427867E-01 -0.41194406E-01 -0.11276633E-01
 -0.28437227E-01 -0.41164723E-01 -0.13088737E-01
 -0.27393870E-01 -0.41048876E-01 -0.15004981E-01
 -0.26297894E-01 -0.40825542E-01 -0.17008009E-01
 -0.25150138E-01 -0.40477452E-01 -0.19077322E-01
 -0.23952306E-01 -0.39991899E-01 -0.21190440E-01
 -0.22707064E-01 -0.39360987E-01 -0.23324088E-01
 -0.21418105E-01 -0.38581609E-01 -0.25455326E-01
 -0.20090199E-01 -0.37655174E-01 -0.27562571E-01
 -0.18729199E-01 -0.36587117E-01 -0.29626423E-01
 -0.17342033E-01 -0.35386221E-01 -0.31630263E-01
 -0.15936673E-01 -0.34063818E-01 -0.33560591E-01
 -0.14522082E-01 -0.32632909E-01 -0.35407076E-01
 -0.13108143E-01 -0.31107272E-01 -0.37162341E-01
 -0.11705579E-01 -0.29500605E-01 -0.38821484E-01
 -0.10325862E-01 -0.27825757E-01 -0.40381373E-01
 -0.89811089E-02 -0.26094080E-01 -0.41839763E-01
 -0.76839818E-02 -0.24314946E-01 -0.43194264E-01
 -0.64475880E-02 -0.22495419E-01 -0.44441217E-01
 -0.52853888E-02 -0.20640123E-01 -0.45574510E-01
 -0.70253646E-01 -0.54133398E-01 -0.75331910E-01
 -0.64674434E-01 -0.48000198E-01 -0.74303141E-01
 -0.59548290E-01 -0.42330519E-01 -0.73276140E-01
 -0.54852902E-01 -0.37087239E-01 -0.72262771E-01
 -0.50565402E-01 -0.32234175E-01 -0.71271580E-01
 -0.46662519E-01 -0.27736616E-01 -0.70307968E-01
 -0.43120748E-01 -0.23561779E-01 -0.69374474E-01
 -0.39916539E-01 -0.19679176E-01 -0.68471151E-01
 -0.37026495E-01 -0.16060898E-01 -0.67596005E-01
 -0.34427582E-01 -0.12681785E-01 -0.66745473E-01
 -0.32097343E-01 -0.95195114E-02 -0.65914912E-01
 -0.30014101E-01 -0.65545622E-02 -0.65099066E-01
 -0.28157153E-01 -0.37701291E-02 -0.64292502E-01
 -0.26506930E-01 -0.11519231E-02 -0.63489971E-01
 -0.25045131E-01  0.13120752E-02 -0.62686711E-01
 -0.23754822E-01  0.36319112E-02 -0.61878658E-01
 -0.22620488E-01  0.58159819E-02 -0.61062575E-01
 -0.21628048E-01  0.78713707E-02 -0.60236109E-01
 -0.20764833E-01  0.98041764E-02 -0.59397760E-01
 -0.20019525E-01  0.11619819E-01 -0.58546809E-01
 -0.19382062E-01  0.13323310E-01 -0.57683184E-01
 -0.18843534E-01  0.14919476E-01 -0.56807301E-01
 -0.18396042E-01  0.16413135E-01 -0.55919896E-01
 -0.18032569E-01  0.17809213E-01 -0.55021845E-01
 -0.17746831E-01  0.19112806E-01 -0.54114005E-01
 -0.17533147E-01  0.20329199E-01 -0.53197074E-01
 -0.17386311E-01  0.21463831E-01 -0.52271482E-01
 -0.17301480E-01  0.22522236E-01 -0.51337320E-01
 -0.17274089E-01  0.23509943E-01 -0.50394296E-01
 -0.17299769E-01  0.24432378E-01 -0.49441737E-01
 -0.17374303E-01  0.25294746E-01 -0.48478615E-01
 -0.17493587E-01  0.26101924E-01 -0.47503600E-01
 -0.17653617E-01  0.26858371E-01 -0.46515136E-01
 -0.17850488E-01  0.27568047E-01 -0.45511524E-01
 -0.18080403E-01  0.28234363E-01 -0.44491015E-01
 -0.18339692E-01  0.28860161E-01 -0.43451898E-01
 -0.18624837E-01  0.29447716E-01 -0.42392584E-01
 -0.18932494E-01  0.29998767E-01 -0.41311676E-01
 -0.19259520E-01  0.30514572E-01 -0.40208021E-01
 -0.19602987E-01  0.30995982E-01 -0.39080754E-01
 -0.19960206E-01  0.31443528E-01 -0.37929314E-01
 -0.20328726E-01  0.31857520E-01 -0.36753450E-01
 -0.20706341E-01  0.32238138E-01 -0.35553208E-01
 -0.21091083E-01  0.32585530E-01 -0.34328907E-01
 -0.21481213E-01  0.32899892E-01 -0.33081101E-01
 -0.21875203E-01  0.33181536E-01 -0.31810544E-01
 -0.22271716E-01  0.33430942E-01 -0.30518136E-01
 -0.22669583E-01  0.33648788E-01 -0.29204881E-01
 -0.23067778E-01  0.33835959E-01 -0.27871844E-01
 -0.23465396E-01  0.33993542E-01 -0.26520109E-01
 -0.23861624E-01  0.34122798E-01 -0.25150742E-01
 -0.24255723E-01  0.34225123E-01 -0.23764774E-01
 -0.24647002E-01  0.34301995E-01 -0.22363172E-01
 -0.25034806E-01  0.34354922E-01 -0.20946839E-01
 -0.25418495E-01  0.34385384E-01 -0.19516605E-01
 -0.25797436E-01  0.34394778E-01 -0.18073241E-01
 -0.26170993E-01  0.34384375E-01 -0.16617466E-01
 -0.26538522E-01  0.34355281E-01 -0.15149969E-01
 -0.26899369E-01  0.34308421E-01 -0.13671431E-01
 -0.27252871E-01  0.34244528E-01 -0.12182553E-01
 -0.27598359E-01  0.34164152E-01 -0.10684074E-01
 -0.27935171E-01  0.34067686E-01 -0.91768038E-02
 -0.28262657E-01  0.33955395E-01 -0.76616391E-02
 -0.28580195E-01  0.33827463E-01 -0.61395806E-02
 -0.28887206E-01  0.33684040E-01 -0.46117431E-02
 -0.29183169E-01  0.33525293E-01 -0.30793573E-02
 -0.29467638E-01  0.33351452E-01 -0.15437637E-02
 -0.29740260E-01  0.33162847E-01 -0.63978613E-05
 -0.30902249E-01 -0.47895020E-01 -0.11184479E-04
 -0.30333093E-01 -0.47500628E-01 -0.81903073E-03
 -0.29710543E-01 -0.47141947E-01 -0.16600191E-02
 -0.29036352E-01 -0.46813738E-01 -0.25675839E-02
 -0.28312345E-01 -0.46508146E-01 -0.35716477E-02
 -0.27540411E-01 -0.46215075E-01 -0.46971591E-02
 -0.26722492E-01 -0.45922662E-01 -0.59629254E-02
 -0.25860591E-01 -0.45617832E-01 -0.73808045E-02
 -0.24956776E-01 -0.45286896E-01 -0.89552948E-02
 -0.24013192E-01 -0.44916160E-01 -0.10683538E-01
 -0.23032075E-01 -0.44492518E-01 -0.12555719E-01
 -0.22015769E-01 -0.44003980E-01 -0.14555832E-01
 -0.20966747E-01 -0.43440129E-01 -0.16662745E-01
 -0.19887626E-01 -0.42792471E-01 -0.18851489E-01
 -0.18781199E-01 -0.42054667E-01 -0.21094689E-01
 -0.17650461E-01 -0.41222636E-01 -0.23364027E-01
 -0.16498647E-01 -0.40294538E-01 -0.25631653E-01
 -0.15329273E-01 -0.39270638E-01 -0.27871462E-01
 -0.14146191E-01 -0.38153063E-01 -0.30060137E-01
 -0.12953646E-01 -0.36945490E-01 -0.32177926E-01
 -0.11756340E-01 -0.35652761E-01 -0.34209096E-01
 -0.10559500E-01 -0.34280477E-01 -0.36142048E-01
 -0.93689433E-02 -0.32834590E-01 -0.37969101E-01
 -0.81911432E-02 -0.31321012E-01 -0.39685965E-01
 -0.70332781E-02 -0.29745275E-01 -0.41290937E-01
 -0.59032738E-02 -0.28112249E-01 -0.42783876E-01
 -0.48098288E-02 -0.26425941E-01 -0.44165013E-01
 -0.37624246E-02 -0.24689373E-01 -0.45433646E-01
 -0.27713224E-02 -0.22904543E-01 -0.46586788E-01
 -0.69045015E-01 -0.53384190E-01 -0.77792145E-01
 -0.63480629E-01 -0.47189176E-01 -0.76518227E-01
 -0.58388091E-01 -0.41482540E-01 -0.75266502E-01
 -0.53737871E-01 -0.36222435E-01 -0.74049254E-01
 -0.49501268E-01 -0.31369359E-01 -0.72874951E-01
 -0.45650462E-01 -0.26886365E-01 -0.71748424E-01
 -0.42158558E-01 -0.22739205E-01 -0.70671194E-01
 -0.38999641E-01 -0.18896424E-01 -0.69641905E-01
 -0.36148834E-01 -0.15329397E-01 -0.68656840E-01
 -0.33582364E-01 -0.12012318E-01 -0.67710490E-01
 -0.31277634E-01 -0.89221366E-02 -0.66796142E-01
 -0.29213288E-01 -0.60384461E-02 -0.65906449E-01
 -0.27369274E-01 -0.33433335E-02 -0.65033948E-01
 -0.25726888E-01 -0.82118679E-03 -0.64171521E-01
 -0.24268806E-01  0.15415253E-02 -0.63312758E-01
 -0.22979085E-01  0.37564962E-02 -0.62452223E-01
 -0.21843155E-01  0.58338365E-02 -0.61585619E-01
 -0.20847775E-01  0.77823320E-02 -0.60709849E-01
 -0.19980971E-01  0.96096943E-02 -0.59822989E-01
 -0.19231958E-01  0.11322796E-01 -0.58924182E-01
 -0.18591040E-01  0.12927882E-01 -0.58013470E-01
 -0.18049508E-01  0.14430753E-01 -0.57091583E-01
 -0.17599522E-01  0.15836911E-01 -0.56159709E-01
 -0.17233995E-01  0.17151673E-01 -0.55219262E-01
 -0.16946485E-01  0.18380243E-01 -0.54271654E-01
 -0.16731086E-01  0.19527756E-01 -0.53318106E-01
 -0.16582338E-01  0.20599282E-01 -0.52359487E-01
 -0.16495137E-01  0.21599812E-01 -0.51396210E-01
 -0.16464677E-01  0.22534214E-01 -0.50428161E-01
 -0.16486388E-01  0.23407187E-01 -0.49454690E-01
 -0.16555905E-01  0.24223193E-01 -0.48474632E-01
 -0.16669036E-01  0.24986401E-01 -0.47486379E-01
 -0.16821753E-01  0.25700633E-01 -0.46487971E-01
 -0.17010188E-01  0.26369315E-01 -0.45477212E-01
 -0.17230633E-01  0.26995453E-01 -0.44451794E-01
 -0.17479554E-01  0.27581615E-01 -0.43409423E-01
 -0.17753596E-01  0.28129938E-01 -0.42347938E-01
 -0.18049604E-01  0.28642154E-01 -0.41265418E-01
 -0.18364626E-01  0.29119625E-01 -0.40160260E-01
 -0.18695924E-01  0.29563398E-01 -0.39031242E-01
 -0.19040981E-01  0.29974270E-01 -0.37877562E-01
 -0.19397502E-01  0.30352850E-01 -0.36698841E-01
 -0.19763406E-01  0.30699636E-01 -0.35495111E-01
 -0.20136825E-01  0.31015077E-01 -0.34266783E-01
 -0.20516090E-01  0.31299632E-01 -0.33014591E-01
 -0.20899714E-01  0.31553823E-01 -0.31739531E-01
 -0.21286383E-01  0.31778269E-01 -0.30442788E-01
 -0.21674927E-01  0.31973710E-01 -0.29125666E-01
 -0.22064312E-01  0.32141014E-01 -0.27789515E-01
 -0.22453612E-01  0.32281174E-01 -0.26435669E-01
 -0.22841991E-01  0.32395287E-01 -0.25065393E-01
 -0.23228690E-01  0.32484527E-01 -0.23679841E-01
 -0.23613004E-01  0.32550113E-01 -0.22280031E-01
 -0.23994269E-01  0.32593268E-01 -0.20866833E-01
 -0.24371846E-01  0.32615181E-01 -0.19440971E-01
 -0.24745113E-01  0.32616972E-01 -0.18003044E-01
 -0.25113455E-01  0.32599663E-01 -0.16553546E-01
 -0.25476256E-01  0.32564159E-01 -0.15092913E-01
 -0.25832898E-01  0.32511229E-01 -0.13621556E-01
 -0.26182757E-01  0.32441515E-01 -0.12139917E-01
 -0.26525210E-01  0.32355535E-01 -0.10648503E-01
 -0.26859640E-01  0.32253704E-01 -0.91479345E-02
 -0.27185441E-01  0.32136357E-01 -0.76389780E-02
 -0.27502035E-01  0.32003788E-01 -0.61225672E-02
 -0.27808883E-01  0.31856275E-01 -0.45998168E-02
 -0.28105501E-01  0.31694121E-01 -0.30720215E-02
 -0.28391474E-01  0.31517677E-01 -0.15406405E-02
 -0.28666475E-01  0.31327371E-01 -0.72697767E-05
 -0.24968799E-01 -0.54630183E-01 -0.10872723E-04
 -0.24386721E-01 -0.54220588E-01 -0.82634864E-03
 -0.23744606E-01 -0.53751664E-01 -0.16758893E-02
 -0.23045387E-01 -0.53223494E-01 -0.25938720E-02
 -0.22292823E-01 -0.52636997E-01 -0.36110684E-02
 -0.21491394E-01 -0.51993828E-01 -0.47531362E-02
 -0.20646172E-01 -0.51296263E-01 -0.60394150E-02
 -0.19762665E-01 -0.50547036E-01 -0.74820912E-02
 -0.18846654E-01 -0.49749167E-01 -0.90857733E-02
 -0.17904014E-01 -0.48905774E-01 -0.10847491E-01
 -0.16940544E-01 -0.48019888E-01 -0.12757110E-01
 -0.15961797E-01 -0.47094276E-01 -0.14798112E-01
 -0.14972936E-01 -0.46131278E-01 -0.16948701E-01
 -0.13978610E-01 -0.45132680E-01 -0.19183130E-01
 -0.12982868E-01 -0.44099613E-01 -0.21473180E-01
 -0.11989111E-01 -0.43032485E-01 -0.23789672E-01
 -0.11000092E-01 -0.41930964E-01 -0.26103936E-01
 -0.10017959E-01 -0.40793986E-01 -0.28389125E-01
 -0.90443477E-02 -0.39619813E-01 -0.30621311E-01
 -0.80805163E-02 -0.38406117E-01 -0.32780288E-01
 -0.71275175E-02 -0.37150095E-01 -0.34850054E-01
 -0.61863985E-02 -0.35848611E-01 -0.36818939E-01
 -0.52584193E-02 -0.34498345E-01 -0.38679396E-01
 -0.43452758E-02 -0.33095956E-01 -0.40427461E-01
 -0.34493163E-02 -0.31638243E-01 -0.42061934E-01
 -0.25737408E-02 -0.30122295E-01 -0.43583334E-01
 -0.17227713E-02 -0.28545633E-01 -0.44992682E-01
 -0.90178905E-03 -0.26906319E-01 -0.46290167E-01
 -0.11743446E-03 -0.25203051E-01 -0.47473766E-01
 -0.66912967E-01 -0.52262834E-01 -0.80106907E-01
 -0.61455107E-01 -0.46066107E-01 -0.78603983E-01
 -0.56480023E-01 -0.40372986E-01 -0.77143639E-01
 -0.51950940E-01 -0.35137722E-01 -0.75737138E-01
 -0.47833464E-01 -0.30318536E-01 -0.74391836E-01
 -0.44095493E-01 -0.25877418E-01 -0.73111380E-01
 -0.40707117E-01 -0.21779890E-01 -0.71896039E-01
 -0.37640514E-01 -0.17994748E-01 -0.70743153E-01
 -0.34869846E-01 -0.14493804E-01 -0.69647663E-01
 -0.32371160E-01 -0.11251629E-01 -0.68602705E-01
 -0.30122297E-01 -0.82453110E-02 -0.67600215E-01
 -0.28102805E-01 -0.54542264E-02 -0.66631525E-01
 -0.26293852E-01 -0.28598294E-02 -0.65687917E-01
 -0.24678142E-01 -0.44545663E-03 -0.64761100E-01
 -0.23239831E-01  0.18038520E-02 -0.63843603E-01
 -0.21964432E-01  0.39015194E-02 -0.62929059E-01
 -0.20838726E-01  0.58595849E-02 -0.62012381E-01
 -0.19850666E-01  0.76888476E-02 -0.61089839E-01
 -0.18989274E-01  0.93989991E-02 -0.60159027E-01
 -0.18244545E-01  0.10998748E-01 -0.59218753E-01
 -0.17607346E-01  0.12495937E-01 -0.58268859E-01
 -0.17069321E-01  0.13897645E-01 -0.57309991E-01
 -0.16622799E-01  0.15210289E-01 -0.56343347E-01
 -0.16260708E-01  0.16439708E-01 -0.55370413E-01
 -0.15976500E-01  0.17591241E-01 -0.54392717E-01
 -0.15764081E-01  0.18669789E-01 -0.53411601E-01
 -0.15617752E-01  0.19679873E-01 -0.52428050E-01
 -0.15532164E-01  0.20625676E-01 -0.51442550E-01
 -0.15502274E-01  0.21511077E-01 -0.50455012E-01
 -0.15523319E-01  0.22339673E-01 -0.49464747E-01
 -0.15590789E-01  0.23114802E-01 -0.48470487E-01
 -0.15700415E-01  0.23839550E-01 -0.47470451E-01
 -0.15848156E-01  0.24516759E-01 -0.46462448E-01
 -0.16030196E-01  0.25149036E-01 -0.45444006E-01
 -0.16242935E-01  0.25738755E-01 -0.44412507E-01
 -0.16482996E-01  0.26288070E-01 -0.43365333E-01
 -0.16747214E-01  0.26798917E-01 -0.42300007E-01
 -0.17032643E-01  0.27273034E-01 -0.41214307E-01
 -0.17336551E-01  0.27711970E-01 -0.40106374E-01
 -0.17656413E-01  0.28117112E-01 -0.38974780E-01
 -0.17989913E-01  0.28489704E-01 -0.37818572E-01
 -0.18334931E-01  0.28830869E-01 -0.36637287E-01
 -0.18689537E-01  0.29141635E-01 -0.35430937E-01
 -0.19051983E-01  0.29422962E-01 -0.34199968E-01
 -0.19420686E-01  0.29675760E-01 -0.32945199E-01
 -0.19794221E-01  0.29900907E-01 -0.31667746E-01
 -0.20171306E-01  0.30099268E-01 -0.30368939E-01
 -0.20550785E-01  0.30271703E-01 -0.29050231E-01
 -0.20931618E-01  0.30419073E-01 -0.27713114E-01
 -0.21312864E-01  0.30542241E-01 -0.26359044E-01
 -0.21693668E-01  0.30642066E-01 -0.24989373E-01
 -0.22073246E-01  0.30719405E-01 -0.23605304E-01
 -0.22450873E-01  0.30775096E-01 -0.22207857E-01
 -0.22825867E-01  0.30809954E-01 -0.20797861E-01
 -0.23197582E-01  0.30824759E-01 -0.19375960E-01
 -0.23565396E-01  0.30820252E-01 -0.17942632E-01
 -0.23928701E-01  0.30797129E-01 -0.16498232E-01
 -0.24286899E-01  0.30756036E-01 -0.15043038E-01
 -0.24639397E-01  0.30697573E-01 -0.13577305E-01
 -0.24985608E-01  0.30622297E-01 -0.12101324E-01
 -0.25324948E-01  0.30530733E-01 -0.10615476E-01
 -0.25656846E-01  0.30423377E-01 -0.91202832E-02
 -0.25980748E-01  0.30300714E-01 -0.76164465E-02
 -0.26296127E-01  0.30163225E-01 -0.61048732E-02
 -0.26602497E-01  0.30011399E-01 -0.45866886E-02
 -0.26899425E-01  0.29845742E-01 -0.30632304E-02
 -0.27186544E-01  0.29666784E-01 -0.15360281E-02
 -0.27463569E-01  0.29475080E-01 -0.67655352E-05
 -0.19180799E-01 -0.60945841E-01 -0.88343488E-05
 -0.18591639E-01 -0.60519335E-01 -0.98277915E-03
 -0.17936636E-01 -0.59941671E-01 -0.19863504E-02
 -0.17219778E-01 -0.59218187E-01 -0.30494110E-02
 -0.16446597E-01 -0.58358397E-01 -0.41986795E-02
 -0.15623974E-01 -0.57375450E-01 -0.54564103E-02
 -0.14759894E-01 -0.56285428E-01 -0.68393403E-02
 -0.13863141E-01 -0.55106496E-01 -0.83579586E-02
 -0.12942971E-01 -0.53857974E-01 -0.10016135E-01
 -0.12008755E-01 -0.52559378E-01 -0.11811122E-01
 -0.11069629E-01 -0.51229478E-01 -0.13733913E-01
 -0.10134151E-01 -0.49885424E-01 -0.15769936E-01
 -0.92099963E-02 -0.48541991E-01 -0.17900014E-01
 -0.83037015E-02 -0.47210972E-01 -0.20101530E-01
 -0.74204690E-02 -0.45900755E-01 -0.22349719E-01
 -0.65640474E-02 -0.44616086E-01 -0.24618990E-01
 -0.57366936E-02 -0.43358041E-01 -0.26884205E-01
 -0.49392195E-02 -0.42124183E-01 -0.29121818E-01
 -0.41711222E-02 -0.40908901E-01 -0.31310825E-01
 -0.34307919E-02 -0.39703888E-01 -0.33433447E-01
 -0.27157858E-02 -0.38498738E-01 -0.35475538E-01
 -0.20231547E-02 -0.37281623E-01 -0.37426665E-01
 -0.13498039E-02 -0.36039997E-01 -0.39279902E-01
 -0.69286917E-03 -0.34761297E-01 -0.41031330E-01
 -0.50088703E-04 -0.33433598E-01 -0.42679285E-01
  0.57984874E-03 -0.32046199E-01 -0.44223415E-01
  0.11969947E-02 -0.30590089E-01 -0.45663570E-01
  0.17998836E-02 -0.29058308E-01 -0.46998611E-01
  0.23853344E-02 -0.27446159E-01 -0.48225158E-01
 -0.64097878E-01 -0.50741110E-01 -0.82254935E-01
 -0.58804798E-01 -0.44606693E-01 -0.80546376E-01
 -0.53999539E-01 -0.38982310E-01 -0.78900028E-01
 -0.49638589E-01 -0.33819122E-01 -0.77324515E-01
 -0.45682366E-01 -0.29073927E-01 -0.75824927E-01
 -0.42094980E-01 -0.24708529E-01 -0.74403039E-01
 -0.38843971E-01 -0.20689089E-01 -0.73057616E-01
 -0.35900037E-01 -0.16985500E-01 -0.71784836E-01
 -0.33236766E-01 -0.13570802E-01 -0.70578769E-01
 -0.30830373E-01 -0.10420670E-01 -0.69431912E-01
 -0.28659441E-01 -0.75129732E-02 -0.68335737E-01
 -0.26704688E-01 -0.48274164E-02 -0.67281227E-01
 -0.24948733E-01 -0.23452643E-02 -0.66259373E-01
 -0.23375887E-01 -0.49139834E-04 -0.65261615E-01
 -0.21971952E-01  0.20771118E-02 -0.64280189E-01
 -0.20724044E-01  0.40485044E-02 -0.63308397E-01
 -0.19620420E-01  0.58789509E-02 -0.62340767E-01
 -0.18650338E-01  0.75812764E-02 -0.61373126E-01
 -0.17803913E-01  0.91672150E-02 -0.60402576E-01
 -0.17072012E-01  0.10647405E-01 -0.59427394E-01
 -0.16446147E-01  0.12031386E-01 -0.58446867E-01
 -0.15918397E-01  0.13327617E-01 -0.57461089E-01
 -0.15481338E-01  0.14543500E-01 -0.56470717E-01
 -0.15127987E-01  0.15685436E-01 -0.55476734E-01
 -0.14851763E-01  0.16758889E-01 -0.54480211E-01
 -0.14646456E-01  0.17768480E-01 -0.53482096E-01
 -0.14506200E-01  0.18718081E-01 -0.52483040E-01
 -0.14425460E-01  0.19610928E-01 -0.51483265E-01
 -0.14399019E-01  0.20449738E-01 -0.50482485E-01
 -0.14421967E-01  0.21236819E-01 -0.49479871E-01
 -0.14489701E-01  0.21974178E-01 -0.48474067E-01
 -0.14597910E-01  0.22663618E-01 -0.47463249E-01
 -0.14742571E-01  0.23306821E-01 -0.46445212E-01
 -0.14919942E-01  0.23905415E-01 -0.45417493E-01
 -0.15126552E-01  0.24461026E-01 -0.44377495E-01
 -0.15359187E-01  0.24975305E-01 -0.43322627E-01
 -0.15614881E-01  0.25449951E-01 -0.42250435E-01
 -0.15890902E-01  0.25886708E-01 -0.41158716E-01
 -0.16184737E-01  0.26287355E-01 -0.40045619E-01
 -0.16494080E-01  0.26653687E-01 -0.38909712E-01
 -0.16816814E-01  0.26987489E-01 -0.37750030E-01
 -0.17151002E-01  0.27290504E-01 -0.36566086E-01
 -0.17494871E-01  0.27564405E-01 -0.35357858E-01
 -0.17846799E-01  0.27810768E-01 -0.34125751E-01
 -0.18205306E-01  0.28031045E-01 -0.32870537E-01
 -0.18569038E-01  0.28226547E-01 -0.31593282E-01
 -0.18936762E-01  0.28398435E-01 -0.30295260E-01
 -0.19307350E-01  0.28547714E-01 -0.28977867E-01
 -0.19679773E-01  0.28675236E-01 -0.27642538E-01
 -0.20053088E-01  0.28781714E-01 -0.26290669E-01
 -0.20426429E-01  0.28867732E-01 -0.24923554E-01
 -0.20798997E-01  0.28933772E-01 -0.23542338E-01
 -0.21170050E-01  0.28980234E-01 -0.22147989E-01
 -0.21538891E-01  0.29007464E-01 -0.20741286E-01
 -0.21904863E-01  0.29015783E-01 -0.19322826E-01
 -0.22267337E-01  0.29005505E-01 -0.17893051E-01
 -0.22625709E-01  0.28976969E-01 -0.16452287E-01
 -0.22979389E-01  0.28930550E-01 -0.15000789E-01
 -0.23327803E-01  0.28866679E-01 -0.13538802E-01
 -0.23670391E-01  0.28785847E-01 -0.12066612E-01
 -0.24006606E-01  0.28688611E-01 -0.10584605E-01
 -0.24335920E-01  0.28575589E-01 -0.90933137E-02
 -0.24657830E-01  0.28447454E-01 -0.75934519E-02
 -0.24971864E-01  0.28304919E-01 -0.60859415E-02
 -0.25277596E-01  0.28148720E-01 -0.45719193E-02
 -0.25574652E-01  0.27979596E-01 -0.30527296E-02
 -0.25862719E-01  0.27798274E-01 -0.15299000E-02
 -0.26141562E-01  0.27605442E-01 -0.51030088E-05
 -0.14392262E-01 -0.65735971E-01 -0.56262496E-05
 -0.13803848E-01 -0.65296768E-01 -0.12711099E-02
 -0.13145798E-01 -0.64634210E-01 -0.25570143E-02
 -0.12422844E-01 -0.63757928E-01 -0.38838559E-02
 -0.11641813E-01 -0.62684404E-01 -0.52699555E-02
 -0.10811376E-01 -0.61436075E-01 -0.67305147E-02
 -0.99417006E-02 -0.60040154E-01 -0.82768812E-02
 -0.90440399E-02 -0.58527227E-01 -0.99160398E-02
 -0.81302709E-02 -0.56929728E-01 -0.11650358E-01
 -0.72124014E-02 -0.55280345E-01 -0.13477592E-01
 -0.63020755E-02 -0.53610477E-01 -0.15391145E-01
 -0.54100982E-02 -0.51948797E-01 -0.17380558E-01
 -0.45460055E-02 -0.50320016E-01 -0.19432185E-01
 -0.37177019E-02 -0.48743896E-01 -0.21530010E-01
 -0.29311832E-02 -0.47234553E-01 -0.23656546E-01
 -0.21903612E-02 -0.45800099E-01 -0.25793749E-01
 -0.14969987E-02 -0.44442593E-01 -0.27923895E-01
 -0.85075953E-03 -0.43158322E-01 -0.30030350E-01
 -0.24937066E-03 -0.41938367E-01 -0.32098196E-01
  0.31111196E-03 -0.40769401E-01 -0.34114664E-01
  0.83594799E-03 -0.39634680E-01 -0.36069364E-01
  0.13312872E-02 -0.38515150E-01 -0.37954279E-01
  0.18036967E-02 -0.37390605E-01 -0.39763552E-01
  0.22596658E-02 -0.36240828E-01 -0.41493058E-01
  0.27051141E-02 -0.35046653E-01 -0.43139807E-01
  0.31449276E-02 -0.33790897E-01 -0.44701195E-01
  0.35825435E-02 -0.32459107E-01 -0.46174148E-01
  0.40195995E-02 -0.31040109E-01 -0.47554201E-01
  0.44556600E-02 -0.29526333E-01 -0.48834518E-01
 -0.60846495E-01 -0.48792165E-01 -0.84219836E-01
 -0.55742171E-01 -0.42786255E-01 -0.82332649E-01
 -0.51126937E-01 -0.37289522E-01 -0.80526104E-01
 -0.46951557E-01 -0.32250757E-01 -0.78804643E-01
 -0.43172123E-01 -0.27625917E-01 -0.77169988E-01
 -0.39749653E-01 -0.23377086E-01 -0.75621372E-01
 -0.36649670E-01 -0.19471457E-01 -0.74155819E-01
 -0.33841777E-01 -0.15880357E-01 -0.72768487E-01
 -0.31299236E-01 -0.12578380E-01 -0.71453039E-01
 -0.28998550E-01 -0.95426210E-02 -0.70202054E-01
 -0.26919075E-01 -0.67520613E-02 -0.69007428E-01
 -0.25042643E-01 -0.41870836E-02 -0.67860779E-01
 -0.23353214E-01 -0.18291314E-02 -0.66753803E-01
 -0.21836555E-01  0.33950372E-03 -0.65678601E-01
 -0.20479953E-01  0.23357823E-02 -0.64627936E-01
 -0.19271955E-01  0.41759238E-02 -0.63595425E-01
 -0.18202143E-01  0.58753446E-02 -0.62575662E-01
 -0.17260941E-01  0.74485501E-02 -0.61564271E-01
 -0.16439463E-01  0.89090062E-02 -0.60557890E-01
 -0.15729377E-01  0.10269009E-01 -0.59554099E-01
 -0.15122814E-01  0.11539574E-01 -0.58551303E-01
 -0.14612295E-01  0.12730356E-01 -0.57548577E-01
 -0.14190681E-01  0.13849612E-01 -0.56545492E-01
 -0.13851150E-01  0.14904211E-01 -0.55541934E-01
 -0.13587178E-01  0.15899693E-01 -0.54537929E-01
 -0.13392541E-01  0.16840369E-01 -0.53533478E-01
 -0.13261318E-01  0.17729465E-01 -0.52528432E-01
 -0.13187902E-01  0.18569290E-01 -0.51522381E-01
 -0.13167008E-01  0.19361426E-01 -0.50514591E-01
 -0.13193683E-01  0.20106924E-01 -0.49503978E-01
 -0.13263306E-01  0.20806494E-01 -0.48489105E-01
 -0.13371594E-01  0.21460687E-01 -0.47468228E-01
 -0.13514593E-01  0.22070049E-01 -0.46439355E-01
 -0.13688666E-01  0.22635245E-01 -0.45400333E-01
 -0.13890485E-01  0.23157159E-01 -0.44348937E-01
 -0.14117007E-01  0.23636943E-01 -0.43282979E-01
 -0.14365454E-01  0.24076049E-01 -0.42200395E-01
 -0.14633293E-01  0.24476212E-01 -0.41099343E-01
 -0.14918214E-01  0.24839422E-01 -0.39978269E-01
 -0.15218106E-01  0.25167858E-01 -0.38835961E-01
 -0.15531037E-01  0.25463819E-01 -0.37671588E-01
 -0.15855237E-01  0.25729640E-01 -0.36484704E-01
 -0.16189079E-01  0.25967609E-01 -0.35275241E-01
 -0.16531069E-01  0.26179889E-01 -0.34043479E-01
 -0.16879829E-01  0.26368448E-01 -0.32789998E-01
 -0.17234089E-01  0.26535007E-01 -0.31515625E-01
 -0.17592677E-01  0.26681004E-01 -0.30221361E-01
 -0.17954512E-01  0.26807574E-01 -0.28908321E-01
 -0.18318593E-01  0.26915554E-01 -0.27577664E-01
 -0.18683997E-01  0.27005502E-01 -0.26230532E-01
 -0.19049864E-01  0.27077734E-01 -0.24868006E-01
 -0.19415397E-01  0.27132369E-01 -0.23491065E-01
 -0.19779849E-01  0.27169386E-01 -0.22100564E-01
 -0.20142519E-01  0.27188688E-01 -0.20697226E-01
 -0.20502743E-01  0.27190159E-01 -0.19281650E-01
 -0.20859889E-01  0.27173719E-01 -0.17854330E-01
 -0.21213353E-01  0.27139380E-01 -0.16415682E-01
 -0.21562550E-01  0.27087276E-01 -0.14966087E-01
 -0.21906922E-01  0.27017690E-01 -0.13505933E-01
 -0.22245927E-01  0.26931067E-01 -0.12035653E-01
 -0.22579051E-01  0.26828013E-01 -0.10555775E-01
 -0.22905804E-01  0.26709270E-01 -0.90669496E-02
 -0.23225729E-01  0.26575698E-01 -0.75699796E-02
 -0.23538409E-01  0.26428230E-01 -0.60658364E-02
 -0.23843475E-01  0.26267835E-01 -0.45556628E-02
 -0.24140610E-01  0.26095468E-01 -0.30407639E-02
 -0.24429561E-01  0.25912027E-01 -0.15225858E-02
 -0.24710142E-01  0.25718315E-01 -0.26834767E-05
 -0.11291010E-01 -0.68079278E-01 -0.19662687E-05
 -0.10711810E-01 -0.67637629E-01 -0.16509916E-02
 -0.10062136E-01 -0.66933395E-01 -0.33078599E-02
 -0.93470024E-02 -0.65978804E-01 -0.49803606E-02
 -0.85738173E-02 -0.64794479E-01 -0.66753741E-02
 -0.77520915E-02 -0.63408327E-01 -0.83984908E-02
 -0.68930457E-02 -0.61854086E-01 -0.10153711E-01
 -0.60091358E-02 -0.60169601E-01 -0.11943245E-01
 -0.51135180E-02 -0.58394934E-01 -0.13767415E-01
 -0.42194805E-02 -0.56570417E-01 -0.15624673E-01
 -0.33398705E-02 -0.54734737E-01 -0.17511727E-01
 -0.24865444E-02 -0.52923185E-01 -0.19423748E-01
 -0.16698710E-02 -0.51166129E-01 -0.21354666E-01
 -0.89831094E-03 -0.49487802E-01 -0.23297505E-01
 -0.17809701E-03 -0.47905459E-01 -0.25244744E-01
  0.48696973E-03 -0.46428930E-01 -0.27188675E-01
  0.10955965E-02 -0.45060580E-01 -0.29121723E-01
  0.16489439E-02 -0.43795655E-01 -0.31036707E-01
  0.21504439E-02 -0.42622988E-01 -0.32927023E-01
  0.26054986E-02 -0.41525992E-01 -0.34786729E-01
  0.30210790E-02 -0.40483887E-01 -0.36610530E-01
  0.34052437E-02 -0.39473068E-01 -0.38393646E-01
  0.37666047E-02 -0.38468532E-01 -0.40131591E-01
  0.41137680E-02 -0.37445290E-01 -0.41819847E-01
  0.44547773E-02 -0.36379666E-01 -0.43453468E-01
  0.47965896E-02 -0.35250442E-01 -0.45026609E-01
  0.51446037E-02 -0.34039772E-01 -0.46532016E-01
  0.55022623E-02 -0.32733845E-01 -0.47960463E-01
  0.58707387E-02 -0.31323272E-01 -0.49300168E-01
 -0.57369561E-01 -0.46397311E-01 -0.85991037E-01
 -0.52449395E-01 -0.40586426E-01 -0.83951793E-01
 -0.48017536E-01 -0.35278348E-01 -0.82010302E-01
 -0.44020476E-01 -0.30420112E-01 -0.80165608E-01
 -0.40411134E-01 -0.25967118E-01 -0.78415190E-01
 -0.37148300E-01 -0.21881779E-01 -0.76755209E-01
 -0.34196076E-01 -0.18132211E-01 -0.75180753E-01
 -0.31523316E-01 -0.14691005E-01 -0.73686064E-01
 -0.29103077E-01 -0.11534135E-01 -0.72264773E-01
 -0.26912098E-01 -0.86400099E-02 -0.70910116E-01
 -0.24930298E-01 -0.59887199E-02 -0.69615144E-01
 -0.23140309E-01 -0.35614526E-02 -0.68372910E-01
 -0.21527039E-01 -0.13400986E-02 -0.67176647E-01
 -0.20077285E-01  0.69297842E-03 -0.66019903E-01
 -0.18779375E-01  0.25550225E-02 -0.64896660E-01
 -0.17622865E-01  0.42628449E-02 -0.63801419E-01
 -0.16598274E-01  0.58326925E-02 -0.62729245E-01
 -0.15696871E-01  0.72800567E-02 -0.61675793E-01
 -0.14910495E-01  0.86194531E-02 -0.60637297E-01
 -0.14231427E-01  0.98642023E-02 -0.59610536E-01
 -0.13652294E-01  0.11026235E-01 -0.58592781E-01
 -0.13166006E-01  0.12115944E-01 -0.57581726E-01
 -0.12765720E-01  0.13142092E-01 -0.56575411E-01
 -0.12444831E-01  0.14111789E-01 -0.55572140E-01
 -0.12196974E-01  0.15030537E-01 -0.54570400E-01
 -0.12016042E-01  0.15902342E-01 -0.53568789E-01
 -0.11896202E-01  0.16729878E-01 -0.52565952E-01
 -0.11831927E-01  0.17514702E-01 -0.51560531E-01
 -0.11818008E-01  0.18257492E-01 -0.50551132E-01
 -0.11849576E-01  0.18958304E-01 -0.49536303E-01
 -0.11922112E-01  0.19616832E-01 -0.48514532E-01
 -0.12031447E-01  0.20232639E-01 -0.47484258E-01
 -0.12173760E-01  0.20805371E-01 -0.46443890E-01
 -0.12345562E-01  0.21334930E-01 -0.45391841E-01
 -0.12543683E-01  0.21821598E-01 -0.44326564E-01
 -0.12765249E-01  0.22266114E-01 -0.43246593E-01
 -0.13007654E-01  0.22669707E-01 -0.42150583E-01
 -0.13268537E-01  0.23034075E-01 -0.41037342E-01
 -0.13545756E-01  0.23361332E-01 -0.39905867E-01
 -0.13837359E-01  0.23653920E-01 -0.38755363E-01
 -0.14141566E-01  0.23914499E-01 -0.37585258E-01
 -0.14456744E-01  0.24145825E-01 -0.36395206E-01
 -0.14781395E-01  0.24350626E-01 -0.35185079E-01
 -0.15114136E-01  0.24531485E-01 -0.33954958E-01
 -0.15453688E-01  0.24690738E-01 -0.32705103E-01
 -0.15798869E-01  0.24830391E-01 -0.31435934E-01
 -0.16148580E-01  0.24952070E-01 -0.30147993E-01
 -0.16501802E-01  0.25056989E-01 -0.28841914E-01
 -0.16857586E-01  0.25145956E-01 -0.27518391E-01
 -0.17215048E-01  0.25219396E-01 -0.26178151E-01
 -0.17573360E-01  0.25277408E-01 -0.24821924E-01
 -0.17931746E-01  0.25319830E-01 -0.23450433E-01
 -0.18289477E-01  0.25346318E-01 -0.22064374E-01
 -0.18645860E-01  0.25356437E-01 -0.20664415E-01
 -0.19000238E-01  0.25349747E-01 -0.19251199E-01
 -0.19351982E-01  0.25325877E-01 -0.17825350E-01
 -0.19700493E-01  0.25284599E-01 -0.16387489E-01
 -0.20045194E-01  0.25225874E-01 -0.14938246E-01
 -0.20385536E-01  0.25149885E-01 -0.13478285E-01
 -0.20720997E-01  0.25057051E-01 -0.12008317E-01
 -0.21051085E-01  0.24948017E-01 -0.10529120E-01
 -0.21375343E-01  0.24823623E-01 -0.90415547E-02
 -0.21693357E-01  0.24684867E-01 -0.75465711E-02
 -0.22004753E-01  0.24532843E-01 -0.60452144E-02
 -0.22309214E-01  0.24368682E-01 -0.45386224E-02
 -0.22606476E-01  0.24193488E-01 -0.30280182E-02
 -0.22896335E-01  0.24008273E-01 -0.15146959E-02
 -0.23178648E-01  0.23813909E-01 -0.19237039E-08
 -0.10272194E-01 -0.67390287E-01  0.14187102E-05
 -0.97099238E-02 -0.66961456E-01 -0.20653808E-02
 -0.90798338E-02 -0.66271676E-01 -0.41260574E-02
 -0.83866943E-02 -0.65333609E-01 -0.61743378E-02
 -0.76376460E-02 -0.64168442E-01 -0.82044571E-02
 -0.68419122E-02 -0.62804755E-01 -0.10211379E-01
 -0.60104085E-02 -0.61277028E-01 -0.12190978E-01
 -0.51552690E-02 -0.59623880E-01 -0.14140178E-01
 -0.42893110E-02 -0.57886136E-01 -0.16057041E-01
 -0.34254675E-02 -0.56104830E-01 -0.17940791E-01
 -0.25762134E-02 -0.54319259E-01 -0.19791789E-01
 -0.17530170E-02 -0.52565183E-01 -0.21611448E-01
 -0.96584440E-03 -0.50873271E-01 -0.23402087E-01
 -0.22274249E-03 -0.49267868E-01 -0.25166746E-01
  0.47047676E-03 -0.47766134E-01 -0.26908946E-01
  0.11104349E-02 -0.46377594E-01 -0.28632428E-01
  0.16962575E-02 -0.45104107E-01 -0.30340856E-01
  0.22295137E-02 -0.43940230E-01 -0.32037513E-01
  0.27140277E-02 -0.42873945E-01 -0.33724990E-01
  0.31555737E-02 -0.41887696E-01 -0.35404881E-01
  0.35614712E-02 -0.40959647E-01 -0.37077496E-01
  0.39401027E-02 -0.40065100E-01 -0.38741595E-01
  0.43003802E-02 -0.39177964E-01 -0.40394150E-01
  0.46511884E-02 -0.38272202E-01 -0.42030137E-01
  0.50008334E-02 -0.37323181E-01 -0.43642363E-01
  0.53565235E-02 -0.36308830E-01 -0.45221313E-01
  0.57239046E-02 -0.35210593E-01 -0.46755007E-01
  0.61066679E-02 -0.34014092E-01 -0.48228867E-01
  0.65062421E-02 -0.32709529E-01 -0.49625540E-01
 -0.53806839E-01 -0.43552664E-01 -0.87564270E-01
 -0.49048774E-01 -0.38001811E-01 -0.85395300E-01
 -0.44777100E-01 -0.32943460E-01 -0.83340056E-01
 -0.40935795E-01 -0.28323417E-01 -0.81391516E-01
 -0.37475971E-01 -0.24096577E-01 -0.79542424E-01
 -0.34355183E-01 -0.20225393E-01 -0.77785571E-01
 -0.31536753E-01 -0.16678401E-01 -0.76113986E-01
 -0.28989115E-01 -0.13428868E-01 -0.74521050E-01
 -0.26685184E-01 -0.10453574E-01 -0.73000558E-01
 -0.24601768E-01 -0.77317811E-02 -0.71546727E-01
 -0.22719006E-01 -0.52444007E-02 -0.70154170E-01
 -0.21019855E-01 -0.29733569E-02 -0.68817846E-01
 -0.19489616E-01 -0.90115456E-03 -0.67533006E-01
 -0.18115514E-01  0.98936985E-03 -0.66295119E-01
 -0.16886314E-01  0.27151339E-02 -0.65099818E-01
 -0.15792008E-01  0.42927603E-02 -0.63942844E-01
 -0.14823533E-01  0.57384251E-02 -0.62820008E-01
 -0.13972549E-01  0.70676394E-02 -0.61727172E-01
 -0.13231266E-01  0.82949965E-02 -0.60660236E-01
 -0.12592306E-01  0.94339175E-02 -0.59615153E-01
 -0.12048614E-01  0.10496423E-01 -0.58587945E-01
 -0.11593398E-01  0.11492954E-01 -0.57574739E-01
 -0.11220101E-01  0.12432255E-01 -0.56571802E-01
 -0.10922386E-01  0.13321335E-01 -0.55575580E-01
 -0.10694152E-01  0.14165502E-01 -0.54582742E-01
 -0.10529545E-01  0.14968469E-01 -0.53590208E-01
 -0.10422987E-01  0.15732533E-01 -0.52595183E-01
 -0.10369193E-01  0.16458798E-01 -0.51595170E-01
 -0.10363198E-01  0.17147435E-01 -0.50587979E-01
 -0.10400368E-01  0.17797962E-01 -0.49571729E-01
 -0.10476410E-01  0.18409527E-01 -0.48544828E-01
 -0.10587372E-01  0.18981167E-01 -0.47505961E-01
 -0.10729638E-01  0.19512045E-01 -0.46454055E-01
 -0.10899915E-01  0.20001642E-01 -0.45388249E-01
 -0.11095209E-01  0.20449894E-01 -0.44307863E-01
 -0.11312811E-01  0.20857282E-01 -0.43212357E-01
 -0.11550268E-01  0.21224863E-01 -0.42101300E-01
 -0.11805357E-01  0.21554250E-01 -0.40974343E-01
 -0.12076061E-01  0.21847549E-01 -0.39831192E-01
 -0.12360548E-01  0.22107258E-01 -0.38671590E-01
 -0.12657146E-01  0.22336141E-01 -0.37495305E-01
 -0.12964325E-01  0.22537086E-01 -0.36302122E-01
 -0.13280684E-01  0.22712968E-01 -0.35091849E-01
 -0.13604933E-01  0.22866508E-01 -0.33864314E-01
 -0.13935884E-01  0.23000160E-01 -0.32619379E-01
 -0.14272440E-01  0.23116015E-01 -0.31356949E-01
 -0.14613582E-01  0.23215742E-01 -0.30076986E-01
 -0.14958369E-01  0.23300554E-01 -0.28779521E-01
 -0.15305919E-01  0.23371209E-01 -0.27464668E-01
 -0.15655413E-01  0.23428046E-01 -0.26132632E-01
 -0.16006076E-01  0.23471042E-01 -0.24783717E-01
 -0.16357178E-01  0.23499886E-01 -0.23418334E-01
 -0.16708027E-01  0.23514078E-01 -0.22036997E-01
 -0.17057959E-01  0.23513023E-01 -0.20640328E-01
 -0.17406339E-01  0.23496128E-01 -0.19229044E-01
 -0.17752554E-01  0.23462893E-01 -0.17803957E-01
 -0.18096017E-01  0.23412984E-01 -0.16365962E-01
 -0.18436164E-01  0.23346286E-01 -0.14916020E-01
 -0.18772459E-01  0.23262944E-01 -0.13455154E-01
 -0.19104393E-01  0.23163366E-01 -0.11984431E-01
 -0.19431498E-01  0.23048212E-01 -0.10504950E-01
 -0.19753340E-01  0.22918363E-01 -0.90178282E-02
 -0.20069537E-01  0.22774868E-01 -0.75241954E-02
 -0.20379754E-01  0.22618880E-01 -0.60251799E-02
 -0.20683711E-01  0.22451585E-01 -0.45219038E-02
 -0.20981186E-01  0.22274130E-01 -0.30154776E-02
 -0.21272013E-01  0.22087559E-01 -0.15069979E-02
 -0.21556083E-01  0.21892748E-01  0.24529557E-05
 -0.11360605E-01 -0.63515498E-01  0.39358533E-05
 -0.10821038E-01 -0.63117673E-01 -0.24499770E-02
 -0.10219842E-01 -0.62502396E-01 -0.48846691E-02
 -0.95610303E-02 -0.61680482E-01 -0.72807686E-02
 -0.88506366E-02 -0.60669962E-01 -0.96207289E-02
 -0.80964683E-02 -0.59495102E-01 -0.11889609E-01
 -0.73077723E-02 -0.58185133E-01 -0.14075709E-01
 -0.64948269E-02 -0.56772733E-01 -0.16171025E-01
 -0.56684809E-02 -0.55292381E-01 -0.18171505E-01
 -0.48396636E-02 -0.53778648E-01 -0.20077090E-01
 -0.40188921E-02 -0.52264529E-01 -0.21891549E-01
 -0.32158003E-02 -0.50779914E-01 -0.23622106E-01
 -0.24387161E-02 -0.49350255E-01 -0.25278904E-01
 -0.16943084E-02 -0.47995522E-01 -0.26874313E-01
 -0.98732441E-03 -0.46729472E-01 -0.28422145E-01
 -0.32042917E-03 -0.45559277E-01 -0.29936803E-01
  0.30584152E-03 -0.44485505E-01 -0.31432412E-01
  0.89301437E-03 -0.43502450E-01 -0.32921985E-01
  0.14445012E-02 -0.42598770E-01 -0.34416651E-01
  0.19653215E-02 -0.41758389E-01 -0.35924985E-01
  0.24617397E-02 -0.40961599E-01 -0.37452473E-01
  0.29408391E-02 -0.40186281E-01 -0.39001113E-01
  0.34100532E-02 -0.39409190E-01 -0.40569175E-01
  0.38766820E-02 -0.38607210E-01 -0.42151103E-01
  0.43474149E-02 -0.37758511E-01 -0.43737555E-01
  0.48278858E-02 -0.36843566E-01 -0.45315546E-01
  0.53222772E-02 -0.35845959E-01 -0.46868666E-01
  0.58329891E-02 -0.34752967E-01 -0.48377333E-01
 -0.55374708E-01 -0.46048228E-01 -0.91367587E-01
 -0.50205625E-01 -0.40274213E-01 -0.88941479E-01
 -0.45584584E-01 -0.35045206E-01 -0.86658053E-01
 -0.41446725E-01 -0.30295433E-01 -0.84503607E-01
 -0.37735432E-01 -0.25969980E-01 -0.82465052E-01
 -0.34401488E-01 -0.22023188E-01 -0.80530397E-01
 -0.31402277E-01 -0.18417095E-01 -0.78689053E-01
 -0.28701028E-01 -0.15119956E-01 -0.76931975E-01
 -0.26266105E-01 -0.12104897E-01 -0.75251666E-01
 -0.24070347E-01 -0.93487158E-02 -0.73642067E-01
 -0.22090458E-01 -0.68308631E-02 -0.72098364E-01
 -0.20306439E-01 -0.45326150E-02 -0.70616733E-01
 -0.18701078E-01 -0.24364372E-02 -0.69194054E-01
 -0.17259487E-01 -0.52553939E-03 -0.67827623E-01
 -0.15968694E-01  0.12163945E-02 -0.66514877E-01
 -0.14817279E-01  0.28053217E-02 -0.65253155E-01
 -0.13795069E-01  0.42568264E-02 -0.64039507E-01
 -0.12892880E-01  0.55860070E-02 -0.62870564E-01
 -0.12102303E-01  0.68072961E-02 -0.61742465E-01
 -0.11415539E-01  0.79342446E-02 -0.60650849E-01
 -0.10825274E-01  0.89793002E-02 -0.59590904E-01
 -0.10324586E-01  0.99536054E-02 -0.58557454E-01
 -0.99068837E-02  0.10866837E-01 -0.57545098E-01
 -0.95658723E-02  0.11727102E-01 -0.56548354E-01
 -0.92955353E-02  0.12540900E-01 -0.55561826E-01
 -0.90901311E-02  0.13313156E-01 -0.54580366E-01
 -0.89441984E-02  0.14047319E-01 -0.53599213E-01
 -0.88525651E-02  0.14745520E-01 -0.52614120E-01
 -0.88103593E-02  0.15408781E-01 -0.51621438E-01
 -0.88130166E-02  0.16037254E-01 -0.50618177E-01
 -0.88562851E-02  0.16630478E-01 -0.49602017E-01
 -0.89362244E-02  0.17187643E-01 -0.48571292E-01
 -0.90492007E-02  0.17707833E-01 -0.47524938E-01
 -0.91918763E-02  0.18190242E-01 -0.46462417E-01
 -0.93611949E-02  0.18634358E-01 -0.45383621E-01
 -0.95543652E-02  0.19040091E-01 -0.44288759E-01
 -0.97688409E-02  0.19407856E-01 -0.43178250E-01
 -0.10002302E-01  0.19738606E-01 -0.42052612E-01
 -0.10252633E-01  0.20033813E-01 -0.40912364E-01
 -0.10517907E-01  0.20295411E-01 -0.39757947E-01
 -0.10796368E-01  0.20525699E-01 -0.38589661E-01
 -0.11086412E-01  0.20727229E-01 -0.37407625E-01
 -0.11386578E-01  0.20902671E-01 -0.36211765E-01
 -0.11695532E-01  0.21054680E-01 -0.35001813E-01
 -0.12012057E-01  0.21185773E-01 -0.33777339E-01
 -0.12335039E-01  0.21298219E-01 -0.32537790E-01
 -0.12663462E-01  0.21393949E-01 -0.31282538E-01
 -0.12996394E-01  0.21474501E-01 -0.30010945E-01
 -0.13332975E-01  0.21540992E-01 -0.28722422E-01
 -0.13672410E-01  0.21594117E-01 -0.27416483E-01
 -0.14013957E-01  0.21634184E-01 -0.26092803E-01
 -0.14356917E-01  0.21661166E-01 -0.24751254E-01
 -0.14700627E-01  0.21674777E-01 -0.23391933E-01
 -0.15044450E-01  0.21674556E-01 -0.22015182E-01
 -0.15387771E-01  0.21659962E-01 -0.20621582E-01
 -0.15729992E-01  0.21630461E-01 -0.19211945E-01
 -0.16070533E-01  0.21585610E-01 -0.17787285E-01
 -0.16408828E-01  0.21525124E-01 -0.16348788E-01
 -0.16744334E-01  0.21448929E-01 -0.14897766E-01
 -0.17076530E-01  0.21357187E-01 -0.13435615E-01
 -0.17404927E-01  0.21250308E-01 -0.11963767E-01
 -0.17729072E-01  0.21128936E-01 -0.10483648E-01
 -0.18048554E-01  0.20993914E-01 -0.89966363E-02
 -0.18363012E-01  0.20846237E-01 -0.75040373E-02
 -0.18672139E-01  0.20686992E-01 -0.60070567E-02
 -0.18975681E-01  0.20517291E-01 -0.45067922E-02
 -0.19273443E-01  0.20338208E-01 -0.30042328E-02
 -0.19565285E-01  0.20150715E-01 -0.15002687E-02
 -0.19851115E-01  0.19955633E-01  0.42892281E-05
 -0.14196410E-01 -0.56757475E-01  0.52323973E-05
 -0.13682600E-01 -0.56408891E-01 -0.27440728E-02
 -0.13116411E-01 -0.55922007E-01 -0.54640858E-02
 -0.12500686E-01 -0.55303790E-01 -0.81254671E-02
 -0.11839658E-01 -0.54565865E-01 -0.10701702E-01
 -0.11138778E-01 -0.53723863E-01 -0.13170311E-01
 -0.10404481E-01 -0.52796574E-01 -0.15513822E-01
 -0.96439020E-02 -0.51804939E-01 -0.17720478E-01
 -0.88645506E-02 -0.50770958E-01 -0.19784612E-01
 -0.80739689E-02 -0.49716559E-01 -0.21706706E-01
 -0.72793869E-02 -0.48662495E-01 -0.23493110E-01
 -0.64873961E-02 -0.47627333E-01 -0.25155462E-01
 -0.57036607E-02 -0.46626584E-01 -0.26709841E-01
 -0.49326804E-02 -0.45672015E-01 -0.28175695E-01
 -0.41776213E-02 -0.44771182E-01 -0.29574635E-01
 -0.34402220E-02 -0.43927200E-01 -0.30929132E-01
 -0.27207831E-02 -0.43138746E-01 -0.32261217E-01
 -0.20182389E-02 -0.42400308E-01 -0.33591241E-01
 -0.13303077E-02 -0.41702627E-01 -0.34936747E-01
 -0.65371268E-03 -0.41033328E-01 -0.36311538E-01
  0.15538886E-04 -0.40377673E-01 -0.37724943E-01
  0.68183526E-03 -0.39719410E-01 -0.39181334E-01
  0.13496146E-02 -0.39041643E-01 -0.40679885E-01
  0.20230130E-02 -0.38327693E-01 -0.42214567E-01
  0.27055245E-02 -0.37561888E-01 -0.43774360E-01
  0.33996877E-02 -0.36730251E-01 -0.45343626E-01
  0.41068123E-02 -0.35821048E-01 -0.46902614E-01
  0.48267542E-02 -0.34825180E-01 -0.48428006E-01
 -0.51554439E-01 -0.41978608E-01 -0.92685226E-01
 -0.46516495E-01 -0.36600109E-01 -0.90130130E-01
 -0.42019441E-01 -0.31750144E-01 -0.87739191E-01
 -0.37999792E-01 -0.27363282E-01 -0.85492276E-01
 -0.34402253E-01 -0.23384474E-01 -0.83370933E-01
 -0.31178764E-01 -0.19767531E-01 -0.81358947E-01
 -0.28287620E-01 -0.16473681E-01 -0.79442651E-01
 -0.25692685E-01 -0.13470241E-01 -0.77611026E-01
 -0.23362669E-01 -0.10729416E-01 -0.75855610E-01
 -0.21270479E-01 -0.82272500E-02 -0.74170253E-01
 -0.19392638E-01 -0.59427196E-02 -0.72550752E-01
 -0.17708762E-01 -0.38569978E-02 -0.70994411E-01
 -0.16201098E-01 -0.19528698E-02 -0.69499565E-01
 -0.14854115E-01 -0.21430440E-03 -0.68065095E-01
 -0.13654146E-01  0.13738367E-02 -0.66689984E-01
 -0.12589078E-01  0.28259641E-02 -0.65372927E-01
 -0.11648095E-01  0.41558226E-02 -0.64112025E-01
 -0.10821451E-01  0.53764719E-02 -0.62904570E-01
 -0.10100295E-01  0.65002095E-02 -0.61746931E-01
 -0.94765196E-02  0.75384599E-02 -0.60634539E-01
 -0.89426480E-02  0.85016514E-02 -0.59561962E-01
 -0.84917439E-02  0.93991011E-02 -0.58523051E-01
 -0.81173442E-02  0.10238924E-01 -0.57511149E-01
 -0.78134089E-02  0.11027976E-01 -0.56519340E-01
 -0.75742845E-02  0.11771846E-01 -0.55540710E-01
 -0.73946775E-02  0.12474890E-01 -0.54568605E-01
 -0.72696338E-02  0.13140312E-01 -0.53596871E-01
 -0.71945226E-02  0.13770288E-01 -0.52620051E-01
 -0.71650216E-02  0.14366127E-01 -0.51633536E-01
 -0.71771033E-02  0.14928444E-01 -0.50633661E-01
 -0.72270207E-02  0.15457361E-01 -0.49617735E-01
 -0.73112924E-02  0.15952695E-01 -0.48584021E-01
 -0.74266875E-02  0.16414146E-01 -0.47531663E-01
 -0.75702101E-02  0.16841457E-01 -0.46460562E-01
 -0.77390840E-02  0.17234551E-01 -0.45371231E-01
 -0.79307386E-02  0.17593629E-01 -0.44264623E-01
 -0.81427955E-02  0.17919237E-01 -0.43141955E-01
 -0.83730574E-02  0.18212289E-01 -0.42004533E-01
 -0.86194973E-02  0.18474062E-01 -0.40853602E-01
 -0.88802504E-02  0.18706151E-01 -0.39690213E-01
 -0.91536060E-02  0.18910405E-01 -0.38515128E-01
 -0.94380010E-02  0.19088845E-01 -0.37328754E-01
 -0.97320128E-02  0.19243570E-01 -0.36131125E-01
 -0.10034352E-01  0.19376659E-01 -0.34921907E-01
 -0.10343854E-01  0.19490081E-01 -0.33700446E-01
 -0.10659471E-01  0.19585620E-01 -0.32465829E-01
 -0.10980259E-01  0.19664808E-01 -0.31216981E-01
 -0.11305367E-01  0.19728884E-01 -0.29952755E-01
 -0.11634026E-01  0.19778779E-01 -0.28672037E-01
 -0.11965530E-01  0.19815115E-01 -0.27373842E-01
 -0.12299229E-01  0.19838227E-01 -0.26057400E-01
 -0.12634510E-01  0.19848210E-01 -0.24722225E-01
 -0.12970790E-01  0.19844967E-01 -0.23368160E-01
 -0.13307505E-01  0.19828277E-01 -0.21995406E-01
 -0.13644102E-01  0.19797861E-01 -0.20604521E-01
 -0.13980037E-01  0.19753449E-01 -0.19196402E-01
 -0.14314772E-01  0.19694837E-01 -0.17772241E-01
 -0.14647778E-01  0.19621939E-01 -0.16333472E-01
 -0.14978540E-01  0.19534819E-01 -0.14881703E-01
 -0.15306561E-01  0.19433718E-01 -0.13418644E-01
 -0.15631372E-01  0.19319053E-01 -0.11946031E-01
 -0.15952538E-01  0.19191410E-01 -0.10465556E-01
 -0.16269666E-01  0.19051518E-01 -0.89788136E-02
 -0.16582412E-01  0.18900211E-01 -0.74872458E-02
 -0.16890485E-01  0.18738392E-01 -0.59921167E-02
 -0.17193648E-01  0.18566975E-01 -0.44944972E-02
 -0.17491719E-01  0.18386847E-01 -0.29952698E-02
 -0.17784566E-01  0.18198820E-01 -0.14951502E-02
 -0.18072105E-01  0.18003597E-01  0.52759186E-05
 -0.18088006E-01 -0.47822225E-01  0.52450453E-05
 -0.17600030E-01 -0.47537953E-01 -0.29009621E-02
 -0.17071049E-01 -0.47217745E-01 -0.57725291E-02
 -0.16502490E-01 -0.46863331E-01 -0.85749445E-02
 -0.15896354E-01 -0.46477721E-01 -0.11277040E-01
 -0.15255141E-01 -0.46064991E-01 -0.13852418E-01
 -0.14581748E-01 -0.45630004E-01 -0.16280612E-01
 -0.13879344E-01 -0.45178080E-01 -0.18547907E-01
 -0.13151224E-01 -0.44714646E-01 -0.20647788E-01
 -0.12400661E-01 -0.44244871E-01 -0.22581000E-01
 -0.11630753E-01 -0.43773324E-01 -0.24355210E-01
 -0.10844290E-01 -0.43303651E-01 -0.25984310E-01
 -0.10043635E-01 -0.42838317E-01 -0.27487404E-01
 -0.92306395E-02 -0.42378401E-01 -0.28887549E-01
 -0.84065946E-02 -0.41923471E-01 -0.30210310E-01
 -0.75722200E-02 -0.41471541E-01 -0.31482235E-01
 -0.67276976E-02 -0.41019111E-01 -0.32729328E-01
 -0.58727450E-02 -0.40561282E-01 -0.33975590E-01
 -0.50067270E-02 -0.40091951E-01 -0.35241732E-01
 -0.41287972E-02 -0.39604060E-01 -0.36544093E-01
 -0.32380642E-02 -0.39089885E-01 -0.37893826E-01
 -0.23337707E-02 -0.38541367E-01 -0.39296378E-01
 -0.14154765E-02 -0.37950429E-01 -0.40751261E-01
 -0.48323655E-03 -0.37309307E-01 -0.42252110E-01
  0.46223656E-03 -0.36610832E-01 -0.43786995E-01
  0.14194306E-02 -0.35848683E-01 -0.45338937E-01
  0.23859170E-02 -0.35017586E-01 -0.46886555E-01
  0.33582606E-02 -0.34113442E-01 -0.48404787E-01
 -0.47494989E-01 -0.37515865E-01 -0.93825599E-01
 -0.42607029E-01 -0.32589479E-01 -0.91142017E-01
 -0.38245832E-01 -0.28170047E-01 -0.88642709E-01
 -0.34351478E-01 -0.24193875E-01 -0.86302728E-01
 -0.30871764E-01 -0.20606553E-01 -0.84099570E-01
 -0.27761179E-01 -0.17361628E-01 -0.82013748E-01
 -0.24979991E-01 -0.14419415E-01 -0.80029098E-01
 -0.22493461E-01 -0.11745941E-01 -0.78132834E-01
 -0.20271148E-01 -0.93120123E-02 -0.76315398E-01
 -0.18286317E-01 -0.70924089E-02 -0.74570122E-01
 -0.16515425E-01 -0.50651893E-02 -0.72892763E-01
 -0.14937675E-01 -0.32111071E-02 -0.71280948E-01
 -0.13534643E-01 -0.15131296E-02 -0.69733575E-01
 -0.12289951E-01  0.43951053E-04 -0.68250217E-01
 -0.11188996E-01  0.14738210E-02 -0.66830572E-01
 -0.10218714E-01  0.27888750E-02 -0.65473974E-01
 -0.93673910E-02  0.40003830E-02 -0.64179020E-01
 -0.86244911E-02  0.51186050E-02 -0.62943294E-01
 -0.79805206E-02  0.61528664E-02 -0.61763229E-01
 -0.74269088E-02  0.71116040E-02 -0.60634078E-01
 -0.69559065E-02  0.80023942E-02 -0.59550000E-01
 -0.65604985E-02  0.88319724E-02 -0.58504237E-01
 -0.62343268E-02  0.96062508E-02 -0.57489366E-01
 -0.59716213E-02  0.10330343E-01 -0.56497598E-01
 -0.57671374E-02  0.11008598E-01 -0.55521097E-01
 -0.56160986E-02  0.11644644E-01 -0.54552299E-01
 -0.55141429E-02  0.12241454E-01 -0.53584202E-01
 -0.54572735E-02  0.12801411E-01 -0.52610611E-01
 -0.54418127E-02  0.13326396E-01 -0.51626326E-01
 -0.54643608E-02  0.13817875E-01 -0.50627262E-01
 -0.55217583E-02  0.14276991E-01 -0.49610488E-01
 -0.56110544E-02  0.14704657E-01 -0.48574209E-01
 -0.57294798E-02  0.15101644E-01 -0.47517674E-01
 -0.58744256E-02  0.15468653E-01 -0.46441033E-01
 -0.60434278E-02  0.15806384E-01 -0.45345157E-01
 -0.62341568E-02  0.16115584E-01 -0.44231428E-01
 -0.64444122E-02  0.16397082E-01 -0.43101527E-01
 -0.66721210E-02  0.16651806E-01 -0.41957221E-01
 -0.69153392E-02  0.16880789E-01 -0.40800175E-01
 -0.71722550E-02  0.17085155E-01 -0.39631794E-01
 -0.74411925E-02  0.17266101E-01 -0.38453101E-01
 -0.77206147E-02  0.17424865E-01 -0.37264665E-01
 -0.80091253E-02  0.17562692E-01 -0.36066569E-01
 -0.83054673E-02  0.17680797E-01 -0.34858426E-01
 -0.86085190E-02  0.17780336E-01 -0.33639432E-01
 -0.89172865E-02  0.17862368E-01 -0.32408451E-01
 -0.92308932E-02  0.17927840E-01 -0.31164125E-01
 -0.95485659E-02  0.17977566E-01 -0.29904995E-01
 -0.98696199E-02  0.18012221E-01 -0.28629627E-01
 -0.10193442E-01  0.18032348E-01 -0.27336732E-01
 -0.10519472E-01  0.18038364E-01 -0.26025273E-01
 -0.10847189E-01  0.18030581E-01 -0.24694549E-01
 -0.11176097E-01  0.18009231E-01 -0.23344256E-01
 -0.11505709E-01  0.17974488E-01 -0.21974515E-01
 -0.11835547E-01  0.17926500E-01 -0.20585875E-01
 -0.12165127E-01  0.17865419E-01 -0.19179287E-01
 -0.12493966E-01  0.17791419E-01 -0.17756057E-01
 -0.12821582E-01  0.17704723E-01 -0.16317769E-01
 -0.13147496E-01  0.17605617E-01 -0.14866211E-01
 -0.13471244E-01  0.17494453E-01 -0.13403277E-01
 -0.13792382E-01  0.17371658E-01 -0.11930883E-01
 -0.14110498E-01  0.17237726E-01 -0.10450877E-01
 -0.14425216E-01  0.17093208E-01 -0.89649736E-02
 -0.14736206E-01  0.16938700E-01 -0.74746912E-02
 -0.15043186E-01  0.16774820E-01 -0.59813216E-02
 -0.15345926E-01  0.16602198E-01 -0.44859135E-02
 -0.15644245E-01  0.16421447E-01 -0.29892817E-02
 -0.15938011E-01  0.16233156E-01 -0.14920363E-02
 -0.16227131E-01  0.16037869E-01  0.53703233E-05
 -0.22123949E-01 -0.37698602E-01  0.41855896E-05
 -0.21659185E-01 -0.37487572E-01 -0.28961005E-02
 -0.21165654E-01 -0.37349545E-01 -0.57620637E-02
 -0.20643335E-01 -0.37280485E-01 -0.85596904E-02
 -0.20091906E-01 -0.37274006E-01 -0.11258258E-01
 -0.19510773E-01 -0.37321632E-01 -0.13831742E-01
 -0.18899114E-01 -0.37413127E-01 -0.16259953E-01
 -0.18255920E-01 -0.37536913E-01 -0.18529348E-01
 -0.17580047E-01 -0.37680512E-01 -0.20633465E-01
 -0.16870274E-01 -0.37831024E-01 -0.22572979E-01
 -0.16125361E-01 -0.37975593E-01 -0.24355362E-01
 -0.15344117E-01 -0.38101844E-01 -0.25994192E-01
 -0.14525474E-01 -0.38198278E-01 -0.27508147E-01
 -0.13668558E-01 -0.38254592E-01 -0.28919757E-01
 -0.12772767E-01 -0.38261926E-01 -0.30253981E-01
 -0.11837853E-01 -0.38213017E-01 -0.31536701E-01
 -0.10863992E-01 -0.38102271E-01 -0.32793216E-01
 -0.98518619E-02 -0.37925745E-01 -0.34046818E-01
 -0.88027040E-02 -0.37681046E-01 -0.35317528E-01
 -0.77183750E-02 -0.37367177E-01 -0.36621046E-01
 -0.66013876E-02 -0.36984312E-01 -0.37967972E-01
 -0.54549330E-02 -0.36533553E-01 -0.39363307E-01
 -0.42828867E-02 -0.36016657E-01 -0.40806260E-01
 -0.30897954E-02 -0.35435763E-01 -0.42290326E-01
 -0.18808487E-02 -0.34793139E-01 -0.43803618E-01
 -0.66183652E-03 -0.34090951E-01 -0.45329392E-01
  0.56090115E-03 -0.33331076E-01 -0.46846705E-01
  0.17805265E-02 -0.32514959E-01 -0.48331132E-01
 -0.42974687E-01 -0.32740041E-01 -0.94808562E-01
 -0.38291092E-01 -0.28317673E-01 -0.91991704E-01
 -0.34110742E-01 -0.24373849E-01 -0.89377654E-01
 -0.30379116E-01 -0.20848096E-01 -0.86938763E-01
 -0.27048620E-01 -0.17687667E-01 -0.84650192E-01
 -0.24077521E-01 -0.14846506E-01 -0.82490444E-01
 -0.21429053E-01 -0.12284394E-01 -0.80441630E-01
 -0.19070655E-01 -0.99662349E-02 -0.78489493E-01
 -0.16973356E-01 -0.78614740E-02 -0.76623226E-01
 -0.15111250E-01 -0.59435938E-02 -0.74835111E-01
 -0.13461083E-01 -0.41896845E-02 -0.73120027E-01
 -0.12001909E-01 -0.25800604E-02 -0.71474871E-01
 -0.10714822E-01 -0.10979105E-02 -0.69897945E-01
 -0.95827335E-02  0.27102844E-03 -0.68388334E-01
 -0.85901980E-02  0.15387802E-02 -0.66945336E-01
 -0.77232712E-02  0.27154252E-02 -0.65567965E-01
 -0.69693902E-02  0.38093828E-02 -0.64254548E-01
 -0.63172713E-02  0.48276787E-02 -0.63002446E-01
 -0.57568179E-02  0.57761954E-02 -0.61807901E-01
 -0.52790335E-02  0.66599014E-02 -0.60665993E-01
 -0.48759375E-02  0.74830571E-02 -0.59570722E-01
 -0.45404795E-02  0.82493929E-02 -0.58515180E-01
 -0.42664529E-02  0.89622587E-02 -0.57491798E-01
 -0.40484056E-02  0.96247430E-02 -0.56492647E-01
 -0.38815508E-02  0.10239762E-01 -0.55509753E-01
 -0.37616772E-02  0.10810123E-01 -0.54535421E-01
 -0.36850608E-02  0.11338553E-01 -0.53562528E-01
 -0.36483819E-02  0.11827721E-01 -0.52584768E-01
 -0.36486470E-02  0.12280226E-01 -0.51596847E-01
 -0.36831193E-02  0.12698578E-01 -0.50594598E-01
 -0.37492586E-02  0.13085178E-01 -0.49575029E-01
 -0.38446721E-02  0.13442280E-01 -0.48536300E-01
 -0.39670765E-02  0.13771963E-01 -0.47477632E-01
 -0.41142715E-02  0.14076105E-01 -0.46399161E-01
 -0.42841246E-02  0.14356364E-01 -0.45301755E-01
 -0.44745648E-02  0.14614164E-01 -0.44186804E-01
 -0.46835855E-02  0.14850699E-01 -0.43056000E-01
 -0.49092530E-02  0.15066935E-01 -0.41911119E-01
 -0.51497194E-02  0.15263634E-01 -0.40753837E-01
 -0.54032375E-02  0.15441377E-01 -0.39585560E-01
 -0.56681759E-02  0.15600594E-01 -0.38407307E-01
 -0.59430316E-02  0.15741605E-01 -0.37219630E-01
 -0.62264396E-02  0.15864651E-01 -0.36022590E-01
 -0.65171779E-02  0.15969934E-01 -0.34815767E-01
 -0.68141672E-02  0.16057651E-01 -0.33598317E-01
 -0.71164657E-02  0.16128018E-01 -0.32369059E-01
 -0.74232587E-02  0.16181300E-01 -0.31126586E-01
 -0.77338442E-02  0.16217818E-01 -0.29869393E-01
 -0.80476155E-02  0.16237968E-01 -0.28596001E-01
 -0.83640422E-02  0.16242212E-01 -0.27305084E-01
 -0.86826502E-02  0.16231081E-01 -0.25995575E-01
 -0.90030037E-02  0.16205164E-01 -0.24666748E-01
 -0.93246882E-02  0.16165089E-01 -0.23318288E-01
 -0.96472973E-02  0.16111510E-01 -0.21950311E-01
 -0.99704231E-02  0.16045089E-01 -0.20563369E-01
 -0.10293651E-01  0.15966478E-01 -0.19158426E-01
 -0.10616557E-01  0.15876301E-01 -0.17736800E-01
 -0.10938712E-01  0.15775145E-01 -0.16300094E-01
 -0.11259684E-01  0.15663548E-01 -0.14850111E-01
 -0.11579050E-01  0.15541993E-01 -0.13388761E-01
 -0.11896398E-01  0.15410913E-01 -0.11917973E-01
 -0.12211343E-01  0.15270689E-01 -0.10439602E-01
 -0.12523531E-01  0.15121663E-01 -0.89553645E-02
 -0.12832643E-01  0.14964146E-01 -0.74667767E-02
 -0.13138407E-01  0.14798435E-01 -0.59751233E-02
 -0.13440594E-01  0.14624824E-01 -0.44814430E-02
 -0.13739016E-01  0.14443622E-01 -0.29865388E-02
 -0.14033532E-01  0.14255164E-01 -0.14910086E-02
 -0.14324032E-01  0.14059826E-01  0.47056992E-05
 -0.25325455E-01 -0.27490403E-01  0.24691209E-05
 -0.24879284E-01 -0.27353230E-01 -0.27315771E-02
 -0.24416073E-01 -0.27386543E-01 -0.54372942E-02
 -0.23934540E-01 -0.27580976E-01 -0.80867638E-02
 -0.23432307E-01 -0.27921551E-01 -0.10654743E-01
 -0.22906030E-01 -0.28388349E-01 -0.13119811E-01
 -0.22351567E-01 -0.28957425E-01 -0.15465289E-01
 -0.21764178E-01 -0.29601871E-01 -0.17679899E-01
 -0.21138752E-01 -0.30293008E-01 -0.19758117E-01
 -0.20470057E-01 -0.31001609E-01 -0.21700208E-01
 -0.19752988E-01 -0.31699110E-01 -0.23511944E-01
 -0.18982823E-01 -0.32358736E-01 -0.25204035E-01
 -0.18155462E-01 -0.32956482E-01 -0.26791301E-01
 -0.17267650E-01 -0.33471912E-01 -0.28291647E-01
 -0.16317165E-01 -0.33888742E-01 -0.29724900E-01
 -0.15302974E-01 -0.34195172E-01 -0.31111572E-01
 -0.14225348E-01 -0.34383977E-01 -0.32471629E-01
 -0.13085925E-01 -0.34452366E-01 -0.33823334E-01
 -0.11887723E-01 -0.34401613E-01 -0.35182207E-01
 -0.10635115E-01 -0.34236520E-01 -0.36560182E-01
 -0.93337393E-02 -0.33964728E-01 -0.37964966E-01
 -0.79903777E-02 -0.33595938E-01 -0.39399641E-01
 -0.66127961E-02 -0.33141099E-01 -0.40862505E-01
 -0.52095545E-02 -0.32611586E-01 -0.42347141E-01
 -0.37898015E-02 -0.32018447E-01 -0.43842673E-01
 -0.23630641E-02 -0.31371734E-01 -0.45334192E-01
 -0.93904656E-03 -0.30679962E-01 -0.46803257E-01
  0.47254880E-03 -0.29949719E-01 -0.48228448E-01
 -0.37755979E-01 -0.27739610E-01 -0.95651465E-01
 -0.33368526E-01 -0.23868585E-01 -0.92694825E-01
 -0.29449039E-01 -0.20438700E-01 -0.89957748E-01
 -0.25949808E-01 -0.17394258E-01 -0.87412156E-01
 -0.22829031E-01 -0.14685500E-01 -0.85032727E-01
 -0.20049775E-01 -0.12267896E-01 -0.82797322E-01
 -0.17579126E-01 -0.10101646E-01 -0.80687180E-01
 -0.15387502E-01 -0.81513490E-02 -0.78686915E-01
 -0.13448114E-01 -0.63857649E-02 -0.76784342E-01
 -0.11736547E-01 -0.47776425E-02 -0.74970145E-01
 -0.10230448E-01 -0.33035599E-02 -0.73237455E-01
 -0.89092907E-02 -0.19437534E-02 -0.71581339E-01
 -0.77542179E-02 -0.68191163E-03 -0.69998267E-01
 -0.67479243E-02  0.49507698E-03 -0.68485576E-01
 -0.58745800E-02  0.15974270E-02 -0.67040977E-01
 -0.51197752E-02  0.26328058E-02 -0.65662114E-01
 -0.44704767E-02  0.36067205E-02 -0.64346219E-01
 -0.39149858E-02  0.45229277E-02 -0.63089862E-01
 -0.34428929E-02  0.53838504E-02 -0.61888795E-01
 -0.30450221E-02  0.61909827E-02 -0.60737919E-01
 -0.27133629E-02  0.69452668E-02 -0.59631327E-01
 -0.24409896E-02  0.76474256E-02 -0.58562438E-01
 -0.22219671E-02  0.82982402E-02 -0.57524198E-01
 -0.20512458E-02  0.88987620E-02 -0.56509312E-01
 -0.19245497E-02  0.94504575E-02 -0.55510510E-01
 -0.18382591E-02  0.99552832E-02 -0.54520806E-01
 -0.17892948E-02  0.10415697E-01 -0.53533737E-01
 -0.17750054E-02  0.10834615E-01 -0.52543564E-01
 -0.17930632E-02  0.11215316E-01 -0.51545434E-01
 -0.18413723E-02  0.11561320E-01 -0.50535467E-01
 -0.19179893E-02  0.11876242E-01 -0.49510803E-01
 -0.20210610E-02  0.12163641E-01 -0.48469571E-01
 -0.21487782E-02  0.12426872E-01 -0.47410816E-01
 -0.22993453E-02  0.12668959E-01 -0.46334376E-01
 -0.24709660E-02  0.12892493E-01 -0.45240725E-01
 -0.26618413E-02  0.13099556E-01 -0.44130798E-01
 -0.28701793E-02  0.13291690E-01 -0.43005802E-01
 -0.30942120E-02  0.13469894E-01 -0.41867039E-01
 -0.33322181E-02  0.13634655E-01 -0.40715743E-01
 -0.35825471E-02  0.13786013E-01 -0.39552943E-01
 -0.38436428E-02  0.13923643E-01 -0.38379364E-01
 -0.41140645E-02  0.14046957E-01 -0.37195357E-01
 -0.43925023E-02  0.14155211E-01 -0.36000881E-01
 -0.46777868E-02  0.14247610E-01 -0.34795509E-01
 -0.49688929E-02  0.14323414E-01 -0.33578479E-01
 -0.52649354E-02  0.14382016E-01 -0.32348762E-01
 -0.55651605E-02  0.14423015E-01 -0.31105163E-01
 -0.58689308E-02  0.14446262E-01 -0.29846419E-01
 -0.61757073E-02  0.14451879E-01 -0.28571306E-01
 -0.64850297E-02  0.14440262E-01 -0.27278746E-01
 -0.67964952E-02  0.14412057E-01 -0.25967895E-01
 -0.71097395E-02  0.14368127E-01 -0.24638211E-01
 -0.74244189E-02  0.14309493E-01 -0.23289505E-01
 -0.77401962E-02  0.14237279E-01 -0.21921967E-01
 -0.80567309E-02  0.14152646E-01 -0.20536162E-01
 -0.83736725E-02  0.14056731E-01 -0.19133009E-01
 -0.86906590E-02  0.13950593E-01 -0.17713734E-01
 -0.90073179E-02  0.13835165E-01 -0.16279807E-01
 -0.93232711E-02  0.13711226E-01 -0.14832874E-01
 -0.96381414E-02  0.13579379E-01 -0.13374679E-01
 -0.99515598E-02  0.13440058E-01 -0.11906981E-01
 -0.10263174E-01  0.13293531E-01 -0.10431489E-01
 -0.10572656E-01  0.13139935E-01 -0.89497977E-02
 -0.10879706E-01  0.12979309E-01 -0.74633409E-02
 -0.11184058E-01  0.12811638E-01 -0.59733640E-02
 -0.11485485E-01  0.12636902E-01 -0.44809122E-02
 -0.11783792E-01  0.12455121E-01 -0.29868393E-02
 -0.12078820E-01  0.12266398E-01 -0.14918330E-02
 -0.12370441E-01  0.12070953E-01  0.35445949E-05
 -0.26813581E-01 -0.18230162E-01  0.60300867E-06
 -0.26380357E-01 -0.18158238E-01 -0.24360755E-02
 -0.25940042E-01 -0.18326477E-01 -0.48551554E-02
 -0.25490470E-01 -0.18721536E-01 -0.72393925E-02
 -0.25027799E-01 -0.19322103E-01 -0.95731434E-02
 -0.24546708E-01 -0.20099895E-01 -0.11843049E-01
 -0.24040661E-01 -0.21020973E-01 -0.14038583E-01
 -0.23502223E-01 -0.22047303E-01 -0.16152444E-01
 -0.22923420E-01 -0.23138473E-01 -0.18180755E-01
 -0.22296124E-01 -0.24253476E-01 -0.20123078E-01
 -0.21612451E-01 -0.25352453E-01 -0.21982240E-01
 -0.20865151E-01 -0.26398320E-01 -0.23763973E-01
 -0.20047972E-01 -0.27358184E-01 -0.25476412E-01
 -0.19155989E-01 -0.28204483E-01 -0.27129463E-01
 -0.18185875E-01 -0.28915803E-01 -0.28734093E-01
 -0.17136113E-01 -0.29477346E-01 -0.30301581E-01
 -0.16007127E-01 -0.29881031E-01 -0.31842763E-01
 -0.14801338E-01 -0.30125246E-01 -0.33367326E-01
 -0.13523140E-01 -0.30214288E-01 -0.34883183E-01
 -0.12178792E-01 -0.30157533E-01 -0.36395945E-01
 -0.10776243E-01 -0.29968401E-01 -0.37908536E-01
 -0.93248892E-02 -0.29663191E-01 -0.39420936E-01
 -0.78352879E-02 -0.29259850E-01 -0.40930071E-01
 -0.63188307E-02 -0.28776758E-01 -0.42429827E-01
 -0.47874058E-02 -0.28231603E-01 -0.43911176E-01
 -0.32530621E-02 -0.27640386E-01 -0.45362373E-01
 -0.17276970E-02 -0.27016623E-01 -0.46769198E-01
 -0.22278674E-03 -0.26370776E-01 -0.48115192E-01
 -0.31635865E-01 -0.22602224E-01 -0.96366852E-01
 -0.27668235E-01 -0.19325234E-01 -0.93266463E-01
 -0.24119734E-01 -0.16440890E-01 -0.90400428E-01
 -0.20950410E-01 -0.13899862E-01 -0.87742300E-01
 -0.18125094E-01 -0.11656969E-01 -0.85267962E-01
 -0.15612443E-01 -0.96707800E-02 -0.82955889E-01
 -0.13384165E-01 -0.79034549E-02 -0.80787249E-01
 -0.11414432E-01 -0.63207354E-02 -0.78745879E-01
 -0.96794322E-02 -0.48920287E-02 -0.76818138E-01
 -0.81570517E-02 -0.35905160E-02 -0.74992674E-01
 -0.68266645E-02 -0.23932353E-02 -0.73260129E-01
 -0.56690011E-02 -0.12810997E-02 -0.71612787E-01
 -0.46660817E-02 -0.23882499E-03 -0.70044215E-01
 -0.38011941E-02  0.74524767E-03 -0.68548900E-01
 -0.30588986E-02  0.16794345E-02 -0.67121911E-01
 -0.24250461E-02  0.25690887E-02 -0.65758605E-01
 -0.18867966E-02  0.34170595E-02 -0.64454379E-01
 -0.14326288E-02  0.42242057E-02 -0.63204494E-01
 -0.10523327E-02  0.49899366E-02 -0.62003954E-01
 -0.73698096E-03  0.57127508E-02 -0.60847459E-01
 -0.47887800E-03  0.63907440E-02 -0.59729412E-01
 -0.27148457E-03  0.70220612E-02 -0.58643982E-01
 -0.10932226E-03  0.76052731E-02 -0.57585207E-01
  0.12139750E-04  0.81396603E-02 -0.56547124E-01
  0.96610286E-04  0.86254001E-02 -0.55523910E-01
  0.14710873E-03  0.90636524E-02 -0.54510037E-01
  0.16609869E-03  0.94565506E-02 -0.53500398E-01
  0.15561713E-03  0.98071096E-02 -0.52490432E-01
  0.11739389E-03  0.10119064E-01 -0.51476201E-01
  0.52957367E-04  0.10396659E-01 -0.50454447E-01
 -0.36276781E-04  0.10644407E-01 -0.49422608E-01
 -0.14893591E-03  0.10866842E-01 -0.48378797E-01
 -0.28364028E-03  0.11068279E-01 -0.47321752E-01
 -0.43897208E-03  0.11252603E-01 -0.46250755E-01
 -0.61346212E-03  0.11423100E-01 -0.45165535E-01
 -0.80559174E-03  0.11582335E-01 -0.44066154E-01
 -0.10138068E-02  0.11732088E-01 -0.42952895E-01
 -0.12365404E-02  0.11873349E-01 -0.41826146E-01
 -0.14722411E-02  0.12006357E-01 -0.40686302E-01
 -0.17194026E-02  0.12130695E-01 -0.39533677E-01
 -0.19765922E-02  0.12245415E-01 -0.38368444E-01
 -0.22424760E-02  0.12349189E-01 -0.37190592E-01
 -0.25158382E-02  0.12440474E-01 -0.35999909E-01
 -0.27955931E-02  0.12517674E-01 -0.34795993E-01
 -0.30807912E-02  0.12579293E-01 -0.33578274E-01
 -0.33706165E-02  0.12624068E-01 -0.32346061E-01
 -0.36643788E-02  0.12651067E-01 -0.31098596E-01
 -0.39615005E-02  0.12659762E-01 -0.29835121E-01
 -0.42614991E-02  0.12650060E-01 -0.28554937E-01
 -0.45639685E-02  0.12622301E-01 -0.27257469E-01
 -0.48685591E-02  0.12577221E-01 -0.25942318E-01
 -0.51749590E-02  0.12515895E-01 -0.24609301E-01
 -0.54828778E-02  0.12439652E-01 -0.23258485E-01
 -0.57920327E-02  0.12349978E-01 -0.21890193E-01
 -0.61021387E-02  0.12248423E-01 -0.20505008E-01
 -0.64129025E-02  0.12136497E-01 -0.19103752E-01
 -0.67240199E-02  0.12015592E-01 -0.17687460E-01
 -0.70351763E-02  0.11886905E-01 -0.16257336E-01
 -0.73460499E-02  0.11751395E-01 -0.14814716E-01
 -0.76563165E-02  0.11609755E-01 -0.13361011E-01
 -0.79656557E-02  0.11462411E-01 -0.11897659E-01
 -0.82737567E-02  0.11309543E-01 -0.10426087E-01
 -0.85803242E-02  0.11151125E-01 -0.89476617E-02
 -0.88850826E-02  0.10986985E-01 -0.74636695E-02
 -0.91877801E-02  0.10816872E-01 -0.59752914E-02
 -0.94881906E-02  0.10640525E-01 -0.44835973E-02
 -0.97861138E-02  0.10457747E-01 -0.29895490E-02
 -0.10081375E-01  0.10268471E-01 -0.14940145E-02
 -0.10373825E-01  0.10072804E-01  0.22096585E-05
 -0.25962251E-01 -0.10706968E-01 -0.93741837E-06
 -0.25536334E-01 -0.10683082E-01 -0.20602744E-02
 -0.25110551E-01 -0.10929390E-01 -0.41157262E-02
 -0.24682362E-01 -0.11430615E-01 -0.61635067E-02
 -0.24247279E-01 -0.12162481E-01 -0.82000745E-02
 -0.23799091E-01 -0.13092862E-01 -0.10222234E-01
 -0.23330168E-01 -0.14183287E-01 -0.12227212E-01
 -0.22831842E-01 -0.15390725E-01 -0.14212710E-01
 -0.22294824E-01 -0.16669546E-01 -0.16176922E-01
 -0.21709666E-01 -0.17973555E-01 -0.18118518E-01
 -0.21067224E-01 -0.19257984E-01 -0.20036600E-01
 -0.20359116E-01 -0.20481342E-01 -0.21930623E-01
 -0.19578150E-01 -0.21607021E-01 -0.23800295E-01
 -0.18718699E-01 -0.22604594E-01 -0.25645452E-01
 -0.17777011E-01 -0.23450737E-01 -0.27465925E-01
 -0.16751439E-01 -0.24129741E-01 -0.29261394E-01
 -0.15642582E-01 -0.24633616E-01 -0.31031250E-01
 -0.14453323E-01 -0.24961790E-01 -0.32774460E-01
 -0.13188774E-01 -0.25120444E-01 -0.34489441E-01
 -0.11856128E-01 -0.25121545E-01 -0.36173957E-01
 -0.10464424E-01 -0.24981642E-01 -0.37825025E-01
 -0.90242400E-02 -0.24720508E-01 -0.39438841E-01
 -0.75473322E-02 -0.24359717E-01 -0.41010716E-01
 -0.60462391E-02 -0.23921242E-01 -0.42535016E-01
 -0.45338731E-02 -0.23426145E-01 -0.44005099E-01
 -0.30231221E-02 -0.22893435E-01 -0.45413232E-01
 -0.15264850E-02 -0.22339153E-01 -0.46750475E-01
 -0.55760969E-04 -0.21775712E-01 -0.48006519E-01
 -0.24491393E-01 -0.17405445E-01 -0.96961261E-01
 -0.21087081E-01 -0.14760231E-01 -0.93719808E-01
 -0.18038701E-01 -0.12446591E-01 -0.90725340E-01
 -0.15314593E-01 -0.10423120E-01 -0.87954551E-01
 -0.12886752E-01 -0.86509777E-02 -0.85385780E-01
 -0.10729988E-01 -0.70937517E-02 -0.82999062E-01
 -0.88212730E-02 -0.57175412E-02 -0.80776127E-01
 -0.71392540E-02 -0.44911958E-02 -0.78700342E-01
 -0.56639093E-02 -0.33866226E-02 -0.76756630E-01
 -0.43763235E-02 -0.23790941E-02 -0.74931362E-01
 -0.32585605E-02 -0.14475029E-02 -0.73212233E-01
 -0.22936134E-02 -0.57451794E-03 -0.71588140E-01
 -0.14654092E-02  0.25338472E-03 -0.70049045E-01
 -0.75885145E-03  0.10460312E-02 -0.68585857E-01
 -0.15988252E-03  0.18097979E-02 -0.67190305E-01
  0.34444903E-03  0.25479875E-02 -0.65854837E-01
  0.76592819E-03  0.32613093E-02 -0.64572519E-01
  0.11151301E-02  0.39484344E-02 -0.63336955E-01
  0.14014004E-02  0.46065923E-02 -0.62142220E-01
  0.16328633E-02  0.52321720E-02 -0.60982803E-01
  0.18164590E-02  0.58212929E-02 -0.59853569E-01
  0.19580088E-02  0.63703155E-02 -0.58749725E-01
  0.20623057E-02  0.68762655E-02 -0.57666803E-01
  0.21332251E-02  0.73371539E-02 -0.56600646E-01
  0.21738503E-02  0.77521819E-02 -0.55547398E-01
  0.21866060E-02  0.81218295E-02 -0.54503504E-01
  0.21733932E-02  0.84478332E-02 -0.53465702E-01
  0.21357200E-02  0.87330645E-02 -0.52431021E-01
  0.20748218E-02  0.89813290E-02 -0.51396774E-01
  0.19917672E-02  0.91971059E-02 -0.50360552E-01
  0.18875461E-02  0.93852547E-02 -0.49320211E-01
  0.17631382E-02  0.95507105E-02 -0.48273855E-01
  0.16195611E-02  0.96981936E-02 -0.47219822E-01
  0.14578990E-02  0.98319523E-02 -0.46156660E-01
  0.12793140E-02  0.99555543E-02 -0.45083107E-01
  0.10850417E-02  0.10071740E-01 -0.43998070E-01
  0.87637565E-03  0.10182343E-01 -0.42900600E-01
  0.65464290E-03  0.10288275E-01 -0.41789871E-01
  0.42117531E-03  0.10389580E-01 -0.40665165E-01
  0.17727910E-03  0.10485537E-01 -0.39525853E-01
 -0.75793907E-04  0.10574810E-01 -0.38371385E-01
 -0.33687117E-03  0.10655630E-01 -0.37201277E-01
 -0.60487873E-03  0.10725983E-01 -0.36015111E-01
 -0.87885395E-03  0.10783811E-01 -0.34812531E-01
 -0.11579514E-02  0.10827185E-01 -0.33593242E-01
 -0.14414420E-02  0.10854465E-01 -0.32357020E-01
 -0.17287069E-02  0.10864415E-01 -0.31103708E-01
 -0.20192258E-02  0.10856291E-01 -0.29833233E-01
 -0.23125631E-02  0.10829867E-01 -0.28545603E-01
 -0.26083514E-02  0.10785442E-01 -0.27240920E-01
 -0.29062753E-02  0.10723789E-01 -0.25919381E-01
 -0.32060553E-02  0.10646084E-01 -0.24581283E-01
 -0.35074345E-02  0.10553808E-01 -0.23227026E-01
 -0.38101667E-02  0.10448630E-01 -0.21857109E-01
 -0.41140080E-02  0.10332290E-01 -0.20472127E-01
 -0.44187116E-02  0.10206488E-01 -0.19072769E-01
 -0.47240244E-02  0.10072776E-01 -0.17659808E-01
 -0.50296868E-02  0.99324827E-02 -0.16234094E-01
 -0.53354339E-02  0.97866515E-02 -0.14796543E-01
 -0.56409984E-02  0.96360137E-02 -0.13348126E-01
 -0.59461136E-02  0.94809867E-02 -0.11889861E-01
 -0.62505167E-02  0.93216997E-02 -0.10422798E-01
 -0.65539529E-02  0.91580438E-02 -0.89480174E-02
 -0.68561773E-02  0.89897391E-02 -0.74666120E-02
 -0.71569579E-02  0.88164147E-02 -0.59796874E-02
 -0.74560771E-02  0.86376942E-02 -0.44883534E-02
 -0.77533327E-02  0.84532778E-02 -0.29937205E-02
 -0.80485391E-02  0.82630166E-02 -0.14968979E-02
 -0.83415276E-02  0.80669706E-02  0.10076733E-05
 -0.22510376E-01 -0.53382959E-02 -0.18184763E-05
 -0.22087027E-01 -0.53387710E-02 -0.16684267E-02
 -0.21667846E-01 -0.55945700E-02 -0.33455595E-02
 -0.21250493E-01 -0.60908811E-02 -0.50433996E-02
 -0.20830742E-01 -0.68043754E-02 -0.67709645E-02
 -0.20402703E-01 -0.77043060E-02 -0.85356027E-02
 -0.19959121E-01 -0.87539510E-02 -0.10342581E-01
 -0.19491733E-01 -0.99123198E-02 -0.12194782E-01
 -0.18991684E-01 -0.11136028E-01 -0.14092530E-01
 -0.18449972E-01 -0.12381235E-01 -0.16033551E-01
 -0.17857896E-01 -0.13605548E-01 -0.18013056E-01
 -0.17207505E-01 -0.14769779E-01 -0.20023962E-01
 -0.16492009E-01 -0.15839476E-01 -0.22057208E-01
 -0.15706140E-01 -0.16786156E-01 -0.24102159E-01
 -0.14846454E-01 -0.17588172E-01 -0.26147075E-01
 -0.13911537E-01 -0.18231195E-01 -0.28179601E-01
 -0.12902135E-01 -0.18708300E-01 -0.30187262E-01
 -0.11821179E-01 -0.19019667E-01 -0.32157923E-01
 -0.10673715E-01 -0.19171932E-01 -0.34080195E-01
 -0.94667454E-02 -0.19177248E-01 -0.35943750E-01
 -0.82089813E-02 -0.19052124E-01 -0.37739549E-01
 -0.69105316E-02 -0.18816113E-01 -0.39459937E-01
 -0.55825387E-02 -0.18490442E-01 -0.41098628E-01
 -0.42367834E-02 -0.18096662E-01 -0.42650561E-01
 -0.28852823E-02 -0.17655385E-01 -0.44111633E-01
 -0.15398990E-02 -0.17185197E-01 -0.45478313E-01
 -0.21199247E-03 -0.16701772E-01 -0.46747155E-01
  0.10878765E-02 -0.16217244E-01 -0.47914204E-01
 -0.16312161E-01 -0.12209094E-01 -0.97435274E-01
 -0.13617674E-01 -0.10227826E-01 -0.94065242E-01
 -0.11202076E-01 -0.85040707E-02 -0.90952447E-01
 -0.90422142E-02 -0.70057953E-02 -0.88077452E-01
 -0.71175191E-02 -0.57022965E-02 -0.85421664E-01
 -0.54093300E-02 -0.45642285E-02 -0.82967170E-01
 -0.39003818E-02 -0.35638341E-02 -0.80696626E-01
 -0.25744346E-02 -0.26753017E-02 -0.78593178E-01
 -0.14160253E-02 -0.18751752E-02 -0.76640441E-01
 -0.41032212E-03 -0.11427504E-02 -0.74822534E-01
  0.45693842E-03 -0.46040647E-03 -0.73124151E-01
  0.11994508E-02  0.18617006E-03 -0.71530672E-01
  0.18302940E-02  0.80789473E-03 -0.70028288E-01
  0.23618566E-02  0.14123402E-02 -0.68604132E-01
  0.28057487E-02  0.20039368E-02 -0.67246399E-01
  0.31727133E-02  0.25843044E-02 -0.65944451E-01
  0.34725495E-02  0.31526946E-02 -0.64688875E-01
  0.37140543E-02  0.37065122E-02 -0.63471523E-01
  0.39049903E-02  0.42418804E-02 -0.62285488E-01
  0.40520815E-02  0.47542169E-02 -0.61125059E-01
  0.41610384E-02  0.52387817E-02 -0.59985619E-01
  0.42366107E-02  0.56911694E-02 -0.58863521E-01
  0.42826642E-02  0.61077175E-02 -0.57755934E-01
  0.43022775E-02  0.64858136E-02 -0.56660679E-01
  0.42978522E-02  0.68240904E-02 -0.55576049E-01
  0.42712307E-02  0.71225062E-02 -0.54500645E-01
  0.42238159E-02  0.73823165E-02 -0.53433219E-01
  0.41566854E-02  0.76059483E-02 -0.52372542E-01
  0.40706973E-02  0.77967960E-02 -0.51317295E-01
  0.39665822E-02  0.79589587E-02 -0.50265997E-01
  0.38450192E-02  0.80969454E-02 -0.49216963E-01
  0.37066939E-02  0.82153702E-02 -0.48168292E-01
  0.35523391E-02  0.83186606E-02 -0.47117889E-01
  0.33827577E-02  0.84108006E-02 -0.46063506E-01
  0.31988311E-02  0.84951221E-02 -0.45002808E-01
  0.30015139E-02  0.85741574E-02 -0.43933445E-01
  0.27918198E-02  0.86495587E-02 -0.42853135E-01
  0.25708001E-02  0.87220840E-02 -0.41759740E-01
  0.23395187E-02  0.87916469E-02 -0.40651338E-01
  0.20990265E-02  0.88574201E-02 -0.39526284E-01
  0.18503372E-02  0.89179831E-02 -0.38383251E-01
  0.15944072E-02  0.89714983E-02 -0.37221257E-01
  0.13321192E-02  0.90159014E-02 -0.36039669E-01
  0.10642722E-02  0.90490924E-02 -0.34838196E-01
  0.79157627E-03  0.90691119E-02 -0.33616854E-01
  0.51465293E-03  0.90742926E-02 -0.32375932E-01
  0.23403959E-03  0.90633762E-02 -0.31115935E-01
 -0.49802560E-04  0.90355913E-02 -0.29837537E-01
 -0.33647840E-03  0.89906882E-02 -0.28541518E-01
 -0.62564758E-03  0.89289331E-02 -0.27228711E-01
 -0.91701311E-03  0.88510650E-02 -0.25899959E-01
 -0.12103105E-02  0.87582203E-02 -0.24556073E-01
 -0.15052984E-02  0.86518351E-02 -0.23197808E-01
 -0.18017507E-02  0.85335331E-02 -0.21825843E-01
 -0.20994503E-02  0.84050088E-02 -0.20440786E-01
 -0.23981851E-02  0.82679153E-02 -0.19043174E-01
 -0.26977451E-02  0.81237649E-02 -0.17633492E-01
 -0.29979206E-02  0.79738499E-02 -0.16212204E-01
 -0.32985019E-02  0.78191867E-02 -0.14779774E-01
 -0.35992787E-02  0.76604883E-02 -0.13336701E-01
 -0.39000409E-02  0.74981640E-02 -0.11883550E-01
 -0.42005786E-02  0.73323454E-02 -0.10420978E-01
 -0.45006827E-02  0.71629351E-02 -0.89497567E-02
 -0.48001456E-02  0.69896730E-02 -0.74707819E-02
 -0.50987616E-02  0.68122146E-02 -0.59850838E-02
 -0.53963285E-02  0.66302126E-02 -0.44938208E-02
 -0.56926484E-02  0.64433977E-02 -0.29982673E-02
 -0.59875303E-02  0.62516489E-02 -0.14997932E-02
 -0.62807921E-02  0.60550492E-02  0.16316584E-06
 -0.16613068E-01 -0.21082232E-02 -0.19189553E-05
 -0.16189045E-01 -0.21062868E-02 -0.13275323E-02
 -0.15770147E-01 -0.23021845E-02 -0.26763353E-02
 -0.15354750E-01 -0.26839274E-02 -0.40706233E-02
 -0.14939747E-01 -0.32329232E-02 -0.55303017E-02
 -0.14520715E-01 -0.39248426E-02 -0.70718569E-02
 -0.14092150E-01 -0.47307533E-02 -0.87075164E-02
 -0.13647749E-01 -0.56184588E-02 -0.10444642E-01
 -0.13180736E-01 -0.65539653E-02 -0.12285386E-01
 -0.12684219E-01 -0.75029985E-02 -0.14226626E-01
 -0.12151546E-01 -0.84324876E-02 -0.16260173E-01
 -0.11576659E-01 -0.93119383E-02 -0.18373239E-01
 -0.10954424E-01 -0.10114625E-01 -0.20549124E-01
 -0.10280920E-01 -0.10818545E-01 -0.22768080E-01
 -0.95536667E-02 -0.11407093E-01 -0.25008306E-01
 -0.87717960E-02 -0.11869427E-01 -0.27246986E-01
 -0.79361412E-02 -0.12200528E-01 -0.29461343E-01
 -0.70492512E-02 -0.12400953E-01 -0.31629618E-01
 -0.61153252E-02 -0.12476323E-01 -0.33731929E-01
 -0.51400722E-02 -0.12436576E-01 -0.35750963E-01
 -0.41305059E-02 -0.12295048E-01 -0.37672466E-01
 -0.30946834E-02 -0.12067443E-01 -0.39485497E-01
 -0.20414061E-02 -0.11770753E-01 -0.41182446E-01
 -0.97989798E-03 -0.11422192E-01 -0.42758810E-01
  0.80518979E-04 -0.11038211E-01 -0.44212744E-01
  0.11307340E-02 -0.10633636E-01 -0.45544414E-01
  0.21621228E-02 -0.10220980E-01 -0.46755169E-01
  0.31667720E-02 -0.98099496E-02 -0.47846581E-01
 -0.72140250E-02 -0.70505926E-02 -0.97784718E-01
 -0.53601327E-02 -0.57589916E-02 -0.94309911E-01
 -0.36961811E-02 -0.46388452E-02 -0.91099985E-01
 -0.22075377E-02 -0.36687273E-02 -0.88139209E-01
 -0.88116887E-03 -0.28277056E-02 -0.85411950E-01
  0.29483440E-03 -0.20954414E-02 -0.82902321E-01
  0.13316104E-02 -0.14524454E-02 -0.80593969E-01
  0.22397759E-02 -0.88042556E-03 -0.78469978E-01
  0.30295846E-02 -0.36267014E-03 -0.76512905E-01
  0.37110103E-02  0.11558583E-03 -0.74704940E-01
  0.42937691E-02  0.56685312E-03 -0.73028158E-01
  0.47872952E-02  0.10011723E-02 -0.71464838E-01
  0.52006848E-02  0.14260104E-02 -0.69997824E-01
  0.55426199E-02  0.18462794E-02 -0.68610888E-01
  0.58212845E-02  0.22644769E-02 -0.67289069E-01
  0.60442838E-02  0.26809362E-02 -0.66018966E-01
  0.62185734E-02  0.30941693E-02 -0.64788951E-01
  0.63504063E-02  0.35012758E-02 -0.63589303E-01
  0.64453005E-02  0.38983924E-02 -0.62412245E-01
  0.65080305E-02  0.42811495E-02 -0.61251892E-01
  0.65426421E-02  0.46451103E-02 -0.60104108E-01
  0.65524894E-02  0.49861634E-02 -0.58966290E-01
  0.65402908E-02  0.53008495E-02 -0.57837099E-01
  0.65082000E-02  0.55866065E-02 -0.56716153E-01
  0.64578872E-02  0.58419239E-02 -0.55603698E-01
  0.63906262E-02  0.60664052E-02 -0.54500296E-01
  0.63073815E-02  0.62607407E-02 -0.53406527E-01
  0.62088919E-02  0.64266036E-02 -0.52322743E-01
  0.60957467E-02  0.65664801E-02 -0.51248865E-01
  0.59684508E-02  0.66834551E-02 -0.50184254E-01
  0.58274785E-02  0.67809696E-02 -0.49127639E-01
  0.56733135E-02  0.68625713E-02 -0.48077113E-01
  0.55064761E-02  0.69316771E-02 -0.47030186E-01
  0.53275382E-02  0.69913626E-02 -0.45983889E-01
  0.51371277E-02  0.70441920E-02 -0.44934910E-01
  0.49359245E-02  0.70920984E-02 -0.43879765E-01
  0.47246493E-02  0.71363174E-02 -0.42814963E-01
  0.45040496E-02  0.71773756E-02 -0.41737182E-01
  0.42748825E-02  0.72151306E-02 -0.40643419E-01
  0.40378985E-02  0.72488551E-02 -0.39531114E-01
  0.37938258E-02  0.72773550E-02 -0.38398249E-01
  0.35433582E-02  0.72991121E-02 -0.37243400E-01
  0.32871452E-02  0.73124372E-02 -0.36065751E-01
  0.30257865E-02  0.73156234E-02 -0.34865076E-01
  0.27598287E-02  0.73070875E-02 -0.33641684E-01
  0.24897658E-02  0.72854906E-02 -0.32396332E-01
  0.22160413E-02  0.72498318E-02 -0.31130132E-01
  0.19390524E-02  0.71995089E-02 -0.29844431E-01
  0.16591546E-02  0.71343453E-02 -0.28540705E-01
  0.13766672E-02  0.70545845E-02 -0.27220448E-01
  0.10918776E-02  0.69608535E-02 -0.25885077E-01
  0.80504688E-03  0.68541024E-02 -0.24535863E-01
  0.51641264E-03  0.67355245E-02 -0.23173871E-01
  0.22619310E-03  0.66064668E-02 -0.21799942E-01
 -0.65410432E-04  0.64683355E-02 -0.20414682E-01
 -0.35821091E-03  0.63225073E-02 -0.19018488E-01
 -0.65203316E-03  0.61702495E-02 -0.17611587E-01
 -0.94671140E-03  0.60126574E-02 -0.16194090E-01
 -0.12420866E-02  0.58506107E-02 -0.14766059E-01
 -0.15380035E-02  0.56847513E-02 -0.13327572E-01
 -0.18343081E-02  0.55154844E-02 -0.11878794E-01
 -0.21308443E-02  0.53429989E-02 -0.10420034E-01
 -0.24274517E-02  0.51673066E-02 -0.89517937E-02
 -0.27239636E-02  0.49882950E-02 -0.74748008E-02
 -0.30202062E-02  0.48057886E-02 -0.59900238E-02
 -0.33159985E-02  0.46196138E-02 -0.44986694E-02
 -0.36111538E-02  0.44296613E-02 -0.30021611E-02
 -0.39054824E-02  0.42359412E-02 -0.15021022E-02
 -0.41987956E-02  0.40386260E-02 -0.22479662E-06
 -0.88223747E-02 -0.58280570E-03 -0.13472469E-05
 -0.83961596E-02 -0.55264172E-03 -0.10959540E-02
 -0.79735934E-02 -0.62969093E-03 -0.22224889E-02
 -0.75541670E-02 -0.80669580E-03 -0.34114478E-02
 -0.71365443E-02 -0.10728236E-02 -0.46901049E-02
 -0.67186496E-02 -0.14141541E-02 -0.60811275E-02
 -0.62977932E-02 -0.18143119E-02 -0.76014452E-02
 -0.58708284E-02 -0.22552079E-02 -0.92614366E-02
 -0.54343331E-02 -0.27178497E-02 -0.11064470E-01
 -0.49848087E-02 -0.31831754E-02 -0.13006823E-01
 -0.45188854E-02 -0.36328677E-02 -0.15077971E-01
 -0.40335240E-02 -0.40501040E-02 -0.17261225E-01
 -0.35262041E-02 -0.44202063E-02 -0.19534674E-01
 -0.29950888E-02 -0.47311576E-02 -0.21872360E-01
 -0.24391571E-02 -0.49739641E-02 -0.24245629E-01
 -0.18582962E-02 -0.51428484E-02 -0.26624553E-01
 -0.12533500E-02 -0.52352719E-02 -0.28979353E-01
 -0.62612039E-03 -0.52517918E-02 -0.31281737E-01
  0.20678794E-04 -0.51957697E-02 -0.33506069E-01
  0.68351157E-03 -0.50729554E-02 -0.35630319E-01
  0.13581484E-02 -0.48909749E-02 -0.37636724E-01
  0.20398255E-02 -0.46587588E-02 -0.39512152E-01
  0.27234254E-02 -0.43859430E-02 -0.41248143E-01
  0.34036670E-02 -0.40822817E-02 -0.42840621E-01
  0.40752945E-02 -0.37571012E-02 -0.44289328E-01
  0.47332518E-02 -0.34188261E-02 -0.45596982E-01
  0.53728329E-02 -0.30745979E-02 -0.46768227E-01
  0.59897970E-02 -0.27300035E-02 -0.47808414E-01
  0.25685110E-02 -0.19442121E-02 -0.98002688E-01
  0.34843422E-02 -0.13605410E-02 -0.94457759E-01
  0.43078249E-02 -0.85274335E-03 -0.91182514E-01
  0.50451435E-02 -0.41092485E-03 -0.88163943E-01
  0.57017889E-02 -0.25207821E-04 -0.85388591E-01
  0.62828059E-02  0.31417888E-03 -0.82842086E-01
  0.67929755E-02  0.61672366E-03 -0.80508844E-01
  0.72369401E-02  0.89140477E-03 -0.78371960E-01
  0.76192785E-02  0.11464452E-02 -0.76413293E-01
  0.79445396E-02  0.13890791E-02 -0.74613704E-01
  0.82172430E-02  0.16253555E-02 -0.72953440E-01
  0.84418542E-02  0.18599957E-02 -0.71412602E-01
  0.86227427E-02  0.20963196E-02 -0.69971671E-01
  0.87641301E-02  0.23362439E-02 -0.68612043E-01
  0.88700350E-02  0.25803539E-02 -0.67316520E-01
  0.89442210E-02  0.28280396E-02 -0.66069741E-01
  0.89901512E-02  0.30776892E-02 -0.64858503E-01
  0.90109545E-02  0.33269211E-02 -0.63671970E-01
  0.90094037E-02  0.35728406E-02 -0.62501748E-01
  0.89879086E-02  0.38123032E-02 -0.61341833E-01
  0.89485217E-02  0.40421670E-02 -0.60188437E-01
  0.88929570E-02  0.42595188E-02 -0.59039708E-01
  0.88226189E-02  0.44618629E-02 -0.57895378E-01
  0.87386388E-02  0.46472617E-02 -0.56756353E-01
  0.86419172E-02  0.48144243E-02 -0.55624278E-01
  0.85331675E-02  0.49627403E-02 -0.54501119E-01
  0.84129593E-02  0.50922636E-02 -0.53388764E-01
  0.82817590E-02  0.52036491E-02 -0.52288691E-01
  0.81399657E-02  0.52980532E-02 -0.51201709E-01
  0.79879407E-02  0.53770072E-02 -0.50127775E-01
  0.78260314E-02  0.54422754E-02 -0.49065910E-01
  0.76545872E-02  0.54957089E-02 -0.48014196E-01
  0.74739702E-02  0.55391068E-02 -0.46969856E-01
  0.72845600E-02  0.55740936E-02 -0.45929401E-01
  0.70867543E-02  0.56020199E-02 -0.44888821E-01
  0.68809656E-02  0.56238924E-02 -0.43843818E-01
  0.66676174E-02  0.56403354E-02 -0.42790043E-01
  0.64471378E-02  0.56515836E-02 -0.41723329E-01
  0.62199546E-02  0.56575050E-02 -0.40639907E-01
  0.59864899E-02  0.56576483E-02 -0.39536574E-01
  0.57471569E-02  0.56513112E-02 -0.38410826E-01
  0.55023573E-02  0.56376210E-02 -0.37260934E-01
  0.52524799E-02  0.56156219E-02 -0.36085960E-01
  0.49979004E-02  0.55843620E-02 -0.34885734E-01
  0.47389814E-02  0.55429730E-02 -0.33660778E-01
  0.44760730E-02  0.54907381E-02 -0.32412191E-01
  0.42095129E-02  0.54271442E-02 -0.31141514E-01
  0.39396259E-02  0.53519156E-02 -0.29850577E-01
  0.36667232E-02  0.52650279E-02 -0.28541347E-01
  0.33911009E-02  0.51667040E-02 -0.27215781E-01
  0.31130378E-02  0.50573929E-02 -0.25875701E-01
  0.28327933E-02  0.49377341E-02 -0.24522693E-01
  0.25506053E-02  0.48085128E-02 -0.23158039E-01
  0.22666888E-02  0.46706085E-02 -0.21782682E-01
  0.19812350E-02  0.45249420E-02 -0.20397226E-01
  0.16944120E-02  0.43724253E-02 -0.19001963E-01
  0.14063662E-02  0.42139167E-02 -0.17596935E-01
  0.11172258E-02  0.40501863E-02 -0.16182006E-01
  0.82710490E-03  0.38818909E-02 -0.14756955E-01
  0.53610885E-03  0.37095627E-02 -0.13321567E-01
  0.24433987E-03  0.35336088E-02 -0.11875731E-01
 -0.48097075E-04  0.33543230E-02 -0.10419519E-01
 -0.34108909E-03  0.31719073E-02 -0.89532505E-02
 -0.63451119E-03  0.29865004E-02 -0.74775403E-02
 -0.92822359E-03  0.27982112E-02 -0.59933200E-02
 -0.12220708E-02  0.26071538E-02 -0.45018341E-02
 -0.15158828E-02  0.24134811E-02 -0.30046123E-02
 -0.18094778E-02  0.22174140E-02 -0.15034208E-02
 -0.21026669E-02  0.20192639E-02 -0.19441818E-06
 -0.19889893E-06  0.19286425E-06 -0.40215809E-06
  0.42817952E-03  0.79403821E-04 -0.10134425E-02
  0.85573413E-03  0.16004460E-03 -0.20616794E-02
  0.12816601E-02  0.24351492E-03 -0.31785035E-02
  0.17051812E-02  0.33115552E-03 -0.43937877E-02
  0.21255596E-02  0.42422193E-03 -0.57323744E-02
  0.25421008E-02  0.52386183E-03 -0.72128420E-02
  0.29541541E-02  0.63109673E-03 -0.88466161E-02
  0.33611062E-02  0.74680855E-03 -0.10637470E-01
  0.37623717E-02  0.87173140E-03 -0.12581439E-01
  0.41573778E-02  0.10064484E-02 -0.14667133E-01
  0.45455485E-02  0.11513931E-02 -0.16876445E-01
  0.49262873E-02  0.13068554E-02 -0.19185574E-01
  0.52989624E-02  0.14729906E-02 -0.21566322E-01
  0.56628952E-02  0.16498308E-02 -0.23987566E-01
  0.60173547E-02  0.18372984E-02 -0.26416820E-01
  0.63615583E-02  0.20352201E-02 -0.28821798E-01
  0.66946804E-02  0.22433409E-02 -0.31171874E-01
  0.70158676E-02  0.24613371E-02 -0.33439367E-01
  0.73242613E-02  0.26888292E-02 -0.35600578E-01
  0.76190241E-02  0.29253925E-02 -0.37636520E-01
  0.78993692E-02  0.31705666E-02 -0.39533319E-01
  0.81645894E-02  0.34238638E-02 -0.41282251E-01
  0.84140824E-02  0.36847762E-02 -0.42879446E-01
  0.86473709E-02  0.39527821E-02 -0.44325262E-01
  0.88641125E-02  0.42273515E-02 -0.45623379E-01
  0.90640988E-02  0.45079516E-02 -0.46779663E-01
  0.92472409E-02  0.47940518E-02 -0.47800850E-01
  0.12709978E-01  0.31155675E-02 -0.98081940E-01
  0.12637019E-01  0.29814822E-02 -0.94509914E-01
  0.12573683E-01  0.28728397E-02 -0.91209337E-01
  0.12517775E-01  0.27874770E-02 -0.88168317E-01
  0.12467264E-01  0.27234526E-02 -0.85374300E-01
  0.12420297E-01  0.26790221E-02 -0.82813548E-01
  0.12375197E-01  0.26526069E-02 -0.80470810E-01
  0.12330463E-01  0.26427589E-02 -0.78329208E-01
  0.12284771E-01  0.26481253E-02 -0.76370337E-01
  0.12236957E-01  0.26674139E-02 -0.74574537E-01
  0.12186012E-01  0.26993635E-02 -0.72921325E-01
  0.12131066E-01  0.27427194E-02 -0.71389927E-01
  0.12071376E-01  0.27962154E-02 -0.69959873E-01
  0.12006312E-01  0.28585641E-02 -0.68611596E-01
  0.11935339E-01  0.29284541E-02 -0.67326989E-01
  0.11858014E-01  0.30045537E-02 -0.66089893E-01
  0.11773969E-01  0.30855215E-02 -0.64886466E-01
  0.11682906E-01  0.31700204E-02 -0.63705417E-01
  0.11584592E-01  0.32567354E-02 -0.62538104E-01
  0.11478857E-01  0.33443924E-02 -0.61378475E-01
  0.11365589E-01  0.34317765E-02 -0.60222887E-01
  0.11244734E-01  0.35177491E-02 -0.59069800E-01
  0.11116294E-01  0.36012613E-02 -0.57919387E-01
  0.10980327E-01  0.36813642E-02 -0.56773083E-01
  0.10836940E-01  0.37572150E-02 -0.55633109E-01
  0.10686286E-01  0.38280778E-02 -0.54502003E-01
  0.10528555E-01  0.38933218E-02 -0.53382187E-01
  0.10363972E-01  0.39524143E-02 -0.52275598E-01
  0.10192779E-01  0.40049126E-02 -0.51183400E-01
  0.10015230E-01  0.40504524E-02 -0.50105789E-01
  0.98315809E-02  0.40887362E-02 -0.49041897E-01
  0.96420783E-02  0.41195214E-02 -0.47989794E-01
  0.94469519E-02  0.41426090E-02 -0.46946581E-01
  0.92464092E-02  0.41578336E-02 -0.45908547E-01
  0.90406312E-02  0.41650554E-02 -0.44871397E-01
  0.88297724E-02  0.41641545E-02 -0.43830499E-01
  0.86139623E-02  0.41550265E-02 -0.42781153E-01
  0.83933098E-02  0.41375810E-02 -0.41718857E-01
  0.81679100E-02  0.41117415E-02 -0.40639532E-01
  0.79378520E-02  0.40774466E-02 -0.39539725E-01
  0.77032270E-02  0.40346520E-02 -0.38416744E-01
  0.74641368E-02  0.39833337E-02 -0.37268744E-01
  0.72207007E-02  0.39234903E-02 -0.36094749E-01
  0.69730616E-02  0.38551461E-02 -0.34894622E-01
  0.67213884E-02  0.37783532E-02 -0.33668974E-01
  0.64658773E-02  0.36931930E-02 -0.32419047E-01
  0.62067497E-02  0.35997769E-02 -0.31146557E-01
  0.59442477E-02  0.34982466E-02 -0.29853526E-01
  0.56786278E-02  0.33887736E-02 -0.28542115E-01
  0.54101533E-02  0.32715582E-02 -0.27214460E-01
  0.51390850E-02  0.31468276E-02 -0.25872536E-01
  0.48656737E-02  0.30148350E-02 -0.24518048E-01
  0.45901518E-02  0.28758574E-02 -0.23152356E-01
  0.43127274E-02  0.27301939E-02 -0.21776437E-01
  0.40335806E-02  0.25781642E-02 -0.20390885E-01
  0.37528615E-02  0.24201071E-02 -0.18995950E-01
  0.34706914E-02  0.22563791E-02 -0.17591596E-01
  0.31871663E-02  0.20873535E-02 -0.16177593E-01
  0.29023622E-02  0.19134190E-02 -0.14753610E-01
  0.26163419E-02  0.17349789E-02 -0.13319326E-01
  0.23291635E-02  0.15524501E-02 -0.11874528E-01
  0.20408875E-02  0.13662616E-02 -0.10419202E-01
  0.17515845E-02  0.11768539E-02 -0.89536051E-02
  0.14613413E-02  0.98467705E-03 -0.74783170E-02
  0.11702646E-02  0.79018958E-03 -0.59942603E-02
  0.87848293E-03  0.59385665E-03 -0.45026979E-02
  0.58614628E-03  0.39614832E-03 -0.30052021E-02
  0.29342322E-03  0.19753780E-03 -0.15036001E-02
  0.49619973E-06 -0.15004402E-05  0.99675691E-07
  
