  0.00000000E+00 -0.76648581E-06 -0.89573640E-06 -0.92768525E-06
  0.69190456E-03  0.53362896E-04  0.57176932E-05 -0.23245014E-03
  0.13838091E-02  0.10748640E-03  0.12339806E-04 -0.46397497E-03
  0.20757137E-02  0.16159794E-03  0.18979152E-04 -0.69550520E-03
  0.27676182E-02  0.21569145E-03  0.25644272E-04 -0.92704386E-03
  0.34595228E-02  0.26976085E-03  0.32343688E-04 -0.11585940E-02
  0.41514274E-02  0.32380006E-03  0.39085900E-04 -0.13901587E-02
  0.48433319E-02  0.37780300E-03  0.45879379E-04 -0.16217410E-02
  0.55352365E-02  0.43176361E-03  0.52732564E-04 -0.18533440E-02
  0.62271410E-02  0.48567580E-03  0.59653852E-04 -0.20849709E-02
  0.69190456E-02  0.53953351E-03  0.66651596E-04 -0.23166249E-02
  0.76109502E-02  0.59333067E-03  0.73734099E-04 -0.25483092E-02
  0.83028547E-02  0.64706120E-03  0.80909607E-04 -0.27800271E-02
  0.89947593E-02  0.70071904E-03  0.88186305E-04 -0.30117820E-02
  0.96866638E-02  0.75429814E-03  0.95572310E-04 -0.32435771E-02
  0.10378568E-01  0.80779242E-03  0.10307567E-03 -0.34754159E-02
  0.11070473E-01  0.86119582E-03  0.11070435E-03 -0.37073020E-02
  0.11762378E-01  0.91450230E-03  0.11846623E-03 -0.39392389E-02
  0.12454282E-01  0.96770579E-03  0.12636911E-03 -0.41712303E-02
  0.13146187E-01  0.10208002E-02  0.13442070E-03 -0.44032799E-02
  0.13838091E-01  0.10737796E-02  0.14262859E-03 -0.46353915E-02
  0.14529996E-01  0.11266379E-02  0.15100028E-03 -0.48675689E-02
  0.15221900E-01  0.11793690E-02  0.15954317E-03 -0.50998161E-02
  0.15913805E-01  0.12319669E-02  0.16826454E-03 -0.53321373E-02
  0.16605709E-01  0.12844255E-02  0.17717153E-03 -0.55645365E-02
  0.17297614E-01  0.13367389E-02  0.18627119E-03 -0.57970180E-02
  0.17989519E-01  0.13889010E-02  0.19557042E-03 -0.60295862E-02
  0.18681423E-01  0.14409058E-02  0.20507599E-03 -0.62622454E-02
  0.19373328E-01  0.14927473E-02  0.21479455E-03 -0.64950002E-02
  0.20065232E-01  0.15444195E-02  0.22473257E-03 -0.67278553E-02
  0.20757137E-01  0.15959163E-02  0.23489641E-03 -0.69608155E-02
  0.21449041E-01  0.16472318E-02  0.24529227E-03 -0.71938856E-02
  0.22140946E-01  0.16983599E-02  0.25592618E-03 -0.74270706E-02
  0.22832850E-01  0.17492947E-02  0.26680402E-03 -0.76603756E-02
  0.23524755E-01  0.18000303E-02  0.27793152E-03 -0.78938058E-02
  0.24216660E-01  0.18505605E-02  0.28931422E-03 -0.81273666E-02
  0.24908564E-01  0.19008795E-02  0.30095751E-03 -0.83610633E-02
  0.25600469E-01  0.19509813E-02  0.31286658E-03 -0.85949016E-02
  0.26292373E-01  0.20008598E-02  0.32504646E-03 -0.88288871E-02
  0.26984278E-01  0.20505093E-02  0.33750200E-03 -0.90630257E-02
  0.27676182E-01  0.20999236E-02  0.35023785E-03 -0.92973232E-02
  0.28368087E-01  0.21490970E-02  0.36325849E-03 -0.95317857E-02
  0.29059992E-01  0.21980233E-02  0.37656819E-03 -0.97664194E-02
  0.29751896E-01  0.22466968E-02  0.39017103E-03 -0.10001231E-01
  0.30443801E-01  0.22951115E-02  0.40407089E-03 -0.10236226E-01
  0.31135705E-01  0.23432614E-02  0.41827147E-03 -0.10471411E-01
  0.31827610E-01  0.23911408E-02  0.43277624E-03 -0.10706793E-01
  0.32519514E-01  0.24387435E-02  0.44758847E-03 -0.10942379E-01
  0.33211419E-01  0.24860639E-02  0.46271124E-03 -0.11178176E-01
  0.33903323E-01  0.25330960E-02  0.47814739E-03 -0.11414190E-01
  0.34595228E-01  0.25798339E-02  0.49389957E-03 -0.11650429E-01
  0.35287133E-01  0.26262717E-02  0.50997021E-03 -0.11886900E-01
  0.35979037E-01  0.26724037E-02  0.52636151E-03 -0.12123610E-01
  0.36670942E-01  0.27182239E-02  0.54307548E-03 -0.12360567E-01
  0.37362846E-01  0.27637265E-02  0.56011387E-03 -0.12597778E-01
  0.38054751E-01  0.28089057E-02  0.57747825E-03 -0.12835250E-01
  0.38746655E-01  0.28537556E-02  0.59516994E-03 -0.13072992E-01
  0.39438560E-01  0.28982705E-02  0.61319005E-03 -0.13311011E-01
  0.40130464E-01  0.29424445E-02  0.63153945E-03 -0.13549315E-01
  0.40822369E-01  0.29862719E-02  0.65021880E-03 -0.13787912E-01
  0.41514274E-01  0.30297469E-02  0.66922853E-03 -0.14026810E-01
  0.42206178E-01  0.30728637E-02  0.68856883E-03 -0.14266017E-01
  0.42898083E-01  0.31156165E-02  0.70823969E-03 -0.14505542E-01
  0.43589987E-01  0.31579995E-02  0.72824084E-03 -0.14745392E-01
  0.44281892E-01  0.32000072E-02  0.74857181E-03 -0.14985576E-01
  0.44973796E-01  0.32416337E-02  0.76923188E-03 -0.15226103E-01
  0.45665701E-01  0.32828733E-02  0.79022011E-03 -0.15466980E-01
  0.46357606E-01  0.33237203E-02  0.81153536E-03 -0.15708216E-01
  0.47049510E-01  0.33641691E-02  0.83317621E-03 -0.15949820E-01
  0.47741415E-01  0.34042139E-02  0.85514107E-03 -0.16191800E-01
  0.48433319E-01  0.34438492E-02  0.87742808E-03 -0.16434165E-01
  0.49125224E-01  0.34830692E-02  0.90003519E-03 -0.16676924E-01
  0.49817128E-01  0.35218683E-02  0.92296011E-03 -0.16920084E-01
  0.50509033E-01  0.35602410E-02  0.94620032E-03 -0.17163655E-01
  0.51200937E-01  0.35981816E-02  0.96975311E-03 -0.17407645E-01
  0.51892842E-01  0.36356846E-02  0.99361552E-03 -0.17652063E-01
  0.52584747E-01  0.36727443E-02  0.10177844E-02 -0.17896917E-01
  0.53276651E-01  0.37093553E-02  0.10422564E-02 -0.18142217E-01
  0.53968556E-01  0.37455120E-02  0.10670278E-02 -0.18387970E-01
  0.54660460E-01  0.37812090E-02  0.10920950E-02 -0.18634185E-01
  0.55352365E-01  0.38164406E-02  0.11174539E-02 -0.18880870E-01
  0.56044269E-01  0.38512016E-02  0.11431002E-02 -0.19128035E-01
  0.56736174E-01  0.38854863E-02  0.11690297E-02 -0.19375686E-01
  0.57428078E-01  0.39192895E-02  0.11952376E-02 -0.19623834E-01
  0.58119983E-01  0.39526056E-02  0.12217191E-02 -0.19872485E-01
  0.58811888E-01  0.39854294E-02  0.12484694E-02 -0.20121649E-01
  0.59503792E-01  0.40177554E-02  0.12754831E-02 -0.20371332E-01
  0.60195697E-01  0.40495784E-02  0.13027549E-02 -0.20621543E-01
  0.60887601E-01  0.40808930E-02  0.13302792E-02 -0.20872291E-01
  0.61579506E-01  0.41116939E-02  0.13580504E-02 -0.21123582E-01
  0.62271410E-01  0.41419761E-02  0.13860625E-02 -0.21375424E-01
  0.62963315E-01  0.41717341E-02  0.14143094E-02 -0.21627826E-01
  0.63655219E-01  0.42009628E-02  0.14427848E-02 -0.21880793E-01
  0.64347124E-01  0.42296571E-02  0.14714825E-02 -0.22134334E-01
  0.65039029E-01  0.42578118E-02  0.15003957E-02 -0.22388455E-01
  0.65730933E-01  0.42854219E-02  0.15295179E-02 -0.22643163E-01
  0.66422838E-01  0.43124823E-02  0.15588421E-02 -0.22898465E-01
  0.67114742E-01  0.43389880E-02  0.15883613E-02 -0.23154368E-01
  0.67806647E-01  0.43649340E-02  0.16180684E-02 -0.23410878E-01
  0.68498551E-01  0.43903153E-02  0.16479561E-02 -0.23668000E-01
  0.69190456E-01  0.44151270E-02  0.16780170E-02 -0.23925742E-01
  0.69882361E-01  0.44393644E-02  0.17082437E-02 -0.24184108E-01
  0.70574265E-01  0.44630225E-02  0.17386283E-02 -0.24443104E-01
  0.71266170E-01  0.44860965E-02  0.17691633E-02 -0.24702736E-01
  0.71958074E-01  0.45085818E-02  0.17998406E-02 -0.24963007E-01
  0.72649979E-01  0.45304736E-02  0.18306525E-02 -0.25223924E-01
  0.73341883E-01  0.45517674E-02  0.18615908E-02 -0.25485491E-01
  0.74033788E-01  0.45724584E-02  0.18926474E-02 -0.25747711E-01
  0.74725692E-01  0.45925422E-02  0.19238140E-02 -0.26010589E-01
  0.75417597E-01  0.46120142E-02  0.19550825E-02 -0.26274128E-01
  0.76109502E-01  0.46308701E-02  0.19864443E-02 -0.26538332E-01
  0.76801406E-01  0.46491054E-02  0.20178912E-02 -0.26803204E-01
  0.77493311E-01  0.46667158E-02  0.20494146E-02 -0.27068746E-01
  0.78185215E-01  0.46836971E-02  0.20810060E-02 -0.27334961E-01
  0.78877120E-01  0.47000449E-02  0.21126567E-02 -0.27601851E-01
  0.79569024E-01  0.47157552E-02  0.21443584E-02 -0.27869418E-01
  0.80260929E-01  0.47308239E-02  0.21761021E-02 -0.28137664E-01
  0.80952833E-01  0.47452470E-02  0.22078794E-02 -0.28406588E-01
  0.81644738E-01  0.47590204E-02  0.22396815E-02 -0.28676193E-01
  0.82336643E-01  0.47721403E-02  0.22714998E-02 -0.28946478E-01
  0.83028547E-01  0.47846029E-02  0.23033255E-02 -0.29217443E-01
  0.83720452E-01  0.47964045E-02  0.23351500E-02 -0.29489088E-01
  0.84412356E-01  0.48075412E-02  0.23669646E-02 -0.29761412E-01
  0.85104261E-01  0.48180096E-02  0.23987606E-02 -0.30034415E-01
  0.85796165E-01  0.48278061E-02  0.24305295E-02 -0.30308093E-01
  0.86488070E-01  0.48369273E-02  0.24622625E-02 -0.30582447E-01
  0.87179975E-01  0.48453697E-02  0.24939512E-02 -0.30857472E-01
  0.87871879E-01  0.48531302E-02  0.25255871E-02 -0.31133167E-01
  0.88563784E-01  0.48602055E-02  0.25571616E-02 -0.31409527E-01
  0.89255688E-01  0.48665924E-02  0.25886664E-02 -0.31686551E-01
  0.89947593E-01  0.48722879E-02  0.26200931E-02 -0.31964232E-01
  0.90639497E-01  0.48772892E-02  0.26514335E-02 -0.32242568E-01
  0.91331402E-01  0.48815933E-02  0.26826794E-02 -0.32521552E-01
  0.92023306E-01  0.48851975E-02  0.27138227E-02 -0.32801180E-01
  0.92715211E-01  0.48880992E-02  0.27448554E-02 -0.33081446E-01
  0.93407116E-01  0.48902956E-02  0.27757696E-02 -0.33362343E-01
  0.94099020E-01  0.48917845E-02  0.28065575E-02 -0.33643865E-01
  0.94790925E-01  0.48925634E-02  0.28372115E-02 -0.33926004E-01
  0.95482829E-01  0.48926300E-02  0.28677239E-02 -0.34208753E-01
  0.96174734E-01  0.48919822E-02  0.28980874E-02 -0.34492103E-01
  0.96866638E-01  0.48906178E-02  0.29282946E-02 -0.34776047E-01
  0.97558543E-01  0.48885351E-02  0.29583384E-02 -0.35060575E-01
  0.98250447E-01  0.48857321E-02  0.29882118E-02 -0.35345677E-01
  0.98942352E-01  0.48822070E-02  0.30179079E-02 -0.35631343E-01
  0.99634257E-01  0.48779583E-02  0.30474200E-02 -0.35917563E-01
  0.10032616E+00  0.48729845E-02  0.30767416E-02 -0.36204326E-01
  0.10101807E+00  0.48672841E-02  0.31058663E-02 -0.36491621E-01
  0.10170997E+00  0.48608559E-02  0.31347880E-02 -0.36779434E-01
  0.10240187E+00  0.48536987E-02  0.31635006E-02 -0.37067755E-01
  0.10309378E+00  0.48458115E-02  0.31919982E-02 -0.37356570E-01
  0.10378568E+00  0.48371934E-02  0.32202754E-02 -0.37645866E-01
  0.10447759E+00  0.48278435E-02  0.32483266E-02 -0.37935628E-01
  0.10516949E+00  0.48177613E-02  0.32761466E-02 -0.38225843E-01
  0.10586140E+00  0.48069461E-02  0.33037304E-02 -0.38516495E-01
  0.10655330E+00  0.47953976E-02  0.33310731E-02 -0.38807569E-01
  0.10724521E+00  0.47831155E-02  0.33581703E-02 -0.39099050E-01
  0.10793711E+00  0.47700996E-02  0.33850175E-02 -0.39390921E-01
  0.10862902E+00  0.47563500E-02  0.34116106E-02 -0.39683165E-01
  0.10932092E+00  0.47418666E-02  0.34379456E-02 -0.39975765E-01
  0.11001283E+00  0.47266499E-02  0.34640190E-02 -0.40268703E-01
  0.11070473E+00  0.47107001E-02  0.34898272E-02 -0.40561962E-01
  0.11139663E+00  0.46940178E-02  0.35153670E-02 -0.40855522E-01
  0.11208854E+00  0.46766036E-02  0.35406356E-02 -0.41149364E-01
  0.11278044E+00  0.46584583E-02  0.35656302E-02 -0.41443469E-01
  0.11347235E+00  0.46395830E-02  0.35903483E-02 -0.41737816E-01
  0.11416425E+00  0.46199786E-02  0.36147878E-02 -0.42032386E-01
  0.11485616E+00  0.45996463E-02  0.36389467E-02 -0.42327157E-01
  0.11554806E+00  0.45785877E-02  0.36628233E-02 -0.42622108E-01
  0.11623997E+00  0.45568040E-02  0.36864163E-02 -0.42917217E-01
  0.11693187E+00  0.45342971E-02  0.37097244E-02 -0.43212461E-01
  0.11762378E+00  0.45110686E-02  0.37327467E-02 -0.43507819E-01
  0.11831568E+00  0.44871206E-02  0.37554828E-02 -0.43803266E-01
  0.11900758E+00  0.44624552E-02  0.37779321E-02 -0.44098780E-01
  0.11969949E+00  0.44370744E-02  0.38000946E-02 -0.44394336E-01
  0.12039139E+00  0.44109809E-02  0.38219706E-02 -0.44689910E-01
  0.12108330E+00  0.43841770E-02  0.38435604E-02 -0.44985477E-01
  0.12177520E+00  0.43566654E-02  0.38648648E-02 -0.45281012E-01
  0.12246711E+00  0.43284490E-02  0.38858848E-02 -0.45576489E-01
  0.12315901E+00  0.42995308E-02  0.39066217E-02 -0.45871883E-01
  0.12385092E+00  0.42699138E-02  0.39270770E-02 -0.46167168E-01
  0.12454282E+00  0.42396013E-02  0.39472526E-02 -0.46462316E-01
  0.12523473E+00  0.42085968E-02  0.39671505E-02 -0.46757300E-01
  0.12592663E+00  0.41769037E-02  0.39867731E-02 -0.47052093E-01
  0.12661853E+00  0.41445259E-02  0.40061230E-02 -0.47346668E-01
  0.12731044E+00  0.41114672E-02  0.40252032E-02 -0.47640996E-01
  0.12800234E+00  0.40777315E-02  0.40440167E-02 -0.47935049E-01
  0.12869425E+00  0.40433230E-02  0.40625671E-02 -0.48228798E-01
  0.12938615E+00  0.40082461E-02  0.40808580E-02 -0.48522215E-01
  0.13007806E+00  0.39725051E-02  0.40988934E-02 -0.48815269E-01
  0.13076996E+00  0.39361046E-02  0.41166775E-02 -0.49107932E-01
  0.13146187E+00  0.38990495E-02  0.41342147E-02 -0.49400173E-01
  0.13215377E+00  0.38613444E-02  0.41515097E-02 -0.49691962E-01
  0.13284568E+00  0.38229945E-02  0.41685676E-02 -0.49983269E-01
  0.13353758E+00  0.37840049E-02  0.41853934E-02 -0.50274063E-01
  0.13422948E+00  0.37443809E-02  0.42019928E-02 -0.50564314E-01
  0.13492139E+00  0.37041280E-02  0.42183713E-02 -0.50853990E-01
  0.13561329E+00  0.36632517E-02  0.42345349E-02 -0.51143059E-01
  0.13630520E+00  0.36217576E-02  0.42504897E-02 -0.51431491E-01
  0.13699710E+00  0.35796518E-02  0.42662420E-02 -0.51719253E-01
  0.13768901E+00  0.35369400E-02  0.42817985E-02 -0.52006314E-01
  0.13838091E+00  0.34936285E-02  0.42971660E-02 -0.52292641E-01
  0.13907282E+00  0.34497235E-02  0.43123515E-02 -0.52578202E-01
  0.13976472E+00  0.34052313E-02  0.43273621E-02 -0.52862965E-01
  0.14045663E+00  0.33601584E-02  0.43422054E-02 -0.53146897E-01
  0.14114853E+00  0.33145115E-02  0.43568888E-02 -0.53429965E-01
  0.14184043E+00  0.32682973E-02  0.43714201E-02 -0.53712137E-01
  0.14253234E+00  0.32215227E-02  0.43858075E-02 -0.53993379E-01
  0.14322424E+00  0.31741946E-02  0.44000588E-02 -0.54273659E-01
  0.14391615E+00  0.31263202E-02  0.44141826E-02 -0.54552943E-01
  0.14460805E+00  0.30779066E-02  0.44281871E-02 -0.54831198E-01
  0.14529996E+00  0.30289612E-02  0.44420811E-02 -0.55108391E-01
  0.14599186E+00  0.29794914E-02  0.44558732E-02 -0.55384489E-01
  0.14668377E+00  0.29295048E-02  0.44695725E-02 -0.55659457E-01
  0.14737567E+00  0.28790090E-02  0.44831878E-02 -0.55933263E-01
  0.14806758E+00  0.28280118E-02  0.44967283E-02 -0.56205874E-01
  0.14875948E+00  0.27765210E-02  0.45102033E-02 -0.56477255E-01
  0.14945138E+00  0.27245447E-02  0.45236221E-02 -0.56747373E-01
  0.15014329E+00  0.26720907E-02  0.45369942E-02 -0.57016196E-01
  0.15083519E+00  0.26191673E-02  0.45503291E-02 -0.57283689E-01
  0.15152710E+00  0.25657827E-02  0.45636365E-02 -0.57549819E-01
  0.15221900E+00  0.25119453E-02  0.45769261E-02 -0.57814553E-01
  0.15291091E+00  0.24576633E-02  0.45902075E-02 -0.58077858E-01
  0.15360281E+00  0.24029454E-02  0.46034907E-02 -0.58339700E-01
  0.15429472E+00  0.23478000E-02  0.46167855E-02 -0.58600047E-01
  0.15498662E+00  0.22922358E-02  0.46301018E-02 -0.58858865E-01
  0.15567853E+00  0.22362615E-02  0.46434495E-02 -0.59116122E-01
  0.15637043E+00  0.21798859E-02  0.46568385E-02 -0.59371784E-01
  0.15706234E+00  0.21231178E-02  0.46702789E-02 -0.59625820E-01
  0.15775424E+00  0.20659661E-02  0.46837805E-02 -0.59878197E-01
  0.15844614E+00  0.20084397E-02  0.46973534E-02 -0.60128882E-01
  0.15913805E+00  0.19505477E-02  0.47110074E-02 -0.60377844E-01
  0.15982995E+00  0.18922991E-02  0.47247525E-02 -0.60625049E-01
  0.16052186E+00  0.18337031E-02  0.47385985E-02 -0.60870468E-01
  0.16121376E+00  0.17747688E-02  0.47525552E-02 -0.61114067E-01
  0.16190567E+00  0.17155053E-02  0.47666325E-02 -0.61355816E-01
  0.16259757E+00  0.16559220E-02  0.47808399E-02 -0.61595684E-01
  0.16328948E+00  0.15960281E-02  0.47951872E-02 -0.61833639E-01
  0.16398138E+00  0.15358329E-02  0.48096839E-02 -0.62069651E-01
  0.16467329E+00  0.14753457E-02  0.48243394E-02 -0.62303689E-01
  0.16536519E+00  0.14145758E-02  0.48391631E-02 -0.62535724E-01
  0.16605709E+00  0.13535327E-02  0.48541642E-02 -0.62765725E-01
  0.16674900E+00  0.12922256E-02  0.48693518E-02 -0.62993663E-01
  0.16744090E+00  0.12306640E-02  0.48847350E-02 -0.63219508E-01
  0.16813281E+00  0.11688574E-02  0.49003226E-02 -0.63443232E-01
  0.16882471E+00  0.11068150E-02  0.49161232E-02 -0.63664806E-01
  0.16951662E+00  0.10445463E-02  0.49321454E-02 -0.63884201E-01
  0.17020852E+00  0.98206073E-03  0.49483976E-02 -0.64101389E-01
  0.17090043E+00  0.91936762E-03  0.49648881E-02 -0.64316343E-01
  0.17159233E+00  0.85647638E-03  0.49816247E-02 -0.64529035E-01
  0.17228424E+00  0.79339637E-03  0.49986155E-02 -0.64739438E-01
  0.17297614E+00  0.73013693E-03  0.50158679E-02 -0.64947526E-01
  0.17366804E+00  0.66670740E-03  0.50333894E-02 -0.65153272E-01
  0.17435995E+00  0.60311706E-03  0.50511872E-02 -0.65356651E-01
  0.17505185E+00  0.53937520E-03  0.50692683E-02 -0.65557637E-01
  0.17574376E+00  0.47549103E-03  0.50876395E-02 -0.65756204E-01
  0.17643566E+00  0.41147375E-03  0.51063072E-02 -0.65952329E-01
  0.17712757E+00  0.34733253E-03  0.51252777E-02 -0.66145986E-01
  0.17781947E+00  0.28307646E-03  0.51445571E-02 -0.66337152E-01
  0.17851138E+00  0.21871461E-03  0.51641510E-02 -0.66525804E-01
  0.17920328E+00  0.15425599E-03  0.51840649E-02 -0.66711919E-01
  0.17989519E+00  0.89709539E-04  0.52043041E-02 -0.66895473E-01
  0.18058709E+00  0.25084156E-04  0.52248735E-02 -0.67076446E-01
  0.18127899E+00 -0.39611333E-04  0.52457776E-02 -0.67254815E-01
  0.18197090E+00 -0.10436817E-03  0.52670208E-02 -0.67430558E-01
  0.18266280E+00 -0.16917766E-03  0.52886072E-02 -0.67603656E-01
  0.18335471E+00 -0.23403120E-03  0.53105405E-02 -0.67774088E-01
  0.18404661E+00 -0.29892024E-03  0.53328240E-02 -0.67941835E-01
  0.18473852E+00 -0.36383633E-03  0.53554609E-02 -0.68106876E-01
  0.18543042E+00 -0.42877110E-03  0.53784540E-02 -0.68269194E-01
  0.18612233E+00 -0.49371627E-03  0.54018057E-02 -0.68428769E-01
  0.18681423E+00 -0.55866364E-03  0.54255181E-02 -0.68585584E-01
  0.18750614E+00 -0.62360512E-03  0.54495930E-02 -0.68739623E-01
  0.18819804E+00 -0.68853270E-03  0.54740318E-02 -0.68890867E-01
  0.18888994E+00 -0.75343850E-03  0.54988357E-02 -0.69039300E-01
  0.18958185E+00 -0.81831471E-03  0.55240053E-02 -0.69184908E-01
  0.19027375E+00 -0.88315366E-03  0.55495412E-02 -0.69327674E-01
  0.19096566E+00 -0.94794776E-03  0.55754432E-02 -0.69467583E-01
  0.19165756E+00 -0.10126895E-02  0.56017112E-02 -0.69604623E-01
  0.19234947E+00 -0.10773717E-02  0.56283445E-02 -0.69738778E-01
  0.19304137E+00 -0.11419869E-02  0.56553419E-02 -0.69870036E-01
  0.19373328E+00 -0.12065282E-02  0.56827022E-02 -0.69998384E-01
  0.19442518E+00 -0.12709885E-02  0.57104236E-02 -0.70123810E-01
  0.19511709E+00 -0.13353610E-02  0.57385040E-02 -0.70246302E-01
  0.19580899E+00 -0.13996389E-02  0.57669409E-02 -0.70365850E-01
  0.19650089E+00 -0.14638157E-02  0.57957315E-02 -0.70482443E-01
  0.19719280E+00 -0.15278848E-02  0.58248725E-02 -0.70596070E-01
  0.19788470E+00 -0.15918401E-02  0.58543604E-02 -0.70706723E-01
  0.19857661E+00 -0.16556753E-02  0.58841912E-02 -0.70814392E-01
  0.19926851E+00 -0.17193843E-02  0.59143607E-02 -0.70919070E-01
  0.19996042E+00 -0.17829612E-02  0.59448642E-02 -0.71020749E-01
  0.20065232E+00 -0.18464004E-02  0.59756967E-02 -0.71119420E-01
  0.20134423E+00 -0.19096962E-02  0.60068528E-02 -0.71215079E-01
  0.20203613E+00 -0.19728432E-02  0.60383267E-02 -0.71307717E-01
  0.20272804E+00 -0.20358360E-02  0.60701124E-02 -0.71397331E-01
  0.20341994E+00 -0.20986695E-02  0.61022034E-02 -0.71483914E-01
  0.20411185E+00 -0.21613387E-02  0.61345929E-02 -0.71567463E-01
  0.20480375E+00 -0.22238388E-02  0.61672739E-02 -0.71647973E-01
  0.20549565E+00 -0.22861651E-02  0.62002387E-02 -0.71725440E-01
  0.20618756E+00 -0.23483130E-02  0.62334796E-02 -0.71799863E-01
  0.20687946E+00 -0.24102783E-02  0.62669885E-02 -0.71871238E-01
  0.20757137E+00 -0.24720567E-02  0.63007569E-02 -0.71939564E-01
  0.20826327E+00 -0.25336441E-02  0.63347759E-02 -0.72004840E-01
  0.20895518E+00 -0.25950367E-02  0.63690364E-02 -0.72067064E-01
  0.20964708E+00 -0.26562308E-02  0.64035290E-02 -0.72126237E-01
  0.21033899E+00 -0.27172229E-02  0.64382440E-02 -0.72182358E-01
  0.21103089E+00 -0.27780095E-02  0.64731712E-02 -0.72235429E-01
  0.21172280E+00 -0.28385875E-02  0.65083004E-02 -0.72285451E-01
  0.21241470E+00 -0.28989538E-02  0.65436210E-02 -0.72332426E-01
  0.21310660E+00 -0.29591055E-02  0.65791219E-02 -0.72376356E-01
  0.21379851E+00 -0.30190400E-02  0.66147920E-02 -0.72417244E-01
  0.21449041E+00 -0.30787546E-02  0.66506199E-02 -0.72455094E-01
  0.21518232E+00 -0.31382471E-02  0.66865938E-02 -0.72489909E-01
  0.21587422E+00 -0.31975151E-02  0.67227018E-02 -0.72521693E-01
  0.21656613E+00 -0.32565568E-02  0.67589316E-02 -0.72550452E-01
  0.21725803E+00 -0.33153701E-02  0.67952708E-02 -0.72576191E-01
  0.21794994E+00 -0.33739535E-02  0.68317067E-02 -0.72598916E-01
  0.21864184E+00 -0.34323054E-02  0.68682263E-02 -0.72618634E-01
  0.21933375E+00 -0.34904244E-02  0.69048167E-02 -0.72635350E-01
  0.22002565E+00 -0.35483093E-02  0.69414644E-02 -0.72649072E-01
  0.22071755E+00 -0.36059591E-02  0.69781561E-02 -0.72659809E-01
  0.22140946E+00 -0.36633729E-02  0.70148779E-02 -0.72667568E-01
  0.22210136E+00 -0.37205501E-02  0.70516160E-02 -0.72672358E-01
  0.22279327E+00 -0.37774901E-02  0.70883565E-02 -0.72674188E-01
  0.22348517E+00 -0.38341925E-02  0.71250851E-02 -0.72673067E-01
  0.22417708E+00 -0.38906571E-02  0.71617875E-02 -0.72669007E-01
  0.22486898E+00 -0.39468839E-02  0.71984493E-02 -0.72662016E-01
  0.22556089E+00 -0.40028730E-02  0.72350560E-02 -0.72652107E-01
  0.22625279E+00 -0.40586246E-02  0.72715929E-02 -0.72639289E-01
  0.22694470E+00 -0.41141392E-02  0.73080452E-02 -0.72623576E-01
  0.22763660E+00 -0.41694173E-02  0.73443980E-02 -0.72604979E-01
  0.22832850E+00 -0.42244597E-02  0.73806364E-02 -0.72583510E-01
  0.22902041E+00 -0.42792673E-02  0.74167455E-02 -0.72559183E-01
  0.22971231E+00 -0.43338410E-02  0.74527102E-02 -0.72532011E-01
  0.23040422E+00 -0.43881822E-02  0.74885153E-02 -0.72502007E-01
  0.23109612E+00 -0.44422920E-02  0.75241459E-02 -0.72469186E-01
  0.23178803E+00 -0.44961720E-02  0.75595867E-02 -0.72433562E-01
  0.23247993E+00 -0.45498238E-02  0.75948225E-02 -0.72395150E-01
  0.23317184E+00 -0.46032492E-02  0.76298384E-02 -0.72353964E-01
  0.23386374E+00 -0.46564499E-02  0.76646191E-02 -0.72310021E-01
  0.23455565E+00 -0.47094282E-02  0.76991495E-02 -0.72263335E-01
  0.23524755E+00 -0.47621860E-02  0.77334147E-02 -0.72213924E-01
  0.23593945E+00 -0.48147258E-02  0.77673995E-02 -0.72161804E-01
  0.23663136E+00 -0.48670498E-02  0.78010892E-02 -0.72106991E-01
  0.23732326E+00 -0.49191607E-02  0.78344687E-02 -0.72049503E-01
  0.23801517E+00 -0.49710611E-02  0.78675234E-02 -0.71989356E-01
  0.23870707E+00 -0.50227539E-02  0.79002385E-02 -0.71926570E-01
  0.23939898E+00 -0.50742418E-02  0.79325996E-02 -0.71861160E-01
  0.24009088E+00 -0.51255279E-02  0.79645921E-02 -0.71793147E-01
  0.24078279E+00 -0.51766153E-02  0.79962019E-02 -0.71722547E-01
  0.24147469E+00 -0.52275073E-02  0.80274147E-02 -0.71649380E-01
  0.24216660E+00 -0.52782071E-02  0.80582165E-02 -0.71573666E-01
  0.24285850E+00 -0.53287183E-02  0.80885935E-02 -0.71495422E-01
  0.24355041E+00 -0.53790442E-02  0.81185321E-02 -0.71414669E-01
  0.24424231E+00 -0.54291887E-02  0.81480188E-02 -0.71331426E-01
  0.24493421E+00 -0.54791553E-02  0.81770404E-02 -0.71245714E-01
  0.24562612E+00 -0.55289478E-02  0.82055839E-02 -0.71157551E-01
  0.24631802E+00 -0.55785702E-02  0.82336364E-02 -0.71066959E-01
  0.24700993E+00 -0.56280265E-02  0.82611853E-02 -0.70973958E-01
  0.24770183E+00 -0.56773206E-02  0.82882184E-02 -0.70878569E-01
  0.24839374E+00 -0.57264567E-02  0.83147236E-02 -0.70780812E-01
  0.24908564E+00 -0.57754389E-02  0.83406890E-02 -0.70680709E-01
  0.24977755E+00 -0.58242715E-02  0.83661032E-02 -0.70578280E-01
  0.25046945E+00 -0.58729589E-02  0.83909549E-02 -0.70473547E-01
  0.25116136E+00 -0.59215054E-02  0.84152332E-02 -0.70366532E-01
  0.25185326E+00 -0.59699154E-02  0.84389275E-02 -0.70257255E-01
  0.25254516E+00 -0.60181933E-02  0.84620273E-02 -0.70145739E-01
  0.25323707E+00 -0.60663438E-02  0.84845229E-02 -0.70032006E-01
  0.25392897E+00 -0.61143714E-02  0.85064044E-02 -0.69916076E-01
  0.25462088E+00 -0.61622808E-02  0.85276625E-02 -0.69797973E-01
  0.25531278E+00 -0.62100764E-02  0.85482884E-02 -0.69677718E-01
  0.25600469E+00 -0.62577631E-02  0.85682734E-02 -0.69555334E-01
  0.25669659E+00 -0.63053455E-02  0.85876092E-02 -0.69430842E-01
  0.25738850E+00 -0.63528283E-02  0.86062880E-02 -0.69304266E-01
  0.25808040E+00 -0.64002163E-02  0.86243023E-02 -0.69175626E-01
  0.25877231E+00 -0.64475143E-02  0.86416450E-02 -0.69044946E-01
  0.25946421E+00 -0.64947271E-02  0.86583095E-02 -0.68912249E-01
  0.26015611E+00 -0.65418593E-02  0.86742893E-02 -0.68777555E-01
  0.26084802E+00 -0.65889159E-02  0.86895786E-02 -0.68640889E-01
  0.26153992E+00 -0.66359015E-02  0.87041719E-02 -0.68502272E-01
  0.26223183E+00 -0.66828211E-02  0.87180642E-02 -0.68361726E-01
  0.26292373E+00 -0.67296792E-02  0.87312508E-02 -0.68219275E-01
  0.26361564E+00 -0.67764809E-02  0.87437275E-02 -0.68074940E-01
  0.26430754E+00 -0.68232307E-02  0.87554905E-02 -0.67928744E-01
  0.26499945E+00 -0.68699334E-02  0.87665365E-02 -0.67780710E-01
  0.26569135E+00 -0.69165937E-02  0.87768626E-02 -0.67630859E-01
  0.26638326E+00 -0.69632163E-02  0.87864663E-02 -0.67479214E-01
  0.26707516E+00 -0.70098059E-02  0.87953456E-02 -0.67325797E-01
  0.26776706E+00 -0.70563670E-02  0.88034989E-02 -0.67170631E-01
  0.26845897E+00 -0.71029043E-02  0.88109252E-02 -0.67013736E-01
  0.26915087E+00 -0.71494223E-02  0.88176238E-02 -0.66855136E-01
  0.26984278E+00 -0.71959254E-02  0.88235944E-02 -0.66694852E-01
  0.27053468E+00 -0.72424182E-02  0.88288375E-02 -0.66532906E-01
  0.27122659E+00 -0.72889050E-02  0.88333536E-02 -0.66369319E-01
  0.27191849E+00 -0.73353901E-02  0.88371439E-02 -0.66204114E-01
  0.27261040E+00 -0.73818779E-02  0.88402102E-02 -0.66037311E-01
  0.27330230E+00 -0.74283725E-02  0.88425545E-02 -0.65868932E-01
  0.27399421E+00 -0.74748781E-02  0.88441793E-02 -0.65698998E-01
  0.27468611E+00 -0.75213988E-02  0.88450877E-02 -0.65527530E-01
  0.27537801E+00 -0.75679385E-02  0.88452832E-02 -0.65354550E-01
  0.27606992E+00 -0.76145013E-02  0.88447697E-02 -0.65180077E-01
  0.27676182E+00 -0.76610908E-02  0.88435515E-02 -0.65004132E-01
  0.27745373E+00 -0.77077110E-02  0.88416336E-02 -0.64826736E-01
  0.27814563E+00 -0.77543654E-02  0.88390212E-02 -0.64647910E-01
  0.27883754E+00 -0.78010578E-02  0.88357201E-02 -0.64467672E-01
  0.27952944E+00 -0.78477914E-02  0.88317364E-02 -0.64286043E-01
  0.28022135E+00 -0.78945699E-02  0.88270767E-02 -0.64103042E-01
  0.28091325E+00 -0.79413964E-02  0.88217482E-02 -0.63918689E-01
  0.28160516E+00 -0.79882742E-02  0.88157582E-02 -0.63733004E-01
  0.28229706E+00 -0.80352064E-02  0.88091148E-02 -0.63546005E-01
  0.28298896E+00 -0.80821960E-02  0.88018261E-02 -0.63357710E-01
  0.28368087E+00 -0.81292458E-02  0.87939011E-02 -0.63168140E-01
  0.28437277E+00 -0.81763587E-02  0.87853489E-02 -0.62977311E-01
  0.28506468E+00 -0.82235373E-02  0.87761790E-02 -0.62785242E-01
  0.28575658E+00 -0.82707842E-02  0.87664013E-02 -0.62591952E-01
  0.28644849E+00 -0.83181017E-02  0.87560263E-02 -0.62397457E-01
  0.28714039E+00 -0.83654922E-02  0.87450647E-02 -0.62201774E-01
  0.28783230E+00 -0.84129579E-02  0.87335275E-02 -0.62004922E-01
  0.28852420E+00 -0.84605009E-02  0.87214264E-02 -0.61806917E-01
  0.28921611E+00 -0.85081231E-02  0.87087730E-02 -0.61607775E-01
  0.28990801E+00 -0.85558263E-02  0.86955797E-02 -0.61407513E-01
  0.29059992E+00 -0.86036122E-02  0.86818590E-02 -0.61206147E-01
  0.29129182E+00 -0.86514823E-02  0.86676237E-02 -0.61003692E-01
  0.29198372E+00 -0.86994381E-02  0.86528870E-02 -0.60800165E-01
  0.29267563E+00 -0.87474809E-02  0.86376625E-02 -0.60595579E-01
  0.29336753E+00 -0.87956117E-02  0.86219640E-02 -0.60389951E-01
  0.29405944E+00 -0.88438317E-02  0.86058056E-02 -0.60183294E-01
  0.29475134E+00 -0.88921417E-02  0.85892017E-02 -0.59975624E-01
  0.29544325E+00 -0.89405425E-02  0.85721670E-02 -0.59766953E-01
  0.29613515E+00 -0.89890346E-02  0.85547165E-02 -0.59557296E-01
  0.29682706E+00 -0.90376185E-02  0.85368654E-02 -0.59346666E-01
  0.29751896E+00 -0.90862945E-02  0.85186291E-02 -0.59135076E-01
  0.29821087E+00 -0.91350629E-02  0.85000233E-02 -0.58922539E-01
  0.29890277E+00 -0.91839236E-02  0.84810639E-02 -0.58709067E-01
  0.29959467E+00 -0.92328765E-02  0.84617671E-02 -0.58494673E-01
  0.30028658E+00 -0.92819215E-02  0.84421490E-02 -0.58279367E-01
  0.30097848E+00 -0.93310580E-02  0.84222263E-02 -0.58063163E-01
  0.30167039E+00 -0.93802856E-02  0.84020156E-02 -0.57846070E-01
  0.30236229E+00 -0.94296035E-02  0.83815337E-02 -0.57628100E-01
  0.30305420E+00 -0.94790110E-02  0.83607976E-02 -0.57409263E-01
  0.30374610E+00 -0.95285071E-02  0.83398245E-02 -0.57189569E-01
  0.30443801E+00 -0.95780907E-02  0.83186314E-02 -0.56969028E-01
  0.30512991E+00 -0.96277604E-02  0.82972358E-02 -0.56747650E-01
  0.30582182E+00 -0.96775150E-02  0.82756551E-02 -0.56525444E-01
  0.30651372E+00 -0.97273529E-02  0.82539069E-02 -0.56302418E-01
  0.30720562E+00 -0.97772724E-02  0.82320087E-02 -0.56078582E-01
  0.30789753E+00 -0.98272716E-02  0.82099781E-02 -0.55853942E-01
  0.30858943E+00 -0.98773487E-02  0.81878329E-02 -0.55628508E-01
  0.30928134E+00 -0.99275014E-02  0.81655908E-02 -0.55402286E-01
  0.30997324E+00 -0.99777276E-02  0.81432694E-02 -0.55175284E-01
  0.31066515E+00 -0.10028025E-01  0.81208866E-02 -0.54947509E-01
  0.31135705E+00 -0.10078391E-01  0.80984600E-02 -0.54718966E-01
  0.31204896E+00 -0.10128823E-01  0.80760074E-02 -0.54489663E-01
  0.31274086E+00 -0.10179317E-01  0.80535464E-02 -0.54259605E-01
  0.31343277E+00 -0.10229873E-01  0.80310945E-02 -0.54028797E-01
  0.31412467E+00 -0.10280485E-01  0.80086695E-02 -0.53797246E-01
  0.31481657E+00 -0.10331151E-01  0.79862887E-02 -0.53564954E-01
  0.31550848E+00 -0.10381868E-01  0.79639694E-02 -0.53331928E-01
  0.31620038E+00 -0.10432632E-01  0.79417290E-02 -0.53098172E-01
  0.31689229E+00 -0.10483440E-01  0.79195846E-02 -0.52863688E-01
  0.31758419E+00 -0.10534288E-01  0.78975531E-02 -0.52628481E-01
  0.31827610E+00 -0.10585172E-01  0.78756515E-02 -0.52392554E-01
  0.31896800E+00 -0.10636089E-01  0.78538965E-02 -0.52155910E-01
  0.31965991E+00 -0.10687034E-01  0.78323046E-02 -0.51918552E-01
  0.32035181E+00 -0.10738003E-01  0.78108921E-02 -0.51680482E-01
  0.32104372E+00 -0.10788991E-01  0.77896752E-02 -0.51441701E-01
  0.32173562E+00 -0.10839996E-01  0.77686699E-02 -0.51202212E-01
  0.32242752E+00 -0.10891011E-01  0.77478917E-02 -0.50962015E-01
  0.32311943E+00 -0.10942033E-01  0.77273563E-02 -0.50721113E-01
  0.32381133E+00 -0.10993057E-01  0.77070788E-02 -0.50479506E-01
  0.32450324E+00 -0.11044077E-01  0.76870742E-02 -0.50237194E-01
  0.32519514E+00 -0.11095090E-01  0.76673573E-02 -0.49994178E-01
  0.32588705E+00 -0.11146090E-01  0.76479423E-02 -0.49750457E-01
  0.32657895E+00 -0.11197072E-01  0.76288436E-02 -0.49506031E-01
  0.32727086E+00 -0.11248031E-01  0.76100747E-02 -0.49260900E-01
  0.32796276E+00 -0.11298962E-01  0.75916494E-02 -0.49015063E-01
  0.32865467E+00 -0.11349859E-01  0.75735806E-02 -0.48768518E-01
  0.32934657E+00 -0.11400717E-01  0.75558813E-02 -0.48521265E-01
  0.33003848E+00 -0.11451531E-01  0.75385640E-02 -0.48273302E-01
  0.33073038E+00 -0.11502295E-01  0.75216407E-02 -0.48024626E-01
  0.33142228E+00 -0.11553003E-01  0.75051232E-02 -0.47775236E-01
  0.33211419E+00 -0.11603650E-01  0.74890229E-02 -0.47525129E-01
  0.33280609E+00 -0.11654230E-01  0.74733508E-02 -0.47274303E-01
  0.33349800E+00 -0.11704738E-01  0.74581175E-02 -0.47022754E-01
  0.33418990E+00 -0.11755166E-01  0.74433331E-02 -0.46770481E-01
  0.33488181E+00 -0.11805510E-01  0.74290075E-02 -0.46517479E-01
  0.33557371E+00 -0.11855764E-01  0.74151499E-02 -0.46263746E-01
  0.33626562E+00 -0.11905921E-01  0.74017694E-02 -0.46009277E-01
  0.33695752E+00 -0.11955976E-01  0.73888744E-02 -0.45754069E-01
  0.33764943E+00 -0.12005922E-01  0.73764729E-02 -0.45498117E-01
  0.33834133E+00 -0.12055753E-01  0.73645726E-02 -0.45241418E-01
  0.33903323E+00 -0.12105464E-01  0.73531805E-02 -0.44983967E-01
  0.33972514E+00 -0.12155047E-01  0.73423034E-02 -0.44725759E-01
  0.34041704E+00 -0.12204497E-01  0.73319475E-02 -0.44466791E-01
  0.34110895E+00 -0.12253808E-01  0.73221185E-02 -0.44207056E-01
  0.34180085E+00 -0.12302973E-01  0.73128216E-02 -0.43946550E-01
  0.34249276E+00 -0.12351986E-01  0.73040616E-02 -0.43685268E-01
  0.34318466E+00 -0.12400841E-01  0.72958429E-02 -0.43423205E-01
  0.34387657E+00 -0.12449531E-01  0.72881691E-02 -0.43160355E-01
  0.34456847E+00 -0.12498050E-01  0.72810437E-02 -0.42896712E-01
  0.34526038E+00 -0.12546393E-01  0.72744693E-02 -0.42632271E-01
  0.34595228E+00 -0.12594552E-01  0.72684484E-02 -0.42367027E-01
  0.34664418E+00 -0.12642521E-01  0.72629827E-02 -0.42100973E-01
  0.34733609E+00 -0.12690295E-01  0.72580734E-02 -0.41834104E-01
  0.34802799E+00 -0.12737866E-01  0.72537214E-02 -0.41566413E-01
  0.34871990E+00 -0.12785229E-01  0.72499270E-02 -0.41297895E-01
  0.34941180E+00 -0.12832378E-01  0.72466899E-02 -0.41028543E-01
  0.35010371E+00 -0.12879306E-01  0.72440093E-02 -0.40758352E-01
  0.35079561E+00 -0.12926007E-01  0.72418841E-02 -0.40487314E-01
  0.35148752E+00 -0.12972475E-01  0.72403124E-02 -0.40215425E-01
  0.35217942E+00 -0.13018704E-01  0.72392921E-02 -0.39942677E-01
  0.35287133E+00 -0.13064689E-01  0.72388202E-02 -0.39669064E-01
  0.35356323E+00 -0.13110422E-01  0.72388936E-02 -0.39394580E-01
  0.35425513E+00 -0.13155898E-01  0.72395084E-02 -0.39119219E-01
  0.35494704E+00 -0.13201111E-01  0.72406604E-02 -0.38842975E-01
  0.35563894E+00 -0.13246056E-01  0.72423448E-02 -0.38565840E-01
  0.35633085E+00 -0.13290726E-01  0.72445562E-02 -0.38287809E-01
  0.35702275E+00 -0.13335116E-01  0.72472890E-02 -0.38008876E-01
  0.35771466E+00 -0.13379219E-01  0.72505369E-02 -0.37729035E-01
  0.35840656E+00 -0.13423032E-01  0.72542931E-02 -0.37448278E-01
  0.35909847E+00 -0.13466547E-01  0.72585503E-02 -0.37166601E-01
  0.35979037E+00 -0.57160270E-02 -0.32802404E-02 -0.32942536E-01
  0.36048228E+00 -0.57410293E-02 -0.32933407E-02 -0.32740865E-01
  0.36117418E+00 -0.57658493E-02 -0.33058208E-02 -0.32537961E-01
  0.36186608E+00 -0.57904821E-02 -0.33176895E-02 -0.32333816E-01
  0.36255799E+00 -0.58149229E-02 -0.33289561E-02 -0.32128423E-01
  0.36324989E+00 -0.58391671E-02 -0.33396301E-02 -0.31921775E-01
  0.36394180E+00 -0.58632101E-02 -0.33497216E-02 -0.31713865E-01
  0.36463370E+00 -0.58870474E-02 -0.33592413E-02 -0.31504686E-01
  0.36532561E+00 -0.59106745E-02 -0.33682001E-02 -0.31294230E-01
  0.36601751E+00 -0.59340871E-02 -0.33766093E-02 -0.31082491E-01
  0.36670942E+00 -0.59572811E-02 -0.33844808E-02 -0.30869463E-01
  0.36740132E+00 -0.59802522E-02 -0.33918266E-02 -0.30655139E-01
  0.36809323E+00 -0.60029964E-02 -0.33986594E-02 -0.30439514E-01
  0.36878513E+00 -0.60255098E-02 -0.34049922E-02 -0.30222581E-01
  0.36947703E+00 -0.60477887E-02 -0.34108382E-02 -0.30004334E-01
  0.37016894E+00 -0.60698292E-02 -0.34162111E-02 -0.29784768E-01
  0.37086084E+00 -0.60916277E-02 -0.34211249E-02 -0.29563877E-01
  0.37155275E+00 -0.61131809E-02 -0.34255940E-02 -0.29341657E-01
  0.37224465E+00 -0.61344853E-02 -0.34296332E-02 -0.29118102E-01
  0.37293656E+00 -0.61555376E-02 -0.34332574E-02 -0.28893209E-01
  0.37362846E+00 -0.61763347E-02 -0.34364819E-02 -0.28666971E-01
  0.37432037E+00 -0.61968737E-02 -0.34393224E-02 -0.28439386E-01
  0.37501227E+00 -0.62171514E-02 -0.34417947E-02 -0.28210450E-01
  0.37570418E+00 -0.62371653E-02 -0.34439151E-02 -0.27980158E-01
  0.37639608E+00 -0.62569126E-02 -0.34457000E-02 -0.27748507E-01
  0.37708799E+00 -0.62763908E-02 -0.34471660E-02 -0.27515494E-01
  0.37777989E+00 -0.62955975E-02 -0.34483300E-02 -0.27281117E-01
  0.37847179E+00 -0.63145304E-02 -0.34492093E-02 -0.27045373E-01
  0.37916370E+00 -0.63331874E-02 -0.34498211E-02 -0.26808259E-01
  0.37985560E+00 -0.63515664E-02 -0.34501830E-02 -0.26569774E-01
  0.38054751E+00 -0.63696656E-02 -0.34503127E-02 -0.26329916E-01
  0.38123941E+00 -0.63874831E-02 -0.34502281E-02 -0.26088684E-01
  0.38193132E+00 -0.64050174E-02 -0.34499472E-02 -0.25846076E-01
  0.38262322E+00 -0.64222670E-02 -0.34494883E-02 -0.25602093E-01
  0.38331513E+00 -0.64392304E-02 -0.34488697E-02 -0.25356733E-01
  0.38400703E+00 -0.64559065E-02 -0.34481099E-02 -0.25109997E-01
  0.38469894E+00 -0.64722942E-02 -0.34472273E-02 -0.24861885E-01
  0.38539084E+00 -0.64883925E-02 -0.34462405E-02 -0.24612398E-01
  0.38608274E+00 -0.65042007E-02 -0.34451684E-02 -0.24361536E-01
  0.38677465E+00 -0.65197179E-02 -0.34440297E-02 -0.24109301E-01
  0.38746655E+00 -0.65349436E-02 -0.34428431E-02 -0.23855696E-01
  0.38815846E+00 -0.65498775E-02 -0.34416276E-02 -0.23600721E-01
  0.38885036E+00 -0.65645192E-02 -0.34404019E-02 -0.23344379E-01
  0.38954227E+00 -0.65788686E-02 -0.34391850E-02 -0.23086674E-01
  0.39023417E+00 -0.65929257E-02 -0.34379957E-02 -0.22827608E-01
  0.39092608E+00 -0.66066905E-02 -0.34368528E-02 -0.22567185E-01
  0.39161798E+00 -0.66201634E-02 -0.34357751E-02 -0.22305409E-01
  0.39230989E+00 -0.66333448E-02 -0.34347814E-02 -0.22042284E-01
  0.39300179E+00 -0.66462351E-02 -0.34338903E-02 -0.21777814E-01
  0.39369369E+00 -0.66588349E-02 -0.34331204E-02 -0.21512006E-01
  0.39438560E+00 -0.66711452E-02 -0.34324903E-02 -0.21244865E-01
  0.39507750E+00 -0.66831667E-02 -0.34320182E-02 -0.20976395E-01
  0.39576941E+00 -0.66949005E-02 -0.34317225E-02 -0.20706605E-01
  0.39646131E+00 -0.67063478E-02 -0.34316212E-02 -0.20435500E-01
  0.39715322E+00 -0.67175099E-02 -0.34317325E-02 -0.20163087E-01
  0.39784512E+00 -0.67283882E-02 -0.34320740E-02 -0.19889373E-01
  0.39853703E+00 -0.67389842E-02 -0.34326635E-02 -0.19614368E-01
  0.39922893E+00 -0.67492996E-02 -0.34335183E-02 -0.19338078E-01
  0.39992084E+00 -0.67593361E-02 -0.34346557E-02 -0.19060513E-01
  0.40061274E+00 -0.67690958E-02 -0.34360927E-02 -0.18781681E-01
  0.40130464E+00 -0.67785806E-02 -0.34378463E-02 -0.18501593E-01
  0.40199655E+00 -0.67877926E-02 -0.34399328E-02 -0.18220257E-01
  0.40268845E+00 -0.67967341E-02 -0.34423686E-02 -0.17937684E-01
  0.40338036E+00 -0.68054075E-02 -0.34451698E-02 -0.17653885E-01
  0.40407226E+00 -0.68138153E-02 -0.34483522E-02 -0.17368871E-01
  0.40476417E+00 -0.68219600E-02 -0.34519311E-02 -0.17082653E-01
  0.40545607E+00 -0.68298443E-02 -0.34559218E-02 -0.16795243E-01
  0.40614798E+00 -0.68374710E-02 -0.34603392E-02 -0.16506652E-01
  0.40683988E+00 -0.68448431E-02 -0.34651978E-02 -0.16216895E-01
  0.40753179E+00 -0.68519635E-02 -0.34705118E-02 -0.15925983E-01
  0.40822369E+00 -0.68588353E-02 -0.34762950E-02 -0.15633931E-01
  0.40891559E+00 -0.68654618E-02 -0.34825611E-02 -0.15340751E-01
  0.40960750E+00 -0.68718462E-02 -0.34893230E-02 -0.15046458E-01
  0.41029940E+00 -0.68779918E-02 -0.34965937E-02 -0.14751067E-01
  0.41099131E+00 -0.68839023E-02 -0.35043854E-02 -0.14454592E-01
  0.41168321E+00 -0.68895810E-02 -0.35127103E-02 -0.14157049E-01
  0.41237512E+00 -0.68950317E-02 -0.35215798E-02 -0.13858452E-01
  0.41306702E+00 -0.69002581E-02 -0.35310052E-02 -0.13558819E-01
  0.41375893E+00 -0.69052639E-02 -0.35409973E-02 -0.13258166E-01
  0.41445083E+00 -0.69100531E-02 -0.35515663E-02 -0.12956509E-01
  0.41514274E+00 -0.69146295E-02 -0.35627223E-02 -0.12653865E-01
  0.41583464E+00 -0.69189972E-02 -0.35744745E-02 -0.12350252E-01
  0.41652654E+00 -0.69231603E-02 -0.35868322E-02 -0.12045687E-01
  0.41721845E+00 -0.69271229E-02 -0.35998038E-02 -0.11740189E-01
  0.41791035E+00 -0.69308891E-02 -0.36133975E-02 -0.11433776E-01
  0.41860226E+00 -0.69344633E-02 -0.36276208E-02 -0.11126466E-01
  0.41929416E+00 -0.69378498E-02 -0.36424810E-02 -0.10818280E-01
  0.41998607E+00 -0.69410528E-02 -0.36579848E-02 -0.10509235E-01
  0.42067797E+00 -0.69440769E-02 -0.36741383E-02 -0.10199352E-01
  0.42136988E+00 -0.69469264E-02 -0.36909473E-02 -0.98886505E-02
  0.42206178E+00 -0.69496060E-02 -0.37084169E-02 -0.95771513E-02
  0.42275369E+00 -0.69521200E-02 -0.37265520E-02 -0.92648747E-02
  0.42344559E+00 -0.69544731E-02 -0.37453568E-02 -0.89518415E-02
  0.42413750E+00 -0.69566698E-02 -0.37648350E-02 -0.86380728E-02
  0.42482940E+00 -0.69587148E-02 -0.37849898E-02 -0.83235902E-02
  0.42552130E+00 -0.69606128E-02 -0.38058241E-02 -0.80084151E-02
  0.42621321E+00 -0.69623684E-02 -0.38273399E-02 -0.76925696E-02
  0.42690511E+00 -0.69639863E-02 -0.38495390E-02 -0.73760757E-02
  0.42759702E+00 -0.69654712E-02 -0.38724226E-02 -0.70589560E-02
  0.42828892E+00 -0.69668278E-02 -0.38959914E-02 -0.67412330E-02
  0.42898083E+00 -0.69680609E-02 -0.39202456E-02 -0.64229295E-02
  0.42967273E+00 -0.69691751E-02 -0.39451849E-02 -0.61040687E-02
  0.43036464E+00 -0.69701753E-02 -0.39708084E-02 -0.57846739E-02
  0.43105654E+00 -0.69710661E-02 -0.39971147E-02 -0.54647684E-02
  0.43174845E+00 -0.69718523E-02 -0.40241021E-02 -0.51443760E-02
  0.43244035E+00 -0.69725386E-02 -0.40517681E-02 -0.48235206E-02
  0.43313225E+00 -0.69731297E-02 -0.40801099E-02 -0.45022261E-02
  0.43382416E+00 -0.69736303E-02 -0.41091240E-02 -0.41805167E-02
  0.43451606E+00 -0.69740451E-02 -0.41388067E-02 -0.38584169E-02
  0.43520797E+00 -0.69743787E-02 -0.41691536E-02 -0.35359511E-02
  0.43589987E+00 -0.69746358E-02 -0.42001597E-02 -0.32131439E-02
  0.43659178E+00 -0.69748209E-02 -0.42318198E-02 -0.28900201E-02
  0.43728368E+00 -0.69749386E-02 -0.42641280E-02 -0.25666046E-02
  0.43797559E+00 -0.69749935E-02 -0.42970780E-02 -0.22429224E-02
  0.43866749E+00 -0.69749901E-02 -0.43306630E-02 -0.19189986E-02
  0.43935940E+00 -0.69749328E-02 -0.43648757E-02 -0.15948585E-02
  0.44005130E+00 -0.69748260E-02 -0.43997084E-02 -0.12705271E-02
  0.44074320E+00 -0.69746741E-02 -0.44351528E-02 -0.94603008E-03
  0.44143511E+00 -0.69744814E-02 -0.44712005E-02 -0.62139267E-03
  0.44212701E+00 -0.69742522E-02 -0.45078421E-02 -0.29664040E-03
  0.44281892E+00 -0.69739907E-02 -0.45450683E-02  0.28201214E-04
  0.44351082E+00 -0.69737011E-02 -0.45828691E-02  0.35310660E-03
  0.44420273E+00 -0.69733874E-02 -0.46212340E-02  0.67805018E-03
  0.44489463E+00 -0.69730536E-02 -0.46601523E-02  0.10030063E-02
  0.44558654E+00 -0.69727038E-02 -0.46996127E-02  0.13279495E-02
  0.44627844E+00 -0.69723418E-02 -0.47396036E-02  0.16528539E-02
  0.44697035E+00 -0.69719714E-02 -0.47801129E-02  0.19776941E-02
  0.44766225E+00 -0.69715963E-02 -0.48211284E-02  0.23024444E-02
  0.44835415E+00 -0.69712203E-02 -0.48626372E-02  0.26270794E-02
  0.44904606E+00 -0.69708470E-02 -0.49046261E-02  0.29515733E-02
  0.44973796E+00 -0.69704797E-02 -0.49470817E-02  0.32759009E-02
  0.45042987E+00 -0.69701220E-02 -0.49899902E-02  0.36000366E-02
  0.45112177E+00 -0.69697771E-02 -0.50333373E-02  0.39239551E-02
  0.45181368E+00 -0.69694483E-02 -0.50771085E-02  0.42476312E-02
  0.45250558E+00 -0.69691388E-02 -0.51212890E-02  0.45710396E-02
  0.45319749E+00 -0.69688515E-02 -0.51658638E-02  0.48941551E-02
  0.45388939E+00 -0.69685896E-02 -0.52108173E-02  0.52169529E-02
  0.45458130E+00 -0.69683557E-02 -0.52561339E-02  0.55394080E-02
  0.45527320E+00 -0.69681527E-02 -0.53017975E-02  0.58614956E-02
  0.45596510E+00 -0.69679832E-02 -0.53477921E-02  0.61831911E-02
  0.45665701E+00 -0.69678498E-02 -0.53941011E-02  0.65044699E-02
  0.45734891E+00 -0.69677549E-02 -0.54407077E-02  0.68253077E-02
  0.45804082E+00 -0.69677008E-02 -0.54875951E-02  0.71456803E-02
  0.45873272E+00 -0.69676898E-02 -0.55347460E-02  0.74655635E-02
  0.45942463E+00 -0.69677241E-02 -0.55821432E-02  0.77849335E-02
  0.46011653E+00 -0.69678055E-02 -0.56297691E-02  0.81037666E-02
  0.46080844E+00 -0.69679360E-02 -0.56776061E-02  0.84220391E-02
  0.46150034E+00 -0.69681173E-02 -0.57256361E-02  0.87397279E-02
  0.46219225E+00 -0.69683512E-02 -0.57738413E-02  0.90568096E-02
  0.46288415E+00 -0.69686392E-02 -0.58222034E-02  0.93732614E-02
  0.46357606E+00 -0.69689826E-02 -0.58707041E-02  0.96890604E-02
  0.46426796E+00 -0.69693828E-02 -0.59193252E-02  0.10004184E-01
  0.46495986E+00 -0.69698410E-02 -0.59680480E-02  0.10318611E-01
  0.46565177E+00 -0.69703582E-02 -0.60168541E-02  0.10632317E-01
  0.46634367E+00 -0.69709354E-02 -0.60657248E-02  0.10945283E-01
  0.46703558E+00 -0.69715734E-02 -0.61146413E-02  0.11257485E-01
  0.46772748E+00 -0.69722728E-02 -0.61635850E-02  0.11568903E-01
  0.46841939E+00 -0.69730342E-02 -0.62125370E-02  0.11879515E-01
  0.46911129E+00 -0.69738582E-02 -0.62614785E-02  0.12189302E-01
  0.46980320E+00 -0.69747449E-02 -0.63103908E-02  0.12498241E-01
  0.47049510E+00 -0.69756946E-02 -0.63592551E-02  0.12806313E-01
  0.47118701E+00 -0.69767074E-02 -0.64080525E-02  0.13113499E-01
  0.47187891E+00 -0.69777831E-02 -0.64567643E-02  0.13419777E-01
  0.47257081E+00 -0.69789217E-02 -0.65053719E-02  0.13725129E-01
  0.47326272E+00 -0.69801227E-02 -0.65538565E-02  0.14029535E-01
  0.47395462E+00 -0.69813858E-02 -0.66021997E-02  0.14332978E-01
  0.47464653E+00 -0.69827104E-02 -0.66503828E-02  0.14635437E-01
  0.47533843E+00 -0.69840958E-02 -0.66983876E-02  0.14936895E-01
  0.47603034E+00 -0.69855411E-02 -0.67461957E-02  0.15237334E-01
  0.47672224E+00 -0.69870455E-02 -0.67937890E-02  0.15536735E-01
  0.47741415E+00 -0.69886079E-02 -0.68411495E-02  0.15835083E-01
  0.47810605E+00 -0.69902270E-02 -0.68882592E-02  0.16132359E-01
  0.47879796E+00 -0.69919017E-02 -0.69351004E-02  0.16428548E-01
  0.47948986E+00 -0.69936304E-02 -0.69816556E-02  0.16723631E-01
  0.48018176E+00 -0.69954116E-02 -0.70279074E-02  0.17017595E-01
  0.48087367E+00 -0.69972436E-02 -0.70738386E-02  0.17310421E-01
  0.48156557E+00 -0.69991246E-02 -0.71194322E-02  0.17602096E-01
  0.48225748E+00 -0.70010527E-02 -0.71646714E-02  0.17892604E-01
  0.48294938E+00 -0.70030260E-02 -0.72095397E-02  0.18181930E-01
  0.48364129E+00 -0.70050422E-02 -0.72540208E-02  0.18470059E-01
  0.48433319E+00 -0.70070990E-02 -0.72980985E-02  0.18756978E-01
  0.48502510E+00 -0.70091942E-02 -0.73417571E-02  0.19042673E-01
  0.48571700E+00 -0.70113252E-02 -0.73849811E-02  0.19327129E-01
  0.48640891E+00 -0.70134894E-02 -0.74277551E-02  0.19610333E-01
  0.48710081E+00 -0.70156842E-02 -0.74700642E-02  0.19892274E-01
  0.48779271E+00 -0.70179066E-02 -0.75118936E-02  0.20172938E-01
  0.48848462E+00 -0.70201538E-02 -0.75532290E-02  0.20452312E-01
  0.48917652E+00 -0.70224228E-02 -0.75940563E-02  0.20730385E-01
  0.48986843E+00 -0.70247105E-02 -0.76343616E-02  0.21007145E-01
  0.49056033E+00 -0.70270135E-02 -0.76741317E-02  0.21282581E-01
  0.49125224E+00 -0.70293287E-02 -0.77133533E-02  0.21556681E-01
  0.49194414E+00 -0.70316525E-02 -0.77520138E-02  0.21829436E-01
  0.49263605E+00 -0.70339815E-02 -0.77901006E-02  0.22100833E-01
  0.49332795E+00 -0.70363120E-02 -0.78276018E-02  0.22370864E-01
  0.49401986E+00 -0.70386404E-02 -0.78645057E-02  0.22639518E-01
  0.49471176E+00 -0.70409629E-02 -0.79008009E-02  0.22906786E-01
  0.49540366E+00 -0.70432755E-02 -0.79364765E-02  0.23172658E-01
  0.49609557E+00 -0.70455744E-02 -0.79715219E-02  0.23437125E-01
  0.49678747E+00 -0.70478555E-02 -0.80059271E-02  0.23700179E-01
  0.49747938E+00 -0.70501147E-02 -0.80396821E-02  0.23961811E-01
  0.49817128E+00 -0.70523479E-02 -0.80727776E-02  0.24222013E-01
  0.49886319E+00 -0.70545507E-02 -0.81052047E-02  0.24480777E-01
  0.49955509E+00 -0.70567188E-02 -0.81369548E-02  0.24738094E-01
  0.50024700E+00 -0.70588478E-02 -0.81680196E-02  0.24993959E-01
  0.50093890E+00 -0.70609333E-02 -0.81983916E-02  0.25248362E-01
  0.50163081E+00 -0.70629707E-02 -0.82280632E-02  0.25501298E-01
  0.50232271E+00 -0.70649555E-02 -0.82570276E-02  0.25752760E-01
  0.50301461E+00 -0.70668829E-02 -0.82852784E-02  0.26002741E-01
  0.50370652E+00 -0.70687484E-02 -0.83128094E-02  0.26251234E-01
  0.50439842E+00 -0.70705470E-02 -0.83396150E-02  0.26498234E-01
  0.50509033E+00 -0.70722742E-02 -0.83656900E-02  0.26743735E-01
  0.50578223E+00 -0.70739249E-02 -0.83910296E-02  0.26987731E-01
  0.50647414E+00 -0.70754944E-02 -0.84156295E-02  0.27230216E-01
  0.50716604E+00 -0.70769776E-02 -0.84394856E-02  0.27471185E-01
  0.50785795E+00 -0.70783696E-02 -0.84625946E-02  0.27710632E-01
  0.50854985E+00 -0.70796655E-02 -0.84849534E-02  0.27948554E-01
  0.50924176E+00 -0.70808601E-02 -0.85065592E-02  0.28184944E-01
  0.50993366E+00 -0.70819485E-02 -0.85274099E-02  0.28419798E-01
  0.51062557E+00 -0.70829255E-02 -0.85475037E-02  0.28653112E-01
  0.51131747E+00 -0.70837861E-02 -0.85668393E-02  0.28884881E-01
  0.51200937E+00 -0.70845251E-02 -0.85854157E-02  0.29115100E-01
  0.51270128E+00 -0.70851373E-02 -0.86032323E-02  0.29343765E-01
  0.51339318E+00 -0.70856177E-02 -0.86202891E-02  0.29570872E-01
  0.51408509E+00 -0.70859611E-02 -0.86365863E-02  0.29796418E-01
  0.51477699E+00 -0.70861622E-02 -0.86521248E-02  0.30020397E-01
  0.51546890E+00 -0.70862160E-02 -0.86669055E-02  0.30242806E-01
  0.51616080E+00 -0.70861172E-02 -0.86809302E-02  0.30463642E-01
  0.51685271E+00 -0.70858607E-02 -0.86942006E-02  0.30682900E-01
  0.51754461E+00 -0.70854413E-02 -0.87067191E-02  0.30900576E-01
  0.51823652E+00 -0.70848539E-02 -0.87184884E-02  0.31116667E-01
  0.51892842E+00 -0.70840933E-02 -0.87295117E-02  0.31331168E-01
  0.51962032E+00 -0.70831544E-02 -0.87397924E-02  0.31544077E-01
  0.52031223E+00 -0.70820320E-02 -0.87493343E-02  0.31755390E-01
  0.52100413E+00 -0.70807212E-02 -0.87581417E-02  0.31965102E-01
  0.52169604E+00 -0.70792168E-02 -0.87662192E-02  0.32173210E-01
  0.52238794E+00 -0.70775139E-02 -0.87735716E-02  0.32379710E-01
  0.52307985E+00 -0.70756073E-02 -0.87802043E-02  0.32584598E-01
  0.52377175E+00 -0.70734921E-02 -0.87861229E-02  0.32787871E-01
  0.52446366E+00 -0.70711634E-02 -0.87913334E-02  0.32989524E-01
  0.52515556E+00 -0.70686163E-02 -0.87958420E-02  0.33189553E-01
  0.52584747E+00 -0.70658460E-02 -0.87996553E-02  0.33387954E-01
  0.52653937E+00 -0.70628475E-02 -0.88027803E-02  0.33584723E-01
  0.52723127E+00 -0.70596162E-02 -0.88052242E-02  0.33779855E-01
  0.52792318E+00 -0.70561474E-02 -0.88069943E-02  0.33973347E-01
  0.52861508E+00 -0.70524363E-02 -0.88080987E-02  0.34165193E-01
  0.52930699E+00 -0.70484784E-02 -0.88085452E-02  0.34355389E-01
  0.52999889E+00 -0.70442692E-02 -0.88083423E-02  0.34543930E-01
  0.53069080E+00 -0.70398041E-02 -0.88074984E-02  0.34730810E-01
  0.53138270E+00 -0.70350787E-02 -0.88060226E-02  0.34916025E-01
  0.53207461E+00 -0.70300887E-02 -0.88039237E-02  0.35099570E-01
  0.53276651E+00 -0.70248298E-02 -0.88012111E-02  0.35281438E-01
  0.53345842E+00 -0.70192977E-02 -0.87978943E-02  0.35461624E-01
  0.53415032E+00 -0.70134884E-02 -0.87939831E-02  0.35640121E-01
  0.53484222E+00 -0.70073977E-02 -0.87894873E-02  0.35816925E-01
  0.53553413E+00 -0.70010218E-02 -0.87844170E-02  0.35992028E-01
  0.53622603E+00 -0.69943566E-02 -0.87787826E-02  0.36165424E-01
  0.53691794E+00 -0.69873983E-02 -0.87725944E-02  0.36337105E-01
  0.53760984E+00 -0.69801433E-02 -0.87658631E-02  0.36507066E-01
  0.53830175E+00 -0.69725879E-02 -0.87585994E-02  0.36675297E-01
  0.53899365E+00 -0.69647284E-02 -0.87508141E-02  0.36841792E-01
  0.53968556E+00 -0.69565615E-02 -0.87425183E-02  0.37006543E-01
  0.54037746E+00 -0.69480838E-02 -0.87337231E-02  0.37169541E-01
  0.54106937E+00 -0.69392920E-02 -0.87244395E-02  0.37330778E-01
  0.54176127E+00 -0.69301829E-02 -0.87146791E-02  0.37490245E-01
  0.54245317E+00 -0.69207534E-02 -0.87044530E-02  0.37647933E-01
  0.54314508E+00 -0.69110005E-02 -0.86937728E-02  0.37803832E-01
  0.54383698E+00 -0.69009215E-02 -0.86826498E-02  0.37957933E-01
  0.54452889E+00 -0.68905134E-02 -0.86710957E-02  0.38110225E-01
  0.54522079E+00 -0.68797736E-02 -0.86591220E-02  0.38260699E-01
  0.54591270E+00 -0.68686996E-02 -0.86467403E-02  0.38409342E-01
  0.54660460E+00 -0.68572889E-02 -0.86339621E-02  0.38556144E-01
  0.54729651E+00 -0.68455392E-02 -0.86207990E-02  0.38701094E-01
  0.54798841E+00 -0.68334482E-02 -0.86072626E-02  0.38844180E-01
  0.54868032E+00 -0.68210138E-02 -0.85933645E-02  0.38985389E-01
  0.54937222E+00 -0.68082340E-02 -0.85791161E-02  0.39124708E-01
  0.55006413E+00 -0.67951070E-02 -0.85645288E-02  0.39262125E-01
  0.55075603E+00 -0.67816308E-02 -0.85496142E-02  0.39397627E-01
  0.55144793E+00 -0.67678040E-02 -0.85343835E-02  0.39531199E-01
  0.55213984E+00 -0.67536249E-02 -0.85188479E-02  0.39662827E-01
  0.55283174E+00 -0.67390920E-02 -0.85030187E-02  0.39792498E-01
  0.55352365E+00 -0.67242042E-02 -0.84869068E-02  0.39920195E-01
  0.55421555E+00 -0.67089603E-02 -0.84705233E-02  0.40045903E-01
  0.55490746E+00 -0.66933590E-02 -0.84538789E-02  0.40169607E-01
  0.55559936E+00 -0.66773996E-02 -0.84369843E-02  0.40291291E-01
  0.55629127E+00 -0.66610812E-02 -0.84198501E-02  0.40410937E-01
  0.55698317E+00 -0.66444031E-02 -0.84024866E-02  0.40528530E-01
  0.55767508E+00 -0.66273647E-02 -0.83849042E-02  0.40644051E-01
  0.55836698E+00 -0.66099655E-02 -0.83671128E-02  0.40757482E-01
  0.55905888E+00 -0.65922052E-02 -0.83491223E-02  0.40868807E-01
  0.55975079E+00 -0.65740837E-02 -0.83309425E-02  0.40978005E-01
  0.56044269E+00 -0.65556008E-02 -0.83125827E-02  0.41085057E-01
  0.56113460E+00 -0.65367565E-02 -0.82940524E-02  0.41189946E-01
  0.56182650E+00 -0.65175510E-02 -0.82753604E-02  0.41292649E-01
  0.56251841E+00 -0.64979846E-02 -0.82565158E-02  0.41393148E-01
  0.56321031E+00 -0.64780576E-02 -0.82375270E-02  0.41491421E-01
  0.56390222E+00 -0.64577707E-02 -0.82184025E-02  0.41587448E-01
  0.56459412E+00 -0.64371244E-02 -0.81991504E-02  0.41681207E-01
  0.56528603E+00 -0.64161194E-02 -0.81797784E-02  0.41772675E-01
  0.56597793E+00 -0.63947568E-02 -0.81602943E-02  0.41861832E-01
  0.56666983E+00 -0.63730374E-02 -0.81407052E-02  0.41948653E-01
  0.56736174E+00 -0.63509625E-02 -0.81210184E-02  0.42033116E-01
  0.56805364E+00 -0.63285331E-02 -0.81012404E-02  0.42115199E-01
  0.56874555E+00 -0.63057508E-02 -0.80813779E-02  0.42194875E-01
  0.56943745E+00 -0.62826169E-02 -0.80614369E-02  0.42272123E-01
  0.57012936E+00 -0.62591331E-02 -0.80414234E-02  0.42346916E-01
  0.57082126E+00 -0.62353010E-02 -0.80213428E-02  0.42419230E-01
  0.57151317E+00 -0.62111224E-02 -0.80012006E-02  0.42489040E-01
  0.57220507E+00 -0.61865994E-02 -0.79810015E-02  0.42556321E-01
  0.57289698E+00 -0.61617338E-02 -0.79607502E-02  0.42621045E-01
  0.57358888E+00 -0.61365280E-02 -0.79404511E-02  0.42683188E-01
  0.57428078E+00 -0.61109840E-02 -0.79201080E-02  0.42742722E-01
  0.57497269E+00 -0.60851044E-02 -0.78997246E-02  0.42799620E-01
  0.57566459E+00 -0.60588915E-02 -0.78793042E-02  0.42853855E-01
  0.57635650E+00 -0.60323479E-02 -0.78588497E-02  0.42905400E-01
  0.57704840E+00 -0.60054763E-02 -0.78383638E-02  0.42954227E-01
  0.57774031E+00 -0.59782795E-02 -0.78178488E-02  0.43000307E-01
  0.57843221E+00 -0.59507603E-02 -0.77973065E-02  0.43043613E-01
  0.57912412E+00 -0.59229217E-02 -0.77767386E-02  0.43084116E-01
  0.57981602E+00 -0.58947669E-02 -0.77561462E-02  0.43121787E-01
  0.58050793E+00 -0.58662988E-02 -0.77355303E-02  0.43156596E-01
  0.58119983E+00 -0.58375209E-02 -0.77148914E-02  0.43188515E-01
  0.58189173E+00 -0.58084364E-02 -0.76942298E-02  0.43217514E-01
  0.58258364E+00 -0.57790488E-02 -0.76735451E-02  0.43243563E-01
  0.58327554E+00 -0.57493616E-02 -0.76528370E-02  0.43266633E-01
  0.58396745E+00 -0.57193784E-02 -0.76321045E-02  0.43286693E-01
  0.58465935E+00 -0.56891029E-02 -0.76113465E-02  0.43303713E-01
  0.58535126E+00 -0.56585388E-02 -0.75905614E-02  0.43317663E-01
  0.58604316E+00 -0.56276899E-02 -0.75697472E-02  0.43328513E-01
  0.58673507E+00 -0.55965603E-02 -0.75489019E-02  0.43336231E-01
  0.58742697E+00 -0.55651539E-02 -0.75280227E-02  0.43340788E-01
  0.58811888E+00 -0.55334748E-02 -0.75071068E-02  0.43342152E-01
  0.58881078E+00 -0.55015270E-02 -0.74861510E-02  0.43340292E-01
  0.58950268E+00 -0.54693148E-02 -0.74651516E-02  0.43335179E-01
  0.59019459E+00 -0.54368424E-02 -0.74441047E-02  0.43326780E-01
  0.59088649E+00 -0.54041143E-02 -0.74230061E-02  0.43315065E-01
  0.59157840E+00 -0.53711346E-02 -0.74018512E-02  0.43300004E-01
  0.59227030E+00 -0.53379080E-02 -0.73806353E-02  0.43281564E-01
  0.59296221E+00 -0.53044388E-02 -0.73593531E-02  0.43259716E-01
  0.59365411E+00 -0.52707317E-02 -0.73379991E-02  0.43234429E-01
  0.59434602E+00 -0.52367912E-02 -0.73165676E-02  0.43205672E-01
  0.59503792E+00 -0.52026219E-02 -0.72950525E-02  0.43173414E-01
  0.59572983E+00 -0.51682286E-02 -0.72734474E-02  0.43137625E-01
  0.59642173E+00 -0.51336160E-02 -0.72517457E-02  0.43098274E-01
  0.59711364E+00 -0.50987887E-02 -0.72299405E-02  0.43055332E-01
  0.59780554E+00 -0.50637518E-02 -0.72080246E-02  0.43008768E-01
  0.59849744E+00 -0.50285098E-02 -0.71859906E-02  0.42958552E-01
  0.59918935E+00 -0.49930679E-02 -0.71638308E-02  0.42904655E-01
  0.59988125E+00 -0.49574307E-02 -0.71415371E-02  0.42847048E-01
  0.60057316E+00 -0.49216033E-02 -0.71191016E-02  0.42785701E-01
  0.60126506E+00 -0.48855906E-02 -0.70965156E-02  0.42720585E-01
  0.60195697E+00 -0.48493975E-02 -0.70737707E-02  0.42651671E-01
  0.60264887E+00 -0.48130291E-02 -0.70508580E-02  0.42578932E-01
  0.60334078E+00 -0.47764903E-02 -0.70277683E-02  0.42502340E-01
  0.60403268E+00 -0.47397861E-02 -0.70044926E-02  0.42421866E-01
  0.60472459E+00 -0.47029215E-02 -0.69810213E-02  0.42337483E-01
  0.60541649E+00 -0.46659017E-02 -0.69573448E-02  0.42249165E-01
  0.60610839E+00 -0.46287315E-02 -0.69334534E-02  0.42156886E-01
  0.60680030E+00 -0.45914161E-02 -0.69093372E-02  0.42060618E-01
  0.60749220E+00 -0.45539604E-02 -0.68849860E-02  0.41960337E-01
  0.60818411E+00 -0.45163695E-02 -0.68603896E-02  0.41856018E-01
  0.60887601E+00 -0.44786484E-02 -0.68355378E-02  0.41747635E-01
  0.60956792E+00 -0.44408021E-02 -0.68104199E-02  0.41635165E-01
  0.61025982E+00 -0.44028356E-02 -0.67850255E-02  0.41518584E-01
  0.61095173E+00 -0.43647539E-02 -0.67593439E-02  0.41397869E-01
  0.61164363E+00 -0.43265620E-02 -0.67333643E-02  0.41272997E-01
  0.61233554E+00 -0.42882648E-02 -0.67070760E-02  0.41143948E-01
  0.61302744E+00 -0.42498672E-02 -0.66804679E-02  0.41010699E-01
  0.61371934E+00 -0.42113742E-02 -0.66535292E-02  0.40873230E-01
  0.61441125E+00 -0.41727905E-02 -0.66262488E-02  0.40731521E-01
  0.61510315E+00 -0.41341212E-02 -0.65986158E-02  0.40585552E-01
  0.61579506E+00 -0.40953709E-02 -0.65706190E-02  0.40435306E-01
  0.61648696E+00 -0.40565444E-02 -0.65422476E-02  0.40280764E-01
  0.61717887E+00 -0.40176466E-02 -0.65134903E-02  0.40121910E-01
  0.61787077E+00 -0.39786821E-02 -0.64843361E-02  0.39958726E-01
  0.61856268E+00 -0.39396555E-02 -0.64547741E-02  0.39791197E-01
  0.61925458E+00 -0.39005716E-02 -0.64247933E-02  0.39619309E-01
  0.61994649E+00 -0.38614348E-02 -0.63943826E-02  0.39443047E-01
  0.62063839E+00 -0.38222498E-02 -0.63635314E-02  0.39262399E-01
  0.62133029E+00 -0.37830209E-02 -0.63322287E-02  0.39077351E-01
  0.62202220E+00 -0.37437526E-02 -0.63004638E-02  0.38887893E-01
  0.62271410E+00 -0.37044493E-02 -0.62682261E-02  0.38694014E-01
  0.62340601E+00 -0.36651153E-02 -0.62355051E-02  0.38495704E-01
  0.62409791E+00 -0.36257549E-02 -0.62022904E-02  0.38292955E-01
  0.62478982E+00 -0.35863723E-02 -0.61685716E-02  0.38085758E-01
  0.62548172E+00 -0.35469715E-02 -0.61343386E-02  0.37874108E-01
  0.62617363E+00 -0.35075567E-02 -0.60995814E-02  0.37657997E-01
  0.62686553E+00 -0.34681319E-02 -0.60642902E-02  0.37437422E-01
  0.62755744E+00 -0.34287011E-02 -0.60284553E-02  0.37212378E-01
  0.62824934E+00 -0.33892680E-02 -0.59920672E-02  0.36982862E-01
  0.62894124E+00 -0.33498366E-02 -0.59551165E-02  0.36748873E-01
  0.62963315E+00 -0.33104105E-02 -0.59175942E-02  0.36510409E-01
  0.63032505E+00 -0.32709933E-02 -0.58794914E-02  0.36267472E-01
  0.63101696E+00 -0.32315888E-02 -0.58407993E-02  0.36020062E-01
  0.63170886E+00 -0.31922003E-02 -0.58015095E-02  0.35768181E-01
  0.63240077E+00 -0.31528313E-02 -0.57616139E-02  0.35511834E-01
  0.63309267E+00 -0.31134851E-02 -0.57211044E-02  0.35251024E-01
  0.63378458E+00 -0.30741651E-02 -0.56799733E-02  0.34985758E-01
  0.63447648E+00 -0.30348744E-02 -0.56382132E-02  0.34716043E-01
  0.63516839E+00 -0.29956160E-02 -0.55958169E-02  0.34441886E-01
  0.63586029E+00 -0.29563930E-02 -0.55527775E-02  0.34163296E-01
  0.63655219E+00 -0.29172084E-02 -0.55090886E-02  0.33880285E-01
  0.63724410E+00 -0.28780649E-02 -0.54647436E-02  0.33592863E-01
  0.63793600E+00 -0.28389654E-02 -0.54197368E-02  0.33301043E-01
  0.63862791E+00 -0.27999125E-02 -0.53740623E-02  0.33004839E-01
  0.63931981E+00 -0.27609087E-02 -0.53277150E-02  0.32704266E-01
  0.64001172E+00 -0.27219566E-02 -0.52806897E-02  0.32399340E-01
  0.64070362E+00 -0.26830585E-02 -0.52329819E-02  0.32090080E-01
  0.64139553E+00 -0.26442167E-02 -0.51845871E-02  0.31776502E-01
  0.64208743E+00 -0.26054336E-02 -0.51355015E-02  0.31458629E-01
  0.64277934E+00 -0.25667111E-02 -0.50857213E-02  0.31136479E-01
  0.64347124E+00 -0.25280512E-02 -0.50352435E-02  0.30810077E-01
  0.64416315E+00 -0.24894560E-02 -0.49840650E-02  0.30479445E-01
  0.64485505E+00 -0.24509273E-02 -0.49321833E-02  0.30144609E-01
  0.64554695E+00 -0.24124668E-02 -0.48795964E-02  0.29805594E-01
  0.64623886E+00 -0.23740761E-02 -0.48263026E-02  0.29462428E-01
  0.64693076E+00 -0.23357568E-02 -0.47723003E-02  0.29115139E-01
  0.64762267E+00 -0.22975103E-02 -0.47175888E-02  0.28763757E-01
  0.64831457E+00 -0.22593381E-02 -0.46621674E-02  0.28408314E-01
  0.64900648E+00 -0.22212413E-02 -0.46060360E-02  0.28048840E-01
  0.64969838E+00 -0.21832212E-02 -0.45491948E-02  0.27685371E-01
  0.65039029E+00 -0.21452788E-02 -0.44916444E-02  0.27317940E-01
  0.65108219E+00 -0.21074150E-02 -0.44333860E-02  0.26946584E-01
  0.65177410E+00 -0.20696309E-02 -0.43744209E-02  0.26571339E-01
  0.65246600E+00 -0.20319271E-02 -0.43147511E-02  0.26192245E-01
  0.65315790E+00 -0.19943043E-02 -0.42543788E-02  0.25809340E-01
  0.65384981E+00 -0.19567632E-02 -0.41933067E-02  0.25422667E-01
  0.65454171E+00 -0.19193043E-02 -0.41315381E-02  0.25032265E-01
  0.65523362E+00 -0.18819279E-02 -0.40690763E-02  0.24638180E-01
  0.65592552E+00 -0.18446345E-02 -0.40059254E-02  0.24240455E-01
  0.65661743E+00 -0.18074241E-02 -0.39420897E-02  0.23839137E-01
  0.65730933E+00 -0.17702970E-02 -0.38775740E-02  0.23434271E-01
  0.65800124E+00 -0.17332532E-02 -0.38123835E-02  0.23025905E-01
  0.65869314E+00 -0.16962927E-02 -0.37465238E-02  0.22614090E-01
  0.65938505E+00 -0.16594153E-02 -0.36800010E-02  0.22198875E-01
  0.66007695E+00 -0.16226208E-02 -0.36128214E-02  0.21780311E-01
  0.66076885E+00 -0.15859089E-02 -0.35449919E-02  0.21358452E-01
  0.66146076E+00 -0.15492792E-02 -0.34765198E-02  0.20933350E-01
  0.66215266E+00 -0.15127313E-02 -0.34074126E-02  0.20505060E-01
  0.66284457E+00 -0.14762645E-02 -0.33376784E-02  0.20073639E-01
  0.66353647E+00 -0.14398782E-02 -0.32673257E-02  0.19639142E-01
  0.66422838E+00 -0.14035717E-02 -0.31963633E-02  0.19201629E-01
  0.66492028E+00 -0.13673442E-02 -0.31248004E-02  0.18761157E-01
  0.66561219E+00 -0.13311948E-02 -0.30526465E-02  0.18317787E-01
  0.66630409E+00 -0.12951226E-02 -0.29799117E-02  0.17871580E-01
  0.66699600E+00 -0.12591264E-02 -0.29066062E-02  0.17422597E-01
  0.66768790E+00 -0.12232052E-02 -0.28327408E-02  0.16970902E-01
  0.66837980E+00 -0.11873578E-02 -0.27583266E-02  0.16516559E-01
  0.66907171E+00 -0.11515830E-02 -0.26833750E-02  0.16059631E-01
  0.66976361E+00 -0.11158793E-02 -0.26078976E-02  0.15600186E-01
  0.67045552E+00 -0.10802454E-02 -0.25319067E-02  0.15138289E-01
  0.67114742E+00 -0.10446799E-02 -0.24554146E-02  0.14674008E-01
  0.67183933E+00 -0.10091811E-02 -0.23784342E-02  0.14207411E-01
  0.67253123E+00 -0.97374756E-03 -0.23009784E-02  0.13738567E-01
  0.67322314E+00 -0.93837754E-03 -0.22230608E-02  0.13267546E-01
  0.67391504E+00 -0.90306934E-03 -0.21446949E-02  0.12794418E-01
  0.67460695E+00 -0.86782118E-03 -0.20658947E-02  0.12319256E-01
  0.67529885E+00 -0.83263123E-03 -0.19866746E-02  0.11842132E-01
  0.67599075E+00 -0.79749760E-03 -0.19070491E-02  0.11363117E-01
  0.67668266E+00 -0.76241835E-03 -0.18270330E-02  0.10882286E-01
  0.67737456E+00 -0.72739148E-03 -0.17466412E-02  0.10399713E-01
  0.67806647E+00 -0.69241495E-03 -0.16658893E-02  0.99154725E-02
  0.67875837E+00 -0.65748668E-03 -0.15847927E-02  0.94296400E-02
  0.67945028E+00 -0.62260454E-03 -0.15033672E-02  0.89422916E-02
  0.68014218E+00 -0.58776634E-03 -0.14216287E-02  0.84535037E-02
  0.68083409E+00 -0.55296988E-03 -0.13395936E-02  0.79633535E-02
  0.68152599E+00 -0.51821289E-03 -0.12572782E-02  0.74719184E-02
  0.68221790E+00 -0.48349309E-03 -0.11746991E-02  0.69792765E-02
  0.68290980E+00 -0.44880816E-03 -0.10918731E-02  0.64855063E-02
  0.68360171E+00 -0.41415573E-03 -0.10088171E-02  0.59906866E-02
  0.68429361E+00 -0.37953343E-03 -0.92554815E-03  0.54948967E-02
  0.68498551E+00 -0.34493883E-03 -0.84208352E-03  0.49982162E-02
  0.68567742E+00 -0.31036951E-03 -0.75844055E-03  0.45007250E-02
  0.68636932E+00 -0.27582299E-03 -0.67463673E-03  0.40025034E-02
  0.68706123E+00 -0.24129680E-03 -0.59068963E-03  0.35036319E-02
  0.68775313E+00 -0.20678843E-03 -0.50661694E-03  0.30041912E-02
  0.68844504E+00 -0.17229536E-03 -0.42243641E-03  0.25042623E-02
  0.68913694E+00 -0.13781508E-03 -0.33816588E-03  0.20039263E-02
  0.68982885E+00 -0.10334502E-03 -0.25382324E-03  0.15032644E-02
  0.69052075E+00 -0.68882652E-04 -0.16942645E-03  0.10023581E-02
  0.69121266E+00 -0.34425401E-04 -0.84993473E-04  0.50128893E-03
  0.69190436E+00  0.29290648E-07 -0.54231801E-06  0.13833741E-06
  0.69259606E+00  0.43166713E-03 -0.16726934E-03  0.13452578E-06
  0.69328776E+00  0.86324204E-03 -0.33399700E-03  0.13065484E-06
  0.69397946E+00  0.12946908E-02 -0.50072632E-03  0.12672546E-06
  0.69467116E+00  0.17259504E-02 -0.66745827E-03  0.12273845E-06
  0.69536286E+00  0.21569576E-02 -0.83419383E-03  0.11869494E-06
  0.69605456E+00  0.25876496E-02 -0.10009340E-02  0.11459609E-06
  0.69674626E+00  0.30179634E-02 -0.11676796E-02  0.11044325E-06
  0.69743797E+00  0.34478363E-02 -0.13344316E-02  0.10623779E-06
  0.69812967E+00  0.38772059E-02 -0.15011910E-02  0.10198130E-06
  0.69882137E+00  0.43060096E-02 -0.16679585E-02  0.97675390E-07
  0.69951307E+00  0.47341853E-02 -0.18347350E-02  0.93321915E-07
  0.70020477E+00  0.51616711E-02 -0.20015211E-02  0.88922758E-07
  0.70089647E+00  0.55884053E-02 -0.21683178E-02  0.84479932E-07
  0.70158817E+00  0.60143264E-02 -0.23351256E-02  0.79995671E-07
  0.70227987E+00  0.64393732E-02 -0.25019451E-02  0.75472106E-07
  0.70297158E+00  0.68634850E-02 -0.26687770E-02  0.70911744E-07
  0.70366328E+00  0.72866012E-02 -0.28356216E-02  0.66316956E-07
  0.70435498E+00  0.77086617E-02 -0.30024795E-02  0.61690470E-07
  0.70504668E+00  0.81296066E-02 -0.31693510E-02  0.57034960E-07
  0.70573838E+00  0.85493768E-02 -0.33362365E-02  0.52353163E-07
  0.70643008E+00  0.89679131E-02 -0.35031360E-02  0.47648027E-07
  0.70712178E+00  0.93851570E-02 -0.36700499E-02  0.42922712E-07
  0.70781348E+00  0.98010506E-02 -0.38369780E-02  0.38180162E-07
  0.70850518E+00  0.10215536E-01 -0.40039204E-02  0.33423689E-07
  0.70919689E+00  0.10628557E-01 -0.41708770E-02  0.28656567E-07
  0.70988859E+00  0.11040055E-01 -0.43378475E-02  0.23882251E-07
  0.71058029E+00  0.11449976E-01 -0.45048317E-02  0.19104120E-07
  0.71127199E+00  0.11858264E-01 -0.46718291E-02  0.14325854E-07
  0.71196369E+00  0.12264864E-01 -0.48388391E-02  0.95511184E-08
  0.71265539E+00  0.12669721E-01 -0.50058613E-02  0.47835788E-08
  0.71334709E+00  0.13072782E-01 -0.51728947E-02  0.27098582E-10
  0.71403879E+00  0.13473994E-01 -0.53399387E-02 -0.47144672E-08
  0.71473050E+00  0.13873304E-01 -0.55069922E-02 -0.94372204E-08
  0.71542220E+00  0.14270660E-01 -0.56740542E-02 -0.14137090E-07
  0.71611390E+00  0.14666011E-01 -0.58411234E-02 -0.18809992E-07
  0.71680560E+00  0.15059308E-01 -0.60081986E-02 -0.23451856E-07
  0.71749730E+00  0.15450499E-01 -0.61752783E-02 -0.28058470E-07
  0.71818900E+00  0.15839536E-01 -0.63423610E-02 -0.32625560E-07
  0.71888070E+00  0.16226371E-01 -0.65094449E-02 -0.37148942E-07
  0.71957240E+00  0.16610956E-01 -0.66765282E-02 -0.41624296E-07
  0.72026410E+00  0.16993245E-01 -0.68436090E-02 -0.46047235E-07
  0.72095581E+00  0.17373190E-01 -0.70106852E-02 -0.50413416E-07
  0.72164751E+00  0.17750748E-01 -0.71777545E-02 -0.54718397E-07
  0.72233921E+00  0.18125873E-01 -0.73448147E-02 -0.58957789E-07
  0.72303091E+00  0.18498522E-01 -0.75118631E-02 -0.63127178E-07
  0.72372261E+00  0.18868652E-01 -0.76788972E-02 -0.67222073E-07
  0.72441431E+00  0.19236221E-01 -0.78459141E-02 -0.71237985E-07
  0.72510601E+00  0.19601188E-01 -0.80129110E-02 -0.75170489E-07
  0.72579771E+00  0.19963512E-01 -0.81798847E-02 -0.79015103E-07
  0.72648942E+00  0.20323154E-01 -0.83468322E-02 -0.82767393E-07
  0.72718112E+00  0.20680076E-01 -0.85137499E-02 -0.86422872E-07
  0.72787282E+00  0.21034240E-01 -0.86806345E-02 -0.89977105E-07
  0.72856452E+00  0.21385608E-01 -0.88474822E-02 -0.93425722E-07
  0.72925622E+00  0.21734146E-01 -0.90142893E-02 -0.96764255E-07
  0.72994792E+00  0.22079817E-01 -0.91810518E-02 -0.99988414E-07
  0.73063962E+00  0.22422588E-01 -0.93477657E-02 -0.10309387E-06
  0.73133132E+00  0.22762426E-01 -0.95144267E-02 -0.10607626E-06
  0.73202303E+00  0.23099298E-01 -0.96810304E-02 -0.10893138E-06
  0.73271473E+00  0.23433173E-01 -0.98475723E-02 -0.11165507E-06
  0.73340643E+00  0.23764021E-01 -0.10014048E-01 -0.11424312E-06
  0.73409813E+00  0.24091811E-01 -0.10180452E-01 -0.11669150E-06
  0.73478983E+00  0.24416516E-01 -0.10346780E-01 -0.11899611E-06
  0.73548153E+00  0.24738107E-01 -0.10513026E-01 -0.12115298E-06
  0.73617323E+00  0.25056558E-01 -0.10679186E-01 -0.12315829E-06
  0.73686493E+00  0.25371844E-01 -0.10845254E-01 -0.12500822E-06
  0.73755663E+00  0.25683938E-01 -0.11011225E-01 -0.12669893E-06
  0.73824834E+00  0.25992819E-01 -0.11177092E-01 -0.12822690E-06
  0.73894004E+00  0.26298462E-01 -0.11342850E-01 -0.12958849E-06
  0.73963174E+00  0.26600846E-01 -0.11508493E-01 -0.13078019E-06
  0.74032344E+00  0.26899949E-01 -0.11674015E-01 -0.13179875E-06
  0.74101514E+00  0.27195752E-01 -0.11839410E-01 -0.13264078E-06
  0.74170684E+00  0.27488236E-01 -0.12004670E-01 -0.13330312E-06
  0.74239854E+00  0.27777382E-01 -0.12169791E-01 -0.13378280E-06
  0.74309024E+00  0.28063173E-01 -0.12334765E-01 -0.13407672E-06
  0.74378195E+00  0.28345593E-01 -0.12499585E-01 -0.13418214E-06
  0.74447365E+00  0.28624627E-01 -0.12664244E-01 -0.13409641E-06
  0.74516535E+00  0.28900260E-01 -0.12828736E-01 -0.13381675E-06
  0.74585705E+00  0.29172479E-01 -0.12993053E-01 -0.13334094E-06
  0.74654875E+00  0.29441271E-01 -0.13157188E-01 -0.13266646E-06
  0.74724045E+00  0.29706625E-01 -0.13321133E-01 -0.13179118E-06
  0.74793215E+00  0.29968531E-01 -0.13484882E-01 -0.13071310E-06
  0.74862385E+00  0.30226977E-01 -0.13648425E-01 -0.12943016E-06
  0.74931555E+00  0.30481957E-01 -0.13811757E-01 -0.12794073E-06
  0.75000726E+00  0.30733462E-01 -0.13974868E-01 -0.12624309E-06
  0.75069896E+00  0.30981485E-01 -0.14137751E-01 -0.12433583E-06
  0.75139066E+00  0.31226019E-01 -0.14300397E-01 -0.12221758E-06
  0.75208236E+00  0.31467061E-01 -0.14462799E-01 -0.11988712E-06
  0.75277406E+00  0.31704605E-01 -0.14624949E-01 -0.11734350E-06
  0.75346576E+00  0.31938649E-01 -0.14786837E-01 -0.11458584E-06
  0.75415746E+00  0.32169189E-01 -0.14948455E-01 -0.11161351E-06
  0.75484916E+00  0.32396225E-01 -0.15109795E-01 -0.10842590E-06
  0.75554087E+00  0.32619755E-01 -0.15270848E-01 -0.10502260E-06
  0.75623257E+00  0.32839780E-01 -0.15431605E-01 -0.10140350E-06
  0.75692427E+00  0.33056301E-01 -0.15592058E-01 -0.97568472E-07
  0.75761597E+00  0.33269320E-01 -0.15752196E-01 -0.93517746E-07
  0.75830767E+00  0.33478838E-01 -0.15912013E-01 -0.89251586E-07
  0.75899937E+00  0.33684861E-01 -0.16071497E-01 -0.84770509E-07
  0.75969107E+00  0.33887391E-01 -0.16230641E-01 -0.80075019E-07
  0.76038277E+00  0.34086435E-01 -0.16389434E-01 -0.75166149E-07
  0.76107447E+00  0.34281998E-01 -0.16547868E-01 -0.70044700E-07
  0.76176618E+00  0.34474087E-01 -0.16705934E-01 -0.64712017E-07
  0.76245788E+00  0.34662710E-01 -0.16863620E-01 -0.59169279E-07
  0.76314958E+00  0.34847874E-01 -0.17020919E-01 -0.53418178E-07
  0.76384128E+00  0.35029590E-01 -0.17177821E-01 -0.47460283E-07
  0.76453298E+00  0.35207865E-01 -0.17334315E-01 -0.41297589E-07
  0.76522468E+00  0.35382712E-01 -0.17490393E-01 -0.34932006E-07
  0.76591638E+00  0.35554142E-01 -0.17646044E-01 -0.28365705E-07
  0.76660808E+00  0.35722166E-01 -0.17801259E-01 -0.21601361E-07
  0.76729979E+00  0.35886797E-01 -0.17956027E-01 -0.14641268E-07
  0.76799149E+00  0.36048050E-01 -0.18110340E-01 -0.74883572E-08
  0.76868319E+00  0.36205936E-01 -0.18264187E-01 -0.14547449E-09
  0.76937489E+00  0.36360473E-01 -0.18417558E-01  0.73844187E-08
  0.77006659E+00  0.36511674E-01 -0.18570444E-01  0.15097944E-07
  0.77075829E+00  0.36659557E-01 -0.18722834E-01  0.22991672E-07
  0.77144999E+00  0.36804138E-01 -0.18874718E-01  0.31062067E-07
  0.77214169E+00  0.36945434E-01 -0.19026086E-01  0.39305323E-07
  0.77283340E+00  0.37083463E-01 -0.19176928E-01  0.47717673E-07
  0.77352510E+00  0.37218245E-01 -0.19327235E-01  0.56294838E-07
  0.77421680E+00  0.37349798E-01 -0.19476996E-01  0.65032793E-07
  0.77490850E+00  0.37478142E-01 -0.19626200E-01  0.73927028E-07
  0.77560020E+00  0.37603297E-01 -0.19774839E-01  0.82972980E-07
  0.77629190E+00  0.37725286E-01 -0.19922901E-01  0.92166113E-07
  0.77698360E+00  0.37844128E-01 -0.20070376E-01  0.10150156E-06
  0.77767530E+00  0.37959846E-01 -0.20217256E-01  0.11097433E-06
  0.77836700E+00  0.38072463E-01 -0.20363529E-01  0.12057923E-06
  0.77905871E+00  0.38182003E-01 -0.20509185E-01  0.13031106E-06
  0.77975041E+00  0.38288487E-01 -0.20654214E-01  0.14016451E-06
  0.78044211E+00  0.38391942E-01 -0.20798607E-01  0.15013396E-06
  0.78113381E+00  0.38492391E-01 -0.20942352E-01  0.16021384E-06
  0.78182551E+00  0.38589859E-01 -0.21085441E-01  0.17039845E-06
  0.78251721E+00  0.38684372E-01 -0.21227863E-01  0.18068176E-06
  0.78320891E+00  0.38775957E-01 -0.21369608E-01  0.19105776E-06
  0.78390061E+00  0.38864639E-01 -0.21510667E-01  0.20152056E-06
  0.78459232E+00  0.38950445E-01 -0.21651028E-01  0.21206376E-06
  0.78528402E+00  0.39033403E-01 -0.21790683E-01  0.22268105E-06
  0.78597572E+00  0.39113541E-01 -0.21929621E-01  0.23336612E-06
  0.78666742E+00  0.39190886E-01 -0.22067833E-01  0.24411245E-06
  0.78735912E+00  0.39265467E-01 -0.22205309E-01  0.25491336E-06
  0.78805082E+00  0.39337313E-01 -0.22342038E-01  0.26576215E-06
  0.78874252E+00  0.39406454E-01 -0.22478012E-01  0.27665222E-06
  0.78943422E+00  0.39472918E-01 -0.22613221E-01  0.28757672E-06
  0.79012592E+00  0.39536735E-01 -0.22747655E-01  0.29852870E-06
  0.79081763E+00  0.39597937E-01 -0.22881304E-01  0.30950108E-06
  0.79150933E+00  0.39656553E-01 -0.23014159E-01  0.32048707E-06
  0.79220103E+00  0.39712614E-01 -0.23146210E-01  0.33147937E-06
  0.79289273E+00  0.39766151E-01 -0.23277448E-01  0.34247107E-06
  0.79358443E+00  0.39817197E-01 -0.23407865E-01  0.35345497E-06
  0.79427613E+00  0.39865782E-01 -0.23537449E-01  0.36442385E-06
  0.79496783E+00  0.39911939E-01 -0.23666192E-01  0.37537033E-06
  0.79565953E+00  0.39955700E-01 -0.23794086E-01  0.38628742E-06
  0.79635124E+00  0.39997097E-01 -0.23921120E-01  0.39716774E-06
  0.79704294E+00  0.40036164E-01 -0.24047285E-01  0.40800399E-06
  0.79773464E+00  0.40072932E-01 -0.24172574E-01  0.41878897E-06
  0.79842634E+00  0.40107436E-01 -0.24296976E-01  0.42951518E-06
  0.79911804E+00  0.40139708E-01 -0.24420483E-01  0.44017553E-06
  0.79980974E+00  0.40169782E-01 -0.24543086E-01  0.45076266E-06
  0.80050144E+00  0.40197693E-01 -0.24664777E-01  0.46126940E-06
  0.80119314E+00  0.40223473E-01 -0.24785547E-01  0.47168831E-06
  0.80188484E+00  0.40247157E-01 -0.24905386E-01  0.48201235E-06
  0.80257655E+00  0.40268779E-01 -0.25024287E-01  0.49223429E-06
  0.80326825E+00  0.40288374E-01 -0.25142242E-01  0.50234703E-06
  0.80395995E+00  0.40305976E-01 -0.25259242E-01  0.51234337E-06
  0.80465165E+00  0.40321620E-01 -0.25375278E-01  0.52221631E-06
  0.80534335E+00  0.40335341E-01 -0.25490343E-01  0.53195886E-06
  0.80603505E+00  0.40347173E-01 -0.25604428E-01  0.54156417E-06
  0.80672675E+00  0.40357152E-01 -0.25717526E-01  0.55102521E-06
  0.80741845E+00  0.40365312E-01 -0.25829628E-01  0.56033532E-06
  0.80811016E+00  0.40371689E-01 -0.25940727E-01  0.56948784E-06
  0.80880186E+00  0.40376319E-01 -0.26050815E-01  0.57847601E-06
  0.80949356E+00  0.40379236E-01 -0.26159884E-01  0.58729331E-06
  0.81018526E+00  0.40380476E-01 -0.26267926E-01  0.59593347E-06
  0.81087696E+00  0.40380074E-01 -0.26374935E-01  0.60439001E-06
  0.81156866E+00  0.40378067E-01 -0.26480902E-01  0.61265672E-06
  0.81226036E+00  0.40374489E-01 -0.26585821E-01  0.62072749E-06
  0.81295206E+00  0.40369376E-01 -0.26689684E-01  0.62859645E-06
  0.81364377E+00  0.40362764E-01 -0.26792485E-01  0.63625754E-06
  0.81433547E+00  0.40354689E-01 -0.26894215E-01  0.64370522E-06
  0.81502717E+00  0.40345186E-01 -0.26994868E-01  0.65093368E-06
  0.81571887E+00  0.40334291E-01 -0.27094437E-01  0.65793755E-06
  0.81641057E+00  0.40322040E-01 -0.27192916E-01  0.66471167E-06
  0.81710227E+00  0.40308468E-01 -0.27290297E-01  0.67125055E-06
  0.81779397E+00  0.40293610E-01 -0.27386575E-01  0.67754942E-06
  0.81848567E+00  0.40277504E-01 -0.27481742E-01  0.68360339E-06
  0.81917737E+00  0.40260184E-01 -0.27575792E-01  0.68940767E-06
  0.81986908E+00  0.40241686E-01 -0.27668719E-01  0.69495777E-06
  0.82056078E+00  0.40222045E-01 -0.27760517E-01  0.70024939E-06
  0.82125248E+00  0.40201297E-01 -0.27851180E-01  0.70527823E-06
  0.82194418E+00  0.40179478E-01 -0.27940700E-01  0.71004045E-06
  0.82263588E+00  0.40156623E-01 -0.28029074E-01  0.71453212E-06
  0.82332758E+00  0.40132767E-01 -0.28116294E-01  0.71874968E-06
  0.82401928E+00  0.40107946E-01 -0.28202355E-01  0.72268963E-06
  0.82471098E+00  0.40082195E-01 -0.28287252E-01  0.72634886E-06
  0.82540269E+00  0.40055549E-01 -0.28370978E-01  0.72972409E-06
  0.82609439E+00  0.40028043E-01 -0.28453528E-01  0.73281270E-06
  0.82678609E+00  0.39999712E-01 -0.28534897E-01  0.73561198E-06
  0.82747779E+00  0.39970592E-01 -0.28615080E-01  0.73811953E-06
  0.82816949E+00  0.39940716E-01 -0.28694072E-01  0.74033311E-06
  0.82886119E+00  0.39910121E-01 -0.28771867E-01  0.74225076E-06
  0.82955289E+00  0.39878839E-01 -0.28848460E-01  0.74387065E-06
  0.83024459E+00  0.39846907E-01 -0.28923846E-01  0.74519116E-06
  0.83093629E+00  0.39814358E-01 -0.28998021E-01  0.74621115E-06
  0.83162800E+00  0.39781227E-01 -0.29070980E-01  0.74692934E-06
  0.83231970E+00  0.39747548E-01 -0.29142719E-01  0.74734481E-06
  0.83301140E+00  0.39713354E-01 -0.29213232E-01  0.74745708E-06
  0.83370310E+00  0.39678681E-01 -0.29282515E-01  0.74726554E-06
  0.83439480E+00  0.39643562E-01 -0.29350564E-01  0.74677005E-06
  0.83508650E+00  0.39608029E-01 -0.29417375E-01  0.74597053E-06
  0.83577820E+00  0.39572118E-01 -0.29482944E-01  0.74486733E-06
  0.83646990E+00  0.39535862E-01 -0.29547266E-01  0.74346098E-06
  0.83716161E+00  0.39499293E-01 -0.29610338E-01  0.74175209E-06
  0.83785331E+00  0.39462445E-01 -0.29672155E-01  0.73974167E-06
  0.83854501E+00  0.39425351E-01 -0.29732714E-01  0.73743082E-06
  0.83923671E+00  0.39388043E-01 -0.29792011E-01  0.73482105E-06
  0.83992841E+00  0.39350555E-01 -0.29850042E-01  0.73191403E-06
  0.84062011E+00  0.39312919E-01 -0.29906805E-01  0.72871168E-06
  0.84131181E+00  0.39275167E-01 -0.29962295E-01  0.72521598E-06
  0.84200351E+00  0.39237331E-01 -0.30016509E-01  0.72142927E-06
  0.84269521E+00  0.39199444E-01 -0.30069445E-01  0.71735444E-06
  0.84338692E+00  0.39161537E-01 -0.30121098E-01  0.71299396E-06
  0.84407862E+00  0.39123642E-01 -0.30171465E-01  0.70835094E-06
  0.84477032E+00  0.39085791E-01 -0.30220545E-01  0.70342872E-06
  0.84546202E+00  0.39048015E-01 -0.30268333E-01  0.69823075E-06
  0.84615372E+00  0.39010345E-01 -0.30314828E-01  0.69276100E-06
  0.84684542E+00  0.38972812E-01 -0.30360025E-01  0.68702308E-06
  0.84753712E+00  0.38935446E-01 -0.30403924E-01  0.68102123E-06
  0.84822882E+00  0.38898279E-01 -0.30446520E-01  0.67475993E-06
  0.84892053E+00  0.38861342E-01 -0.30487812E-01  0.66824379E-06
  0.84961223E+00  0.38824663E-01 -0.30527798E-01  0.66147747E-06
  0.85030393E+00  0.38788273E-01 -0.30566474E-01  0.65446626E-06
  0.85099563E+00  0.38752203E-01 -0.30603840E-01  0.64721513E-06
  0.85168733E+00  0.38716481E-01 -0.30639892E-01  0.63972961E-06
  0.85237903E+00  0.38681138E-01 -0.30674629E-01  0.63201541E-06
  0.85307073E+00  0.38646201E-01 -0.30708048E-01  0.62407826E-06
  0.85376243E+00  0.38611702E-01 -0.30740149E-01  0.61592428E-06
  0.85445413E+00  0.38577668E-01 -0.30770929E-01  0.60755953E-06
  0.85514584E+00  0.38544128E-01 -0.30800386E-01  0.59899063E-06
  0.85583754E+00  0.38511111E-01 -0.30828520E-01  0.59022408E-06
  0.85652924E+00  0.38478644E-01 -0.30855327E-01  0.58126666E-06
  0.85722094E+00  0.38446756E-01 -0.30880808E-01  0.57212508E-06
  0.85791264E+00  0.38415475E-01 -0.30904960E-01  0.56280680E-06
  0.85860434E+00  0.38384829E-01 -0.30927783E-01  0.55331884E-06
  0.85929604E+00  0.38354844E-01 -0.30949275E-01  0.54366871E-06
  0.85998774E+00  0.38325548E-01 -0.30969436E-01  0.53386400E-06
  0.86067945E+00  0.38296968E-01 -0.30988263E-01  0.52391241E-06
  0.86137115E+00  0.38269131E-01 -0.31005757E-01  0.51382189E-06
  0.86206285E+00  0.38242064E-01 -0.31021917E-01  0.50360027E-06
  0.86275455E+00  0.38215792E-01 -0.31036741E-01  0.49325584E-06
  0.86344625E+00  0.38190342E-01 -0.31050230E-01  0.48279682E-06
  0.86413795E+00  0.38165739E-01 -0.31062382E-01  0.47223162E-06
  0.86482965E+00  0.38142010E-01 -0.31073197E-01  0.46156864E-06
  0.86552135E+00  0.38119180E-01 -0.31082675E-01  0.45081673E-06
  0.86621306E+00  0.38097274E-01 -0.31090815E-01  0.43998427E-06
  0.86690476E+00  0.38076317E-01 -0.31097618E-01  0.42908024E-06
  0.86759646E+00  0.38056334E-01 -0.31103082E-01  0.41811353E-06
  0.86828816E+00  0.38037350E-01 -0.31107209E-01  0.40709320E-06
  0.86897986E+00  0.38019389E-01 -0.31109998E-01  0.39602809E-06
  0.86967156E+00  0.38002474E-01 -0.31111449E-01  0.38492739E-06
  0.87036326E+00  0.37986631E-01 -0.31111563E-01  0.37380046E-06
  0.87105496E+00  0.37971882E-01 -0.31110339E-01  0.36265628E-06
  0.87174666E+00  0.37958251E-01 -0.31107779E-01  0.35150439E-06
  0.87243837E+00  0.37945761E-01 -0.31103882E-01  0.34035393E-06
  0.87313007E+00  0.37934436E-01 -0.31098649E-01  0.32921433E-06
  0.87382177E+00  0.37924297E-01 -0.31092082E-01  0.31809503E-06
  0.87451347E+00  0.37915368E-01 -0.31084180E-01  0.30700543E-06
  0.87520517E+00  0.37907670E-01 -0.31074944E-01  0.29595489E-06
  0.87589687E+00  0.37901227E-01 -0.31064376E-01  0.28495291E-06
  0.87658857E+00  0.37896058E-01 -0.31052477E-01  0.27400885E-06
  0.87728027E+00  0.37892187E-01 -0.31039247E-01  0.26313239E-06
  0.87797198E+00  0.37889634E-01 -0.31024687E-01  0.25233248E-06
  0.87866368E+00  0.37888421E-01 -0.31008800E-01  0.24161891E-06
  0.87935538E+00  0.37888568E-01 -0.30991587E-01  0.23100092E-06
  0.88004708E+00  0.37890095E-01 -0.30973048E-01  0.22048782E-06
  0.88073878E+00  0.37893025E-01 -0.30953185E-01  0.21008889E-06
  0.88143048E+00  0.37897375E-01 -0.30932001E-01  0.19981341E-06
  0.88212218E+00  0.37903167E-01 -0.30909497E-01  0.18967045E-06
  0.88281388E+00  0.37910420E-01 -0.30885675E-01  0.17966917E-06
  0.88350558E+00  0.37919154E-01 -0.30860536E-01  0.16981872E-06
  0.88419729E+00  0.37929387E-01 -0.30834083E-01  0.16012771E-06
  0.88488899E+00  0.37941138E-01 -0.30806318E-01  0.15060540E-06
  0.88558069E+00  0.37954427E-01 -0.30777243E-01  0.14126046E-06
  0.88627239E+00  0.37969271E-01 -0.30746860E-01  0.13210130E-06
  0.88696409E+00  0.37985689E-01 -0.30715173E-01  0.12313685E-06
  0.88765579E+00  0.38003699E-01 -0.30682182E-01  0.11437529E-06
  0.88834749E+00  0.38023318E-01 -0.30647892E-01  0.10582517E-06
  0.88903919E+00  0.38044564E-01 -0.30612305E-01  0.97494452E-07
  0.88973090E+00  0.38067454E-01 -0.30575423E-01  0.89391233E-07
  0.89042260E+00  0.38092005E-01 -0.30537250E-01  0.81523554E-07
  0.89111430E+00  0.38118234E-01 -0.30497788E-01  0.73899190E-07
  0.89180600E+00  0.38146156E-01 -0.30457041E-01  0.66525485E-07
  0.89249770E+00  0.38175789E-01 -0.30415012E-01  0.59410218E-07
  0.89318940E+00  0.38207149E-01 -0.30371704E-01  0.52560493E-07
  0.89388110E+00  0.38240250E-01 -0.30327121E-01  0.45983587E-07
  0.89457280E+00  0.38275109E-01 -0.30281266E-01  0.39686203E-07
  0.89526450E+00  0.38311740E-01 -0.30234143E-01  0.33675193E-07
  0.89595621E+00  0.38350159E-01 -0.30185756E-01  0.27957068E-07
  0.89664791E+00  0.38390379E-01 -0.30136108E-01  0.22538318E-07
  0.89733961E+00  0.38432417E-01 -0.30085204E-01  0.17424831E-07
  0.89803131E+00  0.38476285E-01 -0.30033047E-01  0.12622834E-07
  0.89872301E+00  0.38521998E-01 -0.29979643E-01  0.81379176E-08
  0.89941471E+00  0.38569569E-01 -0.29924994E-01  0.39754835E-08
  0.90010641E+00  0.38619011E-01 -0.29869106E-01  0.14096521E-09
  0.90079811E+00  0.38670339E-01 -0.29811983E-01 -0.33606164E-08
  0.90148982E+00  0.38723564E-01 -0.29753629E-01 -0.65244552E-08
  0.90218152E+00  0.38778700E-01 -0.29694050E-01 -0.93460957E-08
  0.90287322E+00  0.38835758E-01 -0.29633250E-01 -0.11820910E-07
  0.90356492E+00  0.38894750E-01 -0.29571235E-01 -0.13944923E-07
  0.90425662E+00  0.38955690E-01 -0.29508009E-01 -0.15714425E-07
  0.90494832E+00  0.39018587E-01 -0.29443577E-01 -0.17125754E-07
  0.90564002E+00  0.39083454E-01 -0.29377946E-01 -0.18175701E-07
  0.90633172E+00  0.39150301E-01 -0.29311120E-01 -0.18860956E-07
  0.90702343E+00  0.39219139E-01 -0.29243105E-01 -0.19178780E-07
  0.90771513E+00  0.39289979E-01 -0.29173906E-01 -0.19126789E-07
  0.90840683E+00  0.39362831E-01 -0.29103530E-01 -0.18702490E-07
  0.90909853E+00  0.39437704E-01 -0.29031983E-01 -0.17904299E-07
  0.90979023E+00  0.39514609E-01 -0.28959269E-01 -0.16730067E-07
  0.91048193E+00  0.39593555E-01 -0.28885397E-01 -0.15178567E-07
  0.91117363E+00  0.39674552E-01 -0.28810371E-01 -0.13248500E-07
  0.91186533E+00  0.39757607E-01 -0.28734199E-01 -0.10939242E-07
  0.91255703E+00  0.39842729E-01 -0.28656886E-01 -0.82500975E-08
  0.91324874E+00  0.39929928E-01 -0.28578440E-01 -0.51806009E-08
  0.91394044E+00  0.40019211E-01 -0.28498867E-01 -0.17309513E-08
  0.91463214E+00  0.40110585E-01 -0.28418175E-01  0.20986133E-08
  0.91532384E+00  0.40204059E-01 -0.28336370E-01  0.63075631E-08
  0.91601554E+00  0.40299639E-01 -0.28253459E-01  0.10894976E-07
  0.91670724E+00  0.40397333E-01 -0.28169450E-01  0.15859867E-07
  0.91739894E+00  0.40497147E-01 -0.28084350E-01  0.21200718E-07
  0.91809064E+00  0.40599088E-01 -0.27998167E-01  0.26915747E-07
  0.91878235E+00  0.40703161E-01 -0.27910909E-01  0.33002949E-07
  0.91947405E+00  0.40809373E-01 -0.27822582E-01  0.39459954E-07
  0.92016575E+00  0.40917729E-01 -0.27733196E-01  0.46284319E-07
  0.92085745E+00  0.41028234E-01 -0.27642758E-01  0.53473214E-07
  0.92154915E+00  0.41140894E-01 -0.27551277E-01  0.61023282E-07
  0.92224085E+00  0.41255714E-01 -0.27458760E-01  0.68931060E-07
  0.92293255E+00  0.41372697E-01 -0.27365217E-01  0.77193036E-07
  0.92362425E+00  0.41491847E-01 -0.27270656E-01  0.85804921E-07
  0.92431595E+00  0.41613170E-01 -0.27175085E-01  0.94762555E-07
  0.92500766E+00  0.41736668E-01 -0.27078514E-01  0.10406131E-06
  0.92569936E+00  0.41862344E-01 -0.26980951E-01  0.11369643E-06
  0.92639106E+00  0.41990202E-01 -0.26882406E-01  0.12366274E-06
  0.92708276E+00  0.42120245E-01 -0.26782888E-01  0.13395458E-06
  0.92777446E+00  0.42252474E-01 -0.26682406E-01  0.14456671E-06
  0.92846616E+00  0.42386892E-01 -0.26580971E-01  0.15549286E-06
  0.92915786E+00  0.42523501E-01 -0.26478590E-01  0.16672711E-06
  0.92984956E+00  0.42662303E-01 -0.26375276E-01  0.17826277E-06
  0.93054127E+00  0.42803299E-01 -0.26271036E-01  0.19009323E-06
  0.93123297E+00  0.42946489E-01 -0.26165882E-01  0.20221150E-06
  0.93192467E+00  0.43091875E-01 -0.26059824E-01  0.21461055E-06
  0.93261637E+00  0.43239456E-01 -0.25952872E-01  0.22728270E-06
  0.93330807E+00  0.43389234E-01 -0.25845036E-01  0.24022039E-06
  0.93399977E+00  0.43541208E-01 -0.25736327E-01  0.25341561E-06
  0.93469147E+00  0.43695377E-01 -0.25626756E-01  0.26686048E-06
  0.93538317E+00  0.43851741E-01 -0.25516335E-01  0.28054640E-06
  0.93607487E+00  0.44010298E-01 -0.25405072E-01  0.29446493E-06
  0.93676658E+00  0.44171048E-01 -0.25292981E-01  0.30860721E-06
  0.93745828E+00  0.44333989E-01 -0.25180073E-01  0.32296417E-06
  0.93814998E+00  0.44499118E-01 -0.25066358E-01  0.33752689E-06
  0.93884168E+00  0.44666434E-01 -0.24951848E-01  0.35228582E-06
  0.93953338E+00  0.44835934E-01 -0.24836555E-01  0.36723147E-06
  0.94022508E+00  0.45007615E-01 -0.24720492E-01  0.38235397E-06
  0.94091678E+00  0.45181474E-01 -0.24603669E-01  0.39764355E-06
  0.94160848E+00  0.45357508E-01 -0.24486099E-01  0.41309007E-06
  0.94230019E+00  0.45535713E-01 -0.24367794E-01  0.42868322E-06
  0.94299189E+00  0.45716085E-01 -0.24248767E-01  0.44441271E-06
  0.94368359E+00  0.45898620E-01 -0.24129030E-01  0.46026799E-06
  0.94437529E+00  0.46083312E-01 -0.24008596E-01  0.47623834E-06
  0.94506699E+00  0.46270158E-01 -0.23887477E-01  0.49231279E-06
  0.94575869E+00  0.46459152E-01 -0.23765686E-01  0.50848077E-06
  0.94645039E+00  0.46650289E-01 -0.23643237E-01  0.52473088E-06
  0.94714209E+00  0.46843562E-01 -0.23520143E-01  0.54105222E-06
  0.94783379E+00  0.47038965E-01 -0.23396416E-01  0.55743340E-06
  0.94852550E+00  0.47236493E-01 -0.23272071E-01  0.57386301E-06
  0.94921720E+00  0.47436138E-01 -0.23147121E-01  0.59032979E-06
  0.94990890E+00  0.47637894E-01 -0.23021579E-01  0.60682191E-06
  0.95060060E+00  0.47841752E-01 -0.22895459E-01  0.62332810E-06
  0.95129230E+00  0.48047707E-01 -0.22768775E-01  0.63983639E-06
  0.95198400E+00  0.48255748E-01 -0.22641542E-01  0.65633543E-06
  0.95267570E+00  0.48465870E-01 -0.22513773E-01  0.67281325E-06
  0.95336740E+00  0.48678062E-01 -0.22385482E-01  0.68925817E-06
  0.95405911E+00  0.48892316E-01 -0.22256685E-01  0.70565824E-06
  0.95475081E+00  0.49108624E-01 -0.22127395E-01  0.72200156E-06
  0.95544251E+00  0.49326975E-01 -0.21997627E-01  0.73827653E-06
  0.95613421E+00  0.49547360E-01 -0.21867396E-01  0.75447117E-06
  0.95682591E+00  0.49769769E-01 -0.21736717E-01  0.77057363E-06
  0.95751761E+00  0.49994191E-01 -0.21605604E-01  0.78657212E-06
  0.95820931E+00  0.50220617E-01 -0.21474073E-01  0.80245483E-06
  0.95890101E+00  0.50449034E-01 -0.21342140E-01  0.81820996E-06
  0.95959272E+00  0.50679432E-01 -0.21209818E-01  0.83382568E-06
  0.96028442E+00  0.50911800E-01 -0.21077125E-01  0.84929053E-06
  0.96097612E+00  0.51146126E-01 -0.20944074E-01  0.86459246E-06
  0.96166782E+00  0.51382397E-01 -0.20810683E-01  0.87972036E-06
  0.96235952E+00  0.51620601E-01 -0.20676966E-01  0.89466234E-06
  0.96305122E+00  0.51860726E-01 -0.20542939E-01  0.90940732E-06
  0.96374292E+00  0.52102758E-01 -0.20408619E-01  0.92394379E-06
  0.96443462E+00  0.52346684E-01 -0.20274021E-01  0.93826044E-06
  0.96512632E+00  0.52592491E-01 -0.20139161E-01  0.95234633E-06
  0.96581803E+00  0.52840165E-01 -0.20004056E-01  0.96619036E-06
  0.96650973E+00  0.53089691E-01 -0.19868722E-01  0.97978166E-06
  0.96720143E+00  0.53341056E-01 -0.19733175E-01  0.99310933E-06
  0.96789313E+00  0.53594245E-01 -0.19597433E-01  0.10061629E-05
  0.96858483E+00  0.53849241E-01 -0.19461510E-01  0.10189319E-05
  0.96927653E+00  0.54106032E-01 -0.19325425E-01  0.10314058E-05
  0.96996823E+00  0.54364599E-01 -0.19189193E-01  0.10435748E-05
  0.97065993E+00  0.54624929E-01 -0.19052832E-01  0.10554285E-05
  0.97135164E+00  0.54887004E-01 -0.18916358E-01  0.10669574E-05
  0.97204334E+00  0.55150808E-01 -0.18779789E-01  0.10781517E-05
  0.97273504E+00  0.55416325E-01 -0.18643141E-01  0.10890019E-05
  0.97342674E+00  0.55683537E-01 -0.18506432E-01  0.10994989E-05
  0.97411844E+00  0.55952428E-01 -0.18369679E-01  0.11096336E-05
  0.97481014E+00  0.56222979E-01 -0.18232898E-01  0.11193972E-05
  0.97550184E+00  0.56495173E-01 -0.18096108E-01  0.11287809E-05
  0.97619354E+00  0.56768992E-01 -0.17959325E-01  0.11377766E-05
  0.97688524E+00  0.57044417E-01 -0.17822568E-01  0.11463757E-05
  0.97757695E+00  0.57321430E-01 -0.17685853E-01  0.11545708E-05
  0.97826865E+00  0.57600012E-01 -0.17549198E-01  0.11623539E-05
  0.97896035E+00  0.57880143E-01 -0.17412621E-01  0.11697175E-05
  0.97965205E+00  0.58161804E-01 -0.17276139E-01  0.11766546E-05
  0.98034375E+00  0.58444976E-01 -0.17139770E-01  0.11831582E-05
  0.98103545E+00  0.58729639E-01 -0.17003532E-01  0.11892216E-05
  0.98172715E+00  0.59015771E-01 -0.16867443E-01  0.11948385E-05
  0.98241885E+00  0.59303354E-01 -0.16731519E-01  0.12000027E-05
  0.98311056E+00  0.59592365E-01 -0.16595780E-01  0.12047084E-05
  0.98380226E+00  0.59882785E-01 -0.16460243E-01  0.12089501E-05
  0.98449396E+00  0.60174591E-01 -0.16324925E-01  0.12127223E-05
  0.98518566E+00  0.60467763E-01 -0.16189846E-01  0.12160201E-05
  0.98587736E+00  0.60762278E-01 -0.16055022E-01  0.12188392E-05
  0.98656906E+00  0.61058115E-01 -0.15920472E-01  0.12211745E-05
  0.98726076E+00  0.61355252E-01 -0.15786214E-01  0.12230226E-05
  0.98795246E+00  0.61653665E-01 -0.15652265E-01  0.12243794E-05
  0.98864416E+00  0.61953332E-01 -0.15518644E-01  0.12252414E-05
  0.98933587E+00  0.62254231E-01 -0.15385369E-01  0.12256055E-05
  0.99002757E+00  0.62556337E-01 -0.15252457E-01  0.12254689E-05
  0.99071927E+00  0.62859629E-01 -0.15119927E-01  0.12248289E-05
  0.99141097E+00  0.63164081E-01 -0.14987798E-01  0.12236836E-05
  0.99210267E+00  0.63469671E-01 -0.14856085E-01  0.12220307E-05
  0.99279437E+00  0.63776373E-01 -0.14724809E-01  0.12198690E-05
  0.99348607E+00  0.64084165E-01 -0.14593987E-01  0.12171970E-05
  0.99417777E+00  0.64393021E-01 -0.14463636E-01  0.12140139E-05
  0.99486948E+00  0.64702917E-01 -0.14333775E-01  0.12103189E-05
  0.99556118E+00  0.65013827E-01 -0.14204422E-01  0.12061119E-05
  0.99625288E+00  0.65325728E-01 -0.14075594E-01  0.12013931E-05
  0.99694458E+00  0.65638592E-01 -0.13947310E-01  0.11961624E-05
  0.99763628E+00  0.65952395E-01 -0.13819588E-01  0.11904210E-05
  0.99832798E+00  0.66267112E-01 -0.13692444E-01  0.11841695E-05
  0.99901968E+00  0.66582716E-01 -0.13565898E-01  0.11774096E-05
  0.99971138E+00  0.66899180E-01 -0.13439966E-01  0.11701427E-05
  0.10004031E+01  0.67216480E-01 -0.13314667E-01  0.11623708E-05
  0.10010948E+01  0.67534588E-01 -0.13190018E-01  0.11540964E-05
  0.10017865E+01  0.67853478E-01 -0.13066037E-01  0.11453219E-05
  0.10024782E+01  0.68173123E-01 -0.12942741E-01  0.11360503E-05
  0.10031699E+01  0.68493496E-01 -0.12820147E-01  0.11262850E-05
  0.10038616E+01  0.68814569E-01 -0.12698274E-01  0.11160294E-05
  0.10045533E+01  0.69136317E-01 -0.12577139E-01  0.11052874E-05
  0.10052450E+01  0.69458710E-01 -0.12456758E-01  0.10940634E-05
  0.10059367E+01  0.69781722E-01 -0.12337149E-01  0.10823614E-05
  0.10066284E+01  0.70105325E-01 -0.12218330E-01  0.10701868E-05
  0.10073201E+01  0.70429490E-01 -0.12100316E-01  0.10575443E-05
  0.10080118E+01  0.70754190E-01 -0.11983126E-01  0.10444391E-05
  0.10087035E+01  0.71079398E-01 -0.11866776E-01  0.10308771E-05
  0.10093952E+01  0.71405083E-01 -0.11751283E-01  0.10168645E-05
  0.10100869E+01  0.71731218E-01 -0.11636664E-01  0.10024074E-05
  0.10107786E+01  0.72057775E-01 -0.11522934E-01  0.98751203E-06
  0.10114703E+01  0.72384724E-01 -0.11410112E-01  0.97218546E-06
  0.10121620E+01  0.72712037E-01 -0.11298212E-01  0.95643430E-06
  0.10128537E+01  0.73039685E-01 -0.11187252E-01  0.94026644E-06
  0.10135454E+01  0.73367639E-01 -0.11077248E-01  0.92368912E-06
  0.10142371E+01  0.73695870E-01 -0.10968215E-01  0.90671004E-06
  0.10149288E+01  0.74024348E-01 -0.10860169E-01  0.88933760E-06
  0.10156205E+01  0.74353044E-01 -0.10753127E-01  0.87157990E-06
  0.10163122E+01  0.74681930E-01 -0.10647104E-01  0.85344542E-06
  0.10170039E+01  0.75010975E-01 -0.10542116E-01  0.83494290E-06
  0.10176956E+01  0.75340149E-01 -0.10438177E-01  0.81608157E-06
  0.10183873E+01  0.75669424E-01 -0.10335304E-01  0.79687016E-06
  0.10190790E+01  0.75998770E-01 -0.10233511E-01  0.77731839E-06
  0.10197707E+01  0.76328156E-01 -0.10132814E-01  0.75743585E-06
  0.10204624E+01  0.76657553E-01 -0.10033227E-01  0.73723202E-06
  0.10211541E+01  0.76986931E-01 -0.99347647E-02  0.71671717E-06
  0.10218458E+01  0.77316260E-01 -0.98374420E-02  0.69590139E-06
  0.10225375E+01  0.77645511E-01 -0.97412732E-02  0.67479480E-06
  0.10232292E+01  0.77974653E-01 -0.96462723E-02  0.65340808E-06
  0.10239209E+01  0.78303655E-01 -0.95524536E-02  0.63175164E-06
  0.10246126E+01  0.78632489E-01 -0.94598308E-02  0.60983631E-06
  0.10253043E+01  0.78961124E-01 -0.93684176E-02  0.58767293E-06
  0.10259960E+01  0.79289529E-01 -0.92782276E-02  0.56527273E-06
  0.10266877E+01  0.79617675E-01 -0.91892741E-02  0.54264674E-06
  0.10273794E+01  0.79945532E-01 -0.91015702E-02  0.51980614E-06
  0.10280711E+01  0.80273069E-01 -0.90151290E-02  0.49676259E-06
  0.10287628E+01  0.80600257E-01 -0.89299631E-02  0.47352708E-06
  0.10294545E+01  0.80927064E-01 -0.88460852E-02  0.45011146E-06
  0.10301462E+01  0.81253462E-01 -0.87635077E-02  0.42652718E-06
  0.10308379E+01  0.81579419E-01 -0.86822427E-02  0.40278617E-06
  0.10315296E+01  0.81904907E-01 -0.86023021E-02  0.37889999E-06
  0.10322213E+01  0.82229894E-01 -0.85236978E-02  0.35488045E-06
  0.10329130E+01  0.82554351E-01 -0.84464414E-02  0.33073929E-06
  0.10336047E+01  0.82878248E-01 -0.83705441E-02  0.30648879E-06
  0.10342964E+01  0.83201554E-01 -0.82960171E-02  0.28214057E-06
  0.10349881E+01  0.83524241E-01 -0.82228712E-02  0.25770638E-06
  0.10356798E+01  0.83846278E-01 -0.81511172E-02  0.23319825E-06
  0.10363715E+01  0.84167635E-01 -0.80807656E-02  0.20862840E-06
  0.10370632E+01  0.84488282E-01 -0.80118265E-02  0.18400830E-06
  0.10377549E+01  0.84808191E-01 -0.79443099E-02  0.15935020E-06
  0.10384467E+01  0.85127331E-01 -0.78782256E-02  0.13466559E-06
  0.10391384E+01  0.85445673E-01 -0.78135830E-02  0.10996673E-06
  0.10398301E+01  0.85763188E-01 -0.77503916E-02  0.85265109E-07
  0.10405218E+01  0.86079846E-01 -0.76886603E-02  0.60572381E-07
  0.10412135E+01  0.86395618E-01 -0.76283978E-02  0.35900513E-07
  0.10419052E+01  0.86710475E-01 -0.75696128E-02  0.11260803E-07
  0.10425969E+01  0.87024388E-01 -0.75123134E-02 -0.13335183E-07
  0.10432886E+01  0.87337328E-01 -0.74565078E-02 -0.37875882E-07
  0.10439803E+01  0.87649266E-01 -0.74022037E-02 -0.62350126E-07
  0.10446720E+01  0.87960174E-01 -0.73494086E-02 -0.86746849E-07
  0.10453637E+01  0.88270023E-01 -0.72981298E-02 -0.11105464E-06
  0.10460554E+01  0.88578785E-01 -0.72483742E-02 -0.13526269E-06
  0.10467471E+01  0.88886431E-01 -0.72001485E-02 -0.15936039E-06
  0.10474388E+01  0.89192934E-01 -0.71534592E-02 -0.18333659E-06
  0.10481305E+01  0.89498265E-01 -0.71083125E-02 -0.20718097E-06
  0.10488222E+01  0.89802397E-01 -0.70647142E-02 -0.23088311E-06
  0.10495139E+01  0.90105301E-01 -0.70226700E-02 -0.25443279E-06
  0.10502056E+01  0.90406952E-01 -0.69821853E-02 -0.27782007E-06
  0.10508973E+01  0.90707320E-01 -0.69432650E-02 -0.30103485E-06
  0.10515890E+01  0.91006379E-01 -0.69059140E-02 -0.32406767E-06
  0.10522807E+01  0.91304102E-01 -0.68701368E-02 -0.34690865E-06
  0.10529724E+01  0.91600463E-01 -0.68359375E-02 -0.36954899E-06
  0.10536641E+01  0.91895434E-01 -0.68033201E-02 -0.39197910E-06
  0.10543558E+01  0.92188989E-01 -0.67722882E-02 -0.41419052E-06
  0.10550475E+01  0.92481102E-01 -0.67428452E-02 -0.43617403E-06
  0.10557392E+01  0.92771748E-01 -0.67149941E-02 -0.45792169E-06
  0.10564309E+01  0.93060899E-01 -0.66887377E-02 -0.47942490E-06
  0.10571226E+01  0.93348531E-01 -0.66640784E-02 -0.50067613E-06
  0.10578143E+01  0.93634619E-01 -0.66410183E-02 -0.52166708E-06
  0.10585060E+01  0.93919136E-01 -0.66195594E-02 -0.54239059E-06
  0.10591977E+01  0.94202059E-01 -0.65997032E-02 -0.56283929E-06
  0.10598894E+01  0.94483362E-01 -0.65814509E-02 -0.58300643E-06
  0.10605811E+01  0.94763020E-01 -0.65648035E-02 -0.60288474E-06
  0.10612728E+01  0.95041011E-01 -0.65497617E-02 -0.62246824E-06
  0.10619645E+01  0.95317309E-01 -0.65363259E-02 -0.64175061E-06
  0.10626562E+01  0.95591891E-01 -0.65244959E-02 -0.66072580E-06
  0.10633479E+01  0.95864733E-01 -0.65142717E-02 -0.67938834E-06
  0.10640396E+01  0.96135812E-01 -0.65056525E-02 -0.69773264E-06
  0.10647313E+01  0.96405106E-01 -0.64986376E-02 -0.71575371E-06
  0.10654230E+01  0.96672591E-01 -0.64932258E-02 -0.73344683E-06
  0.10661147E+01  0.96938244E-01 -0.64894156E-02 -0.75080767E-06
  0.10668064E+01  0.97202044E-01 -0.64872050E-02 -0.76783144E-06
  0.10674981E+01  0.97463969E-01 -0.64865922E-02 -0.78451458E-06
  0.10681898E+01  0.97723997E-01 -0.64875746E-02 -0.80085358E-06
  0.10688815E+01  0.97982107E-01 -0.64901494E-02 -0.81684501E-06
  0.10695732E+01  0.98238277E-01 -0.64943137E-02 -0.83248571E-06
  0.10702649E+01  0.98492487E-01 -0.65000642E-02 -0.84777319E-06
  0.10709566E+01  0.98744715E-01 -0.65073970E-02 -0.86270467E-06
  0.10716483E+01  0.98994943E-01 -0.65163084E-02 -0.87727838E-06
  0.10723400E+01  0.99243149E-01 -0.65267939E-02 -0.89149247E-06
  0.10730317E+01  0.99489315E-01 -0.65388490E-02 -0.90534517E-06
  0.10737234E+01  0.99733421E-01 -0.65524688E-02 -0.91883551E-06
  0.10744151E+01  0.99975447E-01 -0.65676481E-02 -0.93196236E-06
  0.10751068E+01  0.10021538E+00 -0.65843814E-02 -0.94472532E-06
  0.10757985E+01  0.10045319E+00 -0.66026628E-02 -0.95712413E-06
  0.10764902E+01  0.10068886E+00 -0.66224863E-02 -0.96915859E-06
  0.10771819E+01  0.10092239E+00 -0.66438453E-02 -0.98082906E-06
  0.10778736E+01  0.10115374E+00 -0.66667332E-02 -0.99213638E-06
  0.10785653E+01  0.10138291E+00 -0.66911429E-02 -0.10030811E-05
  0.10792570E+01  0.10160988E+00 -0.67170670E-02 -0.10136644E-05
  0.10799487E+01  0.10183462E+00 -0.67444979E-02 -0.10238881E-05
  0.10806404E+01  0.10205713E+00 -0.67734277E-02 -0.10337537E-05
  0.10813321E+01  0.10227738E+00 -0.68038482E-02 -0.10432632E-05
  0.10820238E+01  0.10249536E+00 -0.68357506E-02 -0.10524191E-05
  0.10827155E+01  0.10271107E+00 -0.68691263E-02 -0.10612241E-05
  0.10834072E+01  0.10292447E+00 -0.69039661E-02 -0.10696807E-05
  0.10840989E+01  0.10313556E+00 -0.69402605E-02 -0.10777925E-05
  0.10847906E+01  0.10334432E+00 -0.69779998E-02 -0.10855627E-05
  0.10854823E+01  0.10355074E+00 -0.70171740E-02 -0.10929949E-05
  0.10861740E+01  0.10375481E+00 -0.70577728E-02 -0.11000934E-05
  0.10868657E+01  0.10395651E+00 -0.70997857E-02 -0.11068622E-05
  0.10875574E+01  0.10415583E+00 -0.71432017E-02 -0.11133056E-05
  0.10882491E+01  0.10435275E+00 -0.71880097E-02 -0.11194285E-05
  0.10889408E+01  0.10454727E+00 -0.72341983E-02 -0.11252359E-05
  0.10896325E+01  0.10473937E+00 -0.72817557E-02 -0.11307329E-05
  0.10903242E+01  0.10492904E+00 -0.73306699E-02 -0.11359247E-05
  0.10910159E+01  0.10511627E+00 -0.73809288E-02 -0.11408173E-05
  0.10917076E+01  0.10530105E+00 -0.74325198E-02 -0.11454161E-05
  0.10923993E+01  0.10548337E+00 -0.74854300E-02 -0.11497275E-05
  0.10930910E+01  0.10566321E+00 -0.75396465E-02 -0.11537576E-05
  0.10937827E+01  0.10584057E+00 -0.75951559E-02 -0.11575129E-05
  0.10944744E+01  0.10601545E+00 -0.76519446E-02 -0.11609999E-05
  0.10951661E+01  0.10618782E+00 -0.77099987E-02 -0.11642256E-05
  0.10958578E+01  0.10635768E+00 -0.77693043E-02 -0.11671969E-05
  0.10965495E+01  0.10652502E+00 -0.78298469E-02 -0.11699209E-05
  0.10972413E+01  0.10668984E+00 -0.78916120E-02 -0.11724048E-05
  0.10979330E+01  0.10685212E+00 -0.79545847E-02 -0.11746564E-05
  0.10986247E+01  0.10701187E+00 -0.80187500E-02 -0.11766830E-05
  0.10993164E+01  0.10716906E+00 -0.80840925E-02 -0.11784926E-05
  0.11000081E+01  0.10732370E+00 -0.81505968E-02 -0.11800927E-05
  0.11006998E+01  0.10747578E+00 -0.82182469E-02 -0.11814915E-05
  0.11013915E+01  0.10762529E+00 -0.82870270E-02 -0.11826973E-05
  0.11020832E+01  0.10777223E+00 -0.83569208E-02 -0.11837179E-05
  0.11027749E+01  0.10791659E+00 -0.84279118E-02 -0.11845619E-05
  0.11034666E+01  0.10805836E+00 -0.84999835E-02 -0.11852374E-05
  0.11041583E+01  0.10819755E+00 -0.85731188E-02 -0.11857531E-05
  0.11048500E+01  0.10833415E+00 -0.86473008E-02 -0.11861173E-05
  0.11055417E+01  0.10846815E+00 -0.87225122E-02 -0.11863388E-05
  0.11062334E+01  0.10859954E+00 -0.87987354E-02 -0.11864261E-05
  0.11069251E+01  0.10872834E+00 -0.88759529E-02 -0.11863878E-05
  0.11076168E+01  0.10885452E+00 -0.89541466E-02 -0.11862326E-05
  0.11083085E+01  0.10897810E+00 -0.90332986E-02 -0.11859694E-05
  0.11090002E+01  0.10909907E+00 -0.91133907E-02 -0.11856068E-05
  0.11096919E+01  0.10921742E+00 -0.91944043E-02 -0.11851535E-05
  0.11103836E+01  0.10933316E+00 -0.92763209E-02 -0.11846184E-05
  0.11110753E+01  0.10944627E+00 -0.93591217E-02 -0.11840098E-05
  0.11117670E+01  0.10955678E+00 -0.94427877E-02 -0.11833372E-05
  0.11124587E+01  0.10966466E+00 -0.95273000E-02 -0.11826083E-05
  0.11131504E+01  0.10976992E+00 -0.96126391E-02 -0.11818325E-05
  0.11138421E+01  0.10987256E+00 -0.96987858E-02 -0.11810180E-05
  0.11145338E+01  0.10997259E+00 -0.97857204E-02 -0.11801731E-05
  0.11152255E+01  0.11006999E+00 -0.98734232E-02 -0.11793069E-05
  0.11159172E+01  0.11016478E+00 -0.99618745E-02 -0.11784273E-05
  0.11166089E+01  0.11025694E+00 -0.10051054E-01 -0.11775426E-05
  0.11173006E+01  0.11034650E+00 -0.10140942E-01 -0.11766612E-05
  0.11179923E+01  0.11043344E+00 -0.10231518E-01 -0.11757909E-05
  0.11186840E+01  0.11051776E+00 -0.10322762E-01 -0.11749401E-05
  0.11193757E+01  0.11059948E+00 -0.10414653E-01 -0.11741163E-05
  0.11200674E+01  0.11067859E+00 -0.10507171E-01 -0.11733273E-05
  0.11207591E+01  0.11075510E+00 -0.10600294E-01 -0.11725811E-05
  0.11214508E+01  0.11082900E+00 -0.10694003E-01 -0.11718845E-05
  0.11221425E+01  0.11090031E+00 -0.10788276E-01 -0.11712452E-05
  0.11228342E+01  0.11096902E+00 -0.10883093E-01 -0.11706704E-05
  0.11235259E+01  0.11103514E+00 -0.10978432E-01 -0.11701669E-05
  0.11242176E+01  0.11109868E+00 -0.11074272E-01 -0.11697416E-05
  0.11249093E+01  0.11115963E+00 -0.11170591E-01 -0.11694011E-05
  0.11256010E+01  0.11121801E+00 -0.11267370E-01 -0.11691518E-05
  0.11262927E+01  0.11127382E+00 -0.11364586E-01 -0.11689999E-05
  0.11269844E+01  0.11132706E+00 -0.11462217E-01 -0.11689515E-05
  0.11276761E+01  0.11137774E+00 -0.11560243E-01 -0.11690126E-05
  0.11283678E+01  0.11142587E+00 -0.11658642E-01 -0.11691886E-05
  0.11290595E+01  0.11147144E+00 -0.11757392E-01 -0.11694849E-05
  0.11297512E+01  0.11151447E+00 -0.11856472E-01 -0.11699069E-05
  0.11304429E+01  0.11155497E+00 -0.11955860E-01 -0.11704592E-05
  0.11311346E+01  0.11159294E+00 -0.12055534E-01 -0.11711466E-05
  0.11318263E+01  0.11162839E+00 -0.12155473E-01 -0.11719736E-05
  0.11325180E+01  0.11166132E+00 -0.12255655E-01 -0.11729445E-05
  0.11332097E+01  0.11169174E+00 -0.12356058E-01 -0.11740631E-05
  0.11339014E+01  0.11171967E+00 -0.12456660E-01 -0.11753331E-05
  0.11345931E+01  0.11174510E+00 -0.12557440E-01 -0.11767579E-05
  0.11352848E+01  0.11176805E+00 -0.12658376E-01 -0.11783407E-05
  0.11359765E+01  0.11178853E+00 -0.12759446E-01 -0.11800843E-05
  0.11366682E+01  0.11180653E+00 -0.12860628E-01 -0.11819914E-05
  0.11373599E+01  0.11182208E+00 -0.12961901E-01 -0.11840642E-05
  0.11380516E+01  0.11183518E+00 -0.13063243E-01 -0.11863049E-05
  0.11387433E+01  0.11184585E+00 -0.13164632E-01 -0.11887152E-05
  0.11394350E+01  0.11185408E+00 -0.13266047E-01 -0.11912964E-05
  0.11401267E+01  0.11185989E+00 -0.13367466E-01 -0.11940499E-05
  0.11408184E+01  0.11186329E+00 -0.13468867E-01 -0.11969766E-05
  0.11415101E+01  0.11186429E+00 -0.13570229E-01 -0.12000767E-05
  0.11422018E+01  0.11186290E+00 -0.13671530E-01 -0.12033510E-05
  0.11428935E+01  0.11185913E+00 -0.13772749E-01 -0.12067992E-05
  0.11435852E+01  0.11185298E+00 -0.13873865E-01 -0.12104209E-05
  0.11442769E+01  0.11184448E+00 -0.13974855E-01 -0.12142159E-05
  0.11449686E+01  0.11183363E+00 -0.14075700E-01 -0.12181829E-05
  0.11456603E+01  0.11182045E+00 -0.14176377E-01 -0.12223207E-05
  0.11463520E+01  0.11180493E+00 -0.14276865E-01 -0.12266279E-05
  0.11470437E+01  0.11178711E+00 -0.14377145E-01 -0.12311028E-05
  0.11477354E+01  0.11176698E+00 -0.14477193E-01 -0.12357433E-05
  0.11484271E+01  0.11174455E+00 -0.14576991E-01 -0.12405467E-05
  0.11491188E+01  0.11171985E+00 -0.14676516E-01 -0.12455107E-05
  0.11498105E+01  0.11169288E+00 -0.14775748E-01 -0.12506319E-05
  0.11505022E+01  0.11166365E+00 -0.14874668E-01 -0.12559073E-05
  0.11511939E+01  0.11163218E+00 -0.14973253E-01 -0.12613332E-05
  0.11518856E+01  0.11159847E+00 -0.15071484E-01 -0.12669057E-05
  0.11525773E+01  0.11156255E+00 -0.15169341E-01 -0.12726207E-05
  0.11532690E+01  0.11152442E+00 -0.15266803E-01 -0.12784738E-05
  0.11539607E+01  0.11148409E+00 -0.15363851E-01 -0.12844601E-05
  0.11546524E+01  0.11144159E+00 -0.15460465E-01 -0.12905749E-05
  0.11553442E+01  0.11139691E+00 -0.15556624E-01 -0.12968125E-05
  0.11560359E+01  0.11135008E+00 -0.15652309E-01 -0.13031677E-05
  0.11567276E+01  0.11130111E+00 -0.15747502E-01 -0.13096347E-05
  0.11574193E+01  0.11125001E+00 -0.15842181E-01 -0.13162074E-05
  0.11581110E+01  0.11119679E+00 -0.15936329E-01 -0.13228794E-05
  0.11588027E+01  0.11114147E+00 -0.16029927E-01 -0.13296441E-05
  0.11594944E+01  0.11108405E+00 -0.16122954E-01 -0.13364947E-05
  0.11601861E+01  0.11102457E+00 -0.16215394E-01 -0.13434243E-05
  0.11608778E+01  0.11096302E+00 -0.16307226E-01 -0.13504255E-05
  0.11615695E+01  0.11089942E+00 -0.16398433E-01 -0.13574908E-05
  0.11622612E+01  0.11083378E+00 -0.16488996E-01 -0.13646122E-05
  0.11629529E+01  0.11076613E+00 -0.16578898E-01 -0.13717825E-05
  0.11636446E+01  0.11069647E+00 -0.16668120E-01 -0.13789928E-05
  0.11643363E+01  0.11062481E+00 -0.16756645E-01 -0.13862350E-05
  0.11650280E+01  0.11055118E+00 -0.16844456E-01 -0.13935007E-05
  0.11657197E+01  0.11047558E+00 -0.16931534E-01 -0.14007811E-05
  0.11664114E+01  0.11039803E+00 -0.17017863E-01 -0.14080669E-05
  0.11671031E+01  0.11031854E+00 -0.17103425E-01 -0.14153498E-05
  0.11677948E+01  0.11023713E+00 -0.17188205E-01 -0.14226198E-05
  0.11684865E+01  0.11015381E+00 -0.17272185E-01 -0.14298680E-05
  0.11691782E+01  0.11006859E+00 -0.17355349E-01 -0.14370846E-05
  0.11698699E+01  0.10998150E+00 -0.17437680E-01 -0.14442603E-05
  0.11705616E+01  0.10989254E+00 -0.17519163E-01 -0.14513849E-05
  0.11712533E+01  0.10980173E+00 -0.17599783E-01 -0.14584487E-05
  0.11719450E+01  0.10970908E+00 -0.17679522E-01 -0.14654415E-05
  0.11726367E+01  0.10961461E+00 -0.17758366E-01 -0.14723535E-05
  0.11733284E+01  0.10951834E+00 -0.17836301E-01 -0.14791741E-05
  0.11740201E+01  0.10942026E+00 -0.17913310E-01 -0.14858933E-05
  0.11747118E+01  0.10932041E+00 -0.17989379E-01 -0.14925005E-05
  0.11754035E+01  0.10921880E+00 -0.18064493E-01 -0.14989855E-05
  0.11760952E+01  0.10911544E+00 -0.18138639E-01 -0.15053378E-05
  0.11767869E+01  0.10901034E+00 -0.18211802E-01 -0.15115468E-05
  0.11774786E+01  0.10890352E+00 -0.18283968E-01 -0.15176018E-05
  0.11781703E+01  0.10879499E+00 -0.18355124E-01 -0.15234927E-05
  0.11788620E+01  0.10868477E+00 -0.18425256E-01 -0.15292084E-05
  0.11795537E+01  0.10857288E+00 -0.18494351E-01 -0.15347386E-05
  0.11802454E+01  0.10845932E+00 -0.18562396E-01 -0.15400728E-05
  0.11809371E+01  0.10834412E+00 -0.18629378E-01 -0.15452003E-05
  0.11816288E+01  0.10822728E+00 -0.18695284E-01 -0.15501106E-05
  0.11823205E+01  0.10810882E+00 -0.18760104E-01 -0.15547932E-05
  0.11830122E+01  0.10798876E+00 -0.18823823E-01 -0.15592378E-05
  0.11837039E+01  0.10786710E+00 -0.18886431E-01 -0.15634340E-05
  0.11843956E+01  0.10774387E+00 -0.18947917E-01 -0.15673713E-05
  0.11850873E+01  0.10761908E+00 -0.19008267E-01 -0.15710399E-05
  0.11857790E+01  0.10749275E+00 -0.19067473E-01 -0.15744294E-05
  0.11864707E+01  0.10736488E+00 -0.19125522E-01 -0.15775299E-05
  0.11871624E+01  0.10723549E+00 -0.19182404E-01 -0.15803313E-05
  0.11878541E+01  0.10710460E+00 -0.19238109E-01 -0.15828242E-05
  0.11885458E+01  0.10697222E+00 -0.19292626E-01 -0.15849987E-05
  0.11892375E+01  0.10683837E+00 -0.19345946E-01 -0.15868453E-05
  0.11899292E+01  0.10670305E+00 -0.19398058E-01 -0.15883550E-05
  0.11906209E+01  0.10656629E+00 -0.19448954E-01 -0.15895183E-05
  0.11913126E+01  0.10642810E+00 -0.19498625E-01 -0.15903262E-05
  0.11920043E+01  0.10628849E+00 -0.19547060E-01 -0.15907702E-05
  0.11926960E+01  0.10614747E+00 -0.19594253E-01 -0.15908416E-05
  0.11933877E+01  0.10600506E+00 -0.19640193E-01 -0.15905317E-05
  0.11940794E+01  0.10586128E+00 -0.19684873E-01 -0.15898327E-05
  0.11947711E+01  0.10571613E+00 -0.19728285E-01 -0.15887363E-05
  0.11954628E+01  0.10556964E+00 -0.19770422E-01 -0.15872350E-05
  0.11961545E+01  0.10542181E+00 -0.19811275E-01 -0.15853213E-05
  0.11968462E+01  0.10527266E+00 -0.19850837E-01 -0.15829880E-05
  0.11975379E+01  0.10512220E+00 -0.19889101E-01 -0.15802281E-05
  0.11982296E+01  0.10497045E+00 -0.19926062E-01 -0.15770347E-05
  0.11989213E+01  0.10481742E+00 -0.19961711E-01 -0.15734018E-05
  0.11996130E+01  0.10466313E+00 -0.19996043E-01 -0.15693228E-05
  0.12003047E+01  0.10450758E+00 -0.20029051E-01 -0.15647922E-05
  0.12009964E+01  0.10435079E+00 -0.20060731E-01 -0.15598042E-05
  0.12016881E+01  0.10419278E+00 -0.20091075E-01 -0.15543539E-05
  0.12023798E+01  0.10403355E+00 -0.20120080E-01 -0.15484362E-05
  0.12030715E+01  0.10387313E+00 -0.20147739E-01 -0.15420465E-05
  0.12037632E+01  0.10371152E+00 -0.20174048E-01 -0.15351803E-05
  0.12044549E+01  0.10354873E+00 -0.20199002E-01 -0.15278342E-05
  0.12051466E+01  0.10338479E+00 -0.20222597E-01 -0.15200042E-05
  0.12058383E+01  0.10321970E+00 -0.20244828E-01 -0.15116873E-05
  0.12065300E+01  0.10305348E+00 -0.20265692E-01 -0.15028806E-05
  0.12072217E+01  0.10288613E+00 -0.20285185E-01 -0.14935816E-05
  0.12079134E+01  0.10271768E+00 -0.20303304E-01 -0.14837881E-05
  0.12086051E+01  0.10254813E+00 -0.20320044E-01 -0.14734983E-05
  0.12092968E+01  0.10237751E+00 -0.20335404E-01 -0.14627110E-05
  0.12099885E+01  0.10220581E+00 -0.20349380E-01 -0.14514251E-05
  0.12106802E+01  0.10203305E+00 -0.20361969E-01 -0.14396399E-05
  0.12113719E+01  0.10185925E+00 -0.20373170E-01 -0.14273553E-05
  0.12120636E+01  0.10168441E+00 -0.20382980E-01 -0.14145715E-05
  0.12127553E+01  0.10150856E+00 -0.20391398E-01 -0.14012889E-05
  0.12134471E+01  0.10133169E+00 -0.20398421E-01 -0.13875085E-05
  0.12141388E+01  0.10115384E+00 -0.20404048E-01 -0.13732318E-05
  0.12148305E+01  0.10097499E+00 -0.20408277E-01 -0.13584605E-05
  0.12155222E+01  0.10079518E+00 -0.20411109E-01 -0.13431968E-05
  0.12162139E+01  0.10061441E+00 -0.20412541E-01 -0.13274434E-05
  0.12169056E+01  0.10043268E+00 -0.20412573E-01 -0.13112030E-05
  0.12175973E+01  0.10025003E+00 -0.20411206E-01 -0.12944794E-05
  0.12182890E+01  0.10006644E+00 -0.20408437E-01 -0.12772762E-05
  0.12189807E+01  0.99881950E-01 -0.20404269E-01 -0.12595977E-05
  0.12196724E+01  0.99696554E-01 -0.20398700E-01 -0.12414486E-05
  0.12203641E+01  0.99510269E-01 -0.20391731E-01 -0.12228339E-05
  0.12210558E+01  0.99323105E-01 -0.20383363E-01 -0.12037591E-05
  0.12217475E+01  0.99135075E-01 -0.20373597E-01 -0.11842301E-05
  0.12224392E+01  0.98946189E-01 -0.20362432E-01 -0.11642535E-05
  0.12231309E+01  0.98756459E-01 -0.20349872E-01 -0.11438356E-05
  0.12238226E+01  0.98565896E-01 -0.20335917E-01 -0.11229836E-05
  0.12245143E+01  0.98374510E-01 -0.20320568E-01 -0.11017051E-05
  0.12252060E+01  0.98182313E-01 -0.20303828E-01 -0.10800082E-05
  0.12258977E+01  0.97989315E-01 -0.20285698E-01 -0.10579011E-05
  0.12265894E+01  0.97795528E-01 -0.20266180E-01 -0.10353924E-05
  0.12272811E+01  0.97600962E-01 -0.20245277E-01 -0.10124915E-05
  0.12279728E+01  0.97405628E-01 -0.20222991E-01 -0.98920753E-06
  0.12286645E+01  0.97209536E-01 -0.20199326E-01 -0.96555085E-06
  0.12293562E+01  0.97012696E-01 -0.20174283E-01 -0.94153132E-06
  0.12300479E+01  0.96815120E-01 -0.20147865E-01 -0.91715982E-06
  0.12307396E+01  0.96616818E-01 -0.20120077E-01 -0.89244735E-06
  0.12314313E+01  0.96417799E-01 -0.20090921E-01 -0.86740526E-06
  0.12321230E+01  0.96218075E-01 -0.20060401E-01 -0.84204534E-06
  0.12328147E+01  0.96017654E-01 -0.20028520E-01 -0.81637956E-06
  0.12335064E+01  0.95816548E-01 -0.19995283E-01 -0.79042047E-06
  0.12341981E+01  0.95614765E-01 -0.19960693E-01 -0.76418079E-06
  0.12348898E+01  0.95412317E-01 -0.19924754E-01 -0.73767371E-06
  0.12355815E+01  0.95209212E-01 -0.19887472E-01 -0.71091243E-06
  0.12362732E+01  0.95005461E-01 -0.19848850E-01 -0.68391100E-06
  0.12369649E+01  0.94801073E-01 -0.19808893E-01 -0.65668338E-06
  0.12376566E+01  0.94596058E-01 -0.19767606E-01 -0.62924382E-06
  0.12383483E+01  0.94390425E-01 -0.19724993E-01 -0.60160708E-06
  0.12390400E+01  0.94184183E-01 -0.19681061E-01 -0.57378795E-06
  0.12397317E+01  0.93977343E-01 -0.19635813E-01 -0.54580184E-06
  0.12404234E+01  0.93769913E-01 -0.19589256E-01 -0.51766406E-06
  0.12411151E+01  0.93561902E-01 -0.19541396E-01 -0.48939037E-06
  0.12418068E+01  0.93353320E-01 -0.19492236E-01 -0.46099659E-06
  0.12424985E+01  0.93144176E-01 -0.19441785E-01 -0.43249919E-06
  0.12431902E+01  0.92934479E-01 -0.19390046E-01 -0.40391439E-06
  0.12438819E+01  0.92724237E-01 -0.19337027E-01 -0.37525899E-06
  0.12445736E+01  0.92513460E-01 -0.19282734E-01 -0.34654948E-06
  0.12452653E+01  0.92302156E-01 -0.19227172E-01 -0.31780330E-06
  0.12459570E+01  0.92090334E-01 -0.19170349E-01 -0.28903739E-06
  0.12466487E+01  0.91878002E-01 -0.19112271E-01 -0.26026926E-06
  0.12473404E+01  0.91665170E-01 -0.19052944E-01 -0.23151638E-06
  0.12480321E+01  0.91451845E-01 -0.18992376E-01 -0.20279631E-06
  0.12487238E+01  0.91238037E-01 -0.18930573E-01 -0.17412710E-06
  0.12494155E+01  0.91023753E-01 -0.18867542E-01 -0.14552643E-06
  0.12501072E+01  0.90809002E-01 -0.18803291E-01 -0.11701243E-06
  0.12507989E+01  0.90593793E-01 -0.18737826E-01 -0.88603269E-07
  0.12514906E+01  0.90378132E-01 -0.18671156E-01 -0.60317163E-07
  0.12521823E+01  0.90162029E-01 -0.18603287E-01 -0.32172317E-07
  0.12528740E+01  0.89945491E-01 -0.18534226E-01 -0.41871424E-08
  0.12535657E+01  0.89728526E-01 -0.18463983E-01  0.23620053E-07
  0.12542574E+01  0.89511143E-01 -0.18392564E-01  0.51230743E-07
  0.12549491E+01  0.89293349E-01 -0.18319977E-01  0.78626679E-07
  0.12556408E+01  0.89075152E-01 -0.18246230E-01  0.10578917E-06
  0.12563325E+01  0.88856559E-01 -0.18171332E-01  0.13269989E-06
  0.12570242E+01  0.88637579E-01 -0.18095290E-01  0.15934056E-06
  0.12577159E+01  0.88418219E-01 -0.18018112E-01  0.18569255E-06
  0.12584076E+01  0.88198486E-01 -0.17939807E-01  0.21173773E-06
  0.12590993E+01  0.87978388E-01 -0.17860384E-01  0.23745778E-06
  0.12597910E+01  0.87757932E-01 -0.17779850E-01  0.26283450E-06
  0.12604827E+01  0.87537126E-01 -0.17698215E-01  0.28784967E-06
  0.12611744E+01  0.87315977E-01 -0.17615486E-01  0.31248546E-06
  0.12618661E+01  0.87094493E-01 -0.17531673E-01  0.33672399E-06
  0.12625578E+01  0.86872680E-01 -0.17446785E-01  0.36054725E-06
  0.12632495E+01  0.86650545E-01 -0.17360829E-01  0.38393790E-06
  0.12639412E+01  0.86428096E-01 -0.17273816E-01  0.40687839E-06
  0.12646329E+01  0.86205340E-01 -0.17185753E-01  0.42935130E-06
  0.12653246E+01  0.85982283E-01 -0.17096651E-01  0.45133971E-06
  0.12660163E+01  0.85758933E-01 -0.17006518E-01  0.47282660E-06
  0.12667080E+01  0.85535296E-01 -0.16915363E-01  0.49379507E-06
  0.12673997E+01  0.85311379E-01 -0.16823196E-01  0.51422887E-06
  0.12680914E+01  0.85087190E-01 -0.16730026E-01  0.53411179E-06
  0.12687831E+01  0.84862733E-01 -0.16635862E-01  0.55342771E-06
  0.12694748E+01  0.84638018E-01 -0.16540714E-01  0.57216083E-06
  0.12701665E+01  0.84413049E-01 -0.16444590E-01  0.59029563E-06
  0.12708582E+01  0.84187833E-01 -0.16347502E-01  0.60781688E-06
  0.12715499E+01  0.83962377E-01 -0.16249457E-01  0.62470991E-06
  0.12722417E+01  0.83736688E-01 -0.16150467E-01  0.64095998E-06
  0.12729334E+01  0.83510771E-01 -0.16050539E-01  0.65655271E-06
  0.12736251E+01  0.83284633E-01 -0.15949685E-01  0.67147427E-06
  0.12743168E+01  0.83058281E-01 -0.15847914E-01  0.68571095E-06
  0.12750085E+01  0.82831720E-01 -0.15745235E-01  0.69924965E-06
  0.12757002E+01  0.82604957E-01 -0.15641659E-01  0.71207730E-06
  0.12763919E+01  0.82377998E-01 -0.15537195E-01  0.72418152E-06
  0.12770836E+01  0.82150849E-01 -0.15431853E-01  0.73555012E-06
  0.12777753E+01  0.81923515E-01 -0.15325644E-01  0.74617126E-06
  0.12784670E+01  0.81696004E-01 -0.15218576E-01  0.75603378E-06
  0.12791587E+01  0.81468321E-01 -0.15110660E-01  0.76512676E-06
  0.12798504E+01  0.81240472E-01 -0.15001907E-01  0.77343941E-06
  0.12805421E+01  0.81012463E-01 -0.14892325E-01  0.78096199E-06
  0.12812338E+01  0.80784299E-01 -0.14781926E-01  0.78768483E-06
  0.12819255E+01  0.80555987E-01 -0.14670719E-01  0.79359853E-06
  0.12826172E+01  0.80327532E-01 -0.14558715E-01  0.79869471E-06
  0.12833089E+01  0.80098940E-01 -0.14445923E-01  0.80296492E-06
  0.12840006E+01  0.79870217E-01 -0.14332354E-01  0.80640149E-06
  0.12846923E+01  0.79641367E-01 -0.14218017E-01  0.80899708E-06
  0.12853840E+01  0.79412398E-01 -0.14102924E-01  0.81074484E-06
  0.12860757E+01  0.79183314E-01 -0.13987084E-01  0.81163866E-06
  0.12867674E+01  0.78954120E-01 -0.13870508E-01  0.81167263E-06
  0.12874591E+01  0.78724823E-01 -0.13753206E-01  0.81084138E-06
  0.12881508E+01  0.78495428E-01 -0.13635187E-01  0.80914031E-06
  0.12888425E+01  0.78265939E-01 -0.13516463E-01  0.80656517E-06
  0.12895342E+01  0.78036363E-01 -0.13397044E-01  0.80311209E-06
  0.12902259E+01  0.77806705E-01 -0.13276940E-01  0.79877804E-06
  0.12909176E+01  0.77576970E-01 -0.13156161E-01  0.79356021E-06
  0.12916093E+01  0.77347163E-01 -0.13034717E-01  0.78745654E-06
  0.12923010E+01  0.77117289E-01 -0.12912620E-01  0.78046540E-06
  0.12929927E+01  0.76887354E-01 -0.12789878E-01  0.77258604E-06
  0.12936844E+01  0.76657363E-01 -0.12666503E-01  0.76381763E-06
  0.12943761E+01  0.76427320E-01 -0.12542505E-01  0.75416039E-06
  0.12950678E+01  0.76197232E-01 -0.12417894E-01  0.74361498E-06
  0.12957595E+01  0.75967102E-01 -0.12292681E-01  0.73218248E-06
  0.12964512E+01  0.75736936E-01 -0.12166875E-01  0.71986463E-06
  0.12971429E+01  0.75506739E-01 -0.12040488E-01  0.70666375E-06
  0.12978346E+01  0.75276516E-01 -0.11913529E-01  0.69258265E-06
  0.12985263E+01  0.75046271E-01 -0.11786009E-01  0.67762476E-06
  0.12992180E+01  0.74816010E-01 -0.11657937E-01  0.66179402E-06
  0.12999097E+01  0.74585737E-01 -0.11529326E-01  0.64509502E-06
  0.13006014E+01  0.74355458E-01 -0.11400183E-01  0.62753264E-06
  0.13012931E+01  0.74125176E-01 -0.11270521E-01  0.60911266E-06
  0.13019848E+01  0.73894896E-01 -0.11140349E-01  0.58984116E-06
  0.13026765E+01  0.73664624E-01 -0.11009678E-01  0.56972496E-06
  0.13033682E+01  0.73434364E-01 -0.10878517E-01  0.54877117E-06
  0.13040599E+01  0.73204121E-01 -0.10746877E-01  0.52698774E-06
  0.13047516E+01  0.72973898E-01 -0.10614768E-01  0.50438307E-06
  0.13054433E+01  0.72743702E-01 -0.10482201E-01  0.48096580E-06
  0.13061350E+01  0.72513535E-01 -0.10349185E-01  0.45674558E-06
  0.13068267E+01  0.72283404E-01 -0.10215731E-01  0.43173220E-06
  0.13075184E+01  0.72053312E-01 -0.10081848E-01  0.40593626E-06
  0.13082101E+01  0.71823263E-01 -0.99475482E-02  0.37936865E-06
  0.13089018E+01  0.71593263E-01 -0.98128401E-02  0.35204080E-06
  0.13095935E+01  0.71363315E-01 -0.96777343E-02  0.32396493E-06
  0.13102852E+01  0.71133424E-01 -0.95422408E-02  0.29515329E-06
  0.13109769E+01  0.70903595E-01 -0.94063696E-02  0.26561897E-06
  0.13116686E+01  0.70673831E-01 -0.92701308E-02  0.23537548E-06
  0.13123603E+01  0.70444137E-01 -0.91335344E-02  0.20443669E-06
  0.13130520E+01  0.70214517E-01 -0.89965905E-02  0.17281710E-06
  0.13137437E+01  0.69984976E-01 -0.88593089E-02  0.14053150E-06
  0.13144354E+01  0.69755517E-01 -0.87216996E-02  0.10759524E-06
  0.13151271E+01  0.69526145E-01 -0.85837725E-02  0.74024064E-07
  0.13158188E+01  0.69296864E-01 -0.84455374E-02  0.39834263E-07
  0.13165105E+01  0.69067678E-01 -0.83070043E-02  0.50423331E-08
  0.13172022E+01  0.68838592E-01 -0.81681830E-02 -0.30334526E-07
  0.13178939E+01  0.68609608E-01 -0.80290833E-02 -0.66279054E-07
  0.13185856E+01  0.68380732E-01 -0.78897149E-02 -0.10277329E-06
  0.13192773E+01  0.68151967E-01 -0.77500875E-02 -0.13979911E-06
  0.13199690E+01  0.67923318E-01 -0.76102110E-02 -0.17733784E-06
  0.13206607E+01  0.67694788E-01 -0.74700949E-02 -0.21537056E-06
  0.13213524E+01  0.67466382E-01 -0.73297488E-02 -0.25387802E-06
  0.13220441E+01  0.67238102E-01 -0.71891825E-02 -0.29284056E-06
  0.13227358E+01  0.67009954E-01 -0.70484055E-02 -0.33223827E-06
  0.13234275E+01  0.66781941E-01 -0.69074273E-02 -0.37205082E-06
  0.13241192E+01  0.66554067E-01 -0.67662575E-02 -0.41225767E-06
  0.13248109E+01  0.66326335E-01 -0.66249055E-02 -0.45283807E-06
  0.13255026E+01  0.66098750E-01 -0.64833807E-02 -0.49377080E-06
  0.13261943E+01  0.65871316E-01 -0.63416925E-02 -0.53503454E-06
  0.13268860E+01  0.65644035E-01 -0.61998504E-02 -0.57660764E-06
  0.13275777E+01  0.65416913E-01 -0.60578636E-02 -0.61846829E-06
  0.13282694E+01  0.65189952E-01 -0.59157415E-02 -0.66059441E-06
  0.13289611E+01  0.64963157E-01 -0.57734932E-02 -0.70296366E-06
  0.13296528E+01  0.64736530E-01 -0.56311281E-02 -0.74555372E-06
  0.13303446E+01  0.64510076E-01 -0.54886552E-02 -0.78834189E-06
  0.13310363E+01  0.64283799E-01 -0.53460837E-02 -0.83130537E-06
  0.13317280E+01  0.64057701E-01 -0.52034228E-02 -0.87442128E-06
  0.13324197E+01  0.63831787E-01 -0.50606813E-02 -0.91766646E-06
  0.13331114E+01  0.63606060E-01 -0.49178685E-02 -0.96101783E-06
  0.13338031E+01  0.63380523E-01 -0.47749932E-02 -0.10044521E-05
  0.13344948E+01  0.63155181E-01 -0.46320643E-02 -0.10479458E-05
  0.13351865E+01  0.62930036E-01 -0.44890908E-02 -0.10914756E-05
  0.13358782E+01  0.62705092E-01 -0.43460815E-02 -0.11350180E-05
  0.13365699E+01  0.62480353E-01 -0.42030452E-02 -0.11785495E-05
  0.13372616E+01  0.62255822E-01 -0.40599906E-02 -0.12220465E-05
  0.13379533E+01  0.62031503E-01 -0.39169265E-02 -0.12654856E-05
  0.13386450E+01  0.61807398E-01 -0.37738616E-02 -0.13088429E-05
  0.13393367E+01  0.61583512E-01 -0.36308044E-02 -0.13520952E-05
  0.13400284E+01  0.61359847E-01 -0.34877635E-02 -0.13952189E-05
  0.13407201E+01  0.61136407E-01 -0.33447475E-02 -0.14381907E-05
  0.13414118E+01  0.60913196E-01 -0.32017649E-02 -0.14809870E-05
  0.13421035E+01  0.60690216E-01 -0.30588241E-02 -0.15235847E-05
  0.13427952E+01  0.60467471E-01 -0.29159334E-02 -0.15659606E-05
  0.13434869E+01  0.60244964E-01 -0.27731013E-02 -0.16080917E-05
  0.13441786E+01  0.60022698E-01 -0.26303361E-02 -0.16499549E-05
  0.13448703E+01  0.59800677E-01 -0.24876459E-02 -0.16915275E-05
  0.13455620E+01  0.59578903E-01 -0.23450391E-02 -0.17327869E-05
  0.13462537E+01  0.59357381E-01 -0.22025237E-02 -0.17737106E-05
  0.13469454E+01  0.59136112E-01 -0.20601079E-02 -0.18142764E-05
  0.13476371E+01  0.58915101E-01 -0.19177997E-02 -0.18544623E-05
  0.13483288E+01  0.58694350E-01 -0.17756072E-02 -0.18942464E-05
  0.13490205E+01  0.58473863E-01 -0.16335383E-02 -0.19336071E-05
  0.13497122E+01  0.58253642E-01 -0.14916009E-02 -0.19725231E-05
  0.13504039E+01  0.58033691E-01 -0.13498029E-02 -0.20109733E-05
  0.13510956E+01  0.57814012E-01 -0.12081522E-02 -0.20489369E-05
  0.13517873E+01  0.57594609E-01 -0.10666564E-02 -0.20863934E-05
  0.13524790E+01  0.57375484E-01 -0.92532327E-03 -0.21233225E-05
  0.13531707E+01  0.57156642E-01 -0.78416053E-03 -0.21597045E-05
  0.13538624E+01  0.56938083E-01 -0.64317577E-03 -0.21955197E-05
  0.13545541E+01  0.56719813E-01 -0.50237654E-03 -0.22307489E-05
  0.13552458E+01  0.56501832E-01 -0.36177037E-03 -0.22653734E-05
  0.13559375E+01  0.56284145E-01 -0.22136471E-03 -0.22993745E-05
  0.13566292E+01  0.56066755E-01 -0.81166974E-04 -0.23327341E-05
  0.13573209E+01  0.55849663E-01  0.58815475E-04 -0.23654347E-05
  0.13580126E+01  0.55632873E-01  0.19857533E-03 -0.23974588E-05
  0.13587043E+01  0.55416388E-01  0.33810534E-03 -0.24287896E-05
  0.13593960E+01  0.55200211E-01  0.47739829E-03 -0.24594106E-05
  0.13600877E+01  0.54984344E-01  0.61644704E-03 -0.24893058E-05
  0.13607794E+01  0.54768790E-01  0.75524448E-03 -0.25184596E-05
  0.13614711E+01  0.54553552E-01  0.89378358E-03 -0.25468570E-05
  0.13621628E+01  0.54338633E-01  0.10320573E-02 -0.25744832E-05
  0.13628545E+01  0.54124035E-01  0.11700588E-02 -0.26013240E-05
  0.13635462E+01  0.53909761E-01  0.13077811E-02 -0.26273660E-05
  0.13642379E+01  0.53695813E-01  0.14452173E-02 -0.26525957E-05
  0.13649296E+01  0.53482195E-01  0.15823608E-02 -0.26770006E-05
  0.13656213E+01  0.53268909E-01  0.17192047E-02 -0.27005685E-05
  0.13663130E+01  0.53055958E-01  0.18557424E-02 -0.27232877E-05
  0.13670047E+01  0.52843344E-01  0.19919673E-02 -0.27451472E-05
  0.13676964E+01  0.52631069E-01  0.21278728E-02 -0.27661364E-05
  0.13683881E+01  0.52419137E-01  0.22634524E-02 -0.27862451E-05
  0.13690798E+01  0.52207550E-01  0.23986996E-02 -0.28054640E-05
  0.13697715E+01  0.51996310E-01  0.25336079E-02 -0.28237841E-05
  0.13704632E+01  0.51785420E-01  0.26681712E-02 -0.28411970E-05
  0.13711549E+01  0.51574883E-01  0.28023829E-02 -0.28576950E-05
  0.13718466E+01  0.51364700E-01  0.29362370E-02 -0.28732708E-05
  0.13725383E+01  0.51154875E-01  0.30697272E-02 -0.28879176E-05
  0.13732300E+01  0.50945409E-01  0.32028473E-02 -0.29016296E-05
  0.13739217E+01  0.50736306E-01  0.33355913E-02 -0.29144010E-05
  0.13746134E+01  0.50527567E-01  0.34679531E-02 -0.29262271E-05
  0.13753051E+01  0.50319195E-01  0.35999267E-02 -0.29371034E-05
  0.13759968E+01  0.50111192E-01  0.37315063E-02 -0.29470263E-05
  0.13766885E+01  0.49903561E-01  0.38626859E-02 -0.29559926E-05
  0.13773802E+01  0.49696304E-01  0.39934598E-02 -0.29639998E-05
  0.13780719E+01  0.49489423E-01  0.41238221E-02 -0.29710458E-05
  0.13787636E+01  0.49282921E-01  0.42537671E-02 -0.29771293E-05
  0.13794553E+01  0.49076800E-01  0.43832893E-02 -0.29822495E-05
  0.13801470E+01  0.48871061E-01  0.45123829E-02 -0.29864063E-05
  0.13808387E+01  0.48665708E-01  0.46410425E-02 -0.29896001E-05
  0.13815304E+01  0.48460742E-01  0.47692625E-02 -0.29918318E-05
  0.13822221E+01  0.48256165E-01  0.48970374E-02 -0.29931032E-05
  0.13829138E+01  0.48051981E-01  0.50243620E-02 -0.29934162E-05
  0.13836055E+01  0.47848190E-01  0.51512309E-02 -0.29927738E-05
  0.13842972E+01  0.47644796E-01  0.52776387E-02 -0.29911794E-05
  0.13849889E+01  0.47441800E-01  0.54035803E-02 -0.29886367E-05
  0.13856806E+01  0.47239204E-01  0.55290504E-02 -0.29851503E-05
  0.13863723E+01  0.47037010E-01  0.56540440E-02 -0.29807255E-05
  0.13870640E+01  0.46835221E-01  0.57785560E-02 -0.29753677E-05
  0.13877557E+01  0.46633838E-01  0.59025813E-02 -0.29690832E-05
  0.13884475E+01  0.46432864E-01  0.60261150E-02 -0.29618788E-05
  0.13891392E+01  0.46232300E-01  0.61491522E-02 -0.29537619E-05
  0.13898309E+01  0.46032148E-01  0.62716881E-02 -0.29447403E-05
  0.13905226E+01  0.45832411E-01  0.63937177E-02 -0.29348224E-05
  0.13912143E+01  0.45633091E-01  0.65152365E-02 -0.29240172E-05
  0.13919060E+01  0.45434188E-01  0.66362396E-02 -0.29123341E-05
  0.13925977E+01  0.45235706E-01  0.67567224E-02 -0.28997832E-05
  0.13932894E+01  0.45037646E-01  0.68766804E-02 -0.28863750E-05
  0.13939811E+01  0.44840009E-01  0.69961090E-02 -0.28721205E-05
  0.13946728E+01  0.44642799E-01  0.71150036E-02 -0.28570313E-05
  0.13953645E+01  0.44446016E-01  0.72333599E-02 -0.28411192E-05
  0.13960562E+01  0.44249662E-01  0.73511735E-02 -0.28243968E-05
  0.13967479E+01  0.44053740E-01  0.74684401E-02 -0.28068770E-05
  0.13974396E+01  0.43858250E-01  0.75851553E-02 -0.27885732E-05
  0.13981313E+01  0.43663196E-01  0.77013149E-02 -0.27694992E-05
  0.13988230E+01  0.43468578E-01  0.78169148E-02 -0.27496694E-05
  0.13995147E+01  0.43274398E-01  0.79319508E-02 -0.27290984E-05
  0.14002064E+01  0.43080657E-01  0.80464188E-02 -0.27078014E-05
  0.14008981E+01  0.42887359E-01  0.81603149E-02 -0.26857938E-05
  0.14015898E+01  0.42694503E-01  0.82736350E-02 -0.26630916E-05
  0.14022815E+01  0.42502093E-01  0.83863752E-02 -0.26397110E-05
  0.14029732E+01  0.42310129E-01  0.84985317E-02 -0.26156687E-05
  0.14036649E+01  0.42118613E-01  0.86101006E-02 -0.25909817E-05
  0.14043566E+01  0.41927547E-01  0.87210782E-02 -0.25656674E-05
  0.14050483E+01  0.41736931E-01  0.88314607E-02 -0.25397434E-05
  0.14057400E+01  0.41546769E-01  0.89412444E-02 -0.25132277E-05
  0.14064317E+01  0.41357061E-01  0.90504258E-02 -0.24861386E-05
  0.14071234E+01  0.41167809E-01  0.91590012E-02 -0.24584947E-05
  0.14078151E+01  0.40979014E-01  0.92669672E-02 -0.24303148E-05
  0.14085068E+01  0.40790678E-01  0.93743202E-02 -0.24016181E-05
  0.14091985E+01  0.40602802E-01  0.94810569E-02 -0.23724238E-05
  0.14098902E+01  0.40415388E-01  0.95871738E-02 -0.23427516E-05
  0.14105819E+01  0.40228436E-01  0.96926677E-02 -0.23126212E-05
  0.14112736E+01  0.40041950E-01  0.97975352E-02 -0.22820527E-05
  0.14119653E+01  0.39855929E-01  0.99017732E-02 -0.22510664E-05
  0.14126570E+01  0.39670375E-01  0.10005378E-01 -0.22196823E-05
  0.14133487E+01  0.39485290E-01  0.10108348E-01 -0.21879213E-05
  0.14140404E+01  0.39300675E-01  0.10210678E-01 -0.21558039E-05
  0.14147321E+01  0.39116531E-01  0.10312366E-01 -0.21233508E-05
  0.14154238E+01  0.38932859E-01  0.10413409E-01 -0.20905830E-05
  0.14161155E+01  0.38749661E-01  0.10513805E-01 -0.20575215E-05
  0.14168072E+01  0.38566938E-01  0.10613549E-01 -0.20241873E-05
  0.14174989E+01  0.38384692E-01  0.10712640E-01 -0.19906016E-05
  0.14181906E+01  0.38202922E-01  0.10811074E-01 -0.19567856E-05
  0.14188823E+01  0.38021631E-01  0.10908849E-01 -0.19227605E-05
  0.14195740E+01  0.37840820E-01  0.11005962E-01 -0.18885475E-05
  0.14202657E+01  0.37660490E-01  0.11102410E-01 -0.18541679E-05
  0.14209574E+01  0.37480642E-01  0.11198191E-01 -0.18196429E-05
  0.14216491E+01  0.37301277E-01  0.11293302E-01 -0.17849938E-05
  0.14223408E+01  0.37122396E-01  0.11387741E-01 -0.17502416E-05
  0.14230325E+01  0.36944001E-01  0.11481505E-01 -0.17154075E-05
  0.14237242E+01  0.36766092E-01  0.11574591E-01 -0.16805126E-05
  0.14244159E+01  0.36588670E-01  0.11666998E-01 -0.16455777E-05
  0.14251076E+01  0.36411737E-01  0.11758723E-01 -0.16106237E-05
  0.14257993E+01  0.36235293E-01  0.11849764E-01 -0.15756712E-05
  0.14264910E+01  0.36059340E-01  0.11940117E-01 -0.15407411E-05
  0.14271827E+01  0.35883878E-01  0.12029782E-01 -0.15058535E-05
  0.14278744E+01  0.35708908E-01  0.12118756E-01 -0.14710289E-05
  0.14285661E+01  0.35534431E-01  0.12207037E-01 -0.14362873E-05
  0.14292578E+01  0.35360449E-01  0.12294622E-01 -0.14016486E-05
  0.14299495E+01  0.35186962E-01  0.12381510E-01 -0.13671325E-05
  0.14306412E+01  0.35013970E-01  0.12467699E-01 -0.13327585E-05
  0.14313329E+01  0.34841476E-01  0.12553187E-01 -0.12985459E-05
  0.14320246E+01  0.34669479E-01  0.12637971E-01 -0.12645136E-05
  0.14327163E+01  0.34497980E-01  0.12722050E-01 -0.12306804E-05
  0.14334080E+01  0.34326981E-01  0.12805423E-01 -0.11970647E-05
  0.14340997E+01  0.34156481E-01  0.12888086E-01 -0.11636848E-05
  0.14347914E+01  0.33986483E-01  0.12970040E-01 -0.11305584E-05
  0.14354831E+01  0.33816985E-01  0.13051280E-01 -0.10977032E-05
  0.14361748E+01  0.33647990E-01  0.13131808E-01 -0.10651365E-05
  0.14368665E+01  0.33479498E-01  0.13211619E-01 -0.10328751E-05
  0.14375582E+01  0.33311510E-01  0.13290714E-01 -0.10009355E-05
  0.14382499E+01  0.33144025E-01  0.13369090E-01 -0.96933398E-06
  0.14389416E+01  0.32977046E-01  0.13446745E-01 -0.93808636E-06
  0.14396333E+01  0.32810572E-01  0.13523680E-01 -0.90720815E-06
  0.14403250E+01  0.32644604E-01  0.13599891E-01 -0.87671429E-06
  0.14410167E+01  0.32479143E-01  0.13675377E-01 -0.84661954E-06
  0.14417084E+01  0.32314189E-01  0.13750138E-01 -0.81693815E-06
  0.14424001E+01  0.32149743E-01  0.13824172E-01 -0.78768380E-06
  0.14430918E+01  0.31985806E-01  0.13897477E-01 -0.75887000E-06
  0.14437835E+01  0.31822377E-01  0.13970052E-01 -0.73050967E-06
  0.14444752E+01  0.31659458E-01  0.14041897E-01 -0.70261533E-06
  0.14451669E+01  0.31497049E-01  0.14113010E-01 -0.67519905E-06
  0.14458586E+01  0.31335150E-01  0.14183389E-01 -0.64827236E-06
  0.14465503E+01  0.31173761E-01  0.14253034E-01 -0.62184640E-06
  0.14472421E+01  0.31012884E-01  0.14321944E-01 -0.59593183E-06
  0.14479338E+01  0.30852519E-01  0.14390118E-01 -0.57053876E-06
  0.14486255E+01  0.30692666E-01  0.14457554E-01 -0.54567690E-06
  0.14493172E+01  0.30533325E-01  0.14524252E-01 -0.52135539E-06
  0.14500089E+01  0.30374496E-01  0.14590211E-01 -0.49758289E-06
  0.14507006E+01  0.30216181E-01  0.14655430E-01 -0.47436756E-06
  0.14513923E+01  0.30058379E-01  0.14719908E-01 -0.45171705E-06
  0.14520840E+01  0.29901091E-01  0.14783644E-01 -0.42963848E-06
  0.14527757E+01  0.29744317E-01  0.14846638E-01 -0.40813848E-06
  0.14534674E+01  0.29588057E-01  0.14908889E-01 -0.38722306E-06
  0.14541591E+01  0.29432312E-01  0.14970395E-01 -0.36689786E-06
  0.14548508E+01  0.29277081E-01  0.15031158E-01 -0.34716790E-06
  0.14555425E+01  0.29122366E-01  0.15091175E-01 -0.32803759E-06
  0.14562342E+01  0.28968165E-01  0.15150446E-01 -0.30951103E-06
  0.14569259E+01  0.28814480E-01  0.15208971E-01 -0.29159152E-06
  0.14576176E+01  0.28661310E-01  0.15266749E-01 -0.27428199E-06
  0.14583093E+01  0.28508656E-01  0.15323779E-01 -0.25758486E-06
  0.14590010E+01  0.28356517E-01  0.15380062E-01 -0.24150186E-06
  0.14596927E+01  0.28204894E-01  0.15435597E-01 -0.22603429E-06
  0.14603844E+01  0.28053788E-01  0.15490382E-01 -0.21118293E-06
  0.14610761E+01  0.27903197E-01  0.15544419E-01 -0.19694798E-06
  0.14617678E+01  0.27753122E-01  0.15597707E-01 -0.18332906E-06
  0.14624595E+01  0.27603563E-01  0.15650245E-01 -0.17032544E-06
  0.14631512E+01  0.27454521E-01  0.15702033E-01 -0.15793565E-06
  0.14638429E+01  0.27305994E-01  0.15753070E-01 -0.14615779E-06
  0.14645346E+01  0.27157984E-01  0.15803358E-01 -0.13498942E-06
  0.14652263E+01  0.27010489E-01  0.15852894E-01 -0.12442767E-06
  0.14659180E+01  0.26863511E-01  0.15901681E-01 -0.11446898E-06
  0.14666097E+01  0.26717048E-01  0.15949716E-01 -0.10510944E-06
  0.14673014E+01  0.26571102E-01  0.15997000E-01 -0.96344519E-07
  0.14679931E+01  0.26425671E-01  0.16043534E-01 -0.88169292E-07
  0.14686848E+01  0.26280755E-01  0.16089316E-01 -0.80578206E-07
  0.14693765E+01  0.26136355E-01  0.16134348E-01 -0.73565381E-07
  0.14700682E+01  0.25992471E-01  0.16178629E-01 -0.67124328E-07
  0.14707599E+01  0.25849102E-01  0.16222158E-01 -0.61248110E-07
  0.14714516E+01  0.25706247E-01  0.16264937E-01 -0.55929347E-07
  0.14721433E+01  0.25563908E-01  0.16306966E-01 -0.51160188E-07
  0.14728350E+01  0.25422082E-01  0.16348244E-01 -0.46932343E-07
  0.14735267E+01  0.25280772E-01  0.16388771E-01 -0.43237021E-07
  0.14742184E+01  0.25139975E-01  0.16428549E-01 -0.40065049E-07
  0.14749101E+01  0.24999692E-01  0.16467577E-01 -0.37406796E-07
  0.14756018E+01  0.24859923E-01  0.16505855E-01 -0.35252275E-07
  0.14762935E+01  0.24720666E-01  0.16543383E-01 -0.33590946E-07
  0.14769852E+01  0.24581923E-01  0.16580163E-01 -0.32412084E-07
  0.14776769E+01  0.24443692E-01  0.16616194E-01 -0.31704339E-07
  0.14783686E+01  0.24305973E-01  0.16651477E-01 -0.31456156E-07
  0.14790603E+01  0.24168767E-01  0.16686013E-01 -0.31655527E-07
  0.14797520E+01  0.24032071E-01  0.16719800E-01 -0.32290149E-07
  0.14804437E+01  0.23895887E-01  0.16752841E-01 -0.33347277E-07
  0.14811354E+01  0.23760213E-01  0.16785135E-01 -0.34813956E-07
  0.14818271E+01  0.23625050E-01  0.16816684E-01 -0.36676796E-07
  0.14825188E+01  0.23490396E-01  0.16847487E-01 -0.38922130E-07
  0.14832105E+01  0.23356252E-01  0.16877545E-01 -0.41536065E-07
  0.14839022E+01  0.23222616E-01  0.16906858E-01 -0.44504345E-07
  0.14845939E+01  0.23089489E-01  0.16935428E-01 -0.47812440E-07
  0.14852856E+01  0.22956869E-01  0.16963256E-01 -0.51445579E-07
  0.14859773E+01  0.22824757E-01  0.16990340E-01 -0.55388788E-07
  0.14866690E+01  0.22693152E-01  0.17016683E-01 -0.59626778E-07
  0.14873607E+01  0.22562052E-01  0.17042286E-01 -0.64144126E-07
  0.14880524E+01  0.22431459E-01  0.17067147E-01 -0.68925088E-07
  0.14887441E+01  0.22301370E-01  0.17091270E-01 -0.73953834E-07
  0.14894358E+01  0.22171786E-01  0.17114654E-01 -0.79214368E-07
  0.14901275E+01  0.22042705E-01  0.17137300E-01 -0.84690417E-07
  0.14908192E+01  0.21914128E-01  0.17159209E-01 -0.90365641E-07
  0.14915109E+01  0.21786054E-01  0.17180381E-01 -0.96223541E-07
  0.14922026E+01  0.21658481E-01  0.17200819E-01 -0.10224757E-06
  0.14928943E+01  0.21531409E-01  0.17220522E-01 -0.10842092E-06
  0.14935860E+01  0.21404838E-01  0.17239492E-01 -0.11472684E-06
  0.14942777E+01  0.21278767E-01  0.17257729E-01 -0.12114844E-06
  0.14949694E+01  0.21153195E-01  0.17275235E-01 -0.12766877E-06
  0.14956611E+01  0.21028121E-01  0.17292010E-01 -0.13427084E-06
  0.14963528E+01  0.20903544E-01  0.17308056E-01 -0.14093759E-06
  0.14970445E+01  0.20779465E-01  0.17323373E-01 -0.14765202E-06
  0.14977362E+01  0.20655881E-01  0.17337963E-01 -0.15439712E-06
  0.14984279E+01  0.20532793E-01  0.17351826E-01 -0.16115573E-06
  0.14991196E+01  0.20410200E-01  0.17364965E-01 -0.16791099E-06
  0.14998113E+01  0.20288100E-01  0.17377379E-01 -0.17464592E-06
  0.15005030E+01  0.20166492E-01  0.17389071E-01 -0.18134355E-06
  0.15011947E+01  0.20045377E-01  0.17400040E-01 -0.18798710E-06
  0.15018864E+01  0.19924753E-01  0.17410290E-01 -0.19455982E-06
  0.15025781E+01  0.19804619E-01  0.17419820E-01 -0.20104508E-06
  0.15032698E+01  0.19684974E-01  0.17428631E-01 -0.20742634E-06
  0.15039615E+01  0.19565818E-01  0.17436726E-01 -0.21368725E-06
  0.15046532E+01  0.19447149E-01  0.17444106E-01 -0.21981152E-06
  0.15053450E+01  0.19328967E-01  0.17450771E-01 -0.22578308E-06
  0.15060367E+01  0.19211271E-01  0.17456724E-01 -0.23158610E-06
  0.15067284E+01  0.19094059E-01  0.17461964E-01 -0.23720468E-06
  0.15074201E+01  0.18977331E-01  0.17466495E-01 -0.24262350E-06
  0.15081118E+01  0.18861085E-01  0.17470317E-01 -0.24782711E-06
  0.15088035E+01  0.18745322E-01  0.17473431E-01 -0.25280054E-06
  0.15094952E+01  0.18630039E-01  0.17475839E-01 -0.25752888E-06
  0.15101869E+01  0.18515236E-01  0.17477543E-01 -0.26199760E-06
  0.15108786E+01  0.18400911E-01  0.17478543E-01 -0.26619241E-06
  0.15115703E+01  0.18287064E-01  0.17478842E-01 -0.27009922E-06
  0.15122620E+01  0.18173694E-01  0.17478441E-01 -0.27370437E-06
  0.15129537E+01  0.18060799E-01  0.17477341E-01 -0.27699440E-06
  0.15136454E+01  0.17948378E-01  0.17475544E-01 -0.27995620E-06
  0.15143371E+01  0.17836431E-01  0.17473052E-01 -0.28257704E-06
  0.15150288E+01  0.17724956E-01  0.17469865E-01 -0.28484447E-06
  0.15157205E+01  0.17613953E-01  0.17465987E-01 -0.28674641E-06
  0.15164122E+01  0.17503419E-01  0.17461417E-01 -0.28827113E-06
  0.15171039E+01  0.17393354E-01  0.17456158E-01 -0.28940733E-06
  0.15177956E+01  0.17283756E-01  0.17450212E-01 -0.29014399E-06
  0.15184873E+01  0.17174625E-01  0.17443580E-01 -0.29047066E-06
  0.15191790E+01  0.17065960E-01  0.17436263E-01 -0.29037705E-06
  0.15198707E+01  0.16957758E-01  0.17428265E-01 -0.28985357E-06
  0.15205624E+01  0.16850020E-01  0.17419585E-01 -0.28889084E-06
  0.15212541E+01  0.16742743E-01  0.17410226E-01 -0.28747996E-06
  0.15219458E+01  0.16635927E-01  0.17400191E-01 -0.28561255E-06
  0.15226375E+01  0.16529570E-01  0.17389479E-01 -0.28328055E-06
  0.15233292E+01  0.16423670E-01  0.17378094E-01 -0.28047647E-06
  0.15240209E+01  0.16318228E-01  0.17366037E-01 -0.27719330E-06
  0.15247126E+01  0.16213241E-01  0.17353309E-01 -0.27342433E-06
  0.15254043E+01  0.16108708E-01  0.17339914E-01 -0.26916356E-06
  0.15260960E+01  0.16004629E-01  0.17325852E-01 -0.26440528E-06
  0.15267877E+01  0.15901000E-01  0.17311125E-01 -0.25914441E-06
  0.15274794E+01  0.15797822E-01  0.17295735E-01 -0.25337620E-06
  0.15281711E+01  0.15695093E-01  0.17279685E-01 -0.24709665E-06
  0.15288628E+01  0.15592812E-01  0.17262976E-01 -0.24030205E-06
  0.15295545E+01  0.15490977E-01  0.17245609E-01 -0.23298929E-06
  0.15302462E+01  0.15389587E-01  0.17227588E-01 -0.22515571E-06
  0.15309379E+01  0.15288640E-01  0.17208913E-01 -0.21679929E-06
  0.15316296E+01  0.15188136E-01  0.17189587E-01 -0.20791839E-06
  0.15323213E+01  0.15088073E-01  0.17169612E-01 -0.19851203E-06
  0.15330130E+01  0.14988448E-01  0.17148990E-01 -0.18857963E-06
  0.15337047E+01  0.14889262E-01  0.17127723E-01 -0.17812118E-06
  0.15343964E+01  0.14790513E-01  0.17105812E-01 -0.16713729E-06
  0.15350881E+01  0.14692199E-01  0.17083261E-01 -0.15562896E-06
  0.15357798E+01  0.14594318E-01  0.17060070E-01 -0.14359783E-06
  0.15364715E+01  0.14496870E-01  0.17036242E-01 -0.13104594E-06
  0.15371632E+01  0.14399852E-01  0.17011779E-01 -0.11797600E-06
  0.15378549E+01  0.14303265E-01  0.16986684E-01 -0.10439121E-06
  0.15385466E+01  0.14207105E-01  0.16960958E-01 -0.90295253E-07
  0.15392383E+01  0.14111371E-01  0.16934603E-01 -0.75692344E-07
  0.15399300E+01  0.14016062E-01  0.16907621E-01 -0.60587311E-07
  0.15406217E+01  0.13921177E-01  0.16880016E-01 -0.44985361E-07
  0.15413134E+01  0.13826714E-01  0.16851788E-01 -0.28892357E-07
  0.15420051E+01  0.13732672E-01  0.16822940E-01 -0.12314549E-07
  0.15426968E+01  0.13639048E-01  0.16793474E-01  0.47411309E-08
  0.15433885E+01  0.13545842E-01  0.16763393E-01  0.22267450E-07
  0.15440802E+01  0.13453052E-01  0.16732698E-01  0.40256489E-07
  0.15447719E+01  0.13360676E-01  0.16701392E-01  0.58699979E-07
  0.15454636E+01  0.13268712E-01  0.16669478E-01  0.77588974E-07
  0.15461553E+01  0.13177160E-01  0.16636956E-01  0.96914264E-07
  0.15468470E+01  0.13086018E-01  0.16603830E-01  0.11666596E-06
  0.15475387E+01  0.12995284E-01  0.16570102E-01  0.13683385E-06
  0.15482304E+01  0.12904956E-01  0.16535774E-01  0.15740715E-06
  0.15489221E+01  0.12815033E-01  0.16500848E-01  0.17837463E-06
  0.15496138E+01  0.12725514E-01  0.16465327E-01  0.19972472E-06
  0.15503055E+01  0.12636396E-01  0.16429214E-01  0.22144520E-06
  0.15509972E+01  0.12547678E-01  0.16392509E-01  0.24352361E-06
  0.15516889E+01  0.12459359E-01  0.16355216E-01  0.26594694E-06
  0.15523806E+01  0.12371436E-01  0.16317337E-01  0.28870184E-06
  0.15530723E+01  0.12283909E-01  0.16278875E-01  0.31177449E-06
  0.15537640E+01  0.12196776E-01  0.16239832E-01  0.33515069E-06
  0.15544557E+01  0.12110034E-01  0.16200209E-01  0.35881586E-06
  0.15551474E+01  0.12023682E-01  0.16160010E-01  0.38275507E-06
  0.15558391E+01  0.11937719E-01  0.16119237E-01  0.40695292E-06
  0.15565308E+01  0.11852143E-01  0.16077893E-01  0.43139382E-06
  0.15572225E+01  0.11766953E-01  0.16035979E-01  0.45606166E-06
  0.15579142E+01  0.11682146E-01  0.15993498E-01  0.48094012E-06
  0.15586059E+01  0.11597720E-01  0.15950453E-01  0.50601253E-06
  0.15592976E+01  0.11513675E-01  0.15906846E-01  0.53126184E-06
  0.15599893E+01  0.11430009E-01  0.15862680E-01  0.55667082E-06
  0.15606810E+01  0.11346719E-01  0.15817957E-01  0.58222186E-06
  0.15613727E+01  0.11263804E-01  0.15772679E-01  0.60789717E-06
  0.15620644E+01  0.11181262E-01  0.15726850E-01  0.63367861E-06
  0.15627561E+01  0.11099093E-01  0.15680470E-01  0.65954786E-06
  0.15634479E+01  0.11017293E-01  0.15633544E-01  0.68548635E-06
  0.15641396E+01  0.10935861E-01  0.15586074E-01  0.71147529E-06
  0.15648313E+01  0.10854795E-01  0.15538061E-01  0.73749571E-06
  0.15655230E+01  0.10774095E-01  0.15489509E-01  0.76352843E-06
  0.15662147E+01  0.10693757E-01  0.15440420E-01  0.78955412E-06
  0.15669064E+01  0.10613780E-01  0.15390797E-01  0.81555328E-06
  0.15675981E+01  0.10534163E-01  0.15340642E-01  0.84150623E-06
  0.15682898E+01  0.10454903E-01  0.15289958E-01  0.86739329E-06
  0.15689815E+01  0.10375999E-01  0.15238747E-01  0.89319449E-06
  0.15696732E+01  0.10297449E-01  0.15187012E-01  0.91888991E-06
  0.15703649E+01  0.10219252E-01  0.15134756E-01  0.94445948E-06
  0.15710566E+01  0.10141405E-01  0.15081981E-01  0.96988307E-06
  0.15717483E+01  0.10063906E-01  0.15028690E-01  0.99514053E-06
  0.15724400E+01  0.99867547E-02  0.14974884E-01  0.10202116E-05
  0.15731317E+01  0.99099483E-02  0.14920568E-01  0.10450762E-05
  0.15738234E+01  0.98334852E-02  0.14865744E-01  0.10697139E-05
  0.15745151E+01  0.97573636E-02  0.14810414E-01  0.10941047E-05
  0.15752068E+01  0.96815816E-02  0.14754581E-01  0.11182282E-05
  0.15758985E+01  0.96061375E-02  0.14698247E-01  0.11420644E-05
  0.15765902E+01  0.95310294E-02  0.14641415E-01  0.11655932E-05
  0.15772819E+01  0.94562554E-02  0.14584089E-01  0.11887947E-05
  0.15779736E+01  0.93818138E-02  0.14526269E-01  0.12116488E-05
  0.15786653E+01  0.93077028E-02  0.14467960E-01  0.12341358E-05
  0.15793570E+01  0.92339204E-02  0.14409164E-01  0.12562360E-05
  0.15800487E+01  0.91604648E-02  0.14349884E-01  0.12779299E-05
  0.15807404E+01  0.90873342E-02  0.14290121E-01  0.12991981E-05
  0.15814321E+01  0.90145268E-02  0.14229880E-01  0.13200215E-05
  0.15821238E+01  0.89420406E-02  0.14169162E-01  0.13403809E-05
  0.15828155E+01  0.88698739E-02  0.14107971E-01  0.13602576E-05
  0.15835072E+01  0.87980247E-02  0.14046309E-01  0.13796330E-05
  0.15841989E+01  0.87264911E-02  0.13984178E-01  0.13984887E-05
  0.15848906E+01  0.86552715E-02  0.13921582E-01  0.14168066E-05
  0.15855823E+01  0.85843637E-02  0.13858524E-01  0.14345689E-05
  0.15862740E+01  0.85137660E-02  0.13795005E-01  0.14517579E-05
  0.15869657E+01  0.84434765E-02  0.13731029E-01  0.14683564E-05
  0.15876574E+01  0.83734934E-02  0.13666599E-01  0.14843475E-05
  0.15883491E+01  0.83038146E-02  0.13601717E-01  0.14997144E-05
  0.15890408E+01  0.82344384E-02  0.13536386E-01  0.15144408E-05
  0.15897325E+01  0.81653628E-02  0.13470609E-01  0.15285109E-05
  0.15904242E+01  0.80965860E-02  0.13404388E-01  0.15419089E-05
  0.15911159E+01  0.80281061E-02  0.13337727E-01  0.15546196E-05
  0.15918076E+01  0.79599211E-02  0.13270628E-01  0.15666282E-05
  0.15924993E+01  0.78920291E-02  0.13203093E-01  0.15779202E-05
  0.15931910E+01  0.78244283E-02  0.13135127E-01  0.15884816E-05
  0.15938827E+01  0.77571168E-02  0.13066731E-01  0.15982989E-05
  0.15945744E+01  0.76900925E-02  0.12997908E-01  0.16073587E-05
  0.15952661E+01  0.76233538E-02  0.12928661E-01  0.16156485E-05
  0.15959578E+01  0.75568985E-02  0.12858993E-01  0.16231559E-05
  0.15966495E+01  0.74907248E-02  0.12788907E-01  0.16298692E-05
  0.15973412E+01  0.74248308E-02  0.12718405E-01  0.16357771E-05
  0.15980329E+01  0.73592145E-02  0.12647491E-01  0.16408687E-05
  0.15987246E+01  0.72938741E-02  0.12576166E-01  0.16451337E-05
  0.15994163E+01  0.72288076E-02  0.12504435E-01  0.16485624E-05
  0.16001080E+01  0.71640130E-02  0.12432300E-01  0.16511454E-05
  0.16007997E+01  0.70994885E-02  0.12359763E-01  0.16528741E-05
  0.16014914E+01  0.70352322E-02  0.12286828E-01  0.16537402E-05
  0.16021831E+01  0.69712420E-02  0.12213496E-01  0.16537360E-05
  0.16028748E+01  0.69075161E-02  0.12139773E-01  0.16528545E-05
  0.16035665E+01  0.68440524E-02  0.12065659E-01  0.16510891E-05
  0.16042582E+01  0.67808492E-02  0.11991158E-01  0.16484338E-05
  0.16049499E+01  0.67179044E-02  0.11916272E-01  0.16448833E-05
  0.16056416E+01  0.66552161E-02  0.11841005E-01  0.16404327E-05
  0.16063333E+01  0.65927824E-02  0.11765360E-01  0.16350778E-05
  0.16070250E+01  0.65306012E-02  0.11689339E-01  0.16288149E-05
  0.16077167E+01  0.64686708E-02  0.11612945E-01  0.16216411E-05
  0.16084084E+01  0.64069890E-02  0.11536181E-01  0.16135539E-05
  0.16091001E+01  0.63455541E-02  0.11459050E-01  0.16045514E-05
  0.16097918E+01  0.62843639E-02  0.11381554E-01  0.15946325E-05
  0.16104835E+01  0.62234166E-02  0.11303698E-01  0.15837965E-05
  0.16111752E+01  0.61627102E-02  0.11225482E-01  0.15720435E-05
  0.16118669E+01  0.61022428E-02  0.11146912E-01  0.15593740E-05
  0.16125586E+01  0.60420124E-02  0.11067988E-01  0.15457895E-05
  0.16132503E+01  0.59820171E-02  0.10988714E-01  0.15312916E-05
  0.16139420E+01  0.59222548E-02  0.10909094E-01  0.15158829E-05
  0.16146337E+01  0.58627237E-02  0.10829129E-01  0.14995665E-05
  0.16153254E+01  0.58034217E-02  0.10748824E-01  0.14823462E-05
  0.16160171E+01  0.57443470E-02  0.10668180E-01  0.14642263E-05
  0.16167088E+01  0.56854975E-02  0.10587200E-01  0.14452119E-05
  0.16174005E+01  0.56268713E-02  0.10505888E-01  0.14253084E-05
  0.16180922E+01  0.55684665E-02  0.10424247E-01  0.14045222E-05
  0.16187839E+01  0.55102810E-02  0.10342279E-01  0.13828601E-05
  0.16194756E+01  0.54523129E-02  0.10259987E-01  0.13603295E-05
  0.16201673E+01  0.53945603E-02  0.10177374E-01  0.13369385E-05
  0.16208590E+01  0.53370211E-02  0.10094443E-01  0.13126957E-05
  0.16215507E+01  0.52796934E-02  0.10011197E-01  0.12876105E-05
  0.16222425E+01  0.52225753E-02  0.99276391E-02  0.12616927E-05
  0.16229342E+01  0.51656647E-02  0.98437717E-02  0.12349528E-05
  0.16236259E+01  0.51089597E-02  0.97595981E-02  0.12074017E-05
  0.16243176E+01  0.50524583E-02  0.96751209E-02  0.11790513E-05
  0.16250093E+01  0.49961586E-02  0.95903433E-02  0.11499135E-05
  0.16257010E+01  0.49400586E-02  0.95052681E-02  0.11200013E-05
  0.16263927E+01  0.48841563E-02  0.94198983E-02  0.10893280E-05
  0.16270844E+01  0.48284498E-02  0.93342366E-02  0.10579074E-05
  0.16277761E+01  0.47729370E-02  0.92482862E-02  0.10257541E-05
  0.16284678E+01  0.47176160E-02  0.91620498E-02  0.99288287E-06
  0.16291595E+01  0.46624849E-02  0.90755305E-02  0.95930934E-06
  0.16298512E+01  0.46075415E-02  0.89887311E-02  0.92504953E-06
  0.16305429E+01  0.45527841E-02  0.89016546E-02  0.89011994E-06
  0.16312346E+01  0.44982106E-02  0.88143039E-02  0.85453762E-06
  0.16319263E+01  0.44438190E-02  0.87266819E-02  0.81832009E-06
  0.16326180E+01  0.43896074E-02  0.86387916E-02  0.78148536E-06
  0.16333097E+01  0.43355737E-02  0.85506358E-02  0.74405189E-06
  0.16340014E+01  0.42817160E-02  0.84622176E-02  0.70603861E-06
  0.16346931E+01  0.42280324E-02  0.83735398E-02  0.66746488E-06
  0.16353848E+01  0.41745208E-02  0.82846055E-02  0.62835053E-06
  0.16360765E+01  0.41211793E-02  0.81954174E-02  0.58871577E-06
  0.16367682E+01  0.40680059E-02  0.81059786E-02  0.54858122E-06
  0.16374599E+01  0.40149986E-02  0.80162920E-02  0.50796790E-06
  0.16381516E+01  0.39621555E-02  0.79263605E-02  0.46689724E-06
  0.16388433E+01  0.39094745E-02  0.78361871E-02  0.42539100E-06
  0.16395350E+01  0.38569537E-02  0.77457747E-02  0.38347131E-06
  0.16402267E+01  0.38045911E-02  0.76551263E-02  0.34116059E-06
  0.16409184E+01  0.37523848E-02  0.75642447E-02  0.29848168E-06
  0.16416101E+01  0.37003327E-02  0.74731330E-02  0.25545767E-06
  0.16423018E+01  0.36484329E-02  0.73817940E-02  0.21211192E-06
  0.16429935E+01  0.35966834E-02  0.72902307E-02  0.16846810E-06
  0.16436852E+01  0.35450822E-02  0.71984461E-02  0.12455017E-06
  0.16443769E+01  0.34936274E-02  0.71064431E-02  0.80382284E-07
  0.16450686E+01  0.34423170E-02  0.70142246E-02  0.35988837E-07
  0.16457603E+01  0.33911489E-02  0.69217936E-02 -0.86054981E-08
  0.16464520E+01  0.33401213E-02  0.68291530E-02 -0.53375948E-07
  0.16471437E+01  0.32892321E-02  0.67363058E-02 -0.98297482E-07
  0.16478354E+01  0.32384793E-02  0.66432549E-02 -0.14334493E-06
  0.16485271E+01  0.31878610E-02  0.65500032E-02 -0.18849300E-06
  0.16492188E+01  0.31373753E-02  0.64565538E-02 -0.23371620E-06
  0.16499105E+01  0.30870200E-02  0.63629095E-02 -0.27898899E-06
  0.16506022E+01  0.30367933E-02  0.62690733E-02 -0.32428570E-06
  0.16512939E+01  0.29866932E-02  0.61750481E-02 -0.36958060E-06
  0.16519856E+01  0.29367177E-02  0.60808369E-02 -0.41484786E-06
  0.16526773E+01  0.28868648E-02  0.59864427E-02 -0.46006165E-06
  0.16533690E+01  0.28371325E-02  0.58918684E-02 -0.50519608E-06
  0.16540607E+01  0.27875189E-02  0.57971168E-02 -0.55022526E-06
  0.16547524E+01  0.27380219E-02  0.57021911E-02 -0.59512333E-06
  0.16554441E+01  0.26886397E-02  0.56070941E-02 -0.63986443E-06
  0.16561358E+01  0.26393702E-02  0.55118288E-02 -0.68442270E-06
  0.16568275E+01  0.25902115E-02  0.54163981E-02 -0.72877243E-06
  0.16575192E+01  0.25411615E-02  0.53208050E-02 -0.77288793E-06
  0.16582109E+01  0.24922183E-02  0.52250524E-02 -0.81674361E-06
  0.16589026E+01  0.24433799E-02  0.51291433E-02 -0.86031403E-06
  0.16595943E+01  0.23946444E-02  0.50330807E-02 -0.90357384E-06
  0.16602860E+01  0.23460098E-02  0.49368674E-02 -0.94649785E-06
  0.16609777E+01  0.22974740E-02  0.48405064E-02 -0.98906102E-06
  0.16616694E+01  0.22490352E-02  0.47440007E-02 -0.10312385E-05
  0.16623611E+01  0.22006912E-02  0.46473532E-02 -0.10730057E-05
  0.16630528E+01  0.21524403E-02  0.45505670E-02 -0.11143382E-05
  0.16637445E+01  0.21042803E-02  0.44536448E-02 -0.11552117E-05
  0.16644362E+01  0.20562094E-02  0.43565898E-02 -0.11956024E-05
  0.16651279E+01  0.20082254E-02  0.42594047E-02 -0.12354865E-05
  0.16658196E+01  0.19603266E-02  0.41620927E-02 -0.12748407E-05
  0.16665113E+01  0.19125108E-02  0.40646566E-02 -0.13136418E-05
  0.16672030E+01  0.18647761E-02  0.39670993E-02 -0.13518672E-05
  0.16678947E+01  0.18171206E-02  0.38694240E-02 -0.13894943E-05
  0.16685864E+01  0.17695422E-02  0.37716334E-02 -0.14265011E-05
  0.16692781E+01  0.17220389E-02  0.36737305E-02 -0.14628657E-05
  0.16699698E+01  0.16746089E-02  0.35757184E-02 -0.14985670E-05
  0.16706615E+01  0.16272502E-02  0.34775999E-02 -0.15335838E-05
  0.16713532E+01  0.15799606E-02  0.33793780E-02 -0.15678957E-05
  0.16720449E+01  0.15327384E-02  0.32810556E-02 -0.16014825E-05
  0.16727366E+01  0.14855814E-02  0.31826358E-02 -0.16343245E-05
  0.16734283E+01  0.14384878E-02  0.30841214E-02 -0.16664024E-05
  0.16741200E+01  0.13914556E-02  0.29855154E-02 -0.16976976E-05
  0.16748117E+01  0.13444827E-02  0.28868208E-02 -0.17281915E-05
  0.16755034E+01  0.12975672E-02  0.27880405E-02 -0.17578666E-05
  0.16761951E+01  0.12507072E-02  0.26891775E-02 -0.17867053E-05
  0.16768868E+01  0.12039006E-02  0.25902346E-02 -0.18146910E-05
  0.16775785E+01  0.11571455E-02  0.24912150E-02 -0.18418074E-05
  0.16782702E+01  0.11104399E-02  0.23921215E-02 -0.18680386E-05
  0.16789619E+01  0.10637818E-02  0.22929571E-02 -0.18933696E-05
  0.16796536E+01  0.10171693E-02  0.21937247E-02 -0.19177857E-05
  0.16803454E+01  0.97060041E-03  0.20944273E-02 -0.19412728E-05
  0.16810371E+01  0.92407312E-03  0.19950678E-02 -0.19638174E-05
  0.16817288E+01  0.87758546E-03  0.18956492E-02 -0.19854068E-05
  0.16824205E+01  0.83113547E-03  0.17961745E-02 -0.20060285E-05
  0.16831122E+01  0.78472116E-03  0.16966466E-02 -0.20256709E-05
  0.16838039E+01  0.73834058E-03  0.15970684E-02 -0.20443230E-05
  0.16844956E+01  0.69199174E-03  0.14974430E-02 -0.20619742E-05
  0.16851873E+01  0.64567267E-03  0.13977732E-02 -0.20786149E-05
  0.16858790E+01  0.59938139E-03  0.12980620E-02 -0.20942357E-05
  0.16865707E+01  0.55311594E-03  0.11983124E-02 -0.21088283E-05
  0.16872624E+01  0.50687434E-03  0.10985273E-02 -0.21223847E-05
  0.16879541E+01  0.46065461E-03  0.99870967E-03 -0.21348977E-05
  0.16886458E+01  0.41445478E-03  0.89886249E-03 -0.21463608E-05
  0.16893375E+01  0.36827288E-03  0.79898870E-03 -0.21567681E-05
  0.16900292E+01  0.32210693E-03  0.69909126E-03 -0.21661144E-05
  0.16907209E+01  0.27595496E-03  0.59917310E-03 -0.21743951E-05
  0.16914126E+01  0.22981500E-03  0.49923720E-03 -0.21816064E-05
  0.16921043E+01  0.18368507E-03  0.39928651E-03 -0.21877451E-05
  0.16927960E+01  0.13756320E-03  0.29932397E-03 -0.21928088E-05
  0.16934877E+01  0.91447408E-04  0.19935255E-03 -0.21967957E-05
  0.16941794E+01  0.45335728E-04  0.99375201E-04 -0.21997046E-05
  0.16948713E+01 -0.77381555E-06 -0.60512461E-06 -0.22015351E-05
  0.16955632E+01 -0.30025096E-04  0.13780871E-04 -0.86447262E-05
  0.16962551E+01 -0.59275876E-04  0.28167393E-04 -0.15090169E-04
  0.16969470E+01 -0.88525776E-04  0.42554536E-04 -0.21540922E-04
  0.16976389E+01 -0.11777442E-03  0.56942393E-04 -0.28000042E-04
  0.16983308E+01 -0.14702143E-03  0.71331059E-04 -0.34470580E-04
  0.16990227E+01 -0.17626642E-03  0.85720627E-04 -0.40955578E-04
  0.16997146E+01 -0.20550903E-03  0.10011119E-03 -0.47458073E-04
  0.17004065E+01 -0.23474887E-03  0.11450284E-03 -0.53981087E-04
  0.17010984E+01 -0.26398557E-03  0.12889567E-03 -0.60527633E-04
  0.17017903E+01 -0.29321874E-03  0.14328977E-03 -0.67100709E-04
  0.17024822E+01 -0.32244802E-03  0.15768524E-03 -0.73703295E-04
  0.17031741E+01 -0.35167303E-03  0.17208215E-03 -0.80338355E-04
  0.17038660E+01 -0.38089339E-03  0.18648062E-03 -0.87008832E-04
  0.17045579E+01 -0.41010872E-03  0.20088071E-03 -0.93717650E-04
  0.17052498E+01 -0.43931866E-03  0.21528253E-03 -0.10046771E-03
  0.17059418E+01 -0.46852282E-03  0.22968616E-03 -0.10726188E-03
  0.17066337E+01 -0.49772083E-03  0.24409169E-03 -0.11410301E-03
  0.17073256E+01 -0.52691232E-03  0.25849921E-03 -0.12099392E-03
  0.17080175E+01 -0.55609690E-03  0.27290880E-03 -0.12793740E-03
  0.17087094E+01 -0.58527422E-03  0.28732056E-03 -0.13493621E-03
  0.17094013E+01 -0.61444390E-03  0.30173456E-03 -0.14199308E-03
  0.17100932E+01 -0.64360555E-03  0.31615088E-03 -0.14911069E-03
  0.17107851E+01 -0.67275881E-03  0.33056963E-03 -0.15629169E-03
  0.17114770E+01 -0.70190332E-03  0.34499087E-03 -0.16353871E-03
  0.17121689E+01 -0.73103868E-03  0.35941469E-03 -0.17085432E-03
  0.17128608E+01 -0.76016454E-03  0.37384117E-03 -0.17824105E-03
  0.17135527E+01 -0.78928053E-03  0.38827040E-03 -0.18570140E-03
  0.17142446E+01 -0.81838626E-03  0.40270245E-03 -0.19323783E-03
  0.17149365E+01 -0.84748138E-03  0.41713740E-03 -0.20085273E-03
  0.17156284E+01 -0.87656551E-03  0.43157533E-03 -0.20854847E-03
  0.17163203E+01 -0.90563829E-03  0.44601632E-03 -0.21632735E-03
  0.17170122E+01 -0.93469934E-03  0.46046045E-03 -0.22419164E-03
  0.17177041E+01 -0.96374830E-03  0.47490779E-03 -0.23214355E-03
  0.17183960E+01 -0.99278480E-03  0.48935842E-03 -0.24018525E-03
  0.17190879E+01 -0.10218085E-02  0.50381240E-03 -0.24831884E-03
  0.17197798E+01 -0.10508189E-02  0.51826982E-03 -0.25654638E-03
  0.17204717E+01 -0.10798159E-02  0.53273075E-03 -0.26486987E-03
  0.17211637E+01 -0.11087989E-02  0.54719525E-03 -0.27329125E-03
  0.17218556E+01 -0.11377676E-02  0.56166340E-03 -0.28181243E-03
  0.17225475E+01 -0.11667216E-02  0.57613527E-03 -0.29043522E-03
  0.17232394E+01 -0.11956606E-02  0.59061093E-03 -0.29916141E-03
  0.17239313E+01 -0.12245843E-02  0.60509044E-03 -0.30799270E-03
  0.17246232E+01 -0.12534922E-02  0.61957387E-03 -0.31693076E-03
  0.17253151E+01 -0.12823840E-02  0.63406128E-03 -0.32597718E-03
  0.17260070E+01 -0.13112593E-02  0.64855274E-03 -0.33513350E-03
  0.17266989E+01 -0.13401178E-02  0.66304832E-03 -0.34440118E-03
  0.17273908E+01 -0.13689591E-02  0.67754808E-03 -0.35378164E-03
  0.17280827E+01 -0.13977829E-02  0.69205207E-03 -0.36327622E-03
  0.17287746E+01 -0.14265888E-02  0.70656036E-03 -0.37288622E-03
  0.17294665E+01 -0.14553764E-02  0.72107301E-03 -0.38261284E-03
  0.17301584E+01 -0.14841453E-02  0.73559008E-03 -0.39245725E-03
  0.17308503E+01 -0.15128953E-02  0.75011162E-03 -0.40242054E-03
  0.17315422E+01 -0.15416260E-02  0.76463770E-03 -0.41250373E-03
  0.17322341E+01 -0.15703370E-02  0.77916836E-03 -0.42270779E-03
  0.17329260E+01 -0.15990279E-02  0.79370366E-03 -0.43303362E-03
  0.17336179E+01 -0.16276984E-02  0.80824366E-03 -0.44348205E-03
  0.17343098E+01 -0.16563482E-02  0.82278840E-03 -0.45405385E-03
  0.17350017E+01 -0.16849769E-02  0.83733795E-03 -0.46474971E-03
  0.17356936E+01 -0.17135841E-02  0.85189235E-03 -0.47557028E-03
  0.17363856E+01 -0.17421695E-02  0.86645164E-03 -0.48651613E-03
  0.17370775E+01 -0.17707328E-02  0.88101589E-03 -0.49758777E-03
  0.17377694E+01 -0.17992735E-02  0.89558514E-03 -0.50878564E-03
  0.17384613E+01 -0.18277914E-02  0.91015942E-03 -0.52011012E-03
  0.17391532E+01 -0.18562861E-02  0.92473880E-03 -0.53156152E-03
  0.17398451E+01 -0.18847573E-02  0.93932332E-03 -0.54314009E-03
  0.17405370E+01 -0.19132045E-02  0.95391301E-03 -0.55484603E-03
  0.17412289E+01 -0.19416275E-02  0.96850792E-03 -0.56667945E-03
  0.17419208E+01 -0.19700259E-02  0.98310811E-03 -0.57864043E-03
  0.17426127E+01 -0.19983994E-02  0.99771359E-03 -0.59072896E-03
  0.17433046E+01 -0.20267476E-02  0.10123244E-02 -0.60294499E-03
  0.17439965E+01 -0.20550702E-02  0.10269406E-02 -0.61528839E-03
  0.17446884E+01 -0.20833668E-02  0.10415623E-02 -0.62775899E-03
  0.17453803E+01 -0.21116371E-02  0.10561894E-02 -0.64035654E-03
  0.17460722E+01 -0.21398808E-02  0.10708220E-02 -0.65308076E-03
  0.17467641E+01 -0.21680974E-02  0.10854602E-02 -0.66593128E-03
  0.17474560E+01 -0.21962868E-02  0.11001039E-02 -0.67890771E-03
  0.17481479E+01 -0.22244485E-02  0.11147532E-02 -0.69200958E-03
  0.17488398E+01 -0.22525822E-02  0.11294082E-02 -0.70523637E-03
  0.17495317E+01 -0.22806876E-02  0.11440689E-02 -0.71858751E-03
  0.17502236E+01 -0.23087643E-02  0.11587352E-02 -0.73206237E-03
  0.17509155E+01 -0.23368120E-02  0.11734073E-02 -0.74566029E-03
  0.17516075E+01 -0.23648304E-02  0.11880852E-02 -0.75938053E-03
  0.17522994E+01 -0.23928191E-02  0.12027689E-02 -0.77322234E-03
  0.17529913E+01 -0.24207778E-02  0.12174584E-02 -0.78718489E-03
  0.17536832E+01 -0.24487062E-02  0.12321538E-02 -0.80126732E-03
  0.17543751E+01 -0.24766039E-02  0.12468550E-02 -0.81546871E-03
  0.17550670E+01 -0.25044706E-02  0.12615622E-02 -0.82978813E-03
  0.17557589E+01 -0.25323060E-02  0.12762754E-02 -0.84422457E-03
  0.17564508E+01 -0.25601097E-02  0.12909945E-02 -0.85877700E-03
  0.17571427E+01 -0.25878814E-02  0.13057196E-02 -0.87344436E-03
  0.17578346E+01 -0.26156209E-02  0.13204508E-02 -0.88822553E-03
  0.17585265E+01 -0.26433277E-02  0.13351880E-02 -0.90311937E-03
  0.17592184E+01 -0.26710016E-02  0.13499313E-02 -0.91812471E-03
  0.17599103E+01 -0.26986422E-02  0.13646807E-02 -0.93324034E-03
  0.17606022E+01 -0.27262492E-02  0.13794362E-02 -0.94846501E-03
  0.17612941E+01 -0.27538222E-02  0.13941979E-02 -0.96379746E-03
  0.17619860E+01 -0.27813610E-02  0.14089658E-02 -0.97923639E-03
  0.17626779E+01 -0.28088653E-02  0.14237399E-02 -0.99478049E-03
  0.17633698E+01 -0.28363347E-02  0.14385202E-02 -0.10104284E-02
  0.17640617E+01 -0.28637688E-02  0.14533067E-02 -0.10261788E-02
  0.17647536E+01 -0.28911675E-02  0.14680996E-02 -0.10420302E-02
  0.17654455E+01 -0.29185303E-02  0.14828987E-02 -0.10579813E-02
  0.17661374E+01 -0.29458570E-02  0.14977042E-02 -0.10740307E-02
  0.17668294E+01 -0.29731472E-02  0.15125160E-02 -0.10901768E-02
  0.17675213E+01 -0.30004006E-02  0.15273342E-02 -0.11064183E-02
  0.17682132E+01 -0.30276169E-02  0.15421587E-02 -0.11227537E-02
  0.17689051E+01 -0.30547958E-02  0.15569897E-02 -0.11391816E-02
  0.17695970E+01 -0.30819370E-02  0.15718271E-02 -0.11557004E-02
  0.17702889E+01 -0.31090401E-02  0.15866710E-02 -0.11723088E-02
  0.17709808E+01 -0.31361050E-02  0.16015214E-02 -0.11890051E-02
  0.17716727E+01 -0.31631311E-02  0.16163782E-02 -0.12057880E-02
  0.17723646E+01 -0.31901183E-02  0.16312416E-02 -0.12226559E-02
  0.17730565E+01 -0.32170663E-02  0.16461116E-02 -0.12396074E-02
  0.17737484E+01 -0.32439746E-02  0.16609881E-02 -0.12566409E-02
  0.17744403E+01 -0.32708431E-02  0.16758712E-02 -0.12737552E-02
  0.17751322E+01 -0.32976715E-02  0.16907610E-02 -0.12909486E-02
  0.17758241E+01 -0.33244593E-02  0.17056574E-02 -0.13082197E-02
  0.17765160E+01 -0.33512063E-02  0.17205604E-02 -0.13255671E-02
  0.17772079E+01 -0.33779123E-02  0.17354702E-02 -0.13429894E-02
  0.17778998E+01 -0.34045768E-02  0.17503867E-02 -0.13604852E-02
  0.17785917E+01 -0.34311997E-02  0.17653099E-02 -0.13780531E-02
  0.17792836E+01 -0.34577806E-02  0.17802399E-02 -0.13956917E-02
  0.17799755E+01 -0.34843192E-02  0.17951767E-02 -0.14133997E-02
  0.17806674E+01 -0.35108152E-02  0.18101203E-02 -0.14311757E-02
  0.17813593E+01 -0.35372683E-02  0.18250707E-02 -0.14490186E-02
  0.17820513E+01 -0.35636783E-02  0.18400281E-02 -0.14669269E-02
  0.17827432E+01 -0.35900448E-02  0.18549923E-02 -0.14848996E-02
  0.17834351E+01 -0.36163675E-02  0.18699635E-02 -0.15029353E-02
  0.17841270E+01 -0.36426462E-02  0.18849416E-02 -0.15210329E-02
  0.17848189E+01 -0.36688805E-02  0.18999268E-02 -0.15391913E-02
  0.17855108E+01 -0.36950702E-02  0.19149189E-02 -0.15574094E-02
  0.17862027E+01 -0.37212149E-02  0.19299181E-02 -0.15756862E-02
  0.17868946E+01 -0.37473144E-02  0.19449244E-02 -0.15940205E-02
  0.17875865E+01 -0.37733684E-02  0.19599378E-02 -0.16124115E-02
  0.17882784E+01 -0.37993767E-02  0.19749583E-02 -0.16308581E-02
  0.17889703E+01 -0.38253388E-02  0.19899860E-02 -0.16493596E-02
  0.17896622E+01 -0.38512546E-02  0.20050209E-02 -0.16679150E-02
  0.17903541E+01 -0.38771237E-02  0.20200631E-02 -0.16865236E-02
  0.17910460E+01 -0.39029459E-02  0.20351125E-02 -0.17051846E-02
  0.17917379E+01 -0.39287208E-02  0.20501693E-02 -0.17238973E-02
  0.17924298E+01 -0.39544483E-02  0.20652334E-02 -0.17426612E-02
  0.17931217E+01 -0.39801280E-02  0.20803049E-02 -0.17614755E-02
  0.17938136E+01 -0.40057596E-02  0.20953838E-02 -0.17803398E-02
  0.17945055E+01 -0.40313429E-02  0.21104702E-02 -0.17992536E-02
  0.17951974E+01 -0.40568776E-02  0.21255642E-02 -0.18182165E-02
  0.17958893E+01 -0.40823634E-02  0.21406656E-02 -0.18372281E-02
  0.17965812E+01 -0.41078001E-02  0.21557746E-02 -0.18562881E-02
  0.17972732E+01 -0.41331872E-02  0.21708913E-02 -0.18753963E-02
  0.17979651E+01 -0.41585247E-02  0.21860157E-02 -0.18945525E-02
  0.17986570E+01 -0.41838122E-02  0.22011477E-02 -0.19137566E-02
  0.17993489E+01 -0.42090494E-02  0.22162876E-02 -0.19330085E-02
  0.18000408E+01 -0.42342361E-02  0.22314352E-02 -0.19523083E-02
  0.18007327E+01 -0.42593720E-02  0.22465907E-02 -0.19716560E-02
  0.18014246E+01 -0.42844568E-02  0.22617541E-02 -0.19910518E-02
  0.18021165E+01 -0.43094903E-02  0.22769254E-02 -0.20104959E-02
  0.18028084E+01 -0.43344722E-02  0.22921048E-02 -0.20299886E-02
  0.18035003E+01 -0.43594022E-02  0.23072921E-02 -0.20495303E-02
  0.18041922E+01 -0.43842801E-02  0.23224876E-02 -0.20691213E-02
  0.18048841E+01 -0.44091056E-02  0.23376913E-02 -0.20887621E-02
  0.18055760E+01 -0.44338784E-02  0.23529031E-02 -0.21084534E-02
  0.18062679E+01 -0.44585983E-02  0.23681232E-02 -0.21281957E-02
  0.18069598E+01 -0.44832650E-02  0.23833516E-02 -0.21479897E-02
  0.18076517E+01 -0.45078783E-02  0.23985884E-02 -0.21678363E-02
  0.18083436E+01 -0.45324379E-02  0.24138336E-02 -0.21877362E-02
  0.18090355E+01 -0.45569435E-02  0.24290873E-02 -0.22076905E-02
  0.18097274E+01 -0.45813949E-02  0.24443495E-02 -0.22277000E-02
  0.18104193E+01 -0.46057919E-02  0.24596204E-02 -0.22477659E-02
  0.18111112E+01 -0.46301341E-02  0.24748999E-02 -0.22678892E-02
  0.18118031E+01 -0.46544214E-02  0.24901881E-02 -0.22880713E-02
  0.18124951E+01 -0.46786534E-02  0.25054851E-02 -0.23083133E-02
  0.18131870E+01 -0.47028299E-02  0.25207909E-02 -0.23286166E-02
  0.18138789E+01 -0.47269508E-02  0.25361056E-02 -0.23489827E-02
  0.18145708E+01 -0.47510156E-02  0.25514293E-02 -0.23694130E-02
  0.18152627E+01 -0.47750243E-02  0.25667621E-02 -0.23899091E-02
  0.18159546E+01 -0.47989764E-02  0.25821039E-02 -0.24104726E-02
  0.18166465E+01 -0.48228719E-02  0.25974549E-02 -0.24311053E-02
  0.18173384E+01 -0.48467104E-02  0.26128152E-02 -0.24518089E-02
  0.18180303E+01 -0.48704917E-02  0.26281847E-02 -0.24725852E-02
  0.18187222E+01 -0.48942156E-02  0.26435637E-02 -0.24934362E-02
  0.18194141E+01 -0.49178818E-02  0.26589520E-02 -0.25143639E-02
  0.18201060E+01 -0.49414901E-02  0.26743499E-02 -0.25353702E-02
  0.18207979E+01 -0.49650402E-02  0.26897574E-02 -0.25564574E-02
  0.18214898E+01 -0.49885319E-02  0.27051745E-02 -0.25776275E-02
  0.18221817E+01 -0.50119650E-02  0.27206013E-02 -0.25988828E-02
  0.18228736E+01 -0.50353393E-02  0.27360380E-02 -0.26202257E-02
  0.18235655E+01 -0.50586545E-02  0.27514845E-02 -0.26416584E-02
  0.18242574E+01 -0.50819103E-02  0.27669409E-02 -0.26631834E-02
  0.18249493E+01 -0.51051066E-02  0.27824074E-02 -0.26848033E-02
  0.18256412E+01 -0.51282431E-02  0.27978840E-02 -0.27065204E-02
  0.18263331E+01 -0.51513196E-02  0.28133707E-02 -0.27283376E-02
  0.18270250E+01 -0.51743359E-02  0.28288677E-02 -0.27502573E-02
  0.18277170E+01 -0.51972917E-02  0.28443751E-02 -0.27722823E-02
  0.18284089E+01 -0.52201869E-02  0.28598928E-02 -0.27944154E-02
  0.18291008E+01 -0.52430211E-02  0.28754210E-02 -0.28166593E-02
  0.18297927E+01 -0.52657942E-02  0.28909598E-02 -0.28390170E-02
  0.18304846E+01 -0.52885060E-02  0.29065092E-02 -0.28614914E-02
  0.18311765E+01 -0.53111562E-02  0.29220693E-02 -0.28840854E-02
  0.18318684E+01 -0.53337447E-02  0.29376402E-02 -0.29068020E-02
  0.18325603E+01 -0.53562711E-02  0.29532219E-02 -0.29296443E-02
  0.18332522E+01 -0.53787354E-02  0.29688147E-02 -0.29526154E-02
  0.18339441E+01 -0.54011372E-02  0.29844184E-02 -0.29757183E-02
  0.18346360E+01 -0.54234764E-02  0.30000333E-02 -0.29989563E-02
  0.18353279E+01 -0.54457528E-02  0.30156593E-02 -0.30223326E-02
  0.18360198E+01 -0.54679662E-02  0.30312966E-02 -0.30458503E-02
  0.18367117E+01 -0.54901163E-02  0.30469453E-02 -0.30695128E-02
  0.18374036E+01 -0.55122029E-02  0.30626054E-02 -0.30933234E-02
  0.18380955E+01 -0.55342259E-02  0.30782770E-02 -0.31172853E-02
  0.18387874E+01 -0.55561851E-02  0.30939602E-02 -0.31414020E-02
  0.18394793E+01 -0.55780802E-02  0.31096550E-02 -0.31656767E-02
  0.18401712E+01 -0.55999110E-02  0.31253616E-02 -0.31901130E-02
  0.18408631E+01 -0.56216774E-02  0.31410801E-02 -0.32147142E-02
  0.18415550E+01 -0.56433792E-02  0.31568104E-02 -0.32394837E-02
  0.18422469E+01 -0.56650161E-02  0.31725527E-02 -0.32644250E-02
  0.18429389E+01 -0.56865880E-02  0.31883071E-02 -0.32895415E-02
  0.18436308E+01 -0.57080947E-02  0.32040736E-02 -0.33148368E-02
  0.18443227E+01 -0.57295360E-02  0.32198523E-02 -0.33403142E-02
  0.18450146E+01 -0.57509117E-02  0.32356434E-02 -0.33659773E-02
  0.18457065E+01 -0.57722216E-02  0.32514468E-02 -0.33918296E-02
  0.18463984E+01 -0.57934655E-02  0.32672626E-02 -0.34178744E-02
  0.18470903E+01 -0.58146433E-02  0.32830910E-02 -0.34441154E-02
  0.18477822E+01 -0.58357548E-02  0.32989320E-02 -0.34705560E-02
  0.18484741E+01 -0.58567998E-02  0.33147856E-02 -0.34971996E-02
  0.18491660E+01 -0.58777782E-02  0.33306520E-02 -0.35240498E-02
  0.18498579E+01 -0.58986896E-02  0.33465312E-02 -0.35511099E-02
  0.18505498E+01 -0.59195341E-02  0.33624233E-02 -0.35783834E-02
  0.18512417E+01 -0.59403114E-02  0.33783284E-02 -0.36058737E-02
  0.18519336E+01 -0.59610213E-02  0.33942466E-02 -0.36335843E-02
  0.18526255E+01 -0.59816637E-02  0.34101778E-02 -0.36615184E-02
  0.18533174E+01 -0.60022384E-02  0.34261222E-02 -0.36896796E-02
  0.18540093E+01 -0.60227452E-02  0.34420799E-02 -0.37180709E-02
  0.18547012E+01 -0.60431841E-02  0.34580509E-02 -0.37466959E-02
  0.18553931E+01 -0.60635547E-02  0.34740352E-02 -0.37755577E-02
  0.18560850E+01 -0.60838571E-02  0.34900330E-02 -0.38046596E-02
  0.18567769E+01 -0.61040909E-02  0.35060443E-02 -0.38340047E-02
  0.18574689E+01 -0.61242561E-02  0.35220692E-02 -0.38635963E-02
  0.18581608E+01 -0.61443525E-02  0.35381078E-02 -0.38934374E-02
  0.18588527E+01 -0.61643800E-02  0.35541600E-02 -0.39235311E-02
  0.18595446E+01 -0.61843384E-02  0.35702260E-02 -0.39538805E-02
  0.18602365E+01 -0.62042276E-02  0.35863059E-02 -0.39844884E-02
  0.18609284E+01 -0.62240473E-02  0.36023996E-02 -0.40153580E-02
  0.18616203E+01 -0.62437976E-02  0.36185072E-02 -0.40464919E-02
  0.18623122E+01 -0.62634782E-02  0.36346288E-02 -0.40778931E-02
  0.18630041E+01 -0.62830890E-02  0.36507645E-02 -0.41095643E-02
  0.18636960E+01 -0.63026299E-02  0.36669142E-02 -0.41415082E-02
  0.18643879E+01 -0.63221008E-02  0.36830781E-02 -0.41737274E-02
  0.18650798E+01 -0.63415014E-02  0.36992562E-02 -0.42062246E-02
  0.18657717E+01 -0.63608317E-02  0.37154486E-02 -0.42390021E-02
  0.18664636E+01 -0.63800916E-02  0.37316552E-02 -0.42720625E-02
  0.18671555E+01 -0.63992809E-02  0.37478762E-02 -0.43054082E-02
  0.18678474E+01 -0.64183995E-02  0.37641115E-02 -0.43390413E-02
  0.18685393E+01 -0.64374474E-02  0.37803612E-02 -0.43729642E-02
  0.18692312E+01 -0.64564242E-02  0.37966255E-02 -0.44071790E-02
  0.18699231E+01 -0.64753301E-02  0.38129042E-02 -0.44416877E-02
  0.18706150E+01 -0.64941648E-02  0.38291974E-02 -0.44764924E-02
  0.18713069E+01 -0.65129282E-02  0.38455052E-02 -0.45115948E-02
  0.18719988E+01 -0.65316202E-02  0.38618276E-02 -0.45469969E-02
  0.18726908E+01 -0.65502408E-02  0.38781646E-02 -0.45827004E-02
  0.18733827E+01 -0.65687898E-02  0.38945163E-02 -0.46187070E-02
  0.18740746E+01 -0.65872671E-02  0.39108827E-02 -0.46550180E-02
  0.18747665E+01 -0.66056726E-02  0.39272638E-02 -0.46916351E-02
  0.18754584E+01 -0.66240062E-02  0.39436596E-02 -0.47285596E-02
  0.18761503E+01 -0.66422679E-02  0.39600702E-02 -0.47657928E-02
  0.18768422E+01 -0.66604575E-02  0.39764955E-02 -0.48033358E-02
  0.18775341E+01 -0.66785750E-02  0.39929357E-02 -0.48411898E-02
  0.18782260E+01 -0.66966202E-02  0.40093906E-02 -0.48793556E-02
  0.18789179E+01 -0.67145931E-02  0.40258604E-02 -0.49178343E-02
  0.18796098E+01 -0.67324935E-02  0.40423450E-02 -0.49566265E-02
  0.18803017E+01 -0.67503215E-02  0.40588445E-02 -0.49957330E-02
  0.18809936E+01 -0.67680770E-02  0.40753588E-02 -0.50351543E-02
  0.18816855E+01 -0.67857597E-02  0.40918879E-02 -0.50748909E-02
  0.18823774E+01 -0.68033698E-02  0.41084320E-02 -0.51149432E-02
  0.18830693E+01 -0.68209071E-02  0.41249909E-02 -0.51553114E-02
  0.18837612E+01 -0.68383716E-02  0.41415646E-02 -0.51959957E-02
  0.18844531E+01 -0.68557632E-02  0.41581532E-02 -0.52369961E-02
  0.18851450E+01 -0.68730818E-02  0.41747567E-02 -0.52783127E-02
  0.18858369E+01 -0.68903273E-02  0.41913751E-02 -0.53199451E-02
  0.18865288E+01 -0.69074998E-02  0.42080082E-02 -0.53618931E-02
  0.18872207E+01 -0.69245991E-02  0.42246562E-02 -0.54041564E-02
  0.18879127E+01 -0.69416253E-02  0.42413190E-02 -0.54467344E-02
  0.18886046E+01 -0.69585782E-02  0.42579967E-02 -0.54896265E-02
  0.18892965E+01 -0.69754579E-02  0.42746891E-02 -0.55328321E-02
  0.18899884E+01 -0.69922642E-02  0.42913963E-02 -0.55763502E-02
  0.18906803E+01 -0.70089971E-02  0.43081182E-02 -0.56201800E-02
  0.18913722E+01 -0.70256567E-02  0.43248548E-02 -0.56643203E-02
  0.18920641E+01 -0.70422428E-02  0.43416062E-02 -0.57087701E-02
  0.18927560E+01 -0.70587554E-02  0.43583722E-02 -0.57535280E-02
  0.18934479E+01 -0.70751946E-02  0.43751528E-02 -0.57985926E-02
  0.18941398E+01 -0.70915602E-02  0.43919481E-02 -0.58439625E-02
  0.18948317E+01 -0.71078523E-02  0.44087579E-02 -0.58896360E-02
  0.18955236E+01 -0.71240708E-02  0.44255823E-02 -0.59356115E-02
  0.18962155E+01 -0.71402157E-02  0.44424212E-02 -0.59818871E-02
  0.18969074E+01 -0.71562871E-02  0.44592746E-02 -0.60284609E-02
  0.18975993E+01 -0.71722848E-02  0.44761424E-02 -0.60753308E-02
  0.18982912E+01 -0.71882089E-02  0.44930245E-02 -0.61224947E-02
  0.18989831E+01 -0.72040593E-02  0.45099210E-02 -0.61699503E-02
  0.18996750E+01 -0.72198362E-02  0.45268318E-02 -0.62176953E-02
  0.19003669E+01 -0.72355394E-02  0.45437568E-02 -0.62657272E-02
  0.19010588E+01 -0.72511690E-02  0.45606960E-02 -0.63140434E-02
  0.19017507E+01 -0.72667249E-02  0.45776493E-02 -0.63626413E-02
  0.19024426E+01 -0.72822073E-02  0.45946167E-02 -0.64115181E-02
  0.19031346E+01 -0.72976160E-02  0.46115982E-02 -0.64606710E-02
  0.19038265E+01 -0.73129511E-02  0.46285936E-02 -0.65100968E-02
  0.19045184E+01 -0.73282127E-02  0.46456029E-02 -0.65597927E-02
  0.19052103E+01 -0.73434007E-02  0.46626261E-02 -0.66097554E-02
  0.19059022E+01 -0.73585152E-02  0.46796630E-02 -0.66599816E-02
  0.19065941E+01 -0.73735561E-02  0.46967136E-02 -0.67104681E-02
  0.19072860E+01 -0.73885236E-02  0.47137779E-02 -0.67612113E-02
  0.19079779E+01 -0.74034177E-02  0.47308558E-02 -0.68122078E-02
  0.19086698E+01 -0.74182383E-02  0.47479472E-02 -0.68634540E-02
  0.19093617E+01 -0.74329855E-02  0.47650520E-02 -0.69149460E-02
  0.19100536E+01 -0.74476595E-02  0.47821702E-02 -0.69666802E-02
  0.19107455E+01 -0.74622601E-02  0.47993017E-02 -0.70186527E-02
  0.19114374E+01 -0.74767875E-02  0.48164464E-02 -0.70708595E-02
  0.19121293E+01 -0.74912417E-02  0.48336043E-02 -0.71232966E-02
  0.19128212E+01 -0.75056228E-02  0.48507752E-02 -0.71759599E-02
  0.19135131E+01 -0.75199308E-02  0.48679591E-02 -0.72288452E-02
  0.19142050E+01 -0.75341657E-02  0.48851559E-02 -0.72819484E-02
  0.19148969E+01 -0.75483277E-02  0.49023655E-02 -0.73352650E-02
  0.19155888E+01 -0.75624169E-02  0.49195878E-02 -0.73887907E-02
  0.19162807E+01 -0.75764331E-02  0.49368228E-02 -0.74425211E-02
  0.19169726E+01 -0.75903767E-02  0.49540704E-02 -0.74964517E-02
  0.19176645E+01 -0.76042475E-02  0.49713304E-02 -0.75505779E-02
  0.19183565E+01 -0.76180458E-02  0.49886029E-02 -0.76048951E-02
  0.19190484E+01 -0.76317715E-02  0.50058876E-02 -0.76593986E-02
  0.19197403E+01 -0.76454248E-02  0.50231846E-02 -0.77140838E-02
  0.19204322E+01 -0.76590058E-02  0.50404936E-02 -0.77689458E-02
  0.19211241E+01 -0.76725145E-02  0.50578148E-02 -0.78239798E-02
  0.19218160E+01 -0.76859511E-02  0.50751478E-02 -0.78791811E-02
  0.19225079E+01 -0.76993155E-02  0.50924927E-02 -0.79345447E-02
  0.19231998E+01 -0.77126081E-02  0.51098494E-02 -0.79900657E-02
  0.19238917E+01 -0.77258287E-02  0.51272178E-02 -0.80457392E-02
  0.19245836E+01 -0.77389776E-02  0.51445977E-02 -0.81015601E-02
  0.19252755E+01 -0.77520549E-02  0.51619891E-02 -0.81575234E-02
  0.19259674E+01 -0.77650606E-02  0.51793918E-02 -0.82136242E-02
  0.19266593E+01 -0.77779950E-02  0.51968059E-02 -0.82698573E-02
  0.19273512E+01 -0.77908580E-02  0.52142312E-02 -0.83262177E-02
  0.19280431E+01 -0.78036499E-02  0.52316675E-02 -0.83827003E-02
  0.19287350E+01 -0.78163707E-02  0.52491149E-02 -0.84393001E-02
  0.19294269E+01 -0.78290207E-02  0.52665732E-02 -0.84960118E-02
  0.19301188E+01 -0.78415998E-02  0.52840423E-02 -0.85528304E-02
  0.19308107E+01 -0.78541084E-02  0.53015221E-02 -0.86097508E-02
  0.19315026E+01 -0.78665464E-02  0.53190125E-02 -0.86667679E-02
  0.19321945E+01 -0.78789140E-02  0.53365135E-02 -0.87238766E-02
  0.19328864E+01 -0.78912115E-02  0.53540249E-02 -0.87810717E-02
  0.19335784E+01 -0.79034389E-02  0.53715466E-02 -0.88383483E-02
  0.19342703E+01 -0.79155964E-02  0.53890786E-02 -0.88957011E-02
  0.19349622E+01 -0.79276841E-02  0.54066207E-02 -0.89531253E-02
  0.19356541E+01 -0.79397023E-02  0.54241729E-02 -0.90106157E-02
  0.19363460E+01 -0.79516510E-02  0.54417350E-02 -0.90681673E-02
  0.19370379E+01 -0.79635305E-02  0.54593071E-02 -0.91257752E-02
  0.19377298E+01 -0.79753409E-02  0.54768888E-02 -0.91834345E-02
  0.19384217E+01 -0.79870824E-02  0.54944803E-02 -0.92411401E-02
  0.19391136E+01 -0.79987552E-02  0.55120814E-02 -0.92988874E-02
  0.19398055E+01 -0.80103594E-02  0.55296920E-02 -0.93566713E-02
  0.19404974E+01 -0.80218952E-02  0.55473120E-02 -0.94144872E-02
  0.19411893E+01 -0.80333628E-02  0.55649413E-02 -0.94723303E-02
  0.19418812E+01 -0.80447625E-02  0.55825799E-02 -0.95301959E-02
  0.19425731E+01 -0.80560944E-02  0.56002277E-02 -0.95880794E-02
  0.19432650E+01 -0.80673587E-02  0.56178845E-02 -0.96459762E-02
  0.19439569E+01 -0.80785555E-02  0.56355503E-02 -0.97038818E-02
  0.19446488E+01 -0.80896852E-02  0.56532250E-02 -0.97617918E-02
  0.19453407E+01 -0.81007479E-02  0.56709085E-02 -0.98197017E-02
  0.19460326E+01 -0.81117439E-02  0.56886008E-02 -0.98776072E-02
  0.19467245E+01 -0.81226733E-02  0.57063018E-02 -0.99355042E-02
  0.19474164E+01 -0.81335363E-02  0.57240113E-02 -0.99933884E-02
  0.19481083E+01 -0.81443333E-02  0.57417294E-02 -0.10051256E-01
  0.19488003E+01 -0.81550643E-02  0.57594559E-02 -0.10109102E-01
  0.19494922E+01 -0.81657297E-02  0.57771908E-02 -0.10166924E-01
  0.19501841E+01 -0.81763297E-02  0.57949340E-02 -0.10224717E-01
  0.19508760E+01 -0.81868645E-02  0.58126854E-02 -0.10282478E-01
  0.19515679E+01 -0.81973344E-02  0.58304450E-02 -0.10340202E-01
  0.19522598E+01 -0.82077395E-02  0.58482127E-02 -0.10397888E-01
  0.19529517E+01 -0.82180803E-02  0.58659884E-02 -0.10455530E-01
  0.19536436E+01 -0.82283568E-02  0.58837721E-02 -0.10513125E-01
  0.19543355E+01 -0.82385693E-02  0.59015638E-02 -0.10570671E-01
  0.19550274E+01 -0.82487182E-02  0.59193632E-02 -0.10628165E-01
  0.19557193E+01 -0.82588037E-02  0.59371705E-02 -0.10685602E-01
  0.19564112E+01 -0.82688260E-02  0.59549856E-02 -0.10742981E-01
  0.19571031E+01 -0.82787854E-02  0.59728083E-02 -0.10800298E-01
  0.19577950E+01 -0.82886823E-02  0.59906387E-02 -0.10857550E-01
  0.19584869E+01 -0.82985167E-02  0.60084767E-02 -0.10914736E-01
  0.19591788E+01 -0.83082892E-02  0.60263223E-02 -0.10971852E-01
  0.19598707E+01 -0.83179998E-02  0.60441754E-02 -0.11028897E-01
  0.19605626E+01 -0.83276490E-02  0.60620360E-02 -0.11085868E-01
  0.19612545E+01 -0.83372370E-02  0.60799040E-02 -0.11142762E-01
  0.19619464E+01 -0.83467641E-02  0.60977795E-02 -0.11199579E-01
  0.19626383E+01 -0.83562306E-02  0.61156623E-02 -0.11256315E-01
  0.19633302E+01 -0.83656368E-02  0.61335525E-02 -0.11312970E-01
  0.19640222E+01 -0.83749831E-02  0.61514500E-02 -0.11369542E-01
  0.19647141E+01 -0.83842697E-02  0.61693548E-02 -0.11426029E-01
  0.19654060E+01 -0.83934969E-02  0.61872669E-02 -0.11482429E-01
  0.19660979E+01 -0.84026651E-02  0.62051863E-02 -0.11538743E-01
  0.19667898E+01 -0.84117745E-02  0.62231129E-02 -0.11594968E-01
  0.19674817E+01 -0.84208256E-02  0.62410467E-02 -0.11651105E-01
  0.19681736E+01 -0.84298186E-02  0.62589878E-02 -0.11707151E-01
  0.19688655E+01 -0.84387539E-02  0.62769361E-02 -0.11763106E-01
  0.19695574E+01 -0.84476319E-02  0.62948917E-02 -0.11818971E-01
  0.19702493E+01 -0.84564527E-02  0.63128544E-02 -0.11874744E-01
  0.19709412E+01 -0.84652169E-02  0.63308244E-02 -0.11930425E-01
  0.19716331E+01 -0.84739247E-02  0.63488016E-02 -0.11986014E-01
  0.19723250E+01 -0.84825766E-02  0.63667860E-02 -0.12041512E-01
  0.19730169E+01 -0.84911728E-02  0.63847777E-02 -0.12096918E-01
  0.19737088E+01 -0.84997137E-02  0.64027766E-02 -0.12152232E-01
  0.19744007E+01 -0.85081998E-02  0.64207828E-02 -0.12207456E-01
  0.19750926E+01 -0.85166312E-02  0.64387963E-02 -0.12262590E-01
  0.19757845E+01 -0.85250086E-02  0.64568172E-02 -0.12317635E-01
  0.19764764E+01 -0.85333321E-02  0.64748453E-02 -0.12372592E-01
  0.19771683E+01 -0.85416023E-02  0.64928809E-02 -0.12427461E-01
  0.19778602E+01 -0.85498194E-02  0.65109239E-02 -0.12482243E-01
  0.19785521E+01 -0.85579839E-02  0.65289743E-02 -0.12536942E-01
  0.19792441E+01 -0.85660961E-02  0.65470322E-02 -0.12591556E-01
  0.19799360E+01 -0.85741566E-02  0.65650977E-02 -0.12646090E-01
  0.19806279E+01 -0.85821655E-02  0.65831707E-02 -0.12700543E-01
  0.19813198E+01 -0.85901235E-02  0.66012513E-02 -0.12754918E-01
  0.19820117E+01 -0.85980309E-02  0.66193396E-02 -0.12809218E-01
  0.19827036E+01 -0.86058880E-02  0.66374357E-02 -0.12863443E-01
  0.19833955E+01 -0.86136954E-02  0.66555396E-02 -0.12917598E-01
  0.19840874E+01 -0.86214534E-02  0.66736513E-02 -0.12971683E-01
  0.19847793E+01 -0.86291625E-02  0.66917709E-02 -0.13025702E-01
  0.19854712E+01 -0.86368231E-02  0.67098985E-02 -0.13079658E-01
  0.19861631E+01 -0.86444356E-02  0.67280342E-02 -0.13133553E-01
  0.19868550E+01 -0.86520005E-02  0.67461781E-02 -0.13187390E-01
  0.19875469E+01 -0.86595182E-02  0.67643301E-02 -0.13241172E-01
  0.19882388E+01 -0.86669892E-02  0.67824905E-02 -0.13294903E-01
  0.19889307E+01 -0.86744139E-02  0.68006592E-02 -0.13348586E-01
  0.19896226E+01 -0.86817928E-02  0.68188364E-02 -0.13402225E-01
  0.19903145E+01 -0.86891264E-02  0.68370222E-02 -0.13455823E-01
  0.19910064E+01 -0.86964150E-02  0.68552166E-02 -0.13509384E-01
  0.19916983E+01 -0.87036593E-02  0.68734198E-02 -0.13562911E-01
  0.19923902E+01 -0.87108596E-02  0.68916319E-02 -0.13616410E-01
  0.19930821E+01 -0.87180164E-02  0.69098529E-02 -0.13669883E-01
  0.19937740E+01 -0.87251303E-02  0.69280830E-02 -0.13723335E-01
  0.19944660E+01 -0.87322017E-02  0.69463223E-02 -0.13776771E-01
  0.19951579E+01 -0.87392310E-02  0.69645709E-02 -0.13830194E-01
  0.19958498E+01 -0.87462189E-02  0.69828290E-02 -0.13883610E-01
  0.19965417E+01 -0.87531658E-02  0.70010965E-02 -0.13937022E-01
  0.19972336E+01 -0.87600722E-02  0.70193738E-02 -0.13990437E-01
  0.19979255E+01 -0.87669386E-02  0.70376608E-02 -0.14043857E-01
  0.19986174E+01 -0.87737655E-02  0.70559577E-02 -0.14097290E-01
  0.19993093E+01 -0.87805535E-02  0.70742647E-02 -0.14150738E-01
  0.20000012E+01 -0.87873031E-02  0.70925819E-02 -0.14204208E-01
  0.20006931E+01 -0.87940149E-02  0.71109095E-02 -0.14257705E-01
  0.20013850E+01 -0.88006892E-02  0.71292475E-02 -0.14311234E-01
  0.20020769E+01 -0.88073268E-02  0.71475962E-02 -0.14364800E-01
  0.20027688E+01 -0.88139281E-02  0.71659556E-02 -0.14418408E-01
  0.20034607E+01 -0.88204936E-02  0.71843259E-02 -0.14472065E-01
  0.20041526E+01 -0.88270240E-02  0.72027074E-02 -0.14525776E-01
  0.20048445E+01 -0.88335198E-02  0.72211000E-02 -0.14579545E-01
  0.20055364E+01 -0.88399816E-02  0.72395041E-02 -0.14633380E-01
  0.20062283E+01 -0.88464099E-02  0.72579197E-02 -0.14687286E-01
  0.20069202E+01 -0.88528053E-02  0.72763471E-02 -0.14741267E-01
  0.20076121E+01 -0.88591684E-02  0.72947864E-02 -0.14795332E-01
  0.20083040E+01 -0.88654997E-02  0.73132377E-02 -0.14849484E-01
  0.20089959E+01 -0.88717999E-02  0.73317013E-02 -0.14903731E-01
  0.20096879E+01 -0.88780695E-02  0.73501774E-02 -0.14958077E-01
  0.20103798E+01 -0.88843092E-02  0.73686660E-02 -0.15012530E-01
  0.20110717E+01 -0.88905195E-02  0.73871675E-02 -0.15067095E-01
  0.20117636E+01 -0.88967011E-02  0.74056819E-02 -0.15121778E-01
  0.20124555E+01 -0.89028546E-02  0.74242095E-02 -0.15176585E-01
  0.20131474E+01 -0.89089805E-02  0.74427505E-02 -0.15231522E-01
  0.20138393E+01 -0.89150796E-02  0.74613050E-02 -0.15286596E-01
  0.20145312E+01 -0.89211523E-02  0.74798733E-02 -0.15341812E-01
  0.20152231E+01 -0.89271995E-02  0.74984555E-02 -0.15397177E-01
  0.20159150E+01 -0.89332217E-02  0.75170520E-02 -0.15452697E-01
  0.20166069E+01 -0.89392195E-02  0.75356627E-02 -0.15508378E-01
  0.20172988E+01 -0.89451937E-02  0.75542881E-02 -0.15564226E-01
  0.20179907E+01 -0.89511448E-02  0.75729282E-02 -0.15620247E-01
  0.20186826E+01 -0.89570735E-02  0.75915834E-02 -0.15676447E-01
  0.20193745E+01 -0.89629805E-02  0.76102538E-02 -0.15732833E-01
  0.20200664E+01 -0.89688665E-02  0.76289396E-02 -0.15789410E-01
  0.20207583E+01 -0.89747321E-02  0.76476410E-02 -0.15846185E-01
  0.20214502E+01 -0.89805780E-02  0.76663584E-02 -0.15903163E-01
  0.20221421E+01 -0.89864049E-02  0.76850918E-02 -0.15960351E-01
  0.20228340E+01 -0.89922136E-02  0.77038416E-02 -0.16017755E-01
  0.20235259E+01 -0.89980046E-02  0.77226080E-02 -0.16075379E-01
  0.20242178E+01 -0.90037787E-02  0.77413911E-02 -0.16133231E-01
  0.20249098E+01 -0.90095367E-02  0.77601913E-02 -0.16191316E-01
  0.20256017E+01 -0.90152792E-02  0.77790088E-02 -0.16249640E-01
  0.20262936E+01 -0.90210069E-02  0.77978438E-02 -0.16308209E-01
  0.20269855E+01 -0.90267206E-02  0.78166965E-02 -0.16367027E-01
  0.20276774E+01 -0.90324210E-02  0.78355672E-02 -0.16426102E-01
  0.20283693E+01 -0.90381088E-02  0.78544562E-02 -0.16485438E-01
  0.20290612E+01 -0.90437848E-02  0.78733637E-02 -0.16545040E-01
  0.20297531E+01 -0.90494498E-02  0.78922899E-02 -0.16604915E-01
  0.20304450E+01 -0.90551044E-02  0.79112351E-02 -0.16665067E-01
  0.20311369E+01 -0.90607495E-02  0.79301996E-02 -0.16725502E-01
  0.20318288E+01 -0.90663859E-02  0.79491836E-02 -0.16786224E-01
  0.20325207E+01 -0.90720142E-02  0.79681874E-02 -0.16847240E-01
  0.20332126E+01 -0.90776353E-02  0.79872112E-02 -0.16908553E-01
  0.20339045E+01 -0.90832499E-02  0.80062554E-02 -0.16970169E-01
  0.20345964E+01 -0.90888589E-02  0.80253201E-02 -0.17032092E-01
  0.20352883E+01 -0.90944630E-02  0.80444056E-02 -0.17094327E-01
  0.20359802E+01 -0.91000631E-02  0.80635123E-02 -0.17156879E-01
  0.20366721E+01 -0.91056599E-02  0.80826404E-02 -0.17219751E-01
  0.20373640E+01 -0.91112543E-02  0.81017901E-02 -0.17282949E-01
  0.20380559E+01 -0.91168471E-02  0.81209618E-02 -0.17346477E-01
  0.20387478E+01 -0.91224391E-02  0.81401557E-02 -0.17410338E-01
  0.20394397E+01 -0.91280311E-02  0.81593721E-02 -0.17474537E-01
  0.20401317E+01 -0.91336240E-02  0.81786114E-02 -0.17539077E-01
  0.20408236E+01 -0.91392187E-02  0.81978737E-02 -0.17603962E-01
  0.20415155E+01 -0.91448159E-02  0.82171594E-02 -0.17669195E-01
  0.20422074E+01 -0.91504166E-02  0.82364687E-02 -0.17734781E-01
  0.20428993E+01 -0.91560216E-02  0.82558020E-02 -0.17800723E-01
  0.20435912E+01 -0.91616318E-02  0.82751596E-02 -0.17867023E-01
  0.20442831E+01 -0.91672480E-02  0.82945418E-02 -0.17933684E-01
  0.20449750E+01 -0.91728711E-02  0.83139488E-02 -0.18000711E-01
  0.20456669E+01 -0.91785021E-02  0.83333809E-02 -0.18068104E-01
  0.20463588E+01 -0.91841418E-02  0.83528386E-02 -0.18135868E-01
  0.20470507E+01 -0.91897912E-02  0.83723220E-02 -0.18204003E-01
  0.20477426E+01 -0.91954510E-02  0.83918316E-02 -0.18272514E-01
  0.20484345E+01 -0.92011223E-02  0.84113675E-02 -0.18341401E-01
  0.20491264E+01 -0.92068060E-02  0.84309302E-02 -0.18410667E-01
  0.20498183E+01 -0.92125030E-02  0.84505200E-02 -0.18480314E-01
  0.20505102E+01 -0.92182143E-02  0.84701371E-02 -0.18550343E-01
  0.20512021E+01 -0.92239407E-02  0.84897819E-02 -0.18620757E-01
  0.20518940E+01 -0.92296833E-02  0.85094547E-02 -0.18691555E-01
  0.20525859E+01 -0.92354429E-02  0.85291559E-02 -0.18762740E-01
  0.20532778E+01 -0.92412206E-02  0.85488858E-02 -0.18834312E-01
  0.20539697E+01 -0.92470173E-02  0.85686448E-02 -0.18906274E-01
  0.20546616E+01 -0.92528340E-02  0.85884331E-02 -0.18978624E-01
  0.20553536E+01 -0.92586717E-02  0.86082511E-02 -0.19051364E-01
  0.20560455E+01 -0.92645314E-02  0.86280992E-02 -0.19124494E-01
  0.20567374E+01 -0.92704140E-02  0.86479777E-02 -0.19198014E-01
  0.20574293E+01 -0.92763207E-02  0.86678869E-02 -0.19271925E-01
  0.20581212E+01 -0.92822522E-02  0.86878273E-02 -0.19346227E-01
  0.20588131E+01 -0.92882098E-02  0.87077992E-02 -0.19420919E-01
  0.20595050E+01 -0.92941945E-02  0.87278029E-02 -0.19496000E-01
  0.20601969E+01 -0.93002071E-02  0.87478388E-02 -0.19571471E-01
  0.20608888E+01 -0.93062489E-02  0.87679073E-02 -0.19647330E-01
  0.20615807E+01 -0.93123209E-02  0.87880087E-02 -0.19723576E-01
  0.20622726E+01 -0.93184240E-02  0.88081435E-02 -0.19800209E-01
  0.20629645E+01 -0.93245594E-02  0.88283120E-02 -0.19877227E-01
  0.20636564E+01 -0.93307281E-02  0.88485146E-02 -0.19954629E-01
  0.20643483E+01 -0.93369312E-02  0.88687516E-02 -0.20032414E-01
  0.20650402E+01 -0.93431699E-02  0.88890236E-02 -0.20110579E-01
  0.20657321E+01 -0.93494451E-02  0.89093308E-02 -0.20189122E-01
  0.20664240E+01 -0.93557579E-02  0.89296737E-02 -0.20268043E-01
  0.20671159E+01 -0.93621096E-02  0.89500527E-02 -0.20347338E-01
  0.20678078E+01 -0.93685012E-02  0.89704682E-02 -0.20427005E-01
  0.20684997E+01 -0.93749337E-02  0.89909206E-02 -0.20507041E-01
  0.20691916E+01 -0.93814085E-02  0.90114103E-02 -0.20587445E-01
  0.20698836E+01 -0.93879265E-02  0.90319378E-02 -0.20668213E-01
  0.20705755E+01 -0.93944889E-02  0.90525035E-02 -0.20749343E-01
  0.20712674E+01 -0.94010969E-02  0.90731078E-02 -0.20830830E-01
  0.20719593E+01 -0.94077517E-02  0.90937512E-02 -0.20912673E-01
  0.20726512E+01 -0.94144543E-02  0.91144340E-02 -0.20994868E-01
  0.20733431E+01 -0.94212060E-02  0.91351568E-02 -0.21077410E-01
  0.20740350E+01 -0.94280080E-02  0.91559201E-02 -0.21160297E-01
  0.20747269E+01 -0.94348614E-02  0.91767242E-02 -0.21243525E-01
  0.20754188E+01 -0.94417674E-02  0.91975696E-02 -0.21327090E-01
  0.20761107E+01 -0.94487273E-02  0.92184569E-02 -0.21410988E-01
  0.20768026E+01 -0.94557423E-02  0.92393864E-02 -0.21495215E-01
  0.20774945E+01 -0.94628135E-02  0.92603588E-02 -0.21579766E-01
  0.20781864E+01 -0.94699423E-02  0.92813744E-02 -0.21664638E-01
  0.20788783E+01 -0.94771298E-02  0.93024338E-02 -0.21749825E-01
  0.20795702E+01 -0.94843773E-02  0.93235374E-02 -0.21835323E-01
  0.20802621E+01 -0.94916860E-02  0.93446859E-02 -0.21921128E-01
  0.20809540E+01 -0.94990573E-02  0.93658796E-02 -0.22007234E-01
  0.20816459E+01 -0.95064923E-02  0.93871192E-02 -0.22093637E-01
  0.20823378E+01 -0.95139924E-02  0.94084051E-02 -0.22180332E-01
  0.20830297E+01 -0.95215588E-02  0.94297380E-02 -0.22267313E-01
  0.20837216E+01 -0.95291929E-02  0.94511183E-02 -0.22354576E-01
  0.20844135E+01 -0.95368959E-02  0.94725466E-02 -0.22442116E-01
  0.20851055E+01 -0.95446691E-02  0.94940235E-02 -0.22529926E-01
  0.20857974E+01 -0.95525140E-02  0.95155495E-02 -0.22618002E-01
  0.20864893E+01 -0.95604317E-02  0.95371252E-02 -0.22706338E-01
  0.20871812E+01 -0.95684236E-02  0.95587513E-02 -0.22794928E-01
  0.20878731E+01 -0.95764912E-02  0.95804282E-02 -0.22883768E-01
  0.20885650E+01 -0.95846356E-02  0.96021567E-02 -0.22972851E-01
  0.20892569E+01 -0.95928584E-02  0.96239372E-02 -0.23062172E-01
  0.20899488E+01 -0.96011608E-02  0.96457706E-02 -0.23151724E-01
  0.20906407E+01 -0.96095443E-02  0.96676572E-02 -0.23241504E-01
  0.20913326E+01 -0.96180102E-02  0.96895979E-02 -0.23331503E-01
  0.20920245E+01 -0.96265599E-02  0.97115933E-02 -0.23421717E-01
  0.20927164E+01 -0.96351949E-02  0.97336440E-02 -0.23512140E-01
  0.20934083E+01 -0.96439165E-02  0.97557507E-02 -0.23602766E-01
  0.20941002E+01 -0.96527262E-02  0.97779140E-02 -0.23693589E-01
  0.20947921E+01 -0.96616254E-02  0.98001348E-02 -0.23784604E-01
  0.20954840E+01 -0.96706156E-02  0.98224135E-02 -0.23875803E-01
  0.20961759E+01 -0.96796981E-02  0.98447511E-02 -0.23967182E-01
  0.20968678E+01 -0.96888745E-02  0.98671481E-02 -0.24058735E-01
  0.20975597E+01 -0.96981463E-02  0.98896054E-02 -0.24150456E-01
  0.20982516E+01 -0.97075148E-02  0.99121237E-02 -0.24242338E-01
  0.20989435E+01 -0.97169816E-02  0.99347036E-02 -0.24334377E-01
  0.20996354E+01 -0.97265482E-02  0.99573461E-02 -0.24426566E-01
  0.21003274E+01 -0.97362161E-02  0.99800518E-02 -0.24518900E-01
  0.21010193E+01 -0.97459868E-02  0.10002822E-01 -0.24611373E-01
  0.21017112E+01 -0.97558618E-02  0.10025656E-01 -0.24703979E-01
  0.21024031E+01 -0.97658427E-02  0.10048557E-01 -0.24796713E-01
  0.21030950E+01 -0.97759310E-02  0.10071523E-01 -0.24889570E-01
  0.21037869E+01 -0.97861283E-02  0.10094558E-01 -0.24982543E-01
  0.21044788E+01 -0.97964361E-02  0.10117660E-01 -0.25075629E-01
  0.21051707E+01 -0.98068559E-02  0.10140831E-01 -0.25168820E-01
  0.21058626E+01 -0.98173895E-02  0.10164073E-01 -0.25262113E-01
  0.21065545E+01 -0.98280382E-02  0.10187385E-01 -0.25355501E-01
  0.21072464E+01 -0.98388039E-02  0.10210769E-01 -0.25448981E-01
  0.21079383E+01 -0.98496880E-02  0.10234225E-01 -0.25542547E-01
  0.21086302E+01 -0.98606922E-02  0.10257755E-01 -0.25636194E-01
  0.21093221E+01 -0.98718182E-02  0.10281360E-01 -0.25729918E-01
  0.21100140E+01 -0.98830675E-02  0.10305040E-01 -0.25823714E-01
  0.21107059E+01 -0.98944418E-02  0.10328797E-01 -0.25917578E-01
  0.21113978E+01 -0.99059428E-02  0.10352631E-01 -0.26011505E-01
  0.21120897E+01 -0.99175721E-02  0.10376544E-01 -0.26105492E-01
  0.21127816E+01 -0.99293314E-02  0.10400536E-01 -0.26199535E-01
  0.21134735E+01 -0.99412225E-02  0.10424608E-01 -0.26293628E-01
  0.21141654E+01 -0.99532469E-02  0.10448762E-01 -0.26387770E-01
  0.21148573E+01 -0.99654065E-02  0.10472999E-01 -0.26481957E-01
  0.21155493E+01 -0.99777029E-02  0.10497320E-01 -0.26576184E-01
  0.21162412E+01 -0.99901379E-02  0.10521725E-01 -0.26670450E-01
  0.21169331E+01 -0.10002713E-01  0.10546217E-01 -0.26764750E-01
  0.21176250E+01 -0.10015431E-01  0.10570795E-01 -0.26859083E-01
  0.21183169E+01 -0.10028292E-01  0.10595462E-01 -0.26953446E-01
  0.21190088E+01 -0.10041299E-01  0.10620218E-01 -0.27047835E-01
  0.21197007E+01 -0.10054453E-01  0.10645065E-01 -0.27142250E-01
  0.21203926E+01 -0.10067756E-01  0.10670003E-01 -0.27236688E-01
  0.21210845E+01 -0.10081210E-01  0.10695035E-01 -0.27331147E-01
  0.21217764E+01 -0.10094817E-01  0.10720161E-01 -0.27425627E-01
  0.21224683E+01 -0.10108579E-01  0.10745382E-01 -0.27520124E-01
  0.21231602E+01 -0.10122497E-01  0.10770700E-01 -0.27614639E-01
  0.21238521E+01 -0.10136574E-01  0.10796116E-01 -0.27709171E-01
  0.21245440E+01 -0.10150811E-01  0.10821632E-01 -0.27803719E-01
  0.21252359E+01 -0.10165209E-01  0.10847248E-01 -0.27898283E-01
  0.21259278E+01 -0.10179772E-01  0.10872967E-01 -0.27992862E-01
  0.21266197E+01 -0.10194500E-01  0.10898789E-01 -0.28087457E-01
  0.21273116E+01 -0.10209396E-01  0.10924715E-01 -0.28182068E-01
  0.21280035E+01 -0.10224462E-01  0.10950748E-01 -0.28276696E-01
  0.21286954E+01 -0.10239700E-01  0.10976889E-01 -0.28371342E-01
  0.21293873E+01 -0.10255110E-01  0.11003138E-01 -0.28466007E-01
  0.21300792E+01 -0.10270697E-01  0.11029499E-01 -0.28560693E-01
  0.21307712E+01 -0.10286460E-01  0.11055971E-01 -0.28655401E-01
  0.21314631E+01 -0.10302403E-01  0.11082557E-01 -0.28750133E-01
  0.21321550E+01 -0.10318528E-01  0.11109258E-01 -0.28844893E-01
  0.21328469E+01 -0.10334836E-01  0.11136076E-01 -0.28939681E-01
  0.21335388E+01 -0.10351329E-01  0.11163012E-01 -0.29034503E-01
  0.21342307E+01 -0.10368009E-01  0.11190067E-01 -0.29129360E-01
  0.21349226E+01 -0.10384879E-01  0.11217244E-01 -0.29224256E-01
  0.21356145E+01 -0.10401941E-01  0.11244545E-01 -0.29319196E-01
  0.21363064E+01 -0.10419196E-01  0.11271969E-01 -0.29414183E-01
  0.21369983E+01 -0.10436646E-01  0.11299521E-01 -0.29509222E-01
  0.21376902E+01 -0.10454294E-01  0.11327200E-01 -0.29604318E-01
  0.21383821E+01 -0.10472142E-01  0.11355009E-01 -0.29699475E-01
  0.21390740E+01 -0.10490192E-01  0.11382950E-01 -0.29794701E-01
  0.21397659E+01 -0.10508445E-01  0.11411024E-01 -0.29889999E-01
  0.21404578E+01 -0.10526905E-01  0.11439233E-01 -0.29985376E-01
  0.21411497E+01 -0.10545573E-01  0.11467579E-01 -0.30080840E-01
  0.21418416E+01 -0.10564452E-01  0.11496064E-01 -0.30176396E-01
  0.21425335E+01 -0.10583542E-01  0.11524689E-01 -0.30272051E-01
  0.21432254E+01 -0.10602848E-01  0.11553457E-01 -0.30367814E-01
  0.21439173E+01 -0.10622371E-01  0.11582370E-01 -0.30463692E-01
  0.21446092E+01 -0.10642112E-01  0.11611428E-01 -0.30559692E-01
  0.21453011E+01 -0.10662075E-01  0.11640635E-01 -0.30655825E-01
  0.21459931E+01 -0.10682262E-01  0.11669992E-01 -0.30752098E-01
  0.21466850E+01 -0.10702674E-01  0.11699501E-01 -0.30848520E-01
  0.21473769E+01 -0.10723315E-01  0.11729165E-01 -0.30945101E-01
  0.21480688E+01 -0.10744185E-01  0.11758985E-01 -0.31041852E-01
  0.21487607E+01 -0.10765289E-01  0.11788963E-01 -0.31138781E-01
  0.21494526E+01 -0.10786627E-01  0.11819101E-01 -0.31235901E-01
  0.21501445E+01 -0.10808202E-01  0.11849402E-01 -0.31333220E-01
  0.21508364E+01 -0.10830017E-01  0.11879868E-01 -0.31430752E-01
  0.21515283E+01 -0.10852074E-01  0.11910501E-01 -0.31528507E-01
  0.21522202E+01 -0.10874375E-01  0.11941303E-01 -0.31626498E-01
  0.21529121E+01 -0.10896923E-01  0.11972276E-01 -0.31724736E-01
  0.21536040E+01 -0.10919719E-01  0.12003422E-01 -0.31823234E-01
  0.21542959E+01 -0.10942767E-01  0.12034744E-01 -0.31922005E-01
  0.21549878E+01 -0.10966068E-01  0.12066245E-01 -0.32021063E-01
  0.21556797E+01 -0.10989625E-01  0.12097925E-01 -0.32120421E-01
  0.21563716E+01 -0.11013441E-01  0.12129788E-01 -0.32220093E-01
  0.21570635E+01 -0.11037518E-01  0.12161837E-01 -0.32320094E-01
  0.21577554E+01 -0.11061859E-01  0.12194073E-01 -0.32420438E-01
  0.21584473E+01 -0.11086465E-01  0.12226498E-01 -0.32521140E-01
  0.21591392E+01 -0.11111340E-01  0.12259116E-01 -0.32622216E-01
  0.21598311E+01 -0.11136485E-01  0.12291929E-01 -0.32723680E-01
  0.21605230E+01 -0.11161904E-01  0.12324938E-01 -0.32825550E-01
  0.21612150E+01 -0.11187599E-01  0.12358148E-01 -0.32927841E-01
  0.21619069E+01 -0.11213572E-01  0.12391560E-01 -0.33030571E-01
  0.21625988E+01 -0.11239826E-01  0.12425176E-01 -0.33133755E-01
  0.21632907E+01 -0.11266363E-01  0.12459000E-01 -0.33237412E-01
  0.21639826E+01 -0.11293187E-01  0.12493034E-01 -0.33341559E-01
  0.21646745E+01 -0.11320299E-01  0.12527281E-01 -0.33446214E-01
  0.21653664E+01 -0.11347702E-01  0.12561743E-01 -0.33551395E-01
  0.21660583E+01 -0.11375400E-01  0.12596423E-01 -0.33657121E-01
  0.21667502E+01 -0.11403393E-01  0.12631324E-01 -0.33763410E-01
  0.21674421E+01 -0.11431686E-01  0.12666448E-01 -0.33870282E-01
  0.21681340E+01 -0.11460281E-01  0.12701798E-01 -0.33977756E-01
  0.21688259E+01 -0.11489180E-01  0.12737377E-01 -0.34085851E-01
  0.21695178E+01 -0.11518386E-01  0.12773188E-01 -0.34194589E-01
  0.21702097E+01 -0.11547903E-01  0.12809234E-01 -0.34303989E-01
  0.21709016E+01 -0.11577731E-01  0.12845517E-01 -0.34414071E-01
  0.21715935E+01 -0.11607875E-01  0.12882041E-01 -0.34524857E-01
  0.21722854E+01 -0.11638337E-01  0.12918807E-01 -0.34636368E-01
  0.21729773E+01 -0.11669119E-01  0.12955820E-01 -0.34748624E-01
  0.21736692E+01 -0.11700226E-01  0.12993082E-01 -0.34861649E-01
  0.21743611E+01 -0.11731658E-01  0.13030597E-01 -0.34975462E-01
  0.21750530E+01 -0.11763419E-01  0.13068366E-01 -0.35090088E-01
  0.21757449E+01 -0.11795512E-01  0.13106394E-01 -0.35205547E-01
  0.21764369E+01 -0.11827940E-01  0.13144682E-01 -0.35321863E-01
  0.21771288E+01 -0.11860705E-01  0.13183235E-01 -0.35439058E-01
  0.21778207E+01 -0.11893811E-01  0.13222056E-01 -0.35557156E-01
  0.21785126E+01 -0.11927260E-01  0.13261147E-01 -0.35676179E-01
  0.21792045E+01 -0.11961054E-01  0.13300511E-01 -0.35796152E-01
  0.21798964E+01 -0.11995198E-01  0.13340153E-01 -0.35917098E-01
  0.21805883E+01 -0.12029693E-01  0.13380074E-01 -0.36039040E-01
  0.21812802E+01 -0.12064543E-01  0.13420279E-01 -0.36162003E-01
  0.21819721E+01 -0.12099751E-01  0.13460770E-01 -0.36286011E-01
  0.21826640E+01 -0.12135319E-01  0.13501551E-01 -0.36411088E-01
  0.21833559E+01 -0.12171251E-01  0.13542624E-01 -0.36537260E-01
  0.21840478E+01 -0.12207549E-01  0.13583995E-01 -0.36664550E-01
  0.21847397E+01 -0.12244216E-01  0.13625664E-01 -0.36792985E-01
  0.21854316E+01 -0.12281255E-01  0.13667637E-01 -0.36922587E-01
  0.21861235E+01 -0.12318670E-01  0.13709916E-01 -0.37053384E-01
  0.21868154E+01 -0.12356463E-01  0.13752505E-01 -0.37185400E-01
  0.21875073E+01 -0.12394638E-01  0.13795406E-01 -0.37318661E-01
  0.21881992E+01 -0.12433196E-01  0.13838625E-01 -0.37453193E-01
  0.21888911E+01 -0.12472142E-01  0.13882163E-01 -0.37589020E-01
  0.21895830E+01 -0.12511478E-01  0.13926025E-01 -0.37726169E-01
  0.21902749E+01 -0.12551208E-01  0.13970213E-01 -0.37864666E-01
  0.21909668E+01 -0.12591334E-01  0.14014732E-01 -0.38004536E-01
  0.21916588E+01 -0.12631859E-01  0.14059585E-01 -0.38145806E-01
  0.21923507E+01 -0.12672787E-01  0.14104776E-01 -0.38288501E-01
  0.21930426E+01 -0.12714120E-01  0.14150307E-01 -0.38432649E-01
  0.21937345E+01 -0.50159985E-02  0.48958595E-02  0.21435184E-01
  0.21944264E+01 -0.49907773E-02  0.48870828E-02  0.21163348E-01
  0.21951183E+01 -0.49655988E-02  0.48782224E-02  0.20894688E-01
  0.21958102E+01 -0.49404632E-02  0.48692789E-02  0.20629145E-01
  0.21965021E+01 -0.49153710E-02  0.48602526E-02  0.20366663E-01
  0.21971940E+01 -0.48903225E-02  0.48511441E-02  0.20107182E-01
  0.21978859E+01 -0.48653181E-02  0.48419537E-02  0.19850648E-01
  0.21985778E+01 -0.48403580E-02  0.48326821E-02  0.19597006E-01
  0.21992697E+01 -0.48154427E-02  0.48233295E-02  0.19346199E-01
  0.21999616E+01 -0.47905725E-02  0.48138964E-02  0.19098175E-01
  0.22006535E+01 -0.47657478E-02  0.48043833E-02  0.18852881E-01
  0.22013454E+01 -0.47409688E-02  0.47947907E-02  0.18610263E-01
  0.22020373E+01 -0.47162360E-02  0.47851190E-02  0.18370272E-01
  0.22027292E+01 -0.46915496E-02  0.47753685E-02  0.18132856E-01
  0.22034211E+01 -0.46669099E-02  0.47655398E-02  0.17897964E-01
  0.22041130E+01 -0.46423174E-02  0.47556333E-02  0.17665549E-01
  0.22048049E+01 -0.46177723E-02  0.47456494E-02  0.17435561E-01
  0.22054968E+01 -0.45932748E-02  0.47355884E-02  0.17207953E-01
  0.22061887E+01 -0.45688255E-02  0.47254510E-02  0.16982678E-01
  0.22068807E+01 -0.45444245E-02  0.47152374E-02  0.16759690E-01
  0.22075726E+01 -0.45200721E-02  0.47049480E-02  0.16538943E-01
  0.22082645E+01 -0.44957688E-02  0.46945833E-02  0.16320392E-01
  0.22089564E+01 -0.44715146E-02  0.46841438E-02  0.16103994E-01
  0.22096483E+01 -0.44473101E-02  0.46736296E-02  0.15889705E-01
  0.22103402E+01 -0.44231554E-02  0.46630414E-02  0.15677483E-01
  0.22110321E+01 -0.43990508E-02  0.46523794E-02  0.15467286E-01
  0.22117240E+01 -0.43749967E-02  0.46416441E-02  0.15259072E-01
  0.22124159E+01 -0.43509933E-02  0.46308358E-02  0.15052802E-01
  0.22131078E+01 -0.43270409E-02  0.46199550E-02  0.14848435E-01
  0.22137997E+01 -0.43031398E-02  0.46090019E-02  0.14645933E-01
  0.22144916E+01 -0.42792902E-02  0.45979770E-02  0.14445257E-01
  0.22151835E+01 -0.42554924E-02  0.45868806E-02  0.14246370E-01
  0.22158754E+01 -0.42317467E-02  0.45757131E-02  0.14049235E-01
  0.22165673E+01 -0.42080533E-02  0.45644748E-02  0.13853816E-01
  0.22172592E+01 -0.41844125E-02  0.45531661E-02  0.13660077E-01
  0.22179511E+01 -0.41608246E-02  0.45417874E-02  0.13467984E-01
  0.22186430E+01 -0.41372898E-02  0.45303389E-02  0.13277502E-01
  0.22193349E+01 -0.41138083E-02  0.45188211E-02  0.13088598E-01
  0.22200268E+01 -0.40903804E-02  0.45072342E-02  0.12901240E-01
  0.22207187E+01 -0.40670064E-02  0.44955786E-02  0.12715395E-01
  0.22214106E+01 -0.40436864E-02  0.44838545E-02  0.12531032E-01
  0.22221026E+01 -0.40204206E-02  0.44720624E-02  0.12348120E-01
  0.22227945E+01 -0.39972095E-02  0.44602025E-02  0.12166630E-01
  0.22234864E+01 -0.39740530E-02  0.44482751E-02  0.11986533E-01
  0.22241783E+01 -0.39509516E-02  0.44362805E-02  0.11807798E-01
  0.22248702E+01 -0.39279053E-02  0.44242191E-02  0.11630400E-01
  0.22255621E+01 -0.39049144E-02  0.44120910E-02  0.11454310E-01
  0.22262540E+01 -0.38819791E-02  0.43998966E-02  0.11279502E-01
  0.22269459E+01 -0.38590997E-02  0.43876362E-02  0.11105951E-01
  0.22276378E+01 -0.38362762E-02  0.43753101E-02  0.10933630E-01
  0.22283297E+01 -0.38135090E-02  0.43629184E-02  0.10762515E-01
  0.22290216E+01 -0.37907982E-02  0.43504615E-02  0.10592583E-01
  0.22297135E+01 -0.37681440E-02  0.43379396E-02  0.10423810E-01
  0.22304054E+01 -0.37455465E-02  0.43253530E-02  0.10256174E-01
  0.22310973E+01 -0.37230060E-02  0.43127018E-02  0.10089653E-01
  0.22317892E+01 -0.37005227E-02  0.42999865E-02  0.99242250E-02
  0.22324811E+01 -0.36780967E-02  0.42872070E-02  0.97598702E-02
  0.22331730E+01 -0.36557281E-02  0.42743638E-02  0.95965685E-02
  0.22338649E+01 -0.36334172E-02  0.42614571E-02  0.94343006E-02
  0.22345568E+01 -0.36111641E-02  0.42484869E-02  0.92730478E-02
  0.22352487E+01 -0.35889690E-02  0.42354536E-02  0.91127923E-02
  0.22359406E+01 -0.35668321E-02  0.42223573E-02  0.89535166E-02
  0.22366325E+01 -0.35447534E-02  0.42091983E-02  0.87952041E-02
  0.22373245E+01 -0.35227331E-02  0.41959767E-02  0.86378387E-02
  0.22380164E+01 -0.35007714E-02  0.41826927E-02  0.84814050E-02
  0.22387083E+01 -0.34788684E-02  0.41693465E-02  0.83258881E-02
  0.22394002E+01 -0.34570242E-02  0.41559383E-02  0.81712739E-02
  0.22400921E+01 -0.34352390E-02  0.41424682E-02  0.80175489E-02
  0.22407840E+01 -0.34135129E-02  0.41289364E-02  0.78647002E-02
  0.22414759E+01 -0.33918460E-02  0.41153430E-02  0.77127153E-02
  0.22421678E+01 -0.33702385E-02  0.41016882E-02  0.75615826E-02
  0.22428597E+01 -0.33486904E-02  0.40879722E-02  0.74112911E-02
  0.22435516E+01 -0.33272018E-02  0.40741950E-02  0.72618302E-02
  0.22442435E+01 -0.33057729E-02  0.40603568E-02  0.71131900E-02
  0.22449354E+01 -0.32844038E-02  0.40464578E-02  0.69653612E-02
  0.22456273E+01 -0.32630946E-02  0.40324980E-02  0.68183352E-02
  0.22463192E+01 -0.32418452E-02  0.40184776E-02  0.66721038E-02
  0.22470111E+01 -0.32206560E-02  0.40043967E-02  0.65266594E-02
  0.22477030E+01 -0.31995269E-02  0.39902553E-02  0.63819951E-02
  0.22483949E+01 -0.31784579E-02  0.39760536E-02  0.62381046E-02
  0.22490868E+01 -0.31574493E-02  0.39617917E-02  0.60949820E-02
  0.22497787E+01 -0.31365010E-02  0.39474696E-02  0.59526219E-02
  0.22504706E+01 -0.31156132E-02  0.39330875E-02  0.58110198E-02
  0.22511625E+01 -0.30947858E-02  0.39186454E-02  0.56701714E-02
  0.22518544E+01 -0.30740190E-02  0.39041433E-02  0.55300731E-02
  0.22525464E+01 -0.30533128E-02  0.38895815E-02  0.53907219E-02
  0.22532383E+01 -0.30326673E-02  0.38749598E-02  0.52521151E-02
  0.22539302E+01 -0.30120824E-02  0.38602783E-02  0.51142508E-02
  0.22546221E+01 -0.29915583E-02  0.38455372E-02  0.49771274E-02
  0.22553140E+01 -0.29710950E-02  0.38307365E-02  0.48407440E-02
  0.22560059E+01 -0.29506925E-02  0.38158761E-02  0.47051000E-02
  0.22566978E+01 -0.29303509E-02  0.38009562E-02  0.45701955E-02
  0.22573897E+01 -0.29100701E-02  0.37859768E-02  0.44360309E-02
  0.22580816E+01 -0.28898503E-02  0.37709378E-02  0.43026072E-02
  0.22587735E+01 -0.28696913E-02  0.37558394E-02  0.41699259E-02
  0.22594654E+01 -0.28495933E-02  0.37406815E-02  0.40379889E-02
  0.22601573E+01 -0.28295562E-02  0.37254642E-02  0.39067986E-02
  0.22608492E+01 -0.28095801E-02  0.37101874E-02  0.37763578E-02
  0.22615411E+01 -0.27896649E-02  0.36948512E-02  0.36466699E-02
  0.22622330E+01 -0.27698107E-02  0.36794556E-02  0.35177384E-02
  0.22629249E+01 -0.27500173E-02  0.36640005E-02  0.33895676E-02
  0.22636168E+01 -0.27302849E-02  0.36484860E-02  0.32621620E-02
  0.22643087E+01 -0.27106134E-02  0.36329120E-02  0.31355266E-02
  0.22650006E+01 -0.26910028E-02  0.36172786E-02  0.30096669E-02
  0.22656925E+01 -0.26714531E-02  0.36015857E-02  0.28845885E-02
  0.22663844E+01 -0.26519641E-02  0.35858333E-02  0.27602977E-02
  0.22670763E+01 -0.26325360E-02  0.35700214E-02  0.26368009E-02
  0.22677683E+01 -0.26131686E-02  0.35541500E-02  0.25141052E-02
  0.22684602E+01 -0.25938619E-02  0.35382190E-02  0.23922177E-02
  0.22691521E+01 -0.25746159E-02  0.35222284E-02  0.22711461E-02
  0.22698440E+01 -0.25554305E-02  0.35061781E-02  0.21508983E-02
  0.22705359E+01 -0.25363057E-02  0.34900682E-02  0.20314827E-02
  0.22712278E+01 -0.25172414E-02  0.34738986E-02  0.19129078E-02
  0.22719197E+01 -0.24982375E-02  0.34576693E-02  0.17951826E-02
  0.22726116E+01 -0.24792939E-02  0.34413801E-02  0.16783163E-02
  0.22733035E+01 -0.24604107E-02  0.34250312E-02  0.15623183E-02
  0.22739954E+01 -0.24415877E-02  0.34086223E-02  0.14471985E-02
  0.22746873E+01 -0.24228248E-02  0.33921536E-02  0.13329670E-02
  0.22753792E+01 -0.24041220E-02  0.33756249E-02  0.12196340E-02
  0.22760711E+01 -0.23854791E-02  0.33590361E-02  0.11072102E-02
  0.22767630E+01 -0.23668961E-02  0.33423873E-02  0.99570629E-03
  0.22774549E+01 -0.23483729E-02  0.33256784E-02  0.88513338E-03
  0.22781468E+01 -0.23299093E-02  0.33089093E-02  0.77550272E-03
  0.22788387E+01 -0.23115053E-02  0.32920800E-02  0.66682576E-03
  0.22795306E+01 -0.22931607E-02  0.32751904E-02  0.55911417E-03
  0.22802225E+01 -0.22748755E-02  0.32582404E-02  0.45237979E-03
  0.22809144E+01 -0.22566495E-02  0.32412301E-02  0.34663465E-03
  0.22816063E+01 -0.22384826E-02  0.32241594E-02  0.24189093E-03
  0.22822982E+01 -0.22203747E-02  0.32070282E-02  0.13816097E-03
  0.22829902E+01 -0.22023255E-02  0.31898364E-02  0.35457250E-04
  0.22836821E+01 -0.21843351E-02  0.31725840E-02 -0.66207617E-04
  0.22843740E+01 -0.21664032E-02  0.31552710E-02 -0.16682090E-03
  0.22850659E+01 -0.21485297E-02  0.31378973E-02 -0.26636977E-03
  0.22857578E+01 -0.21307145E-02  0.31204629E-02 -0.36484127E-03
  0.22864497E+01 -0.21129574E-02  0.31029676E-02 -0.46222240E-03
  0.22871416E+01 -0.20952583E-02  0.30854115E-02 -0.55850005E-03
  0.22878335E+01 -0.20776169E-02  0.30677946E-02 -0.65366106E-03
  0.22885254E+01 -0.20600331E-02  0.30501167E-02 -0.74769222E-03
  0.22892173E+01 -0.20425068E-02  0.30323778E-02 -0.84058027E-03
  0.22899092E+01 -0.20250377E-02  0.30145779E-02 -0.93231194E-03
  0.22906011E+01 -0.20076258E-02  0.29967170E-02 -0.10228739E-02
  0.22912930E+01 -0.19902707E-02  0.29787950E-02 -0.11122529E-02
  0.22919849E+01 -0.19729724E-02  0.29608119E-02 -0.12004356E-02
  0.22926768E+01 -0.19557306E-02  0.29427676E-02 -0.12874086E-02
  0.22933687E+01 -0.19385451E-02  0.29246622E-02 -0.13731588E-02
  0.22940606E+01 -0.19214158E-02  0.29064956E-02 -0.14576730E-02
  0.22947525E+01 -0.19043424E-02  0.28882678E-02 -0.15409378E-02
  0.22954444E+01 -0.18873247E-02  0.28699787E-02 -0.16229403E-02
  0.22961363E+01 -0.18703626E-02  0.28516284E-02 -0.17036674E-02
  0.22968282E+01 -0.18534557E-02  0.28332168E-02 -0.17831060E-02
  0.22975202E+01 -0.18366039E-02  0.28147440E-02 -0.18612434E-02
  0.22982121E+01 -0.18198070E-02  0.27962099E-02 -0.19380668E-02
  0.22989040E+01 -0.18030646E-02  0.27776146E-02 -0.20135635E-02
  0.22995959E+01 -0.17863767E-02  0.27589580E-02 -0.20877210E-02
  0.23002878E+01 -0.17697429E-02  0.27402401E-02 -0.21605268E-02
  0.23009797E+01 -0.17531630E-02  0.27214611E-02 -0.22319688E-02
  0.23016716E+01 -0.17366368E-02  0.27026208E-02 -0.23020349E-02
  0.23023635E+01 -0.17201640E-02  0.26837194E-02 -0.23707132E-02
  0.23030554E+01 -0.17037443E-02  0.26647568E-02 -0.24379918E-02
  0.23037473E+01 -0.16873776E-02  0.26457331E-02 -0.25038592E-02
  0.23044392E+01 -0.16710635E-02  0.26266484E-02 -0.25683042E-02
  0.23051311E+01 -0.16548018E-02  0.26075026E-02 -0.26313155E-02
  0.23058230E+01 -0.16385922E-02  0.25882959E-02 -0.26928822E-02
  0.23065149E+01 -0.16224344E-02  0.25690283E-02 -0.27529937E-02
  0.23072068E+01 -0.16063282E-02  0.25496998E-02 -0.28116394E-02
  0.23078987E+01 -0.15902733E-02  0.25303106E-02 -0.28688091E-02
  0.23085906E+01 -0.15742694E-02  0.25108607E-02 -0.29244930E-02
  0.23092825E+01 -0.15583161E-02  0.24913502E-02 -0.29786812E-02
  0.23099744E+01 -0.15424133E-02  0.24717792E-02 -0.30313644E-02
  0.23106663E+01 -0.15265607E-02  0.24521477E-02 -0.30825334E-02
  0.23113582E+01 -0.15107578E-02  0.24324560E-02 -0.31321795E-02
  0.23120501E+01 -0.14950045E-02  0.24127041E-02 -0.31802941E-02
  0.23127421E+01 -0.14793003E-02  0.23928920E-02 -0.32268689E-02
  0.23134340E+01 -0.14636451E-02  0.23730201E-02 -0.32718961E-02
  0.23141259E+01 -0.14480384E-02  0.23530883E-02 -0.33153680E-02
  0.23148178E+01 -0.14324800E-02  0.23330969E-02 -0.33572775E-02
  0.23155097E+01 -0.14169696E-02  0.23130459E-02 -0.33976176E-02
  0.23162016E+01 -0.14015068E-02  0.22929356E-02 -0.34363818E-02
  0.23168935E+01 -0.13860912E-02  0.22727660E-02 -0.34735640E-02
  0.23175854E+01 -0.13707226E-02  0.22525374E-02 -0.35091582E-02
  0.23182773E+01 -0.13554007E-02  0.22322500E-02 -0.35431590E-02
  0.23189692E+01 -0.13401250E-02  0.22119039E-02 -0.35755615E-02
  0.23196611E+01 -0.13248952E-02  0.21914994E-02 -0.36063608E-02
  0.23203530E+01 -0.13097111E-02  0.21710366E-02 -0.36355528E-02
  0.23210449E+01 -0.12945721E-02  0.21505157E-02 -0.36631334E-02
  0.23217368E+01 -0.12794781E-02  0.21299370E-02 -0.36890994E-02
  0.23224287E+01 -0.12644285E-02  0.21093008E-02 -0.37134475E-02
  0.23231206E+01 -0.12494231E-02  0.20886071E-02 -0.37361751E-02
  0.23238125E+01 -0.12344616E-02  0.20678564E-02 -0.37572801E-02
  0.23245044E+01 -0.12195434E-02  0.20470488E-02 -0.37767606E-02
  0.23251963E+01 -0.12046683E-02  0.20261847E-02 -0.37946153E-02
  0.23258882E+01 -0.11898359E-02  0.20052642E-02 -0.38108433E-02
  0.23265801E+01 -0.11750458E-02  0.19842877E-02 -0.38254440E-02
  0.23272720E+01 -0.11602976E-02  0.19632554E-02 -0.38384175E-02
  0.23279640E+01 -0.11455909E-02  0.19421677E-02 -0.38497641E-02
  0.23286559E+01 -0.11309254E-02  0.19210249E-02 -0.38594849E-02
  0.23293478E+01 -0.11163006E-02  0.18998273E-02 -0.38675810E-02
  0.23300397E+01 -0.11017162E-02  0.18785753E-02 -0.38740544E-02
  0.23307316E+01 -0.10871718E-02  0.18572691E-02 -0.38789073E-02
  0.23314235E+01 -0.10726669E-02  0.18359091E-02 -0.38821424E-02
  0.23321154E+01 -0.10582012E-02  0.18144956E-02 -0.38837631E-02
  0.23328073E+01 -0.10437742E-02  0.17930291E-02 -0.38837729E-02
  0.23334992E+01 -0.10293856E-02  0.17715099E-02 -0.38821761E-02
  0.23341911E+01 -0.10150349E-02  0.17499384E-02 -0.38789773E-02
  0.23348830E+01 -0.10007218E-02  0.17283150E-02 -0.38741816E-02
  0.23355749E+01 -0.98644567E-03  0.17066401E-02 -0.38677948E-02
  0.23362668E+01 -0.97220625E-03  0.16849141E-02 -0.38598229E-02
  0.23369587E+01 -0.95800309E-03  0.16631374E-02 -0.38502725E-02
  0.23376506E+01 -0.94383574E-03  0.16413104E-02 -0.38391508E-02
  0.23383425E+01 -0.92970379E-03  0.16194337E-02 -0.38264652E-02
  0.23390344E+01 -0.91560679E-03  0.15975076E-02 -0.38122238E-02
  0.23397263E+01 -0.90154431E-03  0.15755326E-02 -0.37964353E-02
  0.23404182E+01 -0.88751590E-03  0.15535091E-02 -0.37791087E-02
  0.23411101E+01 -0.87352114E-03  0.15314377E-02 -0.37602534E-02
  0.23418020E+01 -0.85955958E-03  0.15093189E-02 -0.37398796E-02
  0.23424939E+01 -0.84563076E-03  0.14871531E-02 -0.37179977E-02
  0.23431859E+01 -0.83173424E-03  0.14649408E-02 -0.36946188E-02
  0.23438778E+01 -0.81786957E-03  0.14426826E-02 -0.36697543E-02
  0.23445697E+01 -0.80403630E-03  0.14203790E-02 -0.36434162E-02
  0.23452616E+01 -0.79023395E-03  0.13980305E-02 -0.36156169E-02
  0.23459535E+01 -0.77646209E-03  0.13756376E-02 -0.35863694E-02
  0.23466454E+01 -0.76272024E-03  0.13532009E-02 -0.35556872E-02
  0.23473373E+01 -0.74900794E-03  0.13307210E-02 -0.35235840E-02
  0.23480292E+01 -0.73532473E-03  0.13081984E-02 -0.34900742E-02
  0.23487211E+01 -0.72167013E-03  0.12856337E-02 -0.34551727E-02
  0.23494130E+01 -0.70804368E-03  0.12630275E-02 -0.34188947E-02
  0.23501049E+01 -0.69444489E-03  0.12403804E-02 -0.33812561E-02
  0.23507968E+01 -0.68087331E-03  0.12176930E-02 -0.33422730E-02
  0.23514887E+01 -0.66732844E-03  0.11949659E-02 -0.33019621E-02
  0.23521806E+01 -0.65380981E-03  0.11721996E-02 -0.32603405E-02
  0.23528725E+01 -0.64031694E-03  0.11493950E-02 -0.32174258E-02
  0.23535644E+01 -0.62684934E-03  0.11265525E-02 -0.31732360E-02
  0.23542563E+01 -0.61340652E-03  0.11036728E-02 -0.31277896E-02
  0.23549482E+01 -0.59998801E-03  0.10807566E-02 -0.30811053E-02
  0.23556401E+01 -0.58659330E-03  0.10578045E-02 -0.30332027E-02
  0.23563320E+01 -0.57322192E-03  0.10348172E-02 -0.29841013E-02
  0.23570239E+01 -0.55987335E-03  0.10117954E-02 -0.29338213E-02
  0.23577158E+01 -0.54654712E-03  0.98873975E-03 -0.28823832E-02
  0.23584078E+01 -0.53324271E-03  0.96565093E-03 -0.28298081E-02
  0.23590997E+01 -0.51995964E-03  0.94252964E-03 -0.27761173E-02
  0.23597916E+01 -0.50669741E-03  0.91937659E-03 -0.27213325E-02
  0.23604835E+01 -0.49345550E-03  0.89619249E-03 -0.26654758E-02
  0.23611754E+01 -0.48023342E-03  0.87297805E-03 -0.26085698E-02
  0.23618673E+01 -0.46703066E-03  0.84973399E-03 -0.25506374E-02
  0.23625592E+01 -0.45384671E-03  0.82646106E-03 -0.24917017E-02
  0.23632511E+01 -0.44068107E-03  0.80315998E-03 -0.24317863E-02
  0.23639430E+01 -0.42753323E-03  0.77983149E-03 -0.23709153E-02
  0.23646349E+01 -0.41440267E-03  0.75647635E-03 -0.23091128E-02
  0.23653268E+01 -0.40128889E-03  0.73309530E-03 -0.22464036E-02
  0.23660187E+01 -0.38819136E-03  0.70968911E-03 -0.21828125E-02
  0.23667106E+01 -0.37510958E-03  0.68625855E-03 -0.21183647E-02
  0.23674025E+01 -0.36204302E-03  0.66280438E-03 -0.20530859E-02
  0.23680944E+01 -0.34899118E-03  0.63932737E-03 -0.19870019E-02
  0.23687863E+01 -0.33595352E-03  0.61582832E-03 -0.19201388E-02
  0.23694782E+01 -0.32292954E-03  0.59230801E-03 -0.18525230E-02
  0.23701701E+01 -0.30991871E-03  0.56876722E-03 -0.17841813E-02
  0.23708620E+01 -0.29692051E-03  0.54520676E-03 -0.17151406E-02
  0.23715539E+01 -0.28393441E-03  0.52162742E-03 -0.16454281E-02
  0.23722458E+01 -0.27095990E-03  0.49803001E-03 -0.15750713E-02
  0.23729377E+01 -0.25799644E-03  0.47441533E-03 -0.15040978E-02
  0.23736297E+01 -0.24504351E-03  0.45078420E-03 -0.14325356E-02
  0.23743216E+01 -0.23210059E-03  0.42713744E-03 -0.13604127E-02
  0.23750135E+01 -0.21916715E-03  0.40347585E-03 -0.12877574E-02
  0.23757054E+01 -0.20624266E-03  0.37980027E-03 -0.12145984E-02
  0.23763973E+01 -0.19332660E-03  0.35611153E-03 -0.11409643E-02
  0.23770892E+01 -0.18041842E-03  0.33241044E-03 -0.10668839E-02
  0.23777811E+01 -0.16751761E-03  0.30869784E-03 -0.99238637E-03
  0.23784730E+01 -0.15462364E-03  0.28497457E-03 -0.91750078E-03
  0.23791649E+01 -0.14173597E-03  0.26124146E-03 -0.84225649E-03
  0.23798568E+01 -0.12885407E-03  0.23749935E-03 -0.76668296E-03
  0.23805487E+01 -0.11597741E-03  0.21374908E-03 -0.69080978E-03
  0.23812406E+01 -0.10310545E-03  0.18999149E-03 -0.61466661E-03
  0.23819325E+01 -0.90237679E-04  0.16622742E-03 -0.53828325E-03
  0.23826244E+01 -0.77373548E-04  0.14245773E-03 -0.46168957E-03
  0.23833163E+01 -0.64512527E-04  0.11868325E-03 -0.38491552E-03
  0.23840082E+01 -0.51654085E-04  0.94904839E-04 -0.30799111E-03
  0.23847001E+01 -0.38797688E-04  0.71123340E-04 -0.23094641E-03
  0.23853920E+01 -0.25942803E-04  0.47339602E-04 -0.15381153E-03
  0.23860839E+01 -0.13088897E-04  0.23554475E-04 -0.76616631E-04
  0.23867756E+01 -0.23543587E-06 -0.23119304E-06  0.60813317E-06
  0.23874673E+01 -0.11544943E-02  0.10884839E-02  0.60889335E-06
  0.23881590E+01 -0.23084048E-02  0.21768067E-02  0.60972526E-06
  0.23888507E+01 -0.34616191E-02  0.32643456E-02  0.61062828E-06
  0.23895424E+01 -0.46137895E-02  0.43507094E-02  0.61160188E-06
  0.23902341E+01 -0.57645692E-02  0.54355075E-02  0.61264533E-06
  0.23909258E+01 -0.69136122E-02  0.65183507E-02  0.61375782E-06
  0.23916175E+01 -0.80605737E-02  0.75988510E-02  0.61493834E-06
  0.23923092E+01 -0.92051102E-02  0.86766221E-02  0.61618610E-06
  0.23930009E+01 -0.10346880E-01  0.97512795E-02  0.61749994E-06
  0.23936926E+01 -0.11485542E-01  0.10822441E-01  0.61887867E-06
  0.23943843E+01 -0.12620760E-01  0.11889726E-01  0.62032128E-06
  0.23950760E+01 -0.13752197E-01  0.12952759E-01  0.62182617E-06
  0.23957678E+01 -0.14879520E-01  0.14011164E-01  0.62339223E-06
  0.23964595E+01 -0.16002398E-01  0.15064571E-01  0.62501777E-06
  0.23971512E+01 -0.17120503E-01  0.16112612E-01  0.62670141E-06
  0.23978429E+01 -0.18233511E-01  0.17154923E-01  0.62844144E-06
  0.23985346E+01 -0.19341100E-01  0.18191145E-01  0.63023617E-06
  0.23992263E+01 -0.20442953E-01  0.19220921E-01  0.63208396E-06
  0.23999180E+01 -0.21538756E-01  0.20243900E-01  0.63398280E-06
  0.24006097E+01 -0.22628198E-01  0.21259737E-01  0.63593086E-06
  0.24013014E+01 -0.23710973E-01  0.22268088E-01  0.63792610E-06
  0.24019931E+01 -0.24786780E-01  0.23268619E-01  0.63996664E-06
  0.24026848E+01 -0.25855321E-01  0.24260997E-01  0.64205017E-06
  0.24033765E+01 -0.26916304E-01  0.25244898E-01  0.64417469E-06
  0.24040682E+01 -0.27969441E-01  0.26220001E-01  0.64633797E-06
  0.24047599E+01 -0.29014451E-01  0.27185993E-01  0.64853773E-06
  0.24054516E+01 -0.30051054E-01  0.28142568E-01  0.65077140E-06
  0.24061433E+01 -0.31078981E-01  0.29089424E-01  0.65303678E-06
  0.24068350E+01 -0.32097964E-01  0.30026267E-01  0.65533161E-06
  0.24075267E+01 -0.33107744E-01  0.30952810E-01  0.65765312E-06
  0.24082184E+01 -0.34108065E-01  0.31868773E-01  0.65999881E-06
  0.24089101E+01 -0.35098679E-01  0.32773883E-01  0.66236617E-06
  0.24096018E+01 -0.36079344E-01  0.33667874E-01  0.66475264E-06
  0.24102935E+01 -0.37049824E-01  0.34550489E-01  0.66715536E-06
  0.24109852E+01 -0.38009890E-01  0.35421478E-01  0.66957194E-06
  0.24116769E+01 -0.38959319E-01  0.36280599E-01  0.67199931E-06
  0.24123686E+01 -0.39897895E-01  0.37127617E-01  0.67443508E-06
  0.24130603E+01 -0.40825410E-01  0.37962307E-01  0.67687613E-06
  0.24137520E+01 -0.41741661E-01  0.38784452E-01  0.67932004E-06
  0.24144437E+01 -0.42646455E-01  0.39593843E-01  0.68176358E-06
  0.24151354E+01 -0.43539603E-01  0.40390279E-01  0.68420417E-06
  0.24158271E+01 -0.44420925E-01  0.41173571E-01  0.68663893E-06
  0.24165188E+01 -0.45290250E-01  0.41943534E-01  0.68906490E-06
  0.24172105E+01 -0.46147411E-01  0.42699997E-01  0.69147930E-06
  0.24179022E+01 -0.46992253E-01  0.43442794E-01  0.69387921E-06
  0.24185939E+01 -0.47824625E-01  0.44171771E-01  0.69626172E-06
  0.24192856E+01 -0.48644387E-01  0.44886783E-01  0.69862398E-06
  0.24199773E+01 -0.49451403E-01  0.45587692E-01  0.70096321E-06
  0.24206690E+01 -0.50245549E-01  0.46274374E-01  0.70327633E-06
  0.24213607E+01 -0.51026707E-01  0.46946709E-01  0.70556063E-06
  0.24220524E+01 -0.51794767E-01  0.47604592E-01  0.70781322E-06
  0.24227441E+01 -0.52549628E-01  0.48247924E-01  0.71003132E-06
  0.24234358E+01 -0.53291198E-01  0.48876617E-01  0.71221207E-06
  0.24241275E+01 -0.54019390E-01  0.49490592E-01  0.71435263E-06
  0.24248192E+01 -0.54734128E-01  0.50089783E-01  0.71645035E-06
  0.24255109E+01 -0.55435344E-01  0.50674129E-01  0.71850248E-06
  0.24262026E+01 -0.56122978E-01  0.51243583E-01  0.72050620E-06
  0.24268943E+01 -0.56796979E-01  0.51798105E-01  0.72245902E-06
  0.24275860E+01 -0.57457302E-01  0.52337667E-01  0.72435817E-06
  0.24282777E+01 -0.58103913E-01  0.52862249E-01  0.72620120E-06
  0.24289694E+01 -0.58736785E-01  0.53371842E-01  0.72798542E-06
  0.24296611E+01 -0.59355899E-01  0.53866448E-01  0.72970844E-06
  0.24303528E+01 -0.59961247E-01  0.54346075E-01  0.73136782E-06
  0.24310445E+01 -0.60552825E-01  0.54810746E-01  0.73296101E-06
  0.24317362E+01 -0.61130641E-01  0.55260489E-01  0.73448597E-06
  0.24324279E+01 -0.61694709E-01  0.55695345E-01  0.73594023E-06
  0.24331196E+01 -0.62245052E-01  0.56115363E-01  0.73732166E-06
  0.24338113E+01 -0.62781702E-01  0.56520602E-01  0.73862799E-06
  0.24345030E+01 -0.63304696E-01  0.56911130E-01  0.73985730E-06
  0.24351947E+01 -0.63814083E-01  0.57287027E-01  0.74100753E-06
  0.24358864E+01 -0.64309918E-01  0.57648378E-01  0.74207671E-06
  0.24365781E+01 -0.64792264E-01  0.57995281E-01  0.74306309E-06
  0.24372698E+01 -0.65261191E-01  0.58327842E-01  0.74396481E-06
  0.24379615E+01 -0.65716778E-01  0.58646176E-01  0.74478010E-06
  0.24386532E+01 -0.66159111E-01  0.58950407E-01  0.74550752E-06
  0.24393449E+01 -0.66588285E-01  0.59240667E-01  0.74614541E-06
  0.24400366E+01 -0.67004400E-01  0.59517098E-01  0.74669246E-06
  0.24407283E+01 -0.67407566E-01  0.59779851E-01  0.74714726E-06
  0.24414200E+01 -0.67797897E-01  0.60029084E-01  0.74750848E-06
  0.24421117E+01 -0.68175517E-01  0.60264964E-01  0.74777508E-06
  0.24428034E+01 -0.68540557E-01  0.60487667E-01  0.74794597E-06
  0.24434951E+01 -0.68893153E-01  0.60697375E-01  0.74802012E-06
  0.24441868E+01 -0.69233448E-01  0.60894281E-01  0.74799680E-06
  0.24448785E+01 -0.69561594E-01  0.61078583E-01  0.74787510E-06
  0.24455702E+01 -0.69877747E-01  0.61250487E-01  0.74765444E-06
  0.24462619E+01 -0.70182070E-01  0.61410208E-01  0.74733427E-06
  0.24469536E+01 -0.70474734E-01  0.61557966E-01  0.74691416E-06
  0.24476453E+01 -0.70755912E-01  0.61693989E-01  0.74639378E-06
  0.24483370E+01 -0.71025788E-01  0.61818513E-01  0.74577283E-06
  0.24490287E+01 -0.71284548E-01  0.61931780E-01  0.74505131E-06
  0.24497204E+01 -0.71532385E-01  0.62034036E-01  0.74422912E-06
  0.24504121E+01 -0.71769497E-01  0.62125536E-01  0.74330640E-06
  0.24511038E+01 -0.71996088E-01  0.62206541E-01  0.74228346E-06
  0.24517955E+01 -0.72212366E-01  0.62277317E-01  0.74116049E-06
  0.24524872E+01 -0.72418545E-01  0.62338134E-01  0.73993809E-06
  0.24531789E+01 -0.72614844E-01  0.62389271E-01  0.73861676E-06
  0.24538707E+01 -0.72801484E-01  0.62431010E-01  0.73719719E-06
  0.24545624E+01 -0.72978693E-01  0.62463636E-01  0.73568019E-06
  0.24552541E+01 -0.73146703E-01  0.62487443E-01  0.73406674E-06
  0.24559458E+01 -0.73305749E-01  0.62502726E-01  0.73235779E-06
  0.24566375E+01 -0.73456069E-01  0.62509786E-01  0.73055453E-06
  0.24573292E+01 -0.73597907E-01  0.62508927E-01  0.72865823E-06
  0.24580209E+01 -0.73731509E-01  0.62500457E-01  0.72667036E-06
  0.24587126E+01 -0.73857124E-01  0.62484688E-01  0.72459237E-06
  0.24594043E+01 -0.73975005E-01  0.62461935E-01  0.72242592E-06
  0.24600960E+01 -0.74085405E-01  0.62432515E-01  0.72017259E-06
  0.24607877E+01 -0.74188584E-01  0.62396750E-01  0.71783450E-06
  0.24614794E+01 -0.74284801E-01  0.62354961E-01  0.71541347E-06
  0.24621711E+01 -0.74374319E-01  0.62307476E-01  0.71291155E-06
  0.24628628E+01 -0.74457401E-01  0.62254619E-01  0.71033106E-06
  0.24635545E+01 -0.74534314E-01  0.62196722E-01  0.70767423E-06
  0.24642462E+01 -0.74605325E-01  0.62134113E-01  0.70494357E-06
  0.24649379E+01 -0.74670703E-01  0.62067126E-01  0.70214154E-06
  0.24656296E+01 -0.74730718E-01  0.61996092E-01  0.69927072E-06
  0.24663213E+01 -0.74785641E-01  0.61921344E-01  0.69633399E-06
  0.24670130E+01 -0.74835743E-01  0.61843217E-01  0.69333408E-06
  0.24677047E+01 -0.74881297E-01  0.61762044E-01  0.69027405E-06
  0.24683964E+01 -0.74922574E-01  0.61678159E-01  0.68715689E-06
  0.24690881E+01 -0.74959847E-01  0.61591895E-01  0.68398584E-06
  0.24697798E+01 -0.74993389E-01  0.61503586E-01  0.68076408E-06
  0.24704715E+01 -0.75023471E-01  0.61413563E-01  0.67749483E-06
  0.24711632E+01 -0.75050364E-01  0.61322157E-01  0.67418177E-06
  0.24718549E+01 -0.75074340E-01  0.61229698E-01  0.67082831E-06
  0.24725466E+01 -0.75095667E-01  0.61136513E-01  0.66743805E-06
  0.24732383E+01 -0.75114613E-01  0.61042928E-01  0.66401468E-06
  0.24739300E+01 -0.75131447E-01  0.60949268E-01  0.66056213E-06
  0.24746217E+01 -0.75146433E-01  0.60855854E-01  0.65708403E-06
  0.24753134E+01 -0.75159834E-01  0.60763004E-01  0.65358446E-06
  0.24760051E+01 -0.75171913E-01  0.60671036E-01  0.65006752E-06
  0.24766968E+01 -0.75182929E-01  0.60580261E-01  0.64653720E-06
  0.24773885E+01 -0.75193138E-01  0.60490990E-01  0.64299759E-06
  0.24780802E+01 -0.75202795E-01  0.60403528E-01  0.63945293E-06
  0.24787719E+01 -0.75212152E-01  0.60318178E-01  0.63590765E-06
  0.24794636E+01 -0.75221457E-01  0.60235237E-01  0.63236593E-06
  0.24801553E+01 -0.75230955E-01  0.60155002E-01  0.62883222E-06
  0.24808470E+01 -0.75240890E-01  0.60077759E-01  0.62531083E-06
  0.24815387E+01 -0.75251499E-01  0.60003796E-01  0.62180646E-06
  0.24822304E+01 -0.75263018E-01  0.59933391E-01  0.61832357E-06
  0.24829221E+01 -0.75275677E-01  0.59866820E-01  0.61486669E-06
  0.24836138E+01 -0.75289705E-01  0.59804351E-01  0.61144042E-06
  0.24843055E+01 -0.75305323E-01  0.59746251E-01  0.60804936E-06
  0.24849972E+01 -0.75322750E-01  0.59692776E-01  0.60469830E-06
  0.24856889E+01 -0.75342201E-01  0.59644179E-01  0.60139183E-06
  0.24863806E+01 -0.75363885E-01  0.59600708E-01  0.59813478E-06
  0.24870723E+01 -0.75388007E-01  0.59562601E-01  0.59493163E-06
  0.24877640E+01 -0.75414765E-01  0.59530094E-01  0.59178729E-06
  0.24884557E+01 -0.75444356E-01  0.59503413E-01  0.58870655E-06
  0.24891474E+01 -0.75476967E-01  0.59482779E-01  0.58569408E-06
  0.24898391E+01 -0.75512784E-01  0.59468406E-01  0.58275460E-06
  0.24905308E+01 -0.75551985E-01  0.59460500E-01  0.57989282E-06
  0.24912225E+01 -0.75594742E-01  0.59459260E-01  0.57711354E-06
  0.24919142E+01 -0.75641222E-01  0.59464879E-01  0.57442147E-06
  0.24926059E+01 -0.75691588E-01  0.59477541E-01  0.57182124E-06
  0.24932976E+01 -0.75745994E-01  0.59497423E-01  0.56931766E-06
  0.24939893E+01 -0.75804590E-01  0.59524694E-01  0.56691521E-06
  0.24946810E+01 -0.75867519E-01  0.59559516E-01  0.56461860E-06
  0.24953727E+01 -0.75934918E-01  0.59602043E-01  0.56243225E-06
  0.24960644E+01 -0.76006918E-01  0.59652419E-01  0.56036089E-06
  0.24967561E+01 -0.76083642E-01  0.59710782E-01  0.55840888E-06
  0.24974478E+01 -0.76165208E-01  0.59777260E-01  0.55658072E-06
  0.24981395E+01 -0.76251728E-01  0.59851975E-01  0.55488075E-06
  0.24988312E+01 -0.76343305E-01  0.59935039E-01  0.55331327E-06
  0.24995229E+01 -0.76440039E-01  0.60026555E-01  0.55188258E-06
  0.25002146E+01 -0.76542019E-01  0.60126618E-01  0.55059280E-06
  0.25009063E+01 -0.76649331E-01  0.60235317E-01  0.54944814E-06
  0.25015980E+01 -0.76762051E-01  0.60352727E-01  0.54845260E-06
  0.25022897E+01 -0.76880249E-01  0.60478919E-01  0.54761009E-06
  0.25029814E+01 -0.77003991E-01  0.60613954E-01  0.54692449E-06
  0.25036731E+01 -0.77133331E-01  0.60757882E-01  0.54639958E-06
  0.25043648E+01 -0.77268320E-01  0.60910748E-01  0.54603904E-06
  0.25050565E+01 -0.77409001E-01  0.61072585E-01  0.54584654E-06
  0.25057482E+01 -0.77555409E-01  0.61243418E-01  0.54582544E-06
  0.25064399E+01 -0.77707573E-01  0.61423266E-01  0.54597925E-06
  0.25071316E+01 -0.77865515E-01  0.61612134E-01  0.54631113E-06
  0.25078233E+01 -0.78029249E-01  0.61810023E-01  0.54682423E-06
  0.25085150E+01 -0.78198782E-01  0.62016923E-01  0.54752155E-06
  0.25092067E+01 -0.78374117E-01  0.62232814E-01  0.54840609E-06
  0.25098984E+01 -0.78555246E-01  0.62457671E-01  0.54948058E-06
  0.25105901E+01 -0.78742156E-01  0.62691457E-01  0.55074762E-06
  0.25112818E+01 -0.78934827E-01  0.62934128E-01  0.55220990E-06
  0.25119735E+01 -0.79133233E-01  0.63185630E-01  0.55386959E-06
  0.25126653E+01 -0.79337339E-01  0.63445903E-01  0.55572903E-06
  0.25133570E+01 -0.79547105E-01  0.63714875E-01  0.55779031E-06
  0.25140487E+01 -0.79762484E-01  0.63992470E-01  0.56005529E-06
  0.25147404E+01 -0.79983423E-01  0.64278599E-01  0.56252590E-06
  0.25154321E+01 -0.80209860E-01  0.64573168E-01  0.56520354E-06
  0.25161238E+01 -0.80441728E-01  0.64876075E-01  0.56808997E-06
  0.25168155E+01 -0.80678956E-01  0.65187207E-01  0.57118636E-06
  0.25175072E+01 -0.80921462E-01  0.65506446E-01  0.57449394E-06
  0.25181989E+01 -0.81169160E-01  0.65833666E-01  0.57801351E-06
  0.25188906E+01 -0.81421959E-01  0.66168731E-01  0.58174604E-06
  0.25195823E+01 -0.81679761E-01  0.66511500E-01  0.58569223E-06
  0.25202740E+01 -0.81942461E-01  0.66861823E-01  0.58985245E-06
  0.25209657E+01 -0.82209948E-01  0.67219543E-01  0.59422701E-06
  0.25216574E+01 -0.82482108E-01  0.67584496E-01  0.59881603E-06
  0.25223491E+01 -0.82758819E-01  0.67956511E-01  0.60361943E-06
  0.25230408E+01 -0.83039952E-01  0.68335411E-01  0.60863713E-06
  0.25237325E+01 -0.83325377E-01  0.68721010E-01  0.61386842E-06
  0.25244242E+01 -0.83614955E-01  0.69113116E-01  0.61931294E-06
  0.25251159E+01 -0.83908543E-01  0.69511534E-01  0.62496968E-06
  0.25258076E+01 -0.84205993E-01  0.69916058E-01  0.63083778E-06
  0.25264993E+01 -0.84507152E-01  0.70326478E-01  0.63691611E-06
  0.25271910E+01 -0.84811863E-01  0.70742579E-01  0.64320312E-06
  0.25278827E+01 -0.85119963E-01  0.71164139E-01  0.64969745E-06
  0.25285744E+01 -0.85431286E-01  0.71590930E-01  0.65639721E-06
  0.25292661E+01 -0.85745660E-01  0.72022721E-01  0.66330051E-06
  0.25299578E+01 -0.86062910E-01  0.72459274E-01  0.67040515E-06
  0.25306495E+01 -0.86382858E-01  0.72900346E-01  0.67770886E-06
  0.25313412E+01 -0.86705319E-01  0.73345690E-01  0.68520906E-06
  0.25320329E+01 -0.87030107E-01  0.73795053E-01  0.69290293E-06
  0.25327246E+01 -0.87357033E-01  0.74248181E-01  0.70078781E-06
  0.25334163E+01 -0.87685902E-01  0.74704812E-01  0.70886033E-06
  0.25341080E+01 -0.88016518E-01  0.75164683E-01  0.71711739E-06
  0.25347997E+01 -0.88348680E-01  0.75627524E-01  0.72555526E-06
  0.25354914E+01 -0.88682187E-01  0.76093066E-01  0.73417041E-06
  0.25361831E+01 -0.89016833E-01  0.76561034E-01  0.74295891E-06
  0.25368748E+01 -0.89352411E-01  0.77031149E-01  0.75191663E-06
  0.25375665E+01 -0.89688710E-01  0.77503132E-01  0.76103926E-06
  0.25382582E+01 -0.90025519E-01  0.77976699E-01  0.77032258E-06
  0.25389499E+01 -0.90362623E-01  0.78451565E-01  0.77976161E-06
  0.25396416E+01 -0.90699807E-01  0.78927442E-01  0.78935176E-06
  0.25403333E+01 -0.91036854E-01  0.79404042E-01  0.79908790E-06
  0.25410250E+01 -0.91373545E-01  0.79881073E-01  0.80896482E-06
  0.25417167E+01 -0.91709660E-01  0.80358243E-01  0.81897721E-06
  0.25424084E+01 -0.92044978E-01  0.80835258E-01  0.82911943E-06
  0.25431001E+01 -0.92379279E-01  0.81311824E-01  0.83938572E-06
  0.25437918E+01 -0.92712339E-01  0.81787645E-01  0.84977036E-06
  0.25444835E+01 -0.93043937E-01  0.82262426E-01  0.86026699E-06
  0.25451752E+01 -0.93373849E-01  0.82735871E-01  0.87086961E-06
  0.25458669E+01 -0.93701853E-01  0.83207684E-01  0.88157164E-06
  0.25465586E+01 -0.94027726E-01  0.83677568E-01  0.89236649E-06
  0.25472503E+01 -0.94351246E-01  0.84145230E-01  0.90324750E-06
  0.25479420E+01 -0.94672191E-01  0.84610374E-01  0.91420772E-06
  0.25486337E+01 -0.94990340E-01  0.85072706E-01  0.92524015E-06
  0.25493254E+01 -0.95305473E-01  0.85531935E-01  0.93633757E-06
  0.25500171E+01 -0.95617371E-01  0.85987769E-01  0.94749271E-06
  0.25507088E+01 -0.95925817E-01  0.86439919E-01  0.95869791E-06
  0.25514005E+01 -0.96230594E-01  0.86888097E-01  0.96994570E-06
  0.25520922E+01 -0.96531487E-01  0.87332017E-01  0.98122824E-06
  0.25527839E+01 -0.96828284E-01  0.87771397E-01  0.99253763E-06
  0.25534756E+01 -0.97120773E-01  0.88205956E-01  0.10038660E-05
  0.25541673E+01 -0.97408748E-01  0.88635416E-01  0.10152050E-05
  0.25548590E+01 -0.97692001E-01  0.89059502E-01  0.10265465E-05
  0.25555507E+01 -0.97970328E-01  0.89477941E-01  0.10378821E-05
  0.25562424E+01 -0.98243530E-01  0.89890467E-01  0.10492035E-05
  0.25569341E+01 -0.98511407E-01  0.90296813E-01  0.10605020E-05
  0.25576258E+01 -0.98773765E-01  0.90696719E-01  0.10717688E-05
  0.25583175E+01 -0.99030413E-01  0.91089928E-01  0.10829954E-05
  0.25590092E+01 -0.99281161E-01  0.91476187E-01  0.10941728E-05
  0.25597009E+01 -0.99525825E-01  0.91855247E-01  0.11052921E-05
  0.25603926E+01 -0.99764223E-01  0.92226866E-01  0.11163444E-05
  0.25610843E+01 -0.99996180E-01  0.92590803E-01  0.11273205E-05
  0.25617760E+01 -0.10022152E+00  0.92946824E-01  0.11382114E-05
  0.25624677E+01 -0.10044008E+00  0.93294701E-01  0.11490077E-05
  0.25631594E+01 -0.10065168E+00  0.93634210E-01  0.11597004E-05
  0.25638511E+01 -0.10085618E+00  0.93965132E-01  0.11702801E-05
  0.25645428E+01 -0.10105341E+00  0.94287256E-01  0.11807374E-05
  0.25652345E+01 -0.10124322E+00  0.94600373E-01  0.11910631E-05
  0.25659262E+01 -0.10142547E+00  0.94904285E-01  0.12012476E-05
  0.25666179E+01 -0.10160001E+00  0.95198795E-01  0.12112817E-05
  0.25673096E+01 -0.10176671E+00  0.95483716E-01  0.12211559E-05
  0.25680013E+01 -0.10192544E+00  0.95758865E-01  0.12308607E-05
  0.25686930E+01 -0.10207607E+00  0.96024066E-01  0.12403866E-05
  0.25693847E+01 -0.10221848E+00  0.96279152E-01  0.12497243E-05
  0.25700764E+01 -0.10235256E+00  0.96523960E-01  0.12588643E-05
  0.25707682E+01 -0.10247819E+00  0.96758335E-01  0.12677972E-05
  0.25714599E+01 -0.10259528E+00  0.96982129E-01  0.12765135E-05
  0.25721516E+01 -0.10270372E+00  0.97195200E-01  0.12850041E-05
  0.25728433E+01 -0.10280342E+00  0.97397416E-01  0.12932593E-05
  0.25735350E+01 -0.10289430E+00  0.97588649E-01  0.13012701E-05
  0.25742267E+01 -0.10297628E+00  0.97768781E-01  0.13090270E-05
  0.25749184E+01 -0.10304928E+00  0.97937700E-01  0.13165211E-05
  0.25756101E+01 -0.10311324E+00  0.98095303E-01  0.13237430E-05
  0.25763018E+01 -0.10316809E+00  0.98241493E-01  0.13306837E-05
  0.25769935E+01 -0.10321377E+00  0.98376181E-01  0.13373344E-05
  0.25776852E+01 -0.10325025E+00  0.98499288E-01  0.13436859E-05
  0.25783769E+01 -0.10327747E+00  0.98610739E-01  0.13497296E-05
  0.25790686E+01 -0.10329541E+00  0.98710471E-01  0.13554566E-05
  0.25797603E+01 -0.10330402E+00  0.98798426E-01  0.13608584E-05
  0.25804520E+01 -0.10330329E+00  0.98874555E-01  0.13659265E-05
  0.25811437E+01 -0.10329321E+00  0.98938817E-01  0.13706522E-05
  0.25818354E+01 -0.10327375E+00  0.98991179E-01  0.13750276E-05
  0.25825271E+01 -0.10324493E+00  0.99031616E-01  0.13790443E-05
  0.25832188E+01 -0.10320673E+00  0.99060111E-01  0.13826943E-05
  0.25839105E+01 -0.10315917E+00  0.99076656E-01  0.13859696E-05
  0.25846022E+01 -0.10310227E+00  0.99081249E-01  0.13888627E-05
  0.25852939E+01 -0.10303605E+00  0.99073897E-01  0.13913657E-05
  0.25859856E+01 -0.10296054E+00  0.99054616E-01  0.13934714E-05
  0.25866773E+01 -0.10287577E+00  0.99023430E-01  0.13951724E-05
  0.25873690E+01 -0.10278179E+00  0.98980369E-01  0.13964614E-05
  0.25880607E+01 -0.10267864E+00  0.98925473E-01  0.13973318E-05
  0.25887524E+01 -0.10256639E+00  0.98858788E-01  0.13977766E-05
  0.25894441E+01 -0.10244509E+00  0.98780370E-01  0.13977893E-05
  0.25901358E+01 -0.10231481E+00  0.98690282E-01  0.13973634E-05
  0.25908275E+01 -0.10217563E+00  0.98588594E-01  0.13964928E-05
  0.25915192E+01 -0.10202762E+00  0.98475385E-01  0.13951715E-05
  0.25922109E+01 -0.10187088E+00  0.98350740E-01  0.13933938E-05
  0.25929026E+01 -0.10170549E+00  0.98214753E-01  0.13911539E-05
  0.25935943E+01 -0.10153157E+00  0.98067525E-01  0.13884465E-05
  0.25942860E+01 -0.10134920E+00  0.97909164E-01  0.13852666E-05
  0.25949777E+01 -0.10115852E+00  0.97739786E-01  0.13816092E-05
  0.25956694E+01 -0.10095962E+00  0.97559514E-01  0.13774696E-05
  0.25963611E+01 -0.10075264E+00  0.97368477E-01  0.13728434E-05
  0.25970528E+01 -0.10053770E+00  0.97166813E-01  0.13677263E-05
  0.25977445E+01 -0.10031495E+00  0.96954666E-01  0.13621145E-05
  0.25984362E+01 -0.10008452E+00  0.96732185E-01  0.13560042E-05
  0.25991279E+01 -0.99846548E-01  0.96499528E-01  0.13493920E-05
  0.25998196E+01 -0.99601198E-01  0.96256860E-01  0.13422745E-05
  0.26005113E+01 -0.99348623E-01  0.96004349E-01  0.13346490E-05
  0.26012030E+01 -0.99088984E-01  0.95742173E-01  0.13265126E-05
  0.26018947E+01 -0.98822449E-01  0.95470513E-01  0.13178631E-05
  0.26025864E+01 -0.98549189E-01  0.95189559E-01  0.13086983E-05
  0.26032781E+01 -0.98269381E-01  0.94899503E-01  0.12990163E-05
  0.26039698E+01 -0.97983205E-01  0.94600547E-01  0.12888154E-05
  0.26046615E+01 -0.97690849E-01  0.94292896E-01  0.12780946E-05
  0.26053532E+01 -0.97392503E-01  0.93976759E-01  0.12668526E-05
  0.26060449E+01 -0.97088360E-01  0.93652353E-01  0.12550887E-05
  0.26067366E+01 -0.96778621E-01  0.93319899E-01  0.12428026E-05
  0.26074283E+01 -0.96463487E-01  0.92979621E-01  0.12299939E-05
  0.26081200E+01 -0.96143166E-01  0.92631751E-01  0.12166629E-05
  0.26088117E+01 -0.95817868E-01  0.92276522E-01  0.12028098E-05
  0.26095034E+01 -0.95487807E-01  0.91914174E-01  0.11884358E-05
  0.26101951E+01 -0.95153201E-01  0.91544950E-01  0.11735413E-05
  0.26108868E+01 -0.94814270E-01  0.91169096E-01  0.11581280E-05
  0.26115785E+01 -0.94471239E-01  0.90786862E-01  0.11421974E-05
  0.26122702E+01 -0.94124334E-01  0.90398504E-01  0.11257513E-05
  0.26129619E+01 -0.93773786E-01  0.90004277E-01  0.11087921E-05
  0.26136536E+01 -0.93419826E-01  0.89604444E-01  0.10913221E-05
  0.26143453E+01 -0.93062689E-01  0.89199265E-01  0.10733442E-05
  0.26150370E+01 -0.92702613E-01  0.88789009E-01  0.10548616E-05
  0.26157287E+01 -0.92339837E-01  0.88373942E-01  0.10358774E-05
  0.26164204E+01 -0.91974603E-01  0.87954336E-01  0.10163956E-05
  0.26171121E+01 -0.91607154E-01  0.87530464E-01  0.99642021E-06
  0.26178038E+01 -0.91237734E-01  0.87102599E-01  0.97595523E-06
  0.26184955E+01 -0.90866590E-01  0.86671019E-01  0.95500559E-06
  0.26191872E+01 -0.90493971E-01  0.86236001E-01  0.93357596E-06
  0.26198789E+01 -0.90120123E-01  0.85797823E-01  0.91167150E-06
  0.26205706E+01 -0.89745299E-01  0.85356766E-01  0.88929797E-06
  0.26212623E+01 -0.89369747E-01  0.84913111E-01  0.86646091E-06
  0.26219540E+01 -0.88993720E-01  0.84467137E-01  0.84316643E-06
  0.26226457E+01 -0.88617469E-01  0.84019128E-01  0.81942091E-06
  0.26233374E+01 -0.88241247E-01  0.83569364E-01  0.79523098E-06
  0.26240291E+01 -0.87865304E-01  0.83118127E-01  0.77060358E-06
  0.26247208E+01 -0.87489894E-01  0.82665699E-01  0.74554598E-06
  0.26254125E+01 -0.87115268E-01  0.82212359E-01  0.72006554E-06
  0.26261042E+01 -0.86741678E-01  0.81758390E-01  0.69417003E-06
  0.26267959E+01 -0.86369374E-01  0.81304069E-01  0.66786754E-06
  0.26274876E+01 -0.85998606E-01  0.80849674E-01  0.64116636E-06
  0.26281793E+01 -0.85629625E-01  0.80395482E-01  0.61407514E-06
  0.26288710E+01 -0.85262677E-01  0.79941769E-01  0.58660260E-06
  0.26295628E+01 -0.84898009E-01  0.79488806E-01  0.55875781E-06
  0.26302545E+01 -0.84535867E-01  0.79036867E-01  0.53055020E-06
  0.26309462E+01 -0.84176496E-01  0.78586220E-01  0.50198927E-06
  0.26316379E+01 -0.83820135E-01  0.78137131E-01  0.47308498E-06
  0.26323296E+01 -0.83467027E-01  0.77689865E-01  0.44384734E-06
  0.26330213E+01 -0.83117409E-01  0.77244683E-01  0.41428659E-06
  0.26337130E+01 -0.82771517E-01  0.76801843E-01  0.38441343E-06
  0.26344047E+01 -0.82429584E-01  0.76361602E-01  0.35423849E-06
  0.26350964E+01 -0.82091841E-01  0.75924210E-01  0.32377289E-06
  0.26357881E+01 -0.81758517E-01  0.75489916E-01  0.29302777E-06
  0.26364798E+01 -0.81429836E-01  0.75058964E-01  0.26201445E-06
  0.26371715E+01 -0.81106022E-01  0.74631596E-01  0.23074474E-06
  0.26378632E+01 -0.80787293E-01  0.74208047E-01  0.19923046E-06
  0.26385549E+01 -0.80473865E-01  0.73788550E-01  0.16748343E-06
  0.26392466E+01 -0.80165951E-01  0.73373334E-01  0.13551606E-06
  0.26399383E+01 -0.79863761E-01  0.72962620E-01  0.10334055E-06
  0.26406300E+01 -0.79567498E-01  0.72556628E-01  0.70969534E-07
  0.26413217E+01 -0.79277365E-01  0.72155572E-01  0.38415857E-07
  0.26420134E+01 -0.78993560E-01  0.71759659E-01  0.56921218E-08
  0.26427051E+01 -0.78716276E-01  0.71369092E-01 -0.27188371E-07
  0.26433968E+01 -0.78445701E-01  0.70984071E-01 -0.60212608E-07
  0.26440885E+01 -0.78182022E-01  0.70604786E-01 -0.93367144E-07
  0.26447802E+01 -0.77925419E-01  0.70231425E-01 -0.12663855E-06
  0.26454719E+01 -0.77676068E-01  0.69864169E-01 -0.16001320E-06
  0.26461636E+01 -0.77434140E-01  0.69503192E-01 -0.19347766E-06
  0.26468553E+01 -0.77199803E-01  0.69148663E-01 -0.22701771E-06
  0.26475470E+01 -0.76973217E-01  0.68800744E-01 -0.26061968E-06
  0.26482387E+01 -0.76754540E-01  0.68459593E-01 -0.29426949E-06
  0.26489304E+01 -0.76543925E-01  0.68125359E-01 -0.32795302E-06
  0.26496221E+01 -0.76341517E-01  0.67798185E-01 -0.36165628E-06
  0.26503138E+01 -0.76147459E-01  0.67478209E-01 -0.39536471E-06
  0.26510055E+01 -0.75961887E-01  0.67165560E-01 -0.42906410E-06
  0.26516972E+01 -0.75784932E-01  0.66860361E-01 -0.46274026E-06
  0.26523889E+01 -0.75616719E-01  0.66562729E-01 -0.49637860E-06
  0.26530806E+01 -0.75457370E-01  0.66272773E-01 -0.52996450E-06
  0.26537723E+01 -0.75306998E-01  0.65990596E-01 -0.56348374E-06
  0.26544640E+01 -0.75165713E-01  0.65716293E-01 -0.59692162E-06
  0.26551557E+01 -0.75033618E-01  0.65449951E-01 -0.63026365E-06
  0.26558474E+01 -0.74910812E-01  0.65191652E-01 -0.66349540E-06
  0.26565391E+01 -0.74797385E-01  0.64941470E-01 -0.69660198E-06
  0.26572308E+01 -0.74693425E-01  0.64699469E-01 -0.72956913E-06
  0.26579225E+01 -0.74599011E-01  0.64465709E-01 -0.76238235E-06
  0.26586142E+01 -0.74514220E-01  0.64240242E-01 -0.79502702E-06
  0.26593059E+01 -0.74439118E-01  0.64023111E-01 -0.82748856E-06
  0.26599976E+01 -0.74373769E-01  0.63814352E-01 -0.85975264E-06
  0.26606893E+01 -0.74318231E-01  0.63613995E-01 -0.89180512E-06
  0.26613810E+01 -0.74272554E-01  0.63422061E-01 -0.92363128E-06
  0.26620727E+01 -0.74236784E-01  0.63238563E-01 -0.95521698E-06
  0.26627644E+01 -0.74210959E-01  0.63063508E-01 -0.98654817E-06
  0.26634561E+01 -0.74195113E-01  0.62896895E-01 -0.10176107E-05
  0.26641478E+01 -0.74189274E-01  0.62738714E-01 -0.10483905E-05
  0.26648395E+01 -0.74193464E-01  0.62588951E-01 -0.10788737E-05
  0.26655312E+01 -0.74207697E-01  0.62447580E-01 -0.11090465E-05
  0.26662229E+01 -0.74231983E-01  0.62314570E-01 -0.11388951E-05
  0.26669146E+01 -0.74266328E-01  0.62189884E-01 -0.11684061E-05
  0.26676063E+01 -0.74310728E-01  0.62073474E-01 -0.11975659E-05
  0.26682980E+01 -0.74365176E-01  0.61965288E-01 -0.12263612E-05
  0.26689897E+01 -0.74429660E-01  0.61865264E-01 -0.12547791E-05
  0.26696814E+01 -0.74504160E-01  0.61773335E-01 -0.12828065E-05
  0.26703731E+01 -0.74588650E-01  0.61689425E-01 -0.13104302E-05
  0.26710648E+01 -0.74683102E-01  0.61613452E-01 -0.13376380E-05
  0.26717565E+01 -0.74787479E-01  0.61545326E-01 -0.13644172E-05
  0.26724482E+01 -0.74901741E-01  0.61484951E-01 -0.13907554E-05
  0.26731399E+01 -0.75025839E-01  0.61432224E-01 -0.14166408E-05
  0.26738316E+01 -0.75159723E-01  0.61387033E-01 -0.14420612E-05
  0.26745233E+01 -0.75303336E-01  0.61349263E-01 -0.14670049E-05
  0.26752150E+01 -0.75456614E-01  0.61318789E-01 -0.14914606E-05
  0.26759067E+01 -0.75619489E-01  0.61295480E-01 -0.15154169E-05
  0.26765984E+01 -0.75791891E-01  0.61279201E-01 -0.15388627E-05
  0.26772901E+01 -0.75973740E-01  0.61269807E-01 -0.15617872E-05
  0.26779818E+01 -0.76164955E-01  0.61267149E-01 -0.15841800E-05
  0.26786735E+01 -0.76365447E-01  0.61271072E-01 -0.16060305E-05
  0.26793652E+01 -0.76575127E-01  0.61281414E-01 -0.16273289E-05
  0.26800569E+01 -0.76793896E-01  0.61298007E-01 -0.16480651E-05
  0.26807486E+01 -0.77021654E-01  0.61320677E-01 -0.16682297E-05
  0.26814403E+01 -0.77258297E-01  0.61349246E-01 -0.16878135E-05
  0.26821320E+01 -0.77503714E-01  0.61383529E-01 -0.17068073E-05
  0.26828237E+01 -0.77757791E-01  0.61423335E-01 -0.17252024E-05
  0.26835154E+01 -0.78020412E-01  0.61468470E-01 -0.17429905E-05
  0.26842071E+01 -0.78291455E-01  0.61518733E-01 -0.17601634E-05
  0.26848988E+01 -0.78570795E-01  0.61573919E-01 -0.17767133E-05
  0.26855905E+01 -0.78858303E-01  0.61633816E-01 -0.17926326E-05
  0.26862822E+01 -0.79153846E-01  0.61698211E-01 -0.18079138E-05
  0.26869739E+01 -0.79457289E-01  0.61766884E-01 -0.18225505E-05
  0.26876657E+01 -0.79768493E-01  0.61839612E-01 -0.18365356E-05
  0.26883574E+01 -0.80087316E-01  0.61916165E-01 -0.18498631E-05
  0.26890491E+01 -0.80413612E-01  0.61996313E-01 -0.18625269E-05
  0.26897408E+01 -0.80747235E-01  0.62079818E-01 -0.18745214E-05
  0.26904325E+01 -0.81088033E-01  0.62166443E-01 -0.18858413E-05
  0.26911242E+01 -0.81435854E-01  0.62255943E-01 -0.18964817E-05
  0.26918159E+01 -0.81790542E-01  0.62348073E-01 -0.19064378E-05
  0.26925076E+01 -0.82151940E-01  0.62442582E-01 -0.19157054E-05
  0.26931993E+01 -0.82519887E-01  0.62539218E-01 -0.19242807E-05
  0.26938910E+01 -0.82894223E-01  0.62637725E-01 -0.19321596E-05
  0.26945827E+01 -0.83274783E-01  0.62737846E-01 -0.19393395E-05
  0.26952744E+01 -0.83661402E-01  0.62839320E-01 -0.19458170E-05
  0.26959661E+01 -0.84053915E-01  0.62941884E-01 -0.19515897E-05
  0.26966578E+01 -0.84452153E-01  0.63045274E-01 -0.19566554E-05
  0.26973495E+01 -0.84855947E-01  0.63149221E-01 -0.19610124E-05
  0.26980412E+01 -0.85265127E-01  0.63253459E-01 -0.19646589E-05
  0.26987329E+01 -0.85679522E-01  0.63357717E-01 -0.19675942E-05
  0.26994246E+01 -0.86098961E-01  0.63461722E-01 -0.19698170E-05
  0.27001163E+01 -0.86523272E-01  0.63565204E-01 -0.19713273E-05
  0.27008080E+01 -0.86952282E-01  0.63667888E-01 -0.19721251E-05
  0.27014997E+01 -0.87385818E-01  0.63769499E-01 -0.19722104E-05
  0.27021914E+01 -0.87823708E-01  0.63869764E-01 -0.19715840E-05
  0.27028831E+01 -0.88265779E-01  0.63968406E-01 -0.19702472E-05
  0.27035748E+01 -0.88711859E-01  0.64065149E-01 -0.19682010E-05
  0.27042665E+01 -0.89161777E-01  0.64159718E-01 -0.19654474E-05
  0.27049582E+01 -0.89615360E-01  0.64251838E-01 -0.19619883E-05
  0.27056499E+01 -0.90072438E-01  0.64341233E-01 -0.19578267E-05
  0.27063416E+01 -0.90532842E-01  0.64427628E-01 -0.19529648E-05
  0.27070333E+01 -0.90996402E-01  0.64510750E-01 -0.19474062E-05
  0.27077250E+01 -0.91462953E-01  0.64590324E-01 -0.19411544E-05
  0.27084167E+01 -0.91932328E-01  0.64666079E-01 -0.19342131E-05
  0.27091084E+01 -0.92404362E-01  0.64737743E-01 -0.19265868E-05
  0.27098001E+01 -0.92878892E-01  0.64805048E-01 -0.19182800E-05
  0.27104918E+01 -0.93355759E-01  0.64867725E-01 -0.19092975E-05
  0.27111835E+01 -0.93834802E-01  0.64925507E-01 -0.18996449E-05
  0.27118752E+01 -0.94315866E-01  0.64978130E-01 -0.18893276E-05
  0.27125669E+01 -0.94798795E-01  0.65025332E-01 -0.18783518E-05
  0.27132586E+01 -0.95283439E-01  0.65066853E-01 -0.18667235E-05
  0.27139503E+01 -0.95769646E-01  0.65102434E-01 -0.18544495E-05
  0.27146420E+01 -0.96257272E-01  0.65131821E-01 -0.18415367E-05
  0.27153337E+01 -0.96746171E-01  0.65154760E-01 -0.18279926E-05
  0.27160254E+01 -0.97236202E-01  0.65171003E-01 -0.18138246E-05
  0.27167171E+01 -0.97727230E-01  0.65180303E-01 -0.17990406E-05
  0.27174088E+01 -0.98219117E-01  0.65182415E-01 -0.17836492E-05
  0.27181005E+01 -0.98711735E-01  0.65177101E-01 -0.17676585E-05
  0.27187922E+01 -0.99204955E-01  0.65164122E-01 -0.17510775E-05
  0.27194839E+01 -0.99698653E-01  0.65143247E-01 -0.17339155E-05
  0.27201756E+01 -0.10019271E+00  0.65114245E-01 -0.17161817E-05
  0.27208673E+01 -0.10068701E+00  0.65076890E-01 -0.16978858E-05
  0.27215590E+01 -0.10118144E+00  0.65030962E-01 -0.16790380E-05
  0.27222507E+01 -0.10167589E+00  0.64976243E-01 -0.16596486E-05
  0.27229424E+01 -0.10217026E+00  0.64912518E-01 -0.16397282E-05
  0.27236341E+01 -0.10266444E+00  0.64839580E-01 -0.16192873E-05
  0.27243258E+01 -0.10315836E+00  0.64757224E-01 -0.15983372E-05
  0.27250175E+01 -0.10365190E+00  0.64665249E-01 -0.15768892E-05
  0.27257092E+01 -0.10414499E+00  0.64563460E-01 -0.15549548E-05
  0.27264009E+01 -0.10463755E+00  0.64451667E-01 -0.15325459E-05
  0.27270926E+01 -0.10512950E+00  0.64329684E-01 -0.15096745E-05
  0.27277843E+01 -0.10562077E+00  0.64197329E-01 -0.14863530E-05
  0.27284760E+01 -0.10611130E+00  0.64054428E-01 -0.14625936E-05
  0.27291677E+01 -0.10660101E+00  0.63900810E-01 -0.14384092E-05
  0.27298594E+01 -0.10708987E+00  0.63736308E-01 -0.14138129E-05
  0.27305511E+01 -0.10757780E+00  0.63560764E-01 -0.13888174E-05
  0.27312428E+01 -0.10806478E+00  0.63374021E-01 -0.13634362E-05
  0.27319345E+01 -0.89075620E-01  0.71125596E-01 -0.12404893E-05
  0.27326262E+01 -0.88717532E-01  0.70823449E-01 -0.12052421E-05
  0.27333179E+01 -0.88355569E-01  0.70515858E-01 -0.11697494E-05
  0.27340096E+01 -0.87989633E-01  0.70202709E-01 -0.11340286E-05
  0.27347013E+01 -0.87619633E-01  0.69883894E-01 -0.10980973E-05
  0.27353930E+01 -0.87245484E-01  0.69559314E-01 -0.10619729E-05
  0.27360847E+01 -0.86867103E-01  0.69228874E-01 -0.10256732E-05
  0.27367764E+01 -0.86484416E-01  0.68892485E-01 -0.98921582E-06
  0.27374681E+01 -0.86097351E-01  0.68550066E-01 -0.95261851E-06
  0.27381598E+01 -0.85705843E-01  0.68201543E-01 -0.91589926E-06
  0.27388515E+01 -0.85309831E-01  0.67846846E-01 -0.87907573E-06
  0.27395432E+01 -0.84909263E-01  0.67485914E-01 -0.84216583E-06
  0.27402349E+01 -0.84504086E-01  0.67118691E-01 -0.80518759E-06
  0.27409266E+01 -0.84094258E-01  0.66745129E-01 -0.76815886E-06
  0.27416183E+01 -0.83679740E-01  0.66365186E-01 -0.73109747E-06
  0.27423100E+01 -0.83260497E-01  0.65978825E-01 -0.69402137E-06
  0.27430017E+01 -0.82836501E-01  0.65586018E-01 -0.65694844E-06
  0.27436934E+01 -0.82407730E-01  0.65186742E-01 -0.61989647E-06
  0.27443851E+01 -0.81974166E-01  0.64780982E-01 -0.58288355E-06
  0.27450768E+01 -0.81535795E-01  0.64368727E-01 -0.54592705E-06
  0.27457686E+01 -0.81092611E-01  0.63949975E-01 -0.50904485E-06
  0.27464603E+01 -0.80644612E-01  0.63524729E-01 -0.47225461E-06
  0.27471520E+01 -0.80191800E-01  0.63093000E-01 -0.43557378E-06
  0.27478437E+01 -0.79734184E-01  0.62654802E-01 -0.39901989E-06
  0.27485354E+01 -0.79271777E-01  0.62210160E-01 -0.36261032E-06
  0.27492271E+01 -0.78804598E-01  0.61759101E-01 -0.32636235E-06
  0.27499188E+01 -0.78332670E-01  0.61301661E-01 -0.29029310E-06
  0.27506105E+01 -0.77856021E-01  0.60837881E-01 -0.25441954E-06
  0.27513022E+01 -0.77374685E-01  0.60367809E-01 -0.21875853E-06
  0.27519939E+01 -0.76888700E-01  0.59891498E-01 -0.18332696E-06
  0.27526856E+01 -0.76398108E-01  0.59409007E-01 -0.14814134E-06
  0.27533773E+01 -0.75902958E-01  0.58920401E-01 -0.11321804E-06
  0.27540690E+01 -0.75403303E-01  0.58425753E-01 -0.78573440E-07
  0.27547607E+01 -0.74899198E-01  0.57925137E-01 -0.44223646E-07
  0.27554524E+01 -0.74390707E-01  0.57418638E-01 -0.10184217E-07
  0.27561441E+01 -0.73877894E-01  0.56906343E-01  0.23528698E-07
  0.27568358E+01 -0.73360831E-01  0.56388346E-01  0.56899915E-07
  0.27575275E+01 -0.72839592E-01  0.55864745E-01  0.89914091E-07
  0.27582192E+01 -0.72314257E-01  0.55335645E-01  0.12255607E-06
  0.27589109E+01 -0.71784909E-01  0.54801154E-01  0.15481105E-06
  0.27596026E+01 -0.71251635E-01  0.54261388E-01  0.18666445E-06
  0.27602943E+01 -0.70714526E-01  0.53716464E-01  0.21810187E-06
  0.27609860E+01 -0.70173677E-01  0.53166509E-01  0.24910943E-06
  0.27616777E+01 -0.69629189E-01  0.52611649E-01  0.27967309E-06
  0.27623694E+01 -0.69081163E-01  0.52052019E-01  0.30977927E-06
  0.27630611E+01 -0.68529705E-01  0.51487756E-01  0.33941482E-06
  0.27637528E+01 -0.67974925E-01  0.50919002E-01  0.36856662E-06
  0.27644445E+01 -0.67416937E-01  0.50345904E-01  0.39722185E-06
  0.27651362E+01 -0.66855857E-01  0.49768611E-01  0.42536835E-06
  0.27658279E+01 -0.66291805E-01  0.49187278E-01  0.45299374E-06
  0.27665196E+01 -0.65724903E-01  0.48602064E-01  0.48008627E-06
  0.27672113E+01 -0.65155276E-01  0.48013128E-01  0.50663443E-06
  0.27679030E+01 -0.64583053E-01  0.47420638E-01  0.53262710E-06
  0.27685947E+01 -0.64008366E-01  0.46824761E-01  0.55805320E-06
  0.27692864E+01 -0.63431347E-01  0.46225668E-01  0.58290240E-06
  0.27699781E+01 -0.62852134E-01  0.45623535E-01  0.60716441E-06
  0.27706698E+01 -0.62270864E-01  0.45018539E-01  0.63082938E-06
  0.27713615E+01 -0.61687679E-01  0.44410860E-01  0.65388786E-06
  0.27720532E+01 -0.61102720E-01  0.43800682E-01  0.67633062E-06
  0.27727449E+01 -0.60516134E-01  0.43188189E-01  0.69814884E-06
  0.27734366E+01 -0.59928066E-01  0.42573569E-01  0.71933400E-06
  0.27741283E+01 -0.59338666E-01  0.41957012E-01  0.73987815E-06
  0.27748200E+01 -0.58748082E-01  0.41338710E-01  0.75977354E-06
  0.27755117E+01 -0.58156467E-01  0.40718856E-01  0.77901273E-06
  0.27762034E+01 -0.57563973E-01  0.40097645E-01  0.79758872E-06
  0.27768951E+01 -0.56970754E-01  0.39475274E-01  0.81549514E-06
  0.27775868E+01 -0.56376965E-01  0.38851941E-01  0.83272564E-06
  0.27782785E+01 -0.55782762E-01  0.38227845E-01  0.84927428E-06
  0.27789702E+01 -0.55188303E-01  0.37603185E-01  0.86513577E-06
  0.27796619E+01 -0.54593744E-01  0.36978162E-01  0.88030488E-06
  0.27803536E+01 -0.53999243E-01  0.36352979E-01  0.89477718E-06
  0.27810453E+01 -0.53404959E-01  0.35727837E-01  0.90854822E-06
  0.27817370E+01 -0.52811051E-01  0.35102938E-01  0.92161402E-06
  0.27824287E+01 -0.52217678E-01  0.34478485E-01  0.93397140E-06
  0.27831204E+01 -0.51624998E-01  0.33854681E-01  0.94561709E-06
  0.27838121E+01 -0.51033171E-01  0.33231727E-01  0.95654830E-06
  0.27845038E+01 -0.50442354E-01  0.32609825E-01  0.96676289E-06
  0.27851955E+01 -0.49852707E-01  0.31989178E-01  0.97625888E-06
  0.27858872E+01 -0.49264386E-01  0.31369986E-01  0.98503474E-06
  0.27865789E+01 -0.48677550E-01  0.30752450E-01  0.99308951E-06
  0.27872706E+01 -0.48092354E-01  0.30136767E-01  0.10004223E-05
  0.27879623E+01 -0.47508953E-01  0.29523137E-01  0.10070330E-05
  0.27886540E+01 -0.46927503E-01  0.28911756E-01  0.10129215E-05
  0.27893457E+01 -0.46348157E-01  0.28302819E-01  0.10180884E-05
  0.27900374E+01 -0.45771066E-01  0.27696521E-01  0.10225345E-05
  0.27907291E+01 -0.45196382E-01  0.27093052E-01  0.10262613E-05
  0.27914208E+01 -0.44624254E-01  0.26492604E-01  0.10292703E-05
  0.27921125E+01 -0.44054830E-01  0.25895365E-01  0.10315634E-05
  0.27928042E+01 -0.43488255E-01  0.25301520E-01  0.10331433E-05
  0.27934959E+01 -0.42924674E-01  0.24711253E-01  0.10340127E-05
  0.27941876E+01 -0.42364229E-01  0.24124745E-01  0.10341749E-05
  0.27948793E+01 -0.41807060E-01  0.23542176E-01  0.10336334E-05
  0.27955710E+01 -0.41253306E-01  0.22963721E-01  0.10323922E-05
  0.27962627E+01 -0.40703101E-01  0.22389552E-01  0.10304557E-05
  0.27969544E+01 -0.40156580E-01  0.21819841E-01  0.10278286E-05
  0.27976461E+01 -0.39613873E-01  0.21254755E-01  0.10245159E-05
  0.27983378E+01 -0.39075108E-01  0.20694456E-01  0.10205230E-05
  0.27990295E+01 -0.38540412E-01  0.20139105E-01  0.10158559E-05
  0.27997212E+01 -0.38009907E-01  0.19588860E-01  0.10105206E-05
  0.28004129E+01 -0.37483713E-01  0.19043874E-01  0.10045237E-05
  0.28011046E+01 -0.36961948E-01  0.18504296E-01  0.99787200E-06
  0.28017963E+01 -0.36444724E-01  0.17970272E-01  0.99057267E-06
  0.28024880E+01 -0.35932155E-01  0.17441944E-01  0.98263333E-06
  0.28031797E+01 -0.35424346E-01  0.16919451E-01  0.97406178E-06
  0.28038714E+01 -0.34921402E-01  0.16402925E-01  0.96486618E-06
  0.28045632E+01 -0.34423425E-01  0.15892496E-01  0.95505503E-06
  0.28052549E+01 -0.33930512E-01  0.15388290E-01  0.94463713E-06
  0.28059466E+01 -0.33442758E-01  0.14890428E-01  0.93362167E-06
  0.28066383E+01 -0.32960252E-01  0.14399025E-01  0.92201811E-06
  0.28073300E+01 -0.32483082E-01  0.13914194E-01  0.90983600E-06
  0.28080217E+01 -0.32011331E-01  0.13436042E-01  0.89708548E-06
  0.28087134E+01 -0.31545079E-01  0.12964671E-01  0.88377695E-06
  0.28094051E+01 -0.31084400E-01  0.12500179E-01  0.86992064E-06
  0.28100968E+01 -0.30629367E-01  0.12042659E-01  0.85552768E-06
  0.28107885E+01 -0.30180048E-01  0.11592199E-01  0.84060904E-06
  0.28114802E+01 -0.29736506E-01  0.11148880E-01  0.82517603E-06
  0.28121719E+01 -0.29298801E-01  0.10712783E-01  0.80924029E-06
  0.28128636E+01 -0.28866990E-01  0.10283978E-01  0.79281364E-06
  0.28135553E+01 -0.28441123E-01  0.98625345E-02  0.77590818E-06
  0.28142470E+01 -0.28021248E-01  0.94485142E-02  0.75853608E-06
  0.28149387E+01 -0.27607409E-01  0.90419744E-02  0.74070998E-06
  0.28156304E+01 -0.27199644E-01  0.86429673E-02  0.72244258E-06
  0.28163221E+01 -0.26797990E-01  0.82515397E-02  0.70374662E-06
  0.28170138E+01 -0.26402475E-01  0.78677328E-02  0.68463546E-06
  0.28177055E+01 -0.26013128E-01  0.74915830E-02  0.66512209E-06
  0.28183972E+01 -0.25629970E-01  0.71231210E-02  0.64522020E-06
  0.28190889E+01 -0.25253019E-01  0.67623722E-02  0.62494316E-06
  0.28197806E+01 -0.24882289E-01  0.64093566E-02  0.60430502E-06
  0.28204723E+01 -0.24517789E-01  0.60640891E-02  0.58331960E-06
  0.28211640E+01 -0.24159524E-01  0.57265789E-02  0.56200082E-06
  0.28218557E+01 -0.23807495E-01  0.53968300E-02  0.54036310E-06
  0.28225474E+01 -0.23461699E-01  0.50748409E-02  0.51842059E-06
  0.28232391E+01 -0.23122127E-01  0.47606049E-02  0.49618788E-06
  0.28239308E+01 -0.22788768E-01  0.44541099E-02  0.47367930E-06
  0.28246225E+01 -0.22461605E-01  0.41553385E-02  0.45090965E-06
  0.28253142E+01 -0.22140619E-01  0.38642679E-02  0.42789362E-06
  0.28260059E+01 -0.21825783E-01  0.35808701E-02  0.40464587E-06
  0.28266976E+01 -0.21517069E-01  0.33051120E-02  0.38118150E-06
  0.28273893E+01 -0.21214445E-01  0.30369550E-02  0.35751516E-06
  0.28280810E+01 -0.20917872E-01  0.27763556E-02  0.33366204E-06
  0.28287727E+01 -0.20627310E-01  0.25232651E-02  0.30963711E-06
  0.28294644E+01 -0.20342714E-01  0.22776296E-02  0.28545547E-06
  0.28301561E+01 -0.20064033E-01  0.20393903E-02  0.26113190E-06
  0.28308478E+01 -0.19791214E-01  0.18084833E-02  0.23668177E-06
  0.28315395E+01 -0.19524201E-01  0.15848400E-02  0.21212010E-06
  0.28322312E+01 -0.19262932E-01  0.13683867E-02  0.18746196E-06
  0.28329229E+01 -0.19007342E-01  0.11590450E-02  0.16272233E-06
  0.28336146E+01 -0.18757362E-01  0.95673189E-03  0.13791654E-06
  0.28343063E+01 -0.18512920E-01  0.76135952E-03  0.11305924E-06
  0.28349980E+01 -0.18273940E-01  0.57283555E-03  0.88165563E-07
  0.28356897E+01 -0.18040341E-01  0.39106311E-03  0.63250564E-07
  0.28363814E+01 -0.17812041E-01  0.21594094E-03  0.38328796E-07
  0.28370731E+01 -0.17588954E-01  0.47363391E-04  0.13415501E-07
  0.28377648E+01 -0.17370987E-01 -0.11477940E-03 -0.11474885E-07
  0.28384565E+01 -0.17158050E-01 -0.27060147E-03 -0.36327685E-07
  0.28391482E+01 -0.16950044E-01 -0.42022093E-03 -0.61128473E-07
  0.28398399E+01 -0.16746869E-01 -0.56375986E-03 -0.85862486E-07
  0.28405316E+01 -0.16548424E-01 -0.70134422E-03 -0.11051564E-06
  0.28412233E+01 -0.16354601E-01 -0.83310374E-03 -0.13507361E-06
  0.28419150E+01 -0.16165292E-01 -0.95917183E-03 -0.15952229E-06
  0.28426067E+01 -0.15980385E-01 -0.10796855E-02 -0.18384774E-06
  0.28432984E+01 -0.15799766E-01 -0.11947851E-02 -0.20803617E-06
  0.28439901E+01 -0.15623318E-01 -0.13046144E-02 -0.23207376E-06
  0.28446818E+01 -0.15450920E-01 -0.14093204E-02 -0.25594732E-06
  0.28453735E+01 -0.15282451E-01 -0.15090533E-02 -0.27964309E-06
  0.28460652E+01 -0.15117786E-01 -0.16039662E-02 -0.30314823E-06
  0.28467569E+01 -0.14956798E-01 -0.16942151E-02 -0.32644958E-06
  0.28474486E+01 -0.14799357E-01 -0.17799587E-02 -0.34953440E-06
  0.28481403E+01 -0.14645334E-01 -0.18613585E-02 -0.37238998E-06
  0.28488320E+01 -0.14494593E-01 -0.19385783E-02 -0.39500392E-06
  0.28495237E+01 -0.14347002E-01 -0.20117844E-02 -0.41736421E-06
  0.28502154E+01 -0.14202421E-01 -0.20811455E-02 -0.43945856E-06
  0.28509071E+01 -0.14060714E-01 -0.21468321E-02 -0.46127530E-06
  0.28515988E+01 -0.13921739E-01 -0.22090170E-02 -0.48280309E-06
  0.28522905E+01 -0.13785355E-01 -0.22678748E-02 -0.50403040E-06
  0.28529822E+01 -0.13651419E-01 -0.23235816E-02 -0.52494624E-06
  0.28536739E+01 -0.13519786E-01 -0.23763156E-02 -0.54553969E-06
  0.28543656E+01 -0.13390312E-01 -0.24262559E-02 -0.56580034E-06
  0.28550573E+01 -0.13262849E-01 -0.24735833E-02 -0.58571768E-06
  0.28557490E+01 -0.13137250E-01 -0.25184797E-02 -0.60528192E-06
  0.28564407E+01 -0.13013367E-01 -0.25611280E-02 -0.62448301E-06
  0.28571324E+01 -0.12891051E-01 -0.26017122E-02 -0.64331153E-06
  0.28578241E+01 -0.12770152E-01 -0.26404170E-02 -0.66175843E-06
  0.28585158E+01 -0.12650519E-01 -0.26774277E-02 -0.67981444E-06
  0.28592075E+01 -0.12532003E-01 -0.27129301E-02 -0.69747114E-06
  0.28598992E+01 -0.12414452E-01 -0.27471105E-02 -0.71471992E-06
  0.28605909E+01 -0.12297716E-01 -0.27801553E-02 -0.73155301E-06
  0.28612826E+01 -0.12181642E-01 -0.28122513E-02 -0.74796224E-06
  0.28619743E+01 -0.12066081E-01 -0.28435848E-02 -0.76394041E-06
  0.28626661E+01 -0.11950880E-01 -0.28743423E-02 -0.77948030E-06
  0.28633578E+01 -0.11835890E-01 -0.29047100E-02 -0.79457499E-06
  0.28640495E+01 -0.11720960E-01 -0.29348734E-02 -0.80921788E-06
  0.28647412E+01 -0.11605941E-01 -0.29650177E-02 -0.82340286E-06
  0.28654329E+01 -0.11490682E-01 -0.29953273E-02 -0.83712375E-06
  0.28661246E+01 -0.11375035E-01 -0.30259856E-02 -0.85037515E-06
  0.28668163E+01 -0.11258853E-01 -0.30571754E-02 -0.86315168E-06
  0.28675080E+01 -0.11141988E-01 -0.30890781E-02 -0.87544848E-06
  0.28681997E+01 -0.11024295E-01 -0.31218739E-02 -0.88726086E-06
  0.28688914E+01 -0.10905628E-01 -0.31557419E-02 -0.89858452E-06
  0.28695831E+01 -0.10785845E-01 -0.31908594E-02 -0.90941535E-06
  0.28702748E+01 -0.10664802E-01 -0.32274022E-02 -0.91974987E-06
  0.28709665E+01 -0.10542359E-01 -0.32655446E-02 -0.92958458E-06
  0.28716582E+01 -0.10418376E-01 -0.33054587E-02 -0.93891649E-06
  0.28723499E+01 -0.10292716E-01 -0.33473149E-02 -0.94774323E-06
  0.28730416E+01 -0.10165242E-01 -0.33912814E-02 -0.95606207E-06
  0.28737333E+01 -0.10035820E-01 -0.34375241E-02 -0.96387137E-06
  0.28744250E+01 -0.99043169E-02 -0.34862069E-02 -0.97116901E-06
  0.28751167E+01 -0.97706027E-02 -0.35374909E-02 -0.97795402E-06
  0.28758084E+01 -0.96345486E-02 -0.35915349E-02 -0.98422524E-06
  0.28765001E+01 -0.94960282E-02 -0.36484950E-02 -0.98998196E-06
  0.28771918E+01 -0.93549174E-02 -0.37085245E-02 -0.99522392E-06
  0.28778835E+01 -0.92110941E-02 -0.37717740E-02 -0.99995102E-06
  0.28785752E+01 -0.90644390E-02 -0.38383909E-02 -0.10041635E-05
  0.28792669E+01 -0.89148349E-02 -0.39085198E-02 -0.10078623E-05
  0.28799586E+01 -0.87621674E-02 -0.39823020E-02 -0.10110480E-05
  0.28806503E+01 -0.86063243E-02 -0.40598757E-02 -0.10137219E-05
  0.28813420E+01 -0.84471966E-02 -0.41413755E-02 -0.10158857E-05
  0.28820337E+01 -0.82846776E-02 -0.42269329E-02 -0.10175411E-05
  0.28827254E+01 -0.81186638E-02 -0.43166757E-02 -0.10186906E-05
  0.28834171E+01 -0.79490542E-02 -0.44107282E-02 -0.10193367E-05
  0.28841088E+01 -0.77757510E-02 -0.45092111E-02 -0.10194818E-05
  0.28848005E+01 -0.75986593E-02 -0.46122413E-02 -0.10191296E-05
  0.28854922E+01 -0.74176874E-02 -0.47199318E-02 -0.10182831E-05
  0.28861839E+01 -0.72327465E-02 -0.48323918E-02 -0.10169461E-05
  0.28868756E+01 -0.70437510E-02 -0.49497267E-02 -0.10151229E-05
  0.28875673E+01 -0.68506187E-02 -0.50720378E-02 -0.10128173E-05
  0.28882590E+01 -0.66532705E-02 -0.51994221E-02 -0.10100344E-05
  0.28889507E+01 -0.64516307E-02 -0.53319728E-02 -0.10067787E-05
  0.28896424E+01 -0.62456269E-02 -0.54697789E-02 -0.10030556E-05
  0.28903341E+01 -0.60351901E-02 -0.56129250E-02 -0.99887044E-06
  0.28910258E+01 -0.58202547E-02 -0.57614915E-02 -0.99422878E-06
  0.28917175E+01 -0.56007586E-02 -0.59155546E-02 -0.98913678E-06
  0.28924092E+01 -0.53766432E-02 -0.60751860E-02 -0.98360042E-06
  0.28931009E+01 -0.51478535E-02 -0.62404530E-02 -0.97762639E-06
  0.28937926E+01 -0.49143380E-02 -0.64114187E-02 -0.97122115E-06
  0.28944843E+01 -0.46760485E-02 -0.65881415E-02 -0.96439169E-06
  0.28951760E+01 -0.44329409E-02 -0.67706754E-02 -0.95714529E-06
  0.28958677E+01 -0.41849744E-02 -0.69590700E-02 -0.94948929E-06
  0.28965594E+01 -0.39321117E-02 -0.71533702E-02 -0.94143150E-06
  0.28972511E+01 -0.36743196E-02 -0.73536165E-02 -0.93297946E-06
  0.28979428E+01 -0.34115680E-02 -0.75598449E-02 -0.92414141E-06
  0.28986345E+01 -0.31438310E-02 -0.77720866E-02 -0.91492560E-06
  0.28993262E+01 -0.28710859E-02 -0.79903684E-02 -0.90534038E-06
  0.29000179E+01 -0.25933139E-02 -0.82147127E-02 -0.89539461E-06
  0.29007096E+01 -0.23104998E-02 -0.84451370E-02 -0.88509691E-06
  0.29014013E+01 -0.20226321E-02 -0.86816545E-02 -0.87445639E-06
  0.29020930E+01 -0.17297029E-02 -0.89242738E-02 -0.86348227E-06
  0.29027847E+01 -0.14317080E-02 -0.91729988E-02 -0.85218395E-06
  0.29034764E+01 -0.11286468E-02 -0.94278290E-02 -0.84057074E-06
  0.29041681E+01 -0.82052218E-03 -0.96887595E-02 -0.82865246E-06
  0.29048598E+01 -0.50734087E-03 -0.99557807E-02 -0.81643882E-06
  0.29055515E+01 -0.18911300E-03 -0.10228879E-01 -0.80393991E-06
  0.29062432E+01  0.13414772E-03 -0.10508035E-01 -0.79116563E-06
  0.29069349E+01  0.46242401E-03 -0.10793228E-01 -0.77812631E-06
  0.29076266E+01  0.79569515E-03 -0.11084428E-01 -0.76483219E-06
  0.29083183E+01  0.11339369E-02 -0.11381606E-01 -0.75129364E-06
  0.29090100E+01  0.14771216E-02 -0.11684725E-01 -0.73752128E-06
  0.29097017E+01  0.18252183E-02 -0.11993746E-01 -0.72352548E-06
  0.29103934E+01  0.21781924E-02 -0.12308623E-01 -0.70931741E-06
  0.29110851E+01  0.25360064E-02 -0.12629310E-01 -0.69490738E-06
  0.29117768E+01  0.28986190E-02 -0.12955753E-01 -0.68030639E-06
  0.29124685E+01  0.32659862E-02 -0.13287896E-01 -0.66552537E-06
  0.29131602E+01  0.36380605E-02 -0.13625679E-01 -0.65057521E-06
  0.29138519E+01  0.40147913E-02 -0.13969037E-01 -0.63546697E-06
  0.29145436E+01  0.43961250E-02 -0.14317902E-01 -0.62021163E-06
  0.29152353E+01  0.47820049E-02 -0.14672202E-01 -0.60482038E-06
  0.29159270E+01  0.51723713E-02 -0.15031862E-01 -0.58930415E-06
  0.29166187E+01  0.55671616E-02 -0.15396801E-01 -0.57367413E-06
  0.29173104E+01  0.59663106E-02 -0.15766938E-01 -0.55794146E-06
  0.29180021E+01  0.63697498E-02 -0.16142186E-01 -0.54211730E-06
  0.29186938E+01  0.67774084E-02 -0.16522456E-01 -0.52621267E-06
  0.29193855E+01  0.71892127E-02 -0.16907653E-01 -0.51023864E-06
  0.29200772E+01  0.76050866E-02 -0.17297682E-01 -0.49420645E-06
  0.29207690E+01  0.80249512E-02 -0.17692443E-01 -0.47812710E-06
  0.29214607E+01  0.84487255E-02 -0.18091834E-01 -0.46201145E-06
  0.29221524E+01  0.88763258E-02 -0.18495749E-01 -0.44587050E-06
  0.29228441E+01  0.93076661E-02 -0.18904079E-01 -0.42971537E-06
  0.29235358E+01  0.97426585E-02 -0.19316714E-01 -0.41355680E-06
  0.29242275E+01  0.10181212E-01 -0.19733539E-01 -0.39740551E-06
  0.29249192E+01  0.10623236E-01 -0.20154439E-01 -0.38127232E-06
  0.29256109E+01  0.11068634E-01 -0.20579293E-01 -0.36516781E-06
  0.29263026E+01  0.11517311E-01 -0.21007981E-01 -0.34910260E-06
  0.29269943E+01  0.11969168E-01 -0.21440379E-01 -0.33308700E-06
  0.29276860E+01  0.12424107E-01 -0.21876360E-01 -0.31713168E-06
  0.29283777E+01  0.12882024E-01 -0.22315798E-01 -0.30124654E-06
  0.29290694E+01  0.13342817E-01 -0.22758561E-01 -0.28544196E-06
  0.29297611E+01  0.13806381E-01 -0.23204518E-01 -0.26972787E-06
  0.29304528E+01  0.14272610E-01 -0.23653536E-01 -0.25411422E-06
  0.29311445E+01  0.14741398E-01 -0.24105479E-01 -0.23861065E-06
  0.29318362E+01  0.15212634E-01 -0.24560210E-01 -0.22322688E-06
  0.29325279E+01  0.15686210E-01 -0.25017590E-01 -0.20797230E-06
  0.29332196E+01  0.16162015E-01 -0.25477482E-01 -0.19285626E-06
  0.29339113E+01  0.16639936E-01 -0.25939742E-01 -0.17788814E-06
  0.29346030E+01  0.17119861E-01 -0.26404230E-01 -0.16307669E-06
  0.29352947E+01  0.17601677E-01 -0.26870803E-01 -0.14843083E-06
  0.29359864E+01  0.18085269E-01 -0.27339316E-01 -0.13395915E-06
  0.29366781E+01  0.18570522E-01 -0.27809626E-01 -0.11967038E-06
  0.29373698E+01  0.19057322E-01 -0.28281586E-01 -0.10557253E-06
  0.29380615E+01  0.19545553E-01 -0.28755051E-01 -0.91674002E-07
  0.29387532E+01  0.20035097E-01 -0.29229876E-01 -0.77982420E-07
  0.29394449E+01  0.20525840E-01 -0.29705913E-01 -0.64505782E-07
  0.29401366E+01  0.21017665E-01 -0.30183015E-01 -0.51251275E-07
  0.29408283E+01  0.21510454E-01 -0.30661037E-01 -0.38226506E-07
  0.29415200E+01  0.22004092E-01 -0.31139831E-01 -0.25438539E-07
  0.29422117E+01  0.22498462E-01 -0.31619250E-01 -0.12894046E-07
  0.29429034E+01  0.22993448E-01 -0.32099148E-01 -0.59995654E-09
  0.29435951E+01  0.23488934E-01 -0.32579380E-01  0.11437469E-07
  0.29442868E+01  0.23984805E-01 -0.33059799E-01  0.23211917E-07
  0.29449785E+01  0.24480945E-01 -0.33540261E-01  0.34717464E-07
  0.29456702E+01  0.24977239E-01 -0.34020621E-01  0.45948320E-07
  0.29463619E+01  0.25473575E-01 -0.34500736E-01  0.56899006E-07
  0.29470536E+01  0.25969839E-01 -0.34980463E-01  0.67564258E-07
  0.29477453E+01  0.26465918E-01 -0.35459661E-01  0.77939053E-07
  0.29484370E+01  0.26961702E-01 -0.35938190E-01  0.88018387E-07
  0.29491287E+01  0.27457079E-01 -0.36415909E-01  0.97798011E-07
  0.29498204E+01  0.27951940E-01 -0.36892682E-01  0.10727372E-06
  0.29505121E+01  0.28446178E-01 -0.37368372E-01  0.11644106E-06
  0.29512038E+01  0.28939685E-01 -0.37842844E-01  0.12529667E-06
  0.29518955E+01  0.29432355E-01 -0.38315964E-01  0.13383666E-06
  0.29525872E+01  0.29924084E-01 -0.38787601E-01  0.14205799E-06
  0.29532789E+01  0.30414769E-01 -0.39257625E-01  0.14995761E-06
  0.29539706E+01  0.30904310E-01 -0.39725909E-01  0.15753273E-06
  0.29546623E+01  0.31392605E-01 -0.40192326E-01  0.16478094E-06
  0.29553540E+01  0.31879557E-01 -0.40656752E-01  0.17169986E-06
  0.29560457E+01  0.32365070E-01 -0.41119066E-01  0.17828762E-06
  0.29567374E+01  0.32849049E-01 -0.41579149E-01  0.18454252E-06
  0.29574291E+01  0.33331402E-01 -0.42036884E-01  0.19046316E-06
  0.29581208E+01  0.33812037E-01 -0.42492155E-01  0.19604816E-06
  0.29588125E+01  0.34290866E-01 -0.42944851E-01  0.20129685E-06
  0.29595042E+01  0.34767803E-01 -0.43394863E-01  0.20620840E-06
  0.29601959E+01  0.35242762E-01 -0.43842083E-01  0.21078243E-06
  0.29608876E+01  0.35715662E-01 -0.44286407E-01  0.21501893E-06
  0.29615793E+01  0.36186423E-01 -0.44727733E-01  0.21891777E-06
  0.29622710E+01  0.36654966E-01 -0.45165965E-01  0.22247947E-06
  0.29629627E+01  0.37121216E-01 -0.45601005E-01  0.22570481E-06
  0.29636544E+01  0.37585100E-01 -0.46032761E-01  0.22859453E-06
  0.29643461E+01  0.38046547E-01 -0.46461144E-01  0.23114976E-06
  0.29650378E+01  0.38505490E-01 -0.46886067E-01  0.23337202E-06
  0.29657295E+01  0.38961862E-01 -0.47307447E-01  0.23526277E-06
  0.29664212E+01  0.39415601E-01 -0.47725204E-01  0.23682409E-06
  0.29671129E+01  0.39866646E-01 -0.48139261E-01  0.23805806E-06
  0.29678046E+01  0.40314939E-01 -0.48549544E-01  0.23896704E-06
  0.29684963E+01  0.40760426E-01 -0.48955985E-01  0.23955384E-06
  0.29691880E+01  0.41203053E-01 -0.49358515E-01  0.23982112E-06
  0.29698797E+01  0.41642772E-01 -0.49757072E-01  0.23977211E-06
  0.29705714E+01  0.42079535E-01 -0.50151596E-01  0.23941007E-06
  0.29712631E+01  0.42513298E-01 -0.50542030E-01  0.23873864E-06
  0.29719548E+01  0.42944021E-01 -0.50928322E-01  0.23776152E-06
  0.29726465E+01  0.43371664E-01 -0.51310422E-01  0.23648285E-06
  0.29733382E+01  0.43796193E-01 -0.51688285E-01  0.23490676E-06
  0.29740299E+01  0.44217574E-01 -0.52061870E-01  0.23303780E-06
  0.29747216E+01  0.44635778E-01 -0.52431137E-01  0.23088069E-06
  0.29754133E+01  0.45050779E-01 -0.52796052E-01  0.22844010E-06
  0.29761050E+01  0.45462552E-01 -0.53156584E-01  0.22572120E-06
  0.29767967E+01  0.45871076E-01 -0.53512706E-01  0.22272943E-06
  0.29774884E+01  0.46276334E-01 -0.53864393E-01  0.21946997E-06
  0.29781801E+01  0.46678310E-01 -0.54211627E-01  0.21594879E-06
  0.29788718E+01  0.47076992E-01 -0.54554389E-01  0.21217158E-06
  0.29795636E+01  0.47472372E-01 -0.54892669E-01  0.20814439E-06
  0.29802553E+01  0.47864443E-01 -0.55226457E-01  0.20387328E-06
  0.29809470E+01  0.48253201E-01 -0.55555748E-01  0.19936484E-06
  0.29816387E+01  0.48638647E-01 -0.55880540E-01  0.19462546E-06
  0.29823304E+01  0.49020783E-01 -0.56200836E-01  0.18966203E-06
  0.29830221E+01  0.49399614E-01 -0.56516640E-01  0.18448124E-06
  0.29837138E+01  0.49775150E-01 -0.56827963E-01  0.17908996E-06
  0.29844055E+01  0.50147400E-01 -0.57134818E-01  0.17349579E-06
  0.29850972E+01  0.50516381E-01 -0.57437220E-01  0.16770557E-06
  0.29857889E+01  0.50882107E-01 -0.57735190E-01  0.16172705E-06
  0.29864806E+01  0.51244599E-01 -0.58028752E-01  0.15556747E-06
  0.29871723E+01  0.51603881E-01 -0.58317933E-01  0.14923468E-06
  0.29878640E+01  0.51959976E-01 -0.58602764E-01  0.14273657E-06
  0.29885557E+01  0.52312914E-01 -0.58883277E-01  0.13608063E-06
  0.29892474E+01  0.52662725E-01 -0.59159512E-01  0.12927533E-06
  0.29899391E+01  0.53009442E-01 -0.59431509E-01  0.12232854E-06
  0.29906308E+01  0.53353103E-01 -0.59699311E-01  0.11524839E-06
  0.29913225E+01  0.53693744E-01 -0.59962966E-01  0.10804326E-06
  0.29920142E+01  0.54031409E-01 -0.60222525E-01  0.10072142E-06
  0.29927059E+01  0.54366140E-01 -0.60478042E-01  0.93291295E-07
  0.29933976E+01  0.54697983E-01 -0.60729573E-01  0.85761461E-07
  0.29940893E+01  0.55026989E-01 -0.60977179E-01  0.78140391E-07
  0.29947810E+01  0.55353207E-01 -0.61220922E-01  0.70436750E-07
  0.29954727E+01  0.55676692E-01 -0.61460867E-01  0.62658971E-07
  0.29961644E+01  0.55997498E-01 -0.61697085E-01  0.54816038E-07
  0.29968561E+01  0.56315685E-01 -0.61929647E-01  0.46916470E-07
  0.29975478E+01  0.56631312E-01 -0.62158626E-01  0.38969068E-07
  0.29982395E+01  0.56944442E-01 -0.62384100E-01  0.30982614E-07
  0.29989312E+01  0.57255140E-01 -0.62606149E-01  0.22965984E-07
  0.29996229E+01  0.57563471E-01 -0.62824854E-01  0.14927737E-07
  0.30003146E+01  0.57869504E-01 -0.63040301E-01  0.68768704E-08
  0.30010063E+01  0.58173310E-01 -0.63252577E-01 -0.11778584E-08
  0.30016980E+01  0.58474961E-01 -0.63461770E-01 -0.92278936E-08
  0.30023897E+01  0.58774531E-01 -0.63667974E-01 -0.17264046E-07
  0.30030814E+01  0.59072095E-01 -0.63871280E-01 -0.25277905E-07
  0.30037731E+01  0.59367732E-01 -0.64071787E-01 -0.33260665E-07
  0.30044648E+01  0.59661520E-01 -0.64269591E-01 -0.41203699E-07
  0.30051565E+01  0.59953540E-01 -0.64464792E-01 -0.49098325E-07
  0.30058482E+01  0.60243874E-01 -0.64657493E-01 -0.56935990E-07
  0.30065399E+01  0.60532606E-01 -0.64847797E-01 -0.64708168E-07
  0.30072316E+01  0.60819820E-01 -0.65035808E-01 -0.72406202E-07
  0.30079233E+01  0.61105602E-01 -0.65221635E-01 -0.80022048E-07
  0.30086150E+01  0.61390040E-01 -0.65405384E-01 -0.87547071E-07
  0.30093067E+01  0.61673222E-01 -0.65587167E-01 -0.94973340E-07
  0.30099984E+01  0.61955237E-01 -0.65767093E-01 -0.10229233E-06
  0.30106901E+01  0.62236177E-01 -0.65945276E-01 -0.10949611E-06
  0.30113818E+01  0.62516132E-01 -0.66121829E-01 -0.11657673E-06
  0.30120735E+01  0.62795194E-01 -0.66296866E-01 -0.12352639E-06
  0.30127652E+01  0.63073458E-01 -0.66470502E-01 -0.13033721E-06
  0.30134569E+01  0.63351015E-01 -0.66642855E-01 -0.13700161E-06
  0.30141486E+01  0.63627961E-01 -0.66814042E-01 -0.14351187E-06
  0.30148403E+01  0.63904391E-01 -0.66984180E-01 -0.14986075E-06
  0.30155320E+01  0.64180399E-01 -0.67153387E-01 -0.15604085E-06
  0.30162237E+01  0.64456082E-01 -0.67321783E-01 -0.16204508E-06
  0.30169154E+01  0.64731535E-01 -0.67489487E-01 -0.16786653E-06
  0.30176071E+01  0.65006855E-01 -0.67656619E-01 -0.17349804E-06
  0.30182988E+01  0.65282139E-01 -0.67823299E-01 -0.17893310E-06
  0.30189905E+01  0.65557483E-01 -0.67989647E-01 -0.18416511E-06
  0.30196822E+01  0.65832983E-01 -0.68155782E-01 -0.18918756E-06
  0.30203739E+01  0.66108736E-01 -0.68321826E-01 -0.19399434E-06
  0.30210656E+01  0.66384839E-01 -0.68487897E-01 -0.19857922E-06
  0.30217573E+01  0.66661388E-01 -0.68654116E-01 -0.20293626E-06
  0.30224490E+01  0.66938479E-01 -0.68820602E-01 -0.20705980E-06
  0.30231407E+01  0.67216207E-01 -0.68987474E-01 -0.21094413E-06
  0.30238324E+01  0.67494669E-01 -0.69154850E-01 -0.21458412E-06
  0.30245241E+01  0.67773958E-01 -0.69322849E-01 -0.21797432E-06
  0.30252158E+01  0.68054170E-01 -0.69491587E-01 -0.22110986E-06
  0.30259075E+01  0.68335397E-01 -0.69661181E-01 -0.22398589E-06
  0.30265992E+01  0.68617733E-01 -0.69831747E-01 -0.22659772E-06
  0.30272909E+01  0.68901270E-01 -0.70003399E-01 -0.22894088E-06
  0.30279826E+01  0.69186099E-01 -0.70176251E-01 -0.23101123E-06
  0.30286743E+01  0.69472312E-01 -0.70350414E-01 -0.23280463E-06
  0.30293660E+01  0.69759997E-01 -0.70526002E-01 -0.23431736E-06
  0.30300577E+01  0.70049244E-01 -0.70703123E-01 -0.23554582E-06
  0.30307494E+01  0.70340139E-01 -0.70881887E-01 -0.23648651E-06
  0.30314411E+01  0.70632769E-01 -0.71062400E-01 -0.23713625E-06
  0.30321328E+01  0.70927220E-01 -0.71244769E-01 -0.23749206E-06
  0.30328245E+01  0.71223575E-01 -0.71429097E-01 -0.23755133E-06
  0.30335162E+01  0.71521917E-01 -0.71615488E-01 -0.23731144E-06
  0.30342079E+01  0.71822328E-01 -0.71804042E-01 -0.23676995E-06
  0.30348996E+01  0.72124886E-01 -0.71994858E-01 -0.23592483E-06
  0.30355913E+01  0.72429671E-01 -0.72188033E-01 -0.23477429E-06
  0.30362830E+01  0.72736760E-01 -0.72383663E-01 -0.23331661E-06
  0.30369747E+01  0.73046227E-01 -0.72581840E-01 -0.23155027E-06
  0.30376665E+01  0.73358146E-01 -0.72782656E-01 -0.22947405E-06
  0.30383582E+01  0.73672589E-01 -0.72986200E-01 -0.22708735E-06
  0.30390499E+01  0.73989626E-01 -0.73192559E-01 -0.22438901E-06
  0.30397416E+01  0.74309327E-01 -0.73401818E-01 -0.22137863E-06
  0.30404333E+01  0.74631756E-01 -0.73614058E-01 -0.21805608E-06
  0.30411250E+01  0.74956980E-01 -0.73829360E-01 -0.21442103E-06
  0.30418167E+01  0.75285060E-01 -0.74047801E-01 -0.21047377E-06
  0.30425084E+01  0.75616058E-01 -0.74269456E-01 -0.20621467E-06
  0.30432001E+01  0.75950033E-01 -0.74494398E-01 -0.20164440E-06
  0.30438918E+01  0.76287041E-01 -0.74722698E-01 -0.19676371E-06
  0.30445835E+01  0.76627137E-01 -0.74954421E-01 -0.19157371E-06
  0.30452752E+01  0.76970375E-01 -0.75189634E-01 -0.18607567E-06
  0.30459669E+01  0.77316804E-01 -0.75428397E-01 -0.18027103E-06
  0.30466586E+01  0.77666473E-01 -0.75670772E-01 -0.17416184E-06
  0.30473503E+01  0.78019428E-01 -0.75916813E-01 -0.16774960E-06
  0.30480420E+01  0.78375714E-01 -0.76166576E-01 -0.16103675E-06
  0.30487337E+01  0.78735372E-01 -0.76420110E-01 -0.15402554E-06
  0.30494254E+01  0.79098441E-01 -0.76677465E-01 -0.14671875E-06
  0.30501171E+01  0.79464960E-01 -0.76938685E-01 -0.13911903E-06
  0.30508088E+01  0.79834963E-01 -0.77203814E-01 -0.13122950E-06
  0.30515005E+01  0.80208483E-01 -0.77472889E-01 -0.12305343E-06
  0.30521922E+01  0.80585550E-01 -0.77745949E-01 -0.11459401E-06
  0.30528839E+01  0.80966192E-01 -0.78023025E-01 -0.10585516E-06
  0.30535756E+01  0.81350436E-01 -0.78304150E-01 -0.96840680E-07
  0.30542673E+01  0.81738304E-01 -0.78589351E-01 -0.87554611E-07
  0.30549590E+01  0.82129817E-01 -0.78878651E-01 -0.78001096E-07
  0.30556507E+01  0.82524995E-01 -0.79172074E-01 -0.68184524E-07
  0.30563424E+01  0.82923853E-01 -0.79469637E-01 -0.58109653E-07
  0.30570341E+01  0.83326405E-01 -0.79771356E-01 -0.47781287E-07
  0.30577258E+01  0.83732663E-01 -0.80077243E-01 -0.37204396E-07
  0.30584175E+01  0.84142637E-01 -0.80387309E-01 -0.26384097E-07
  0.30591092E+01  0.84556332E-01 -0.80701559E-01 -0.15325740E-07
  0.30598009E+01  0.84973753E-01 -0.81019997E-01 -0.40348343E-08
  0.30604926E+01  0.85394903E-01 -0.81342624E-01  0.74830145E-08
  0.30611843E+01  0.85819781E-01 -0.81669437E-01  0.19221733E-07
  0.30618760E+01  0.86248384E-01 -0.82000431E-01  0.31175478E-07
  0.30625677E+01  0.86680708E-01 -0.82335597E-01  0.43338111E-07
  0.30632594E+01  0.87116745E-01 -0.82674924E-01  0.55703214E-07
  0.30639511E+01  0.87556486E-01 -0.83018398E-01  0.68264504E-07
  0.30646428E+01  0.87999919E-01 -0.83366002E-01  0.81015171E-07
  0.30653345E+01  0.88447030E-01 -0.83717715E-01  0.93948744E-07
  0.30660262E+01  0.88897803E-01 -0.84073514E-01  0.10705815E-06
  0.30667179E+01  0.89352219E-01 -0.84433375E-01  0.12033656E-06
  0.30674096E+01  0.89810258E-01 -0.84797267E-01  0.13377650E-06
  0.30681013E+01  0.90271896E-01 -0.85165161E-01  0.14737123E-06
  0.30687930E+01  0.90737109E-01 -0.85537022E-01  0.16111314E-06
  0.30694847E+01  0.91205870E-01 -0.85912813E-01  0.17499473E-06
  0.30701764E+01  0.91678149E-01 -0.86292494E-01  0.18900852E-06
  0.30708681E+01  0.92153915E-01 -0.86676025E-01  0.20314688E-06
  0.30715598E+01  0.92633136E-01 -0.87063359E-01  0.21740218E-06
  0.30722515E+01  0.93115776E-01 -0.87454451E-01  0.23176619E-06
  0.30729432E+01  0.93601797E-01 -0.87849250E-01  0.24623139E-06
  0.30736349E+01  0.94091162E-01 -0.88247704E-01  0.26078971E-06
  0.30743266E+01  0.94583828E-01 -0.88649759E-01  0.27543299E-06
  0.30750183E+01  0.95079753E-01 -0.89055359E-01  0.29015301E-06
  0.30757100E+01  0.95578894E-01 -0.89464442E-01  0.30494192E-06
  0.30764017E+01  0.96081203E-01 -0.89876950E-01  0.31979105E-06
  0.30770934E+01  0.96586632E-01 -0.90292817E-01  0.33469242E-06
  0.30777851E+01  0.97095133E-01 -0.90711979E-01  0.34963755E-06
  0.30784768E+01  0.97606653E-01 -0.91134366E-01  0.36461811E-06
  0.30791685E+01  0.98121141E-01 -0.91559911E-01  0.37962577E-06
  0.30798602E+01  0.98638541E-01 -0.91988540E-01  0.39465196E-06
  0.30805519E+01  0.99158799E-01 -0.92420180E-01  0.40968843E-06
  0.30812436E+01  0.99681857E-01 -0.92854755E-01  0.42472647E-06
  0.30819353E+01  0.10020766E+00 -0.93292189E-01  0.43975780E-06
  0.30826270E+01  0.10073614E+00 -0.93732401E-01  0.45477363E-06
  0.30833187E+01  0.10126724E+00 -0.94175312E-01  0.46976581E-06
  0.30840104E+01  0.10180090E+00 -0.94620840E-01  0.48472595E-06
  0.30847021E+01  0.10233706E+00 -0.95068899E-01  0.49964510E-06
  0.30853938E+01  0.10287564E+00 -0.95519406E-01  0.51451532E-06
  0.30860855E+01  0.10341660E+00 -0.95972273E-01  0.52932784E-06
  0.30867772E+01  0.10395985E+00 -0.96427413E-01  0.54407468E-06
  0.30874689E+01  0.10450533E+00 -0.96884736E-01  0.55874710E-06
  0.30881606E+01  0.10505297E+00 -0.97344152E-01  0.57333678E-06
  0.30888523E+01  0.10560271E+00 -0.97805570E-01  0.58783574E-06
  0.30895440E+01  0.10615447E+00 -0.98268896E-01  0.60223542E-06
  0.30902357E+01  0.10670819E+00 -0.98734039E-01  0.61652820E-06
  0.30909274E+01  0.10726379E+00 -0.99200902E-01  0.63070548E-06
  0.30916191E+01  0.10782119E+00 -0.99669391E-01  0.64475929E-06
  0.30923108E+01  0.10838034E+00 -0.10013941E+00  0.65868187E-06
  0.30930025E+01  0.10894115E+00 -0.10061086E+00  0.67246534E-06
  0.30936942E+01  0.10950355E+00 -0.10108365E+00  0.68610180E-06
  0.30943859E+01  0.11006746E+00 -0.10155768E+00  0.69958345E-06
  0.30950776E+01  0.11063283E+00 -0.10203285E+00  0.71290288E-06
  0.30957694E+01  0.11119956E+00 -0.10250906E+00  0.72605260E-06
  0.30964611E+01  0.11176758E+00 -0.10298621E+00  0.73902489E-06
  0.30971528E+01  0.11233683E+00 -0.10346421E+00  0.75181260E-06
  0.30978445E+01  0.11290722E+00 -0.10394295E+00  0.76440868E-06
  0.30985362E+01  0.11347869E+00 -0.10442234E+00  0.77680590E-06
  0.30992279E+01  0.11405115E+00 -0.10490227E+00  0.78899737E-06
  0.30999196E+01  0.11462453E+00 -0.10538265E+00  0.80097617E-06
  0.31006113E+01  0.11519876E+00 -0.10586338E+00  0.81273581E-06
  0.31013030E+01  0.11577377E+00 -0.10634435E+00  0.82426931E-06
  0.31019947E+01  0.11634948E+00 -0.10682548E+00  0.83557072E-06
  0.31026864E+01  0.11692581E+00 -0.10730666E+00  0.84663334E-06
  0.31033781E+01  0.11750269E+00 -0.10778779E+00  0.85745138E-06
  0.31040698E+01  0.11808006E+00 -0.10826877E+00  0.86801850E-06
  0.31047615E+01  0.11865784E+00 -0.10874951E+00  0.87832925E-06
  0.31054532E+01  0.11923595E+00 -0.10922992E+00  0.88837758E-06
  0.31061449E+01  0.11981432E+00 -0.10970989E+00  0.89815805E-06
  0.31068366E+01  0.12039290E+00 -0.11018934E+00  0.90766539E-06
  0.31075283E+01  0.12097159E+00 -0.11066816E+00  0.91689455E-06
  0.31082200E+01  0.12155035E+00 -0.11114627E+00  0.92584018E-06
  0.31089117E+01  0.12212909E+00 -0.11162357E+00  0.93449772E-06
  0.31096034E+01  0.12270775E+00 -0.11209996E+00  0.94286226E-06
  0.31102951E+01  0.12328627E+00 -0.11257537E+00  0.95092938E-06
  0.31109868E+01  0.12386457E+00 -0.11304970E+00  0.95869485E-06
  0.31116785E+01  0.12444260E+00 -0.11352286E+00  0.96615447E-06
  0.31123702E+01  0.12502029E+00 -0.11399477E+00  0.97330441E-06
  0.31130619E+01  0.12559757E+00 -0.11446533E+00  0.98014074E-06
  0.31137536E+01  0.12617440E+00 -0.11493447E+00  0.98665987E-06
  0.31144453E+01  0.12675069E+00 -0.11540210E+00  0.99285874E-06
  0.31151370E+01  0.12732640E+00 -0.11586815E+00  0.99873392E-06
  0.31158287E+01  0.12790147E+00 -0.11633252E+00  0.10042823E-05
  0.31165204E+01  0.12847584E+00 -0.11679514E+00  0.10095015E-05
  0.31172121E+01  0.29708670E-01  0.60288094E-02  0.11905161E-05
  0.31179038E+01  0.29817082E-01  0.58978724E-02  0.12017120E-05
  0.31185955E+01  0.29923709E-01  0.57690294E-02  0.12125298E-05
  0.31192872E+01  0.30028500E-01  0.56423407E-02  0.12229643E-05
  0.31199789E+01  0.30131406E-01  0.55178645E-02  0.12330109E-05
  0.31206706E+01  0.30232380E-01  0.53956572E-02  0.12426647E-05
  0.31213623E+01  0.30331373E-01  0.52757734E-02  0.12519217E-05
  0.31220540E+01  0.30428343E-01  0.51582656E-02  0.12607776E-05
  0.31227457E+01  0.30523245E-01  0.50431842E-02  0.12692285E-05
  0.31234374E+01  0.30616038E-01  0.49305777E-02  0.12772709E-05
  0.31241291E+01  0.30706683E-01  0.48204925E-02  0.12849012E-05
  0.31248208E+01  0.30795140E-01  0.47129729E-02  0.12921164E-05
  0.31255125E+01  0.30881374E-01  0.46080609E-02  0.12989134E-05
  0.31262042E+01  0.30965350E-01  0.45057967E-02  0.13052897E-05
  0.31268959E+01  0.31047035E-01  0.44062181E-02  0.13112426E-05
  0.31275876E+01  0.31126397E-01  0.43093606E-02  0.13167701E-05
  0.31282793E+01  0.31203409E-01  0.42152578E-02  0.13218702E-05
  0.31289710E+01  0.31278040E-01  0.41239409E-02  0.13265410E-05
  0.31296627E+01  0.31350267E-01  0.40354387E-02  0.13307812E-05
  0.31303544E+01  0.31420065E-01  0.39497780E-02  0.13345896E-05
  0.31310461E+01  0.31487412E-01  0.38669832E-02  0.13379651E-05
  0.31317378E+01  0.31552288E-01  0.37870764E-02  0.13409069E-05
  0.31324295E+01  0.31614673E-01  0.37100776E-02  0.13434148E-05
  0.31331212E+01  0.31674552E-01  0.36360042E-02  0.13454882E-05
  0.31338129E+01  0.31731909E-01  0.35648715E-02  0.13471273E-05
  0.31345046E+01  0.31786732E-01  0.34966925E-02  0.13483323E-05
  0.31351963E+01  0.31839009E-01  0.34314779E-02  0.13491036E-05
  0.31358880E+01  0.31888732E-01  0.33692361E-02  0.13494420E-05
  0.31365797E+01  0.31935892E-01  0.33099730E-02  0.13493485E-05
  0.31372714E+01  0.31980484E-01  0.32536925E-02  0.13488243E-05
  0.31379631E+01  0.32022505E-01  0.32003960E-02  0.13478707E-05
  0.31386548E+01  0.32061951E-01  0.31500829E-02  0.13464896E-05
  0.31393465E+01  0.32098824E-01  0.31027500E-02  0.13446826E-05
  0.31400382E+01  0.32133124E-01  0.30583921E-02  0.13424523E-05
  0.31407299E+01  0.32164855E-01  0.30170016E-02  0.13398007E-05
  0.31414216E+01  0.32194023E-01  0.29785688E-02  0.13367305E-05
  0.31421133E+01  0.32220633E-01  0.29430817E-02  0.13332447E-05
  0.31428050E+01  0.32244694E-01  0.29105262E-02  0.13293462E-05
  0.31434967E+01  0.32266218E-01  0.28808859E-02  0.13250384E-05
  0.31441884E+01  0.32285216E-01  0.28541426E-02  0.13203247E-05
  0.31448801E+01  0.32301701E-01  0.28302755E-02  0.13152089E-05
  0.31455718E+01  0.32315689E-01  0.28092620E-02  0.13096950E-05
  0.31462635E+01  0.32327197E-01  0.27910775E-02  0.13037870E-05
  0.31469552E+01  0.32336244E-01  0.27756952E-02  0.12974893E-05
  0.31476469E+01  0.32342849E-01  0.27630863E-02  0.12908066E-05
  0.31483386E+01  0.32347035E-01  0.27532202E-02  0.12837436E-05
  0.31490303E+01  0.32348825E-01  0.27460641E-02  0.12763052E-05
  0.31497220E+01  0.32348243E-01  0.27415836E-02  0.12684966E-05
  0.31504137E+01  0.32345316E-01  0.27397421E-02  0.12603233E-05
  0.31511054E+01  0.32340072E-01  0.27405015E-02  0.12517906E-05
  0.31517971E+01  0.32332539E-01  0.27438217E-02  0.12429044E-05
  0.31524888E+01  0.32322747E-01  0.27496610E-02  0.12336706E-05
  0.31531805E+01  0.32310730E-01  0.27579758E-02  0.12240952E-05
  0.31538722E+01  0.32296519E-01  0.27687210E-02  0.12141845E-05
  0.31545640E+01  0.32280150E-01  0.27818498E-02  0.12039449E-05
  0.31552557E+01  0.32261657E-01  0.27973139E-02  0.11933831E-05
  0.31559474E+01  0.32241078E-01  0.28150634E-02  0.11825058E-05
  0.31566391E+01  0.32218451E-01  0.28350469E-02  0.11713197E-05
  0.31573308E+01  0.32193814E-01  0.28572117E-02  0.11598321E-05
  0.31580225E+01  0.32167207E-01  0.28815035E-02  0.11480501E-05
  0.31587142E+01  0.32138673E-01  0.29078669E-02  0.11359810E-05
  0.31594059E+01  0.32108253E-01  0.29362450E-02  0.11236323E-05
  0.31600976E+01  0.32075989E-01  0.29665799E-02  0.11110117E-05
  0.31607893E+01  0.32041927E-01  0.29988124E-02  0.10981268E-05
  0.31614810E+01  0.32006112E-01  0.30328821E-02  0.10849854E-05
  0.31621727E+01  0.31968587E-01  0.30687277E-02  0.10715955E-05
  0.31628644E+01  0.31929402E-01  0.31062867E-02  0.10579653E-05
  0.31635561E+01  0.31888601E-01  0.31454957E-02  0.10441028E-05
  0.31642478E+01  0.31846235E-01  0.31862906E-02  0.10300164E-05
  0.31649395E+01  0.31802350E-01  0.32286062E-02  0.10157144E-05
  0.31656312E+01  0.31756997E-01  0.32723765E-02  0.10012052E-05
  0.31663229E+01  0.31710224E-01  0.33175350E-02  0.98649741E-06
  0.31670146E+01  0.31662083E-01  0.33640144E-02  0.97159965E-06
  0.31677063E+01  0.31612624E-01  0.34117466E-02  0.95652060E-06
  0.31683980E+01  0.31561898E-01  0.34606632E-02  0.94126899E-06
  0.31690897E+01  0.31509956E-01  0.35106953E-02  0.92585367E-06
  0.31697814E+01  0.31456851E-01  0.35617734E-02  0.91028345E-06
  0.31704731E+01  0.31402634E-01  0.36138276E-02  0.89456736E-06
  0.31711648E+01  0.31347358E-01  0.36667879E-02  0.87871426E-06
  0.31718565E+01  0.31291075E-01  0.37205839E-02  0.86273322E-06
  0.31725482E+01  0.31233837E-01  0.37751449E-02  0.84663324E-06
  0.31732399E+01  0.31175699E-01  0.38304001E-02  0.83042339E-06
  0.31739316E+01  0.31116711E-01  0.38862788E-02  0.81411282E-06
  0.31746233E+01  0.31056928E-01  0.39427101E-02  0.79771057E-06
  0.31753150E+01  0.30996401E-01  0.39996232E-02  0.78122579E-06
  0.31760067E+01  0.30935184E-01  0.40569472E-02  0.76466757E-06
  0.31766984E+01  0.30873328E-01  0.41146116E-02  0.74804508E-06
  0.31773901E+01  0.30810887E-01  0.41725460E-02  0.73136745E-06
  0.31780818E+01  0.30747911E-01  0.42306803E-02  0.71464373E-06
  0.31787735E+01  0.30684453E-01  0.42889445E-02  0.69788308E-06
  0.31794652E+01  0.30620564E-01  0.43472693E-02  0.68109450E-06
  0.31801569E+01  0.30556296E-01  0.44055857E-02  0.66428708E-06
  0.31808486E+01  0.30491699E-01  0.44638251E-02  0.64746984E-06
  0.31815403E+01  0.30426822E-01  0.45219195E-02  0.63065174E-06
  0.31822320E+01  0.30361716E-01  0.45798015E-02  0.61384169E-06
  0.31829237E+01  0.30296430E-01  0.46374044E-02  0.59704863E-06
  0.31836154E+01  0.30231013E-01  0.46946621E-02  0.58028136E-06
  0.31843071E+01  0.30165512E-01  0.47515092E-02  0.56354865E-06
  0.31849988E+01  0.30099975E-01  0.48078814E-02  0.54685921E-06
  0.31856905E+01  0.30034448E-01  0.48637149E-02  0.53022171E-06
  0.31863822E+01  0.29968977E-01  0.49189470E-02  0.51364465E-06
  0.31870739E+01  0.29903607E-01  0.49735158E-02  0.49713662E-06
  0.31877656E+01  0.29838383E-01  0.50273607E-02  0.48070597E-06
  0.31884573E+01  0.29773348E-01  0.50804218E-02  0.46436102E-06
  0.31891490E+01  0.29708544E-01  0.51326404E-02  0.44810999E-06
  0.31898407E+01  0.29644013E-01  0.51839590E-02  0.43196106E-06
  0.31905324E+01  0.29579796E-01  0.52343213E-02  0.41592218E-06
  0.31912241E+01  0.29515932E-01  0.52836722E-02  0.40000136E-06
  0.31919158E+01  0.29452461E-01  0.53319576E-02  0.38420637E-06
  0.31926075E+01  0.29389419E-01  0.53791251E-02  0.36854491E-06
  0.31932992E+01  0.29326843E-01  0.54251234E-02  0.35302459E-06
  0.31939909E+01  0.29264768E-01  0.54699027E-02  0.33765283E-06
  0.31946826E+01  0.29203230E-01  0.55134144E-02  0.32243698E-06
  0.31953743E+01  0.29142261E-01  0.55556116E-02  0.30738423E-06
  0.31960660E+01  0.29081893E-01  0.55964487E-02  0.29250171E-06
  0.31967577E+01  0.29022156E-01  0.56358817E-02  0.27779624E-06
  0.31974494E+01  0.28963081E-01  0.56738682E-02  0.26327467E-06
  0.31981411E+01  0.28904695E-01  0.57103671E-02  0.24894367E-06
  0.31988328E+01  0.28847026E-01  0.57453393E-02  0.23480968E-06
  0.31995245E+01  0.28790100E-01  0.57787469E-02  0.22087903E-06
  0.32002162E+01  0.28733940E-01  0.58105541E-02  0.20715802E-06
  0.32009079E+01  0.28678569E-01  0.58407264E-02  0.19365255E-06
  0.32015996E+01  0.28624010E-01  0.58692311E-02  0.18036856E-06
  0.32022913E+01  0.28570283E-01  0.58960374E-02  0.16731173E-06
  0.32029830E+01  0.28517407E-01  0.59211160E-02  0.15448761E-06
  0.32036747E+01  0.28465399E-01  0.59444394E-02  0.14190154E-06
  0.32043664E+01  0.28414275E-01  0.59659820E-02  0.12955876E-06
  0.32050581E+01  0.28364050E-01  0.59857198E-02  0.11746425E-06
  0.32057498E+01  0.28314739E-01  0.60036308E-02  0.10562290E-06
  0.32064415E+01  0.28266351E-01  0.60196947E-02  0.94039380E-07
  0.32071332E+01  0.28218899E-01  0.60338929E-02  0.82718075E-07
  0.32078249E+01  0.28172391E-01  0.60462089E-02  0.71663432E-07
  0.32085166E+01  0.28126834E-01  0.60566278E-02  0.60879514E-07
  0.32092083E+01  0.28082236E-01  0.60651366E-02  0.50370227E-07
  0.32099000E+01  0.28038599E-01  0.60717243E-02  0.40139345E-07
  0.32105917E+01  0.27995929E-01  0.60763814E-02  0.30190442E-07
  0.32112834E+01  0.27954226E-01  0.60791006E-02  0.20526876E-07
  0.32119751E+01  0.27913491E-01  0.60798763E-02  0.11151775E-07
  0.32126669E+01  0.27873723E-01  0.60787047E-02  0.20681923E-08
  0.32133586E+01  0.27834920E-01  0.60755839E-02 -0.67210964E-08
  0.32140503E+01  0.27797077E-01  0.60705137E-02 -0.15213511E-07
  0.32147420E+01  0.27760189E-01  0.60634960E-02 -0.23406652E-07
  0.32154337E+01  0.27724249E-01  0.60545343E-02 -0.31298300E-07
  0.32161254E+01  0.27689249E-01  0.60436339E-02 -0.38886436E-07
  0.32168171E+01  0.27655180E-01  0.60308020E-02 -0.46169307E-07
  0.32175088E+01  0.27622031E-01  0.60160476E-02 -0.53145207E-07
  0.32182005E+01  0.27589788E-01  0.59993812E-02 -0.59812744E-07
  0.32188922E+01  0.27558440E-01  0.59808154E-02 -0.66170749E-07
  0.32195839E+01  0.27527969E-01  0.59603644E-02 -0.72218122E-07
  0.32202756E+01  0.27498361E-01  0.59380441E-02 -0.77954063E-07
  0.32209673E+01  0.27469597E-01  0.59138719E-02 -0.83377914E-07
  0.32216590E+01  0.27441658E-01  0.58878673E-02 -0.88489275E-07
  0.32223507E+01  0.27414525E-01  0.58600510E-02 -0.93287891E-07
  0.32230424E+01  0.27388175E-01  0.58304457E-02 -0.97773646E-07
  0.32237341E+01  0.27362587E-01  0.57990755E-02 -0.10194677E-06
  0.32244258E+01  0.27337735E-01  0.57659660E-02 -0.10580752E-06
  0.32251175E+01  0.27313595E-01  0.57311445E-02 -0.10935647E-06
  0.32258092E+01  0.27290141E-01  0.56946397E-02 -0.11259432E-06
  0.32265009E+01  0.27267345E-01  0.56564820E-02 -0.11552196E-06
  0.32271926E+01  0.27245179E-01  0.56167029E-02 -0.11814048E-06
  0.32278843E+01  0.27223613E-01  0.55753356E-02 -0.12045120E-06
  0.32285760E+01  0.27202616E-01  0.55324145E-02 -0.12245552E-06
  0.32292677E+01  0.27182157E-01  0.54879756E-02 -0.12415508E-06
  0.32299594E+01  0.27162203E-01  0.54420559E-02 -0.12555173E-06
  0.32306511E+01  0.27142721E-01  0.53946938E-02 -0.12664747E-06
  0.32313428E+01  0.27123676E-01  0.53459290E-02 -0.12744445E-06
  0.32320345E+01  0.27105032E-01  0.52958024E-02 -0.12794502E-06
  0.32327262E+01  0.27086754E-01  0.52443558E-02 -0.12815174E-06
  0.32334179E+01  0.27068804E-01  0.51916326E-02 -0.12806729E-06
  0.32341096E+01  0.27051143E-01  0.51376767E-02 -0.12769450E-06
  0.32348013E+01  0.27033735E-01  0.50825334E-02 -0.12703641E-06
  0.32354930E+01  0.27016538E-01  0.50262490E-02 -0.12609622E-06
  0.32361847E+01  0.26999513E-01  0.49688705E-02 -0.12487723E-06
  0.32368764E+01  0.26982619E-01  0.49104459E-02 -0.12338301E-06
  0.32375681E+01  0.26965815E-01  0.48510242E-02 -0.12161718E-06
  0.32382598E+01  0.26949059E-01  0.47906549E-02 -0.11958355E-06
  0.32389515E+01  0.26932308E-01  0.47293886E-02 -0.11728608E-06
  0.32396432E+01  0.26915519E-01  0.46672762E-02 -0.11472882E-06
  0.32403349E+01  0.26898649E-01  0.46043697E-02 -0.11191612E-06
  0.32410266E+01  0.26881653E-01  0.45407214E-02 -0.10885227E-06
  0.32417183E+01  0.26864489E-01  0.44763842E-02 -0.10554182E-06
  0.32424100E+01  0.26847110E-01  0.44114117E-02 -0.10198944E-06
  0.32431017E+01  0.26829472E-01  0.43458576E-02 -0.98199866E-07
  0.32437934E+01  0.26811530E-01  0.42797764E-02 -0.94178013E-07
  0.32444851E+01  0.26793238E-01  0.42132227E-02 -0.89928941E-07
  0.32451768E+01  0.26774551E-01  0.41462515E-02 -0.85457763E-07
  0.32458685E+01  0.26755423E-01  0.40789181E-02 -0.80769744E-07
  0.32465602E+01  0.26735808E-01  0.40112778E-02 -0.75870252E-07
  0.32472519E+01  0.26715660E-01  0.39433863E-02 -0.70764755E-07
  0.32479436E+01  0.26694933E-01  0.38752994E-02 -0.65458869E-07
  0.32486353E+01  0.26673582E-01  0.38070726E-02 -0.59958234E-07
  0.32493270E+01  0.26651560E-01  0.37387619E-02 -0.54268629E-07
  0.32500187E+01  0.26628821E-01  0.36704229E-02 -0.48395943E-07
  0.32507104E+01  0.26605321E-01  0.36021111E-02 -0.42346121E-07
  0.32514021E+01  0.26581013E-01  0.35338821E-02 -0.36125212E-07
  0.32520938E+01  0.26555852E-01  0.34657910E-02 -0.29739294E-07
  0.32527855E+01  0.26529794E-01  0.33978928E-02 -0.23194628E-07
  0.32534772E+01  0.26502793E-01  0.33302422E-02 -0.16497446E-07
  0.32541689E+01  0.26474806E-01  0.32628936E-02 -0.96540916E-08
  0.32548606E+01  0.26445789E-01  0.31959007E-02 -0.26709652E-08
  0.32555523E+01  0.26415697E-01  0.31293171E-02  0.44454751E-08
  0.32562440E+01  0.26384488E-01  0.30631958E-02  0.11688710E-07
  0.32569357E+01  0.26352119E-01  0.29975890E-02  0.19052165E-07
  0.32576274E+01  0.26318549E-01  0.29325486E-02  0.26529223E-07
  0.32583191E+01  0.26283735E-01  0.28681258E-02  0.34113231E-07
  0.32590108E+01  0.26247637E-01  0.28043710E-02  0.41797487E-07
  0.32597025E+01  0.26210215E-01  0.27413339E-02  0.49575261E-07
  0.32603942E+01  0.26171429E-01  0.26790635E-02  0.57439765E-07
  0.32610859E+01  0.26131240E-01  0.26176078E-02  0.65384248E-07
  0.32617776E+01  0.26089611E-01  0.25570141E-02  0.73401841E-07
  0.32624693E+01  0.26046503E-01  0.24973286E-02  0.81485732E-07
  0.32631610E+01  0.26001881E-01  0.24385968E-02  0.89629071E-07
  0.32638527E+01  0.25955709E-01  0.23808630E-02  0.97824985E-07
  0.32645444E+01  0.25907951E-01  0.23241705E-02  0.10606664E-06
  0.32652361E+01  0.25858575E-01  0.22685616E-02  0.11434711E-06
  0.32659278E+01  0.25807546E-01  0.22140773E-02  0.12265956E-06
  0.32666195E+01  0.25754834E-01  0.21607577E-02  0.13099712E-06
  0.32673112E+01  0.25700407E-01  0.21086414E-02  0.13935290E-06
  0.32680029E+01  0.25644236E-01  0.20577662E-02  0.14772011E-06
  0.32686946E+01  0.25586290E-01  0.20081682E-02  0.15609188E-06
  0.32693863E+01  0.25526543E-01  0.19598824E-02  0.16446141E-06
  0.32700780E+01  0.25464968E-01  0.19129426E-02  0.17282195E-06
  0.32707698E+01  0.25401539E-01  0.18673811E-02  0.18116670E-06
  0.32714615E+01  0.25336232E-01  0.18232287E-02  0.18948894E-06
  0.32721532E+01  0.25269022E-01  0.17805151E-02  0.19778201E-06
  0.32728449E+01  0.25199890E-01  0.17392682E-02  0.20603927E-06
  0.32735366E+01  0.25128812E-01  0.16995148E-02  0.21425406E-06
  0.32742283E+01  0.25055770E-01  0.16612800E-02  0.22241986E-06
  0.32749200E+01  0.24980745E-01  0.16245874E-02  0.23053018E-06
  0.32756117E+01  0.24903720E-01  0.15894591E-02  0.23857851E-06
  0.32763034E+01  0.24824678E-01  0.15559156E-02  0.24655848E-06
  0.32769951E+01  0.24743606E-01  0.15239759E-02  0.25446375E-06
  0.32776868E+01  0.24660490E-01  0.14936574E-02  0.26228805E-06
  0.32783785E+01  0.24575318E-01  0.14649758E-02  0.27002514E-06
  0.32790702E+01  0.24488079E-01  0.14379453E-02  0.27766891E-06
  0.32797619E+01  0.24398764E-01  0.14125785E-02  0.28521326E-06
  0.32804536E+01  0.24307364E-01  0.13888862E-02  0.29265223E-06
  0.32811453E+01  0.24213874E-01  0.13668777E-02  0.29997988E-06
  0.32818370E+01  0.24118287E-01  0.13465605E-02  0.30719040E-06
  0.32825287E+01  0.24020600E-01  0.13279405E-02  0.31427803E-06
  0.32832204E+01  0.23920810E-01  0.13110220E-02  0.32123709E-06
  0.32839121E+01  0.23818916E-01  0.12958074E-02  0.32806201E-06
  0.32846038E+01  0.23714918E-01  0.12822977E-02  0.33474737E-06
  0.32852955E+01  0.23608817E-01  0.12704921E-02  0.34128770E-06
  0.32859872E+01  0.23500617E-01  0.12603880E-02  0.34767777E-06
  0.32866789E+01  0.23390320E-01  0.12519813E-02  0.35391234E-06
  0.32873706E+01  0.23277934E-01  0.12452661E-02  0.35998638E-06
  0.32880623E+01  0.23163465E-01  0.12402349E-02  0.36589489E-06
  0.32887540E+01  0.23046921E-01  0.12368786E-02  0.37163296E-06
  0.32894457E+01  0.22928312E-01  0.12351862E-02  0.37719586E-06
  0.32901374E+01  0.22807648E-01  0.12351454E-02  0.38257889E-06
  0.32908291E+01  0.22684943E-01  0.12367420E-02  0.38777756E-06
  0.32915208E+01  0.22560209E-01  0.12399603E-02  0.39278742E-06
  0.32922125E+01  0.22433462E-01  0.12447828E-02  0.39760412E-06
  0.32929042E+01  0.22304717E-01  0.12511908E-02  0.40222351E-06
  0.32935959E+01  0.22173993E-01  0.12591637E-02  0.40664147E-06
  0.32942876E+01  0.22041308E-01  0.12686793E-02  0.41085407E-06
  0.32949793E+01  0.21906681E-01  0.12797142E-02  0.41485748E-06
  0.32956710E+01  0.21770135E-01  0.12922433E-02  0.41864796E-06
  0.32963627E+01  0.21631691E-01  0.13062398E-02  0.42222192E-06
  0.32970544E+01  0.21491373E-01  0.13216758E-02  0.42557591E-06
  0.32977461E+01  0.21349206E-01  0.13385217E-02  0.42870661E-06
  0.32984378E+01  0.21205216E-01  0.13567467E-02  0.43161078E-06
  0.32991295E+01  0.21059430E-01  0.13763183E-02  0.43428537E-06
  0.32998212E+01  0.20911876E-01  0.13972030E-02  0.43672740E-06
  0.33005129E+01  0.20762584E-01  0.14193658E-02  0.43893406E-06
  0.33012046E+01  0.20611583E-01  0.14427704E-02  0.44090268E-06
  0.33018963E+01  0.20458905E-01  0.14673791E-02  0.44263068E-06
  0.33025880E+01  0.20304583E-01  0.14931534E-02  0.44411565E-06
  0.33032797E+01  0.20148650E-01  0.15200531E-02  0.44535530E-06
  0.33039714E+01  0.19991139E-01  0.15480373E-02  0.44634743E-06
  0.33046631E+01  0.19832087E-01  0.15770637E-02  0.44709007E-06
  0.33053548E+01  0.19671528E-01  0.16070889E-02  0.44758129E-06
  0.33060465E+01  0.19509502E-01  0.16380687E-02  0.44781934E-06
  0.33067382E+01  0.19346044E-01  0.16699577E-02  0.44780260E-06
  0.33074299E+01  0.19181193E-01  0.17027097E-02  0.44752956E-06
  0.33081216E+01  0.19014990E-01  0.17362775E-02  0.44699888E-06
  0.33088133E+01  0.18847473E-01  0.17706129E-02  0.44620933E-06
  0.33095050E+01  0.18678684E-01  0.18056672E-02  0.44515981E-06
  0.33101967E+01  0.18508663E-01  0.18413907E-02  0.44384934E-06
  0.33108884E+01  0.18337454E-01  0.18777329E-02  0.44227711E-06
  0.33115801E+01  0.18165098E-01  0.19146429E-02  0.44044242E-06
  0.33122718E+01  0.17991639E-01  0.19520690E-02  0.43834471E-06
  0.33129635E+01  0.17817120E-01  0.19899588E-02  0.43598352E-06
  0.33136552E+01  0.17641586E-01  0.20282595E-02  0.43335855E-06
  0.33143469E+01  0.17465080E-01  0.20669179E-02  0.43046965E-06
  0.33150386E+01  0.17287648E-01  0.21058802E-02  0.42731672E-06
  0.33157303E+01  0.17109335E-01  0.21450922E-02  0.42389987E-06
  0.33164220E+01  0.16930187E-01  0.21844996E-02  0.42021930E-06
  0.33171137E+01  0.16750249E-01  0.22240474E-02  0.41627531E-06
  0.33178054E+01  0.16569568E-01  0.22636809E-02  0.41206839E-06
  0.33184971E+01  0.16388189E-01  0.23033447E-02  0.40759907E-06
  0.33191888E+01  0.16206160E-01  0.23429835E-02  0.40286807E-06
  0.33198805E+01  0.16023527E-01  0.23825421E-02  0.39787623E-06
  0.33205722E+01  0.15840336E-01  0.24219651E-02  0.39262443E-06
  0.33212639E+01  0.15656635E-01  0.24611969E-02  0.38711375E-06
  0.33219556E+01  0.15472469E-01  0.25001824E-02  0.38134537E-06
  0.33226473E+01  0.15287886E-01  0.25388664E-02  0.37532055E-06
  0.33233390E+01  0.15102931E-01  0.25771939E-02  0.36904067E-06
  0.33240307E+01  0.14917652E-01  0.26151102E-02  0.36250728E-06
  0.33247224E+01  0.14732094E-01  0.26525609E-02  0.35572198E-06
  0.33254141E+01  0.14546304E-01  0.26894918E-02  0.34868650E-06
  0.33261058E+01  0.14360327E-01  0.27258492E-02  0.34140264E-06
  0.33267975E+01  0.14174209E-01  0.27615799E-02  0.33387235E-06
  0.33274892E+01  0.13987995E-01  0.27966311E-02  0.32609772E-06
  0.33281809E+01  0.13801729E-01  0.28309506E-02  0.31808084E-06
  0.33288726E+01  0.13615456E-01  0.28644868E-02  0.30982394E-06
  0.33295644E+01  0.13429220E-01  0.28971887E-02  0.30132937E-06
  0.33302561E+01  0.13243065E-01  0.29290060E-02  0.29259960E-06
  0.33309478E+01  0.13057033E-01  0.29598892E-02  0.28363711E-06
  0.33316395E+01  0.12871166E-01  0.29897896E-02  0.27444454E-06
  0.33323312E+01  0.12685507E-01  0.30186592E-02  0.26502460E-06
  0.33330229E+01  0.12500097E-01  0.30464511E-02  0.25538005E-06
  0.33337146E+01  0.12314975E-01  0.30731191E-02  0.24551383E-06
  0.33344063E+01  0.12130183E-01  0.30986183E-02  0.23542885E-06
  0.33350980E+01  0.11945758E-01  0.31229045E-02  0.22512820E-06
  0.33357897E+01  0.11761739E-01  0.31459346E-02  0.21461498E-06
  0.33364814E+01  0.11578164E-01  0.31676669E-02  0.20389241E-06
  0.33371731E+01  0.11395069E-01  0.31880605E-02  0.19296373E-06
  0.33378648E+01  0.11212490E-01  0.32070759E-02  0.18183234E-06
  0.33385565E+01  0.11030463E-01  0.32246747E-02  0.17050162E-06
  0.33392482E+01  0.10849020E-01  0.32408200E-02  0.15897511E-06
  0.33399399E+01  0.10668195E-01  0.32554758E-02  0.14725632E-06
  0.33406316E+01  0.10488020E-01  0.32686078E-02  0.13534886E-06
  0.33413233E+01  0.10308526E-01  0.32801830E-02  0.12325647E-06
  0.33420150E+01  0.10129744E-01  0.32901697E-02  0.11098286E-06
  0.33427067E+01  0.99517013E-02  0.32985376E-02  0.98531818E-07
  0.33433984E+01  0.97744269E-02  0.33052581E-02  0.85907233E-07
  0.33440901E+01  0.95979472E-02  0.33103038E-02  0.73113003E-07
  0.33447818E+01  0.94222881E-02  0.33136492E-02  0.60153058E-07
  0.33454735E+01  0.92474740E-02  0.33152699E-02  0.47031445E-07
  0.33461652E+01  0.90735283E-02  0.33151435E-02  0.33752238E-07
  0.33468569E+01  0.89004733E-02  0.33132489E-02  0.20319506E-07
  0.33475486E+01  0.87283300E-02  0.33095667E-02  0.67373839E-08
  0.33482403E+01  0.85571181E-02  0.33040793E-02 -0.69898910E-08
  0.33489320E+01  0.83868563E-02  0.32967706E-02 -0.20858127E-07
  0.33496237E+01  0.82175619E-02  0.32876261E-02 -0.34863083E-07
  0.33503154E+01  0.80492510E-02  0.32766332E-02 -0.49000415E-07
  0.33510071E+01  0.78819384E-02  0.32637810E-02 -0.63265834E-07
  0.33516988E+01  0.77156377E-02  0.32490600E-02 -0.77654937E-07
  0.33523905E+01  0.75503612E-02  0.32324629E-02 -0.92163380E-07
  0.33530822E+01  0.73861199E-02  0.32139838E-02 -0.10678672E-06
  0.33537739E+01  0.72229234E-02  0.31936187E-02 -0.12152054E-06
  0.33544656E+01  0.70607803E-02  0.31713652E-02 -0.13636035E-06
  0.33551573E+01  0.68996976E-02  0.31472228E-02 -0.15130171E-06
  0.33558490E+01  0.67396811E-02  0.31211928E-02 -0.16634006E-06
  0.33565407E+01  0.65807353E-02  0.30932781E-02 -0.18147091E-06
  0.33572324E+01  0.64228635E-02  0.30634834E-02 -0.19668974E-06
  0.33579241E+01  0.62660675E-02  0.30318154E-02 -0.21199200E-06
  0.33586158E+01  0.61103479E-02  0.29982821E-02 -0.22737310E-06
  0.33593075E+01  0.59557041E-02  0.29628936E-02 -0.24282850E-06
  0.33599992E+01  0.58021340E-02  0.29256617E-02 -0.25835360E-06
  0.33606909E+01  0.56496345E-02  0.28865998E-02 -0.27394383E-06
  0.33613826E+01  0.54982009E-02  0.28457230E-02 -0.28959459E-06
  0.33620743E+01  0.53478274E-02  0.28030482E-02 -0.30530127E-06
  0.33627660E+01  0.51985071E-02  0.27585941E-02 -0.32105935E-06
  0.33634577E+01  0.50502316E-02  0.27123808E-02 -0.33686413E-06
  0.33641494E+01  0.49029914E-02  0.26644303E-02 -0.35271110E-06
  0.33648411E+01  0.47567757E-02  0.26147660E-02 -0.36859561E-06
  0.33655328E+01  0.46115726E-02  0.25634132E-02 -0.38451310E-06
  0.33662245E+01  0.44673691E-02  0.25103985E-02 -0.40045898E-06
  0.33669162E+01  0.43241507E-02  0.24557503E-02 -0.41642865E-06
  0.33676079E+01  0.41819021E-02  0.23994984E-02 -0.43241759E-06
  0.33682996E+01  0.40406067E-02  0.23416742E-02 -0.44842120E-06
  0.33689913E+01  0.39002469E-02  0.22823105E-02 -0.46443493E-06
  0.33696830E+01  0.37608039E-02  0.22214416E-02 -0.48045424E-06
  0.33703747E+01  0.36222579E-02  0.21591033E-02 -0.49647465E-06
  0.33710664E+01  0.34845881E-02  0.20953326E-02 -0.51249160E-06
  0.33717581E+01  0.33477726E-02  0.20301682E-02 -0.52850059E-06
  0.33724498E+01  0.32117887E-02  0.19636496E-02 -0.54449715E-06
  0.33731415E+01  0.30766124E-02  0.18958181E-02 -0.56047684E-06
  0.33738332E+01  0.29422192E-02  0.18267159E-02 -0.57643518E-06
  0.33745249E+01  0.28085834E-02  0.17563866E-02 -0.59236774E-06
  0.33752166E+01  0.26756785E-02  0.16848748E-02 -0.60827014E-06
  0.33759083E+01  0.25434773E-02  0.16122265E-02 -0.62413795E-06
  0.33766000E+01  0.24119516E-02  0.15384884E-02 -0.63996684E-06
  0.33772917E+01  0.22810726E-02  0.14637085E-02 -0.65575244E-06
  0.33779834E+01  0.21508106E-02  0.13879358E-02 -0.67149045E-06
  0.33786751E+01  0.20211354E-02  0.13112200E-02 -0.68717653E-06
  0.33793668E+01  0.18920159E-02  0.12336120E-02 -0.70280644E-06
  0.33800585E+01  0.17634205E-02  0.11551634E-02 -0.71837591E-06
  0.33807502E+01  0.16353171E-02  0.10759265E-02 -0.73388074E-06
  0.33814419E+01  0.15076728E-02  0.99595455E-03 -0.74931669E-06
  0.33821336E+01  0.13804544E-02  0.91530140E-03 -0.76467960E-06
  0.33828253E+01  0.12536280E-02  0.83402154E-03 -0.77996534E-06
  0.33835170E+01  0.11271596E-02  0.75217008E-03 -0.79516977E-06
  0.33842087E+01  0.10010144E-02  0.66980267E-03 -0.81028880E-06
  0.33849004E+01  0.87515752E-03  0.58697545E-03 -0.82531839E-06
  0.33855921E+01  0.74955357E-03  0.50374499E-03 -0.84025447E-06
  0.33862838E+01  0.62416698E-03  0.42016826E-03 -0.85509306E-06
  0.33869755E+01  0.49896190E-03  0.33630255E-03 -0.86983015E-06
  0.33876673E+01  0.37390229E-03  0.25220543E-03 -0.88446184E-06
  0.33883590E+01  0.24895192E-03  0.16793469E-03 -0.89898416E-06
  0.33890507E+01  0.12407447E-03  0.83548279E-04 -0.91339325E-06
  0.33897427E+01 -0.76648581E-06 -0.89573640E-06 -0.92768525E-06
  0.33904347E+01  0.32709113E-04 -0.34509087E-04 -0.17458341E-04
  0.33911267E+01  0.66170691E-04 -0.68108157E-04 -0.33985746E-04
  0.33918187E+01  0.99603884E-04 -0.10167856E-03 -0.50507007E-04
  0.33925107E+01  0.13299434E-03 -0.13520593E-03 -0.67019233E-04
  0.33932027E+01  0.16632770E-03 -0.16867588E-03 -0.83519540E-04
  0.33938947E+01  0.19958962E-03 -0.20207406E-03 -0.10000505E-03
  0.33945867E+01  0.23276580E-03 -0.23538613E-03 -0.11647289E-03
  0.33952787E+01  0.26584191E-03 -0.26859775E-03 -0.13292022E-03
  0.33959707E+01  0.29880368E-03 -0.30169463E-03 -0.14934416E-03
  0.33966628E+01  0.33163684E-03 -0.33466248E-03 -0.16574191E-03
  0.33973548E+01  0.36432714E-03 -0.36748704E-03 -0.18211063E-03
  0.33980468E+01  0.39686039E-03 -0.40015408E-03 -0.19844753E-03
  0.33987388E+01  0.42922240E-03 -0.43264941E-03 -0.21474983E-03
  0.33994308E+01  0.46139904E-03 -0.46495886E-03 -0.23101475E-03
  0.34001228E+01  0.49337620E-03 -0.49706832E-03 -0.24723957E-03
  0.34008148E+01  0.52513981E-03 -0.52896369E-03 -0.26342157E-03
  0.34015068E+01  0.55667585E-03 -0.56063095E-03 -0.27955806E-03
  0.34021988E+01  0.58797036E-03 -0.59205610E-03 -0.29564636E-03
  0.34028908E+01  0.61900940E-03 -0.62322520E-03 -0.31168385E-03
  0.34035828E+01  0.64977911E-03 -0.65412435E-03 -0.32766792E-03
  0.34042749E+01  0.68026567E-03 -0.68473973E-03 -0.34359599E-03
  0.34049669E+01  0.71045532E-03 -0.71505755E-03 -0.35946552E-03
  0.34056589E+01  0.74033437E-03 -0.74506411E-03 -0.37527400E-03
  0.34063509E+01  0.76988918E-03 -0.77474576E-03 -0.39101897E-03
  0.34070429E+01  0.79910619E-03 -0.80408891E-03 -0.40669798E-03
  0.34077349E+01  0.82797191E-03 -0.83308005E-03 -0.42230865E-03
  0.34084269E+01  0.85647290E-03 -0.86170575E-03 -0.43784862E-03
  0.34091189E+01  0.88459584E-03 -0.88995264E-03 -0.45331557E-03
  0.34098109E+01  0.91232744E-03 -0.91780744E-03 -0.46870723E-03
  0.34105029E+01  0.93965454E-03 -0.94525695E-03 -0.48402139E-03
  0.34111949E+01  0.96656403E-03 -0.97228807E-03 -0.49925585E-03
  0.34118870E+01  0.99304289E-03 -0.99888775E-03 -0.51440850E-03
  0.34125790E+01  0.10190782E-02 -0.10250431E-02 -0.52947724E-03
  0.34132710E+01  0.10446572E-02 -0.10507412E-02 -0.54446004E-03
  0.34139630E+01  0.10697671E-02 -0.10759694E-02 -0.55935492E-03
  0.34146550E+01  0.10943952E-02 -0.11007150E-02 -0.57415995E-03
  0.34153470E+01  0.11185291E-02 -0.11249655E-02 -0.58887325E-03
  0.34160390E+01  0.11421564E-02 -0.11487084E-02 -0.60349300E-03
  0.34167310E+01  0.11652647E-02 -0.11719315E-02 -0.61801744E-03
  0.34174230E+01  0.11878418E-02 -0.11946225E-02 -0.63244486E-03
  0.34181150E+01  0.12098757E-02 -0.12167693E-02 -0.64677360E-03
  0.34188070E+01  0.12313544E-02 -0.12383599E-02 -0.66100208E-03
  0.34194991E+01  0.12522661E-02 -0.12593826E-02 -0.67512876E-03
  0.34201911E+01  0.12725989E-02 -0.12798255E-02 -0.68915218E-03
  0.34208831E+01  0.12923415E-02 -0.12996772E-02 -0.70307093E-03
  0.34215751E+01  0.13114822E-02 -0.13189260E-02 -0.71688366E-03
  0.34222671E+01  0.13300099E-02 -0.13375607E-02 -0.73058909E-03
  0.34229591E+01  0.13479132E-02 -0.13555701E-02 -0.74418601E-03
  0.34236511E+01  0.13651812E-02 -0.13729431E-02 -0.75767327E-03
  0.34243431E+01  0.13818029E-02 -0.13896689E-02 -0.77104979E-03
  0.34250351E+01  0.13977676E-02 -0.14057366E-02 -0.78431455E-03
  0.34257271E+01  0.14130648E-02 -0.14211357E-02 -0.79746660E-03
  0.34264191E+01  0.14276838E-02 -0.14358556E-02 -0.81050507E-03
  0.34271112E+01  0.14416145E-02 -0.14498861E-02 -0.82342914E-03
  0.34278032E+01  0.14548467E-02 -0.14632171E-02 -0.83623807E-03
  0.34284952E+01  0.14673705E-02 -0.14758385E-02 -0.84893121E-03
  0.34291872E+01  0.14791760E-02 -0.14877405E-02 -0.86150795E-03
  0.34298792E+01  0.14902535E-02 -0.14989136E-02 -0.87396776E-03
  0.34305712E+01  0.15005937E-02 -0.15093481E-02 -0.88631019E-03
  0.34312632E+01  0.15101872E-02 -0.15190349E-02 -0.89853487E-03
  0.34319552E+01  0.15190250E-02 -0.15279648E-02 -0.91064147E-03
  0.34326472E+01  0.15270980E-02 -0.15361288E-02 -0.92262978E-03
  0.34333392E+01  0.15343975E-02 -0.15435183E-02 -0.93449962E-03
  0.34340312E+01  0.15409150E-02 -0.15501246E-02 -0.94625091E-03
  0.34347233E+01  0.15466421E-02 -0.15559393E-02 -0.95788363E-03
  0.34354153E+01  0.15515706E-02 -0.15609543E-02 -0.96939786E-03
  0.34361073E+01  0.15556926E-02 -0.15651616E-02 -0.98079371E-03
  0.34367993E+01  0.15590002E-02 -0.15685535E-02 -0.99207140E-03
  0.34374913E+01  0.15614859E-02 -0.15711223E-02 -0.10032312E-02
  0.34381833E+01  0.15631423E-02 -0.15728606E-02 -0.10142735E-02
  0.34388753E+01  0.15639622E-02 -0.15737613E-02 -0.10251987E-02
  0.34395673E+01  0.15639388E-02 -0.15738175E-02 -0.10360074E-02
  0.34402593E+01  0.15630652E-02 -0.15730224E-02 -0.10467000E-02
  0.34409513E+01  0.15613350E-02 -0.15713695E-02 -0.10572773E-02
  0.34416433E+01  0.15587418E-02 -0.15688525E-02 -0.10677400E-02
  0.34423354E+01  0.15552797E-02 -0.15654654E-02 -0.10780889E-02
  0.34430274E+01  0.15509427E-02 -0.15612022E-02 -0.10883249E-02
  0.34437194E+01  0.15457252E-02 -0.15560574E-02 -0.10984488E-02
  0.34444114E+01  0.15396219E-02 -0.15500256E-02 -0.11084618E-02
  0.34451034E+01  0.15326276E-02 -0.15431017E-02 -0.11183650E-02
  0.34457954E+01  0.15247374E-02 -0.15352808E-02 -0.11281594E-02
  0.34464874E+01  0.15159467E-02 -0.15265581E-02 -0.11378464E-02
  0.34471794E+01  0.15062510E-02 -0.15169294E-02 -0.11474272E-02
  0.34478714E+01  0.14956462E-02 -0.15063904E-02 -0.11569032E-02
  0.34485634E+01  0.14841284E-02 -0.14949372E-02 -0.11662758E-02
  0.34492554E+01  0.14716938E-02 -0.14825661E-02 -0.11755467E-02
  0.34499475E+01  0.14583391E-02 -0.14692737E-02 -0.11847173E-02
  0.34506395E+01  0.14440611E-02 -0.14550570E-02 -0.11937893E-02
  0.34513315E+01  0.14288569E-02 -0.14399129E-02 -0.12027644E-02
  0.34520235E+01  0.14127239E-02 -0.14238389E-02 -0.12116444E-02
  0.34527155E+01  0.13956597E-02 -0.14068325E-02 -0.12204311E-02
  0.34534075E+01  0.13776622E-02 -0.13888918E-02 -0.12291265E-02
  0.34540995E+01  0.13587296E-02 -0.13700148E-02 -0.12377325E-02
  0.34547915E+01  0.13388603E-02 -0.13502000E-02 -0.12462511E-02
  0.34554835E+01  0.13180530E-02 -0.13294461E-02 -0.12546845E-02
  0.34561755E+01  0.12963067E-02 -0.13077522E-02 -0.12630347E-02
  0.34568675E+01  0.12736206E-02 -0.12851173E-02 -0.12713041E-02
  0.34575595E+01  0.12499943E-02 -0.12615412E-02 -0.12794948E-02
  0.34582516E+01  0.12254276E-02 -0.12370236E-02 -0.12876092E-02
  0.34589436E+01  0.11999206E-02 -0.12115646E-02 -0.12956496E-02
  0.34596356E+01  0.11734736E-02 -0.11851646E-02 -0.13036185E-02
  0.34603276E+01  0.11460873E-02 -0.11578242E-02 -0.13115183E-02
  0.34610196E+01  0.11177627E-02 -0.11295445E-02 -0.13193516E-02
  0.34617116E+01  0.10885010E-02 -0.11003266E-02 -0.13271210E-02
  0.34624036E+01  0.10583036E-02 -0.10701721E-02 -0.13348291E-02
  0.34630956E+01  0.10271725E-02 -0.10390828E-02 -0.13424785E-02
  0.34637876E+01  0.99510964E-03 -0.10070607E-02 -0.13500719E-02
  0.34644796E+01  0.96211742E-03 -0.97410827E-03 -0.13576122E-02
  0.34651716E+01  0.92819852E-03 -0.94022818E-03 -0.13651021E-02
  0.34658637E+01  0.89335588E-03 -0.90542337E-03 -0.13725445E-02
  0.34665557E+01  0.85759274E-03 -0.86969709E-03 -0.13799421E-02
  0.34672477E+01  0.82091263E-03 -0.83305288E-03 -0.13872980E-02
  0.34679397E+01  0.78331936E-03 -0.79549456E-03 -0.13946151E-02
  0.34686317E+01  0.74481705E-03 -0.75702625E-03 -0.14018964E-02
  0.34693237E+01  0.70541006E-03 -0.71765234E-03 -0.14091447E-02
  0.34700157E+01  0.66510309E-03 -0.67737753E-03 -0.14163633E-02
  0.34707077E+01  0.62390109E-03 -0.63620678E-03 -0.14235552E-02
  0.34713997E+01  0.58180931E-03 -0.59414535E-03 -0.14307234E-02
  0.34720917E+01  0.53883328E-03 -0.55119878E-03 -0.14378710E-02
  0.34727837E+01  0.49497880E-03 -0.50737290E-03 -0.14450013E-02
  0.34734758E+01  0.45025198E-03 -0.46267380E-03 -0.14521173E-02
  0.34741678E+01  0.40465918E-03 -0.41710787E-03 -0.14592222E-02
  0.34748598E+01  0.35820705E-03 -0.37068177E-03 -0.14663192E-02
  0.34755518E+01  0.31090252E-03 -0.32340243E-03 -0.14734115E-02
  0.34762438E+01  0.26275276E-03 -0.27527706E-03 -0.14805023E-02
  0.34769358E+01  0.21376527E-03 -0.22631313E-03 -0.14875948E-02
  0.34776278E+01  0.16394775E-03 -0.17651839E-03 -0.14946923E-02
  0.34783198E+01  0.11330822E-03 -0.12590085E-03 -0.15017980E-02
  0.34790118E+01  0.61854934E-04 -0.74468778E-04 -0.15089151E-02
  0.34797038E+01  0.95964083E-05 -0.22230709E-04 -0.15160469E-02
  0.34803958E+01 -0.43458581E-04  0.30804572E-04 -0.15231966E-02
  0.34810879E+01 -0.97301006E-04  0.84628027E-04 -0.15303675E-02
  0.34817799E+01 -0.15192159E-03  0.13923037E-03 -0.15375627E-02
  0.34824719E+01 -0.20731082E-03  0.19460206E-03 -0.15447856E-02
  0.34831639E+01 -0.26345893E-03  0.25073334E-03 -0.15520392E-02
  0.34838559E+01 -0.32035592E-03  0.30761419E-03 -0.15593269E-02
  0.34845479E+01 -0.37799157E-03  0.36523437E-03 -0.15666518E-02
  0.34852399E+01 -0.43635542E-03  0.42358342E-03 -0.15740171E-02
  0.34859319E+01 -0.49543678E-03  0.48265064E-03 -0.15814259E-02
  0.34866239E+01 -0.55522476E-03  0.54242512E-03 -0.15888815E-02
  0.34873159E+01 -0.61570826E-03  0.60289573E-03 -0.15963869E-02
  0.34880079E+01 -0.67687594E-03  0.66405116E-03 -0.16039451E-02
  0.34887000E+01 -0.73871630E-03  0.72587987E-03 -0.16115594E-02
  0.34893920E+01 -0.80121761E-03  0.78837012E-03 -0.16192327E-02
  0.34900840E+01 -0.86436797E-03  0.85151001E-03 -0.16269680E-02
  0.34907760E+01 -0.92815528E-03  0.91528741E-03 -0.16347684E-02
  0.34914680E+01 -0.99256727E-03  0.97969006E-03 -0.16426367E-02
  0.34921600E+01 -0.10575915E-02  0.10447055E-02 -0.16505759E-02
  0.34928520E+01 -0.11232154E-02  0.11103211E-02 -0.16585889E-02
  0.34935440E+01 -0.11894261E-02  0.11765241E-02 -0.16666784E-02
  0.34942360E+01 -0.12562107E-02  0.12433015E-02 -0.16748474E-02
  0.34949280E+01 -0.13235562E-02  0.13106403E-02 -0.16830985E-02
  0.34956200E+01 -0.13914493E-02  0.13785272E-02 -0.16914345E-02
  0.34963121E+01 -0.14598768E-02  0.14469489E-02 -0.16998580E-02
  0.34970041E+01 -0.15288251E-02  0.15158919E-02 -0.17083715E-02
  0.34976961E+01 -0.15982806E-02  0.15853426E-02 -0.17169778E-02
  0.34983881E+01 -0.16682297E-02  0.16552873E-02 -0.17256793E-02
  0.34990801E+01 -0.17386585E-02  0.17257122E-02 -0.17344783E-02
  0.34997721E+01 -0.18095532E-02  0.17966034E-02 -0.17433775E-02
  0.35004641E+01 -0.18808997E-02  0.18679469E-02 -0.17523789E-02
  0.35011561E+01 -0.19526841E-02  0.19397285E-02 -0.17614850E-02
  0.35018481E+01 -0.20248921E-02  0.20119343E-02 -0.17706980E-02
  0.35025401E+01 -0.20975096E-02  0.20845499E-02 -0.17800200E-02
  0.35032321E+01 -0.21705222E-02  0.21575611E-02 -0.17894530E-02
  0.35039242E+01 -0.22439158E-02  0.22309535E-02 -0.17989992E-02
  0.35046162E+01 -0.23176759E-02  0.23047129E-02 -0.18086605E-02
  0.35053082E+01 -0.23917882E-02  0.23788247E-02 -0.18184386E-02
  0.35060002E+01 -0.24662383E-02  0.24532747E-02 -0.18283356E-02
  0.35066922E+01 -0.25410117E-02  0.25280484E-02 -0.18383530E-02
  0.35073842E+01 -0.26160941E-02  0.26031314E-02 -0.18484926E-02
  0.35080762E+01 -0.26914709E-02  0.26785091E-02 -0.18587559E-02
  0.35087682E+01 -0.27671279E-02  0.27541673E-02 -0.18691445E-02
  0.35094602E+01 -0.28430505E-02  0.28300914E-02 -0.18796598E-02
  0.35101522E+01 -0.29192244E-02  0.29062671E-02 -0.18903031E-02
  0.35108442E+01 -0.29956354E-02  0.29826802E-02 -0.19010757E-02
  0.35115363E+01 -0.30722690E-02  0.30593161E-02 -0.19119789E-02
  0.35122283E+01 -0.31491110E-02  0.31361608E-02 -0.19230137E-02
  0.35129203E+01 -0.32261473E-02  0.32132001E-02 -0.19341811E-02
  0.35136123E+01 -0.33033638E-02  0.32904197E-02 -0.19454821E-02
  0.35143043E+01 -0.33807464E-02  0.33678057E-02 -0.19569176E-02
  0.35149963E+01 -0.34582811E-02  0.34453440E-02 -0.19684883E-02
  0.35156883E+01 -0.35359540E-02  0.35230209E-02 -0.19801949E-02
  0.35163803E+01 -0.36137515E-02  0.36008225E-02 -0.19920380E-02
  0.35170723E+01 -0.36916599E-02  0.36787352E-02 -0.20040180E-02
  0.35177643E+01 -0.37696655E-02  0.37567455E-02 -0.20161355E-02
  0.35184563E+01 -0.38477551E-02  0.38348398E-02 -0.20283908E-02
  0.35191484E+01 -0.39259152E-02  0.39130049E-02 -0.20407840E-02
  0.35198404E+01 -0.40041328E-02  0.39912277E-02 -0.20533153E-02
  0.35205324E+01 -0.40823948E-02  0.40694952E-02 -0.20659847E-02
  0.35212244E+01 -0.41606884E-02  0.41477944E-02 -0.20787923E-02
  0.35219164E+01 -0.42390009E-02  0.42261127E-02 -0.20917379E-02
  0.35226084E+01 -0.43173198E-02  0.43044375E-02 -0.21048212E-02
  0.35233004E+01 -0.43956327E-02  0.43827565E-02 -0.21180419E-02
  0.35239924E+01 -0.44739274E-02  0.44610576E-02 -0.21313996E-02
  0.35246844E+01 -0.45521920E-02  0.45393287E-02 -0.21448939E-02
  0.35253764E+01 -0.46304146E-02  0.46175580E-02 -0.21585240E-02
  0.35260684E+01 -0.47085837E-02  0.46957339E-02 -0.21722893E-02
  0.35267605E+01 -0.47866879E-02  0.47738451E-02 -0.21861890E-02
  0.35274525E+01 -0.48647159E-02  0.48518803E-02 -0.22002222E-02
  0.35281445E+01 -0.49426569E-02  0.49298286E-02 -0.22143880E-02
  0.35288365E+01 -0.50205001E-02  0.50076793E-02 -0.22286851E-02
  0.35295285E+01 -0.50982350E-02  0.50854219E-02 -0.22431126E-02
  0.35302205E+01 -0.51758513E-02  0.51630459E-02 -0.22576690E-02
  0.35309125E+01 -0.52533390E-02  0.52405416E-02 -0.22723531E-02
  0.35316045E+01 -0.53306882E-02  0.53178989E-02 -0.22871634E-02
  0.35322965E+01 -0.54078895E-02  0.53951084E-02 -0.23020983E-02
  0.35329885E+01 -0.54849335E-02  0.54721607E-02 -0.23171563E-02
  0.35336805E+01 -0.55618111E-02  0.55490468E-02 -0.23323355E-02
  0.35343726E+01 -0.56385136E-02  0.56257580E-02 -0.23476342E-02
  0.35350646E+01 -0.57150325E-02  0.57022856E-02 -0.23630504E-02
  0.35357566E+01 -0.57913594E-02  0.57786215E-02 -0.23785822E-02
  0.35364486E+01 -0.58674864E-02  0.58547575E-02 -0.23942275E-02
  0.35371406E+01 -0.59434057E-02  0.59306861E-02 -0.24099840E-02
  0.35378326E+01 -0.60191100E-02  0.60063997E-02 -0.24258496E-02
  0.35385246E+01 -0.60945919E-02  0.60818911E-02 -0.24418219E-02
  0.35392166E+01 -0.61698447E-02  0.61571535E-02 -0.24578983E-02
  0.35399086E+01 -0.62448617E-02  0.62321801E-02 -0.24740765E-02
  0.35406006E+01 -0.63196364E-02  0.63069648E-02 -0.24903539E-02
  0.35412926E+01 -0.63941630E-02  0.63815014E-02 -0.25067276E-02
  0.35419847E+01 -0.64684355E-02  0.64557840E-02 -0.25231950E-02
  0.35426767E+01 -0.65424485E-02  0.65298073E-02 -0.25397532E-02
  0.35433687E+01 -0.66161968E-02  0.66035660E-02 -0.25563992E-02
  0.35440607E+01 -0.66896754E-02  0.66770551E-02 -0.25731302E-02
  0.35447527E+01 -0.67628796E-02  0.67502701E-02 -0.25899429E-02
  0.35454447E+01 -0.68358052E-02  0.68232065E-02 -0.26068342E-02
  0.35461367E+01 -0.69084479E-02  0.68958602E-02 -0.26238010E-02
  0.35468287E+01 -0.69808040E-02  0.69682274E-02 -0.26408398E-02
  0.35475207E+01 -0.70528700E-02  0.70403046E-02 -0.26579474E-02
  0.35482127E+01 -0.71246426E-02  0.71120886E-02 -0.26751203E-02
  0.35489047E+01 -0.71961188E-02  0.71835763E-02 -0.26923549E-02
  0.35495968E+01 -0.72672958E-02  0.72547651E-02 -0.27096477E-02
  0.35502888E+01 -0.73381714E-02  0.73256524E-02 -0.27269951E-02
  0.35509808E+01 -0.74087432E-02  0.73962362E-02 -0.27443934E-02
  0.35516728E+01 -0.74790095E-02  0.74665146E-02 -0.27618387E-02
  0.35523648E+01 -0.75489685E-02  0.75364859E-02 -0.27793272E-02
  0.35530568E+01 -0.76186188E-02  0.76061487E-02 -0.27968552E-02
  0.35537488E+01 -0.76879594E-02  0.76755019E-02 -0.28144186E-02
  0.35544408E+01 -0.77569894E-02  0.77445446E-02 -0.28320134E-02
  0.35551328E+01 -0.78257082E-02  0.78132762E-02 -0.28496357E-02
  0.35558248E+01 -0.78941153E-02  0.78816964E-02 -0.28672813E-02
  0.35565168E+01 -0.79622107E-02  0.79498050E-02 -0.28849460E-02
  0.35572089E+01 -0.80299943E-02  0.80176020E-02 -0.29026258E-02
  0.35579009E+01 -0.80974667E-02  0.80850879E-02 -0.29203163E-02
  0.35585929E+01 -0.81646282E-02  0.81522632E-02 -0.29380133E-02
  0.35592849E+01 -0.82314797E-02  0.82191286E-02 -0.29557124E-02
  0.35599769E+01 -0.82980222E-02  0.82856851E-02 -0.29734094E-02
  0.35606689E+01 -0.83642568E-02  0.83519339E-02 -0.29910998E-02
  0.35613609E+01 -0.84301849E-02  0.84178764E-02 -0.30087792E-02
  0.35620529E+01 -0.84958082E-02  0.84835143E-02 -0.30264432E-02
  0.35627449E+01 -0.85611283E-02  0.85488492E-02 -0.30440872E-02
  0.35634369E+01 -0.86261474E-02  0.86138832E-02 -0.30617068E-02
  0.35641289E+01 -0.86908675E-02  0.86786184E-02 -0.30792974E-02
  0.35648210E+01 -0.87552909E-02  0.87430571E-02 -0.30968545E-02
  0.35655130E+01 -0.88194201E-02  0.88072018E-02 -0.31143734E-02
  0.35662050E+01 -0.88832577E-02  0.88710551E-02 -0.31318497E-02
  0.35668970E+01 -0.89468066E-02  0.89346199E-02 -0.31492786E-02
  0.35675890E+01 -0.90100697E-02  0.89978990E-02 -0.31666555E-02
  0.35682810E+01 -0.90730500E-02  0.90608955E-02 -0.31839758E-02
  0.35689730E+01 -0.91357507E-02  0.91236126E-02 -0.32012349E-02
  0.35696650E+01 -0.91981751E-02  0.91860537E-02 -0.32184280E-02
  0.35703570E+01 -0.92603267E-02  0.92482222E-02 -0.32355505E-02
  0.35710490E+01 -0.93222090E-02  0.93101215E-02 -0.32525977E-02
  0.35717410E+01 -0.93838256E-02  0.93717554E-02 -0.32695650E-02
  0.35724331E+01 -0.94451803E-02  0.94331275E-02 -0.32864477E-02
  0.35731251E+01 -0.95062768E-02  0.94942417E-02 -0.33032411E-02
  0.35738171E+01 -0.95671191E-02  0.95551018E-02 -0.33199405E-02
  0.35745091E+01 -0.96277111E-02  0.96157118E-02 -0.33365413E-02
  0.35752011E+01 -0.96880567E-02  0.96760758E-02 -0.33530389E-02
  0.35758931E+01 -0.97481601E-02  0.97361976E-02 -0.33694285E-02
  0.35765851E+01 -0.98080254E-02  0.97960816E-02 -0.33857057E-02
  0.35772771E+01 -0.98676566E-02  0.98557317E-02 -0.34018657E-02
  0.35779691E+01 -0.99270580E-02  0.99151522E-02 -0.34179039E-02
  0.35786611E+01 -0.99862337E-02  0.99743472E-02 -0.34338159E-02
  0.35793531E+01 -0.10045188E-01  0.10033321E-01 -0.34495971E-02
  0.35800452E+01 -0.10103925E-01  0.10092078E-01 -0.34652429E-02
  0.35807372E+01 -0.10162449E-01  0.10150622E-01 -0.34807488E-02
  0.35814292E+01 -0.10220764E-01  0.10208957E-01 -0.34961104E-02
  0.35821212E+01 -0.10278874E-01  0.10267087E-01 -0.35113233E-02
  0.35828132E+01 -0.10336784E-01  0.10325018E-01 -0.35263829E-02
  0.35835052E+01 -0.10394497E-01  0.10382752E-01 -0.35412851E-02
  0.35841972E+01 -0.10452018E-01  0.10440294E-01 -0.35560253E-02
  0.35848892E+01 -0.10509350E-01  0.10497647E-01 -0.35705994E-02
  0.35855812E+01 -0.10566498E-01  0.10554817E-01 -0.35850030E-02
  0.35862732E+01 -0.10623465E-01  0.10611806E-01 -0.35992320E-02
  0.35869652E+01 -0.10680256E-01  0.10668618E-01 -0.36132822E-02
  0.35876573E+01 -0.10736874E-01  0.10725258E-01 -0.36271495E-02
  0.35883493E+01 -0.10793322E-01  0.10781728E-01 -0.36408297E-02
  0.35890413E+01 -0.10849604E-01  0.10838034E-01 -0.36543189E-02
  0.35897333E+01 -0.10905725E-01  0.10894177E-01 -0.36676130E-02
  0.35904253E+01 -0.10961686E-01  0.10950161E-01 -0.36807082E-02
  0.35911173E+01 -0.11017492E-01  0.11005990E-01 -0.36936006E-02
  0.35918093E+01 -0.11073145E-01  0.11061667E-01 -0.37062863E-02
  0.35925013E+01 -0.11128649E-01  0.11117194E-01 -0.37187616E-02
  0.35931933E+01 -0.11184006E-01  0.11172575E-01 -0.37310228E-02
  0.35938853E+01 -0.11239220E-01  0.11227813E-01 -0.37430663E-02
  0.35945773E+01 -0.11294292E-01  0.11282909E-01 -0.37548885E-02
  0.35952694E+01 -0.11349226E-01  0.11337867E-01 -0.37664858E-02
  0.35959614E+01 -0.11404023E-01  0.11392689E-01 -0.37778549E-02
  0.35966534E+01 -0.11458687E-01  0.11447377E-01 -0.37889923E-02
  0.35973454E+01 -0.11513218E-01  0.11501934E-01 -0.37998947E-02
  0.35980374E+01 -0.11567619E-01  0.11556360E-01 -0.38105589E-02
  0.35987294E+01 -0.11621892E-01  0.11610658E-01 -0.38209817E-02
  0.35994214E+01 -0.11676038E-01  0.11664829E-01 -0.38311600E-02
  0.36001134E+01 -0.11730058E-01  0.11718875E-01 -0.38410907E-02
  0.36008054E+01 -0.11783954E-01  0.11772797E-01 -0.38507709E-02
  0.36014974E+01 -0.11837727E-01  0.11826596E-01 -0.38601977E-02
  0.36021894E+01 -0.11891377E-01  0.11880273E-01 -0.38693684E-02
  0.36028815E+01 -0.11944905E-01  0.11933828E-01 -0.38782800E-02
  0.36035735E+01 -0.11998313E-01  0.11987262E-01 -0.38869301E-02
  0.36042655E+01 -0.12051599E-01  0.12040575E-01 -0.38953160E-02
  0.36049575E+01 -0.12104764E-01  0.12093767E-01 -0.39034352E-02
  0.36056495E+01 -0.12157809E-01  0.12146839E-01 -0.39112854E-02
  0.36063415E+01 -0.12210732E-01  0.12199789E-01 -0.39188640E-02
  0.36070335E+01 -0.12263534E-01  0.12252618E-01 -0.39261690E-02
  0.36077255E+01 -0.12316213E-01  0.12305325E-01 -0.39331980E-02
  0.36084175E+01 -0.12368769E-01  0.12357909E-01 -0.39399491E-02
  0.36091095E+01 -0.12421201E-01  0.12410369E-01 -0.39464202E-02
  0.36098015E+01 -0.12473508E-01  0.12462704E-01 -0.39526093E-02
  0.36104936E+01 -0.12525688E-01  0.12514912E-01 -0.39585147E-02
  0.36111856E+01 -0.12577739E-01  0.12566991E-01 -0.39641345E-02
  0.36118776E+01 -0.12629660E-01  0.12618941E-01 -0.39694671E-02
  0.36125696E+01 -0.12681449E-01  0.12670758E-01 -0.39745108E-02
  0.36132616E+01 -0.12733103E-01  0.12722441E-01 -0.39792642E-02
  0.36139536E+01 -0.12784621E-01  0.12773988E-01 -0.39837259E-02
  0.36146456E+01 -0.12835999E-01  0.12825395E-01 -0.39878945E-02
  0.36153376E+01 -0.12887235E-01  0.12876660E-01 -0.39917687E-02
  0.36160296E+01 -0.12938326E-01  0.12927780E-01 -0.39953474E-02
  0.36167216E+01 -0.12989269E-01  0.12978752E-01 -0.39986294E-02
  0.36174136E+01 -0.13040060E-01  0.13029573E-01 -0.40016139E-02
  0.36181057E+01 -0.13090697E-01  0.13080239E-01 -0.40042998E-02
  0.36187977E+01 -0.13141175E-01  0.13130746E-01 -0.40066864E-02
  0.36194897E+01 -0.13191490E-01  0.13181091E-01 -0.40087728E-02
  0.36201817E+01 -0.13241640E-01  0.13231271E-01 -0.40105585E-02
  0.36208737E+01 -0.13291619E-01  0.13281279E-01 -0.40120429E-02
  0.36215657E+01 -0.13341423E-01  0.13331114E-01 -0.40132254E-02
  0.36222577E+01 -0.13391049E-01  0.13380769E-01 -0.40141057E-02
  0.36229497E+01 -0.13440491E-01  0.13430241E-01 -0.40146834E-02
  0.36236417E+01 -0.13489744E-01  0.13479524E-01 -0.40149583E-02
  0.36243337E+01 -0.13538804E-01  0.13528614E-01 -0.40149303E-02
  0.36250257E+01 -0.13587666E-01  0.13577506E-01 -0.40145991E-02
  0.36257178E+01 -0.13636325E-01  0.13626195E-01 -0.40139650E-02
  0.36264098E+01 -0.13684775E-01  0.13674676E-01 -0.40130279E-02
  0.36271018E+01 -0.13733011E-01  0.13722942E-01 -0.40117879E-02
  0.36277938E+01 -0.13781028E-01  0.13770989E-01 -0.40102454E-02
  0.36284858E+01 -0.13828820E-01  0.13818812E-01 -0.40084007E-02
  0.36291778E+01 -0.13876382E-01  0.13866403E-01 -0.40062541E-02
  0.36298698E+01 -0.13923707E-01  0.13913759E-01 -0.40038061E-02
  0.36305618E+01 -0.13970789E-01  0.13960872E-01 -0.40010573E-02
  0.36312538E+01 -0.14017624E-01  0.14007737E-01 -0.39980083E-02
  0.36319458E+01 -0.14064205E-01  0.14054348E-01 -0.39946598E-02
  0.36326378E+01 -0.14110525E-01  0.14100698E-01 -0.39910125E-02
  0.36333299E+01 -0.14156579E-01  0.14146782E-01 -0.39870674E-02
  0.36340219E+01 -0.14202360E-01  0.14192594E-01 -0.39828253E-02
  0.36347139E+01 -0.14247862E-01  0.14238126E-01 -0.39782871E-02
  0.36354059E+01 -0.14293079E-01  0.14283374E-01 -0.39734541E-02
  0.36360979E+01 -0.14338005E-01  0.14328330E-01 -0.39683272E-02
  0.36367899E+01 -0.14382633E-01  0.14372988E-01 -0.39629076E-02
  0.36374819E+01 -0.14426956E-01  0.14417342E-01 -0.39571967E-02
  0.36381739E+01 -0.14470969E-01  0.14461385E-01 -0.39511956E-02
  0.36388659E+01 -0.14514665E-01  0.14505111E-01 -0.39449059E-02
  0.36395579E+01 -0.14558038E-01  0.14548514E-01 -0.39383289E-02
  0.36402499E+01 -0.14601080E-01  0.14591586E-01 -0.39314661E-02
  0.36409420E+01 -0.14643786E-01  0.14634322E-01 -0.39243191E-02
  0.36416340E+01 -0.14686150E-01  0.14676716E-01 -0.39168895E-02
  0.36423260E+01 -0.14728164E-01  0.14718760E-01 -0.39091790E-02
  0.36430180E+01 -0.14769823E-01  0.14760449E-01 -0.39011892E-02
  0.36437100E+01 -0.14811120E-01  0.14801776E-01 -0.38929221E-02
  0.36444020E+01 -0.51315411E-02  0.51332649E-02 -0.22283666E-02
  0.36450940E+01 -0.51376293E-02  0.51393631E-02 -0.22124703E-02
  0.36457860E+01 -0.51435958E-02  0.51453395E-02 -0.21963769E-02
  0.36464780E+01 -0.51494360E-02  0.51511892E-02 -0.21800876E-02
  0.36471700E+01 -0.51551455E-02  0.51569079E-02 -0.21636038E-02
  0.36478620E+01 -0.51607197E-02  0.51624910E-02 -0.21469270E-02
  0.36485541E+01 -0.51661542E-02  0.51679340E-02 -0.21300586E-02
  0.36492461E+01 -0.51714446E-02  0.51732327E-02 -0.21130001E-02
  0.36499381E+01 -0.51765867E-02  0.51783828E-02 -0.20957532E-02
  0.36506301E+01 -0.51815763E-02  0.51833802E-02 -0.20783193E-02
  0.36513221E+01 -0.51864094E-02  0.51882207E-02 -0.20607002E-02
  0.36520141E+01 -0.51910821E-02  0.51929005E-02 -0.20428974E-02
  0.36527061E+01 -0.51955904E-02  0.51974157E-02 -0.20249128E-02
  0.36533981E+01 -0.51999307E-02  0.52017624E-02 -0.20067479E-02
  0.36540901E+01 -0.52040992E-02  0.52059373E-02 -0.19884047E-02
  0.36547821E+01 -0.52080926E-02  0.52099366E-02 -0.19698849E-02
  0.36554741E+01 -0.52119075E-02  0.52137572E-02 -0.19511903E-02
  0.36561662E+01 -0.52155406E-02  0.52173957E-02 -0.19323228E-02
  0.36568582E+01 -0.52189889E-02  0.52208490E-02 -0.19132843E-02
  0.36575502E+01 -0.52222494E-02  0.52241143E-02 -0.18940767E-02
  0.36582422E+01 -0.52253193E-02  0.52271887E-02 -0.18747018E-02
  0.36589342E+01 -0.52281959E-02  0.52300697E-02 -0.18551617E-02
  0.36596262E+01 -0.52308769E-02  0.52327546E-02 -0.18354584E-02
  0.36603182E+01 -0.52333597E-02  0.52352411E-02 -0.18155937E-02
  0.36610102E+01 -0.52356423E-02  0.52375272E-02 -0.17955697E-02
  0.36617022E+01 -0.52377227E-02  0.52396107E-02 -0.17753885E-02
  0.36623942E+01 -0.52395990E-02  0.52414899E-02 -0.17550520E-02
  0.36630862E+01 -0.52412695E-02  0.52431631E-02 -0.17345624E-02
  0.36637782E+01 -0.52427328E-02  0.52446287E-02 -0.17139215E-02
  0.36644703E+01 -0.52439875E-02  0.52458856E-02 -0.16931316E-02
  0.36651623E+01 -0.52450324E-02  0.52469324E-02 -0.16721946E-02
  0.36658543E+01 -0.52458667E-02  0.52477683E-02 -0.16511126E-02
  0.36665463E+01 -0.52464894E-02  0.52483924E-02 -0.16298878E-02
  0.36672383E+01 -0.52469001E-02  0.52488042E-02 -0.16085221E-02
  0.36679303E+01 -0.52470982E-02  0.52490033E-02 -0.15870177E-02
  0.36686223E+01 -0.52470836E-02  0.52489893E-02 -0.15653766E-02
  0.36693143E+01 -0.52468561E-02  0.52487623E-02 -0.15436009E-02
  0.36700063E+01 -0.52464159E-02  0.52483224E-02 -0.15216926E-02
  0.36706983E+01 -0.52457633E-02  0.52476698E-02 -0.14996539E-02
  0.36713903E+01 -0.52448988E-02  0.52468051E-02 -0.14774867E-02
  0.36720824E+01 -0.52438231E-02  0.52457290E-02 -0.14551932E-02
  0.36727744E+01 -0.52425370E-02  0.52444423E-02 -0.14327753E-02
  0.36734664E+01 -0.52410415E-02  0.52429460E-02 -0.14102350E-02
  0.36741584E+01 -0.52393378E-02  0.52412413E-02 -0.13875745E-02
  0.36748504E+01 -0.52374275E-02  0.52393298E-02 -0.13647956E-02
  0.36755424E+01 -0.52353119E-02  0.52372129E-02 -0.13419004E-02
  0.36762344E+01 -0.52329929E-02  0.52348924E-02 -0.13188908E-02
  0.36769264E+01 -0.52304724E-02  0.52323702E-02 -0.12957687E-02
  0.36776184E+01 -0.52277525E-02  0.52296484E-02 -0.12725362E-02
  0.36783104E+01 -0.52248354E-02  0.52267293E-02 -0.12491951E-02
  0.36790024E+01 -0.52217236E-02  0.52236153E-02 -0.12257472E-02
  0.36796945E+01 -0.52184196E-02  0.52203090E-02 -0.12021945E-02
  0.36803865E+01 -0.52149262E-02  0.52168131E-02 -0.11785387E-02
  0.36810785E+01 -0.52112463E-02  0.52131306E-02 -0.11547817E-02
  0.36817705E+01 -0.52073829E-02  0.52092645E-02 -0.11309254E-02
  0.36824625E+01 -0.52033393E-02  0.52052180E-02 -0.11069713E-02
  0.36831545E+01 -0.51991187E-02  0.52009944E-02 -0.10829213E-02
  0.36838465E+01 -0.51947247E-02  0.51965973E-02 -0.10587771E-02
  0.36845385E+01 -0.51901608E-02  0.51920303E-02 -0.10345402E-02
  0.36852305E+01 -0.51854308E-02  0.51872971E-02 -0.10102125E-02
  0.36859225E+01 -0.51805387E-02  0.51824015E-02 -0.98579539E-03
  0.36866145E+01 -0.51754883E-02  0.51773477E-02 -0.96129053E-03
  0.36873066E+01 -0.51702838E-02  0.51721397E-02 -0.93669945E-03
  0.36879986E+01 -0.51649294E-02  0.51667817E-02 -0.91202365E-03
  0.36886906E+01 -0.51594295E-02  0.51612781E-02 -0.88726459E-03
  0.36893826E+01 -0.51537884E-02  0.51556333E-02 -0.86242369E-03
  0.36900746E+01 -0.51480106E-02  0.51498518E-02 -0.83750235E-03
  0.36907666E+01 -0.51421009E-02  0.51439383E-02 -0.81250193E-03
  0.36914586E+01 -0.51360638E-02  0.51378974E-02 -0.78742373E-03
  0.36921506E+01 -0.51299042E-02  0.51317339E-02 -0.76226902E-03
  0.36928426E+01 -0.51236268E-02  0.51254526E-02 -0.73703905E-03
  0.36935346E+01 -0.51172366E-02  0.51190585E-02 -0.71173501E-03
  0.36942266E+01 -0.51107384E-02  0.51125565E-02 -0.68635804E-03
  0.36949187E+01 -0.51041374E-02  0.51059516E-02 -0.66090925E-03
  0.36956107E+01 -0.50974386E-02  0.50992489E-02 -0.63538972E-03
  0.36963027E+01 -0.50906470E-02  0.50924535E-02 -0.60980046E-03
  0.36969947E+01 -0.50837678E-02  0.50855704E-02 -0.58414246E-03
  0.36976867E+01 -0.50768061E-02  0.50786049E-02 -0.55841665E-03
  0.36983787E+01 -0.50697670E-02  0.50715621E-02 -0.53262392E-03
  0.36990707E+01 -0.50626558E-02  0.50644471E-02 -0.50676513E-03
  0.36997627E+01 -0.50554776E-02  0.50572653E-02 -0.48084107E-03
  0.37004547E+01 -0.50482375E-02  0.50500216E-02 -0.45485250E-03
  0.37011467E+01 -0.50409408E-02  0.50427214E-02 -0.42880013E-03
  0.37018387E+01 -0.50335926E-02  0.50353697E-02 -0.40268464E-03
  0.37025308E+01 -0.50261980E-02  0.50279718E-02 -0.37650663E-03
  0.37032228E+01 -0.50187621E-02  0.50205326E-02 -0.35026670E-03
  0.37039148E+01 -0.50112899E-02  0.50130572E-02 -0.32396536E-03
  0.37046068E+01 -0.50037866E-02  0.50055508E-02 -0.29760310E-03
  0.37052988E+01 -0.49962569E-02  0.49980181E-02 -0.27118036E-03
  0.37059908E+01 -0.49887059E-02  0.49904643E-02 -0.24469752E-03
  0.37066828E+01 -0.49811384E-02  0.49828940E-02 -0.21815493E-03
  0.37073748E+01 -0.49735591E-02  0.49753122E-02 -0.19155290E-03
  0.37080668E+01 -0.49659728E-02  0.49677234E-02 -0.16489166E-03
  0.37087588E+01 -0.49583841E-02  0.49601324E-02 -0.13817143E-03
  0.37094508E+01 -0.49507975E-02  0.49525437E-02 -0.11139238E-03
  0.37101429E+01 -0.49432174E-02  0.49449616E-02 -0.84554603E-04
  0.37108349E+01 -0.49356482E-02  0.49373906E-02 -0.57658181E-04
  0.37115269E+01 -0.49280942E-02  0.49298349E-02 -0.30703137E-04
  0.37122189E+01 -0.49205593E-02  0.49222986E-02 -0.36894498E-05
  0.37129109E+01 -0.49130478E-02  0.49147858E-02  0.23382947E-04
  0.37136029E+01 -0.49055633E-02  0.49073003E-02  0.50514163E-04
  0.37142949E+01 -0.48981098E-02  0.48998458E-02  0.77704352E-04
  0.37149869E+01 -0.48906907E-02  0.48924261E-02  0.10495371E-03
  0.37156789E+01 -0.48833096E-02  0.48850446E-02  0.13226249E-03
  0.37163709E+01 -0.48759699E-02  0.48777046E-02  0.15963096E-03
  0.37170629E+01 -0.48686747E-02  0.48704094E-02  0.18705945E-03
  0.37177550E+01 -0.48614271E-02  0.48631620E-02  0.21454834E-03
  0.37184470E+01 -0.48542299E-02  0.48559653E-02  0.24209803E-03
  0.37191390E+01 -0.48470859E-02  0.48488221E-02  0.26970897E-03
  0.37198310E+01 -0.48399978E-02  0.48417349E-02  0.29738167E-03
  0.37205230E+01 -0.48329678E-02  0.48347061E-02  0.32511664E-03
  0.37212150E+01 -0.48259982E-02  0.48277380E-02  0.35291447E-03
  0.37219070E+01 -0.48190911E-02  0.48208326E-02  0.38077576E-03
  0.37225990E+01 -0.48122483E-02  0.48139919E-02  0.40870116E-03
  0.37232910E+01 -0.48054716E-02  0.48072175E-02  0.43669137E-03
  0.37239830E+01 -0.47987625E-02  0.48005110E-02  0.46474709E-03
  0.37246750E+01 -0.47921223E-02  0.47938738E-02  0.49286911E-03
  0.37253671E+01 -0.47855523E-02  0.47873069E-02  0.52105820E-03
  0.37260591E+01 -0.47790533E-02  0.47808113E-02  0.54931521E-03
  0.37267511E+01 -0.47726261E-02  0.47743880E-02  0.57764100E-03
  0.37274431E+01 -0.47662714E-02  0.47680374E-02  0.60603647E-03
  0.37281351E+01 -0.47599895E-02  0.47617599E-02  0.63450254E-03
  0.37288271E+01 -0.47537807E-02  0.47555558E-02  0.66304020E-03
  0.37295191E+01 -0.47476450E-02  0.47494251E-02  0.69165042E-03
  0.37302111E+01 -0.47415821E-02  0.47433677E-02  0.72033425E-03
  0.37309031E+01 -0.47355918E-02  0.47373831E-02  0.74909273E-03
  0.37315951E+01 -0.47296735E-02  0.47314708E-02  0.77792695E-03
  0.37322871E+01 -0.47238264E-02  0.47256302E-02  0.80683802E-03
  0.37329792E+01 -0.47180496E-02  0.47198601E-02  0.83582709E-03
  0.37336712E+01 -0.47123420E-02  0.47141596E-02  0.86489533E-03
  0.37343632E+01 -0.47067022E-02  0.47085272E-02  0.89404392E-03
  0.37350552E+01 -0.47011287E-02  0.47029616E-02  0.92327408E-03
  0.37357472E+01 -0.46956199E-02  0.46974609E-02  0.95258707E-03
  0.37364392E+01 -0.46901739E-02  0.46920234E-02  0.98198414E-03
  0.37371312E+01 -0.46847886E-02  0.46866469E-02  0.10114666E-02
  0.37378232E+01 -0.46794617E-02  0.46813294E-02  0.10410357E-02
  0.37385152E+01 -0.46741909E-02  0.46760682E-02  0.10706928E-02
  0.37392072E+01 -0.46689736E-02  0.46708609E-02  0.11004393E-02
  0.37398992E+01 -0.46638071E-02  0.46657047E-02  0.11302765E-02
  0.37405913E+01 -0.46586883E-02  0.46605967E-02  0.11602059E-02
  0.37412833E+01 -0.46536142E-02  0.46555337E-02  0.11902287E-02
  0.37419753E+01 -0.46485816E-02  0.46505127E-02  0.12203465E-02
  0.37426673E+01 -0.46435871E-02  0.46455300E-02  0.12505607E-02
  0.37433593E+01 -0.46386271E-02  0.46405823E-02  0.12808727E-02
  0.37440513E+01 -0.46336979E-02  0.46356658E-02  0.13112839E-02
  0.37447433E+01 -0.46287956E-02  0.46307766E-02  0.13417959E-02
  0.37454353E+01 -0.46239163E-02  0.46259108E-02  0.13724102E-02
  0.37461273E+01 -0.46190559E-02  0.46210642E-02  0.14031282E-02
  0.37468193E+01 -0.46142102E-02  0.46162327E-02  0.14339515E-02
  0.37475113E+01 -0.46093747E-02  0.46114118E-02  0.14648815E-02
  0.37482034E+01 -0.46045449E-02  0.46065971E-02  0.14959199E-02
  0.37488954E+01 -0.45997164E-02  0.46017840E-02  0.15270680E-02
  0.37495874E+01 -0.45948844E-02  0.45969678E-02  0.15583275E-02
  0.37502794E+01 -0.45900440E-02  0.45921437E-02  0.15896999E-02
  0.37509714E+01 -0.45851905E-02  0.45873068E-02  0.16211868E-02
  0.37516634E+01 -0.45803187E-02  0.45824520E-02  0.16527897E-02
  0.37523554E+01 -0.45754238E-02  0.45775745E-02  0.16845102E-02
  0.37530474E+01 -0.45705005E-02  0.45726690E-02  0.17163497E-02
  0.37537394E+01 -0.45655436E-02  0.45677303E-02  0.17483100E-02
  0.37544314E+01 -0.45605479E-02  0.45627532E-02  0.17803925E-02
  0.37551234E+01 -0.45555081E-02  0.45577324E-02  0.18125988E-02
  0.37558155E+01 -0.45504187E-02  0.45526624E-02  0.18449305E-02
  0.37565075E+01 -0.45452745E-02  0.45475380E-02  0.18773891E-02
  0.37571995E+01 -0.45400699E-02  0.45423535E-02  0.19099762E-02
  0.37578915E+01 -0.45347995E-02  0.45371037E-02  0.19426932E-02
  0.37585835E+01 -0.45294578E-02  0.45317830E-02  0.19755419E-02
  0.37592755E+01 -0.45240393E-02  0.45263858E-02  0.20085237E-02
  0.37599675E+01 -0.45185386E-02  0.45209068E-02  0.20416401E-02
  0.37606595E+01 -0.45129500E-02  0.45153404E-02  0.20748928E-02
  0.37613515E+01 -0.45072682E-02  0.45096810E-02  0.21082831E-02
  0.37620435E+01 -0.45014876E-02  0.45039234E-02  0.21418127E-02
  0.37627355E+01 -0.44956029E-02  0.44980618E-02  0.21754830E-02
  0.37634276E+01 -0.44896085E-02  0.44920911E-02  0.22092955E-02
  0.37641196E+01 -0.44834992E-02  0.44860057E-02  0.22432518E-02
  0.37648116E+01 -0.44772695E-02  0.44798004E-02  0.22773533E-02
  0.37655036E+01 -0.44709142E-02  0.44734698E-02  0.23116014E-02
  0.37661956E+01 -0.44644280E-02  0.44670087E-02  0.23459977E-02
  0.37668876E+01 -0.44578059E-02  0.44604120E-02  0.23805436E-02
  0.37675796E+01 -0.44510426E-02  0.44536746E-02  0.24152405E-02
  0.37682716E+01 -0.44441333E-02  0.44467914E-02  0.24500898E-02
  0.37689636E+01 -0.44370730E-02  0.44397576E-02  0.24850930E-02
  0.37696556E+01 -0.44298568E-02  0.44325682E-02  0.25202514E-02
  0.37703476E+01 -0.44224800E-02  0.44252186E-02  0.25555664E-02
  0.37710397E+01 -0.44149380E-02  0.44177042E-02  0.25910394E-02
  0.37717317E+01 -0.44072264E-02  0.44100203E-02  0.26266717E-02
  0.37724237E+01 -0.43993406E-02  0.44021627E-02  0.26624646E-02
  0.37731157E+01 -0.43912764E-02  0.43941270E-02  0.26984196E-02
  0.37738077E+01 -0.43830297E-02  0.43859091E-02  0.27345378E-02
  0.37744997E+01 -0.43745964E-02  0.43775050E-02  0.27708206E-02
  0.37751917E+01 -0.43659728E-02  0.43689108E-02  0.28072692E-02
  0.37758837E+01 -0.43571551E-02  0.43601228E-02  0.28438848E-02
  0.37765757E+01 -0.43481396E-02  0.43511374E-02  0.28806687E-02
  0.37772677E+01 -0.43389231E-02  0.43419512E-02  0.29176222E-02
  0.37779597E+01 -0.43295022E-02  0.43325610E-02  0.29547463E-02
  0.37786518E+01 -0.43198739E-02  0.43229635E-02  0.29920423E-02
  0.37793438E+01 -0.43100352E-02  0.43131560E-02  0.30295113E-02
  0.37800358E+01 -0.42999834E-02  0.43031357E-02  0.30671544E-02
  0.37807278E+01 -0.42897160E-02  0.42928999E-02  0.31049728E-02
  0.37814198E+01 -0.42792305E-02  0.42824464E-02  0.31429675E-02
  0.37821118E+01 -0.42685248E-02  0.42717729E-02  0.31811396E-02
  0.37828038E+01 -0.42575968E-02  0.42608773E-02  0.32194902E-02
  0.37834958E+01 -0.42464447E-02  0.42497579E-02  0.32580203E-02
  0.37841878E+01 -0.42350670E-02  0.42384131E-02  0.32967309E-02
  0.37848798E+01 -0.42234621E-02  0.42268413E-02  0.33356229E-02
  0.37855718E+01 -0.42116288E-02  0.42150414E-02  0.33746974E-02
  0.37862639E+01 -0.41995662E-02  0.42030123E-02  0.34139553E-02
  0.37869559E+01 -0.41872733E-02  0.41907533E-02  0.34533975E-02
  0.37876479E+01 -0.41747496E-02  0.41782635E-02  0.34930249E-02
  0.37883399E+01 -0.41619947E-02  0.41655428E-02  0.35328383E-02
  0.37890319E+01 -0.41490083E-02  0.41525907E-02  0.35728387E-02
  0.37897239E+01 -0.41357904E-02  0.41394074E-02  0.36130269E-02
  0.37904159E+01 -0.41223413E-02  0.41259929E-02  0.36534037E-02
  0.37911079E+01 -0.41086614E-02  0.41123479E-02  0.36939698E-02
  0.37917999E+01 -0.40947513E-02  0.40984727E-02  0.37347260E-02
  0.37924919E+01 -0.40806118E-02  0.40843683E-02  0.37756732E-02
  0.37931839E+01 -0.40662439E-02  0.40700357E-02  0.38168119E-02
  0.37938760E+01 -0.40516489E-02  0.40554761E-02  0.38581429E-02
  0.37945680E+01 -0.40368283E-02  0.40406910E-02  0.38996669E-02
  0.37952600E+01 -0.40217837E-02  0.40256821E-02  0.39413846E-02
  0.37959520E+01 -0.40065170E-02  0.40104511E-02  0.39832965E-02
  0.37966440E+01 -0.39910302E-02  0.39950001E-02  0.40254033E-02
  0.37973360E+01 -0.39753256E-02  0.39793314E-02  0.40677056E-02
  0.37980280E+01 -0.39594056E-02  0.39634474E-02  0.41102038E-02
  0.37987200E+01 -0.39432729E-02  0.39473507E-02  0.41528987E-02
  0.37994120E+01 -0.39269304E-02  0.39310442E-02  0.41957907E-02
  0.38001040E+01 -0.39103809E-02  0.39145309E-02  0.42388803E-02
  0.38007960E+01 -0.38936278E-02  0.38978141E-02  0.42821680E-02
  0.38014881E+01 -0.38766745E-02  0.38808969E-02  0.43256543E-02
  0.38021801E+01 -0.38595244E-02  0.38637831E-02  0.43693395E-02
  0.38028721E+01 -0.38421814E-02  0.38464764E-02  0.44132242E-02
  0.38035641E+01 -0.38246494E-02  0.38289806E-02  0.44573087E-02
  0.38042561E+01 -0.38069323E-02  0.38112998E-02  0.45015933E-02
  0.38049481E+01 -0.37890345E-02  0.37934383E-02  0.45460786E-02
  0.38056401E+01 -0.37709604E-02  0.37754004E-02  0.45907647E-02
  0.38063321E+01 -0.37527144E-02  0.37571906E-02  0.46356520E-02
  0.38070241E+01 -0.37343012E-02  0.37388136E-02  0.46807408E-02
  0.38077161E+01 -0.37157257E-02  0.37202742E-02  0.47260314E-02
  0.38084081E+01 -0.36969928E-02  0.37015774E-02  0.47715240E-02
  0.38091002E+01 -0.36781075E-02  0.36827282E-02  0.48172189E-02
  0.38097922E+01 -0.36590752E-02  0.36637317E-02  0.48631163E-02
  0.38104842E+01 -0.36399010E-02  0.36445934E-02  0.49092163E-02
  0.38111762E+01 -0.36205904E-02  0.36253185E-02  0.49555193E-02
  0.38118682E+01 -0.36011488E-02  0.36059126E-02  0.50020253E-02
  0.38125602E+01 -0.35815821E-02  0.35863814E-02  0.50487345E-02
  0.38132522E+01 -0.35618957E-02  0.35667304E-02  0.50956470E-02
  0.38139442E+01 -0.35420955E-02  0.35469655E-02  0.51427629E-02
  0.38146362E+01 -0.35221874E-02  0.35270925E-02  0.51900823E-02
  0.38153282E+01 -0.35021772E-02  0.35071174E-02  0.52376053E-02
  0.38160202E+01 -0.34820710E-02  0.34870460E-02  0.52853320E-02
  0.38167123E+01 -0.34618748E-02  0.34668845E-02  0.53332623E-02
  0.38174043E+01 -0.34415947E-02  0.34466388E-02  0.53813964E-02
  0.38180963E+01 -0.34212367E-02  0.34263152E-02  0.54297342E-02
  0.38187883E+01 -0.34008071E-02  0.34059197E-02  0.54782757E-02
  0.38194803E+01 -0.33803120E-02  0.33854585E-02  0.55270208E-02
  0.38201723E+01 -0.33597576E-02  0.33649377E-02  0.55759696E-02
  0.38208643E+01 -0.33391501E-02  0.33443637E-02  0.56251221E-02
  0.38215563E+01 -0.33184956E-02  0.33237425E-02  0.56744780E-02
  0.38222483E+01 -0.32978004E-02  0.33030803E-02  0.57240373E-02
  0.38229403E+01 -0.32770707E-02  0.32823833E-02  0.57738000E-02
  0.38236323E+01 -0.32563125E-02  0.32616576E-02  0.58237659E-02
  0.38243244E+01 -0.32355321E-02  0.32409093E-02  0.58739349E-02
  0.38250164E+01 -0.32147354E-02  0.32201446E-02  0.59243068E-02
  0.38257084E+01 -0.31939285E-02  0.31993694E-02  0.59748815E-02
  0.38264004E+01 -0.31731174E-02  0.31785897E-02  0.60256588E-02
  0.38270924E+01 -0.31523081E-02  0.31578114E-02  0.60766385E-02
  0.38277844E+01 -0.31315063E-02  0.31370403E-02  0.61278204E-02
  0.38284764E+01 -0.31107179E-02  0.31162823E-02  0.61792044E-02
  0.38291684E+01 -0.30899485E-02  0.30955430E-02  0.62307901E-02
  0.38298604E+01 -0.30692037E-02  0.30748281E-02  0.62825773E-02
  0.38305524E+01 -0.30484892E-02  0.30541430E-02  0.63345659E-02
  0.38312444E+01 -0.30278102E-02  0.30334931E-02  0.63867554E-02
  0.38319365E+01 -0.30071721E-02  0.30128837E-02  0.64391457E-02
  0.38326285E+01 -0.29865801E-02  0.29923200E-02  0.64917365E-02
  0.38333205E+01 -0.29660393E-02  0.29718071E-02  0.65445274E-02
  0.38340125E+01 -0.29455544E-02  0.29513499E-02  0.65975181E-02
  0.38347045E+01 -0.29251305E-02  0.29309531E-02  0.66507084E-02
  0.38353965E+01 -0.29047721E-02  0.29106215E-02  0.67040978E-02
  0.38360885E+01 -0.28844837E-02  0.28903595E-02  0.67576861E-02
  0.38367805E+01 -0.28642697E-02  0.28701715E-02  0.68114728E-02
  0.38374725E+01 -0.28441343E-02  0.28500616E-02  0.68654575E-02
  0.38381645E+01 -0.28240816E-02  0.28300340E-02  0.69196400E-02
  0.38388565E+01 -0.28041154E-02  0.28100925E-02  0.69740198E-02
  0.38395486E+01 -0.27842394E-02  0.27902408E-02  0.70285965E-02
  0.38402406E+01 -0.27644572E-02  0.27704823E-02  0.70833697E-02
  0.38409326E+01 -0.27447720E-02  0.27508205E-02  0.71383389E-02
  0.38416246E+01 -0.27251871E-02  0.27312585E-02  0.71935037E-02
  0.38423166E+01 -0.27057055E-02  0.27117992E-02  0.72488637E-02
  0.38430086E+01 -0.26863298E-02  0.26924455E-02  0.73044184E-02
  0.38437006E+01 -0.26670627E-02  0.26731998E-02  0.73601673E-02
  0.38443926E+01 -0.26479066E-02  0.26540647E-02  0.74161099E-02
  0.38450846E+01 -0.26288636E-02  0.26350422E-02  0.74722458E-02
  0.38457766E+01 -0.26099358E-02  0.26161343E-02  0.75285744E-02
  0.38464686E+01 -0.25911248E-02  0.25973428E-02  0.75850953E-02
  0.38471607E+01 -0.25724323E-02  0.25786692E-02  0.76418078E-02
  0.38478527E+01 -0.25538596E-02  0.25601150E-02  0.76987115E-02
  0.38485447E+01 -0.25354078E-02  0.25416811E-02  0.77558058E-02
  0.38492367E+01 -0.25170780E-02  0.25233686E-02  0.78130901E-02
  0.38499287E+01 -0.24988707E-02  0.25051782E-02  0.78705639E-02
  0.38506207E+01 -0.24807864E-02  0.24871103E-02  0.79282266E-02
  0.38513127E+01 -0.24628255E-02  0.24691652E-02  0.79860776E-02
  0.38520047E+01 -0.24449881E-02  0.24513429E-02  0.80441163E-02
  0.38526967E+01 -0.24272739E-02  0.24336434E-02  0.81023421E-02
  0.38533887E+01 -0.24096826E-02  0.24160663E-02  0.81607543E-02
  0.38540807E+01 -0.23922137E-02  0.23986109E-02  0.82193523E-02
  0.38547728E+01 -0.23748662E-02  0.23812765E-02  0.82781355E-02
  0.38554648E+01 -0.23576393E-02  0.23640620E-02  0.83371032E-02
  0.38561568E+01 -0.23405317E-02  0.23469663E-02  0.83962548E-02
  0.38568488E+01 -0.23235420E-02  0.23299879E-02  0.84555894E-02
  0.38575408E+01 -0.23066685E-02  0.23131252E-02  0.85151066E-02
  0.38582328E+01 -0.22899095E-02  0.22963763E-02  0.85748055E-02
  0.38589248E+01 -0.22732628E-02  0.22797392E-02  0.86346854E-02
  0.38596168E+01 -0.22567262E-02  0.22632117E-02  0.86947456E-02
  0.38603088E+01 -0.22402974E-02  0.22467913E-02  0.87549854E-02
  0.38610008E+01 -0.22239737E-02  0.22304754E-02  0.88154039E-02
  0.38616928E+01 -0.22077523E-02  0.22142612E-02  0.88760005E-02
  0.38623849E+01 -0.21916301E-02  0.21981457E-02  0.89367744E-02
  0.38630769E+01 -0.21756041E-02  0.21821257E-02  0.89977247E-02
  0.38637689E+01 -0.21596708E-02  0.21661979E-02  0.90588507E-02
  0.38644609E+01 -0.21438267E-02  0.21503587E-02  0.91201515E-02
  0.38651529E+01 -0.21280683E-02  0.21346045E-02  0.91816263E-02
  0.38658449E+01 -0.21123915E-02  0.21189313E-02  0.92432743E-02
  0.38665369E+01 -0.20967924E-02  0.21033353E-02  0.93050946E-02
  0.38672289E+01 -0.20812668E-02  0.20878122E-02  0.93670863E-02
  0.38679209E+01 -0.20658105E-02  0.20723578E-02  0.94292486E-02
  0.38686129E+01 -0.20504190E-02  0.20569676E-02  0.94915805E-02
  0.38693049E+01 -0.20350878E-02  0.20416370E-02  0.95540811E-02
  0.38699970E+01 -0.20198120E-02  0.20263614E-02  0.96167496E-02
  0.38706890E+01 -0.20045871E-02  0.20111359E-02  0.96795849E-02
  0.38713810E+01 -0.19894079E-02  0.19959556E-02  0.97425861E-02
  0.38720730E+01 -0.19742695E-02  0.19808154E-02  0.98057523E-02
  0.38727650E+01 -0.19591667E-02  0.19657104E-02  0.98690824E-02
  0.38734570E+01 -0.19440944E-02  0.19506351E-02  0.99325755E-02
  0.38741490E+01 -0.19290471E-02  0.19355843E-02  0.99962305E-02
  0.38748410E+01 -0.19140196E-02  0.19205527E-02  0.10060046E-01
  0.38755330E+01 -0.18990063E-02  0.19055348E-02  0.10124022E-01
  0.38762250E+01 -0.18840018E-02  0.18905250E-02  0.10188157E-01
  0.38769170E+01 -0.18690005E-02  0.18755178E-02  0.10252449E-01
  0.38776090E+01 -0.18539968E-02  0.18605076E-02  0.10316898E-01
  0.38783011E+01 -0.18389849E-02  0.18454887E-02  0.10381502E-01
  0.38789931E+01 -0.18239593E-02  0.18304554E-02  0.10446261E-01
  0.38796851E+01 -0.18089142E-02  0.18154021E-02  0.10511173E-01
  0.38803771E+01 -0.17938439E-02  0.18003230E-02  0.10576237E-01
  0.38810691E+01 -0.17787427E-02  0.17852124E-02  0.10641452E-01
  0.38817611E+01 -0.17636048E-02  0.17700645E-02  0.10706817E-01
  0.38824531E+01 -0.17484245E-02  0.17548737E-02  0.10772330E-01
  0.38831451E+01 -0.17331961E-02  0.17396343E-02  0.10837990E-01
  0.38838371E+01 -0.17179140E-02  0.17243405E-02  0.10903797E-01
  0.38845291E+01 -0.17025724E-02  0.17089867E-02  0.10969748E-01
  0.38852211E+01 -0.16871658E-02  0.16935674E-02  0.11035842E-01
  0.38859132E+01 -0.16716887E-02  0.16780769E-02  0.11102079E-01
  0.38866052E+01 -0.16561355E-02  0.16625099E-02  0.11168457E-01
  0.38872972E+01 -0.16405009E-02  0.16468608E-02  0.11234974E-01
  0.38879892E+01 -0.16247794E-02  0.16311244E-02  0.11301629E-01
  0.38886812E+01 -0.16089658E-02  0.16152953E-02  0.11368421E-01
  0.38893732E+01 -0.15930549E-02  0.15993684E-02  0.11435348E-01
  0.38900652E+01 -0.15770416E-02  0.15833386E-02  0.11502409E-01
  0.38907572E+01 -0.15609209E-02  0.15672008E-02  0.11569603E-01
  0.38914492E+01 -0.15446880E-02  0.15509504E-02  0.11636927E-01
  0.38921412E+01 -0.15283381E-02  0.15345824E-02  0.11704382E-01
  0.38928332E+01 -0.15118666E-02  0.15180923E-02  0.11771964E-01
  0.38935253E+01 -0.14952689E-02  0.15014755E-02  0.11839673E-01
  0.38942173E+01 -0.14785408E-02  0.14847278E-02  0.11907507E-01
  0.38949093E+01 -0.14616779E-02  0.14678449E-02  0.11975465E-01
  0.38956013E+01 -0.14446763E-02  0.14508228E-02  0.12043544E-01
  0.38962933E+01 -0.14275320E-02  0.14336575E-02  0.12111744E-01
  0.38969853E+01 -0.14102414E-02  0.14163453E-02  0.12180062E-01
  0.38976773E+01 -0.13928007E-02  0.13988827E-02  0.12248498E-01
  0.38983693E+01 -0.13752067E-02  0.13812663E-02  0.12317049E-01
  0.38990613E+01 -0.13574561E-02  0.13634928E-02  0.12385713E-01
  0.38997533E+01 -0.13395459E-02  0.13455593E-02  0.12454490E-01
  0.39004453E+01 -0.13214732E-02  0.13274629E-02  0.12523377E-01
  0.39011374E+01 -0.13032355E-02  0.13092010E-02  0.12592373E-01
  0.39018294E+01 -0.12848302E-02  0.12907711E-02  0.12661475E-01
  0.39025214E+01 -0.12662552E-02  0.12721711E-02  0.12730683E-01
  0.39032134E+01 -0.12475084E-02  0.12533989E-02  0.12799994E-01
  0.39039054E+01 -0.12285880E-02  0.12344527E-02  0.12869406E-01
  0.39045974E+01 -0.12094925E-02  0.12153309E-02  0.12938918E-01
  0.39052894E+01 -0.11902203E-02  0.11960321E-02  0.13008528E-01
  0.39059814E+01 -0.11707704E-02  0.11765552E-02  0.13078234E-01
  0.39066734E+01 -0.11511419E-02  0.11568994E-02  0.13148034E-01
  0.39073654E+01 -0.11313340E-02  0.11370637E-02  0.13217925E-01
  0.39080574E+01 -0.11113463E-02  0.11170479E-02  0.13287907E-01
  0.39087495E+01 -0.10911785E-02  0.10968517E-02  0.13357977E-01
  0.39094415E+01 -0.10708306E-02  0.10764750E-02  0.13428134E-01
  0.39101335E+01 -0.10503029E-02  0.10559181E-02  0.13498374E-01
  0.39108255E+01 -0.10295957E-02  0.10351815E-02  0.13568697E-01
  0.39115175E+01 -0.10087098E-02  0.10142658E-02  0.13639099E-01
  0.39122095E+01 -0.98764606E-03  0.99317208E-03  0.13709580E-01
  0.39129015E+01 -0.96640572E-03  0.97190137E-03  0.13780137E-01
  0.39135935E+01 -0.94499015E-03  0.95045513E-03  0.13850768E-01
  0.39142855E+01 -0.92340096E-03  0.92883500E-03  0.13921470E-01
  0.39149775E+01 -0.90164004E-03  0.90704285E-03  0.13992242E-01
  0.39156695E+01 -0.87970947E-03  0.88508079E-03  0.14063081E-01
  0.39163616E+01 -0.85761160E-03  0.86295116E-03  0.14133986E-01
  0.39170536E+01 -0.83534897E-03  0.84065653E-03  0.14204954E-01
  0.39177456E+01 -0.81292437E-03  0.81819968E-03  0.14275982E-01
  0.39184376E+01 -0.79034082E-03  0.79558365E-03  0.14347069E-01
  0.39191296E+01 -0.76760154E-03  0.77281166E-03  0.14418213E-01
  0.39198216E+01 -0.74471000E-03  0.74988720E-03  0.14489410E-01
  0.39205136E+01 -0.72166986E-03  0.72681392E-03  0.14560659E-01
  0.39212056E+01 -0.69848500E-03  0.70359573E-03  0.14631958E-01
  0.39218976E+01 -0.67515952E-03  0.68023673E-03  0.14703303E-01
  0.39225896E+01 -0.65169771E-03  0.65674121E-03  0.14774694E-01
  0.39232816E+01 -0.62810408E-03  0.63311369E-03  0.14846126E-01
  0.39239737E+01 -0.60438330E-03  0.60935887E-03  0.14917599E-01
  0.39246657E+01 -0.58054028E-03  0.58548165E-03  0.14989109E-01
  0.39253577E+01 -0.55658007E-03  0.56148710E-03  0.15060654E-01
  0.39260497E+01 -0.53250795E-03  0.53738048E-03  0.15132232E-01
  0.39267417E+01 -0.50832932E-03  0.51316724E-03  0.15203840E-01
  0.39274337E+01 -0.48404980E-03  0.48885299E-03  0.15275475E-01
  0.39281257E+01 -0.45967515E-03  0.46444348E-03  0.15347136E-01
  0.39288177E+01 -0.43521128E-03  0.43994467E-03  0.15418819E-01
  0.39295097E+01 -0.41066427E-03  0.41536261E-03  0.15490523E-01
  0.39302017E+01 -0.38604034E-03  0.39070355E-03  0.15562244E-01
  0.39308937E+01 -0.36134584E-03  0.36597384E-03  0.15633979E-01
  0.39315858E+01 -0.33658726E-03  0.34117999E-03  0.15705728E-01
  0.39322778E+01 -0.31177122E-03  0.31632861E-03  0.15777486E-01
  0.39329698E+01 -0.28690443E-03  0.29142643E-03  0.15849251E-01
  0.39336618E+01 -0.26199373E-03  0.26648031E-03  0.15921020E-01
  0.39343538E+01 -0.23704608E-03  0.24149719E-03  0.15992792E-01
  0.39350458E+01 -0.21206849E-03  0.21648412E-03  0.16064562E-01
  0.39357378E+01 -0.18706808E-03  0.19144822E-03  0.16136329E-01
  0.39364298E+01 -0.16205207E-03  0.16639669E-03  0.16208090E-01
  0.39371218E+01 -0.13702771E-03  0.14133683E-03  0.16279842E-01
  0.39378138E+01 -0.11200233E-03  0.11627596E-03  0.16351582E-01
  0.39385058E+01 -0.86983323E-04  0.91221470E-04  0.16423307E-01
  0.39391979E+01 -0.61978115E-04  0.66180812E-04  0.16495016E-01
  0.39398899E+01 -0.36994173E-04  0.41161455E-04  0.16566704E-01
  0.39405819E+01 -0.61506823E-02  0.61630003E-02 -0.10207280E-01
  0.39412739E+01 -0.61445209E-02  0.61568004E-02 -0.10173382E-01
  0.39419659E+01 -0.61383446E-02  0.61505855E-02 -0.10139478E-01
  0.39426579E+01 -0.61321600E-02  0.61443621E-02 -0.10105571E-01
  0.39433499E+01 -0.61259737E-02  0.61381369E-02 -0.10071667E-01
  0.39440419E+01 -0.61197922E-02  0.61319166E-02 -0.10037769E-01
  0.39447339E+01 -0.61136222E-02  0.61257076E-02 -0.10003882E-01
  0.39454259E+01 -0.61074703E-02  0.61195166E-02 -0.99700098E-02
  0.39461179E+01 -0.61013430E-02  0.61133501E-02 -0.99361559E-02
  0.39468100E+01 -0.60952467E-02  0.61072147E-02 -0.99023246E-02
  0.39475020E+01 -0.60891880E-02  0.61011168E-02 -0.98685193E-02
  0.39481940E+01 -0.60831733E-02  0.60950627E-02 -0.98347439E-02
  0.39488860E+01 -0.60772087E-02  0.60890589E-02 -0.98010018E-02
  0.39495780E+01 -0.60713007E-02  0.60831115E-02 -0.97672965E-02
  0.39502700E+01 -0.60654554E-02  0.60772269E-02 -0.97336313E-02
  0.39509620E+01 -0.60596789E-02  0.60714110E-02 -0.97000095E-02
  0.39516540E+01 -0.60539771E-02  0.60656698E-02 -0.96664343E-02
  0.39523460E+01 -0.60483560E-02  0.60600094E-02 -0.96329088E-02
  0.39530380E+01 -0.60428213E-02  0.60544354E-02 -0.95994359E-02
  0.39537300E+01 -0.60373787E-02  0.60489535E-02 -0.95660187E-02
  0.39544221E+01 -0.60320337E-02  0.60435692E-02 -0.95326598E-02
  0.39551141E+01 -0.60267918E-02  0.60382881E-02 -0.94993622E-02
  0.39558061E+01 -0.60216581E-02  0.60331152E-02 -0.94661284E-02
  0.39564981E+01 -0.60166378E-02  0.60280558E-02 -0.94329610E-02
  0.39571901E+01 -0.60117359E-02  0.60231149E-02 -0.93998627E-02
  0.39578821E+01 -0.60069572E-02  0.60182972E-02 -0.93668358E-02
  0.39585741E+01 -0.60023063E-02  0.60136073E-02 -0.93338828E-02
  0.39592661E+01 -0.59977876E-02  0.60090498E-02 -0.93010059E-02
  0.39599581E+01 -0.59934055E-02  0.60046290E-02 -0.92682073E-02
  0.39606501E+01 -0.59891641E-02  0.60003489E-02 -0.92354894E-02
  0.39613421E+01 -0.59850672E-02  0.59962135E-02 -0.92028541E-02
  0.39620342E+01 -0.59811187E-02  0.59922266E-02 -0.91703034E-02
  0.39627262E+01 -0.59773220E-02  0.59883915E-02 -0.91378395E-02
  0.39634182E+01 -0.59736805E-02  0.59847118E-02 -0.91054641E-02
  0.39641102E+01 -0.59701972E-02  0.59811905E-02 -0.90731792E-02
  0.39648022E+01 -0.59668751E-02  0.59778304E-02 -0.90409865E-02
  0.39654942E+01 -0.59637169E-02  0.59746344E-02 -0.90088877E-02
  0.39661862E+01 -0.59607251E-02  0.59716049E-02 -0.89768846E-02
  0.39668782E+01 -0.59579018E-02  0.59687442E-02 -0.89449787E-02
  0.39675702E+01 -0.59552492E-02  0.59660542E-02 -0.89131715E-02
  0.39682622E+01 -0.59527690E-02  0.59635368E-02 -0.88814647E-02
  0.39689542E+01 -0.59504628E-02  0.59611935E-02 -0.88498596E-02
  0.39696463E+01 -0.59483319E-02  0.59590258E-02 -0.88183576E-02
  0.39703383E+01 -0.59463774E-02  0.59570346E-02 -0.87869601E-02
  0.39710303E+01 -0.59446003E-02  0.59552210E-02 -0.87556683E-02
  0.39717223E+01 -0.59430011E-02  0.59535854E-02 -0.87244835E-02
  0.39724143E+01 -0.59415802E-02  0.59521284E-02 -0.86934069E-02
  0.39731063E+01 -0.59403378E-02  0.59508501E-02 -0.86624397E-02
  0.39737983E+01 -0.59392738E-02  0.59497503E-02 -0.86315829E-02
  0.39744903E+01 -0.59383879E-02  0.59488288E-02 -0.86008375E-02
  0.39751823E+01 -0.59376794E-02  0.59480850E-02 -0.85702047E-02
  0.39758743E+01 -0.59371477E-02  0.59475181E-02 -0.85396853E-02
  0.39765663E+01 -0.59367917E-02  0.59471272E-02 -0.85092802E-02
  0.39772584E+01 -0.59366100E-02  0.59469108E-02 -0.84789904E-02
  0.39779504E+01 -0.59366013E-02  0.59468675E-02 -0.84488167E-02
  0.39786424E+01 -0.59367637E-02  0.59469956E-02 -0.84187598E-02
  0.39793344E+01 -0.59370953E-02  0.59472932E-02 -0.83888206E-02
  0.39800264E+01 -0.59375939E-02  0.59477579E-02 -0.83589997E-02
  0.39807184E+01 -0.59382570E-02  0.59483874E-02 -0.83292978E-02
  0.39814104E+01 -0.59390821E-02  0.59491791E-02 -0.82997155E-02
  0.39821024E+01 -0.59400662E-02  0.59501300E-02 -0.82702535E-02
  0.39827944E+01 -0.59412062E-02  0.59512372E-02 -0.82409124E-02
  0.39834864E+01 -0.59424990E-02  0.59524972E-02 -0.82116926E-02
  0.39841784E+01 -0.59439409E-02  0.59539067E-02 -0.81825946E-02
  0.39848705E+01 -0.59455282E-02  0.59554619E-02 -0.81536190E-02
  0.39855625E+01 -0.59472571E-02  0.59571588E-02 -0.81247661E-02
  0.39862545E+01 -0.59491235E-02  0.59589935E-02 -0.80960364E-02
  0.39869465E+01 -0.59511230E-02  0.59609616E-02 -0.80674302E-02
  0.39876385E+01 -0.59532513E-02  0.59630586E-02 -0.80389478E-02
  0.39883305E+01 -0.59555035E-02  0.59652799E-02 -0.80105897E-02
  0.39890225E+01 -0.59578750E-02  0.59676207E-02 -0.79823560E-02
  0.39897145E+01 -0.59603608E-02  0.59700760E-02 -0.79542469E-02
  0.39904065E+01 -0.59629556E-02  0.59726406E-02 -0.79262629E-02
  0.39910985E+01 -0.59656542E-02  0.59753092E-02 -0.78984039E-02
  0.39917905E+01 -0.59684511E-02  0.59780764E-02 -0.78706703E-02
  0.39924826E+01 -0.59713408E-02  0.59809367E-02 -0.78430621E-02
  0.39931746E+01 -0.59743175E-02  0.59838842E-02 -0.78155795E-02
  0.39938666E+01 -0.59773753E-02  0.59869131E-02 -0.77882225E-02
  0.39945586E+01 -0.59805084E-02  0.59900175E-02 -0.77609913E-02
  0.39952506E+01 -0.59837106E-02  0.59931913E-02 -0.77338859E-02
  0.39959426E+01 -0.59869758E-02  0.59964283E-02 -0.77069063E-02
  0.39966346E+01 -0.59902977E-02  0.59997222E-02 -0.76800526E-02
  0.39973266E+01 -0.59936699E-02  0.60030667E-02 -0.76533246E-02
  0.39980186E+01 -0.59970859E-02  0.60064554E-02 -0.76267225E-02
  0.39987106E+01 -0.60005394E-02  0.60098816E-02 -0.76002460E-02
  0.39994026E+01 -0.60040236E-02  0.60133390E-02 -0.75738952E-02
  0.40000947E+01 -0.60075321E-02  0.60168208E-02 -0.75476700E-02
  0.40007867E+01 -0.60110580E-02  0.60203203E-02 -0.75215702E-02
  0.40014787E+01 -0.60145948E-02  0.60238309E-02 -0.74955957E-02
  0.40021707E+01 -0.60181356E-02  0.60273458E-02 -0.74697464E-02
  0.40028627E+01 -0.60216738E-02  0.60308582E-02 -0.74440221E-02
  0.40035547E+01 -0.60252025E-02  0.60343615E-02 -0.74184226E-02
  0.40042467E+01 -0.60287149E-02  0.60378488E-02 -0.73929478E-02
  0.40049387E+01 -0.60322044E-02  0.60413133E-02 -0.73675973E-02
  0.40056307E+01 -0.60356642E-02  0.60447484E-02 -0.73423711E-02
  0.40063227E+01 -0.60390876E-02  0.60481473E-02 -0.73172687E-02
  0.40070147E+01 -0.60424678E-02  0.60515032E-02 -0.72922901E-02
  0.40077068E+01 -0.60457982E-02  0.60548096E-02 -0.72674349E-02
  0.40083988E+01 -0.60490723E-02  0.60580599E-02 -0.72427029E-02
  0.40090908E+01 -0.60522834E-02  0.60612475E-02 -0.72180937E-02
  0.40097828E+01 -0.60554252E-02  0.60643659E-02 -0.71936071E-02
  0.40104748E+01 -0.60584911E-02  0.60674087E-02 -0.71692426E-02
  0.40111668E+01 -0.60614750E-02  0.60703697E-02 -0.71450001E-02
  0.40118588E+01 -0.60643706E-02  0.60732426E-02 -0.71208791E-02
  0.40125508E+01 -0.60671717E-02  0.60760212E-02 -0.70968794E-02
  0.40132428E+01 -0.60698724E-02  0.60786996E-02 -0.70730005E-02
  0.40139348E+01 -0.60724668E-02  0.60812719E-02 -0.70492420E-02
  0.40146268E+01 -0.60749490E-02  0.60837322E-02 -0.70256037E-02
  0.40153189E+01 -0.60773134E-02  0.60860750E-02 -0.70020850E-02
  0.40160109E+01 -0.60795546E-02  0.60882948E-02 -0.69786857E-02
  0.40167029E+01 -0.60816672E-02  0.60903860E-02 -0.69554053E-02
  0.40173949E+01 -0.60836460E-02  0.60923437E-02 -0.69322434E-02
  0.40180869E+01 -0.60854858E-02  0.60941627E-02 -0.69091995E-02
  0.40187789E+01 -0.60871820E-02  0.60958380E-02 -0.68862733E-02
  0.40194709E+01 -0.60887296E-02  0.60973651E-02 -0.68634642E-02
  0.40201629E+01 -0.60901243E-02  0.60987394E-02 -0.68407720E-02
  0.40208549E+01 -0.60913616E-02  0.60999565E-02 -0.68181960E-02
  0.40215469E+01 -0.60924375E-02  0.61010123E-02 -0.67957359E-02
  0.40222389E+01 -0.60933479E-02  0.61019028E-02 -0.67733912E-02
  0.40229310E+01 -0.60940891E-02  0.61026243E-02 -0.67511614E-02
  0.40236230E+01 -0.60946576E-02  0.61031732E-02 -0.67290460E-02
  0.40243150E+01 -0.60950499E-02  0.61035461E-02 -0.67070446E-02
  0.40250070E+01 -0.60952631E-02  0.61037399E-02 -0.66851567E-02
  0.40256990E+01 -0.60952941E-02  0.61037518E-02 -0.66633818E-02
  0.40263910E+01 -0.60951404E-02  0.61035790E-02 -0.66417194E-02
  0.40270830E+01 -0.60947994E-02  0.61032191E-02 -0.66201690E-02
  0.40277750E+01 -0.60942689E-02  0.61026698E-02 -0.65987301E-02
  0.40284670E+01 -0.60935470E-02  0.61019292E-02 -0.65774022E-02
  0.40291590E+01 -0.60926319E-02  0.61009956E-02 -0.65561847E-02
  0.40298510E+01 -0.60915221E-02  0.60998673E-02 -0.65350773E-02
  0.40305431E+01 -0.60902163E-02  0.60985431E-02 -0.65140793E-02
  0.40312351E+01 -0.60887134E-02  0.60970220E-02 -0.64931902E-02
  0.40319271E+01 -0.60870128E-02  0.60953032E-02 -0.64724095E-02
  0.40326191E+01 -0.60851138E-02  0.60933861E-02 -0.64517367E-02
  0.40333111E+01 -0.60830162E-02  0.60912705E-02 -0.64311712E-02
  0.40340031E+01 -0.60807200E-02  0.60889564E-02 -0.64107126E-02
  0.40346951E+01 -0.60782252E-02  0.60864438E-02 -0.63903603E-02
  0.40353871E+01 -0.60755325E-02  0.60837332E-02 -0.63701137E-02
  0.40360791E+01 -0.60726424E-02  0.60808254E-02 -0.63499723E-02
  0.40367711E+01 -0.60695560E-02  0.60777213E-02 -0.63299355E-02
  0.40374631E+01 -0.60662743E-02  0.60744221E-02 -0.63100029E-02
  0.40381552E+01 -0.60627990E-02  0.60709291E-02 -0.62901738E-02
  0.40388472E+01 -0.60591315E-02  0.60672442E-02 -0.62704477E-02
  0.40395392E+01 -0.60552739E-02  0.60633691E-02 -0.62508242E-02
  0.40402312E+01 -0.60512283E-02  0.60593060E-02 -0.62313025E-02
  0.40409232E+01 -0.60469971E-02  0.60550574E-02 -0.62118822E-02
  0.40416152E+01 -0.60425829E-02  0.60506258E-02 -0.61925626E-02
  0.40423072E+01 -0.60379886E-02  0.60460140E-02 -0.61733433E-02
  0.40429992E+01 -0.60332172E-02  0.60412252E-02 -0.61542237E-02
  0.40436912E+01 -0.60282721E-02  0.60362627E-02 -0.61352033E-02
  0.40443832E+01 -0.60231568E-02  0.60311300E-02 -0.61162813E-02
  0.40450752E+01 -0.60178749E-02  0.60258307E-02 -0.60974574E-02
  0.40457673E+01 -0.60124305E-02  0.60203689E-02 -0.60787308E-02
  0.40464593E+01 -0.60068277E-02  0.60147486E-02 -0.60601012E-02
  0.40471513E+01 -0.60010708E-02  0.60089743E-02 -0.60415678E-02
  0.40478433E+01 -0.59951644E-02  0.60030504E-02 -0.60231301E-02
  0.40485353E+01 -0.59891131E-02  0.59969817E-02 -0.60047875E-02
  0.40492273E+01 -0.59829220E-02  0.59907730E-02 -0.59865395E-02
  0.40499193E+01 -0.59765961E-02  0.59844295E-02 -0.59683855E-02
  0.40506113E+01 -0.59701407E-02  0.59779564E-02 -0.59503249E-02
  0.40513033E+01 -0.59635611E-02  0.59713592E-02 -0.59323572E-02
  0.40519953E+01 -0.59568630E-02  0.59646433E-02 -0.59144816E-02
  0.40526873E+01 -0.59500520E-02  0.59578145E-02 -0.58966978E-02
  0.40533794E+01 -0.59431340E-02  0.59508787E-02 -0.58790050E-02
  0.40540714E+01 -0.59361151E-02  0.59438419E-02 -0.58614027E-02
  0.40547634E+01 -0.59290013E-02  0.59367101E-02 -0.58438904E-02
  0.40554554E+01 -0.59217990E-02  0.59294896E-02 -0.58264673E-02
  0.40561474E+01 -0.59145143E-02  0.59221868E-02 -0.58091330E-02
  0.40568394E+01 -0.59071539E-02  0.59148081E-02 -0.57918868E-02
  0.40575314E+01 -0.58997242E-02  0.59073601E-02 -0.57747282E-02
  0.40582234E+01 -0.58922319E-02  0.58998493E-02 -0.57576565E-02
  0.40589154E+01 -0.58846836E-02  0.58922826E-02 -0.57406712E-02
  0.40596074E+01 -0.58770863E-02  0.58846666E-02 -0.57237717E-02
  0.40602994E+01 -0.58694467E-02  0.58770082E-02 -0.57069573E-02
  0.40609915E+01 -0.58617717E-02  0.58693144E-02 -0.56902275E-02
  0.40616835E+01 -0.58540682E-02  0.58615919E-02 -0.56735816E-02
  0.40623755E+01 -0.58463432E-02  0.58538479E-02 -0.56570191E-02
  0.40630675E+01 -0.58386038E-02  0.58460892E-02 -0.56405393E-02
  0.40637595E+01 -0.58308568E-02  0.58383230E-02 -0.56241417E-02
  0.40644515E+01 -0.58231094E-02  0.58305561E-02 -0.56078255E-02
  0.40651435E+01 -0.58153685E-02  0.58227957E-02 -0.55915903E-02
  0.40658355E+01 -0.58076412E-02  0.58150486E-02 -0.55754354E-02
  0.40665275E+01 -0.57999343E-02  0.58073219E-02 -0.55593602E-02
  0.40672195E+01 -0.57922550E-02  0.57996225E-02 -0.55433641E-02
  0.40679115E+01 -0.57846099E-02  0.57919574E-02 -0.55274464E-02
  0.40686036E+01 -0.57770061E-02  0.57843333E-02 -0.55116065E-02
  0.40692956E+01 -0.57694504E-02  0.57767572E-02 -0.54958438E-02
  0.40699876E+01 -0.57619494E-02  0.57692356E-02 -0.54801577E-02
  0.40706796E+01 -0.57545098E-02  0.57617753E-02 -0.54645476E-02
  0.40713716E+01 -0.57471382E-02  0.57543828E-02 -0.54490127E-02
  0.40720636E+01 -0.57398411E-02  0.57470647E-02 -0.54335526E-02
  0.40727556E+01 -0.57326248E-02  0.57398273E-02 -0.54181665E-02
  0.40734476E+01 -0.57254957E-02  0.57326769E-02 -0.54028538E-02
  0.40741396E+01 -0.57184599E-02  0.57256196E-02 -0.53876139E-02
  0.40748316E+01 -0.57115234E-02  0.57186615E-02 -0.53724461E-02
  0.40755236E+01 -0.57046921E-02  0.57118084E-02 -0.53573498E-02
  0.40762157E+01 -0.56979718E-02  0.57050662E-02 -0.53423243E-02
  0.40769077E+01 -0.56913681E-02  0.56984403E-02 -0.53273691E-02
  0.40775997E+01 -0.56848864E-02  0.56919364E-02 -0.53124834E-02
  0.40782917E+01 -0.56785321E-02  0.56855596E-02 -0.52976665E-02
  0.40789837E+01 -0.56723101E-02  0.56793150E-02 -0.52829180E-02
  0.40796757E+01 -0.56662256E-02  0.56732077E-02 -0.52682370E-02
  0.40803677E+01 -0.56602831E-02  0.56672423E-02 -0.52536229E-02
  0.40810597E+01 -0.56544873E-02  0.56614235E-02 -0.52390751E-02
  0.40817517E+01 -0.56488426E-02  0.56557555E-02 -0.52245929E-02
  0.40824437E+01 -0.56433531E-02  0.56502426E-02 -0.52101756E-02
  0.40831357E+01 -0.56380227E-02  0.56448886E-02 -0.51958226E-02
  0.40838278E+01 -0.56328552E-02  0.56396974E-02 -0.51815332E-02
  0.40845198E+01 -0.56278541E-02  0.56346724E-02 -0.51673067E-02
  0.40852118E+01 -0.56230227E-02  0.56298169E-02 -0.51531425E-02
  0.40859038E+01 -0.56183641E-02  0.56251341E-02 -0.51390399E-02
  0.40865958E+01 -0.56138811E-02  0.56206267E-02 -0.51249982E-02
  0.40872878E+01 -0.56095762E-02  0.56162973E-02 -0.51110166E-02
  0.40879798E+01 -0.56054519E-02  0.56121483E-02 -0.50970947E-02
  0.40886718E+01 -0.56015102E-02  0.56081818E-02 -0.50832316E-02
  0.40893638E+01 -0.55977531E-02  0.56043996E-02 -0.50694266E-02
  0.40900558E+01 -0.55941820E-02  0.56008034E-02 -0.50556792E-02
  0.40907478E+01 -0.55907984E-02  0.55973945E-02 -0.50419885E-02
  0.40914398E+01 -0.55876034E-02  0.55941740E-02 -0.50283540E-02
  0.40921319E+01 -0.55845978E-02  0.55911428E-02 -0.50147749E-02
  0.40928239E+01 -0.55817821E-02  0.55883014E-02 -0.50012505E-02
  0.40935159E+01 -0.55791568E-02  0.55856503E-02 -0.49877802E-02
  0.40942079E+01 -0.55767219E-02  0.55831894E-02 -0.49743631E-02
  0.40948999E+01 -0.55744772E-02  0.55809185E-02 -0.49609988E-02
  0.40955919E+01 -0.55724222E-02  0.55788372E-02 -0.49476863E-02
  0.40962839E+01 -0.55705562E-02  0.55769448E-02 -0.49344251E-02
  0.40969759E+01 -0.55688782E-02  0.55752403E-02 -0.49212145E-02
  0.40976679E+01 -0.55673871E-02  0.55737225E-02 -0.49080537E-02
  0.40983599E+01 -0.55660812E-02  0.55723899E-02 -0.48949420E-02
  0.40990519E+01 -0.55649588E-02  0.55712406E-02 -0.48818788E-02
  0.40997440E+01 -0.55640180E-02  0.55702728E-02 -0.48688633E-02
  0.41004360E+01 -0.55632564E-02  0.55694841E-02 -0.48558948E-02
  0.41011280E+01 -0.55626716E-02  0.55688721E-02 -0.48429727E-02
  0.41018200E+01 -0.55622607E-02  0.55684339E-02 -0.48300961E-02
  0.41025120E+01 -0.55620208E-02  0.55681666E-02 -0.48172645E-02
  0.41032040E+01 -0.55619485E-02  0.55680669E-02 -0.48044771E-02
  0.41038960E+01 -0.55620405E-02  0.55681312E-02 -0.47917332E-02
  0.41045880E+01 -0.55622930E-02  0.55683560E-02 -0.47790321E-02
  0.41052800E+01 -0.55627019E-02  0.55687372E-02 -0.47663731E-02
  0.41059720E+01 -0.55632632E-02  0.55692707E-02 -0.47537555E-02
  0.41066640E+01 -0.55639724E-02  0.55699521E-02 -0.47411785E-02
  0.41073561E+01 -0.55648250E-02  0.55707766E-02 -0.47286416E-02
  0.41080481E+01 -0.55658160E-02  0.55717396E-02 -0.47161439E-02
  0.41087401E+01 -0.55669404E-02  0.55728360E-02 -0.47036847E-02
  0.41094321E+01 -0.55681931E-02  0.55740605E-02 -0.46912635E-02
  0.41101241E+01 -0.55695685E-02  0.55754077E-02 -0.46788794E-02
  0.41108161E+01 -0.55710611E-02  0.55768721E-02 -0.46665318E-02
  0.41115081E+01 -0.55726650E-02  0.55784478E-02 -0.46542199E-02
  0.41122001E+01 -0.55743743E-02  0.55801288E-02 -0.46419431E-02
  0.41128921E+01 -0.55761829E-02  0.55819091E-02 -0.46297007E-02
  0.41135841E+01 -0.55780845E-02  0.55837824E-02 -0.46174919E-02
  0.41142761E+01  0.22525902E-02 -0.22479891E-02 -0.47458871E-02
  0.41149682E+01  0.22453588E-02 -0.22407850E-02 -0.47319508E-02
  0.41156602E+01  0.22379368E-02 -0.22333903E-02 -0.47180724E-02
  0.41163522E+01  0.22303318E-02 -0.22258125E-02 -0.47042513E-02
  0.41170442E+01  0.22225516E-02 -0.22180594E-02 -0.46904867E-02
  0.41177362E+01  0.22146040E-02 -0.22101388E-02 -0.46767779E-02
  0.41184282E+01  0.22064970E-02 -0.22020587E-02 -0.46631240E-02
  0.41191202E+01  0.21982385E-02 -0.21938272E-02 -0.46495245E-02
  0.41198122E+01  0.21898368E-02 -0.21854522E-02 -0.46359785E-02
  0.41205042E+01  0.21812999E-02 -0.21769420E-02 -0.46224853E-02
  0.41211962E+01  0.21726361E-02 -0.21683047E-02 -0.46090442E-02
  0.41218882E+01  0.21638536E-02 -0.21595488E-02 -0.45956544E-02
  0.41225803E+01  0.21549608E-02 -0.21506824E-02 -0.45823152E-02
  0.41232723E+01  0.21459661E-02 -0.21417139E-02 -0.45690260E-02
  0.41239643E+01  0.21368777E-02 -0.21326518E-02 -0.45557859E-02
  0.41246563E+01  0.21277041E-02 -0.21235043E-02 -0.45425943E-02
  0.41253483E+01  0.21184537E-02 -0.21142798E-02 -0.45294504E-02
  0.41260403E+01  0.21091347E-02 -0.21049868E-02 -0.45163535E-02
  0.41267323E+01  0.20997557E-02 -0.20956335E-02 -0.45033029E-02
  0.41274243E+01  0.20903249E-02 -0.20862284E-02 -0.44902979E-02
  0.41281163E+01  0.20808506E-02 -0.20767796E-02 -0.44773378E-02
  0.41288083E+01  0.20713410E-02 -0.20672955E-02 -0.44644218E-02
  0.41295003E+01  0.20618045E-02 -0.20577843E-02 -0.44515494E-02
  0.41301924E+01  0.20522490E-02 -0.20482541E-02 -0.44387197E-02
  0.41308844E+01  0.20426827E-02 -0.20387129E-02 -0.44259321E-02
  0.41315764E+01  0.20331136E-02 -0.20291688E-02 -0.44131859E-02
  0.41322684E+01  0.20235495E-02 -0.20196296E-02 -0.44004804E-02
  0.41329604E+01  0.20139983E-02 -0.20101032E-02 -0.43878150E-02
  0.41336524E+01  0.20044676E-02 -0.20005972E-02 -0.43751888E-02
  0.41343444E+01  0.19949650E-02 -0.19911191E-02 -0.43626013E-02
  0.41350364E+01  0.19854980E-02 -0.19816765E-02 -0.43500518E-02
  0.41357284E+01  0.19760738E-02 -0.19722766E-02 -0.43375397E-02
  0.41364204E+01  0.19666997E-02 -0.19629267E-02 -0.43250642E-02
  0.41371124E+01  0.19573826E-02 -0.19536336E-02 -0.43126246E-02
  0.41378045E+01  0.19481294E-02 -0.19444044E-02 -0.43002205E-02
  0.41384965E+01  0.19389468E-02 -0.19352456E-02 -0.42878509E-02
  0.41391885E+01  0.19298414E-02 -0.19261639E-02 -0.42755155E-02
  0.41398805E+01  0.19208195E-02 -0.19171655E-02 -0.42632134E-02
  0.41405725E+01  0.19118872E-02 -0.19082567E-02 -0.42509441E-02
  0.41412645E+01  0.19030505E-02 -0.18994433E-02 -0.42387069E-02
  0.41419565E+01  0.18943152E-02 -0.18907312E-02 -0.42265012E-02
  0.41426485E+01  0.18856869E-02 -0.18821259E-02 -0.42143263E-02
  0.41433405E+01  0.18771708E-02 -0.18736328E-02 -0.42021817E-02
  0.41440325E+01  0.18687721E-02 -0.18652569E-02 -0.41900667E-02
  0.41447245E+01  0.18604957E-02 -0.18570032E-02 -0.41779808E-02
  0.41454166E+01  0.18523463E-02 -0.18488763E-02 -0.41659232E-02
  0.41461086E+01  0.18443283E-02 -0.18408808E-02 -0.41538935E-02
  0.41468006E+01  0.18364459E-02 -0.18330207E-02 -0.41418909E-02
  0.41474926E+01  0.18287031E-02 -0.18253001E-02 -0.41299150E-02
  0.41481846E+01  0.18211036E-02 -0.18177226E-02 -0.41179652E-02
  0.41488766E+01  0.18136508E-02 -0.18102918E-02 -0.41060407E-02
  0.41495686E+01  0.18063479E-02 -0.18030107E-02 -0.40941412E-02
  0.41502606E+01  0.17991979E-02 -0.17958824E-02 -0.40822659E-02
  0.41509526E+01  0.17922035E-02 -0.17889096E-02 -0.40704144E-02
  0.41516446E+01  0.17853671E-02 -0.17820946E-02 -0.40585861E-02
  0.41523366E+01  0.17786908E-02 -0.17754396E-02 -0.40467804E-02
  0.41530287E+01  0.17721765E-02 -0.17689466E-02 -0.40349968E-02
  0.41537207E+01  0.17658258E-02 -0.17626170E-02 -0.40232347E-02
  0.41544127E+01  0.17596402E-02 -0.17564524E-02 -0.40114935E-02
  0.41551047E+01  0.17536206E-02 -0.17504536E-02 -0.39997729E-02
  0.41557967E+01  0.17477679E-02 -0.17446217E-02 -0.39880721E-02
  0.41564887E+01  0.17420826E-02 -0.17389570E-02 -0.39763907E-02
  0.41571807E+01  0.17365649E-02 -0.17334598E-02 -0.39647282E-02
  0.41578727E+01  0.17312149E-02 -0.17281302E-02 -0.39530841E-02
  0.41585647E+01  0.17260322E-02 -0.17229679E-02 -0.39414578E-02
  0.41592567E+01  0.17210164E-02 -0.17179723E-02 -0.39298488E-02
  0.41599487E+01  0.17161666E-02 -0.17131425E-02 -0.39182567E-02
  0.41606408E+01  0.17114817E-02 -0.17084776E-02 -0.39066809E-02
  0.41613328E+01  0.17069604E-02 -0.17039762E-02 -0.38951210E-02
  0.41620248E+01  0.17026011E-02 -0.16996366E-02 -0.38835764E-02
  0.41627168E+01  0.16984018E-02 -0.16954571E-02 -0.38720468E-02
  0.41634088E+01  0.16943606E-02 -0.16914354E-02 -0.38605315E-02
  0.41641008E+01  0.16904750E-02 -0.16875692E-02 -0.38490302E-02
  0.41647928E+01  0.16867423E-02 -0.16838560E-02 -0.38375423E-02
  0.41654848E+01  0.16831598E-02 -0.16802928E-02 -0.38260675E-02
  0.41661768E+01  0.16797244E-02 -0.16768765E-02 -0.38146052E-02
  0.41668688E+01  0.16764326E-02 -0.16736038E-02 -0.38031550E-02
  0.41675608E+01  0.16732810E-02 -0.16704712E-02 -0.37917165E-02
  0.41682529E+01  0.16702657E-02 -0.16674749E-02 -0.37802892E-02
  0.41689449E+01  0.16673827E-02 -0.16646108E-02 -0.37688726E-02
  0.41696369E+01  0.16646279E-02 -0.16618747E-02 -0.37574664E-02
  0.41703289E+01  0.16619968E-02 -0.16592622E-02 -0.37460701E-02
  0.41710209E+01  0.16594847E-02 -0.16567688E-02 -0.37346833E-02
  0.41717129E+01  0.16570869E-02 -0.16543895E-02 -0.37233055E-02
  0.41724049E+01  0.16547983E-02 -0.16521193E-02 -0.37119364E-02
  0.41730969E+01  0.16526138E-02 -0.16499532E-02 -0.37005754E-02
  0.41737889E+01  0.16505280E-02 -0.16478857E-02 -0.36892223E-02
  0.41744809E+01  0.16485353E-02 -0.16459113E-02 -0.36778767E-02
  0.41751729E+01  0.16466302E-02 -0.16440243E-02 -0.36665380E-02
  0.41758650E+01  0.16448067E-02 -0.16422189E-02 -0.36552059E-02
  0.41765570E+01  0.16430589E-02 -0.16404892E-02 -0.36438800E-02
  0.41772490E+01  0.16413807E-02 -0.16388290E-02 -0.36325600E-02
  0.41779410E+01  0.16397659E-02 -0.16372321E-02 -0.36212454E-02
  0.41786330E+01  0.16382082E-02 -0.16356922E-02 -0.36099359E-02
  0.41793250E+01  0.16367010E-02 -0.16342029E-02 -0.35986310E-02
  0.41800170E+01  0.16352379E-02 -0.16327575E-02 -0.35873305E-02
  0.41807090E+01  0.16338122E-02 -0.16313496E-02 -0.35760338E-02
  0.41814010E+01  0.16324172E-02 -0.16299723E-02 -0.35647407E-02
  0.41820930E+01  0.16310462E-02 -0.16286188E-02 -0.35534508E-02
  0.41827850E+01  0.16296922E-02 -0.16272825E-02 -0.35421638E-02
  0.41834771E+01  0.16283485E-02 -0.16259563E-02 -0.35308792E-02
  0.41841691E+01  0.16270080E-02 -0.16246333E-02 -0.35195967E-02
  0.41848611E+01  0.16256639E-02 -0.16233066E-02 -0.35083159E-02
  0.41855531E+01  0.16243090E-02 -0.16219692E-02 -0.34970366E-02
  0.41862451E+01  0.16229365E-02 -0.16206140E-02 -0.34857583E-02
  0.41869371E+01  0.16215392E-02 -0.16192342E-02 -0.34744807E-02
  0.41876291E+01  0.16201103E-02 -0.16178226E-02 -0.34632035E-02
  0.41883211E+01  0.16186428E-02 -0.16163723E-02 -0.34519263E-02
  0.41890131E+01  0.16171296E-02 -0.16148764E-02 -0.34406488E-02
  0.41897051E+01  0.16155638E-02 -0.16133279E-02 -0.34293706E-02
  0.41903971E+01  0.16139387E-02 -0.16117200E-02 -0.34180915E-02
  0.41910892E+01  0.16122473E-02 -0.16100458E-02 -0.34068110E-02
  0.41917812E+01  0.16104829E-02 -0.16082986E-02 -0.33955289E-02
  0.41924732E+01  0.16086388E-02 -0.16064717E-02 -0.33842448E-02
  0.41931652E+01  0.16067084E-02 -0.16045584E-02 -0.33729585E-02
  0.41938572E+01  0.16046853E-02 -0.16025524E-02 -0.33616695E-02
  0.41945492E+01  0.16025629E-02 -0.16004471E-02 -0.33503776E-02
  0.41952412E+01  0.16003350E-02 -0.15982363E-02 -0.33390824E-02
  0.41959332E+01  0.15979954E-02 -0.15959138E-02 -0.33277836E-02
  0.41966252E+01  0.15955380E-02 -0.15934735E-02 -0.33164810E-02
  0.41973172E+01  0.15929570E-02 -0.15909095E-02 -0.33051742E-02
  0.41980092E+01  0.15902464E-02 -0.15882161E-02 -0.32938629E-02
  0.41987013E+01  0.15874008E-02 -0.15853875E-02 -0.32825467E-02
  0.41993933E+01  0.15844146E-02 -0.15824183E-02 -0.32712254E-02
  0.42000853E+01  0.15812825E-02 -0.15793032E-02 -0.32598988E-02
  0.42007773E+01  0.15779993E-02 -0.15760371E-02 -0.32485663E-02
  0.42014693E+01  0.15745602E-02 -0.15726150E-02 -0.32372279E-02
  0.42021613E+01  0.15709603E-02 -0.15690322E-02 -0.32258831E-02
  0.42028533E+01  0.15671952E-02 -0.15652840E-02 -0.32145317E-02
  0.42035453E+01  0.15632603E-02 -0.15613661E-02 -0.32031734E-02
  0.42042373E+01  0.15591516E-02 -0.15572744E-02 -0.31918078E-02
  0.42049293E+01  0.15548650E-02 -0.15530049E-02 -0.31804348E-02
  0.42056213E+01  0.15503970E-02 -0.15485538E-02 -0.31690539E-02
  0.42063134E+01  0.15457439E-02 -0.15439177E-02 -0.31576650E-02
  0.42070054E+01  0.15409024E-02 -0.15390933E-02 -0.31462676E-02
  0.42076974E+01  0.15358697E-02 -0.15340774E-02 -0.31348616E-02
  0.42083894E+01  0.15306427E-02 -0.15288675E-02 -0.31234467E-02
  0.42090814E+01  0.15252190E-02 -0.15234607E-02 -0.31120225E-02
  0.42097734E+01  0.15195962E-02 -0.15178549E-02 -0.31005888E-02
  0.42104654E+01  0.15137723E-02 -0.15120480E-02 -0.30891453E-02
  0.42111574E+01  0.15077455E-02 -0.15060381E-02 -0.30776917E-02
  0.42118494E+01  0.15015141E-02 -0.14998237E-02 -0.30662277E-02
  0.42125414E+01  0.14950770E-02 -0.14934035E-02 -0.30547531E-02
  0.42132334E+01  0.14884330E-02 -0.14867764E-02 -0.30432676E-02
  0.42139255E+01  0.14815814E-02 -0.14799418E-02 -0.30317709E-02
  0.42146175E+01  0.14745217E-02 -0.14728989E-02 -0.30202628E-02
  0.42153095E+01  0.14672536E-02 -0.14656477E-02 -0.30087429E-02
  0.42160015E+01  0.14597771E-02 -0.14581882E-02 -0.29972111E-02
  0.42166935E+01  0.14520926E-02 -0.14505205E-02 -0.29856669E-02
  0.42173855E+01  0.14442005E-02 -0.14426453E-02 -0.29741103E-02
  0.42180775E+01  0.14361018E-02 -0.14345634E-02 -0.29625408E-02
  0.42187695E+01  0.14277975E-02 -0.14262758E-02 -0.29509583E-02
  0.42194615E+01  0.14192888E-02 -0.14177840E-02 -0.29393625E-02
  0.42201535E+01  0.14105776E-02 -0.14090895E-02 -0.29277531E-02
  0.42208455E+01  0.14016656E-02 -0.14001943E-02 -0.29161299E-02
  0.42215376E+01  0.13925549E-02 -0.13911003E-02 -0.29044926E-02
  0.42222296E+01  0.13832481E-02 -0.13818102E-02 -0.28928409E-02
  0.42229216E+01  0.13737477E-02 -0.13723264E-02 -0.28811747E-02
  0.42236136E+01  0.13640566E-02 -0.13626519E-02 -0.28694936E-02
  0.42243056E+01  0.13541780E-02 -0.13527899E-02 -0.28577975E-02
  0.42249976E+01  0.13441153E-02 -0.13427438E-02 -0.28460860E-02
  0.42256896E+01  0.13338722E-02 -0.13325172E-02 -0.28343589E-02
  0.42263816E+01  0.13234525E-02 -0.13221139E-02 -0.28226160E-02
  0.42270736E+01  0.13128603E-02 -0.13115382E-02 -0.28108570E-02
  0.42277656E+01  0.13021001E-02 -0.13007943E-02 -0.27990818E-02
  0.42284576E+01  0.12911763E-02 -0.12898869E-02 -0.27872900E-02
  0.42291497E+01  0.12800938E-02 -0.12788206E-02 -0.27754815E-02
  0.42298417E+01  0.12688576E-02 -0.12676006E-02 -0.27636559E-02
  0.42305337E+01  0.12574728E-02 -0.12562320E-02 -0.27518132E-02
  0.42312257E+01  0.12459449E-02 -0.12447202E-02 -0.27399530E-02
  0.42319177E+01  0.12342796E-02 -0.12330709E-02 -0.27280752E-02
  0.42326097E+01  0.12224825E-02 -0.12212897E-02 -0.27161794E-02
  0.42333017E+01  0.12105597E-02 -0.12093828E-02 -0.27042656E-02
  0.42339937E+01  0.11985172E-02 -0.11973562E-02 -0.26923334E-02
  0.42346857E+01  0.11863615E-02 -0.11852162E-02 -0.26803827E-02
  0.42353777E+01  0.11740990E-02 -0.11729693E-02 -0.26684133E-02
  0.42360697E+01  0.11617363E-02 -0.11606222E-02 -0.26564249E-02
  0.42367618E+01  0.11492802E-02 -0.11481815E-02 -0.26444173E-02
  0.42374538E+01  0.11367375E-02 -0.11356542E-02 -0.26323905E-02
  0.42381458E+01  0.11241153E-02 -0.11230473E-02 -0.26203440E-02
  0.42388378E+01  0.11114208E-02 -0.11103679E-02 -0.26082779E-02
  0.42395298E+01  0.10986611E-02 -0.10976233E-02 -0.25961918E-02
  0.42402218E+01  0.10858436E-02 -0.10848208E-02 -0.25840856E-02
  0.42409138E+01  0.10729758E-02 -0.10719679E-02 -0.25719590E-02
  0.42416058E+01  0.10600651E-02 -0.10590720E-02 -0.25598121E-02
  0.42422978E+01  0.10471192E-02 -0.10461407E-02 -0.25476444E-02
  0.42429898E+01  0.10341457E-02 -0.10331817E-02 -0.25354559E-02
  0.42436818E+01  0.10211523E-02 -0.10202027E-02 -0.25232464E-02
  0.42443739E+01  0.10081467E-02 -0.10072114E-02 -0.25110158E-02
  0.42450659E+01  0.99513681E-03 -0.99421556E-03 -0.24987638E-02
  0.42457579E+01  0.98213029E-03 -0.98122304E-03 -0.24864903E-02
  0.42464499E+01  0.96913502E-03 -0.96824162E-03 -0.24741952E-02
  0.42471419E+01  0.95615880E-03 -0.95527912E-03 -0.24618783E-02
  0.42478339E+01  0.94320946E-03 -0.94234334E-03 -0.24495395E-02
  0.42485259E+01  0.93029479E-03 -0.92944209E-03 -0.24371785E-02
  0.42492179E+01  0.91742257E-03 -0.91658313E-03 -0.24247954E-02
  0.42499099E+01  0.90460054E-03 -0.90377420E-03 -0.24123898E-02
  0.42506019E+01  0.89183639E-03 -0.89102299E-03 -0.23999618E-02
  0.42512939E+01  0.87913776E-03 -0.87833714E-03 -0.23875112E-02
  0.42519860E+01  0.86651223E-03 -0.86572422E-03 -0.23750379E-02
  0.42526780E+01  0.85396731E-03 -0.85319173E-03 -0.23625417E-02
  0.42533700E+01  0.84151041E-03 -0.84074710E-03 -0.23500225E-02
  0.42540620E+01  0.82914888E-03 -0.82839765E-03 -0.23374802E-02
  0.42547540E+01  0.81688993E-03 -0.81615060E-03 -0.23249148E-02
  0.42554460E+01  0.80474069E-03 -0.80401308E-03 -0.23123261E-02
  0.42561380E+01  0.79270816E-03 -0.79199207E-03 -0.22997140E-02
  0.42568300E+01  0.78079921E-03 -0.78009446E-03 -0.22870785E-02
  0.42575220E+01  0.76902057E-03 -0.76832696E-03 -0.22744194E-02
  0.42582140E+01  0.75737885E-03 -0.75669618E-03 -0.22617366E-02
  0.42589060E+01  0.74588048E-03 -0.74520855E-03 -0.22490302E-02
  0.42595981E+01  0.73453174E-03 -0.73387034E-03 -0.22363000E-02
  0.42602901E+01  0.72333873E-03 -0.72268766E-03 -0.22235459E-02
  0.42609821E+01  0.71230739E-03 -0.71166643E-03 -0.22107679E-02
  0.42616741E+01  0.70144347E-03 -0.70081241E-03 -0.21979660E-02
  0.42623661E+01  0.69075251E-03 -0.69013113E-03 -0.21851400E-02
  0.42630581E+01  0.68023988E-03 -0.67962797E-03 -0.21722900E-02
  0.42637501E+01  0.66991073E-03 -0.66930806E-03 -0.21594158E-02
  0.42644421E+01  0.65977000E-03 -0.65917635E-03 -0.21465175E-02
  0.42651341E+01  0.64982241E-03 -0.64923755E-03 -0.21335950E-02
  0.42658261E+01  0.64007245E-03 -0.63949615E-03 -0.21206484E-02
  0.42665181E+01  0.63052440E-03 -0.62995644E-03 -0.21076774E-02
  0.42672102E+01  0.62118229E-03 -0.62062242E-03 -0.20946823E-02
  0.42679022E+01  0.61204991E-03 -0.61149790E-03 -0.20816628E-02
  0.42685942E+01  0.60313081E-03 -0.60258642E-03 -0.20686191E-02
  0.42692862E+01  0.59442828E-03 -0.59389127E-03 -0.20555511E-02
  0.42699782E+01  0.58594537E-03 -0.58541549E-03 -0.20424589E-02
  0.42706702E+01  0.57768486E-03 -0.57716188E-03 -0.20293423E-02
  0.42713622E+01  0.56964928E-03 -0.56913295E-03 -0.20162016E-02
  0.42720542E+01  0.56184089E-03 -0.56133096E-03 -0.20030365E-02
  0.42727462E+01  0.55426168E-03 -0.55375790E-03 -0.19898473E-02
  0.42734382E+01  0.54691337E-03 -0.54641549E-03 -0.19766339E-02
  0.42741302E+01  0.53979741E-03 -0.53930519E-03 -0.19633963E-02
  0.42748223E+01  0.53291498E-03 -0.53242816E-03 -0.19501345E-02
  0.42755143E+01  0.52626698E-03 -0.52578531E-03 -0.19368487E-02
  0.42762063E+01  0.51985403E-03 -0.51937725E-03 -0.19235389E-02
  0.42768983E+01  0.51367648E-03 -0.51320434E-03 -0.19102051E-02
  0.42775903E+01  0.50773440E-03 -0.50726664E-03 -0.18968473E-02
  0.42782823E+01  0.50202757E-03 -0.50156394E-03 -0.18834656E-02
  0.42789743E+01  0.49655552E-03 -0.49609575E-03 -0.18700602E-02
  0.42796663E+01  0.49131746E-03 -0.49086130E-03 -0.18566310E-02
  0.42803583E+01  0.48631236E-03 -0.48585956E-03 -0.18431782E-02
  0.42810503E+01  0.48153890E-03 -0.48108920E-03 -0.18297017E-02
  0.42817423E+01  0.47699549E-03 -0.47654863E-03 -0.18162018E-02
  0.42824344E+01  0.47268027E-03 -0.47223599E-03 -0.18026784E-02
  0.42831264E+01  0.46859109E-03 -0.46814914E-03 -0.17891317E-02
  0.42838184E+01  0.46472557E-03 -0.46428569E-03 -0.17755618E-02
  0.42845104E+01  0.46108104E-03 -0.46064297E-03 -0.17619687E-02
  0.42852024E+01  0.45765458E-03 -0.45721806E-03 -0.17483526E-02
  0.42858944E+01  0.45444299E-03 -0.45400778E-03 -0.17347137E-02
  0.42865864E+01  0.45144286E-03 -0.45100869E-03 -0.17210519E-02
  0.42872784E+01  0.44865049E-03 -0.44821712E-03 -0.17073674E-02
  0.42879704E+01  0.44606195E-03 -0.44562913E-03 -0.16936603E-02
  0.42886624E+01  0.44367309E-03 -0.44324056E-03 -0.16799308E-02
  0.42893544E+01  0.44147951E-03 -0.44104702E-03 -0.16661790E-02
  0.42900465E+01  0.43947656E-03 -0.43904387E-03 -0.16524050E-02
  0.42907385E+01  0.43765940E-03 -0.43722626E-03 -0.16386090E-02
  0.42914305E+01  0.43602297E-03 -0.43558913E-03 -0.16247911E-02
  0.42921225E+01  0.43456198E-03 -0.43412721E-03 -0.16109514E-02
  0.42928145E+01  0.43327095E-03 -0.43283500E-03 -0.15970901E-02
  0.42935065E+01  0.43214421E-03 -0.43170683E-03 -0.15832074E-02
  0.42941985E+01  0.43117587E-03 -0.43073684E-03 -0.15693033E-02
  0.42948905E+01  0.43035990E-03 -0.42991898E-03 -0.15553781E-02
  0.42955825E+01  0.42969006E-03 -0.42924702E-03 -0.15414319E-02
  0.42962745E+01  0.42915997E-03 -0.42871457E-03 -0.15274649E-02
  0.42969665E+01  0.42876306E-03 -0.42831508E-03 -0.15134772E-02
  0.42976585E+01  0.42849264E-03 -0.42804186E-03 -0.14994690E-02
  0.42983506E+01  0.42834187E-03 -0.42788805E-03 -0.14854405E-02
  0.42990426E+01  0.42830375E-03 -0.42784669E-03 -0.14713919E-02
  0.42997346E+01  0.42837119E-03 -0.42791066E-03 -0.14573233E-02
  0.43004266E+01  0.42853696E-03 -0.42807276E-03 -0.14432350E-02
  0.43011186E+01  0.42879375E-03 -0.42832566E-03 -0.14291270E-02
  0.43018106E+01  0.42913412E-03 -0.42866193E-03 -0.14149996E-02
  0.43025026E+01  0.42955056E-03 -0.42907407E-03 -0.14008530E-02
  0.43031946E+01  0.43003548E-03 -0.42955448E-03 -0.13866874E-02
  0.43038866E+01  0.43058121E-03 -0.43009551E-03 -0.13725029E-02
  0.43045786E+01  0.43118003E-03 -0.43068944E-03 -0.13582998E-02
  0.43052706E+01  0.43182417E-03 -0.43132850E-03 -0.13440783E-02
  0.43059627E+01  0.43250581E-03 -0.43200487E-03 -0.13298385E-02
  0.43066547E+01  0.43321712E-03 -0.43271072E-03 -0.13155806E-02
  0.43073467E+01  0.43395022E-03 -0.43343819E-03 -0.13013049E-02
  0.43080387E+01  0.43469724E-03 -0.43417939E-03 -0.12870116E-02
  0.43087307E+01  0.43545030E-03 -0.43492647E-03 -0.12727008E-02
  0.43094227E+01  0.43620153E-03 -0.43567155E-03 -0.12583728E-02
  0.43101147E+01  0.43694308E-03 -0.43640680E-03 -0.12440278E-02
  0.43108067E+01  0.43766714E-03 -0.43712438E-03 -0.12296660E-02
  0.43114987E+01  0.43836591E-03 -0.43781652E-03 -0.12152876E-02
  0.43121907E+01  0.43903166E-03 -0.43847549E-03 -0.12008928E-02
  0.43128827E+01  0.43965672E-03 -0.43909362E-03 -0.11864818E-02
  0.43135748E+01  0.44023347E-03 -0.43966330E-03 -0.11720549E-02
  0.43142668E+01  0.44075438E-03 -0.44017700E-03 -0.11576122E-02
  0.43149588E+01  0.44121200E-03 -0.44062727E-03 -0.11431540E-02
  0.43156508E+01  0.44159897E-03 -0.44100678E-03 -0.11286805E-02
  0.43163428E+01  0.44190807E-03 -0.44130827E-03 -0.11141919E-02
  0.43170348E+01  0.44213214E-03 -0.44152462E-03 -0.10996885E-02
  0.43177268E+01  0.44226418E-03 -0.44164882E-03 -0.10851704E-02
  0.43184188E+01  0.44229731E-03 -0.44167400E-03 -0.10706378E-02
  0.43191108E+01  0.44222479E-03 -0.44159341E-03 -0.10560911E-02
  0.43198028E+01  0.44204003E-03 -0.44140049E-03 -0.10415303E-02
  0.43204948E+01  0.44173660E-03 -0.44108879E-03 -0.10269558E-02
  0.43211869E+01  0.44130822E-03 -0.44065206E-03 -0.10123677E-02
  0.43218789E+01  0.44074881E-03 -0.44008420E-03 -0.99776635E-03
  0.43225709E+01  0.44005245E-03 -0.43937930E-03 -0.98315184E-03
  0.43232629E+01  0.43921340E-03 -0.43853163E-03 -0.96852445E-03
  0.43239549E+01  0.43822614E-03 -0.43753567E-03 -0.95388439E-03
  0.43246469E+01  0.43708533E-03 -0.43638609E-03 -0.93923189E-03
  0.43253389E+01  0.43578584E-03 -0.43507777E-03 -0.92456715E-03
  0.43260309E+01  0.43432278E-03 -0.43360581E-03 -0.90989041E-03
  0.43267229E+01  0.43269144E-03 -0.43196551E-03 -0.89520188E-03
  0.43274149E+01  0.43088738E-03 -0.43015243E-03 -0.88050178E-03
  0.43281069E+01  0.42890635E-03 -0.42816233E-03 -0.86579034E-03
  0.43287990E+01  0.42674436E-03 -0.42599122E-03 -0.85106776E-03
  0.43294910E+01  0.42439766E-03 -0.42363537E-03 -0.83633427E-03
  0.43301830E+01  0.42186275E-03 -0.42109127E-03 -0.82159008E-03
  0.43308750E+01  0.41913638E-03 -0.41835566E-03 -0.80683541E-03
  0.43315670E+01  0.41621554E-03 -0.41542556E-03 -0.79207048E-03
  0.43322590E+01  0.41309749E-03 -0.41229823E-03 -0.77729549E-03
  0.43329510E+01  0.40977976E-03 -0.40897119E-03 -0.76251068E-03
  0.43336430E+01  0.40626013E-03 -0.40544223E-03 -0.74771624E-03
  0.43343350E+01  0.40253665E-03 -0.40170941E-03 -0.73291239E-03
  0.43350270E+01  0.39860765E-03 -0.39777106E-03 -0.71809935E-03
  0.43357190E+01  0.39447172E-03 -0.39362577E-03 -0.70327732E-03
  0.43364111E+01  0.39012773E-03 -0.38927243E-03 -0.68844652E-03
  0.43371031E+01  0.38557483E-03 -0.38471017E-03 -0.67360715E-03
  0.43377951E+01  0.38081242E-03 -0.37993841E-03 -0.65875943E-03
  0.43384871E+01  0.37584021E-03 -0.37495685E-03 -0.64390355E-03
  0.43391791E+01  0.37065817E-03 -0.36976548E-03 -0.62903973E-03
  0.43398711E+01  0.36526653E-03 -0.36436452E-03 -0.61416817E-03
  0.43405631E+01  0.35966582E-03 -0.35875452E-03 -0.59928907E-03
  0.43412551E+01  0.35385685E-03 -0.35293627E-03 -0.58440265E-03
  0.43419471E+01  0.34784067E-03 -0.34691085E-03 -0.56950909E-03
  0.43426391E+01  0.34161863E-03 -0.34067959E-03 -0.55460861E-03
  0.43433311E+01  0.33519233E-03 -0.33424411E-03 -0.53970139E-03
  0.43440232E+01  0.32856367E-03 -0.32760630E-03 -0.52478765E-03
  0.43447152E+01  0.32173478E-03 -0.32076829E-03 -0.50986758E-03
  0.43454072E+01  0.31470807E-03 -0.31373251E-03 -0.49494137E-03
  0.43460992E+01  0.30748621E-03 -0.30650162E-03 -0.48000922E-03
  0.43467912E+01  0.30007210E-03 -0.29907854E-03 -0.46507133E-03
  0.43474832E+01  0.29246894E-03 -0.29146645E-03 -0.45012788E-03
  0.43481752E+01  0.28468013E-03 -0.28366876E-03 -0.43517908E-03
  0.43488672E+01  0.27670934E-03 -0.27568915E-03 -0.42022511E-03
  0.43495592E+01  0.26856046E-03 -0.26753151E-03 -0.40526617E-03
  0.43502512E+01  0.26023764E-03 -0.25919998E-03 -0.39030243E-03
  0.43509432E+01  0.25174522E-03 -0.25069892E-03 -0.37533410E-03
  0.43516353E+01  0.24308779E-03 -0.24203292E-03 -0.36036136E-03
  0.43523273E+01  0.23427015E-03 -0.23320676E-03 -0.34538439E-03
  0.43530193E+01  0.22529729E-03 -0.22422546E-03 -0.33040338E-03
  0.43537113E+01  0.21617443E-03 -0.21509423E-03 -0.31541852E-03
  0.43544033E+01  0.20690696E-03 -0.20581847E-03 -0.30042999E-03
  0.43550953E+01  0.19750049E-03 -0.19640377E-03 -0.28543797E-03
  0.43557873E+01  0.18796077E-03 -0.18685592E-03 -0.27044264E-03
  0.43564793E+01  0.17829377E-03 -0.17718084E-03 -0.25544419E-03
  0.43571713E+01  0.16850558E-03 -0.16738467E-03 -0.24044280E-03
  0.43578633E+01  0.15860248E-03 -0.15747366E-03 -0.22543864E-03
  0.43585553E+01  0.14859089E-03 -0.14745424E-03 -0.21043189E-03
  0.43592474E+01  0.13847736E-03 -0.13733298E-03 -0.19542274E-03
  0.43599394E+01  0.12826859E-03 -0.12711656E-03 -0.18041135E-03
  0.43606314E+01  0.11797140E-03 -0.11681180E-03 -0.16539792E-03
  0.43613234E+01  0.10759271E-03 -0.10642564E-03 -0.15038261E-03
  0.43620154E+01  0.97139576E-04 -0.95965119E-04 -0.13536559E-03
  0.43627074E+01  0.86619117E-04 -0.85437365E-04 -0.12034705E-03
  0.43633994E+01  0.76038560E-04 -0.74849604E-04 -0.10532717E-03
  0.43640914E+01  0.65405205E-04 -0.64209138E-04 -0.90306100E-04
  0.43647834E+01  0.54726420E-04 -0.53523336E-04 -0.75284033E-04
  0.43654754E+01  0.44009633E-04 -0.42799626E-04 -0.60261137E-04
  0.43661674E+01  0.33262321E-04 -0.32045486E-04 -0.45237587E-04
  0.43668595E+01  0.22491999E-04 -0.21268434E-04 -0.30213554E-04
  0.43675515E+01  0.11706215E-04 -0.10476015E-04 -0.15189213E-04
  0.43682432E+01  0.91253397E-06  0.32420346E-06 -0.16473516E-06
  0.43689349E+01  0.62530033E-04  0.95360608E-04 -0.18017739E-06
  0.43696266E+01  0.12415064E-03  0.19040046E-03 -0.19573462E-06
  0.43703183E+01  0.18577761E-03  0.28544729E-03 -0.21139670E-06
  0.43710100E+01  0.24741420E-03  0.38050465E-03 -0.22715330E-06
  0.43717017E+01  0.30906364E-03  0.47557607E-03 -0.24299405E-06
  0.43723934E+01  0.37072922E-03  0.57066511E-03 -0.25890851E-06
  0.43730851E+01  0.43241417E-03  0.66577530E-03 -0.27488606E-06
  0.43737768E+01  0.49412177E-03  0.76091021E-03 -0.29091612E-06
  0.43744685E+01  0.55585528E-03  0.85607339E-03 -0.30698797E-06
  0.43751602E+01  0.61761797E-03  0.95126838E-03 -0.32309087E-06
  0.43758519E+01  0.67941312E-03  0.10464988E-02 -0.33921399E-06
  0.43765436E+01  0.74124402E-03  0.11417681E-02 -0.35534647E-06
  0.43772353E+01  0.80311394E-03  0.12370800E-02 -0.37147742E-06
  0.43779270E+01  0.86502619E-03  0.13324380E-02 -0.38759595E-06
  0.43786187E+01  0.92698407E-03  0.14278457E-02 -0.40369105E-06
  0.43793104E+01  0.98899089E-03  0.15233068E-02 -0.41975181E-06
  0.43800021E+01  0.10510500E-02  0.16188247E-02 -0.43576722E-06
  0.43806938E+01  0.11131646E-02  0.17144032E-02 -0.45172635E-06
  0.43813855E+01  0.11753382E-02  0.18100458E-02 -0.46761820E-06
  0.43820772E+01  0.12375741E-02  0.19057563E-02 -0.48343186E-06
  0.43827689E+01  0.12998756E-02  0.20015382E-02 -0.49915637E-06
  0.43834606E+01  0.13622462E-02  0.20973951E-02 -0.51478087E-06
  0.43841523E+01  0.14246891E-02  0.21933309E-02 -0.53029447E-06
  0.43848440E+01  0.14872078E-02  0.22893491E-02 -0.54568640E-06
  0.43855357E+01  0.15498058E-02  0.23854535E-02 -0.56094588E-06
  0.43862274E+01  0.16124863E-02  0.24816477E-02 -0.57606222E-06
  0.43869191E+01  0.16752530E-02  0.25779355E-02 -0.59102478E-06
  0.43876108E+01  0.17381091E-02  0.26743206E-02 -0.60582304E-06
  0.43883025E+01  0.18010583E-02  0.27708069E-02 -0.62044651E-06
  0.43889942E+01  0.18641039E-02  0.28673979E-02 -0.63488482E-06
  0.43896859E+01  0.19272495E-02  0.29640976E-02 -0.64912770E-06
  0.43903776E+01  0.19904987E-02  0.30609098E-02 -0.66316498E-06
  0.43910693E+01  0.20538549E-02  0.31578382E-02 -0.67698657E-06
  0.43917610E+01  0.21173217E-02  0.32548867E-02 -0.69058256E-06
  0.43924527E+01  0.21809027E-02  0.33520592E-02 -0.70394311E-06
  0.43931444E+01  0.22446014E-02  0.34493596E-02 -0.71705858E-06
  0.43938361E+01  0.23084216E-02  0.35467917E-02 -0.72991939E-06
  0.43945278E+01  0.23723669E-02  0.36443594E-02 -0.74251617E-06
  0.43952195E+01  0.24364408E-02  0.37420668E-02 -0.75483967E-06
  0.43959112E+01  0.25006472E-02  0.38399178E-02 -0.76688081E-06
  0.43966029E+01  0.25649897E-02  0.39379163E-02 -0.77863072E-06
  0.43972946E+01  0.26294720E-02  0.40360665E-02 -0.79008060E-06
  0.43979863E+01  0.26940979E-02  0.41343723E-02 -0.80122195E-06
  0.43986780E+01  0.27588713E-02  0.42328377E-02 -0.81204635E-06
  0.43993697E+01  0.28237958E-02  0.43314669E-02 -0.82254565E-06
  0.44000614E+01  0.28888754E-02  0.44302641E-02 -0.83271185E-06
  0.44007531E+01  0.29541139E-02  0.45292333E-02 -0.84253720E-06
  0.44014448E+01  0.30195152E-02  0.46283786E-02 -0.85201411E-06
  0.44021365E+01  0.30850832E-02  0.47277044E-02 -0.86113521E-06
  0.44028282E+01  0.31508220E-02  0.48272148E-02 -0.86989340E-06
  0.44035199E+01  0.32167354E-02  0.49269141E-02 -0.87828176E-06
  0.44042116E+01  0.32828274E-02  0.50268066E-02 -0.88629360E-06
  0.44049033E+01  0.33491023E-02  0.51268966E-02 -0.89392248E-06
  0.44055950E+01  0.34155639E-02  0.52271885E-02 -0.90116219E-06
  0.44062867E+01  0.34822165E-02  0.53276866E-02 -0.90800680E-06
  0.44069784E+01  0.35490641E-02  0.54283953E-02 -0.91445057E-06
  0.44076701E+01  0.36161111E-02  0.55293192E-02 -0.92048806E-06
  0.44083618E+01  0.36833615E-02  0.56304626E-02 -0.92611405E-06
  0.44090535E+01  0.37508196E-02  0.57318302E-02 -0.93132361E-06
  0.44097452E+01  0.38184898E-02  0.58334264E-02 -0.93611207E-06
  0.44104369E+01  0.38863764E-02  0.59352560E-02 -0.94047502E-06
  0.44111286E+01  0.39544837E-02  0.60373234E-02 -0.94440833E-06
  0.44118203E+01  0.40228162E-02  0.61396334E-02 -0.94790812E-06
  0.44125120E+01  0.40913782E-02  0.62421908E-02 -0.95097082E-06
  0.44132037E+01  0.41601744E-02  0.63450002E-02 -0.95359313E-06
  0.44138954E+01  0.42292092E-02  0.64480664E-02 -0.95577202E-06
  0.44145871E+01  0.42984872E-02  0.65513944E-02 -0.95750477E-06
  0.44152788E+01  0.43680131E-02  0.66549890E-02 -0.95878894E-06
  0.44159705E+01  0.44377915E-02  0.67588550E-02 -0.95962234E-06
  0.44166622E+01  0.45078271E-02  0.68629975E-02 -0.96000313E-06
  0.44173540E+01  0.45781248E-02  0.69674216E-02 -0.95992973E-06
  0.44180457E+01  0.46486892E-02  0.70721322E-02 -0.95940086E-06
  0.44187374E+01  0.47195253E-02  0.71771345E-02 -0.95841557E-06
  0.44194291E+01  0.47906380E-02  0.72824336E-02 -0.95697311E-06
  0.44201208E+01  0.48620322E-02  0.73880347E-02 -0.95507313E-06
  0.44208125E+01  0.49337130E-02  0.74939432E-02 -0.95271555E-06
  0.44215042E+01  0.50056854E-02  0.76001643E-02 -0.94990054E-06
  0.44221959E+01  0.50779545E-02  0.77067034E-02 -0.94662864E-06
  0.44228876E+01  0.51505255E-02  0.78135659E-02 -0.94290064E-06
  0.44235793E+01  0.52234037E-02  0.79207572E-02 -0.93871764E-06
  0.44242710E+01  0.52965943E-02  0.80282830E-02 -0.93408106E-06
  0.44249627E+01  0.53701027E-02  0.81361488E-02 -0.92899258E-06
  0.44256544E+01  0.54439343E-02  0.82443601E-02 -0.92345418E-06
  0.44263461E+01  0.55180945E-02  0.83529229E-02 -0.91746817E-06
  0.44270378E+01  0.55925889E-02  0.84618427E-02 -0.91103713E-06
  0.44277295E+01  0.56674231E-02  0.85711254E-02 -0.90416390E-06
  0.44284212E+01  0.57426026E-02  0.86807769E-02 -0.89685173E-06
  0.44291129E+01  0.58181333E-02  0.87908032E-02 -0.88910398E-06
  0.44298046E+01  0.58940209E-02  0.89012102E-02 -0.88092446E-06
  0.44304963E+01  0.59702713E-02  0.90120040E-02 -0.87231715E-06
  0.44311880E+01  0.60468903E-02  0.91231908E-02 -0.86328639E-06
  0.44318797E+01  0.61238840E-02  0.92347767E-02 -0.85383674E-06
  0.44325714E+01  0.62012584E-02  0.93467681E-02 -0.84397308E-06
  0.44332631E+01  0.62790196E-02  0.94591713E-02 -0.83370055E-06
  0.44339548E+01  0.63571740E-02  0.95719928E-02 -0.82302454E-06
  0.44346465E+01  0.64357276E-02  0.96852389E-02 -0.81195077E-06
  0.44353382E+01  0.65146869E-02  0.97989162E-02 -0.80048511E-06
  0.44360299E+01  0.65940584E-02  0.99130315E-02 -0.78863380E-06
  0.44367216E+01  0.66738484E-02  0.10027591E-01 -0.77640328E-06
  0.44374133E+01  0.67540637E-02  0.10142603E-01 -0.76380026E-06
  0.44381050E+01  0.68347109E-02  0.10258072E-01 -0.75083170E-06
  0.44387967E+01  0.69157967E-02  0.10374007E-01 -0.73750476E-06
  0.44394884E+01  0.69973280E-02  0.10490414E-01 -0.72382692E-06
  0.44401801E+01  0.70793116E-02  0.10607301E-01 -0.70980579E-06
  0.44408718E+01  0.71617547E-02  0.10724674E-01 -0.69544929E-06
  0.44415635E+01  0.72446643E-02  0.10842541E-01 -0.68076556E-06
  0.44422552E+01  0.73280476E-02  0.10960909E-01 -0.66576290E-06
  0.44429469E+01  0.74119118E-02  0.11079786E-01 -0.65044984E-06
  0.44436386E+01  0.74962645E-02  0.11199179E-01 -0.63483515E-06
  0.44443303E+01  0.75811129E-02  0.11319096E-01 -0.61892779E-06
  0.44450220E+01  0.76664647E-02  0.11439545E-01 -0.60273688E-06
  0.44457137E+01  0.77523276E-02  0.11560533E-01 -0.58627181E-06
  0.44464054E+01  0.78387093E-02  0.11682069E-01 -0.56954203E-06
  0.44470971E+01  0.79256177E-02  0.11804160E-01 -0.55255730E-06
  0.44477888E+01  0.80130607E-02  0.11926815E-01 -0.53532743E-06
  0.44484805E+01  0.81010465E-02  0.12050041E-01 -0.51786245E-06
  0.44491722E+01  0.81895832E-02  0.12173848E-01 -0.50017259E-06
  0.44498639E+01  0.82786791E-02  0.12298243E-01 -0.48226815E-06
  0.44505556E+01  0.83683426E-02  0.12423236E-01 -0.46415962E-06
  0.44512473E+01  0.84585822E-02  0.12548834E-01 -0.44585761E-06
  0.44519390E+01  0.85494066E-02  0.12675047E-01 -0.42737286E-06
  0.44526307E+01  0.86408245E-02  0.12801883E-01 -0.40871624E-06
  0.44533224E+01  0.87328448E-02  0.12929352E-01 -0.38989875E-06
  0.44540141E+01  0.88254764E-02  0.13057462E-01 -0.37093147E-06
  0.44547058E+01  0.89187285E-02  0.13186223E-01 -0.35182557E-06
  0.44553975E+01  0.90126103E-02  0.13315645E-01 -0.33259235E-06
  0.44560892E+01  0.91071311E-02  0.13445735E-01 -0.31324317E-06
  0.44567809E+01  0.92023005E-02  0.13576506E-01 -0.29378948E-06
  0.44574726E+01  0.92981281E-02  0.13707965E-01 -0.27424281E-06
  0.44581643E+01  0.93946236E-02  0.13840123E-01 -0.25461471E-06
  0.44588560E+01  0.94917969E-02  0.13972990E-01 -0.23491681E-06
  0.44595477E+01  0.95896581E-02  0.14106576E-01 -0.21516085E-06
  0.44602394E+01  0.96882173E-02  0.14240891E-01 -0.19535851E-06
  0.44609311E+01  0.97874848E-02  0.14375945E-01 -0.17552153E-06
  0.44616228E+01  0.98874711E-02  0.14511750E-01 -0.15566169E-06
  0.44623145E+01  0.99881869E-02  0.14648316E-01 -0.13579084E-06
  0.44630062E+01  0.10089643E-01  0.14785654E-01 -0.11592070E-06
  0.44636979E+01  0.10191850E-01  0.14923774E-01 -0.96063111E-07
  0.44643896E+01  0.10294819E-01  0.15062688E-01 -0.76229870E-07
  0.44650813E+01  0.10398561E-01  0.15202407E-01 -0.56432748E-07
  0.44657730E+01  0.10503089E-01  0.15342942E-01 -0.36683496E-07
  0.44664647E+01  0.10608412E-01  0.15484306E-01 -0.16993831E-07
  0.44671564E+01  0.10714544E-01  0.15626510E-01  0.26245210E-08
  0.44678481E+01  0.10821496E-01  0.15769565E-01  0.22159956E-07
  0.44685398E+01  0.10929279E-01  0.15913484E-01  0.41600858E-07
  0.44692315E+01  0.11037907E-01  0.16058280E-01  0.60935744E-07
  0.44699232E+01  0.11147392E-01  0.16203964E-01  0.80153128E-07
  0.44706149E+01  0.11257745E-01  0.16350550E-01  0.99241653E-07
  0.44713066E+01  0.11368981E-01  0.16498049E-01  0.11818999E-06
  0.44719983E+01  0.11481112E-01  0.16646476E-01  0.13698699E-06
  0.44726900E+01  0.11594151E-01  0.16795843E-01  0.15562151E-06
  0.44733817E+01  0.11708112E-01  0.16946163E-01  0.17408259E-06
  0.44740734E+01  0.11823008E-01  0.17097451E-01  0.19235930E-06
  0.44747651E+01  0.11938852E-01  0.17249719E-01  0.21044093E-06
  0.44754568E+01  0.12055660E-01  0.17402983E-01  0.22831679E-06
  0.44761486E+01  0.12173444E-01  0.17557255E-01  0.24597643E-06
  0.44768403E+01  0.12292220E-01  0.17712550E-01  0.26340950E-06
  0.44775320E+01  0.12412003E-01  0.17868884E-01  0.28060577E-06
  0.44782237E+01  0.12532806E-01  0.18026270E-01  0.29755517E-06
  0.44789154E+01  0.12654644E-01  0.18184724E-01  0.31424787E-06
  0.44796071E+01  0.12777535E-01  0.18344260E-01  0.33067416E-06
  0.44802988E+01  0.12901492E-01  0.18504896E-01  0.34682437E-06
  0.44809905E+01  0.13026531E-01  0.18666645E-01  0.36268928E-06
  0.44816822E+01  0.13152669E-01  0.18829524E-01  0.37825964E-06
  0.44823739E+01  0.13279922E-01  0.18993549E-01  0.39352650E-06
  0.44830656E+01  0.13408306E-01  0.19158737E-01  0.40848106E-06
  0.44837573E+01  0.13537838E-01  0.19325103E-01  0.42311475E-06
  0.44844490E+01  0.13668535E-01  0.19492666E-01  0.43741921E-06
  0.44851407E+01  0.13800415E-01  0.19661442E-01  0.45138627E-06
  0.44858324E+01  0.13933494E-01  0.19831449E-01  0.46500800E-06
  0.44865241E+01  0.14067791E-01  0.20002704E-01  0.47827672E-06
  0.44872158E+01  0.14203323E-01  0.20175225E-01  0.49118493E-06
  0.44879075E+01  0.14340110E-01  0.20349031E-01  0.50372540E-06
  0.44885992E+01  0.14478170E-01  0.20524139E-01  0.51589118E-06
  0.44892909E+01  0.14617521E-01  0.20700570E-01  0.52767542E-06
  0.44899826E+01  0.14758184E-01  0.20878341E-01  0.53907174E-06
  0.44906743E+01  0.14900177E-01  0.21057473E-01  0.55007381E-06
  0.44913660E+01  0.15043521E-01  0.21237984E-01  0.56067567E-06
  0.44920577E+01  0.15188235E-01  0.21419896E-01  0.57087158E-06
  0.44927494E+01  0.15334340E-01  0.21603227E-01  0.58065610E-06
  0.44934411E+01  0.15481858E-01  0.21788000E-01  0.59002399E-06
  0.44941328E+01  0.15630809E-01  0.21974234E-01  0.59897036E-06
  0.44948245E+01  0.15781214E-01  0.22161952E-01  0.60749058E-06
  0.44955162E+01  0.15933097E-01  0.22351174E-01  0.61558024E-06
  0.44962079E+01  0.16086478E-01  0.22541923E-01  0.62323522E-06
  0.44968996E+01  0.16241380E-01  0.22734221E-01  0.63045181E-06
  0.44975913E+01  0.16397827E-01  0.22928091E-01  0.63722640E-06
  0.44982830E+01  0.16555842E-01  0.23123555E-01  0.64355572E-06
  0.44989747E+01  0.16715448E-01  0.23320638E-01  0.64943694E-06
  0.44996664E+01  0.16876670E-01  0.23519362E-01  0.65486731E-06
  0.45003581E+01  0.17039532E-01  0.23719753E-01  0.65984451E-06
  0.45010498E+01  0.17204058E-01  0.23921834E-01  0.66436642E-06
  0.45017415E+01  0.17370275E-01  0.24125632E-01  0.66843130E-06
  0.45024332E+01  0.17538208E-01  0.24331170E-01  0.67203765E-06
  0.45031249E+01  0.17707883E-01  0.24538475E-01  0.67518433E-06
  0.45038166E+01  0.17879327E-01  0.24747573E-01  0.67787033E-06
  0.45045083E+01  0.18052566E-01  0.24958491E-01  0.68009516E-06
  0.45052000E+01  0.18227629E-01  0.25171256E-01  0.68185847E-06
  0.45058917E+01  0.18404542E-01  0.25385895E-01  0.68316028E-06
  0.45065834E+01  0.18583336E-01  0.25602437E-01  0.68400082E-06
  0.45072751E+01  0.18764038E-01  0.25820910E-01  0.68438078E-06
  0.45079668E+01  0.18946677E-01  0.26041342E-01  0.68430093E-06
  0.45086585E+01  0.19131285E-01  0.26263764E-01  0.68376257E-06
  0.45093502E+01  0.19317890E-01  0.26488205E-01  0.68276704E-06
  0.45100419E+01  0.19506525E-01  0.26714696E-01  0.68131620E-06
  0.45107336E+01  0.19697219E-01  0.26943267E-01  0.67941206E-06
  0.45114253E+01  0.19890007E-01  0.27173950E-01  0.67705692E-06
  0.45121170E+01  0.20084919E-01  0.27406778E-01  0.67425346E-06
  0.45128087E+01  0.20281989E-01  0.27641782E-01  0.67100458E-06
  0.45135004E+01  0.20481251E-01  0.27878996E-01  0.66731343E-06
  0.45141921E+01  0.20682739E-01  0.28118454E-01  0.66318349E-06
  0.45148838E+01  0.20886487E-01  0.28360189E-01  0.65861854E-06
  0.45155755E+01  0.21092532E-01  0.28604237E-01  0.65362259E-06
  0.45162672E+01  0.21300908E-01  0.28850633E-01  0.64819987E-06
  0.45169589E+01  0.21511654E-01  0.29099414E-01  0.64235501E-06
  0.45176506E+01  0.21724805E-01  0.29350615E-01  0.63609274E-06
  0.45183423E+01  0.21940401E-01  0.29604275E-01  0.62941825E-06
  0.45190340E+01  0.22158480E-01  0.29860431E-01  0.62233674E-06
  0.45197257E+01  0.22379080E-01  0.30119123E-01  0.61485393E-06
  0.45204174E+01  0.22602243E-01  0.30380389E-01  0.60697559E-06
  0.45211091E+01  0.22828009E-01  0.30644269E-01  0.59870782E-06
  0.45218008E+01  0.23056418E-01  0.30910804E-01  0.59005696E-06
  0.45224925E+01  0.23287515E-01  0.31180037E-01  0.58102945E-06
  0.45231842E+01  0.23521341E-01  0.31452008E-01  0.57163224E-06
  0.45238759E+01  0.23757940E-01  0.31726762E-01  0.56187228E-06
  0.45245676E+01  0.23997356E-01  0.32004342E-01  0.55175674E-06
  0.45252593E+01  0.24239636E-01  0.32284792E-01  0.54129309E-06
  0.45259510E+01  0.24484825E-01  0.32568157E-01  0.53048901E-06
  0.45266427E+01  0.24732970E-01  0.32854485E-01  0.51935239E-06
  0.45273344E+01  0.24984119E-01  0.33143822E-01  0.50789126E-06
  0.45280261E+01  0.25238321E-01  0.33436217E-01  0.49611387E-06
  0.45287178E+01  0.25495625E-01  0.33731716E-01  0.48402868E-06
  0.45294095E+01  0.25756082E-01  0.34030372E-01  0.47164424E-06
  0.45301012E+01  0.26019743E-01  0.34332233E-01  0.45896941E-06
  0.45307929E+01  0.26286661E-01  0.34637353E-01  0.44601323E-06
  0.45314846E+01  0.26556888E-01  0.34945782E-01  0.43278469E-06
  0.45321763E+01  0.26830480E-01  0.35257575E-01  0.41929314E-06
  0.45328680E+01  0.27107492E-01  0.35572786E-01  0.40554802E-06
  0.45335597E+01  0.27387980E-01  0.35891471E-01  0.39155887E-06
  0.45342515E+01  0.27672002E-01  0.36213685E-01  0.37733550E-06
  0.45349432E+01  0.27959615E-01  0.36539487E-01  0.36288767E-06
  0.45356349E+01  0.28250881E-01  0.36868936E-01  0.34822535E-06
  0.45363266E+01  0.28545858E-01  0.37202091E-01  0.33335871E-06
  0.45370183E+01  0.28844611E-01  0.37539013E-01  0.31829783E-06
  0.45377100E+01  0.29147201E-01  0.37879764E-01  0.30305311E-06
  0.45384017E+01  0.29453692E-01  0.38224407E-01  0.28763491E-06
  0.45390934E+01  0.29764152E-01  0.38573007E-01  0.27205369E-06
  0.45397851E+01  0.30078645E-01  0.38925630E-01  0.25632001E-06
  0.45404768E+01  0.30397241E-01  0.39282342E-01  0.24044452E-06
  0.45411685E+01  0.30720008E-01  0.39643213E-01  0.22443791E-06
  0.45418602E+01  0.31047018E-01  0.40008310E-01  0.20831101E-06
  0.45425519E+01  0.31378342E-01  0.40377707E-01  0.19207456E-06
  0.45432436E+01  0.31714054E-01  0.40751474E-01  0.17573946E-06
  0.45439353E+01  0.32054230E-01  0.41129686E-01  0.15931659E-06
  0.45446270E+01  0.32398944E-01  0.41512417E-01  0.14281685E-06
  0.45453187E+01  0.32748276E-01  0.41899745E-01  0.12625121E-06
  0.45460104E+01  0.33102305E-01  0.42291748E-01  0.10963068E-06
  0.45467021E+01  0.33461112E-01  0.42688506E-01  0.92966136E-07
  0.45473938E+01  0.33824779E-01  0.43090099E-01  0.76268696E-07
  0.45480855E+01  0.34193391E-01  0.43496611E-01  0.59549184E-07
  0.45487772E+01  0.34567034E-01  0.43908127E-01  0.42818643E-07
  0.45494689E+01  0.34945795E-01  0.44324733E-01  0.26087898E-07
  0.45501606E+01  0.35329764E-01  0.44746517E-01  0.93679769E-08
  0.45508523E+01  0.35719033E-01  0.45173569E-01 -0.73303388E-08
  0.45515440E+01  0.36113693E-01  0.45605981E-01 -0.23996153E-07
  0.45522357E+01  0.36513841E-01  0.46043845E-01 -0.40618833E-07
  0.45529274E+01  0.36919573E-01  0.46487259E-01 -0.57187473E-07
  0.45536191E+01  0.37330988E-01  0.46936319E-01 -0.73691561E-07
  0.45543108E+01  0.37748188E-01  0.47391124E-01 -0.90120528E-07
  0.45550025E+01  0.38171274E-01  0.47851777E-01 -0.10646372E-06
  0.45556942E+01  0.38600352E-01  0.48318380E-01 -0.12271086E-06
  0.45563859E+01  0.39035530E-01  0.48791040E-01 -0.13885163E-06
  0.45570776E+01  0.39476918E-01  0.49269864E-01 -0.15487570E-06
  0.45577693E+01  0.39924625E-01  0.49754964E-01 -0.17077313E-06
  0.45584610E+01  0.40378769E-01  0.50246450E-01 -0.18653366E-06
  0.45591527E+01  0.40839463E-01  0.50744439E-01 -0.20214761E-06
  0.45598444E+01  0.41306828E-01  0.51249047E-01 -0.21760513E-06
  0.45605361E+01  0.41780986E-01  0.51760394E-01 -0.23289656E-06
  0.45612278E+01  0.42262059E-01  0.52278604E-01 -0.24801243E-06
  0.45619195E+01  0.42750175E-01  0.52803800E-01 -0.26294342E-06
  0.45626112E+01  0.43245464E-01  0.53336110E-01 -0.27768034E-06
  0.45633029E+01  0.43748057E-01  0.53875666E-01 -0.29221406E-06
  0.45639946E+01  0.44258090E-01  0.54422599E-01 -0.30653567E-06
  0.45646863E+01  0.44775700E-01  0.54977046E-01 -0.32063657E-06
  0.45653780E+01  0.45301029E-01  0.55539147E-01 -0.33450817E-06
  0.45660697E+01  0.45834220E-01  0.56109043E-01 -0.34814199E-06
  0.45667614E+01  0.46375421E-01  0.56686879E-01 -0.36152991E-06
  0.45674531E+01  0.46924781E-01  0.57272804E-01 -0.37466402E-06
  0.45681448E+01  0.47482455E-01  0.57866970E-01 -0.38753628E-06
  0.45688365E+01  0.48048599E-01  0.58469531E-01 -0.40013914E-06
  0.45695282E+01  0.48623374E-01  0.59080647E-01 -0.41246537E-06
  0.45702199E+01  0.49206944E-01  0.59700478E-01 -0.42450758E-06
  0.45709116E+01  0.49799476E-01  0.60329190E-01 -0.43625878E-06
  0.45716033E+01  0.50401143E-01  0.60966953E-01 -0.44771220E-06
  0.45722950E+01  0.51012118E-01  0.61613940E-01 -0.45886128E-06
  0.45729867E+01  0.51632582E-01  0.62270328E-01 -0.46969967E-06
  0.45736784E+01  0.52262718E-01  0.62936298E-01 -0.48022124E-06
  0.45743701E+01  0.52902712E-01  0.63612034E-01 -0.49042002E-06
  0.45750618E+01  0.53552756E-01  0.64297727E-01 -0.50029044E-06
  0.45757535E+01  0.54213047E-01  0.64993570E-01 -0.50982706E-06
  0.45764452E+01  0.54883785E-01  0.65699761E-01 -0.51902469E-06
  0.45771369E+01  0.55565175E-01  0.66416502E-01 -0.52787830E-06
  0.45778286E+01  0.56257427E-01  0.67144002E-01 -0.53638326E-06
  0.45785203E+01  0.56960754E-01  0.67882472E-01 -0.54453511E-06
  0.45792120E+01  0.57675378E-01  0.68632129E-01 -0.55232967E-06
  0.45799037E+01  0.58401522E-01  0.69393196E-01 -0.55976287E-06
  0.45805954E+01  0.59139417E-01  0.70165900E-01 -0.56683105E-06
  0.45812871E+01  0.59889298E-01  0.70950475E-01 -0.57353087E-06
  0.45819788E+01  0.60651406E-01  0.71747157E-01 -0.57985894E-06
  0.45826705E+01  0.61425987E-01  0.72556192E-01 -0.58581243E-06
  0.45833622E+01  0.62213294E-01  0.73377828E-01 -0.59138871E-06
  0.45840539E+01  0.63013586E-01  0.74212323E-01 -0.59658518E-06
  0.45847456E+01  0.63827127E-01  0.75059937E-01 -0.60139983E-06
  0.45854373E+01  0.64654187E-01  0.75920939E-01 -0.60583074E-06
  0.45861290E+01  0.65495046E-01  0.76795603E-01 -0.60987620E-06
  0.45868207E+01  0.66349986E-01  0.77684212E-01 -0.61353476E-06
  0.45875124E+01  0.67219300E-01  0.78587053E-01 -0.61680559E-06
  0.45882041E+01  0.68103285E-01  0.79504422E-01 -0.61968762E-06
  0.45888958E+01  0.69002247E-01  0.80436621E-01 -0.62218033E-06
  0.45895875E+01  0.69916499E-01  0.81383960E-01 -0.62428337E-06
  0.45902792E+01  0.70846362E-01  0.82346757E-01 -0.62599638E-06
  0.45909709E+01  0.71792164E-01  0.83325338E-01 -0.62732024E-06
  0.45916626E+01  0.72754243E-01  0.84320036E-01 -0.62825469E-06
  0.45923544E+01  0.73732944E-01  0.85331193E-01 -0.62880099E-06
  0.45930461E+01  0.74728621E-01  0.86359161E-01 -0.62895978E-06
  0.45937378E+01  0.75741636E-01  0.87404299E-01 -0.62873229E-06
  0.45944295E+01  0.76772363E-01  0.88466975E-01 -0.62812014E-06
  0.45951212E+01  0.77821182E-01  0.89547568E-01 -0.62712480E-06
  0.45958129E+01  0.78888484E-01  0.90646465E-01 -0.62574869E-06
  0.45965046E+01  0.79974672E-01  0.91764065E-01 -0.62399366E-06
  0.45971963E+01  0.81080156E-01  0.92900775E-01 -0.62186215E-06
  0.45978880E+01  0.82205359E-01  0.94057013E-01 -0.61935721E-06
  0.45985797E+01  0.83350713E-01  0.95233210E-01 -0.61648153E-06
  0.45992714E+01  0.84516664E-01  0.96429806E-01 -0.61323833E-06
  0.45999631E+01  0.85703667E-01  0.97647253E-01 -0.60963104E-06
  0.46006548E+01  0.86912190E-01  0.98886015E-01 -0.60566368E-06
  0.46013465E+01  0.88142713E-01  0.10014657E+00 -0.60133941E-06
  0.46020382E+01  0.89395730E-01  0.10142940E+00 -0.59666301E-06
  0.46027299E+01  0.90671747E-01  0.10273502E+00 -0.59163853E-06
  0.46034216E+01  0.91971282E-01  0.10406393E+00 -0.58627045E-06
  0.46041133E+01  0.93294870E-01  0.10541668E+00 -0.58056379E-06
  0.46048050E+01  0.94643059E-01  0.10679379E+00 -0.57452336E-06
  0.46054967E+01  0.96016410E-01  0.10819583E+00 -0.56815434E-06
  0.46061884E+01  0.97415503E-01  0.10962338E+00 -0.56146231E-06
  0.46068801E+01  0.98840930E-01  0.11107702E+00 -0.55445253E-06
  0.46075718E+01  0.10029330E+00  0.11255736E+00 -0.54713112E-06
  0.46082635E+01  0.10177325E+00  0.11406501E+00 -0.53950391E-06
  0.46089552E+01  0.10328140E+00  0.11560063E+00 -0.53157721E-06
  0.46096469E+01  0.10481844E+00  0.11716486E+00 -0.52335718E-06
  0.46103386E+01  0.10638503E+00  0.11875838E+00 -0.51485027E-06
  0.46110303E+01  0.10798188E+00  0.12038190E+00 -0.50606350E-06
  0.46117220E+01  0.10960971E+00  0.12203611E+00 -0.49700357E-06
  0.46124137E+01  0.11126925E+00  0.12372175E+00 -0.48767739E-06
  0.46131054E+01  0.11296127E+00  0.12543959E+00 -0.47809219E-06
  0.46137971E+01  0.11468655E+00  0.12719040E+00 -0.46825560E-06
  0.46144888E+01  0.11644589E+00  0.12897497E+00 -0.45817467E-06
  0.46151805E+01  0.11824012E+00  0.13079413E+00 -0.44785724E-06
  0.46158722E+01  0.12007009E+00  0.13264872E+00 -0.43731108E-06
  0.46165639E+01  0.12193667E+00  0.13453962E+00 -0.42654410E-06
  0.46172556E+01  0.12384078E+00  0.13646772E+00 -0.41556420E-06
  0.46179473E+01  0.12578334E+00  0.13843394E+00 -0.40437958E-06
  0.46186390E+01  0.12776529E+00  0.14043924E+00 -0.39299859E-06
  0.46193307E+01  0.12978764E+00  0.14248458E+00 -0.38142960E-06
  0.46200224E+01  0.13185138E+00  0.14457099E+00 -0.36968090E-06
  0.46207141E+01  0.13395757E+00  0.14669949E+00 -0.35776105E-06
  0.46214058E+01  0.13610728E+00  0.14887116E+00 -0.34567877E-06
  0.46220975E+01  0.13830161E+00  0.15108708E+00 -0.33344309E-06
  0.46227892E+01  0.14054171E+00  0.15334841E+00 -0.32106243E-06
  0.46234809E+01  0.14282875E+00  0.15565630E+00 -0.30854589E-06
  0.46241726E+01  0.14516394E+00  0.15801197E+00 -0.29590257E-06
  0.46248643E+01  0.14754854E+00  0.16041665E+00 -0.28314111E-06
  0.46255560E+01  0.14998382E+00  0.16287162E+00 -0.27027103E-06
  0.46262477E+01  0.15247112E+00  0.16537820E+00 -0.25730099E-06
  0.46269394E+01  0.15501180E+00  0.16793776E+00 -0.24424089E-06
  0.46276311E+01  0.15760728E+00  0.17055170E+00 -0.23109955E-06
  0.46283228E+01  0.16025901E+00  0.17322146E+00 -0.21788616E-06
  0.46290145E+01  0.16296849E+00  0.17594854E+00 -0.20461032E-06
  0.46297062E+01  0.16573728E+00  0.17873449E+00 -0.19128099E-06
  0.46303979E+01  0.16856697E+00  0.18158089E+00 -0.17790780E-06
  0.46310896E+01  0.17145922E+00  0.18448940E+00 -0.16450034E-06
  0.46317813E+01  0.17441573E+00  0.18746169E+00 -0.15106753E-06
  0.46324730E+01  0.17743826E+00  0.19049953E+00 -0.13761899E-06
  0.46331647E+01  0.18052863E+00  0.19360472E+00 -0.12416411E-06
  0.46338564E+01  0.18368871E+00  0.19677914E+00 -0.11071253E-06
  0.46345481E+01  0.18692045E+00  0.20002471E+00 -0.97273174E-07
  0.46352398E+01  0.19022585E+00  0.20334343E+00 -0.83855741E-07
  0.46359315E+01  0.19360698E+00  0.20673735E+00 -0.70469519E-07
  0.46366232E+01  0.19706598E+00  0.21020861E+00 -0.57123905E-07
  0.46373149E+01  0.20060506E+00  0.21375942E+00 -0.43828054E-07
  0.46380066E+01  0.20422652E+00  0.21739204E+00 -0.30591545E-07
  0.46386983E+01  0.20793271E+00  0.22110884E+00 -0.17423058E-07
  0.46393900E+01  0.21172608E+00  0.22491224E+00 -0.43323576E-08
  0.46400817E+01  0.21560918E+00  0.22880478E+00  0.86717983E-08
  0.46407734E+01  0.21958460E+00  0.23278906E+00  0.21579921E-07
  0.46414651E+01  0.22365507E+00  0.23686777E+00  0.34383183E-07
  0.46421568E+01  0.22782340E+00  0.24104371E+00  0.47072399E-07
  0.46428485E+01  0.23209248E+00  0.24531978E+00  0.59639075E-07
  0.46435402E+01  0.23646533E+00  0.24969896E+00  0.72073820E-07
  0.46442319E+01  0.24094506E+00  0.25418437E+00  0.84367675E-07
  0.46449236E+01  0.24553489E+00  0.25877921E+00  0.96512202E-07
  0.46456153E+01  0.25023818E+00  0.26348682E+00  0.10849864E-06
  0.46463070E+01  0.25505839E+00  0.26831065E+00  0.12031834E-06
  0.46469987E+01  0.25999911E+00  0.27325427E+00  0.13196261E-06
  0.46476904E+01  0.26506406E+00  0.27832140E+00  0.14342331E-06
  0.46483821E+01  0.27025711E+00  0.28351587E+00  0.15469129E-06
  0.46490738E+01  0.27558226E+00  0.28884169E+00  0.16575861E-06
  0.46497655E+01  0.28104366E+00  0.29430299E+00  0.17661747E-06
  0.46504572E+01  0.28664564E+00  0.29990406E+00  0.18725914E-06
  0.46511490E+01  0.29239266E+00  0.30564937E+00  0.19767523E-06
  0.46518407E+01  0.29828937E+00  0.31154353E+00  0.20785809E-06
  0.46525324E+01  0.30434060E+00  0.31759137E+00  0.21779975E-06
  0.46532241E+01  0.31055135E+00  0.32379786E+00  0.22749241E-06
  0.46539158E+01  0.31692683E+00  0.33016820E+00  0.23692760E-06
  0.46546075E+01  0.32347245E+00  0.33670777E+00  0.24609831E-06
  0.46552992E+01  0.33019383E+00  0.34342218E+00  0.25499673E-06
  0.46559909E+01  0.33709681E+00  0.35031723E+00  0.26361515E-06
  0.46566826E+01  0.34418746E+00  0.35739900E+00  0.27194531E-06
  0.46573743E+01  0.35147212E+00  0.36467377E+00  0.27998046E-06
  0.46580660E+01  0.35895734E+00  0.37214810E+00  0.28771384E-06
  0.46587577E+01  0.36664998E+00  0.37982881E+00  0.29513656E-06
  0.46594494E+01  0.37455715E+00  0.38772298E+00  0.30224227E-06
  0.46601411E+01  0.38268627E+00  0.39583801E+00  0.30902321E-06
  0.46608328E+01  0.39104506E+00  0.40418160E+00  0.31547247E-06
  0.46615245E+01  0.39964156E+00  0.41276176E+00  0.32158282E-06
  0.46622162E+01  0.40848416E+00  0.42158683E+00  0.32734700E-06
  0.46629079E+01  0.41758158E+00  0.43066554E+00  0.33275805E-06
  0.46635996E+01  0.42694294E+00  0.44000695E+00  0.33780835E-06
  0.46642913E+01  0.43657773E+00  0.44962052E+00  0.34249081E-06
  0.46649830E+01  0.44649586E+00  0.45951615E+00  0.34679880E-06
  0.46656747E+01  0.45670767E+00  0.46970412E+00  0.35072502E-06
  0.46663664E+01  0.46722395E+00  0.48019519E+00  0.35426232E-06
  0.46670581E+01  0.47805596E+00  0.49100060E+00  0.35740349E-06
  0.46677498E+01  0.48921547E+00  0.50213206E+00  0.36014050E-06
  0.46684415E+01  0.50071477E+00  0.51360184E+00  0.36246681E-06
  0.46691332E+01  0.51256672E+00  0.52542274E+00  0.36437518E-06
  0.46698249E+01  0.52478473E+00  0.53760814E+00  0.36585801E-06
  0.46705166E+01  0.53738284E+00  0.55017205E+00  0.36690725E-06
  0.46712083E+01  0.55037576E+00  0.56312910E+00  0.36751532E-06
  0.46719000E+01  0.56377885E+00  0.57649462E+00  0.36767497E-06
  0.46725917E+01  0.57760819E+00  0.59028465E+00  0.36737705E-06
  0.46732834E+01  0.59188064E+00  0.60451598E+00  0.36661436E-06
  0.46739751E+01  0.60661385E+00  0.61920620E+00  0.36537889E-06
  0.46746668E+01  0.62182629E+00  0.63437376E+00  0.36366072E-06
  0.46753585E+01  0.63753737E+00  0.65003798E+00  0.36145159E-06
  0.46760502E+01  0.65376739E+00  0.66621910E+00  0.35874205E-06
  0.46767419E+01  0.67053768E+00  0.68293841E+00  0.35552326E-06
  0.46774336E+01  0.68787061E+00  0.70021818E+00  0.35178476E-06
  0.46781253E+01  0.70578967E+00  0.71808185E+00  0.34751702E-06
  0.46788170E+01  0.72431952E+00  0.73655400E+00  0.34270909E-06
  0.46795087E+01  0.74348607E+00  0.75566047E+00  0.33734968E-06
  0.46802004E+01  0.76331655E+00  0.77542840E+00  0.33142688E-06
  0.46808921E+01  0.78383959E+00  0.79588636E+00  0.32492970E-06
  0.46815838E+01  0.80508532E+00  0.81706435E+00  0.31784487E-06
  0.46822755E+01  0.82708542E+00  0.83899400E+00  0.31016006E-06
  0.46829672E+01  0.84987326E+00  0.86170855E+00  0.30185907E-06
  0.46836589E+01  0.87348398E+00  0.88524306E+00  0.29292992E-06
  0.46843506E+01  0.89795460E+00  0.90963443E+00  0.28335524E-06
  0.46850423E+01  0.92332414E+00  0.93492159E+00  0.27311857E-06
  0.46857340E+01  0.94963378E+00  0.96114558E+00  0.26220407E-06
  0.46864257E+01  0.97692694E+00  0.98834971E+00  0.25059221E-06
  0.46871174E+01  0.10052495E+01  0.10165797E+01  0.23826383E-06
  0.46878091E+01  0.10346498E+01  0.10458838E+01  0.22519834E-06
  0.46885008E+01  0.10651790E+01  0.10763130E+01  0.21137441E-06
  0.46891925E+01  0.10968912E+01  0.11079213E+01  0.19676749E-06
  0.46898842E+01  0.11298437E+01  0.11407657E+01  0.18135468E-06
  0.46905759E+01  0.11640969E+01  0.11749066E+01  0.16510884E-06
  0.46912676E+01  0.11997150E+01  0.12104079E+01  0.14800147E-06
  0.46919593E+01  0.12367658E+01  0.12473372E+01  0.13000300E-06
  0.46926510E+01  0.12753213E+01  0.12857665E+01  0.11108201E-06
  0.46933427E+01  0.13154579E+01  0.13257717E+01  0.91202811E-07
  0.46940344E+01  0.13572564E+01  0.13674336E+01  0.70330534E-07
  0.46947261E+01  0.14008030E+01  0.14108380E+01  0.48427651E-07
  0.46954178E+01  0.14461889E+01  0.14560760E+01  0.25449420E-07
  0.46961095E+01  0.14935113E+01  0.15032445E+01  0.13527528E-08
  0.46968012E+01  0.15428735E+01  0.15524464E+01 -0.23910815E-07
  0.46974929E+01  0.15943853E+01  0.16037914E+01 -0.50391380E-07
  0.46981846E+01  0.16481640E+01  0.16573963E+01 -0.78144445E-07
  0.46988763E+01  0.17043342E+01  0.17133855E+01 -0.10722862E-06
  0.46995680E+01  0.17630291E+01  0.17718917E+01 -0.13770707E-06
  0.47002597E+01  0.18243907E+01  0.18330565E+01 -0.16964966E-06
  0.47009514E+01  0.18885706E+01  0.18970313E+01 -0.20312624E-06
  0.47016431E+01  0.19557309E+01  0.19639776E+01 -0.23821827E-06
  0.47023348E+01  0.20260449E+01  0.20340683E+01 -0.27500732E-06
  0.47030265E+01  0.20996982E+01  0.21074884E+01 -0.31358742E-06
  0.47037182E+01  0.21768894E+01  0.21844361E+01 -0.35405394E-06
  0.47044099E+01  0.22578314E+01  0.22651238E+01 -0.39651518E-06
  0.47051016E+01  0.23427528E+01  0.23497793E+01 -0.44108496E-06
  0.47057933E+01  0.24318989E+01  0.24386472E+01 -0.48788479E-06
  0.47064850E+01  0.25255332E+01  0.25319904E+01 -0.53705021E-06
  0.47071767E+01  0.26239391E+01  0.26300917E+01 -0.58872440E-06
  0.47078684E+01  0.27274217E+01  0.27332552E+01 -0.64306242E-06
  0.47085601E+01  0.28363099E+01  0.28418089E+01 -0.70023199E-06
  0.47092519E+01  0.29509579E+01  0.29561063E+01 -0.76042204E-06
  0.47099436E+01  0.30717485E+01  0.30765289E+01 -0.82382268E-06
  0.47106353E+01  0.31990949E+01  0.32034890E+01 -0.89065483E-06
  0.47113270E+01  0.33334443E+01  0.33374325E+01 -0.96115292E-06
  0.47120187E+01  0.34752805E+01  0.34788421E+01 -0.10355658E-05
  0.47127104E+01  0.36251280E+01  0.36282408E+01 -0.11141753E-05
  0.47134021E+01  0.37835559E+01  0.37861962E+01 -0.11972848E-05
  0.47140938E+01  0.39511821E+01  0.39533246E+01 -0.12852190E-05
  0.47147855E+01  0.41286786E+01  0.41302962E+01 -0.13783397E-05
  0.47154772E+01  0.43167767E+01  0.43178405E+01 -0.14770403E-05
  0.47161689E+01  0.45162738E+01  0.45167527E+01 -0.15817498E-05
  0.47168606E+01  0.47280398E+01  0.47279005E+01 -0.16929372E-05
  0.47175523E+01  0.49530251E+01  0.49522319E+01 -0.18111236E-05
  0.47182440E+01  0.51922698E+01  0.51907841E+01 -0.19368747E-05
  0.47189357E+01  0.54469131E+01  0.54446934E+01 -0.20708083E-05
  0.47196274E+01  0.57182049E+01  0.57152065E+01 -0.22136164E-05
  0.47203191E+01  0.60075182E+01  0.60036929E+01 -0.23660537E-05
  0.47210108E+01  0.63163639E+01  0.63116595E+01 -0.25289579E-05
  0.47217025E+01  0.66464066E+01  0.66407667E+01 -0.27032475E-05
  0.47223942E+01  0.69994839E+01  0.69928470E+01 -0.28899483E-05
  0.47230859E+01  0.73776267E+01  0.73699264E+01 -0.30901964E-05
  0.47237776E+01  0.18618453E-01 -0.16140184E-01 -0.15612423E-06
  0.47244693E+01  0.18545121E-01 -0.16084762E-01 -0.16750676E-06
  0.47251610E+01  0.18472646E-01 -0.16030225E-01 -0.17880337E-06
  0.47258527E+01  0.18401033E-01 -0.15976582E-01 -0.19000834E-06
  0.47265444E+01  0.18330290E-01 -0.15923840E-01 -0.20111614E-06
  0.47272361E+01  0.18260424E-01 -0.15872004E-01 -0.21212146E-06
  0.47279278E+01  0.18191444E-01 -0.15821084E-01 -0.22301901E-06
  0.47286195E+01  0.18123355E-01 -0.15771085E-01 -0.23380371E-06
  0.47293112E+01  0.18056167E-01 -0.15722015E-01 -0.24447052E-06
  0.47300029E+01  0.17989885E-01 -0.15673882E-01 -0.25501451E-06
  0.47306946E+01  0.17924518E-01 -0.15626692E-01 -0.26543110E-06
  0.47313863E+01  0.17860073E-01 -0.15580452E-01 -0.27571572E-06
  0.47320780E+01  0.17796558E-01 -0.15535171E-01 -0.28586398E-06
  0.47327697E+01  0.17733981E-01 -0.15490856E-01 -0.29587159E-06
  0.47334614E+01  0.17672348E-01 -0.15447514E-01 -0.30573436E-06
  0.47341531E+01  0.17611668E-01 -0.15405153E-01 -0.31544833E-06
  0.47348448E+01  0.17551949E-01 -0.15363779E-01 -0.32500984E-06
  0.47355365E+01  0.17493198E-01 -0.15323402E-01 -0.33441519E-06
  0.47362282E+01  0.17435422E-01 -0.15284028E-01 -0.34366086E-06
  0.47369199E+01  0.17378631E-01 -0.15245666E-01 -0.35274355E-06
  0.47376116E+01  0.17322832E-01 -0.15208322E-01 -0.36166013E-06
  0.47383033E+01  0.17268032E-01 -0.15172005E-01 -0.37040760E-06
  0.47389950E+01  0.17214240E-01 -0.15136723E-01 -0.37898317E-06
  0.47396867E+01  0.17161464E-01 -0.15102483E-01 -0.38738411E-06
  0.47403784E+01  0.17109712E-01 -0.15069293E-01 -0.39560799E-06
  0.47410701E+01  0.17058992E-01 -0.15037163E-01 -0.40365249E-06
  0.47417618E+01  0.17009313E-01 -0.15006098E-01 -0.41151550E-06
  0.47424535E+01  0.16960682E-01 -0.14976109E-01 -0.41919491E-06
  0.47431452E+01  0.16913108E-01 -0.14947202E-01 -0.42668909E-06
  0.47438369E+01  0.16866599E-01 -0.14919386E-01 -0.43399630E-06
  0.47445286E+01  0.16821164E-01 -0.14892670E-01 -0.44111507E-06
  0.47452203E+01  0.16776812E-01 -0.14867062E-01 -0.44804411E-06
  0.47459120E+01  0.16733550E-01 -0.14842570E-01 -0.45478242E-06
  0.47466037E+01  0.16691387E-01 -0.14819203E-01 -0.46132883E-06
  0.47472954E+01  0.16650332E-01 -0.14796969E-01 -0.46768279E-06
  0.47479871E+01  0.16610394E-01 -0.14775877E-01 -0.47384354E-06
  0.47486788E+01  0.16571582E-01 -0.14755935E-01 -0.47981061E-06
  0.47493705E+01  0.16533904E-01 -0.14737154E-01 -0.48558388E-06
  0.47500622E+01  0.16497369E-01 -0.14719540E-01 -0.49116301E-06
  0.47507539E+01  0.16461987E-01 -0.14703103E-01 -0.49654831E-06
  0.47514456E+01  0.16427766E-01 -0.14687853E-01 -0.50173985E-06
  0.47521373E+01  0.16394715E-01 -0.14673798E-01 -0.50673800E-06
  0.47528290E+01  0.16362845E-01 -0.14660947E-01 -0.51154335E-06
  0.47535207E+01  0.16332163E-01 -0.14649309E-01 -0.51615647E-06
  0.47542124E+01  0.16302679E-01 -0.14638895E-01 -0.52057849E-06
  0.47549041E+01  0.16274403E-01 -0.14629712E-01 -0.52481014E-06
  0.47555958E+01  0.16247344E-01 -0.14621772E-01 -0.52885275E-06
  0.47562875E+01  0.16221512E-01 -0.14615082E-01 -0.53270754E-06
  0.47569792E+01  0.16196916E-01 -0.14609653E-01 -0.53637606E-06
  0.47576709E+01  0.16173566E-01 -0.14605494E-01 -0.53985975E-06
  0.47583626E+01  0.16151473E-01 -0.14602616E-01 -0.54316059E-06
  0.47590543E+01  0.16130645E-01 -0.14601028E-01 -0.54628032E-06
  0.47597460E+01  0.16111092E-01 -0.14600739E-01 -0.54922095E-06
  0.47604377E+01  0.16092826E-01 -0.14601761E-01 -0.55198471E-06
  0.47611294E+01  0.16075856E-01 -0.14604103E-01 -0.55457392E-06
  0.47618211E+01  0.16060191E-01 -0.14607775E-01 -0.55699093E-06
  0.47625128E+01  0.16045844E-01 -0.14612788E-01 -0.55923820E-06
  0.47632045E+01  0.16032823E-01 -0.14619153E-01 -0.56131863E-06
  0.47638962E+01  0.16021140E-01 -0.14626878E-01 -0.56323476E-06
  0.47645879E+01  0.16010805E-01 -0.14635976E-01 -0.56498967E-06
  0.47652796E+01  0.16001828E-01 -0.14646458E-01 -0.56658625E-06
  0.47659713E+01  0.15994221E-01 -0.14658332E-01 -0.56802771E-06
  0.47666630E+01  0.15987995E-01 -0.14671612E-01 -0.56931724E-06
  0.47673548E+01  0.15983160E-01 -0.14686307E-01 -0.57045805E-06
  0.47680465E+01  0.15979727E-01 -0.14702429E-01 -0.57145377E-06
  0.47687382E+01  0.15977709E-01 -0.14719990E-01 -0.57230772E-06
  0.47694299E+01  0.15977115E-01 -0.14738999E-01 -0.57302362E-06
  0.47701216E+01  0.15977958E-01 -0.14759470E-01 -0.57360504E-06
  0.47708133E+01  0.15980249E-01 -0.14781413E-01 -0.57405581E-06
  0.47715050E+01  0.15983999E-01 -0.14804841E-01 -0.57437967E-06
  0.47721967E+01  0.15989221E-01 -0.14829764E-01 -0.57458069E-06
  0.47728884E+01  0.15995927E-01 -0.14856195E-01 -0.57466272E-06
  0.47735801E+01  0.16004127E-01 -0.14884147E-01 -0.57462978E-06
  0.47742718E+01  0.16013835E-01 -0.14913630E-01 -0.57448602E-06
  0.47749635E+01  0.16025063E-01 -0.14944658E-01 -0.57423552E-06
  0.47756552E+01  0.16037823E-01 -0.14977243E-01 -0.57388254E-06
  0.47763469E+01  0.16052127E-01 -0.15011397E-01 -0.57343130E-06
  0.47770386E+01  0.16067988E-01 -0.15047134E-01 -0.57288599E-06
  0.47777303E+01  0.16085419E-01 -0.15084466E-01 -0.57225096E-06
  0.47784220E+01  0.16104433E-01 -0.15123405E-01 -0.57153064E-06
  0.47791137E+01  0.16125042E-01 -0.15163966E-01 -0.57072930E-06
  0.47798054E+01  0.16147261E-01 -0.15206161E-01 -0.56985142E-06
  0.47804971E+01  0.16171101E-01 -0.15250003E-01 -0.56890133E-06
  0.47811888E+01  0.16196577E-01 -0.15295507E-01 -0.56788344E-06
  0.47818805E+01  0.16223702E-01 -0.15342686E-01 -0.56680227E-06
  0.47825722E+01  0.16252490E-01 -0.15391553E-01 -0.56566210E-06
  0.47832639E+01  0.16282954E-01 -0.15442123E-01 -0.56446743E-06
  0.47839556E+01  0.16315109E-01 -0.15494410E-01 -0.56322277E-06
  0.47846473E+01  0.16348969E-01 -0.15548428E-01 -0.56193238E-06
  0.47853390E+01  0.16384548E-01 -0.15604192E-01 -0.56060071E-06
  0.47860307E+01  0.16421861E-01 -0.15661715E-01 -0.55923224E-06
  0.47867224E+01  0.16460921E-01 -0.15721014E-01 -0.55783118E-06
  0.47874141E+01  0.16501745E-01 -0.15782102E-01 -0.55640196E-06
  0.47881058E+01  0.16544347E-01 -0.15844996E-01 -0.55494876E-06
  0.47887975E+01  0.16588741E-01 -0.15909710E-01 -0.55347596E-06
  0.47894892E+01  0.16634944E-01 -0.15976259E-01 -0.55198773E-06
  0.47901809E+01  0.16682971E-01 -0.16044659E-01 -0.55048822E-06
  0.47908726E+01  0.16732838E-01 -0.16114927E-01 -0.54898157E-06
  0.47915643E+01  0.16784559E-01 -0.16187078E-01 -0.54747191E-06
  0.47922560E+01  0.16838152E-01 -0.16261128E-01 -0.54596306E-06
  0.47929477E+01  0.16893632E-01 -0.16337094E-01 -0.54445916E-06
  0.47936394E+01  0.16951016E-01 -0.16414991E-01 -0.54296417E-06
  0.47943311E+01  0.17010320E-01 -0.16494838E-01 -0.54148166E-06
  0.47950228E+01  0.17071562E-01 -0.16576650E-01 -0.54001551E-06
  0.47957145E+01  0.17134757E-01 -0.16660446E-01 -0.53856941E-06
  0.47964062E+01  0.17199924E-01 -0.16746242E-01 -0.53714681E-06
  0.47970979E+01  0.17267079E-01 -0.16834055E-01 -0.53575135E-06
  0.47977896E+01  0.17336240E-01 -0.16923905E-01 -0.53438656E-06
  0.47984813E+01  0.17407425E-01 -0.17015807E-01 -0.53305548E-06
  0.47991730E+01  0.17480652E-01 -0.17109782E-01 -0.53176154E-06
  0.47998647E+01  0.17555939E-01 -0.17205847E-01 -0.53050785E-06
  0.48005564E+01  0.17633304E-01 -0.17304020E-01 -0.52929742E-06
  0.48012481E+01  0.17712766E-01 -0.17404322E-01 -0.52813317E-06
  0.48019398E+01  0.17794344E-01 -0.17506770E-01 -0.52701810E-06
  0.48026315E+01  0.17878057E-01 -0.17611384E-01 -0.52595483E-06
  0.48033232E+01  0.17963925E-01 -0.17718184E-01 -0.52494583E-06
  0.48040149E+01  0.18051966E-01 -0.17827189E-01 -0.52399381E-06
  0.48047066E+01  0.18142201E-01 -0.17938419E-01 -0.52310108E-06
  0.48053983E+01  0.18234649E-01 -0.18051896E-01 -0.52226992E-06
  0.48060900E+01  0.18329332E-01 -0.18167638E-01 -0.52150252E-06
  0.48067817E+01  0.18426269E-01 -0.18285668E-01 -0.52080088E-06
  0.48074734E+01  0.18525481E-01 -0.18406006E-01 -0.52016694E-06
  0.48081651E+01  0.18626990E-01 -0.18528673E-01 -0.51960240E-06
  0.48088568E+01  0.18730817E-01 -0.18653691E-01 -0.51910906E-06
  0.48095485E+01  0.18836982E-01 -0.18781083E-01 -0.51868830E-06
  0.48102402E+01  0.18945509E-01 -0.18910869E-01 -0.51834161E-06
  0.48109319E+01  0.19056420E-01 -0.19043073E-01 -0.51807035E-06
  0.48116236E+01  0.19169736E-01 -0.19177717E-01 -0.51787557E-06
  0.48123153E+01  0.19285481E-01 -0.19314825E-01 -0.51775819E-06
  0.48130070E+01  0.19403677E-01 -0.19454418E-01 -0.51771914E-06
  0.48136987E+01  0.45315689E+01  0.45546749E+01 -0.48068278E-05
  0.48143904E+01  0.43536554E+01  0.43773330E+01 -0.46551057E-05
  0.48150821E+01  0.41849783E+01  0.42092053E+01 -0.45110035E-05
  0.48157738E+01  0.40249420E+01  0.40496977E+01 -0.43740656E-05
  0.48164655E+01  0.38729968E+01  0.38982615E+01 -0.42438606E-05
  0.48171572E+01  0.37286342E+01  0.37543896E+01 -0.41199860E-05
  0.48178489E+01  0.35913841E+01  0.36176129E+01 -0.40020776E-05
  0.48185406E+01  0.34608107E+01  0.34874967E+01 -0.38897881E-05
  0.48192323E+01  0.33365103E+01  0.33636381E+01 -0.37827941E-05
  0.48199240E+01  0.32181079E+01  0.32456630E+01 -0.36808050E-05
  0.48206157E+01  0.31052554E+01  0.31332241E+01 -0.35835422E-05
  0.48213074E+01  0.29976291E+01  0.30259985E+01 -0.34907427E-05
  0.48219991E+01  0.28949277E+01  0.29236855E+01 -0.34021685E-05
  0.48226908E+01  0.27968707E+01  0.28260052E+01 -0.33175873E-05
  0.48233825E+01  0.27031964E+01  0.27326968E+01 -0.32367916E-05
  0.48240742E+01  0.26136611E+01  0.26435166E+01 -0.31595828E-05
  0.48247659E+01  0.25280367E+01  0.25582375E+01 -0.30857740E-05
  0.48254576E+01  0.24461104E+01  0.24766471E+01 -0.30151876E-05
  0.48261494E+01  0.23676832E+01  0.23985467E+01 -0.29476611E-05
  0.48268411E+01  0.22925688E+01  0.23237504E+01 -0.28830423E-05
  0.48275328E+01  0.22205926E+01  0.22520842E+01 -0.28211839E-05
  0.48282245E+01  0.21515911E+01  0.21833848E+01 -0.27619456E-05
  0.48289162E+01  0.20854110E+01  0.21174994E+01 -0.27052033E-05
  0.48296079E+01  0.20219084E+01  0.20542842E+01 -0.26508318E-05
  0.48302996E+01  0.19609480E+01  0.19936044E+01 -0.25987122E-05
  0.48309913E+01  0.19024029E+01  0.19353333E+01 -0.25487404E-05
  0.48316830E+01  0.18461535E+01  0.18793515E+01 -0.25008099E-05
  0.48323747E+01  0.17920875E+01  0.18255471E+01 -0.24548236E-05
  0.48330664E+01  0.17400989E+01  0.17738144E+01 -0.24106895E-05
  0.48337581E+01  0.16900882E+01  0.17240538E+01 -0.23683180E-05
  0.48344498E+01  0.16419613E+01  0.16761716E+01 -0.23276255E-05
  0.48351415E+01  0.15956294E+01  0.16300793E+01 -0.22885301E-05
  0.48358332E+01  0.15510090E+01  0.15856934E+01 -0.22509573E-05
  0.48365249E+01  0.15080210E+01  0.15429351E+01 -0.22148358E-05
  0.48372166E+01  0.14665907E+01  0.15017298E+01 -0.21800951E-05
  0.48379083E+01  0.14266476E+01  0.14620072E+01 -0.21466708E-05
  0.48386000E+01  0.13881249E+01  0.14237005E+01 -0.21144965E-05
  0.48392917E+01  0.13509593E+01  0.13867468E+01 -0.20835188E-05
  0.48399834E+01  0.13150912E+01  0.13510864E+01 -0.20536725E-05
  0.48406751E+01  0.12804637E+01  0.13166626E+01 -0.20249076E-05
  0.48413668E+01  0.12470232E+01  0.12834220E+01 -0.19971710E-05
  0.48420585E+01  0.12147188E+01  0.12513137E+01 -0.19704094E-05
  0.48427502E+01  0.11835021E+01  0.12202894E+01 -0.19445762E-05
  0.48434419E+01  0.11533273E+01  0.11903035E+01 -0.19196264E-05
  0.48441336E+01  0.11241509E+01  0.11613124E+01 -0.18955099E-05
  0.48448253E+01  0.10959313E+01  0.11332749E+01 -0.18721897E-05
  0.48455170E+01  0.10686295E+01  0.11061517E+01 -0.18496239E-05
  0.48462087E+01  0.10422078E+01  0.10799056E+01 -0.18277686E-05
  0.48469004E+01  0.10166309E+01  0.10545010E+01 -0.18065889E-05
  0.48475921E+01  0.99186485E+00  0.10299042E+01 -0.17860469E-05
  0.48482838E+01  0.96787740E+00  0.10060830E+01 -0.17661059E-05
  0.48489755E+01  0.94463790E+00  0.98300682E+00 -0.17467334E-05
  0.48496672E+01  0.92211711E+00  0.96064647E+00 -0.17278954E-05
  0.48503589E+01  0.90028716E+00  0.93897413E+00 -0.17095618E-05
  0.48510506E+01  0.87912147E+00  0.91796329E+00 -0.16916976E-05
  0.48517423E+01  0.85859469E+00  0.89758864E+00 -0.16742768E-05
  0.48524340E+01  0.83868264E+00  0.87782604E+00 -0.16572696E-05
  0.48531257E+01  0.81936221E+00  0.85865246E+00 -0.16406467E-05
  0.48538174E+01  0.80061137E+00  0.84004587E+00 -0.16243834E-05
  0.48545091E+01  0.78240903E+00  0.82198526E+00 -0.16084514E-05
  0.48552008E+01  0.76473507E+00  0.80445053E+00 -0.15928267E-05
  0.48558925E+01  0.74757025E+00  0.78742247E+00 -0.15774851E-05
  0.48565842E+01  0.73089614E+00  0.77088272E+00 -0.15624029E-05
  0.48572759E+01  0.71469515E+00  0.75481369E+00 -0.15475559E-05
  0.48579676E+01  0.69895043E+00  0.73919857E+00 -0.15329239E-05
  0.48586593E+01  0.68364584E+00  0.72402127E+00 -0.15184843E-05
  0.48593510E+01  0.66876595E+00  0.70926636E+00 -0.15042167E-05
  0.48600427E+01  0.65429595E+00  0.69491909E+00 -0.14901006E-05
  0.48607344E+01  0.64022167E+00  0.68096529E+00 -0.14761157E-05
  0.48614261E+01  0.62652952E+00  0.66739141E+00 -0.14622445E-05
  0.48621178E+01  0.61320648E+00  0.65418444E+00 -0.14484683E-05
  0.48628095E+01  0.60024004E+00  0.64133192E+00 -0.14347708E-05
  0.48635012E+01  0.58761824E+00  0.62882188E+00 -0.14211328E-05
  0.48641929E+01  0.57532956E+00  0.61664284E+00 -0.14075379E-05
  0.48648846E+01  0.56336296E+00  0.60478377E+00 -0.13939718E-05
  0.48655763E+01  0.55170784E+00  0.59323410E+00 -0.13804164E-05
  0.48662680E+01  0.54035403E+00  0.58198366E+00 -0.13668596E-05
  0.48669597E+01  0.52929174E+00  0.57102269E+00 -0.13532857E-05
  0.48676514E+01  0.51851156E+00  0.56034180E+00 -0.13396798E-05
  0.48683431E+01  0.50800448E+00  0.54993198E+00 -0.13260303E-05
  0.48690348E+01  0.49776180E+00  0.53978454E+00 -0.13123212E-05
  0.48697265E+01  0.48777516E+00  0.52989116E+00 -0.12985448E-05
  0.48704182E+01  0.47803654E+00  0.52024381E+00 -0.12846862E-05
  0.48711099E+01  0.46853819E+00  0.51083476E+00 -0.12707324E-05
  0.48718016E+01  0.45927268E+00  0.50165659E+00 -0.12566750E-05
  0.48724933E+01  0.45023284E+00  0.49270214E+00 -0.12425022E-05
  0.48731850E+01  0.44141177E+00  0.48396452E+00 -0.12282028E-05
  0.48738767E+01  0.43280282E+00  0.47543710E+00 -0.12137703E-05
  0.48745684E+01  0.42439960E+00  0.46711349E+00 -0.11991918E-05
  0.48752601E+01  0.41619594E+00  0.45898752E+00 -0.11844599E-05
  0.48759518E+01  0.40818589E+00  0.45105325E+00 -0.11695661E-05
  0.48766435E+01  0.40036371E+00  0.44330496E+00 -0.11545026E-05
  0.48773352E+01  0.39272388E+00  0.43573714E+00 -0.11392602E-05
  0.48780269E+01  0.38526107E+00  0.42834445E+00 -0.11238341E-05
  0.48787186E+01  0.37797014E+00  0.42112176E+00 -0.11082156E-05
  0.48794103E+01  0.37084612E+00  0.41406411E+00 -0.10923991E-05
  0.48801020E+01  0.36388423E+00  0.40716671E+00 -0.10763765E-05
  0.48807937E+01  0.35707983E+00  0.40042495E+00 -0.10601470E-05
  0.48814854E+01  0.35042847E+00  0.39383438E+00 -0.10437010E-05
  0.48821771E+01  0.34392583E+00  0.38739067E+00 -0.10270337E-05
  0.48828688E+01  0.33756775E+00  0.38108967E+00 -0.10101437E-05
  0.48835605E+01  0.33135020E+00  0.37492736E+00 -0.99302385E-06
  0.48842523E+01  0.32526930E+00  0.36889985E+00 -0.97567228E-06
  0.48849440E+01  0.31932130E+00  0.36300340E+00 -0.95808442E-06
  0.48856357E+01  0.31350254E+00  0.35723436E+00 -0.94025869E-06
  0.48863274E+01  0.30780953E+00  0.35158923E+00 -0.92219180E-06
  0.48870191E+01  0.30223886E+00  0.34606461E+00 -0.90388027E-06
  0.48877108E+01  0.29678726E+00  0.34065723E+00 -0.88532365E-06
  0.48884025E+01  0.29145154E+00  0.33536389E+00 -0.86652071E-06
  0.48890942E+01  0.28622862E+00  0.33018153E+00 -0.84746950E-06
  0.48897859E+01  0.28111552E+00  0.32510717E+00 -0.82816914E-06
  0.48904776E+01  0.27610938E+00  0.32013793E+00 -0.80861987E-06
  0.48911693E+01  0.27120739E+00  0.31527102E+00 -0.78882112E-06
  0.48918610E+01  0.26640685E+00  0.31050374E+00 -0.76877319E-06
  0.48925527E+01  0.26170516E+00  0.30583346E+00 -0.74847687E-06
  0.48932444E+01  0.25709976E+00  0.30125767E+00 -0.72793209E-06
  0.48939361E+01  0.25258822E+00  0.29677390E+00 -0.70714118E-06
  0.48946278E+01  0.24816814E+00  0.29237977E+00 -0.68610642E-06
  0.48953195E+01  0.24383722E+00  0.28807298E+00 -0.66482778E-06
  0.48960112E+01  0.23959323E+00  0.28385128E+00 -0.64330932E-06
  0.48967029E+01  0.23543400E+00  0.27971252E+00 -0.62155177E-06
  0.48973946E+01  0.23135743E+00  0.27565458E+00 -0.59955857E-06
  0.48980863E+01  0.22736148E+00  0.27167543E+00 -0.57733380E-06
  0.48987780E+01  0.22344418E+00  0.26777310E+00 -0.55488001E-06
  0.48994697E+01  0.21960360E+00  0.26394566E+00 -0.53220219E-06
  0.49001614E+01  0.21583788E+00  0.26019124E+00 -0.50930322E-06
  0.49008531E+01  0.21214523E+00  0.25650805E+00 -0.48618693E-06
  0.49015448E+01  0.20852389E+00  0.25289433E+00 -0.46285917E-06
  0.49022365E+01  0.20497215E+00  0.24934837E+00 -0.43932417E-06
  0.49029282E+01  0.20148838E+00  0.24586853E+00 -0.41558716E-06
  0.49036199E+01  0.19807095E+00  0.24245319E+00 -0.39165415E-06
  0.49043116E+01  0.19471832E+00  0.23910080E+00 -0.36753143E-06
  0.49050033E+01  0.19142898E+00  0.23580984E+00 -0.34322248E-06
  0.49056950E+01  0.18820145E+00  0.23257885E+00 -0.31873532E-06
  0.49063867E+01  0.18503431E+00  0.22940638E+00 -0.29407615E-06
  0.49070784E+01  0.18192617E+00  0.22629105E+00 -0.26925228E-06
  0.49077701E+01  0.17887568E+00  0.22323151E+00 -0.24426954E-06
  0.49084618E+01  0.17588154E+00  0.22022645E+00 -0.21913523E-06
  0.49091535E+01  0.17294247E+00  0.21727459E+00 -0.19385793E-06
  0.49098452E+01  0.17005723E+00  0.21437469E+00 -0.16844340E-06
  0.49105369E+01  0.16722462E+00  0.21152554E+00 -0.14290170E-06
  0.49112286E+01  0.16444347E+00  0.20872596E+00 -0.11723856E-06
  0.49119203E+01  0.16171264E+00  0.20597483E+00 -0.91464258E-07
  0.49126120E+01  0.15903102E+00  0.20327101E+00 -0.65585802E-07
  0.49133037E+01  0.15639753E+00  0.20061345E+00 -0.39611608E-07
  0.49139954E+01  0.15381114E+00  0.19800107E+00 -0.13551538E-07
  0.49146871E+01  0.15127081E+00  0.19543286E+00  0.12586306E-07
  0.49153788E+01  0.14877556E+00  0.19290782E+00  0.38791592E-07
  0.49160705E+01  0.14632441E+00  0.19042498E+00  0.65057290E-07
  0.49167622E+01  0.14391643E+00  0.18798339E+00  0.91371874E-07
  0.49174539E+01  0.14155071E+00  0.18558215E+00  0.11772628E-06
  0.49181456E+01  0.13922635E+00  0.18322034E+00  0.14411104E-06
  0.49188373E+01  0.13694248E+00  0.18089710E+00  0.17051693E-06
  0.49195290E+01  0.13469826E+00  0.17861157E+00  0.19693318E-06
  0.49202207E+01  0.13249286E+00  0.17636294E+00  0.22335108E-06
  0.49209124E+01  0.13032549E+00  0.17415039E+00  0.24975866E-06
  0.49216041E+01  0.12819535E+00  0.17197313E+00  0.27614672E-06
  0.49222958E+01  0.12610169E+00  0.16983041E+00  0.30250464E-06
  0.49229875E+01  0.12404378E+00  0.16772146E+00  0.32882193E-06
  0.49236792E+01  0.12202087E+00  0.16564558E+00  0.35508934E-06
  0.49243709E+01  0.12003227E+00  0.16360203E+00  0.38129405E-06
  0.49250626E+01  0.11807730E+00  0.16159014E+00  0.40742800E-06
  0.49257543E+01  0.11615528E+00  0.15960923E+00  0.43347845E-06
  0.49264460E+01  0.11426556E+00  0.15765864E+00  0.45943564E-06
  0.49271377E+01  0.11240749E+00  0.15573773E+00  0.48528932E-06
  0.49278294E+01  0.11058048E+00  0.15384587E+00  0.51102812E-06
  0.49285211E+01  0.10878389E+00  0.15198245E+00  0.53664116E-06
  0.49292128E+01  0.10701715E+00  0.15014687E+00  0.56211771E-06
  0.49299045E+01  0.10527968E+00  0.14833856E+00  0.58744709E-06
  0.49305962E+01  0.10357092E+00  0.14655694E+00  0.61261861E-06
  0.49312879E+01  0.10189031E+00  0.14480146E+00  0.63762254E-06
  0.49319796E+01  0.10023733E+00  0.14307159E+00  0.66244555E-06
  0.49326713E+01  0.98611447E-01  0.14136678E+00  0.68708012E-06
  0.49333630E+01  0.97012155E-01  0.13968654E+00  0.71151302E-06
  0.49340547E+01  0.95438956E-01  0.13803035E+00  0.73573510E-06
  0.49347464E+01  0.93891365E-01  0.13639772E+00  0.75973566E-06
  0.49354381E+01  0.92368907E-01  0.13478817E+00  0.78350330E-06
  0.49361298E+01  0.90871119E-01  0.13320124E+00  0.80702853E-06
  0.49368215E+01  0.89397549E-01  0.13163646E+00  0.83030082E-06
  0.49375132E+01  0.87947757E-01  0.13009339E+00  0.85330954E-06
  0.49382049E+01  0.86521310E-01  0.12857160E+00  0.87604463E-06
  0.49388966E+01  0.85117787E-01  0.12707065E+00  0.89849665E-06
  0.49395883E+01  0.83736779E-01  0.12559012E+00  0.92065494E-06
  0.49402800E+01  0.82377882E-01  0.12412962E+00  0.94250944E-06
  0.49409717E+01  0.81040704E-01  0.12268873E+00  0.96405109E-06
  0.49416634E+01  0.79724862E-01  0.12126708E+00  0.98527013E-06
  0.49423552E+01  0.78429981E-01  0.11986428E+00  0.10061570E-05
  0.49430469E+01  0.77155695E-01  0.11847996E+00  0.10267024E-05
  0.49437386E+01  0.75901645E-01  0.11711375E+00  0.10468969E-05
  0.49444303E+01  0.74667484E-01  0.11576530E+00  0.10667316E-05
  0.49451220E+01  0.73452867E-01  0.11443426E+00  0.10861980E-05
  0.49458137E+01  0.72257462E-01  0.11312028E+00  0.11052872E-05
  0.49465054E+01  0.71080942E-01  0.11182305E+00  0.11239902E-05
  0.49471971E+01  0.69922987E-01  0.11054223E+00  0.11422995E-05
  0.49478888E+01  0.68783284E-01  0.10927749E+00  0.11602065E-05
  0.49485805E+01  0.67661529E-01  0.10802854E+00  0.11777028E-05
  0.49492722E+01  0.66557423E-01  0.10679507E+00  0.11947816E-05
  0.49499639E+01  0.65470674E-01  0.10557677E+00  0.12114347E-05
  0.49506556E+01  0.64400996E-01  0.10437335E+00  0.12276551E-05
  0.49513473E+01  0.63348110E-01  0.10318453E+00  0.12434350E-05
  0.49520390E+01  0.62311743E-01  0.10201003E+00  0.12587683E-05
  0.49527307E+01  0.61291626E-01  0.10084958E+00  0.12736477E-05
  0.49534224E+01  0.60287499E-01  0.99702902E-01  0.12880675E-05
  0.49541141E+01  0.59299106E-01  0.98569738E-01  0.13020210E-05
  0.49548058E+01  0.58326195E-01  0.97449831E-01  0.13155018E-05
  0.49554975E+01  0.57368523E-01  0.96342929E-01  0.13285047E-05
  0.49561892E+01  0.56425849E-01  0.95248785E-01  0.13410240E-05
  0.49568809E+01  0.55497938E-01  0.94167159E-01  0.13530542E-05
  0.49575726E+01  0.54584561E-01  0.93097812E-01  0.13645910E-05
  0.49582643E+01  0.53685492E-01  0.92040514E-01  0.13756292E-05
  0.49589560E+01  0.52800513E-01  0.90995038E-01  0.13861645E-05
  0.49596477E+01  0.51929406E-01  0.89961162E-01  0.13961926E-05
  0.49603394E+01  0.51071961E-01  0.88938667E-01  0.14057090E-05
  0.49610311E+01  0.50227972E-01  0.87927340E-01  0.14147110E-05
  0.49617228E+01  0.49397236E-01  0.86926972E-01  0.14231949E-05
  0.49624145E+01  0.48579555E-01  0.85937358E-01  0.14311569E-05
  0.49631062E+01  0.47774735E-01  0.84958298E-01  0.14385956E-05
  0.49637979E+01  0.46982587E-01  0.83989593E-01  0.14455067E-05
  0.49644896E+01  0.46202923E-01  0.83031052E-01  0.14518891E-05
  0.49651813E+01  0.45435562E-01  0.82082484E-01  0.14577402E-05
  0.49658730E+01  0.44680324E-01  0.81143705E-01  0.14630591E-05
  0.49665647E+01  0.43937037E-01  0.80214533E-01  0.14678435E-05
  0.49672564E+01  0.43205527E-01  0.79294789E-01  0.14720924E-05
  0.49679481E+01  0.42485627E-01  0.78384298E-01  0.14758049E-05
  0.49686398E+01  0.41777172E-01  0.77482889E-01  0.14789811E-05
  0.49693315E+01  0.41080002E-01  0.76590394E-01  0.14816197E-05
  0.49700232E+01  0.40393959E-01  0.75706647E-01  0.14837219E-05
  0.49707149E+01  0.39718886E-01  0.74831487E-01  0.14852869E-05
  0.49714066E+01  0.39054634E-01  0.73964756E-01  0.14863159E-05
  0.49720983E+01  0.38401053E-01  0.73106297E-01  0.14868097E-05
  0.49727900E+01  0.37757998E-01  0.72255958E-01  0.14867690E-05
  0.49734817E+01  0.37125326E-01  0.71413588E-01  0.14861958E-05
  0.49741734E+01  0.36502896E-01  0.70579042E-01  0.14850915E-05
  0.49748651E+01  0.35890571E-01  0.69752173E-01  0.14834586E-05
  0.49755568E+01  0.35288218E-01  0.68932842E-01  0.14812989E-05
  0.49762485E+01  0.34695704E-01  0.68120908E-01  0.14786152E-05
  0.49769402E+01  0.34112899E-01  0.67316236E-01  0.14754100E-05
  0.49776319E+01  0.33539677E-01  0.66518691E-01  0.14716870E-05
  0.49783236E+01  0.32975914E-01  0.65728142E-01  0.14674492E-05
  0.49790153E+01  0.32421487E-01  0.64944460E-01  0.14627005E-05
  0.49797070E+01  0.31876277E-01  0.64167518E-01  0.14574450E-05
  0.49803987E+01  0.31340167E-01  0.63397192E-01  0.14516863E-05
  0.49810904E+01  0.30813041E-01  0.62633360E-01  0.14454293E-05
  0.49817821E+01  0.30294788E-01  0.61875902E-01  0.14386792E-05
  0.49824738E+01  0.29785295E-01  0.61124699E-01  0.14314399E-05
  0.49831655E+01  0.29284455E-01  0.60379637E-01  0.14237178E-05
  0.49838572E+01  0.28792161E-01  0.59640602E-01  0.14155176E-05
  0.49845489E+01  0.28308309E-01  0.58907481E-01  0.14068455E-05
  0.49852406E+01  0.27832795E-01  0.58180167E-01  0.13977074E-05
  0.49859323E+01  0.27365521E-01  0.57458550E-01  0.13881092E-05
  0.49866240E+01  0.26906385E-01  0.56742525E-01  0.13780578E-05
  0.49873157E+01  0.26455293E-01  0.56031989E-01  0.13675598E-05
  0.49880074E+01  0.26012149E-01  0.55326839E-01  0.13566220E-05
  0.49886991E+01  0.25576860E-01  0.54626974E-01  0.13452515E-05
  0.49893908E+01  0.25149334E-01  0.53932297E-01  0.13334559E-05
  0.49900825E+01  0.24729481E-01  0.53242711E-01  0.13212427E-05
  0.49907742E+01  0.24317214E-01  0.52558119E-01  0.13086192E-05
  0.49914659E+01  0.23912445E-01  0.51878430E-01  0.12955944E-05
  0.49921576E+01  0.23515090E-01  0.51203550E-01  0.12821753E-05
  0.49928493E+01  0.23125065E-01  0.50533390E-01  0.12683705E-05
  0.49935410E+01  0.22742289E-01  0.49867860E-01  0.12541890E-05
  0.49942327E+01  0.22366682E-01  0.49206874E-01  0.12396395E-05
  0.49949244E+01  0.21998164E-01  0.48550345E-01  0.12247309E-05
  0.49956161E+01  0.21636658E-01  0.47898190E-01  0.12094714E-05
  0.49963078E+01  0.21282087E-01  0.47250324E-01  0.11938712E-05
  0.49969995E+01  0.20934378E-01  0.46606668E-01  0.11779384E-05
  0.49976912E+01  0.20593457E-01  0.45967139E-01  0.11616840E-05
  0.49983829E+01  0.20259252E-01  0.45331661E-01  0.11451170E-05
  0.49990746E+01  0.19931693E-01  0.44700154E-01  0.11282466E-05
  0.49997663E+01  0.19610709E-01  0.44072543E-01  0.11110833E-05
  0.50004580E+01  0.19296233E-01  0.43448753E-01  0.10936370E-05
  0.50011498E+01  0.18988197E-01  0.42828710E-01  0.10759175E-05
  0.50018415E+01  0.18686537E-01  0.42212342E-01  0.10579355E-05
  0.50025332E+01  0.18391187E-01  0.41599577E-01  0.10397012E-05
  0.50032249E+01  0.18102083E-01  0.40990344E-01  0.10212244E-05
  0.50039166E+01  0.17819164E-01  0.40384576E-01  0.10025161E-05
  0.50046083E+01  0.17542369E-01  0.39782204E-01  0.98358698E-06
  0.50053000E+01  0.17271636E-01  0.39183160E-01  0.96444747E-06
  0.50059917E+01  0.17006908E-01  0.38587381E-01  0.94510741E-06
  0.50066834E+01  0.16748125E-01  0.37994800E-01  0.92557906E-06
  0.50073751E+01  0.16495231E-01  0.37405355E-01  0.90587259E-06
  0.50080668E+01  0.16248169E-01  0.36818982E-01  0.88599788E-06
  0.50087585E+01  0.16006885E-01  0.36235620E-01  0.86596690E-06
  0.50094502E+01  0.15771324E-01  0.35655208E-01  0.84579063E-06
  0.50101419E+01  0.15541434E-01  0.35077688E-01  0.82547899E-06
  0.50108336E+01  0.15317161E-01  0.34502999E-01  0.80504329E-06
  0.50115253E+01  0.15098454E-01  0.33931085E-01  0.78449480E-06
  0.50122170E+01  0.14885263E-01  0.33361888E-01  0.76384436E-06
  0.50129087E+01  0.14677538E-01  0.32795353E-01  0.74310198E-06
  0.50136004E+01  0.14475231E-01  0.32231424E-01  0.72227935E-06
  0.50142921E+01  0.14278292E-01  0.31670047E-01  0.70138732E-06
  0.50149838E+01  0.14086676E-01  0.31111169E-01  0.68043614E-06
  0.50156755E+01  0.13900335E-01  0.30554738E-01  0.65943732E-06
  0.50163672E+01  0.13719223E-01  0.30000702E-01  0.63840068E-06
  0.50170589E+01  0.13543297E-01  0.29449009E-01  0.61733755E-06
  0.50177506E+01  0.13372512E-01  0.28899610E-01  0.59625863E-06
  0.50184423E+01  0.13206824E-01  0.28352456E-01  0.57517367E-06
  0.50191340E+01  0.13046190E-01  0.27807497E-01  0.55409345E-06
  0.50198257E+01  0.12890569E-01  0.27264687E-01  0.53302854E-06
  0.50205174E+01  0.12739920E-01  0.26723978E-01  0.51198892E-06
  0.50212091E+01  0.12594202E-01  0.26185324E-01  0.49098516E-06
  0.50219008E+01  0.12453374E-01  0.25648679E-01  0.47002729E-06
  0.50225925E+01  0.12317397E-01  0.25113999E-01  0.44912479E-06
  0.50232842E+01  0.12186234E-01  0.24581238E-01  0.42828800E-06
  0.50239759E+01  0.12059845E-01  0.24050355E-01  0.40752609E-06
  0.50246676E+01  0.11938194E-01  0.23521305E-01  0.38684953E-06
  0.50253593E+01  0.11821242E-01  0.22994047E-01  0.36626688E-06
  0.50260510E+01  0.11708955E-01  0.22468539E-01  0.34578768E-06
  0.50267427E+01  0.11601297E-01  0.21944741E-01  0.32542177E-06
  0.50274344E+01  0.11498231E-01  0.21422611E-01  0.30517760E-06
  0.50281261E+01  0.11399725E-01  0.20902111E-01  0.28506402E-06
  0.50288178E+01  0.11305743E-01  0.20383202E-01  0.26508995E-06
  0.50295095E+01  0.11216252E-01  0.19865844E-01  0.24526379E-06
  0.50302012E+01  0.11131219E-01  0.19350001E-01  0.22559432E-06
  0.50308929E+01  0.11050612E-01  0.18835634E-01  0.20608912E-06
  0.50315846E+01  0.10974399E-01  0.18322708E-01  0.18675653E-06
  0.50322763E+01  0.10902547E-01  0.17811186E-01  0.16760443E-06
  0.50329680E+01  0.10835027E-01  0.17301032E-01  0.14864021E-06
  0.50336597E+01  0.10771808E-01  0.16792212E-01  0.12987158E-06
  0.50343514E+01  0.10712859E-01  0.16284691E-01  0.11130595E-06
  0.50350431E+01  0.10658150E-01  0.15778436E-01  0.92949708E-07
  0.50357348E+01  0.10607654E-01  0.15273412E-01  0.74810041E-07
  0.50364265E+01  0.10561340E-01  0.14769587E-01  0.56894082E-07
  0.50371182E+01  0.10519180E-01  0.14266928E-01  0.39207669E-07
  0.50378099E+01  0.10481147E-01  0.13765404E-01  0.21757100E-07
  0.50385016E+01  0.10447213E-01  0.13264984E-01  0.45483553E-08
  0.50391933E+01  0.10417351E-01  0.12765635E-01 -0.12412731E-07
  0.50398850E+01  0.10391533E-01  0.12267329E-01 -0.29120604E-07
  0.50405767E+01  0.10369734E-01  0.11770035E-01 -0.45569762E-07
  0.50412684E+01  0.10351928E-01  0.11273724E-01 -0.61755611E-07
  0.50419601E+01  0.10338089E-01  0.10778366E-01 -0.77672902E-07
  0.50426518E+01  0.10328191E-01  0.10283933E-01 -0.93317463E-07
  0.50433435E+01  0.10322209E-01  0.97903969E-02 -0.10868435E-06
  0.50440352E+01  0.10320120E-01  0.92977304E-02 -0.12376993E-06
  0.50447269E+01  0.10321899E-01  0.88059061E-02 -0.13856988E-06
  0.50454186E+01  0.10327521E-01  0.83148972E-02 -0.15308099E-06
  0.50461103E+01  0.10336963E-01  0.78246773E-02 -0.16729934E-06
  0.50468020E+01  0.10350201E-01  0.73352207E-02 -0.18122204E-06
  0.50474937E+01  0.10367214E-01  0.68465017E-02 -0.19484634E-06
  0.50481854E+01  0.10387977E-01  0.63584954E-02 -0.20816910E-06
  0.50488771E+01  0.10412468E-01  0.58711770E-02 -0.22118825E-06
  0.50495688E+01  0.10440666E-01  0.53845223E-02 -0.23390165E-06
  0.50502605E+01  0.10472548E-01  0.48985075E-02 -0.24630691E-06
  0.50509522E+01  0.10508093E-01  0.44131091E-02 -0.25840269E-06
  0.50516439E+01  0.10547279E-01  0.39283040E-02 -0.27018725E-06
  0.50523356E+01  0.10590085E-01  0.34440696E-02 -0.28165985E-06
  0.50530273E+01  0.10636490E-01  0.29603836E-02 -0.29281883E-06
  0.50537190E+01  0.10686474E-01  0.24772240E-02 -0.30366381E-06
  0.50544107E+01  0.10740016E-01  0.19945694E-02 -0.31419405E-06
  0.50551024E+01  0.10797096E-01  0.15123985E-02 -0.32441003E-06
  0.50557941E+01  0.10857694E-01  0.10306907E-02 -0.33431079E-06
  0.50564858E+01  0.10921790E-01  0.54942532E-03 -0.34389709E-06
  0.50571775E+01  0.10989365E-01  0.68582475E-04 -0.35316882E-06
  0.50578692E+01  0.11060400E-01 -0.41185760E-03 -0.36212707E-06
  0.50585609E+01  0.11134874E-01 -0.89191425E-03 -0.37077278E-06
  0.50592527E+01  0.11212770E-01 -0.13716065E-02 -0.37910686E-06
  0.50599444E+01  0.11294069E-01 -0.18509529E-02 -0.38713064E-06
  0.50606361E+01  0.11378752E-01 -0.23299719E-02 -0.39484584E-06
  0.50613278E+01  0.11466800E-01 -0.28086814E-02 -0.40225400E-06
  0.50620195E+01  0.11558196E-01 -0.32870990E-02 -0.40935713E-06
  0.50627112E+01  0.11652922E-01 -0.37652420E-02 -0.41615778E-06
  0.50634029E+01  0.11750959E-01 -0.42431274E-02 -0.42265799E-06
  0.50640946E+01  0.11852289E-01 -0.47207717E-02 -0.42886050E-06
  0.50647863E+01  0.11956896E-01 -0.51981913E-02 -0.43476793E-06
  0.50654780E+01  0.12064762E-01 -0.56754021E-02 -0.44038347E-06
  0.50661697E+01  0.12175870E-01 -0.61524197E-02 -0.44571033E-06
  0.50668614E+01  0.12290201E-01 -0.66292596E-02 -0.45075151E-06
  0.50675531E+01  0.12407740E-01 -0.71059365E-02 -0.45551118E-06
  0.50682448E+01  0.12528470E-01 -0.75824653E-02 -0.45999248E-06
  0.50689365E+01  0.12652373E-01 -0.80588603E-02 -0.46419976E-06
  0.50696282E+01  0.12779434E-01 -0.85351355E-02 -0.46813675E-06
  0.50703199E+01  0.12909635E-01 -0.90113047E-02 -0.47180778E-06
  0.50710116E+01  0.13042960E-01 -0.94873812E-02 -0.47521730E-06
  0.50717033E+01  0.13179393E-01 -0.99633782E-02 -0.47836983E-06
  0.50723950E+01  0.13318917E-01 -0.10439309E-01 -0.48127041E-06
  0.50730867E+01  0.13461516E-01 -0.10915185E-01 -0.48392321E-06
  0.50737784E+01  0.13607175E-01 -0.11391019E-01 -0.48633353E-06
  0.50744701E+01  0.13755878E-01 -0.11866822E-01 -0.48850661E-06
  0.50751618E+01  0.13907607E-01 -0.12342608E-01 -0.49044744E-06
  0.50758535E+01  0.14062349E-01 -0.12818386E-01 -0.49216162E-06
  0.50765452E+01  0.14220086E-01 -0.13294167E-01 -0.49365438E-06
  0.50772369E+01  0.14380804E-01 -0.13769963E-01 -0.49493162E-06
  0.50779286E+01  0.14544486E-01 -0.14245784E-01 -0.49599849E-06
  0.50786203E+01  0.14711117E-01 -0.14721640E-01 -0.49686116E-06
  0.50793120E+01  0.14880681E-01 -0.15197540E-01 -0.49752534E-06
  0.50800037E+01  0.15053164E-01 -0.15673495E-01 -0.49799709E-06
  0.50806954E+01  0.15228550E-01 -0.16149513E-01 -0.49828246E-06
  0.50813871E+01  0.15406822E-01 -0.16625603E-01 -0.49838752E-06
  0.50820788E+01  0.15587967E-01 -0.17101774E-01 -0.49831800E-06
  0.50827705E+01  0.15771968E-01 -0.17578034E-01 -0.49808092E-06
  0.50834622E+01  0.15958811E-01 -0.18054392E-01 -0.49768192E-06
  0.50841539E+01  0.16148480E-01 -0.18530855E-01 -0.49712761E-06
  0.50848456E+01  0.16340960E-01 -0.19007430E-01 -0.49642437E-06
  0.50855373E+01  0.16536236E-01 -0.19484125E-01 -0.49557853E-06
  0.50862290E+01  0.16734292E-01 -0.19960947E-01 -0.49459632E-06
  0.50869207E+01  0.16935113E-01 -0.20437902E-01 -0.49348457E-06
  0.50876124E+01  0.17138685E-01 -0.20914996E-01 -0.49224939E-06
  0.50883041E+01  0.17344991E-01 -0.21392236E-01 -0.49089759E-06
  0.50889958E+01  0.17554018E-01 -0.21869627E-01 -0.48943555E-06
  0.50896875E+01  0.17765749E-01 -0.22347175E-01 -0.48786936E-06
  0.50903792E+01  0.17980169E-01 -0.22824885E-01 -0.48620625E-06
  0.50910709E+01  0.18197264E-01 -0.23302762E-01 -0.48445185E-06
  0.50917626E+01  0.18417017E-01 -0.23780810E-01 -0.48261317E-06
  0.50924543E+01  0.18639414E-01 -0.24259034E-01 -0.48069606E-06
  0.50931460E+01  0.18864440E-01 -0.24737438E-01 -0.47870745E-06
  0.50938377E+01  0.19092078E-01 -0.25216025E-01 -0.47665348E-06
  0.50945294E+01  0.19322315E-01 -0.25694800E-01 -0.47454016E-06
  0.50952211E+01  0.19555133E-01 -0.26173764E-01 -0.47237387E-06
  0.50959128E+01  0.19790519E-01 -0.26652922E-01 -0.47016092E-06
  0.50966045E+01  0.20028456E-01 -0.27132275E-01 -0.46790746E-06
  0.50972962E+01  0.20268929E-01 -0.27611827E-01 -0.46561918E-06
  0.50979879E+01  0.20511922E-01 -0.28091578E-01 -0.46330214E-06
  0.50986796E+01  0.20757420E-01 -0.28571531E-01 -0.46096239E-06
  0.50993713E+01  0.21005408E-01 -0.29051688E-01 -0.45860569E-06
  0.51000630E+01  0.21255868E-01 -0.29532048E-01 -0.45623746E-06
  0.51007547E+01  0.21508786E-01 -0.30012615E-01 -0.45386342E-06
  0.51014464E+01  0.21764146E-01 -0.30493387E-01 -0.45148934E-06
  0.51021381E+01  0.22021931E-01 -0.30974365E-01 -0.44911997E-06
  0.51028298E+01  0.22282126E-01 -0.31455550E-01 -0.44676139E-06
  0.51035215E+01  0.22544714E-01 -0.31936940E-01 -0.44441806E-06
  0.51042132E+01  0.22809680E-01 -0.32418536E-01 -0.44209563E-06
  0.51049049E+01  0.23077006E-01 -0.32900337E-01 -0.43979834E-06
  0.51055966E+01  0.23346678E-01 -0.33382341E-01 -0.43753136E-06
  0.51062883E+01  0.23618677E-01 -0.33864547E-01 -0.43529907E-06
  0.51069800E+01  0.23892988E-01 -0.34346953E-01 -0.43310624E-06
  0.51076717E+01  0.24169594E-01 -0.34829557E-01 -0.43095691E-06
  0.51083634E+01  0.24448479E-01 -0.35312358E-01 -0.42885573E-06
  0.51090551E+01  0.24729624E-01 -0.35795352E-01 -0.42680647E-06
  0.51097468E+01  0.25013014E-01 -0.36278536E-01 -0.42481263E-06
  0.51104385E+01  0.25298631E-01 -0.36761908E-01 -0.42287871E-06
  0.51111302E+01  0.25586458E-01 -0.37245463E-01 -0.42100798E-06
  0.51118219E+01  0.25876478E-01 -0.37729199E-01 -0.41920337E-06
  0.51125136E+01  0.26168673E-01 -0.38213110E-01 -0.41746845E-06
  0.51132053E+01  0.26463025E-01 -0.38697193E-01 -0.41580654E-06
  0.51138970E+01  0.26759518E-01 -0.39181442E-01 -0.41422014E-06
  0.51145887E+01  0.27058132E-01 -0.39665854E-01 -0.41271236E-06
  0.51152804E+01  0.27358850E-01 -0.40150422E-01 -0.41128518E-06
  0.51159721E+01  0.27661655E-01 -0.40635141E-01 -0.40994141E-06
  0.51166638E+01  0.27966526E-01 -0.41120005E-01 -0.40868280E-06
  0.51173556E+01  0.28273447E-01 -0.41605008E-01 -0.40751175E-06
  0.51180473E+01  0.28582399E-01 -0.42090143E-01 -0.40642980E-06
  0.51187390E+01  0.28893362E-01 -0.42575404E-01 -0.40543850E-06
  0.51194307E+01  0.29206318E-01 -0.43060784E-01 -0.40453932E-06
  0.51201224E+01  0.29521249E-01 -0.43546274E-01 -0.40373360E-06
  0.51208141E+01  0.29838133E-01 -0.44031868E-01 -0.40302204E-06
  0.51215058E+01  0.30156954E-01 -0.44517557E-01 -0.40240603E-06
  0.51221975E+01  0.30477689E-01 -0.45003333E-01 -0.40188553E-06
  0.51228892E+01  0.30800321E-01 -0.45489186E-01 -0.40146127E-06
  0.51235809E+01  0.31124829E-01 -0.45975110E-01 -0.40113369E-06
  0.51242726E+01  0.31451193E-01 -0.46461093E-01 -0.40090240E-06
  0.51249643E+01  0.31779393E-01 -0.46947126E-01 -0.40076762E-06
  0.51256560E+01  0.32109408E-01 -0.47433200E-01 -0.40072900E-06
  0.51263477E+01  0.32441218E-01 -0.47919304E-01 -0.40078574E-06
  0.51270394E+01  0.32774802E-01 -0.48405427E-01 -0.40093744E-06
  0.51277311E+01  0.33110139E-01 -0.48891559E-01 -0.40118273E-06
  0.51284228E+01  0.33447207E-01 -0.49377688E-01 -0.40152069E-06
  0.51291145E+01  0.33785986E-01 -0.49863803E-01 -0.40195021E-06
  0.51298062E+01  0.34126453E-01 -0.50349893E-01 -0.40246974E-06
  0.51304979E+01  0.34468587E-01 -0.50835943E-01 -0.40307743E-06
  0.51311896E+01  0.34812366E-01 -0.51321944E-01 -0.40377145E-06
  0.51318813E+01  0.35157768E-01 -0.51807880E-01 -0.40454970E-06
  0.51325730E+01  0.35504770E-01 -0.52293740E-01 -0.40541014E-06
  0.51332647E+01  0.35853349E-01 -0.52779510E-01 -0.40634993E-06
  0.51339564E+01  0.36203482E-01 -0.53265176E-01 -0.40736721E-06
  0.51346481E+01  0.36555148E-01 -0.53750723E-01 -0.40845841E-06
  0.51353398E+01  0.36908321E-01 -0.54236137E-01 -0.40962124E-06
  0.51360315E+01  0.37262979E-01 -0.54721404E-01 -0.41085188E-06
  0.51367232E+01  0.37619098E-01 -0.55206509E-01 -0.41214792E-06
  0.51374149E+01  0.37976653E-01 -0.55691434E-01 -0.41350533E-06
  0.51381066E+01  0.38335621E-01 -0.56176166E-01 -0.41492045E-06
  0.51387983E+01  0.38695977E-01 -0.56660688E-01 -0.41638984E-06
  0.51394900E+01  0.39057696E-01 -0.57144982E-01 -0.41790955E-06
  0.51401817E+01  0.39420754E-01 -0.57629033E-01 -0.41947540E-06
  0.51408734E+01  0.39785124E-01 -0.58112823E-01 -0.42108314E-06
  0.51415651E+01  0.40150782E-01 -0.58596334E-01 -0.42272845E-06
  0.51422568E+01  0.40517702E-01 -0.59079549E-01 -0.42440694E-06
  0.51429485E+01  0.40885858E-01 -0.59562449E-01 -0.42611405E-06
  0.51436402E+01  0.41255224E-01 -0.60045017E-01 -0.42784470E-06
  0.51443319E+01  0.41625773E-01 -0.60527231E-01 -0.42959450E-06
  0.51450236E+01  0.41997478E-01 -0.61009075E-01 -0.43135825E-06
  0.51457153E+01  0.42370312E-01 -0.61490527E-01 -0.43313082E-06
  0.51464070E+01  0.42744249E-01 -0.61971568E-01 -0.43490703E-06
  0.51470987E+01  0.43119260E-01 -0.62452178E-01 -0.43668170E-06
  0.51477904E+01  0.43495318E-01 -0.62932335E-01 -0.43844919E-06
  0.51484821E+01  0.43872395E-01 -0.63412020E-01 -0.44020415E-06
  0.51491738E+01  0.44250462E-01 -0.63891209E-01 -0.44194087E-06
  0.51498655E+01  0.44629491E-01 -0.64369882E-01 -0.44365400E-06
  0.51505572E+01  0.45009452E-01 -0.64848017E-01 -0.44533734E-06
  0.51512489E+01  0.45390317E-01 -0.65325591E-01 -0.44698557E-06
  0.51519406E+01  0.45772056E-01 -0.65802581E-01 -0.44859245E-06
  0.51526323E+01  0.46154640E-01 -0.66278964E-01 -0.45015229E-06
  0.51533240E+01  0.46538037E-01 -0.66754716E-01 -0.45165865E-06
  0.51540157E+01  0.46922219E-01 -0.67229814E-01 -0.45310604E-06
  0.51547074E+01  0.47307154E-01 -0.67704234E-01 -0.45448829E-06
  0.51553991E+01  0.47692812E-01 -0.68177949E-01 -0.45579891E-06
  0.51560908E+01  0.48079161E-01 -0.68650937E-01 -0.45703210E-06
  0.51567825E+01  0.48466169E-01 -0.69123171E-01 -0.45818181E-06
  0.51574742E+01  0.48853806E-01 -0.69594625E-01 -0.45924147E-06
  0.51581659E+01  0.49242038E-01 -0.70065274E-01 -0.46020501E-06
  0.51588576E+01  0.49630834E-01 -0.70535091E-01 -0.46106643E-06
  0.51595493E+01  0.50020160E-01 -0.71004049E-01 -0.46181941E-06
  0.51602410E+01  0.50409985E-01 -0.71472121E-01 -0.46245776E-06
  0.51609327E+01  0.50800274E-01 -0.71939280E-01 -0.46297507E-06
  0.51616244E+01  0.51190994E-01 -0.72405497E-01 -0.46336592E-06
  0.51623161E+01  0.51582111E-01 -0.72870745E-01 -0.46362336E-06
  0.51630078E+01  0.51973591E-01 -0.73334995E-01 -0.46374161E-06
  0.51636995E+01  0.52365399E-01 -0.73798217E-01 -0.46371494E-06
  0.51643912E+01  0.52757500E-01 -0.74260382E-01 -0.46353705E-06
  0.51650829E+01  0.53149860E-01 -0.74721461E-01 -0.46320190E-06
  0.51657746E+01  0.53542443E-01 -0.75181424E-01 -0.46270375E-06
  0.51664663E+01  0.53935213E-01 -0.75640240E-01 -0.46203694E-06
  0.51671580E+01  0.54328134E-01 -0.76097878E-01 -0.46119543E-06
  0.51678497E+01  0.54721170E-01 -0.76554307E-01 -0.46017353E-06
  0.51685414E+01  0.55114284E-01 -0.77009496E-01 -0.45896577E-06
  0.51692331E+01  0.55507439E-01 -0.77463412E-01 -0.45756679E-06
  0.51699248E+01  0.55900598E-01 -0.77916023E-01 -0.45597103E-06
  0.51706165E+01  0.56293723E-01 -0.78367297E-01 -0.45417326E-06
  0.51713082E+01  0.56686776E-01 -0.78817201E-01 -0.45216816E-06
  0.51719999E+01  0.57079718E-01 -0.79265701E-01 -0.44995070E-06
  0.51726916E+01  0.57472513E-01 -0.79712764E-01 -0.44751610E-06
  0.51733833E+01  0.57865119E-01 -0.80158355E-01 -0.44485922E-06
  0.51740750E+01  0.58257499E-01 -0.80602440E-01 -0.44197550E-06
  0.51747667E+01  0.58649612E-01 -0.81044984E-01 -0.43886036E-06
  0.51754584E+01  0.59041420E-01 -0.81485952E-01 -0.43550942E-06
  0.51761502E+01  0.59432880E-01 -0.81925309E-01 -0.43191831E-06
  0.51768419E+01  0.59823955E-01 -0.82363018E-01 -0.42808296E-06
  0.51775336E+01  0.60214601E-01 -0.82799044E-01 -0.42399938E-06
  0.51782253E+01  0.60604779E-01 -0.83233349E-01 -0.41966371E-06
  0.51789170E+01  0.60994447E-01 -0.83665897E-01 -0.41507233E-06
  0.51796087E+01  0.61383563E-01 -0.84096651E-01 -0.41022193E-06
  0.51803004E+01  0.61772085E-01 -0.84525572E-01 -0.40510898E-06
  0.51809921E+01  0.62159971E-01 -0.84952623E-01 -0.39973027E-06
  0.51816838E+01  0.62547178E-01 -0.85377766E-01 -0.39408323E-06
  0.51823755E+01  0.62933663E-01 -0.85800962E-01 -0.38816500E-06
  0.51830672E+01  0.63319382E-01 -0.86222171E-01 -0.38197293E-06
  0.51837589E+01  0.63704294E-01 -0.86641355E-01 -0.37550434E-06
  0.51844506E+01  0.64088352E-01 -0.87058473E-01 -0.36875779E-06
  0.51851423E+01  0.64471514E-01 -0.87473486E-01 -0.36173071E-06
  0.51858340E+01  0.64853734E-01 -0.87886354E-01 -0.35442183E-06
  0.51865257E+01  0.65234968E-01 -0.88297034E-01 -0.34682926E-06
  0.51872174E+01  0.65615171E-01 -0.88705488E-01 -0.33895183E-06
  0.51879091E+01  0.65994297E-01 -0.89111672E-01 -0.33078845E-06
  0.51886008E+01  0.66372301E-01 -0.89515546E-01 -0.32233807E-06
  0.51892925E+01  0.66749137E-01 -0.89917067E-01 -0.31360026E-06
  0.51899842E+01  0.67124757E-01 -0.90316193E-01 -0.30457454E-06
  0.51906759E+01  0.67499117E-01 -0.90712882E-01 -0.29526075E-06
  0.51913676E+01  0.67872168E-01 -0.91107090E-01 -0.28565868E-06
  0.51920593E+01  0.68243864E-01 -0.91498774E-01 -0.27576871E-06
  0.51927510E+01  0.68614158E-01 -0.91887890E-01 -0.26559151E-06
  0.51934427E+01  0.68983000E-01 -0.92274395E-01 -0.25512750E-06
  0.51941344E+01  0.69350345E-01 -0.92658245E-01 -0.24437783E-06
  0.51948261E+01  0.69716142E-01 -0.93039394E-01 -0.23334364E-06
  0.51955178E+01  0.70080345E-01 -0.93417799E-01 -0.22202643E-06
  0.51962095E+01  0.70442903E-01 -0.93793413E-01 -0.21042781E-06
  0.51969012E+01  0.70803768E-01 -0.94166192E-01 -0.19854964E-06
  0.51975929E+01  0.71162890E-01 -0.94536091E-01 -0.18639432E-06
  0.51982846E+01  0.71520220E-01 -0.94903062E-01 -0.17396373E-06
  0.51989763E+01  0.71875709E-01 -0.95267060E-01 -0.16126102E-06
  0.51996680E+01  0.72229305E-01 -0.95628038E-01 -0.14828903E-06
  0.52003597E+01  0.72580958E-01 -0.95985950E-01 -0.13505065E-06
  0.52010514E+01  0.72930619E-01 -0.96340748E-01 -0.12154926E-06
  0.52017431E+01  0.73278235E-01 -0.96692386E-01 -0.10778849E-06
  0.52024348E+01  0.73623757E-01 -0.97040816E-01 -0.93772349E-07
  0.52031265E+01  0.73967132E-01 -0.97385990E-01 -0.79504640E-07
  0.52038182E+01  0.74308309E-01 -0.97727860E-01 -0.64989740E-07
  0.52045099E+01  0.74647236E-01 -0.98066377E-01 -0.50232164E-07
  0.52052016E+01  0.74983862E-01 -0.98401494E-01 -0.35237071E-07
  0.52058933E+01  0.75318134E-01 -0.98733162E-01 -0.20008958E-07
  0.52065850E+01  0.75650000E-01 -0.99061331E-01 -0.45532879E-08
  0.52072767E+01  0.75979407E-01 -0.99385953E-01  0.11124429E-07
  0.52079684E+01  0.76306302E-01 -0.99706978E-01  0.27018765E-07
  0.52086601E+01  0.76630633E-01 -0.10002436E+00  0.43123463E-07
  0.52093518E+01  0.76952346E-01 -0.10033804E+00  0.59432595E-07
  0.52100435E+01  0.77271387E-01 -0.10064798E+00  0.75939742E-07
  0.52107352E+01  0.77587704E-01 -0.10095412E+00  0.92638541E-07
  0.52114269E+01  0.77901243E-01 -0.10125641E+00  0.10952196E-06
  0.52121186E+01  0.78211949E-01 -0.10155481E+00  0.12658339E-06
  0.52128103E+01  0.78519768E-01 -0.10184926E+00  0.14381516E-06
  0.52135020E+01  0.78824647E-01 -0.10213971E+00  0.16121031E-06
  0.52141937E+01  0.79126532E-01 -0.10242611E+00  0.17876113E-06
  0.52148854E+01  0.79425367E-01 -0.10270841E+00  0.19645990E-06
  0.52155771E+01  0.79721098E-01 -0.10298657E+00  0.21429863E-06
  0.52162688E+01  0.80013670E-01 -0.10326051E+00  0.23226907E-06
  0.52169605E+01  0.80303029E-01 -0.10353021E+00  0.25036338E-06
  0.52176522E+01  0.80589120E-01 -0.10379559E+00  0.26857250E-06
  0.52183439E+01  0.80871887E-01 -0.10405662E+00  0.28688824E-06
  0.52190356E+01  0.81151276E-01 -0.10431324E+00  0.30530157E-06
  0.52197273E+01  0.81427230E-01 -0.10456540E+00  0.32380363E-06
  0.52204190E+01  0.81699696E-01 -0.10481305E+00  0.34238523E-06
  0.52211107E+01  0.81968617E-01 -0.10505613E+00  0.36103730E-06
  0.52218024E+01  0.82233938E-01 -0.10529459E+00  0.37975030E-06
  0.52224941E+01  0.82495604E-01 -0.10552838E+00  0.39851453E-06
  0.52231858E+01  0.82753559E-01 -0.10575745E+00  0.41732075E-06
  0.52238775E+01  0.83007747E-01 -0.10598175E+00  0.43615901E-06
  0.52245692E+01  0.83258113E-01 -0.10620122E+00  0.45501919E-06
  0.52252609E+01  0.83504601E-01 -0.10641581E+00  0.47389164E-06
  0.52259526E+01  0.83747156E-01 -0.10662547E+00  0.49276595E-06
  0.52266443E+01  0.83985722E-01 -0.10683015E+00  0.51163231E-06
  0.52273360E+01  0.84220243E-01 -0.10702979E+00  0.53048004E-06
  0.52280277E+01  0.84450664E-01 -0.10722434E+00  0.54929877E-06
  0.52287194E+01  0.84676928E-01 -0.10741375E+00  0.56807845E-06
  0.52294111E+01  0.84898981E-01 -0.10759797E+00  0.58680818E-06
  0.52301028E+01  0.85116768E-01 -0.10777695E+00  0.60547749E-06
  0.52307945E+01  0.85330231E-01 -0.10795063E+00  0.62407572E-06
  0.52314862E+01  0.85539317E-01 -0.10811896E+00  0.64259237E-06
  0.52321779E+01  0.85743969E-01 -0.10828189E+00  0.66101648E-06
  0.52328696E+01  0.85944133E-01 -0.10843936E+00  0.67933720E-06
  0.52335613E+01  0.86139754E-01 -0.10859134E+00  0.69754412E-06
  0.52342531E+01  0.86330776E-01 -0.10873775E+00  0.71562606E-06
  0.52349448E+01  0.86517144E-01 -0.10887856E+00  0.73357236E-06
  0.52356365E+01  0.86698803E-01 -0.10901371E+00  0.75137232E-06
  0.52363282E+01  0.86875700E-01 -0.10914315E+00  0.76901485E-06
  0.52370199E+01  0.87047779E-01 -0.10926682E+00  0.78648929E-06
  0.52377116E+01  0.87214986E-01 -0.10938469E+00  0.80378466E-06
  0.52384033E+01  0.87377267E-01 -0.10949669E+00  0.82089055E-06
  0.52390950E+01  0.87534568E-01 -0.10960278E+00  0.83779589E-06
  0.52397867E+01  0.87686835E-01 -0.10970290E+00  0.85449016E-06
  0.52404784E+01  0.87834014E-01 -0.10979701E+00  0.87096249E-06
  0.52411701E+01  0.87976053E-01 -0.10988505E+00  0.88720263E-06
  0.52418618E+01  0.88112897E-01 -0.10996698E+00  0.90319975E-06
  0.52425535E+01  0.88244495E-01 -0.11004274E+00  0.91894352E-06
  0.52432452E+01  0.88370793E-01 -0.11011230E+00  0.93442330E-06
  0.52439369E+01  0.88491739E-01 -0.11017559E+00  0.94962923E-06
  0.52446286E+01  0.88607280E-01 -0.11023257E+00  0.96455069E-06
  0.52453203E+01  0.88717366E-01 -0.11028319E+00  0.97917774E-06
  0.52460120E+01  0.88821944E-01 -0.11032740E+00  0.99350046E-06
  0.52467037E+01  0.88920964E-01 -0.11036516E+00  0.10075089E-05
  0.52473954E+01  0.89014374E-01 -0.11039642E+00  0.10211931E-05
  0.52480871E+01  0.89102124E-01 -0.11042113E+00  0.10345437E-05
  0.52487788E+01  0.89184164E-01 -0.11043925E+00  0.10475509E-05
  0.52494705E+01  0.89260443E-01 -0.11045072E+00  0.10602057E-05
  0.52501622E+01  0.89330913E-01 -0.11045550E+00  0.10724986E-05
  0.52508539E+01  0.89395525E-01 -0.11045355E+00  0.10844205E-05
  0.52515456E+01  0.89454229E-01 -0.11044482E+00  0.10959627E-05
  0.52522373E+01  0.89506978E-01 -0.11042927E+00  0.11071164E-05
  0.52529290E+01  0.89553723E-01 -0.11040686E+00  0.11178729E-05
  0.52536207E+01  0.89594418E-01 -0.11037753E+00  0.11282242E-05
  0.52543124E+01  0.89629016E-01 -0.11034125E+00  0.11381617E-05
  0.52550041E+01  0.89657470E-01 -0.11029797E+00  0.11476777E-05
  0.52556958E+01  0.89679734E-01 -0.11024765E+00  0.11567643E-05
  0.52563875E+01  0.89695762E-01 -0.11019025E+00  0.11654140E-05
  0.52570792E+01  0.89705511E-01 -0.11012573E+00  0.11736194E-05
  0.52577709E+01  0.89708935E-01 -0.11005405E+00  0.11813733E-05
  0.52584626E+01  0.89705991E-01 -0.10997516E+00  0.11886687E-05
  0.52591543E+01  0.89696636E-01 -0.10988903E+00  0.11954991E-05
  0.52598460E+01  0.89680826E-01 -0.10979562E+00  0.12018580E-05
  0.52605377E+01  0.89658519E-01 -0.10969489E+00  0.12077392E-05
  0.52612294E+01  0.89629675E-01 -0.10958681E+00  0.12131366E-05
  0.52619211E+01  0.89594252E-01 -0.10947133E+00  0.12180446E-05
  0.52626128E+01  0.89552209E-01 -0.10934841E+00  0.12224579E-05
  0.52633045E+01  0.89503508E-01 -0.10921803E+00  0.12263709E-05
  0.52639962E+01  0.89448109E-01 -0.10908015E+00  0.12297791E-05
  0.52646879E+01  0.89385973E-01 -0.10893473E+00  0.12326776E-05
  0.52653796E+01  0.89317064E-01 -0.10878175E+00  0.12350620E-05
  0.52660713E+01  0.89241344E-01 -0.10862115E+00  0.12369282E-05
  0.52667630E+01  0.89158776E-01 -0.10845293E+00  0.12382724E-05
  0.52674547E+01  0.89069326E-01 -0.10827703E+00  0.12390910E-05
  0.52681464E+01  0.88972959E-01 -0.10809344E+00  0.12393808E-05
  0.52688381E+01  0.88869639E-01 -0.10790211E+00  0.12391387E-05
  0.52695298E+01  0.88759335E-01 -0.10770303E+00  0.12383622E-05
  0.52702215E+01  0.88642014E-01 -0.10749617E+00  0.12370488E-05
  0.52709132E+01  0.88517644E-01 -0.10728149E+00  0.12351964E-05
  0.52716049E+01  0.88386193E-01 -0.10705897E+00  0.12328033E-05
  0.52722966E+01  0.88247633E-01 -0.10682858E+00  0.12298681E-05
  0.52729883E+01  0.88101933E-01 -0.10659030E+00  0.12263893E-05
  0.52736800E+01  0.87949065E-01 -0.10634410E+00  0.12223663E-05
  0.52743717E+01  0.87789001E-01 -0.10608996E+00  0.12177984E-05
  0.52750634E+01  0.87621716E-01 -0.10582786E+00  0.12126856E-05
  0.52757551E+01  0.87447182E-01 -0.10555778E+00  0.12070275E-05
  0.52764468E+01  0.87265376E-01 -0.10527969E+00  0.12008249E-05
  0.52771385E+01  0.87076272E-01 -0.10499358E+00  0.11940784E-05
  0.52778302E+01  0.86879849E-01 -0.10469942E+00  0.11867889E-05
  0.52785219E+01  0.86676083E-01 -0.10439720E+00  0.11789576E-05
  0.52792136E+01  0.86464954E-01 -0.10408690E+00  0.11705863E-05
  0.52799053E+01  0.86246441E-01 -0.10376850E+00  0.11616770E-05
  0.52805970E+01  0.86020526E-01 -0.10344200E+00  0.11522320E-05
  0.52812887E+01  0.85787189E-01 -0.10310737E+00  0.11422535E-05
  0.52819804E+01  0.85546413E-01 -0.10276461E+00  0.11317448E-05
  0.52826721E+01  0.85298183E-01 -0.10241369E+00  0.11207088E-05
  0.52833638E+01  0.85042482E-01 -0.10205462E+00  0.11091492E-05
  0.52840555E+01  0.84779297E-01 -0.10168737E+00  0.10970697E-05
  0.52847472E+01  0.84508615E-01 -0.10131195E+00  0.10844744E-05
  0.52854389E+01  0.84230423E-01 -0.10092834E+00  0.10713678E-05
  0.52861306E+01  0.83944710E-01 -0.10053654E+00  0.10577545E-05
  0.52868223E+01  0.83651466E-01 -0.10013654E+00  0.10436398E-05
  0.52875140E+01  0.83350683E-01 -0.99728339E-01  0.10290288E-05
  0.52882057E+01  0.83042352E-01 -0.99311929E-01  0.10139272E-05
  0.52888974E+01  0.82726468E-01 -0.98887312E-01  0.99834079E-06
  0.52895891E+01  0.82403023E-01 -0.98454484E-01  0.98227602E-06
  0.52902808E+01  0.82072014E-01 -0.98013447E-01  0.96573918E-06
  0.52909725E+01  0.81733438E-01 -0.97564202E-01  0.94873720E-06
  0.52916642E+01  0.81387293E-01 -0.97106751E-01  0.93127693E-06
  0.52923559E+01  0.81033576E-01 -0.96641098E-01  0.91336597E-06
  0.52930477E+01  0.80672289E-01 -0.96167247E-01  0.89501178E-06
  0.52937394E+01  0.80303434E-01 -0.95685205E-01  0.87622219E-06
  0.52944311E+01  0.79927011E-01 -0.95194978E-01  0.85700551E-06
  0.52951228E+01  0.79543026E-01 -0.94696576E-01  0.83736993E-06
  0.52958145E+01  0.79151483E-01 -0.94190007E-01  0.81732433E-06
  0.52965062E+01  0.78752388E-01 -0.93675283E-01  0.79687742E-06
  0.52971979E+01  0.78345749E-01 -0.93152415E-01  0.77603843E-06
  0.52978896E+01  0.77931574E-01 -0.92621417E-01  0.75481693E-06
  0.52985813E+01  0.77509873E-01 -0.92082304E-01  0.73322225E-06
  0.52992730E+01  0.77080657E-01 -0.91535091E-01  0.71126426E-06
  0.52999647E+01  0.76643938E-01 -0.90979796E-01  0.68895340E-06
  0.53006564E+01  0.76199731E-01 -0.90416436E-01  0.66629948E-06
  0.53013481E+01  0.75748049E-01 -0.89845032E-01  0.64331328E-06
  0.53020398E+01  0.75288909E-01 -0.89265605E-01  0.62000549E-06
  0.53027315E+01  0.74822328E-01 -0.88678176E-01  0.59638709E-06
  0.53034232E+01  0.74348325E-01 -0.88082769E-01  0.57246904E-06
  0.53041149E+01  0.73866920E-01 -0.87479409E-01  0.54826251E-06
  0.53048066E+01  0.73378134E-01 -0.86868122E-01  0.52377926E-06
  0.53054983E+01  0.72881989E-01 -0.86248935E-01  0.49903064E-06
  0.53061900E+01  0.72378509E-01 -0.85621878E-01  0.47402870E-06
  0.53068817E+01  0.71867719E-01 -0.84986980E-01  0.44878516E-06
  0.53075734E+01  0.71349645E-01 -0.84344272E-01  0.42331231E-06
  0.53082651E+01  0.70824316E-01 -0.83693788E-01  0.39762225E-06
  0.53089568E+01  0.70291760E-01 -0.83035561E-01  0.37172765E-06
  0.53096485E+01  0.69752007E-01 -0.82369626E-01  0.34564056E-06
  0.53103402E+01  0.69205089E-01 -0.81696021E-01  0.31937398E-06
  0.53110319E+01  0.68651038E-01 -0.81014782E-01  0.29294063E-06
  0.53117236E+01  0.68089890E-01 -0.80325951E-01  0.26635303E-06
  0.53124153E+01  0.67521679E-01 -0.79629566E-01  0.23962451E-06
  0.53131070E+01  0.66946442E-01 -0.78925670E-01  0.21276794E-06
  0.53137987E+01  0.66364217E-01 -0.78214306E-01  0.18579637E-06
  0.53144904E+01  0.65775044E-01 -0.77495519E-01  0.15872323E-06
  0.53151821E+01  0.65178963E-01 -0.76769355E-01  0.13156143E-06
  0.53158738E+01  0.64576017E-01 -0.76035860E-01  0.10432446E-06
  0.53165655E+01  0.63966248E-01 -0.75295084E-01  0.77025748E-07
  0.53172572E+01  0.63349701E-01 -0.74547076E-01  0.49678490E-07
  0.53179489E+01  0.62726423E-01 -0.73791888E-01  0.22296317E-07
  0.53186406E+01  0.62096460E-01 -0.73029572E-01 -0.51075765E-08
  0.53193323E+01  0.61459861E-01 -0.72260182E-01 -0.32519352E-07
  0.53200240E+01  0.60816675E-01 -0.71483772E-01 -0.59925881E-07
  0.53207157E+01  0.60166954E-01 -0.70700400E-01 -0.87313703E-07
  0.53214074E+01  0.59510751E-01 -0.69910123E-01 -0.11466903E-06
  0.53220991E+01  0.58848117E-01 -0.69112999E-01 -0.14197871E-06
  0.53227908E+01  0.58179110E-01 -0.68309090E-01 -0.16922926E-06
  0.53234825E+01  0.57503784E-01 -0.67498457E-01 -0.19640736E-06
  0.53241742E+01  0.56822197E-01 -0.66681163E-01 -0.22349970E-06
  0.53248659E+01  0.56134409E-01 -0.65857271E-01 -0.25049277E-06
  0.53255576E+01  0.55440477E-01 -0.65026847E-01 -0.27737362E-06
  0.53262493E+01  0.54740465E-01 -0.64189958E-01 -0.30412899E-06
  0.53269410E+01  0.54034434E-01 -0.63346672E-01 -0.33074586E-06
  0.53276327E+01  0.53322448E-01 -0.62497057E-01 -0.35721125E-06
  0.53283244E+01  0.52604571E-01 -0.61641185E-01 -0.38351230E-06
  0.53290161E+01  0.51880870E-01 -0.60779125E-01 -0.40963604E-06
  0.53297078E+01  0.51151412E-01 -0.59910952E-01 -0.43557007E-06
  0.53303995E+01  0.50416264E-01 -0.59036739E-01 -0.46130166E-06
  0.53310912E+01  0.49675498E-01 -0.58156562E-01 -0.48681850E-06
  0.53317829E+01  0.48929183E-01 -0.57270496E-01 -0.51210821E-06
  0.53324746E+01  0.48177392E-01 -0.56378619E-01 -0.53715861E-06
  0.53331663E+01  0.47420197E-01 -0.55481010E-01 -0.56195781E-06
  0.53338580E+01  0.46657672E-01 -0.54577748E-01 -0.58649382E-06
  0.53345497E+01  0.45889893E-01 -0.53668915E-01 -0.61075521E-06
  0.53352414E+01  0.45116937E-01 -0.52754592E-01 -0.63473020E-06
  0.53359331E+01  0.44338880E-01 -0.51834863E-01 -0.65840781E-06
  0.53366248E+01  0.43555801E-01 -0.50909811E-01 -0.68177640E-06
  0.53373165E+01  0.42767780E-01 -0.49979522E-01 -0.70482541E-06
  0.53380082E+01  0.41974897E-01 -0.49044083E-01 -0.72754400E-06
  0.53386999E+01  0.41177235E-01 -0.48103581E-01 -0.74992169E-06
  0.53393916E+01  0.40374875E-01 -0.47158103E-01 -0.77194788E-06
  0.53400833E+01  0.39567902E-01 -0.46207741E-01 -0.79361276E-06
  0.53407750E+01  0.38756400E-01 -0.45252583E-01 -0.81490630E-06
  0.53414667E+01  0.37940455E-01 -0.44292722E-01 -0.83581924E-06
  0.53421584E+01  0.37120154E-01 -0.43328250E-01 -0.85634165E-06
  0.53428501E+01  0.36295584E-01 -0.42359261E-01 -0.87646461E-06
  0.53435418E+01  0.35466833E-01 -0.41385848E-01 -0.89617930E-06
  0.53442335E+01  0.34633992E-01 -0.40408107E-01 -0.91547695E-06
  0.53449252E+01  0.33797150E-01 -0.39426134E-01 -0.93434910E-06
  0.53456169E+01  0.32956399E-01 -0.38440026E-01 -0.95278789E-06
  0.53463086E+01  0.32111831E-01 -0.37449880E-01 -0.97078520E-06
  0.53470003E+01  0.31263538E-01 -0.36455797E-01 -0.98833367E-06
  0.53476920E+01  0.30411615E-01 -0.35457875E-01 -0.10054259E-05
  0.53483837E+01  0.29556155E-01 -0.34456214E-01 -0.10220549E-05
  0.53490754E+01  0.28697255E-01 -0.33450916E-01 -0.10382141E-05
  0.53497671E+01  0.27835009E-01 -0.32442082E-01 -0.10538971E-05
  0.53504588E+01  0.26969516E-01 -0.31429816E-01 -0.10690974E-05
  0.53511506E+01  0.26100872E-01 -0.30414221E-01 -0.10838097E-05
  0.53518423E+01  0.25229176E-01 -0.29395400E-01 -0.10980282E-05
  0.53525340E+01  0.24354526E-01 -0.28373459E-01 -0.11117478E-05
  0.53532257E+01  0.23477023E-01 -0.27348502E-01 -0.11249637E-05
  0.53539174E+01  0.22596766E-01 -0.26320637E-01 -0.11376713E-05
  0.53546091E+01  0.21713855E-01 -0.25289970E-01 -0.11498662E-05
  0.53553008E+01  0.20828394E-01 -0.24256608E-01 -0.11615448E-05
  0.53559925E+01  0.19940482E-01 -0.23220658E-01 -0.11727033E-05
  0.53566842E+01  0.19050224E-01 -0.22182231E-01 -0.11833385E-05
  0.53573759E+01  0.18157722E-01 -0.21141433E-01 -0.11934473E-05
  0.53580676E+01  0.17263079E-01 -0.20098376E-01 -0.12030275E-05
  0.53587593E+01  0.16366399E-01 -0.19053169E-01 -0.12120765E-05
  0.53594510E+01  0.15467788E-01 -0.18005922E-01 -0.12205925E-05
  0.53601427E+01  0.14567350E-01 -0.16956746E-01 -0.12285739E-05
  0.53608344E+01  0.13665190E-01 -0.15905753E-01 -0.12360193E-05
  0.53615261E+01  0.12761414E-01 -0.14853054E-01 -0.12429280E-05
  0.53622178E+01  0.11856128E-01 -0.13798761E-01 -0.12492993E-05
  0.53629095E+01  0.10949438E-01 -0.12742987E-01 -0.12551329E-05
  0.53636012E+01  0.10041452E-01 -0.11685845E-01 -0.12604291E-05
  0.53642929E+01  0.91322762E-02 -0.10627446E-01 -0.12651880E-05
  0.53649846E+01  0.82220179E-02 -0.95679062E-02 -0.12694107E-05
  0.53656763E+01  0.73107848E-02 -0.85073372E-02 -0.12730981E-05
  0.53663680E+01  0.63986846E-02 -0.74458534E-02 -0.12762516E-05
  0.53670597E+01  0.54858253E-02 -0.63835685E-02 -0.12788731E-05
  0.53677514E+01  0.45723151E-02 -0.53205969E-02 -0.12809646E-05
  0.53684431E+01  0.36582623E-02 -0.42570527E-02 -0.12825286E-05
  0.53691348E+01  0.27437752E-02 -0.31930505E-02 -0.12835679E-05
  0.53698265E+01  0.18289624E-02 -0.21287047E-02 -0.12840856E-05
  0.53705182E+01  0.91393253E-03 -0.10641299E-02 -0.12840852E-05
  0.53712102E+01 -0.12058696E-05  0.55930654E-06 -0.12835700E-05
  0.53719022E+01  0.54537907E-03 -0.54659318E-03 -0.24568679E-03
  0.53725942E+01  0.10916143E-02 -0.10933959E-02 -0.48978314E-03
  0.53732862E+01  0.16371508E-02 -0.16394995E-02 -0.73326635E-03
  0.53739782E+01  0.21816406E-02 -0.21845557E-02 -0.97583137E-03
  0.53746702E+01  0.27247378E-02 -0.27282182E-02 -0.12171751E-02
  0.53753622E+01  0.32660992E-02 -0.32701434E-02 -0.14569968E-02
  0.53760543E+01  0.38053847E-02 -0.38099910E-02 -0.16949992E-02
  0.53767463E+01  0.43422581E-02 -0.43474244E-02 -0.19308883E-02
  0.53774383E+01  0.48763876E-02 -0.48821115E-02 -0.21643748E-02
  0.53781303E+01  0.54074465E-02 -0.54137253E-02 -0.23951739E-02
  0.53788223E+01  0.59351138E-02 -0.59419444E-02 -0.26230067E-02
  0.53795143E+01  0.64590745E-02 -0.64664535E-02 -0.28475997E-02
  0.53802063E+01  0.69790205E-02 -0.69869443E-02 -0.30686864E-02
  0.53808983E+01  0.74946507E-02 -0.75031152E-02 -0.32860068E-02
  0.53815903E+01  0.80056718E-02 -0.80146728E-02 -0.34993086E-02
  0.53822823E+01  0.85117987E-02 -0.85213316E-02 -0.37083472E-02
  0.53829743E+01  0.90127548E-02 -0.90228148E-02 -0.39128862E-02
  0.53836664E+01  0.95082724E-02 -0.95188545E-02 -0.41126979E-02
  0.53843584E+01  0.99980934E-02 -0.10009192E-01 -0.43075636E-02
  0.53850504E+01  0.10481969E-01 -0.10493579E-01 -0.44972737E-02
  0.53857424E+01  0.10959661E-01 -0.10971776E-01 -0.46816282E-02
  0.53864344E+01  0.11430941E-01 -0.11443555E-01 -0.48604370E-02
  0.53871264E+01  0.11895590E-01 -0.11908697E-01 -0.50335201E-02
  0.53878184E+01  0.12353403E-01 -0.12366996E-01 -0.52007074E-02
  0.53885104E+01  0.12804182E-01 -0.12818255E-01 -0.53618393E-02
  0.53892024E+01  0.13247743E-01 -0.13262289E-01 -0.55167669E-02
  0.53898944E+01  0.13683912E-01 -0.13698923E-01 -0.56653517E-02
  0.53905864E+01  0.14112525E-01 -0.14127995E-01 -0.58074657E-02
  0.53912785E+01  0.14533433E-01 -0.14549354E-01 -0.59429917E-02
  0.53919705E+01  0.14946494E-01 -0.14962858E-01 -0.60718233E-02
  0.53926625E+01  0.15351580E-01 -0.15368380E-01 -0.61938646E-02
  0.53933545E+01  0.15748573E-01 -0.15765802E-01 -0.63090303E-02
  0.53940465E+01  0.16137368E-01 -0.16155017E-01 -0.64172455E-02
  0.53947385E+01  0.16517870E-01 -0.16535930E-01 -0.65184458E-02
  0.53954305E+01  0.16889993E-01 -0.16908458E-01 -0.66125772E-02
  0.53961225E+01  0.17253667E-01 -0.17272528E-01 -0.66995956E-02
  0.53968145E+01  0.17608828E-01 -0.17628077E-01 -0.67794668E-02
  0.53975065E+01  0.17955424E-01 -0.17975052E-01 -0.68521664E-02
  0.53981985E+01  0.18293415E-01 -0.18313414E-01 -0.69176796E-02
  0.53988906E+01  0.18622769E-01 -0.18643131E-01 -0.69760007E-02
  0.53995826E+01  0.18943465E-01 -0.18964182E-01 -0.70271332E-02
  0.54002746E+01  0.19255491E-01 -0.19276554E-01 -0.70710892E-02
  0.54009666E+01  0.19558846E-01 -0.19580247E-01 -0.71078893E-02
  0.54016586E+01  0.19853536E-01 -0.19875267E-01 -0.71375624E-02
  0.54023506E+01  0.20139578E-01 -0.20161629E-01 -0.71601451E-02
  0.54030426E+01  0.20416995E-01 -0.20439359E-01 -0.71756818E-02
  0.54037346E+01  0.20685821E-01 -0.20708489E-01 -0.71842240E-02
  0.54044266E+01  0.20946096E-01 -0.20969060E-01 -0.71858301E-02
  0.54051186E+01  0.21197868E-01 -0.21221120E-01 -0.71805652E-02
  0.54058106E+01  0.21441193E-01 -0.21464724E-01 -0.71685007E-02
  0.54065027E+01  0.21676133E-01 -0.21699935E-01 -0.71497139E-02
  0.54071947E+01  0.21902757E-01 -0.21926823E-01 -0.71242875E-02
  0.54078867E+01  0.22121141E-01 -0.22145461E-01 -0.70923099E-02
  0.54085787E+01  0.22331365E-01 -0.22355933E-01 -0.70538740E-02
  0.54092707E+01  0.22533517E-01 -0.22558324E-01 -0.70090776E-02
  0.54099627E+01  0.22727689E-01 -0.22752727E-01 -0.69580226E-02
  0.54106547E+01  0.22913977E-01 -0.22939240E-01 -0.69008149E-02
  0.54113467E+01  0.23092484E-01 -0.23117963E-01 -0.68375641E-02
  0.54120387E+01  0.23263316E-01 -0.23289003E-01 -0.67683830E-02
  0.54127307E+01  0.23426582E-01 -0.23452470E-01 -0.66933875E-02
  0.54134227E+01  0.23582396E-01 -0.23608478E-01 -0.66126961E-02
  0.54141148E+01  0.23730875E-01 -0.23757144E-01 -0.65264298E-02
  0.54148068E+01  0.23872139E-01 -0.23898588E-01 -0.64347116E-02
  0.54154988E+01  0.24006312E-01 -0.24032933E-01 -0.63376665E-02
  0.54161908E+01  0.24133518E-01 -0.24160304E-01 -0.62354211E-02
  0.54168828E+01  0.24253885E-01 -0.24280830E-01 -0.61281030E-02
  0.54175748E+01  0.24367542E-01 -0.24394640E-01 -0.60158411E-02
  0.54182668E+01  0.24474621E-01 -0.24501864E-01 -0.58987652E-02
  0.54189588E+01  0.24575254E-01 -0.24602637E-01 -0.57770056E-02
  0.54196508E+01  0.24669575E-01 -0.24697091E-01 -0.56506927E-02
  0.54203428E+01  0.24757719E-01 -0.24785362E-01 -0.55199576E-02
  0.54210348E+01  0.24839821E-01 -0.24867586E-01 -0.53849307E-02
  0.54217269E+01  0.24916018E-01 -0.24943898E-01 -0.52457427E-02
  0.54224189E+01  0.24986446E-01 -0.25014435E-01 -0.51025237E-02
  0.54231109E+01  0.25051241E-01 -0.25079334E-01 -0.49554030E-02
  0.54238029E+01  0.25110539E-01 -0.25138731E-01 -0.48045093E-02
  0.54244949E+01  0.25164478E-01 -0.25192763E-01 -0.46499705E-02
  0.54251869E+01  0.25213193E-01 -0.25241565E-01 -0.44919132E-02
  0.54258789E+01  0.25256818E-01 -0.25285273E-01 -0.43304629E-02
  0.54265709E+01  0.25295490E-01 -0.25324022E-01 -0.41657439E-02
  0.54272629E+01  0.25329340E-01 -0.25357946E-01 -0.39978789E-02
  0.54279549E+01  0.25358503E-01 -0.25387177E-01 -0.38269891E-02
  0.54286469E+01  0.25383110E-01 -0.25411847E-01 -0.36531941E-02
  0.54293390E+01  0.25403291E-01 -0.25432087E-01 -0.34766116E-02
  0.54300310E+01  0.25419176E-01 -0.25448026E-01 -0.32973577E-02
  0.54307230E+01  0.25430892E-01 -0.25459792E-01 -0.31155465E-02
  0.54314150E+01  0.25438565E-01 -0.25467512E-01 -0.29312901E-02
  0.54321070E+01  0.25442320E-01 -0.25471309E-01 -0.27446985E-02
  0.54327990E+01  0.25442281E-01 -0.25471308E-01 -0.25558800E-02
  0.54334910E+01  0.25438567E-01 -0.25467629E-01 -0.23649403E-02
  0.54341830E+01  0.25431299E-01 -0.25460392E-01 -0.21719832E-02
  0.54348750E+01  0.25420595E-01 -0.25449715E-01 -0.19771102E-02
  0.54355670E+01  0.25406570E-01 -0.25435713E-01 -0.17804206E-02
  0.54362590E+01  0.25389337E-01 -0.25418501E-01 -0.15820115E-02
  0.54369511E+01  0.25369009E-01 -0.25398190E-01 -0.13819775E-02
  0.54376431E+01  0.25345695E-01 -0.25374890E-01 -0.11804113E-02
  0.54383351E+01  0.25319503E-01 -0.25348709E-01 -0.97740298E-03
  0.54390271E+01  0.25290539E-01 -0.25319753E-01 -0.77304038E-03
  0.54397191E+01  0.25258905E-01 -0.25288124E-01 -0.56740910E-03
  0.54404111E+01  0.25224704E-01 -0.25253926E-01 -0.36059241E-03
  0.54411031E+01  0.25188035E-01 -0.25217256E-01 -0.15267129E-03
  0.54417951E+01  0.25148994E-01 -0.25178212E-01  0.56275576E-04
  0.54424871E+01  0.25107678E-01 -0.25136890E-01  0.26617176E-03
  0.54431791E+01  0.25064177E-01 -0.25093382E-01  0.47694309E-03
  0.54438711E+01  0.25018585E-01 -0.25047779E-01  0.68851764E-03
  0.54445632E+01  0.24970988E-01 -0.25000170E-01  0.90082568E-03
  0.54452552E+01  0.24921473E-01 -0.24950641E-01  0.11137997E-02
  0.54459472E+01  0.24870126E-01 -0.24899277E-01  0.13273743E-02
  0.54466392E+01  0.24817028E-01 -0.24846159E-01  0.15414862E-02
  0.54473312E+01  0.24762258E-01 -0.24791370E-01  0.17560743E-02
  0.54480232E+01  0.24705897E-01 -0.24734986E-01  0.19710796E-02
  0.54487152E+01  0.24648019E-01 -0.24677083E-01  0.21864451E-02
  0.54494072E+01  0.24588698E-01 -0.24617737E-01  0.24021157E-02
  0.54500992E+01  0.24528008E-01 -0.24557018E-01  0.26180384E-02
  0.54507912E+01  0.24466017E-01 -0.24494998E-01  0.28341621E-02
  0.54514832E+01  0.24402794E-01 -0.24431745E-01  0.30504376E-02
  0.54521753E+01  0.24338405E-01 -0.24367324E-01  0.32668176E-02
  0.54528673E+01  0.24272915E-01 -0.24301800E-01  0.34832565E-02
  0.54535593E+01  0.24206386E-01 -0.24235236E-01  0.36997106E-02
  0.54542513E+01  0.24138878E-01 -0.24167692E-01  0.39161380E-02
  0.54549433E+01  0.24070451E-01 -0.24099227E-01  0.41324983E-02
  0.54556353E+01  0.24001162E-01 -0.24029899E-01  0.43487529E-02
  0.54563273E+01  0.23931065E-01 -0.23959763E-01  0.45648648E-02
  0.54570193E+01  0.23860215E-01 -0.23888872E-01  0.47807986E-02
  0.54577113E+01  0.23788664E-01 -0.23817278E-01  0.49965205E-02
  0.54584033E+01  0.23716461E-01 -0.23745033E-01  0.52119981E-02
  0.54590953E+01  0.23643656E-01 -0.23672183E-01  0.54272005E-02
  0.54597874E+01  0.23570295E-01 -0.23598778E-01  0.56420983E-02
  0.54604794E+01  0.23496425E-01 -0.23524861E-01  0.58566633E-02
  0.54611714E+01  0.23422088E-01 -0.23450478E-01  0.60708688E-02
  0.54618634E+01  0.23347328E-01 -0.23375671E-01  0.62846895E-02
  0.54625554E+01  0.23272186E-01 -0.23300482E-01  0.64981011E-02
  0.54632474E+01  0.23196702E-01 -0.23224949E-01  0.67110808E-02
  0.54639394E+01  0.23120914E-01 -0.23149111E-01  0.69236068E-02
  0.54646314E+01  0.23044858E-01 -0.23073006E-01  0.71356586E-02
  0.54653234E+01  0.22968572E-01 -0.22996668E-01  0.73472167E-02
  0.54660154E+01  0.22892088E-01 -0.22920133E-01  0.75582629E-02
  0.54667074E+01  0.22815440E-01 -0.22843434E-01  0.77687797E-02
  0.54673995E+01  0.22738660E-01 -0.22766602E-01  0.79787510E-02
  0.54680915E+01  0.22661780E-01 -0.22689669E-01  0.81881613E-02
  0.54687835E+01  0.22584827E-01 -0.22612663E-01  0.83969965E-02
  0.54694755E+01  0.22507832E-01 -0.22535614E-01  0.86052431E-02
  0.54701675E+01  0.22430820E-01 -0.22458549E-01  0.88128884E-02
  0.54708595E+01  0.22353819E-01 -0.22381494E-01  0.90199210E-02
  0.54715515E+01  0.22276854E-01 -0.22304475E-01  0.92263298E-02
  0.54722435E+01  0.22199949E-01 -0.22227515E-01  0.94321049E-02
  0.54729355E+01  0.22123127E-01 -0.22150638E-01  0.96372369E-02
  0.54736275E+01  0.22046411E-01 -0.22073867E-01  0.98417173E-02
  0.54743195E+01  0.21969822E-01 -0.21997222E-01  0.10045538E-01
  0.54750116E+01  0.21893380E-01 -0.21920725E-01  0.10248693E-01
  0.54757036E+01  0.21817106E-01 -0.21844395E-01  0.10451174E-01
  0.54763956E+01  0.21741017E-01 -0.21768250E-01  0.10652976E-01
  0.54770876E+01  0.21665132E-01 -0.21692309E-01  0.10854094E-01
  0.54777796E+01  0.21589468E-01 -0.21616589E-01  0.11054523E-01
  0.54784716E+01  0.21514041E-01 -0.21541106E-01  0.11254258E-01
  0.54791636E+01  0.21438867E-01 -0.21465875E-01  0.11453297E-01
  0.54798556E+01  0.21363961E-01 -0.21390913E-01  0.11651637E-01
  0.54805476E+01  0.21289337E-01 -0.21316232E-01  0.11849273E-01
  0.54812396E+01  0.21215008E-01 -0.21241847E-01  0.12046205E-01
  0.54819316E+01  0.21140988E-01 -0.21167770E-01  0.12242431E-01
  0.54826237E+01  0.21067288E-01 -0.21094014E-01  0.12437949E-01
  0.54833157E+01  0.20993921E-01 -0.21020590E-01  0.12632759E-01
  0.54840077E+01  0.20920896E-01 -0.20947508E-01  0.12826860E-01
  0.54846997E+01  0.20848224E-01 -0.20874781E-01  0.13020252E-01
  0.54853917E+01  0.20775916E-01 -0.20802416E-01  0.13212935E-01
  0.54860837E+01  0.20703981E-01 -0.20730424E-01  0.13404910E-01
  0.54867757E+01  0.20632426E-01 -0.20658814E-01  0.13596178E-01
  0.54874677E+01  0.20561261E-01 -0.20587593E-01  0.13786739E-01
  0.54881597E+01  0.20490494E-01 -0.20516769E-01  0.13976596E-01
  0.54888517E+01  0.20420130E-01 -0.20446350E-01  0.14165750E-01
  0.54895437E+01  0.20350178E-01 -0.20376342E-01  0.14354203E-01
  0.54902358E+01  0.20280644E-01 -0.20306752E-01  0.14541958E-01
  0.54909278E+01  0.20211534E-01 -0.20237586E-01  0.14729016E-01
  0.54916198E+01  0.20142852E-01 -0.20168850E-01  0.14915381E-01
  0.54923118E+01  0.20074605E-01 -0.20100547E-01  0.15101055E-01
  0.54930038E+01  0.20006796E-01 -0.20032684E-01  0.15286042E-01
  0.54936958E+01  0.19939431E-01 -0.19965264E-01  0.15470344E-01
  0.54943878E+01  0.19872513E-01 -0.19898292E-01  0.15653966E-01
  0.54950798E+01  0.19806047E-01 -0.19831771E-01  0.15836910E-01
  0.54957718E+01  0.19740034E-01 -0.19765705E-01  0.16019181E-01
  0.54964638E+01  0.19674479E-01 -0.19700096E-01  0.16200783E-01
  0.54971558E+01  0.19609384E-01 -0.19634947E-01  0.16381718E-01
  0.54978479E+01  0.19544751E-01 -0.19570261E-01  0.16561993E-01
  0.54985399E+01  0.19480583E-01 -0.19506040E-01  0.16741609E-01
  0.54992319E+01  0.19416881E-01 -0.19442285E-01  0.16920573E-01
  0.54999239E+01  0.19353647E-01 -0.19378999E-01  0.17098888E-01
  0.55006159E+01  0.19290882E-01 -0.19316182E-01  0.17276559E-01
  0.55013079E+01  0.19228587E-01 -0.19253835E-01  0.17453590E-01
  0.55019999E+01  0.19166764E-01 -0.19191960E-01  0.17629986E-01
  0.55026919E+01  0.19105412E-01 -0.19130557E-01  0.17805752E-01
  0.55033839E+01  0.19044532E-01 -0.19069626E-01  0.17980892E-01
  0.55040759E+01  0.18984124E-01 -0.19009168E-01  0.18155412E-01
  0.55047679E+01  0.18924189E-01 -0.18949182E-01  0.18329315E-01
  0.55054600E+01  0.18864725E-01 -0.18889668E-01  0.18502607E-01
  0.55061520E+01  0.18805733E-01 -0.18830627E-01  0.18675292E-01
  0.55068440E+01  0.18747212E-01 -0.18772056E-01  0.18847376E-01
  0.55075360E+01  0.18689161E-01 -0.18713956E-01  0.19018864E-01
  0.55082280E+01  0.18631579E-01 -0.18656326E-01  0.19189759E-01
  0.55089200E+01  0.18574466E-01 -0.18599164E-01  0.19360068E-01
  0.55096120E+01  0.18517819E-01 -0.18542470E-01  0.19529796E-01
  0.55103040E+01  0.18461639E-01 -0.18486242E-01  0.19698946E-01
  0.55109960E+01  0.18405922E-01 -0.18430478E-01  0.19867524E-01
  0.55116880E+01  0.18350667E-01 -0.18375176E-01  0.20035535E-01
  0.55123800E+01  0.18295873E-01 -0.18320336E-01  0.20202983E-01
  0.55130721E+01  0.18241538E-01 -0.18265955E-01  0.20369874E-01
  0.55137641E+01  0.18187660E-01 -0.18212031E-01  0.20536213E-01
  0.55144561E+01  0.18134237E-01 -0.18158562E-01  0.20702004E-01
  0.55151481E+01  0.18081265E-01 -0.18105546E-01  0.20867252E-01
  0.55158401E+01  0.18028745E-01 -0.18052981E-01  0.21031961E-01
  0.55165321E+01  0.17976671E-01 -0.18000864E-01  0.21196137E-01
  0.55172241E+01  0.17925043E-01 -0.17949192E-01  0.21359784E-01
  0.55179161E+01  0.17873858E-01 -0.17897963E-01  0.21522907E-01
  0.55186081E+01  0.17823112E-01 -0.17847175E-01  0.21685510E-01
  0.55193001E+01  0.17772804E-01 -0.17796825E-01  0.21847598E-01
  0.55199921E+01  0.17722931E-01 -0.17746909E-01  0.22009176E-01
  0.55206842E+01  0.17673489E-01 -0.17697425E-01  0.22170247E-01
  0.55213762E+01  0.17624475E-01 -0.17648371E-01  0.22330817E-01
  0.55220682E+01  0.17575887E-01 -0.17599742E-01  0.22490889E-01
  0.55227602E+01  0.17527722E-01 -0.17551536E-01  0.22650468E-01
  0.55234522E+01  0.17479976E-01 -0.17503751E-01  0.22809558E-01
  0.55241442E+01  0.17432647E-01 -0.17456382E-01  0.22968164E-01
  0.55248362E+01  0.17385730E-01 -0.17409426E-01  0.23126289E-01
  0.55255282E+01  0.17339224E-01 -0.17362881E-01  0.23283937E-01
  0.55262202E+01  0.17293123E-01 -0.17316742E-01  0.23441113E-01
  0.55269122E+01  0.17247426E-01 -0.17271007E-01  0.23597820E-01
  0.55276042E+01  0.17202129E-01 -0.17225673E-01  0.23754063E-01
  0.55282962E+01  0.17157228E-01 -0.17180735E-01  0.23909845E-01
  0.55289883E+01  0.17112720E-01 -0.17136191E-01  0.24065170E-01
  0.55296803E+01  0.17068602E-01 -0.17092036E-01  0.24220041E-01
  0.55303723E+01  0.17024869E-01 -0.17048268E-01  0.24374463E-01
  0.55310643E+01  0.16981519E-01 -0.17004883E-01  0.24528438E-01
  0.55317563E+01  0.16938548E-01 -0.16961877E-01  0.24681970E-01
  0.55324483E+01  0.16895952E-01 -0.16919246E-01  0.24835064E-01
  0.55331403E+01  0.16853728E-01 -0.16876988E-01  0.24987721E-01
  0.55338323E+01  0.16811872E-01 -0.16835099E-01  0.25139945E-01
  0.55345243E+01  0.16770381E-01 -0.16793574E-01  0.25291740E-01
  0.55352163E+01  0.16729250E-01 -0.16752411E-01  0.25443109E-01
  0.55359083E+01  0.16688477E-01 -0.16711605E-01  0.25594055E-01
  0.55366004E+01  0.16648057E-01 -0.16671153E-01  0.25744580E-01
  0.55372924E+01  0.16607987E-01 -0.16631052E-01  0.25894688E-01
  0.55379844E+01  0.16568263E-01 -0.16591297E-01  0.26044381E-01
  0.55386764E+01  0.16528882E-01 -0.16551886E-01  0.26193663E-01
  0.55393684E+01  0.16489840E-01 -0.16512814E-01  0.26342536E-01
  0.55400604E+01  0.16451133E-01 -0.16474077E-01  0.26491002E-01
  0.55407524E+01  0.16412758E-01 -0.16435672E-01  0.26639065E-01
  0.55414444E+01  0.16374711E-01 -0.16397596E-01  0.26786727E-01
  0.55421364E+01  0.16336987E-01 -0.16359844E-01  0.26933990E-01
  0.55428284E+01  0.16299585E-01 -0.16322414E-01  0.27080857E-01
  0.55435204E+01  0.16262499E-01 -0.16285300E-01  0.27227330E-01
  0.55442125E+01  0.16225726E-01 -0.16248500E-01  0.27373412E-01
  0.55449045E+01  0.16189263E-01 -0.16212010E-01  0.27519103E-01
  0.55455965E+01  0.16153106E-01 -0.16175827E-01  0.27664408E-01
  0.55462885E+01  0.16117251E-01 -0.16139945E-01  0.27809326E-01
  0.55469805E+01  0.16081695E-01 -0.16104363E-01  0.27953862E-01
  0.55476725E+01  0.16046434E-01 -0.16069077E-01  0.28098016E-01
  0.55483645E+01  0.16011464E-01 -0.16034082E-01  0.28241791E-01
  0.55490565E+01  0.15976782E-01 -0.15999375E-01  0.28385187E-01
  0.55497485E+01  0.15942384E-01 -0.15964953E-01  0.28528208E-01
  0.55504405E+01  0.15908267E-01 -0.15930812E-01  0.28670854E-01
  0.55511325E+01  0.15874426E-01 -0.15896948E-01  0.28813127E-01
  0.55518246E+01  0.15840859E-01 -0.15863358E-01  0.28955029E-01
  0.55525166E+01  0.15807562E-01 -0.15830038E-01  0.29096561E-01
  0.55532086E+01  0.15774532E-01 -0.15796985E-01  0.29237724E-01
  0.55539006E+01  0.15741764E-01 -0.15764195E-01  0.29378520E-01
  0.55545926E+01  0.15709256E-01 -0.15731665E-01  0.29518951E-01
  0.55552846E+01  0.15677003E-01 -0.15699391E-01  0.29659017E-01
  0.55559766E+01  0.15645003E-01 -0.15667369E-01  0.29798719E-01
  0.55566686E+01  0.15613252E-01 -0.15635598E-01  0.29938059E-01
  0.55573606E+01  0.15581747E-01 -0.15604072E-01  0.30077037E-01
  0.55580526E+01  0.15550484E-01 -0.15572788E-01  0.30215655E-01
  0.55587446E+01  0.15519459E-01 -0.15541744E-01  0.30353913E-01
  0.55594367E+01  0.15488670E-01 -0.15510935E-01  0.30491813E-01
  0.55601287E+01  0.15458113E-01 -0.15480358E-01  0.30629355E-01
  0.55608207E+01  0.15427784E-01 -0.15450011E-01  0.30766540E-01
  0.55615127E+01  0.15397681E-01 -0.15419889E-01  0.30903368E-01
  0.55622047E+01  0.15367800E-01 -0.15389989E-01  0.31039840E-01
  0.55628967E+01  0.15338138E-01 -0.15360309E-01  0.31175958E-01
  0.55635887E+01  0.15308692E-01 -0.15330844E-01  0.31311720E-01
  0.55642807E+01  0.15279457E-01 -0.15301592E-01  0.31447128E-01
  0.55649727E+01  0.15250432E-01 -0.15272550E-01  0.31582183E-01
  0.55656647E+01  0.15221613E-01 -0.15243713E-01  0.31716883E-01
  0.55663567E+01  0.15192996E-01 -0.15215079E-01  0.31851231E-01
  0.55670488E+01  0.15164579E-01 -0.15186646E-01  0.31985225E-01
  0.55677408E+01  0.15136359E-01 -0.15158409E-01  0.32118867E-01
  0.55684328E+01  0.15108331E-01 -0.15130365E-01  0.32252156E-01
  0.55691248E+01  0.15080494E-01 -0.15102512E-01  0.32385093E-01
  0.55698168E+01  0.15052845E-01 -0.15074846E-01  0.32517677E-01
  0.55705088E+01  0.15025379E-01 -0.15047365E-01  0.32649908E-01
  0.55712008E+01  0.14998094E-01 -0.15020065E-01  0.32781787E-01
  0.55718928E+01  0.14970988E-01 -0.14992943E-01  0.32913313E-01
  0.55725848E+01  0.14944057E-01 -0.14965997E-01  0.33044487E-01
  0.55732768E+01  0.14917298E-01 -0.14939222E-01  0.33175307E-01
  0.55739688E+01  0.14890708E-01 -0.14912618E-01  0.33305774E-01
  0.55746609E+01  0.14864285E-01 -0.14886180E-01  0.33435888E-01
  0.55753529E+01  0.14838025E-01 -0.14859905E-01  0.33565647E-01
  0.55760449E+01  0.14811925E-01 -0.14833792E-01  0.33695053E-01
  0.55767369E+01  0.14785984E-01 -0.14807836E-01  0.33824103E-01
  0.55774289E+01  0.14760197E-01 -0.14782035E-01  0.33952799E-01
  0.55781209E+01  0.14734563E-01 -0.14756387E-01  0.34081139E-01
  0.55788129E+01  0.14709078E-01 -0.14730888E-01  0.34209122E-01
  0.55795049E+01  0.14683740E-01 -0.14705536E-01  0.34336749E-01
  0.55801969E+01  0.14658545E-01 -0.14680327E-01  0.34464018E-01
  0.55808889E+01  0.14633492E-01 -0.14655260E-01  0.34590929E-01
  0.55815809E+01  0.14608577E-01 -0.14630332E-01  0.34717481E-01
  0.55822730E+01  0.14583798E-01 -0.14605540E-01  0.34843673E-01
  0.55829650E+01  0.14559153E-01 -0.14580881E-01  0.34969505E-01
  0.55836570E+01  0.14534638E-01 -0.14556353E-01  0.35094975E-01
  0.55843490E+01  0.14510251E-01 -0.14531952E-01  0.35220083E-01
  0.55850410E+01  0.14485989E-01 -0.14507677E-01  0.35344828E-01
  0.55857330E+01  0.14461850E-01 -0.14483526E-01  0.35469209E-01
  0.55864250E+01  0.14437832E-01 -0.14459494E-01  0.35593225E-01
  0.55871170E+01  0.14413932E-01 -0.14435581E-01  0.35716875E-01
  0.55878090E+01  0.14390147E-01 -0.14411783E-01  0.35840157E-01
  0.55885010E+01  0.14366475E-01 -0.14388097E-01  0.35963071E-01
  0.55891930E+01  0.14342913E-01 -0.14364523E-01  0.36085616E-01
  0.55898851E+01  0.14319459E-01 -0.14341056E-01  0.36207790E-01
  0.55905771E+01  0.14296112E-01 -0.14317695E-01  0.36329592E-01
  0.55912691E+01  0.14272867E-01 -0.14294438E-01  0.36451020E-01
  0.55919611E+01  0.14249723E-01 -0.14271281E-01  0.36572075E-01
  0.55926531E+01  0.14226678E-01 -0.14248223E-01  0.36692754E-01
  0.55933451E+01  0.14203730E-01 -0.14225261E-01  0.36813055E-01
  0.55940371E+01  0.14180875E-01 -0.14202394E-01  0.36932978E-01
  0.55947291E+01  0.14158112E-01 -0.14179618E-01  0.37052522E-01
  0.55954211E+01  0.14135439E-01 -0.14156931E-01  0.37171684E-01
  0.55961131E+01  0.14112853E-01 -0.14134332E-01  0.37290463E-01
  0.55968051E+01  0.14090352E-01 -0.14111818E-01  0.37408857E-01
  0.55974972E+01  0.14067934E-01 -0.14089387E-01  0.37526866E-01
  0.55981892E+01  0.14045597E-01 -0.14067036E-01  0.37644488E-01
  0.55988812E+01  0.14023338E-01 -0.14044764E-01  0.37761720E-01
  0.55995732E+01  0.14001156E-01 -0.14022568E-01  0.37878562E-01
  0.56002652E+01  0.13979048E-01 -0.14000447E-01  0.37995011E-01
  0.56009572E+01  0.13957013E-01 -0.13978398E-01  0.38111067E-01
  0.56016492E+01  0.13935048E-01 -0.13956419E-01  0.38226727E-01
  0.56023412E+01  0.13913151E-01 -0.13934509E-01  0.38341989E-01
  0.56030332E+01  0.13891320E-01 -0.13912664E-01  0.38456852E-01
  0.56037252E+01  0.13869554E-01 -0.13890884E-01  0.38571314E-01
  0.56044172E+01  0.13847850E-01 -0.13869165E-01  0.38685373E-01
  0.56051093E+01  0.13826206E-01 -0.13847507E-01  0.38799027E-01
  0.56058013E+01  0.13804620E-01 -0.13825907E-01  0.38912275E-01
  0.56064933E+01  0.13783091E-01 -0.13804363E-01  0.39025115E-01
  0.56071853E+01  0.13761616E-01 -0.13782874E-01  0.39137544E-01
  0.56078773E+01  0.13740194E-01 -0.13761437E-01  0.39249560E-01
  0.56085693E+01  0.13718822E-01 -0.13740051E-01  0.39361163E-01
  0.56092613E+01  0.13697500E-01 -0.13718714E-01  0.39472349E-01
  0.56099533E+01  0.13676224E-01 -0.13697424E-01  0.39583117E-01
  0.56106453E+01  0.13654994E-01 -0.13676179E-01  0.39693464E-01
  0.56113373E+01  0.13633808E-01 -0.13654977E-01  0.39803389E-01
  0.56120293E+01  0.13612663E-01 -0.13633817E-01  0.39912890E-01
  0.56127214E+01  0.13591558E-01 -0.13612696E-01  0.40021964E-01
  0.56134134E+01  0.13570491E-01 -0.13591614E-01  0.40130609E-01
  0.56141054E+01  0.13549461E-01 -0.13570568E-01  0.40238823E-01
  0.56147974E+01  0.13528466E-01 -0.13549557E-01  0.40346605E-01
  0.56154894E+01  0.13507503E-01 -0.13528579E-01  0.40453951E-01
  0.56161814E+01  0.13486573E-01 -0.13507632E-01  0.40560860E-01
  0.56168734E+01  0.13465672E-01 -0.13486715E-01  0.40667329E-01
  0.56175654E+01  0.13444799E-01 -0.13465826E-01  0.40773357E-01
  0.56182574E+01  0.13423953E-01 -0.13444963E-01  0.40878940E-01
  0.56189494E+01  0.13403132E-01 -0.13424125E-01  0.40984077E-01
  0.56196414E+01  0.13382334E-01 -0.13403311E-01  0.41088766E-01
  0.56203335E+01  0.13361558E-01 -0.13382518E-01  0.41193003E-01
  0.56210255E+01  0.13340803E-01 -0.13361746E-01  0.41296788E-01
  0.56217175E+01  0.13320066E-01 -0.13340992E-01  0.41400116E-01
  0.56224095E+01  0.13299346E-01 -0.13320255E-01  0.41502987E-01
  0.56231015E+01  0.13278643E-01 -0.13299534E-01  0.41605397E-01
  0.56237935E+01  0.13257953E-01 -0.13278827E-01  0.41707345E-01
  0.56244855E+01  0.13237277E-01 -0.13258133E-01  0.41808827E-01
  0.56251775E+01  0.13216611E-01 -0.13237450E-01  0.41909843E-01
  0.56258695E+01  0.13195956E-01 -0.13216777E-01  0.42010388E-01
  0.56265615E+01  0.13175310E-01 -0.13196112E-01  0.42110461E-01
  0.56272535E+01  0.13154670E-01 -0.13175455E-01  0.42210059E-01
  0.56279456E+01  0.13134036E-01 -0.13154803E-01  0.42309180E-01
  0.56286376E+01  0.13113407E-01 -0.13134155E-01  0.42407821E-01
  0.56293296E+01  0.13092781E-01 -0.13113510E-01  0.42505980E-01
  0.56300216E+01  0.13072156E-01 -0.13092867E-01  0.42603655E-01
  0.56307136E+01  0.13051532E-01 -0.13072224E-01  0.42700842E-01
  0.56314056E+01  0.13030907E-01 -0.13051580E-01  0.42797540E-01
  0.56320976E+01  0.13010280E-01 -0.13030934E-01  0.42893745E-01
  0.56327896E+01  0.12989649E-01 -0.13010285E-01  0.42989456E-01
  0.56334816E+01  0.12969013E-01 -0.12989630E-01  0.43084670E-01
  0.56341736E+01  0.12948372E-01 -0.12968969E-01  0.43179384E-01
  0.56348656E+01  0.12927723E-01 -0.12948302E-01  0.43273596E-01
  0.56355577E+01  0.12907066E-01 -0.12927625E-01  0.43367303E-01
  0.56362497E+01  0.12886399E-01 -0.12906939E-01  0.43460503E-01
  0.56369417E+01  0.12865722E-01 -0.12886242E-01  0.43553193E-01
  0.56376337E+01  0.12845032E-01 -0.12865533E-01  0.43645370E-01
  0.56383257E+01  0.12824329E-01 -0.12844810E-01  0.43737032E-01
  0.56390177E+01  0.12803612E-01 -0.12824073E-01  0.43828177E-01
  0.56397097E+01  0.12782880E-01 -0.12803321E-01  0.43918802E-01
  0.56404017E+01  0.12762131E-01 -0.12782552E-01  0.44008904E-01
  0.56410937E+01  0.12741364E-01 -0.12761765E-01  0.44098480E-01
  0.56417857E+01  0.12720578E-01 -0.12740960E-01  0.44187529E-01
  0.56424777E+01  0.12699773E-01 -0.12720134E-01  0.44276047E-01
  0.56431698E+01  0.12678946E-01 -0.12699288E-01  0.44364033E-01
  0.56438618E+01  0.12658098E-01 -0.12678420E-01  0.44451483E-01
  0.56445538E+01  0.12637227E-01 -0.12657528E-01  0.44538394E-01
  0.56452458E+01  0.12616331E-01 -0.12636613E-01  0.44624765E-01
  0.56459378E+01  0.12595411E-01 -0.12615672E-01  0.44710592E-01
  0.56466298E+01  0.12574464E-01 -0.12594705E-01  0.44795874E-01
  0.56473218E+01  0.12553491E-01 -0.12573712E-01  0.44880607E-01
  0.56480138E+01  0.12532489E-01 -0.12552690E-01  0.44964789E-01
  0.56487058E+01  0.12511458E-01 -0.12531639E-01  0.45048417E-01
  0.56493978E+01  0.12490398E-01 -0.12510559E-01  0.45131490E-01
  0.56500898E+01  0.12469306E-01 -0.12489447E-01  0.45214003E-01
  0.56507819E+01  0.12448183E-01 -0.12468304E-01  0.45295956E-01
  0.56514739E+01  0.12427027E-01 -0.12447128E-01  0.45377344E-01
  0.56521659E+01  0.12405837E-01 -0.12425918E-01  0.45458166E-01
  0.56528579E+01  0.12384613E-01 -0.12404674E-01  0.45538419E-01
  0.56535499E+01  0.12363354E-01 -0.12383394E-01  0.45618101E-01
  0.56542419E+01  0.12342058E-01 -0.12362079E-01  0.45697209E-01
  0.56549339E+01  0.12320725E-01 -0.12340726E-01  0.45775740E-01
  0.56556259E+01  0.12299354E-01 -0.12319335E-01  0.45853693E-01
  0.56563179E+01  0.12277944E-01 -0.12297906E-01  0.45931064E-01
  0.56570099E+01  0.12256495E-01 -0.12276437E-01  0.46007851E-01
  0.56577019E+01  0.12235005E-01 -0.12254927E-01  0.46084052E-01
  0.56583940E+01  0.12213474E-01 -0.12233377E-01  0.46159664E-01
  0.56590860E+01  0.12191901E-01 -0.12211785E-01  0.46234684E-01
  0.56597780E+01  0.12170285E-01 -0.12190149E-01  0.46309111E-01
  0.56604700E+01  0.12148626E-01 -0.12168471E-01  0.46382942E-01
  0.56611620E+01  0.12126922E-01 -0.12146748E-01  0.46456174E-01
  0.56618540E+01  0.12105173E-01 -0.12124981E-01  0.46528805E-01
  0.56625460E+01  0.12083379E-01 -0.12103167E-01  0.46600833E-01
  0.56632380E+01  0.12061538E-01 -0.12081308E-01  0.46672255E-01
  0.56639300E+01  0.12039650E-01 -0.12059401E-01  0.46743068E-01
  0.56646220E+01  0.12017714E-01 -0.12037446E-01  0.46813272E-01
  0.56653140E+01  0.11995729E-01 -0.12015443E-01  0.46882862E-01
  0.56660061E+01  0.11973695E-01 -0.11993391E-01  0.46951838E-01
  0.56666981E+01  0.11951611E-01 -0.11971290E-01  0.47020195E-01
  0.56673901E+01  0.11929477E-01 -0.11949137E-01  0.47087934E-01
  0.56680821E+01  0.11907291E-01 -0.11926934E-01  0.47155050E-01
  0.56687741E+01  0.11885054E-01 -0.11904679E-01  0.47221542E-01
  0.56694661E+01  0.11862764E-01 -0.11882372E-01  0.47287408E-01
  0.56701581E+01  0.11840421E-01 -0.11860012E-01  0.47352645E-01
  0.56708501E+01  0.11818024E-01 -0.11837598E-01  0.47417251E-01
  0.56715421E+01  0.11795573E-01 -0.11815130E-01  0.47481224E-01
  0.56722341E+01  0.11773067E-01 -0.11792608E-01  0.47544562E-01
  0.56729261E+01  0.11750506E-01 -0.11770030E-01  0.47607262E-01
  0.56736182E+01  0.11727889E-01 -0.11747396E-01  0.47669323E-01
  0.56743102E+01  0.11705215E-01 -0.11724706E-01  0.47730743E-01
  0.56750022E+01  0.11682484E-01 -0.11701960E-01  0.47791519E-01
  0.56756942E+01  0.11659695E-01 -0.11679156E-01  0.47851649E-01
  0.56763862E+01  0.11636849E-01 -0.11656293E-01  0.47911132E-01
  0.56770782E+01  0.11613943E-01 -0.11633373E-01  0.47969965E-01
  0.56777702E+01  0.11590979E-01 -0.11610393E-01  0.48028147E-01
  0.56784622E+01  0.11567954E-01 -0.11587355E-01  0.48085674E-01
  0.56791542E+01  0.11544870E-01 -0.11564256E-01  0.48142547E-01
  0.56798462E+01  0.11521725E-01 -0.11541097E-01  0.48198762E-01
  0.56805382E+01  0.11498519E-01 -0.11517876E-01  0.48254317E-01
  0.56812303E+01  0.11475251E-01 -0.11494595E-01  0.48309211E-01
  0.56819223E+01  0.11451922E-01 -0.11471252E-01  0.48363443E-01
  0.56826143E+01  0.11428530E-01 -0.11447847E-01  0.48417009E-01
  0.56833063E+01  0.11405075E-01 -0.11424379E-01  0.48469909E-01
  0.56839983E+01  0.11381557E-01 -0.11400848E-01  0.48522141E-01
  0.56846903E+01  0.11357975E-01 -0.11377254E-01  0.48573702E-01
  0.56853823E+01  0.11334330E-01 -0.11353596E-01  0.48624592E-01
  0.56860743E+01  0.11310619E-01 -0.11329874E-01  0.48674808E-01
  0.56867663E+01  0.11286844E-01 -0.11306087E-01  0.48724349E-01
  0.56874583E+01  0.11263004E-01 -0.11282235E-01  0.48773214E-01
  0.56881503E+01  0.11239098E-01 -0.11258318E-01  0.48821400E-01
  0.56888424E+01  0.11215126E-01 -0.11234336E-01  0.48868906E-01
  0.56895344E+01  0.11191088E-01 -0.11210287E-01  0.48915731E-01
  0.56902264E+01  0.11166984E-01 -0.11186172E-01  0.48961873E-01
  0.56909184E+01  0.11142812E-01 -0.11161990E-01  0.49007331E-01
  0.56916104E+01  0.11118573E-01 -0.11137741E-01  0.49052103E-01
  0.56923024E+01  0.11094267E-01 -0.11113425E-01  0.49096187E-01
  0.56929944E+01  0.11069893E-01 -0.11089042E-01  0.49139584E-01
  0.56936864E+01  0.11045451E-01 -0.11064590E-01  0.49182290E-01
  0.56943784E+01  0.11020940E-01 -0.11040071E-01  0.49224305E-01
  0.56950704E+01  0.10996360E-01 -0.11015483E-01  0.49265627E-01
  0.56957624E+01  0.10971712E-01 -0.10990826E-01  0.49306255E-01
  0.56964545E+01  0.10946994E-01 -0.10966100E-01  0.49346189E-01
  0.56971465E+01  0.10922207E-01 -0.10941305E-01  0.49385426E-01
  0.56978385E+01  0.10897350E-01 -0.10916441E-01  0.49423966E-01
  0.56985305E+01  0.10872423E-01 -0.10891507E-01  0.49461807E-01
  0.56992225E+01  0.10847426E-01 -0.10866503E-01  0.49498949E-01
  0.56999145E+01  0.10822358E-01 -0.10841429E-01  0.49535390E-01
  0.57006065E+01  0.10797220E-01 -0.10816284E-01  0.49571130E-01
  0.57012985E+01  0.10772011E-01 -0.10791069E-01  0.49606166E-01
  0.57019905E+01  0.10746731E-01 -0.10765784E-01  0.49640499E-01
  0.57026825E+01  0.10721380E-01 -0.10740427E-01  0.49674128E-01
  0.57033745E+01  0.10695958E-01 -0.10714999E-01  0.49707051E-01
  0.57040666E+01  0.10670464E-01 -0.10689500E-01  0.49739268E-01
  0.57047586E+01  0.10644898E-01 -0.10663929E-01  0.49770777E-01
  0.57054506E+01  0.10619261E-01 -0.10638287E-01  0.49801579E-01
  0.57061426E+01  0.10593551E-01 -0.10612573E-01  0.49831671E-01
  0.57068346E+01  0.10567769E-01 -0.10586788E-01  0.49861055E-01
  0.57075266E+01  0.10541915E-01 -0.10560930E-01  0.49889728E-01
  0.57082186E+01  0.10515989E-01 -0.10535000E-01  0.49917690E-01
  0.57089106E+01  0.10489990E-01 -0.10508997E-01  0.49944941E-01
  0.57096026E+01  0.10463919E-01 -0.10482923E-01  0.49971480E-01
  0.57102946E+01  0.10437775E-01 -0.10456776E-01  0.49997306E-01
  0.57109866E+01  0.10411558E-01 -0.10430556E-01  0.50022419E-01
  0.57116787E+01  0.10385268E-01 -0.10404264E-01  0.50046819E-01
  0.57123707E+01  0.10358905E-01 -0.10377899E-01  0.50070505E-01
  0.57130627E+01  0.10332469E-01 -0.10351461E-01  0.50093476E-01
  0.57137547E+01  0.10305960E-01 -0.10324950E-01  0.50115732E-01
  0.57144467E+01  0.10279378E-01 -0.10298366E-01  0.50137273E-01
  0.57151387E+01  0.10252723E-01 -0.10271709E-01  0.50158099E-01
  0.57158307E+01  0.10225995E-01 -0.10244979E-01  0.50178209E-01
  0.57165227E+01  0.10199193E-01 -0.10218176E-01  0.50197602E-01
  0.57172147E+01  0.10172318E-01 -0.10191300E-01  0.50216280E-01
  0.57179067E+01  0.10145369E-01 -0.10164351E-01  0.50234241E-01
  0.57185987E+01  0.10118347E-01 -0.10137329E-01  0.50251486E-01
  0.57192908E+01  0.10091252E-01 -0.10110233E-01  0.50268014E-01
  0.57199828E+01  0.10064084E-01 -0.10083064E-01  0.50283826E-01
  0.57206748E+01  0.10036842E-01 -0.10055822E-01  0.50298920E-01
  0.57213668E+01  0.10009527E-01 -0.10028507E-01  0.50313298E-01
  0.57220588E+01  0.99821384E-02 -0.10001119E-01  0.50326960E-01
  0.57227508E+01  0.99546766E-02 -0.99736572E-02  0.50339905E-01
  0.57234428E+01  0.99271416E-02 -0.99461226E-02  0.50352133E-01
  0.57241348E+01  0.98995334E-02 -0.99185149E-02  0.50363645E-01
  0.57248268E+01  0.98718521E-02 -0.98908341E-02  0.50374441E-01
  0.57255188E+01  0.98440976E-02 -0.98630803E-02  0.50384521E-01
  0.57262108E+01  0.98162700E-02 -0.98352536E-02  0.50393885E-01
  0.57269029E+01  0.97883695E-02 -0.98073540E-02  0.50402534E-01
  0.57275949E+01  0.97603960E-02 -0.97793815E-02  0.50410467E-01
  0.57282869E+01  0.97323497E-02 -0.97513363E-02  0.50417686E-01
  0.57289789E+01  0.97042306E-02 -0.97232183E-02  0.50424191E-01
  0.57296709E+01  0.96760389E-02 -0.96950278E-02  0.50429982E-01
  0.57303629E+01  0.96477745E-02 -0.96667647E-02  0.50435059E-01
  0.57310549E+01  0.96194377E-02 -0.96384293E-02  0.50439423E-01
  0.57317469E+01  0.95910286E-02 -0.96100215E-02  0.50443075E-01
  0.57324389E+01  0.95625471E-02 -0.95815414E-02  0.50446015E-01
  0.57331309E+01  0.95339936E-02 -0.95529893E-02  0.50448244E-01
  0.57338229E+01  0.95053680E-02 -0.95243652E-02  0.50449762E-01
  0.57345150E+01  0.94766705E-02 -0.94956692E-02  0.50450570E-01
  0.57352070E+01  0.94479013E-02 -0.94669014E-02  0.50450669E-01
  0.57358990E+01  0.94190604E-02 -0.94380621E-02  0.50450059E-01
  0.57365910E+01  0.93901481E-02 -0.94091513E-02  0.50448741E-01
  0.57372830E+01  0.93611645E-02 -0.93801691E-02  0.50446716E-01
  0.57379750E+01  0.93321098E-02 -0.93511158E-02  0.50443985E-01
  0.57386670E+01  0.93029840E-02 -0.93219915E-02  0.50440549E-01
  0.57393590E+01  0.92737874E-02 -0.92927963E-02  0.50436408E-01
  0.57400510E+01  0.92445202E-02 -0.92635304E-02  0.50431564E-01
  0.57407430E+01  0.92151825E-02 -0.92341940E-02  0.50426017E-01
  0.57414350E+01  0.91857745E-02 -0.92047873E-02  0.50419769E-01
  0.57421270E+01  0.91562964E-02 -0.91753104E-02  0.50412820E-01
  0.57428191E+01  0.91267485E-02 -0.91457635E-02  0.50405171E-01
  0.57435111E+01  0.90971308E-02 -0.91161468E-02  0.50396824E-01
  0.57442031E+01  0.90674436E-02 -0.90864606E-02  0.50387780E-01
  0.57448951E+01  0.90376871E-02 -0.90567049E-02  0.50378040E-01
  0.57455871E+01  0.90078615E-02 -0.90268801E-02  0.50367604E-01
  0.57462791E+01  0.89779671E-02 -0.89969863E-02  0.50356475E-01
  0.57469711E+01  0.89480040E-02 -0.89670237E-02  0.50344654E-01
  0.57476631E+01  0.89179725E-02 -0.89369927E-02  0.50332141E-01
  0.57483551E+01  0.88878728E-02 -0.89068933E-02  0.50318938E-01
  0.57490471E+01  0.88577052E-02 -0.88767258E-02  0.50305046E-01
  0.57497391E+01  0.88274699E-02 -0.88464905E-02  0.50290468E-01
  0.57504312E+01  0.87971671E-02 -0.88161875E-02  0.50275203E-01
  0.57511232E+01  0.87667972E-02 -0.87858172E-02  0.50259254E-01
  0.57518152E+01  0.87363602E-02 -0.87553798E-02  0.50242622E-01
  0.57525072E+01  0.87058566E-02 -0.87248755E-02  0.50225308E-01
  0.57531992E+01  0.86752865E-02 -0.86943046E-02  0.50207314E-01
  0.57538912E+01  0.86446503E-02 -0.86636674E-02  0.50188642E-01
  0.57545832E+01  0.86139482E-02 -0.86329641E-02  0.50169293E-01
  0.57552752E+01  0.85831805E-02 -0.86021949E-02  0.50149269E-01
  0.57559672E+01  0.85523474E-02 -0.85713603E-02  0.50128571E-01
  0.57566592E+01  0.85214493E-02 -0.85404603E-02  0.50107201E-01
  0.57573512E+01  0.84904864E-02 -0.85094954E-02  0.50085161E-01
  0.57580433E+01  0.84594590E-02 -0.84784658E-02  0.50062452E-01
  0.57587353E+01  0.84283675E-02 -0.84473718E-02  0.50039076E-01
  0.57594273E+01  0.83972121E-02 -0.84162136E-02  0.50015035E-01
  0.57601193E+01  0.83659931E-02 -0.83849917E-02  0.49990330E-01
  0.57608113E+01  0.83347108E-02 -0.83537062E-02  0.49964964E-01
  0.57615033E+01  0.83033655E-02 -0.83223575E-02  0.49938938E-01
  0.57621953E+01  0.82719577E-02 -0.82909459E-02  0.49912255E-01
  0.57628873E+01  0.82404874E-02 -0.82594717E-02  0.49884916E-01
  0.57635793E+01  0.82089552E-02 -0.82279353E-02  0.49856922E-01
  0.57642713E+01  0.81773613E-02 -0.81963368E-02  0.49828277E-01
  0.57649633E+01  0.81457060E-02 -0.81646768E-02  0.49798981E-01
  0.57656554E+01  0.81139898E-02 -0.81329554E-02  0.49769037E-01
  0.57663474E+01  0.80822128E-02 -0.81011731E-02  0.49738447E-01
  0.57670394E+01  0.80503755E-02 -0.80693301E-02  0.49707214E-01
  0.57677314E+01  0.80184781E-02 -0.80374268E-02  0.49675338E-01
  0.57684234E+01  0.79865211E-02 -0.80054636E-02  0.49642822E-01
  0.57691154E+01  0.79545048E-02 -0.79734407E-02  0.49609669E-01
  0.57698074E+01  0.79224295E-02 -0.79413586E-02  0.49575880E-01
  0.57704994E+01  0.78902956E-02 -0.79092175E-02  0.49541457E-01
  0.57711914E+01  0.78581034E-02 -0.78770179E-02  0.49506404E-01
  0.57718834E+01  0.78258534E-02 -0.78447600E-02  0.49470721E-01
  0.57725754E+01  0.77935458E-02 -0.78124443E-02  0.49434412E-01
  0.57732675E+01  0.77611810E-02 -0.77800711E-02  0.49397478E-01
  0.57739595E+01  0.77287595E-02 -0.77476407E-02  0.49359922E-01
  0.57746515E+01  0.76962815E-02 -0.77151537E-02  0.49321745E-01
  0.57753435E+01  0.76637475E-02 -0.76826102E-02  0.49282952E-01
  0.57760355E+01  0.76311578E-02 -0.76500107E-02  0.49243543E-01
  0.57767275E+01  0.75985128E-02 -0.76173556E-02  0.49203521E-01
  0.57774195E+01  0.75658129E-02 -0.75846452E-02  0.49162889E-01
  0.57781115E+01  0.75330585E-02 -0.75518800E-02  0.49121648E-01
  0.57788035E+01  0.75002499E-02 -0.75190602E-02  0.49079802E-01
  0.57794955E+01  0.74673876E-02 -0.74861864E-02  0.49037353E-01
  0.57801875E+01  0.74344720E-02 -0.74532589E-02  0.48994303E-01
  0.57808796E+01  0.74015034E-02 -0.74202781E-02  0.48950655E-01
  0.57815716E+01  0.73684823E-02 -0.73872443E-02  0.48906411E-01
  0.57822636E+01  0.73354090E-02 -0.73541581E-02  0.48861574E-01
  0.57829556E+01  0.73022839E-02 -0.73210198E-02  0.48816147E-01
  0.57836476E+01  0.72691076E-02 -0.72878297E-02  0.48770131E-01
  0.57843396E+01  0.72358802E-02 -0.72545884E-02  0.48723530E-01
  0.57850316E+01  0.72026024E-02 -0.72212962E-02  0.48676346E-01
  0.57857236E+01  0.71692745E-02 -0.71879535E-02  0.48628582E-01
  0.57864156E+01  0.71358969E-02 -0.71545608E-02  0.48580241E-01
  0.57871076E+01  0.71024700E-02 -0.71211184E-02  0.48531325E-01
  0.57877996E+01  0.70689943E-02 -0.70876268E-02  0.48481836E-01
  0.57884917E+01  0.70354701E-02 -0.70540864E-02  0.48431778E-01
  0.57891837E+01  0.70018980E-02 -0.70204977E-02  0.48381154E-01
  0.57898757E+01  0.69682782E-02 -0.69868610E-02  0.48329965E-01
  0.57905677E+01  0.69346114E-02 -0.69531769E-02  0.48278215E-01
  0.57912597E+01  0.69008978E-02 -0.69194456E-02  0.48225907E-01
  0.57919517E+01  0.68671380E-02 -0.68856677E-02  0.48173043E-01
  0.57926437E+01  0.68333323E-02 -0.68518436E-02  0.48119626E-01
  0.57933357E+01  0.67994812E-02 -0.68179738E-02  0.48065659E-01
  0.57940277E+01  0.67655851E-02 -0.67840586E-02  0.48011145E-01
  0.57947197E+01  0.67316446E-02 -0.67500986E-02  0.47956087E-01
  0.57954117E+01  0.66976599E-02 -0.67160941E-02  0.47900487E-01
  0.57961038E+01  0.66636317E-02 -0.66820456E-02  0.47844349E-01
  0.57967958E+01  0.66295602E-02 -0.66479536E-02  0.47787675E-01
  0.57974878E+01  0.65954460E-02 -0.66138185E-02  0.47730468E-01
  0.57981798E+01  0.65612896E-02 -0.65796408E-02  0.47672731E-01
  0.57988718E+01  0.65270913E-02 -0.65454209E-02  0.47614468E-01
  0.57995638E+01  0.64928517E-02 -0.65111593E-02  0.47555681E-01
  0.58002558E+01  0.64585712E-02 -0.64768565E-02  0.47496373E-01
  0.58009478E+01  0.64242502E-02 -0.64425129E-02  0.47436546E-01
  0.58016398E+01  0.63898892E-02 -0.64081289E-02  0.47376205E-01
  0.58023318E+01  0.63554888E-02 -0.63737051E-02  0.47315352E-01
  0.58030238E+01  0.63210492E-02 -0.63392419E-02  0.47253991E-01
  0.58037159E+01  0.62865711E-02 -0.63047398E-02  0.47192123E-01
  0.58044079E+01  0.62520549E-02 -0.62701992E-02  0.47129753E-01
  0.58050999E+01  0.62175010E-02 -0.62356207E-02  0.47066883E-01
  0.58057919E+01  0.61829099E-02 -0.62010047E-02  0.47003516E-01
  0.58064839E+01  0.61482822E-02 -0.61663516E-02  0.46939656E-01
  0.58071759E+01  0.61136182E-02 -0.61316620E-02  0.46875305E-01
  0.58078679E+01  0.60789185E-02 -0.60969364E-02  0.46810468E-01
  0.58085599E+01  0.60441835E-02 -0.60621751E-02  0.46745146E-01
  0.58092519E+01  0.60094137E-02 -0.60273788E-02  0.46679343E-01
  0.58099439E+01  0.59746096E-02 -0.59925479E-02  0.46613062E-01
  0.58106359E+01  0.59397717E-02 -0.59576829E-02  0.46546306E-01
  0.58113280E+01  0.59049005E-02 -0.59227842E-02  0.46479079E-01
  0.58120200E+01  0.58699964E-02 -0.58878524E-02  0.46411384E-01
  0.58127120E+01  0.58350600E-02 -0.58528880E-02  0.46343223E-01
  0.58134040E+01  0.58000917E-02 -0.58178914E-02  0.46274601E-01
  0.58140960E+01  0.57650921E-02 -0.57828632E-02  0.46205520E-01
  0.58147880E+01  0.57300615E-02 -0.57478038E-02  0.46135983E-01
  0.58154800E+01  0.56950006E-02 -0.57127138E-02  0.46065994E-01
  0.58161720E+01  0.56599098E-02 -0.56775936E-02  0.45995557E-01
  0.58168640E+01  0.56247896E-02 -0.56424438E-02  0.45924673E-01
  0.58175560E+01  0.55896405E-02 -0.56072648E-02  0.45853347E-01
  0.58182480E+01  0.55544630E-02 -0.55720572E-02  0.45781582E-01
  0.58189401E+01  0.55192576E-02 -0.55368215E-02  0.45709381E-01
  0.58196321E+01  0.54840249E-02 -0.55015582E-02  0.45636747E-01
  0.58203241E+01  0.54487653E-02 -0.54662677E-02  0.45563684E-01
  0.58210161E+01  0.54134793E-02 -0.54309507E-02  0.45490194E-01
  0.58217081E+01  0.53781674E-02 -0.53956076E-02  0.45416282E-01
  0.58224001E+01  0.53428302E-02 -0.53602389E-02  0.45341951E-01
  0.58230921E+01  0.53074681E-02 -0.53248451E-02  0.45267204E-01
  0.58237841E+01  0.52720817E-02 -0.52894268E-02  0.45192044E-01
  0.58244761E+01  0.52366715E-02 -0.52539845E-02  0.45116474E-01
  0.58251681E+01  0.52012380E-02 -0.52185187E-02  0.45040498E-01
  0.58258601E+01  0.51657817E-02 -0.51830300E-02  0.44964120E-01
  0.58265522E+01  0.51303031E-02 -0.51475187E-02  0.44887342E-01
  0.58272442E+01  0.50948027E-02 -0.51119856E-02  0.44810169E-01
  0.58279362E+01  0.50592811E-02 -0.50764310E-02  0.44732603E-01
  0.58286282E+01  0.50237388E-02 -0.50408556E-02  0.44654647E-01
  0.58293202E+01  0.49881763E-02 -0.50052598E-02  0.44576306E-01
  0.58300122E+01  0.49525942E-02 -0.49696442E-02  0.44497582E-01
  0.58307042E+01  0.49169929E-02 -0.49340093E-02  0.44418479E-01
  0.58313962E+01  0.48813729E-02 -0.48983556E-02  0.44339001E-01
  0.58320882E+01  0.48457348E-02 -0.48626838E-02  0.44259150E-01
  0.58327802E+01  0.48100792E-02 -0.48269942E-02  0.44178930E-01
  0.58334722E+01  0.47744065E-02 -0.47912874E-02  0.44098345E-01
  0.58341643E+01  0.47387173E-02 -0.47555640E-02  0.44017398E-01
  0.58348563E+01  0.47030122E-02 -0.47198246E-02  0.43936092E-01
  0.58355483E+01  0.46672915E-02 -0.46840695E-02  0.43854432E-01
  0.58362403E+01  0.46315559E-02 -0.46482995E-02  0.43772419E-01
  0.58369323E+01  0.45958060E-02 -0.46125150E-02  0.43690058E-01
  0.58376243E+01  0.45600421E-02 -0.45767165E-02  0.43607352E-01
  0.58383163E+01  0.45242650E-02 -0.45409046E-02  0.43524304E-01
  0.58390083E+01  0.44884750E-02 -0.45050799E-02  0.43440919E-01
  0.58397003E+01  0.44526728E-02 -0.44692429E-02  0.43357199E-01
  0.58403923E+01  0.44168588E-02 -0.44333941E-02  0.43273148E-01
  0.58410843E+01  0.43810337E-02 -0.43975340E-02  0.43188769E-01
  0.58417764E+01  0.43451979E-02 -0.43616633E-02  0.43104065E-01
  0.58424684E+01  0.43093519E-02 -0.43257824E-02  0.43019041E-01
  0.58431604E+01  0.42734965E-02 -0.42898919E-02  0.42933700E-01
  0.58438524E+01  0.42376319E-02 -0.42539924E-02  0.42848044E-01
  0.58445444E+01  0.42017589E-02 -0.42180844E-02  0.42762079E-01
  0.58452364E+01  0.41658779E-02 -0.41821684E-02  0.42675806E-01
  0.58459284E+01  0.41299895E-02 -0.41462450E-02  0.42589229E-01
  0.58466204E+01  0.40940943E-02 -0.41103148E-02  0.42502352E-01
  0.58473124E+01  0.40581927E-02 -0.40743782E-02  0.42415179E-01
  0.58480044E+01  0.40222853E-02 -0.40384359E-02  0.42327712E-01
  0.58486964E+01  0.39863726E-02 -0.40024884E-02  0.42239956E-01
  0.58493885E+01  0.39504553E-02 -0.39665362E-02  0.42151913E-01
  0.58500805E+01  0.39145338E-02 -0.39305799E-02  0.42063588E-01
  0.58507725E+01  0.38786086E-02 -0.38946200E-02  0.41974983E-01
  0.58514645E+01  0.38426804E-02 -0.38586571E-02  0.41886102E-01
  0.58521565E+01  0.38067497E-02 -0.38226918E-02  0.41796948E-01
  0.58528485E+01  0.37708170E-02 -0.37867245E-02  0.41707525E-01
  0.58535405E+01  0.37348828E-02 -0.37507559E-02  0.41617837E-01
  0.58542325E+01  0.36989477E-02 -0.37147865E-02  0.41527887E-01
  0.58549245E+01  0.36630123E-02 -0.36788168E-02  0.41437677E-01
  0.58556165E+01  0.36270771E-02 -0.36428475E-02  0.41347213E-01
  0.58563085E+01  0.35911426E-02 -0.36068789E-02  0.41256496E-01
  0.58570006E+01  0.35552094E-02 -0.35709118E-02  0.41165531E-01
  0.58576926E+01  0.35192780E-02 -0.35349466E-02  0.41074321E-01
  0.58583846E+01  0.34833490E-02 -0.34989840E-02  0.40982869E-01
  0.58590766E+01  0.34474229E-02 -0.34630243E-02  0.40891180E-01
  0.58597686E+01  0.34115002E-02 -0.34270683E-02  0.40799255E-01
  0.58604606E+01  0.33755816E-02 -0.33911165E-02  0.40707099E-01
  0.58611526E+01  0.33396675E-02 -0.33551693E-02  0.40614715E-01
  0.58618446E+01  0.33037585E-02 -0.33192274E-02  0.40522107E-01
  0.58625366E+01  0.32678551E-02 -0.32832913E-02  0.40429277E-01
  0.58632286E+01  0.32319579E-02 -0.32473616E-02  0.40336230E-01
  0.58639206E+01  0.31960674E-02 -0.32114388E-02  0.40242968E-01
  0.58646127E+01  0.31601842E-02 -0.31755234E-02  0.40149496E-01
  0.58653047E+01  0.31243088E-02 -0.31396160E-02  0.40055816E-01
  0.58659967E+01  0.30884417E-02 -0.31037172E-02  0.39961932E-01
  0.58666887E+01  0.30525835E-02 -0.30678275E-02  0.39867847E-01
  0.58673807E+01  0.30167347E-02 -0.30319474E-02  0.39773565E-01
  0.58680727E+01  0.29808959E-02 -0.29960775E-02  0.39679089E-01
  0.58687647E+01  0.29450676E-02 -0.29602184E-02  0.39584422E-01
  0.58694567E+01  0.29092504E-02 -0.29243705E-02  0.39489568E-01
  0.58701487E+01  0.28734447E-02 -0.28885345E-02  0.39394529E-01
  0.58708407E+01  0.28376511E-02 -0.28527108E-02  0.39299311E-01
  0.58715327E+01  0.28018702E-02 -0.28169000E-02  0.39203915E-01
  0.58722248E+01  0.27661024E-02 -0.27811027E-02  0.39108345E-01
  0.58729168E+01  0.27303484E-02 -0.27453193E-02  0.39012605E-01
  0.58736088E+01  0.26946086E-02 -0.27095505E-02  0.38916697E-01
  0.58743008E+01  0.26588836E-02 -0.26737968E-02  0.38820625E-01
  0.58749928E+01  0.26231740E-02 -0.26380586E-02  0.38724393E-01
  0.58756848E+01  0.25874802E-02 -0.26023366E-02  0.38628003E-01
  0.58763768E+01  0.25518027E-02 -0.25666313E-02  0.38531460E-01
  0.58770688E+01  0.25161422E-02 -0.25309431E-02  0.38434765E-01
  0.58777608E+01  0.24804990E-02 -0.24952728E-02  0.38337924E-01
  0.58784528E+01  0.24448739E-02 -0.24596206E-02  0.38240938E-01
  0.58791448E+01  0.24092672E-02 -0.24239873E-02  0.38143811E-01
  0.58798369E+01  0.23736795E-02 -0.23883733E-02  0.38046546E-01
  0.58805289E+01  0.23381113E-02 -0.23527792E-02  0.37949147E-01
  0.58812209E+01  0.23025632E-02 -0.23172055E-02  0.37851617E-01
  0.58819129E+01  0.22670356E-02 -0.22816526E-02  0.37753959E-01
  0.58826049E+01  0.22315292E-02 -0.22461212E-02  0.37656176E-01
  0.58832969E+01  0.21960443E-02 -0.22106117E-02  0.37558272E-01
  0.58839889E+01  0.21605815E-02 -0.21751247E-02  0.37460249E-01
  0.58846809E+01  0.21251413E-02 -0.21396607E-02  0.37362112E-01
  0.58853729E+01  0.20897243E-02 -0.21042202E-02  0.37263862E-01
  0.58860649E+01  0.20543309E-02 -0.20688037E-02  0.37165504E-01
  0.58867569E+01  0.20189617E-02 -0.20334117E-02  0.37067040E-01
  0.58874490E+01  0.19836171E-02 -0.19980448E-02  0.36968474E-01
  0.58881410E+01  0.19482977E-02 -0.19627034E-02  0.36869809E-01
  0.58888330E+01  0.19130040E-02 -0.19273880E-02  0.36771048E-01
  0.58895250E+01  0.18777364E-02 -0.18920993E-02  0.36672194E-01
  0.58902170E+01  0.18424955E-02 -0.18568376E-02  0.36573250E-01
  0.58909090E+01  0.18072817E-02 -0.18216034E-02  0.36474219E-01
  0.58916010E+01  0.17720956E-02 -0.17863973E-02  0.36375105E-01
  0.58922930E+01  0.17369376E-02 -0.17512198E-02  0.36275910E-01
  0.58929850E+01  0.17018083E-02 -0.17160713E-02  0.36176638E-01
  0.58936770E+01  0.16667081E-02 -0.16809524E-02  0.36077292E-01
  0.58943690E+01  0.16316375E-02 -0.16458635E-02  0.35977874E-01
  0.58950611E+01  0.15965970E-02 -0.16108051E-02  0.35878388E-01
  0.58957531E+01  0.15615871E-02 -0.15757777E-02  0.35778838E-01
  0.58964451E+01  0.15266083E-02 -0.15407819E-02  0.35679225E-01
  0.58971371E+01  0.14916610E-02 -0.15058180E-02  0.35579553E-01
  0.58978291E+01  0.14567457E-02 -0.14708865E-02  0.35479825E-01
  0.58985211E+01  0.14218629E-02 -0.14359880E-02  0.35380044E-01
  0.58992131E+01  0.13870131E-02 -0.14011229E-02  0.35280213E-01
  0.58999051E+01  0.13521967E-02 -0.13662917E-02  0.35180335E-01
  0.59005971E+01  0.13174141E-02 -0.13314948E-02  0.35080413E-01
  0.59012891E+01  0.12826660E-02 -0.12967327E-02  0.34980449E-01
  0.59019811E+01  0.12479526E-02 -0.12620059E-02  0.34880448E-01
  0.59026732E+01  0.12132746E-02 -0.12273149E-02  0.34780411E-01
  0.59033652E+01  0.11786322E-02 -0.11926600E-02  0.34680342E-01
  0.59040572E+01  0.11440261E-02 -0.11580418E-02  0.34580244E-01
  0.59047492E+01  0.11094566E-02 -0.11234606E-02  0.34480119E-01
  0.59054412E+01  0.10749242E-02 -0.10889171E-02  0.34379971E-01
  0.59061332E+01  0.10404293E-02 -0.10544115E-02  0.34279802E-01
  0.59068252E+01  0.10059724E-02 -0.10199444E-02  0.34179615E-01
  0.59075172E+01  0.97155393E-03 -0.98551614E-03  0.34079413E-01
  0.59082092E+01  0.93717430E-03 -0.95112723E-03  0.33979200E-01
  0.59089012E+01  0.90283397E-03 -0.91677808E-03  0.33878976E-01
  0.59095932E+01  0.86853336E-03 -0.88246913E-03  0.33778747E-01
  0.59102853E+01  0.83427290E-03 -0.84820080E-03  0.33678514E-01
  0.59109773E+01  0.80005302E-03 -0.81397352E-03  0.33578280E-01
  0.59116693E+01  0.76587415E-03 -0.77978772E-03  0.33478047E-01
  0.59123613E+01  0.73173670E-03 -0.74564382E-03  0.33377820E-01
  0.59130533E+01  0.69764109E-03 -0.71154224E-03  0.33277600E-01
  0.59137453E+01  0.66358773E-03 -0.67748339E-03  0.33177391E-01
  0.59144373E+01  0.62957705E-03 -0.64346768E-03  0.33077194E-01
  0.59151293E+01  0.59560944E-03 -0.60949552E-03  0.32977013E-01
  0.59158213E+01  0.56168532E-03 -0.57556732E-03  0.32876851E-01
  0.59165133E+01  0.52780509E-03 -0.54168348E-03  0.32776709E-01
  0.59172053E+01  0.49396914E-03 -0.50784440E-03  0.32676592E-01
  0.59178974E+01  0.46017787E-03 -0.47405048E-03  0.32576501E-01
  0.59185894E+01  0.42643168E-03 -0.44030210E-03  0.32476439E-01
  0.59192814E+01  0.39273096E-03 -0.40659966E-03  0.32376409E-01
  0.59199734E+01  0.35907609E-03 -0.37294354E-03  0.32276414E-01
  0.59206654E+01  0.32546746E-03 -0.33933413E-03  0.32176455E-01
  0.59213574E+01  0.29190546E-03 -0.30577180E-03  0.32076536E-01
  0.59220494E+01  0.25839044E-03 -0.27225694E-03  0.31976660E-01
  0.59227414E+01  0.22492280E-03 -0.23878991E-03  0.31876829E-01
  0.59234334E+01  0.19150291E-03 -0.20537108E-03  0.31777045E-01
  0.59241254E+01  0.15813112E-03 -0.17200082E-03  0.31677311E-01
  0.59248174E+01  0.12480781E-03 -0.13867950E-03  0.31577629E-01
  0.59255095E+01  0.91533337E-04 -0.10540746E-03  0.31478003E-01
  0.59262015E+01  0.58308058E-04 -0.72185068E-04  0.31378434E-01
  0.59268935E+01  0.25132328E-04 -0.39012673E-04  0.31278926E-01
  0.59275855E+01 -0.79935013E-05 -0.58906245E-05  0.31179480E-01
  0.59282775E+01 -0.41069082E-04  0.27180734E-04  0.31080100E-01
  0.59289695E+01 -0.74094071E-04  0.60201062E-04  0.30980787E-01
  0.59296615E+01 -0.10706813E-03  0.93170020E-04  0.30881544E-01
  0.59303535E+01 -0.13999091E-03  0.12608728E-03  0.30782374E-01
  0.59310455E+01 -0.17286209E-03  0.15895250E-03  0.30683279E-01
  0.59317375E+01 -0.20568133E-03  0.19176536E-03  0.30584261E-01
  0.59324295E+01 -0.23844831E-03  0.22452554E-03  0.30485323E-01
  0.59331216E+01 -0.27116271E-03  0.25723272E-03  0.30386467E-01
  0.59338136E+01 -0.30382420E-03  0.28988658E-03  0.30287696E-01
  0.59345056E+01 -0.33643247E-03  0.32248681E-03  0.30189011E-01
  0.59351976E+01 -0.36898720E-03  0.35503310E-03  0.30090417E-01
  0.59358896E+01 -0.40148809E-03  0.38752515E-03  0.29991913E-01
  0.59365816E+01 -0.43393483E-03  0.41996266E-03  0.29893504E-01
  0.59372736E+01 -0.46632711E-03  0.45234533E-03  0.29795191E-01
  0.59379656E+01 -0.49866465E-03  0.48467286E-03  0.29696977E-01
  0.59386576E+01 -0.53094714E-03  0.51694498E-03  0.29598864E-01
  0.59393496E+01 -0.56317430E-03  0.54916138E-03  0.29500854E-01
  0.59400416E+01 -0.59534584E-03  0.58132180E-03  0.29402949E-01
  0.59407337E+01 -0.62746146E-03  0.61342594E-03  0.29305152E-01
  0.59414257E+01 -0.65952091E-03  0.64547355E-03  0.29207466E-01
  0.59421177E+01 -0.69152389E-03  0.67746434E-03  0.29109891E-01
  0.59428097E+01 -0.72347013E-03  0.70939806E-03  0.29012431E-01
  0.59435017E+01 -0.75535938E-03  0.74127444E-03  0.28915087E-01
  0.59441937E+01 -0.78719135E-03  0.77309322E-03  0.28817862E-01
  0.59448857E+01 -0.81896580E-03  0.80485415E-03  0.28720758E-01
  0.59455777E+01 -0.85068246E-03  0.83655697E-03  0.28623778E-01
  0.59462697E+01 -0.88234109E-03  0.86820145E-03  0.28526922E-01
  0.59469617E+01 -0.91394142E-03  0.89978733E-03  0.28430195E-01
  0.59476537E+01 -0.94548323E-03  0.93131438E-03  0.28333596E-01
  0.59483457E+01 -0.97696625E-03  0.96278237E-03  0.28237130E-01
  0.59490378E+01 -0.10083903E-02  0.99419107E-03  0.28140797E-01
  0.59497298E+01 -0.10397550E-02  0.10255402E-02  0.28044600E-01
  0.59504218E+01 -0.10710603E-02  0.10568297E-02  0.27948541E-01
  0.59511138E+01 -0.11023059E-02  0.10880591E-02  0.27852622E-01
  0.59518058E+01 -0.11334916E-02  0.11192284E-02  0.27756845E-01
  0.59524978E+01 -0.11646171E-02  0.11503373E-02  0.27661212E-01
  0.59531898E+01 -0.11956823E-02  0.11813857E-02  0.27565725E-01
  0.59538818E+01 -0.12266869E-02  0.12123732E-02  0.27470386E-01
  0.59545738E+01 -0.12576307E-02  0.12432997E-02  0.27375198E-01
  0.59552658E+01 -0.12885136E-02  0.12741651E-02  0.27280161E-01
  0.59559578E+01 -0.13193353E-02  0.13049690E-02  0.27185279E-01
  0.59566499E+01 -0.13500956E-02  0.13357114E-02  0.27090553E-01
  0.59573419E+01 -0.13807944E-02  0.13663921E-02  0.26995984E-01
  0.59580339E+01 -0.14114315E-02  0.13970109E-02  0.26901576E-01
  0.59587259E+01 -0.14420066E-02  0.14275676E-02  0.26807329E-01
  0.59594179E+01 -0.14725197E-02  0.14580620E-02  0.26713246E-01
  0.59601099E+01 -0.15029704E-02  0.14884940E-02  0.26619329E-01
  0.59608019E+01 -0.15333588E-02  0.15188634E-02  0.26525579E-01
  0.59614939E+01 -0.15636845E-02  0.15491701E-02  0.26431999E-01
  0.59621859E+01 -0.15939475E-02  0.15794139E-02  0.26338590E-01
  0.59628779E+01 -0.16241476E-02  0.16095947E-02  0.26245354E-01
  0.59635699E+01 -0.16542846E-02  0.16397123E-02  0.26152293E-01
  0.59642620E+01 -0.16843584E-02  0.16697666E-02  0.26059408E-01
  0.59649540E+01 -0.17143689E-02  0.16997574E-02  0.25966702E-01
  0.59656460E+01 -0.17443158E-02  0.17296847E-02  0.25874177E-01
  0.59663380E+01 -0.17741992E-02  0.17595483E-02  0.25781833E-01
  0.59670300E+01 -0.18040188E-02  0.17893481E-02  0.25689674E-01
  0.59677220E+01 -0.18337745E-02  0.18190840E-02  0.25597700E-01
  0.59684140E+01 -0.18634662E-02  0.18487558E-02  0.25505914E-01
  0.59691060E+01 -0.18930939E-02  0.18783634E-02  0.25414316E-01
  0.59697980E+01 -0.19226573E-02  0.19079069E-02  0.25322910E-01
  0.59704900E+01 -0.19521564E-02  0.19373859E-02  0.25231696E-01
  0.59711820E+01 -0.19815910E-02  0.19668006E-02  0.25140676E-01
  0.59718741E+01 -0.20109612E-02  0.19961507E-02  0.25049852E-01
  0.59725661E+01 -0.20402667E-02  0.20254362E-02  0.24959226E-01
  0.59732581E+01 -0.20695075E-02  0.20546571E-02  0.24868799E-01
  0.59739501E+01 -0.20986836E-02  0.20838131E-02  0.24778573E-01
  0.59746421E+01 -0.21277948E-02  0.21129044E-02  0.24688550E-01
  0.59753341E+01 -0.21568410E-02  0.21419308E-02  0.24598730E-01
  0.59760261E+01 -0.21858223E-02  0.21708922E-02  0.24509117E-01
  0.59767181E+01 -0.22147385E-02  0.21997886E-02  0.24419711E-01
  0.59774101E+01 -0.22435895E-02  0.22286200E-02  0.24330514E-01
  0.59781021E+01 -0.22723754E-02  0.22573863E-02  0.24241527E-01
  0.59787941E+01 -0.23010961E-02  0.22860874E-02  0.24152752E-01
  0.59794862E+01 -0.23297515E-02  0.23147234E-02  0.24064192E-01
  0.59801782E+01 -0.23583417E-02  0.23432942E-02  0.23975846E-01
  0.59808702E+01 -0.23868664E-02  0.23717998E-02  0.23887717E-01
  0.59815622E+01 -0.24153258E-02  0.24002401E-02  0.23799806E-01
  0.59822542E+01 -0.24437199E-02  0.24286152E-02  0.23712115E-01
  0.59829462E+01 -0.24720485E-02  0.24569250E-02  0.23624645E-01
  0.59836382E+01 -0.25003117E-02  0.24851695E-02  0.23537398E-01
  0.59843302E+01 -0.25285095E-02  0.25133488E-02  0.23450375E-01
  0.59850222E+01 -0.25566419E-02  0.25414628E-02  0.23363578E-01
  0.59857142E+01 -0.25847088E-02  0.25695116E-02  0.23277008E-01
  0.59864062E+01 -0.26127103E-02  0.25974951E-02  0.23190666E-01
  0.59870983E+01 -0.26406465E-02  0.26254134E-02  0.23104554E-01
  0.59877903E+01 -0.26685172E-02  0.26532665E-02  0.23018674E-01
  0.59884823E+01 -0.26963226E-02  0.26810545E-02  0.22933026E-01
  0.59891743E+01 -0.27240627E-02  0.27087774E-02  0.22847612E-01
  0.59898663E+01 -0.27517375E-02  0.27364352E-02  0.22762434E-01
  0.59905583E+01 -0.27793470E-02  0.27640280E-02  0.22677493E-01
  0.59912503E+01 -0.28068914E-02  0.27915558E-02  0.22592790E-01
  0.59919423E+01 -0.28343706E-02  0.28190187E-02  0.22508326E-01
  0.59926343E+01 -0.28617847E-02  0.28464167E-02  0.22424103E-01
  0.59933263E+01 -0.28891338E-02  0.28737500E-02  0.22340123E-01
  0.59940183E+01 -0.29164179E-02  0.29010186E-02  0.22256386E-01
  0.59947104E+01 -0.29436372E-02  0.29282226E-02  0.22172894E-01
  0.59954024E+01 -0.29707917E-02  0.29553620E-02  0.22089648E-01
  0.59960944E+01 -0.29978814E-02  0.29824371E-02  0.22006649E-01
  0.59967864E+01 -0.30249066E-02  0.30094477E-02  0.21923899E-01
  0.59974784E+01 -0.30518672E-02  0.30363942E-02  0.21841398E-01
  0.59981704E+01 -0.30787635E-02  0.30632765E-02  0.21759149E-01
  0.59988624E+01 -0.31055954E-02  0.30900949E-02  0.21677152E-01
  0.59995544E+01 -0.31323632E-02  0.31168493E-02  0.21595409E-01
  0.60002464E+01 -0.31590669E-02  0.31435400E-02  0.21513921E-01
  0.60009384E+01 -0.31857067E-02  0.31701671E-02  0.21432688E-01
  0.60016304E+01 -0.32122827E-02  0.31967307E-02  0.21351713E-01
  0.60023225E+01 -0.32387950E-02  0.32232310E-02  0.21270996E-01
  0.60030145E+01 -0.32652439E-02  0.32496681E-02  0.21190538E-01
  0.60037065E+01 -0.32916294E-02  0.32760421E-02  0.21110341E-01
  0.60043985E+01 -0.33179517E-02  0.33023534E-02  0.21030406E-01
  0.60050905E+01 -0.33442110E-02  0.33286019E-02  0.20950733E-01
  0.60057825E+01 -0.33704075E-02  0.33547879E-02  0.20871325E-01
  0.60064745E+01 -0.33965413E-02  0.33809116E-02  0.20792182E-01
  0.60071665E+01 -0.34226126E-02  0.34069731E-02  0.20713305E-01
  0.60078585E+01 -0.34486217E-02  0.34329728E-02  0.20634695E-01
  0.60085505E+01 -0.34745686E-02  0.34589106E-02  0.20556354E-01
  0.60092425E+01 -0.35004537E-02  0.34847870E-02  0.20478283E-01
  0.60099346E+01 -0.35262772E-02  0.35106020E-02  0.20400481E-01
  0.60106266E+01 -0.35520392E-02  0.35363559E-02  0.20322952E-01
  0.60113186E+01 -0.35777399E-02  0.35620490E-02  0.20245695E-01
  0.60120106E+01 -0.36033797E-02  0.35876814E-02  0.20168712E-01
  0.60127026E+01 -0.36289588E-02  0.36132534E-02  0.20092003E-01
  0.60133946E+01 -0.36544774E-02  0.36387653E-02  0.20015570E-01
  0.60140866E+01 -0.36799357E-02  0.36642173E-02  0.19939414E-01
  0.60147786E+01 -0.37053341E-02  0.36896096E-02  0.19863536E-01
  0.60154706E+01 -0.37306727E-02  0.37149426E-02  0.19787936E-01
  0.60161626E+01 -0.37559519E-02  0.37402165E-02  0.19712616E-01
  0.60168546E+01 -0.37811720E-02  0.37654316E-02  0.19637577E-01
  0.60175467E+01 -0.38063331E-02  0.37905881E-02  0.19562819E-01
  0.60182387E+01 -0.38314358E-02  0.38156865E-02  0.19488343E-01
  0.60189307E+01 -0.38564801E-02  0.38407269E-02  0.19414151E-01
  0.60196227E+01 -0.38814665E-02  0.38657096E-02  0.19340243E-01
  0.60203147E+01 -0.39063953E-02  0.38906351E-02  0.19266621E-01
  0.60210067E+01 -0.39312668E-02  0.39155036E-02  0.19193285E-01
  0.60216987E+01 -0.39560813E-02  0.39403155E-02  0.19120236E-01
  0.60223907E+01 -0.39808391E-02  0.39650710E-02  0.19047475E-01
  0.60230827E+01 -0.40055407E-02  0.39897706E-02  0.18975003E-01
  0.60237747E+01 -0.40301863E-02  0.40144145E-02  0.18902820E-01
  0.60244667E+01 -0.40547763E-02  0.40390032E-02  0.18830928E-01
  0.60251588E+01 -0.40793112E-02  0.40635370E-02  0.18759328E-01
  0.60258508E+01 -0.41037912E-02  0.40880163E-02  0.18688020E-01
  0.60265428E+01 -0.41282168E-02  0.41124414E-02  0.18617005E-01
  0.60272348E+01 -0.41525883E-02  0.41368127E-02  0.18546284E-01
  0.60279268E+01 -0.41769062E-02  0.41611307E-02  0.18475858E-01
  0.60286188E+01 -0.42011708E-02  0.41853958E-02  0.18405728E-01
  0.60293108E+01 -0.42253827E-02  0.42096083E-02  0.18335894E-01
  0.60300028E+01 -0.42495421E-02  0.42337687E-02  0.18266357E-01
  0.60306948E+01 -0.42736495E-02  0.42578773E-02  0.18197118E-01
  0.60313868E+01 -0.42977055E-02  0.42819347E-02  0.18128179E-01
  0.60320788E+01 -0.43217103E-02  0.43059413E-02  0.18059538E-01
  0.60327709E+01 -0.43456645E-02  0.43298974E-02  0.17991199E-01
  0.60334629E+01 -0.43695686E-02  0.43538037E-02  0.17923160E-01
  0.60341549E+01 -0.43934229E-02  0.43776605E-02  0.17855423E-01
  0.60348469E+01 -0.44172281E-02  0.44014683E-02  0.17787989E-01
  0.60355389E+01 -0.44409845E-02  0.44252275E-02  0.17720859E-01
  0.60362309E+01 -0.44646927E-02  0.44489388E-02  0.17654033E-01
  0.60369229E+01 -0.44883531E-02  0.44726025E-02  0.17587511E-01
  0.60376149E+01 -0.45119664E-02  0.44962192E-02  0.17521295E-01
  0.60383069E+01 -0.45355329E-02  0.45197894E-02  0.17455386E-01
  0.60389989E+01 -0.45590533E-02  0.45433135E-02  0.17389784E-01
  0.60396909E+01 -0.45825281E-02  0.45667922E-02  0.17324489E-01
  0.60403830E+01 -0.46059577E-02  0.45902260E-02  0.17259503E-01
  0.60410750E+01 -0.46293429E-02  0.46136154E-02  0.17194826E-01
  0.60417670E+01 -0.46526841E-02  0.46369609E-02  0.17130460E-01
  0.60424590E+01 -0.46759818E-02  0.46602632E-02  0.17066404E-01
  0.60431510E+01 -0.46992368E-02  0.46835228E-02  0.17002659E-01
  0.60438430E+01 -0.47224495E-02  0.47067402E-02  0.16939226E-01
  0.60445350E+01 -0.47456206E-02  0.47299161E-02  0.16876106E-01
  0.60452270E+01 -0.47687507E-02  0.47530511E-02  0.16813299E-01
  0.60459190E+01 -0.47918403E-02  0.47761457E-02  0.16750807E-01
  0.60466110E+01 -0.48148902E-02  0.47992005E-02  0.16688629E-01
  0.60473030E+01 -0.48379009E-02  0.48222163E-02  0.16626766E-01
  0.60479951E+01 -0.48608731E-02  0.48451935E-02  0.16565220E-01
  0.60486871E+01 -0.48838074E-02  0.48681330E-02  0.16503990E-01
  0.60493791E+01 -0.49067045E-02  0.48910352E-02  0.16443078E-01
  0.60500711E+01 -0.49295651E-02  0.49139009E-02  0.16382484E-01
  0.60507631E+01 -0.49523898E-02  0.49367307E-02  0.16322208E-01
  0.60514551E+01 -0.49751793E-02  0.49595253E-02  0.16262252E-01
  0.60521471E+01 -0.49979343E-02  0.49822854E-02  0.16202616E-01
  0.60528391E+01 -0.50206556E-02  0.50050116E-02  0.16143301E-01
  0.60535311E+01 -0.50433438E-02  0.50277047E-02  0.16084307E-01
  0.60542231E+01 -0.50659996E-02  0.50503654E-02  0.16025635E-01
  0.60549151E+01 -0.50886238E-02  0.50729945E-02  0.15967285E-01
  0.60556072E+01 -0.51112172E-02  0.50955925E-02  0.15909259E-01
  0.60562992E+01 -0.51337804E-02  0.51181603E-02  0.15851557E-01
  0.60569912E+01 -0.51563142E-02  0.51406986E-02  0.15794179E-01
  0.60576832E+01 -0.51788195E-02  0.51632082E-02  0.15737127E-01
  0.60583752E+01 -0.52012970E-02  0.51856899E-02  0.15680401E-01
  0.60590672E+01 -0.52237474E-02  0.52081443E-02  0.15624001E-01
  0.60597592E+01 -0.52461716E-02  0.52305724E-02  0.15567928E-01
  0.60604512E+01 -0.52685704E-02  0.52529749E-02  0.15512184E-01
  0.60611432E+01 -0.52909446E-02  0.52753525E-02  0.15456768E-01
  0.60618352E+01 -0.53132951E-02  0.52977063E-02  0.15401681E-01
  0.60625272E+01 -0.53356226E-02  0.53200368E-02  0.15346924E-01
  0.60632193E+01 -0.53579280E-02  0.53423451E-02  0.15292497E-01
  0.60639113E+01 -0.53802122E-02  0.53646318E-02  0.15238402E-01
  0.60646033E+01 -0.54024761E-02  0.53868980E-02  0.15184638E-01
  0.60652953E+01 -0.54247205E-02  0.54091444E-02  0.15131207E-01
  0.60659873E+01 -0.54469464E-02  0.54313720E-02  0.15078109E-01
  0.60666793E+01 -0.54691545E-02  0.54535816E-02  0.15025345E-01
  0.60673713E+01 -0.54913459E-02  0.54757741E-02  0.14972916E-01
  0.60680633E+01 -0.55135215E-02  0.54979505E-02  0.14920822E-01
  0.60687553E+01 -0.55356821E-02  0.55201116E-02  0.14869064E-01
  0.60694473E+01 -0.55578288E-02  0.55422584E-02  0.14817643E-01
  0.60701393E+01 -0.55799625E-02  0.55643918E-02  0.14766559E-01
  0.60708314E+01 -0.56020841E-02  0.55865128E-02  0.14715813E-01
  0.60715234E+01 -0.56241947E-02  0.56086224E-02  0.14665406E-01
  0.60722154E+01 -0.56462952E-02  0.56307214E-02  0.14615339E-01
  0.60729074E+01 -0.56683866E-02  0.56528110E-02  0.14565612E-01
  0.60735994E+01 -0.56904699E-02  0.56748921E-02  0.14516225E-01
  0.60742914E+01 -0.57125462E-02  0.56969657E-02  0.14467181E-01
  0.60749834E+01 -0.57346165E-02  0.57190329E-02  0.14418479E-01
  0.60756754E+01 -0.57566818E-02  0.57410946E-02  0.14370121E-01
  0.60763674E+01 -0.57787432E-02  0.57631520E-02  0.14322107E-01
  0.60770594E+01 -0.58008017E-02  0.57852060E-02  0.14274437E-01
  0.60777514E+01 -0.58228585E-02  0.58072578E-02  0.14227113E-01
  0.60784435E+01 -0.58449147E-02  0.58293084E-02  0.14180136E-01
  0.60791355E+01 -0.58669712E-02  0.58513589E-02  0.14133506E-01
  0.60798275E+01 -0.58890294E-02  0.58734105E-02  0.14087224E-01
  0.60805195E+01 -0.59110902E-02  0.58954642E-02  0.14041291E-01
  0.60812115E+01 -0.59331548E-02  0.59175212E-02  0.13995707E-01
  0.60819035E+01 -0.59552244E-02  0.59395827E-02  0.13950475E-01
  0.60825955E+01 -0.59773002E-02  0.59616497E-02  0.13905594E-01
  0.60832875E+01 -0.59993833E-02  0.59837235E-02  0.13861065E-01
  0.60839795E+01 -0.60214750E-02  0.60058052E-02  0.13816889E-01
  0.60846715E+01 -0.60435763E-02  0.60278961E-02  0.13773068E-01
  0.60853635E+01 -0.60656887E-02  0.60499973E-02  0.13729602E-01
  0.60860556E+01 -0.60878132E-02  0.60721101E-02  0.13686491E-01
  0.60867476E+01 -0.61099511E-02  0.60942357E-02  0.13643738E-01
  0.60874396E+01 -0.61321038E-02  0.61163754E-02  0.13601343E-01
  0.60881316E+01 -0.61542724E-02  0.61385304E-02  0.13559306E-01
  0.60888236E+01 -0.61764583E-02  0.61607020E-02  0.13517630E-01
  0.60895156E+01 -0.61986628E-02  0.61828916E-02  0.13476314E-01
  0.60902076E+01 -0.62208871E-02  0.62051004E-02  0.13435360E-01
  0.60908996E+01 -0.62431327E-02  0.62273297E-02  0.13394769E-01
  0.60915916E+01 -0.62654008E-02  0.62495809E-02  0.13354542E-01
  0.60922836E+01 -0.62876929E-02  0.62718554E-02  0.13314680E-01
  0.60929756E+01 -0.63100103E-02  0.62941545E-02  0.13275185E-01
  0.60936677E+01 -0.63323544E-02  0.63164796E-02  0.13236056E-01
  0.60943597E+01 -0.63547266E-02  0.63388321E-02  0.13197296E-01
  0.60950517E+01 -0.63771283E-02  0.63612134E-02  0.13158906E-01
  0.60957437E+01 -0.63995610E-02  0.63836250E-02  0.13120886E-01
  0.60964357E+01 -0.64220261E-02  0.64060682E-02  0.13083237E-01
  0.60971277E+01 -0.64445251E-02  0.64285447E-02  0.13045962E-01
  0.60978197E+01 -0.64670595E-02  0.64510558E-02  0.13009061E-01
  0.60985117E+01 -0.64896308E-02  0.64736031E-02  0.12972536E-01
  0.60992037E+01 -0.65122406E-02  0.64961881E-02  0.12936387E-01
  0.60998957E+01 -0.65348902E-02  0.65188122E-02  0.12900616E-01
  0.61005877E+01 -0.65575814E-02  0.65414771E-02  0.12865224E-01
  0.61012798E+01 -0.65803157E-02  0.65641844E-02  0.12830213E-01
  0.61019718E+01 -0.66030946E-02  0.65869355E-02  0.12795584E-01
  0.61026638E+01 -0.66259198E-02  0.66097322E-02  0.12761338E-01
  0.61033558E+01 -0.66487929E-02  0.66325761E-02  0.12727477E-01
  0.61040478E+01 -0.66717156E-02  0.66554687E-02  0.12694001E-01
  0.61047398E+01 -0.66946895E-02  0.66784117E-02  0.12660913E-01
  0.61054318E+01 -0.67177162E-02  0.67014069E-02  0.12628214E-01
  0.61061238E+01 -0.67407976E-02  0.67244559E-02  0.12595906E-01
  0.61068158E+01 -0.67639353E-02  0.67475605E-02  0.12563989E-01
  0.61075078E+01 -0.67871310E-02  0.67707223E-02  0.12532465E-01
  0.61081998E+01 -0.68103865E-02  0.67939432E-02  0.12501337E-01
  0.61088919E+01 -0.68337036E-02  0.68172248E-02  0.12470605E-01
  0.61095839E+01 -0.68570842E-02  0.68405691E-02  0.12440271E-01
  0.61102759E+01 -0.68805299E-02  0.68639779E-02  0.12410336E-01
  0.61109679E+01 -0.69040427E-02  0.68874529E-02  0.12380803E-01
  0.61116599E+01 -0.69276243E-02  0.69109960E-02  0.12351673E-01
  0.61123519E+01 -0.69512768E-02  0.69346091E-02  0.12322947E-01
  0.61130439E+01 -0.69750020E-02  0.69582942E-02  0.12294628E-01
  0.61137359E+01 -0.69988017E-02  0.69820531E-02  0.12266716E-01
  0.61144279E+01 -0.70226781E-02  0.70058878E-02  0.12239215E-01
  0.61151199E+01 -0.70466330E-02  0.70298003E-02  0.12212125E-01
  0.61158119E+01 -0.70706684E-02  0.70537925E-02  0.12185449E-01
  0.61165040E+01 -0.70947863E-02  0.70778665E-02  0.12159188E-01
  0.61171960E+01 -0.71189888E-02  0.71020243E-02  0.12133344E-01
  0.61178880E+01 -0.71432780E-02  0.71262680E-02  0.12107919E-01
  0.61185800E+01 -0.71676559E-02  0.71505997E-02  0.12082916E-01
  0.61192720E+01 -0.71921246E-02  0.71750214E-02  0.12058335E-01
  0.61199640E+01 -0.72166863E-02  0.71995354E-02  0.12034179E-01
  0.61206560E+01 -0.72413432E-02  0.72241437E-02  0.12010450E-01
  0.61213480E+01 -0.72660973E-02  0.72488486E-02  0.11987150E-01
  0.61220400E+01 -0.72909510E-02  0.72736523E-02  0.11964282E-01
  0.61227320E+01 -0.73159064E-02  0.72985569E-02  0.11941846E-01
  0.61234240E+01 -0.73409658E-02  0.73235649E-02  0.11919846E-01
  0.61241161E+01 -0.73661315E-02  0.73486785E-02  0.11898283E-01
  0.61248081E+01 -0.73914059E-02  0.73738999E-02  0.11877160E-01
  0.61255001E+01 -0.74167912E-02  0.73992316E-02  0.11856479E-01
  0.61261921E+01 -0.74422898E-02  0.74246758E-02  0.11836242E-01
  0.61268841E+01 -0.74679042E-02  0.74502351E-02  0.11816452E-01
  0.61275761E+01 -0.74936367E-02  0.74759118E-02  0.11797111E-01
  0.61282681E+01 -0.75194897E-02  0.75017084E-02  0.11778220E-01
  0.61289601E+01 -0.75454659E-02  0.75276274E-02  0.11759783E-01
  0.61296521E+01 -0.75715677E-02  0.75536713E-02  0.11741802E-01
  0.61303441E+01 -0.75977975E-02  0.75798426E-02  0.11724280E-01
  0.61310361E+01 -0.76241581E-02  0.76061440E-02  0.11707218E-01
  0.61317282E+01 -0.76506520E-02  0.76325779E-02  0.11690620E-01
  0.61324202E+01 -0.76772818E-02  0.76591471E-02  0.11674488E-01
  0.61331122E+01 -0.77040501E-02  0.76858543E-02  0.11658824E-01
  0.61338042E+01 -0.77309598E-02  0.77127020E-02  0.11643631E-01
  0.61344962E+01 -0.77580134E-02  0.77396931E-02  0.11628912E-01
  0.61351882E+01 -0.77852138E-02  0.77668303E-02  0.11614670E-01
  0.61358802E+01 -0.78125638E-02  0.77941165E-02  0.11600907E-01
  0.61365722E+01 -0.78400661E-02  0.78215543E-02  0.11587626E-01
  0.61372642E+01 -0.78677237E-02  0.78491468E-02  0.11574829E-01
  0.61379562E+01 -0.78955393E-02  0.78768968E-02  0.11562520E-01
  0.61386482E+01 -0.79235160E-02  0.79048072E-02  0.11550701E-01
  0.61393403E+01 -0.79516567E-02  0.79328809E-02  0.11539376E-01
  0.61400323E+01 -0.79799644E-02  0.79611211E-02  0.11528547E-01
  0.61407243E+01 -0.80084421E-02  0.79895307E-02  0.11518217E-01
  0.61414163E+01 -0.80370929E-02  0.80181128E-02  0.11508389E-01
  0.61421083E+01 -0.80659198E-02  0.80468705E-02  0.11499066E-01
  0.61428003E+01 -0.80949261E-02  0.80758069E-02  0.11490251E-01
  0.61434923E+01 -0.81241149E-02  0.81049252E-02  0.11481948E-01
  0.61441843E+01 -0.81534893E-02  0.81342287E-02  0.11474159E-01
  0.61448763E+01 -0.81830527E-02  0.81637206E-02  0.11466888E-01
  0.61455683E+01 -0.82128084E-02  0.81934042E-02  0.11460138E-01
  0.61462603E+01 -0.82427596E-02  0.82232829E-02  0.11453912E-01
  0.61469524E+01 -0.82729097E-02  0.82533599E-02  0.11448213E-01
  0.61476444E+01 -0.83032622E-02  0.82836387E-02  0.11443045E-01
  0.61483364E+01 -0.83338205E-02  0.83141228E-02  0.11438411E-01
  0.61490284E+01 -0.83645881E-02  0.83448157E-02  0.11434314E-01
  0.61497204E+01 -0.83955684E-02  0.83757208E-02  0.11430758E-01
  0.61504124E+01 -0.84267652E-02  0.84068419E-02  0.11427747E-01
  0.61511044E+01 -0.84581819E-02  0.84381824E-02  0.11425283E-01
  0.61517964E+01 -0.84898222E-02  0.84697461E-02  0.11423371E-01
  0.61524884E+01 -0.85216899E-02  0.85015366E-02  0.11422013E-01
  0.61531804E+01 -0.85537887E-02  0.85335578E-02  0.11421215E-01
  0.61538724E+01 -0.85861224E-02  0.85658133E-02  0.11420978E-01
  0.61545645E+01 -0.86186947E-02  0.85983071E-02  0.11421308E-01
  0.61552565E+01 -0.86515097E-02  0.86310430E-02  0.11422207E-01
  0.61559485E+01 -0.86845711E-02  0.86640249E-02  0.11423680E-01
  0.61566405E+01 -0.87178830E-02  0.86972569E-02  0.11425730E-01
  0.61573325E+01 -0.87514493E-02  0.87307428E-02  0.11428361E-01
  0.61580245E+01 -0.87852742E-02  0.87644869E-02  0.11431577E-01
  0.61587165E+01 -0.88193618E-02  0.87984932E-02  0.11435383E-01
  0.61594085E+01 -0.88537162E-02  0.88327658E-02  0.11439781E-01
  0.61601005E+01 -0.88883415E-02  0.88673091E-02  0.11444776E-01
  0.61607925E+01 -0.89232422E-02  0.89021271E-02  0.11450372E-01
  0.61614845E+01 -0.89584224E-02  0.89372243E-02  0.11456573E-01
  0.61621765E+01 -0.89938865E-02  0.89726051E-02  0.11463384E-01
  0.61628686E+01 -0.90296389E-02  0.90082737E-02  0.11470808E-01
  0.61635606E+01 -0.90656842E-02  0.90442347E-02  0.11478850E-01
  0.61642526E+01 -0.91020267E-02  0.90804926E-02  0.11487514E-01
  0.61649446E+01 -0.91386711E-02  0.91170519E-02  0.11496804E-01
  0.61656366E+01 -0.91756219E-02  0.91539173E-02  0.11506724E-01
  0.61663286E+01 -0.92128839E-02  0.91910934E-02  0.11517280E-01
  0.61670206E+01 -0.92504617E-02  0.92285849E-02  0.11528475E-01
  0.61677126E+01 -0.92883601E-02  0.92663967E-02  0.11540314E-01
  0.61684046E+01 -0.93265840E-02  0.93045335E-02  0.11552802E-01
  0.61690966E+01 -0.93651382E-02  0.93430002E-02  0.11565942E-01
  0.61697886E+01 -0.94040277E-02  0.93818018E-02  0.11579740E-01
  0.61704807E+01 -0.94432574E-02  0.94209433E-02  0.11594201E-01
  0.61711727E+01 -0.94828325E-02  0.94604297E-02  0.11609328E-01
  0.61718647E+01 -0.95227579E-02  0.95002661E-02  0.11625128E-01
  0.61725567E+01 -0.95630390E-02  0.95404577E-02  0.11641603E-01
  0.61732487E+01 -0.96036809E-02  0.95810097E-02  0.11658760E-01
  0.61739407E+01 -0.96446889E-02  0.96219274E-02  0.11676604E-01
  0.61746327E+01 -0.96860683E-02  0.96632162E-02  0.11695138E-01
  0.61753247E+01 -0.97278245E-02  0.97048814E-02  0.11714369E-01
  0.61760167E+01 -0.97699631E-02  0.97469284E-02  0.11734301E-01
  0.61767087E+01 -0.98124895E-02  0.97893629E-02  0.11754939E-01
  0.61774007E+01 -0.98554093E-02  0.98321904E-02  0.11776289E-01
  0.61780928E+01 -0.98987282E-02  0.98754166E-02  0.11798355E-01
  0.61787848E+01 -0.99424518E-02  0.99190471E-02  0.11821142E-01
  0.61794768E+01 -0.99865860E-02  0.99630877E-02  0.11844657E-01
  0.61801688E+01 -0.10031137E-01  0.10007544E-01  0.11868904E-01
  0.61808608E+01 -0.10076109E-01  0.10052423E-01  0.11893889E-01
  0.61815528E+01 -0.10121510E-01  0.10097729E-01  0.11919617E-01
  0.61822448E+01 -0.10167346E-01  0.10143469E-01  0.11946093E-01
  0.61829368E+01 -0.10213621E-01  0.10189649E-01  0.11973323E-01
  0.61836288E+01 -0.10260343E-01  0.10236274E-01  0.12001313E-01
  0.61843208E+01 -0.10307518E-01  0.10283353E-01  0.12030068E-01
  0.61850128E+01 -0.10355152E-01  0.10330889E-01  0.12059593E-01
  0.61857049E+01 -0.10403251E-01  0.10378891E-01  0.12089895E-01
  0.61863969E+01 -0.10451822E-01  0.10427364E-01  0.12120980E-01
  0.61870889E+01 -0.10500871E-01  0.10476314E-01  0.12152852E-01
  0.61877809E+01 -0.10550405E-01  0.10525749E-01  0.12185519E-01
  0.61884729E+01 -0.10600430E-01  0.10575675E-01  0.12218985E-01
  0.61891649E+01 -0.10650954E-01  0.10626098E-01  0.12253257E-01
  0.61898569E+01 -0.10701982E-01  0.10677026E-01  0.12288341E-01
  0.61905489E+01 -0.10753522E-01  0.10728464E-01  0.12324243E-01
  0.61912409E+01 -0.10805580E-01  0.10780421E-01  0.12360968E-01
  0.61919329E+01 -0.10858164E-01  0.10832903E-01  0.12398524E-01
  0.61926249E+01 -0.10911280E-01  0.10885916E-01  0.12436916E-01
  0.61933170E+01 -0.52076923E-02  0.52094680E-02  0.23360850E-01
  0.61940090E+01 -0.51886610E-02  0.51904438E-02  0.23194132E-01
  0.61947010E+01 -0.51695841E-02  0.51713737E-02  0.23028687E-01
  0.61953930E+01 -0.51504617E-02  0.51522579E-02  0.22864500E-01
  0.61960850E+01 -0.51312942E-02  0.51330968E-02  0.22701557E-01
  0.61967770E+01 -0.51120819E-02  0.51138906E-02  0.22539843E-01
  0.61974690E+01 -0.50928250E-02  0.50946397E-02  0.22379343E-01
  0.61981610E+01 -0.50735238E-02  0.50753443E-02  0.22220043E-01
  0.61988530E+01 -0.50541786E-02  0.50560047E-02  0.22061929E-01
  0.61995450E+01 -0.50347897E-02  0.50366212E-02  0.21904987E-01
  0.62002370E+01 -0.50153573E-02  0.50171940E-02  0.21749204E-01
  0.62009291E+01 -0.49958817E-02  0.49977234E-02  0.21594565E-01
  0.62016211E+01 -0.49763631E-02  0.49782097E-02  0.21441058E-01
  0.62023131E+01 -0.49568019E-02  0.49586531E-02  0.21288668E-01
  0.62030051E+01 -0.49371982E-02  0.49390539E-02  0.21137383E-01
  0.62036971E+01 -0.49175523E-02  0.49194124E-02  0.20987190E-01
  0.62043891E+01 -0.48978645E-02  0.48997287E-02  0.20838075E-01
  0.62050811E+01 -0.48781350E-02  0.48800032E-02  0.20690026E-01
  0.62057731E+01 -0.48583640E-02  0.48602361E-02  0.20543030E-01
  0.62064651E+01 -0.48385518E-02  0.48404276E-02  0.20397074E-01
  0.62071571E+01 -0.48186986E-02  0.48205779E-02  0.20252146E-01
  0.62078491E+01 -0.47988047E-02  0.48006874E-02  0.20108235E-01
  0.62085412E+01 -0.47788702E-02  0.47807561E-02  0.19965326E-01
  0.62092332E+01 -0.47588954E-02  0.47607844E-02  0.19823409E-01
  0.62099252E+01 -0.47388806E-02  0.47407725E-02  0.19682472E-01
  0.62106172E+01 -0.47188258E-02  0.47207205E-02  0.19542502E-01
  0.62113092E+01 -0.46987314E-02  0.47006287E-02  0.19403488E-01
  0.62120012E+01 -0.46785975E-02  0.46804973E-02  0.19265417E-01
  0.62126932E+01 -0.46584243E-02  0.46603265E-02  0.19128279E-01
  0.62133852E+01 -0.46382121E-02  0.46401165E-02  0.18992063E-01
  0.62140772E+01 -0.46179611E-02  0.46198674E-02  0.18856756E-01
  0.62147692E+01 -0.45976713E-02  0.45995796E-02  0.18722347E-01
  0.62154612E+01 -0.45773430E-02  0.45792531E-02  0.18588825E-01
  0.62161533E+01 -0.45569765E-02  0.45588882E-02  0.18456180E-01
  0.62168453E+01 -0.45365718E-02  0.45384850E-02  0.18324400E-01
  0.62175373E+01 -0.45161291E-02  0.45180436E-02  0.18193473E-01
  0.62182293E+01 -0.44956486E-02  0.44975644E-02  0.18063391E-01
  0.62189213E+01 -0.44751306E-02  0.44770473E-02  0.17934141E-01
  0.62196133E+01 -0.44545750E-02  0.44564927E-02  0.17805713E-01
  0.62203053E+01 -0.44339821E-02  0.44359006E-02  0.17678097E-01
  0.62209973E+01 -0.44133521E-02  0.44152712E-02  0.17551281E-01
  0.62216893E+01 -0.43926850E-02  0.43946046E-02  0.17425257E-01
  0.62223813E+01 -0.43719811E-02  0.43739010E-02  0.17300012E-01
  0.62230733E+01 -0.43512404E-02  0.43531605E-02  0.17175538E-01
  0.62237654E+01 -0.43304632E-02  0.43323833E-02  0.17051824E-01
  0.62244574E+01 -0.43096495E-02  0.43115694E-02  0.16928860E-01
  0.62251494E+01 -0.42887994E-02  0.42907191E-02  0.16806635E-01
  0.62258414E+01 -0.42679131E-02  0.42698323E-02  0.16685141E-01
  0.62265334E+01 -0.42469907E-02  0.42489093E-02  0.16564367E-01
  0.62272254E+01 -0.42260323E-02  0.42279502E-02  0.16444303E-01
  0.62279174E+01 -0.42050380E-02  0.42069550E-02  0.16324940E-01
  0.62286094E+01 -0.41840079E-02  0.41859239E-02  0.16206268E-01
  0.62293014E+01 -0.41629422E-02  0.41648569E-02  0.16088277E-01
  0.62299934E+01 -0.41418408E-02  0.41437542E-02  0.15970959E-01
  0.62306854E+01 -0.41207040E-02  0.41226158E-02  0.15854303E-01
  0.62313775E+01 -0.40995317E-02  0.41014418E-02  0.15738301E-01
  0.62320695E+01 -0.40783242E-02  0.40802324E-02  0.15622942E-01
  0.62327615E+01 -0.40570813E-02  0.40589875E-02  0.15508219E-01
  0.62334535E+01 -0.40358033E-02  0.40377072E-02  0.15394121E-01
  0.62341455E+01 -0.40144902E-02  0.40163917E-02  0.15280639E-01
  0.62348375E+01 -0.39931421E-02  0.39950410E-02  0.15167766E-01
  0.62355295E+01 -0.39717590E-02  0.39736551E-02  0.15055491E-01
  0.62362215E+01 -0.39503409E-02  0.39522341E-02  0.14943805E-01
  0.62369135E+01 -0.39288880E-02  0.39307781E-02  0.14832701E-01
  0.62376055E+01 -0.39074003E-02  0.39092871E-02  0.14722169E-01
  0.62382975E+01 -0.38858778E-02  0.38877611E-02  0.14612201E-01
  0.62389896E+01 -0.38643206E-02  0.38662003E-02  0.14502787E-01
  0.62396816E+01 -0.38427288E-02  0.38446045E-02  0.14393920E-01
  0.62403736E+01 -0.38211022E-02  0.38229740E-02  0.14285590E-01
  0.62410656E+01 -0.37994411E-02  0.38013086E-02  0.14177791E-01
  0.62417576E+01 -0.37777454E-02  0.37796084E-02  0.14070512E-01
  0.62424496E+01 -0.37560151E-02  0.37578735E-02  0.13963746E-01
  0.62431416E+01 -0.37342503E-02  0.37361039E-02  0.13857485E-01
  0.62438336E+01 -0.37124510E-02  0.37142995E-02  0.13751720E-01
  0.62445256E+01 -0.36906172E-02  0.36924605E-02  0.13646443E-01
  0.62452176E+01 -0.36687490E-02  0.36705868E-02  0.13541646E-01
  0.62459096E+01 -0.36468462E-02  0.36486784E-02  0.13437322E-01
  0.62466017E+01 -0.36249090E-02  0.36267353E-02  0.13333462E-01
  0.62472937E+01 -0.36029373E-02  0.36047576E-02  0.13230059E-01
  0.62479857E+01 -0.35809312E-02  0.35827452E-02  0.13127104E-01
  0.62486777E+01 -0.35588907E-02  0.35606982E-02  0.13024590E-01
  0.62493697E+01 -0.35368157E-02  0.35386165E-02  0.12922509E-01
  0.62500617E+01 -0.35147062E-02  0.35165001E-02  0.12820854E-01
  0.62507537E+01 -0.34925623E-02  0.34943491E-02  0.12719617E-01
  0.62514457E+01 -0.34703839E-02  0.34721633E-02  0.12618791E-01
  0.62521377E+01 -0.34481710E-02  0.34499429E-02  0.12518368E-01
  0.62528297E+01 -0.34259236E-02  0.34276878E-02  0.12418341E-01
  0.62535217E+01 -0.34036418E-02  0.34053980E-02  0.12318702E-01
  0.62542138E+01 -0.33813254E-02  0.33830734E-02  0.12219444E-01
  0.62549058E+01 -0.33589745E-02  0.33607141E-02  0.12120561E-01
  0.62555978E+01 -0.33365890E-02  0.33383200E-02  0.12022044E-01
  0.62562898E+01 -0.33141690E-02  0.33158911E-02  0.11923887E-01
  0.62569818E+01 -0.32917144E-02  0.32934275E-02  0.11826084E-01
  0.62576738E+01 -0.32692252E-02  0.32709290E-02  0.11728626E-01
  0.62583658E+01 -0.32467013E-02  0.32483956E-02  0.11631508E-01
  0.62590578E+01 -0.32241429E-02  0.32258274E-02  0.11534722E-01
  0.62597498E+01 -0.32015497E-02  0.32032243E-02  0.11438262E-01
  0.62604418E+01 -0.31789219E-02  0.31805863E-02  0.11342120E-01
  0.62611338E+01 -0.31562593E-02  0.31579134E-02  0.11246291E-01
  0.62618259E+01 -0.31335620E-02  0.31352055E-02  0.11150768E-01
  0.62625179E+01 -0.31108299E-02  0.31124626E-02  0.11055545E-01
  0.62632099E+01 -0.30880631E-02  0.30896847E-02  0.10960614E-01
  0.62639019E+01 -0.30652615E-02  0.30668719E-02  0.10865971E-01
  0.62645939E+01 -0.30424250E-02  0.30440240E-02  0.10771607E-01
  0.62652859E+01 -0.30195538E-02  0.30211410E-02  0.10677518E-01
  0.62659779E+01 -0.29966476E-02  0.29982230E-02  0.10583697E-01
  0.62666699E+01 -0.29737066E-02  0.29752699E-02  0.10490138E-01
  0.62673619E+01 -0.29507307E-02  0.29522816E-02  0.10396835E-01
  0.62680539E+01 -0.29277199E-02  0.29292583E-02  0.10303783E-01
  0.62687459E+01 -0.29046741E-02  0.29061998E-02  0.10210974E-01
  0.62694380E+01 -0.28815934E-02  0.28831062E-02  0.10118404E-01
  0.62701300E+01 -0.28584778E-02  0.28599775E-02  0.10026067E-01
  0.62708220E+01 -0.28353272E-02  0.28368135E-02  0.99339566E-02
  0.62715140E+01 -0.28121417E-02  0.28136145E-02  0.98420679E-02
  0.62722060E+01 -0.27889212E-02  0.27903802E-02  0.97503951E-02
  0.62728980E+01 -0.27656658E-02  0.27671108E-02  0.96589329E-02
  0.62735900E+01 -0.27423753E-02  0.27438063E-02  0.95676759E-02
  0.62742820E+01 -0.27190500E-02  0.27204666E-02  0.94766186E-02
  0.62749740E+01 -0.26956896E-02  0.26970917E-02  0.93857560E-02
  0.62756660E+01 -0.26722943E-02  0.26736818E-02  0.92950828E-02
  0.62763580E+01 -0.26488641E-02  0.26502367E-02  0.92045940E-02
  0.62770501E+01 -0.26253990E-02  0.26267565E-02  0.91142844E-02
  0.62777421E+01 -0.26018990E-02  0.26032412E-02  0.90241492E-02
  0.62784341E+01 -0.25783641E-02  0.25796909E-02  0.89341835E-02
  0.62791261E+01 -0.25547944E-02  0.25561056E-02  0.88443824E-02
  0.62798181E+01 -0.25311899E-02  0.25324853E-02  0.87547411E-02
  0.62805101E+01 -0.25075505E-02  0.25088300E-02  0.86652551E-02
  0.62812021E+01 -0.24838765E-02  0.24851399E-02  0.85759197E-02
  0.62818941E+01 -0.24601677E-02  0.24614149E-02  0.84867304E-02
  0.62825861E+01 -0.24364243E-02  0.24376551E-02  0.83976827E-02
  0.62832781E+01 -0.24126463E-02  0.24138605E-02  0.83087723E-02
  0.62839701E+01 -0.23888338E-02  0.23900313E-02  0.82199947E-02
  0.62846622E+01 -0.23649868E-02  0.23661674E-02  0.81313459E-02
  0.62853542E+01 -0.23411054E-02  0.23422690E-02  0.80428215E-02
  0.62860462E+01 -0.23171896E-02  0.23183361E-02  0.79544175E-02
  0.62867382E+01 -0.22932396E-02  0.22943688E-02  0.78661299E-02
  0.62874302E+01 -0.22692554E-02  0.22703672E-02  0.77779547E-02
  0.62881222E+01 -0.22452371E-02  0.22463313E-02  0.76898881E-02
  0.62888142E+01 -0.22211848E-02  0.22222614E-02  0.76019261E-02
  0.62895062E+01 -0.21970987E-02  0.21981575E-02  0.75140651E-02
  0.62901982E+01 -0.21729787E-02  0.21740196E-02  0.74263014E-02
  0.62908902E+01 -0.21488251E-02  0.21498480E-02  0.73386315E-02
  0.62915822E+01 -0.21246379E-02  0.21256426E-02  0.72510517E-02
  0.62922743E+01 -0.21004172E-02  0.21014038E-02  0.71635586E-02
  0.62929663E+01 -0.20761633E-02  0.20771315E-02  0.70761488E-02
  0.62936583E+01 -0.20518762E-02  0.20528260E-02  0.69888191E-02
  0.62943503E+01 -0.20275560E-02  0.20284874E-02  0.69015662E-02
  0.62950423E+01 -0.20032030E-02  0.20041157E-02  0.68143868E-02
  0.62957343E+01 -0.19788172E-02  0.19797113E-02  0.67272780E-02
  0.62964263E+01 -0.19543989E-02  0.19552743E-02  0.66402367E-02
  0.62971183E+01 -0.19299481E-02  0.19308047E-02  0.65532599E-02
  0.62978103E+01 -0.19054652E-02  0.19063029E-02  0.64663447E-02
  0.62985023E+01 -0.18809502E-02  0.18817690E-02  0.63794884E-02
  0.62991943E+01 -0.18564034E-02  0.18572032E-02  0.62926881E-02
  0.62998864E+01 -0.18318249E-02  0.18326057E-02  0.62059412E-02
  0.63005784E+01 -0.18072149E-02  0.18079766E-02  0.61192451E-02
  0.63012704E+01 -0.17825738E-02  0.17833163E-02  0.60325972E-02
  0.63019624E+01 -0.17579016E-02  0.17586250E-02  0.59459950E-02
  0.63026544E+01 -0.17331985E-02  0.17339027E-02  0.58594363E-02
  0.63033464E+01 -0.17084650E-02  0.17091499E-02  0.57729185E-02
  0.63040384E+01 -0.16837011E-02  0.16843668E-02  0.56864395E-02
  0.63047304E+01 -0.16589071E-02  0.16595535E-02  0.55999969E-02
  0.63054224E+01 -0.16340833E-02  0.16347104E-02  0.55135888E-02
  0.63061144E+01 -0.16092299E-02  0.16098378E-02  0.54272130E-02
  0.63068064E+01 -0.15843472E-02  0.15849358E-02  0.53408675E-02
  0.63074985E+01 -0.15594355E-02  0.15600048E-02  0.52545504E-02
  0.63081905E+01 -0.15344951E-02  0.15350450E-02  0.51682598E-02
  0.63088825E+01 -0.15095262E-02  0.15100569E-02  0.50819938E-02
  0.63095745E+01 -0.14845292E-02  0.14850405E-02  0.49957507E-02
  0.63102665E+01 -0.14595043E-02  0.14599964E-02  0.49095288E-02
  0.63109585E+01 -0.14344518E-02  0.14349247E-02  0.48233266E-02
  0.63116505E+01 -0.14093722E-02  0.14098258E-02  0.47371423E-02
  0.63123425E+01 -0.13842657E-02  0.13847001E-02  0.46509745E-02
  0.63130345E+01 -0.13591326E-02  0.13595479E-02  0.45648218E-02
  0.63137265E+01 -0.13339733E-02  0.13343694E-02  0.44786828E-02
  0.63144185E+01 -0.13087881E-02  0.13091652E-02  0.43925561E-02
  0.63151106E+01 -0.12835774E-02  0.12839355E-02  0.43064404E-02
  0.63158026E+01 -0.12583416E-02  0.12586807E-02  0.42203346E-02
  0.63164946E+01 -0.12330810E-02  0.12334012E-02  0.41342375E-02
  0.63171866E+01 -0.12077960E-02  0.12080973E-02  0.40481479E-02
  0.63178786E+01 -0.11824870E-02  0.11827695E-02  0.39620648E-02
  0.63185706E+01 -0.11571543E-02  0.11574181E-02  0.38759873E-02
  0.63192626E+01 -0.11317985E-02  0.11320436E-02  0.37899143E-02
  0.63199546E+01 -0.11064198E-02  0.11066463E-02  0.37038451E-02
  0.63206466E+01 -0.10810187E-02  0.10812267E-02  0.36177786E-02
  0.63213386E+01 -0.10555956E-02  0.10557851E-02  0.35317142E-02
  0.63220306E+01 -0.10301509E-02  0.10303221E-02  0.34456511E-02
  0.63227227E+01 -0.10046851E-02  0.10048381E-02  0.33595885E-02
  0.63234147E+01 -0.97919864E-03  0.97933338E-03  0.32735260E-02
  0.63241067E+01 -0.95369189E-03  0.95380855E-03  0.31874628E-02
  0.63247987E+01 -0.92816533E-03  0.92826400E-03  0.31013983E-02
  0.63254907E+01 -0.90261942E-03  0.90270021E-03  0.30153322E-02
  0.63261827E+01 -0.87705462E-03  0.87711763E-03  0.29292639E-02
  0.63268747E+01 -0.85147140E-03  0.85151673E-03  0.28431929E-02
  0.63275667E+01 -0.82587023E-03  0.82589799E-03  0.27571190E-02
  0.63282587E+01 -0.80025159E-03  0.80026189E-03  0.26710417E-02
  0.63289507E+01 -0.77461597E-03  0.77460892E-03  0.25849608E-02
  0.63296427E+01 -0.74896385E-03  0.74893956E-03  0.24988759E-02
  0.63303348E+01 -0.72329573E-03  0.72325433E-03  0.24127869E-02
  0.63310268E+01 -0.69761210E-03  0.69755371E-03  0.23266936E-02
  0.63317188E+01 -0.67191349E-03  0.67183822E-03  0.22405957E-02
  0.63324108E+01 -0.64620038E-03  0.64610837E-03  0.21544933E-02
  0.63331028E+01 -0.62047331E-03  0.62036468E-03  0.20683861E-02
  0.63337948E+01 -0.59473278E-03  0.59460765E-03  0.19822741E-02
  0.63344868E+01 -0.56897932E-03  0.56883783E-03  0.18961573E-02
  0.63351788E+01 -0.54321346E-03  0.54305574E-03  0.18100357E-02
  0.63358708E+01 -0.51743572E-03  0.51726191E-03  0.17239093E-02
  0.63365628E+01 -0.49164666E-03  0.49145687E-03  0.16377782E-02
  0.63372548E+01 -0.46584679E-03  0.46564118E-03  0.15516424E-02
  0.63379469E+01 -0.44003667E-03  0.43981537E-03  0.14655020E-02
  0.63386389E+01 -0.41421685E-03  0.41397999E-03  0.13793572E-02
  0.63393309E+01 -0.38838786E-03  0.38813558E-03  0.12932081E-02
  0.63400229E+01 -0.36255027E-03  0.36228272E-03  0.12070549E-02
  0.63407149E+01 -0.33670463E-03  0.33642194E-03  0.11208977E-02
  0.63414069E+01 -0.31085150E-03  0.31055381E-03  0.10347368E-02
  0.63420989E+01 -0.28499143E-03  0.28467888E-03  0.94857243E-03
  0.63427909E+01 -0.25912500E-03  0.25879773E-03  0.86240475E-03
  0.63434829E+01 -0.23325276E-03  0.23291092E-03  0.77623404E-03
  0.63441749E+01 -0.20737528E-03  0.20701901E-03  0.69006057E-03
  0.63448669E+01 -0.18149313E-03  0.18112257E-03  0.60388460E-03
  0.63455590E+01 -0.15560689E-03  0.15522218E-03  0.51770644E-03
  0.63462510E+01 -0.12971711E-03  0.12931840E-03  0.43152636E-03
  0.63469430E+01 -0.10382439E-03  0.10341181E-03  0.34534468E-03
  0.63476350E+01 -0.77929281E-04  0.77502978E-04  0.25916170E-03
  0.63483270E+01 -0.52032370E-04  0.51592485E-04  0.17297774E-03
  0.63490190E+01 -0.26134229E-04  0.25680903E-04  0.86793107E-04
  0.63497109E+01 -0.23543587E-06 -0.23119304E-06  0.60813317E-06
  
